factor,case_id,suite,task_id,init_state_id,rollout_seed,candidate_first_actions_json__frozen_factor_ridge,candidate_first_actions_json__max_value,candidate_frozen_ranker_scores_json__frozen_factor_ridge,candidate_frozen_ranker_scores_json__max_value,candidate_values_json__frozen_factor_ridge,candidate_values_json__max_value,max_value_sample_idx__frozen_factor_ridge,max_value_sample_idx__max_value,num_samples__frozen_factor_ridge,num_samples__max_value,planning_frozen_ranker_payload_sha256__frozen_factor_ridge,planning_frozen_ranker_payload_sha256__max_value,selected_sample_idx__frozen_factor_ridge,selected_sample_idx__max_value,candidate_values_json_max_abs_diff,candidate_values_json_match,candidate_frozen_ranker_scores_json_max_abs_diff,candidate_frozen_ranker_scores_json_match,candidate_first_actions_json_max_abs_diff,candidate_first_actions_json_match,baseline_selected_argmax_value,frozen_selected_argmax_score,selectors_disagree
Environment,frozen_closed_loop__Environment,libero_object_env,7,5,5200000,"[[0.20442533493041992, -0.003125946968793869, 0.0065759941935539246, -0.007958715781569481, 0.01333540678024292, -0.009440495632588863, -1.0038533210754395], [0.16713929176330566, 0.004407428205013275, 0.006755255162715912, -0.011200379580259323, 0.00814962387084961, -0.008433216251432896, -1.0017457008361816], [0.17468400299549103, 0.0011465325951576233, 0.006951615214347839, -0.011507924646139145, 0.012338340282440186, -0.007537752389907837, -0.9994349479675293], [0.18251749873161316, 0.0006761401891708374, 0.004851892590522766, -0.010316036641597748, 0.009340435266494751, -0.0089110117405653, -1.0019334554672241], [0.18098048865795135, 0.0029756873846054077, 0.0067751482129096985, -0.01071039866656065, 0.00999113917350769, -0.010891991667449474, -1.001627802848816], [0.15413403511047363, 0.0012302398681640625, 0.006097666919231415, -0.008027748204767704, 0.0049224793910980225, -0.006501501426100731, -0.9998223185539246]]","[[0.20442533493041992, -0.003125946968793869, 0.0065759941935539246, -0.007958715781569481, 0.01333540678024292, -0.009440495632588863, -1.0038533210754395], [0.16713929176330566, 0.004407428205013275, 0.006755255162715912, -0.011200379580259323, 0.00814962387084961, -0.008433216251432896, -1.0017457008361816], [0.17468400299549103, 0.0011465325951576233, 0.006951615214347839, -0.011507924646139145, 0.012338340282440186, -0.007537752389907837, -0.9994349479675293], [0.18251749873161316, 0.0006761401891708374, 0.004851892590522766, -0.010316036641597748, 0.009340435266494751, -0.0089110117405653, -1.0019334554672241], [0.18098048865795135, 0.0029756873846054077, 0.0067751482129096985, -0.01071039866656065, 0.00999113917350769, -0.010891991667449474, -1.001627802848816], [0.15413403511047363, 0.0012302398681640625, 0.006097666919231415, -0.008027748204767704, 0.0049224793910980225, -0.006501501426100731, -0.9998223185539246]]","[0.002573612545511717, -0.001621688724691162, 0.001966854607538067, 0.0011659306086700162, 0.0013373292388157492, -0.005422038275844493]","[0.002573612545511717, -0.001621688724691162, 0.001966854607538067, 0.0011659306086700162, 0.0013373292388157492, -0.005422038275844493]","[0.3042658269405365, 0.3041991889476776, 0.306585431098938, 0.30574434995651245, 0.30579525232315063, 0.3054633140563965]","[0.3042658269405365, 0.3041991889476776, 0.306585431098938, 0.30574434995651245, 0.30579525232315063, 0.3054633140563965]",2.0,2.0,6.0,6.0,086dfebd71040c3b8512d9e9cc25151dd95fdc19d68b60a3a990f563924cfbbb,086dfebd71040c3b8512d9e9cc25151dd95fdc19d68b60a3a990f563924cfbbb,0.0,2.0,0.0,True,0.0,True,0.0,True,True,True,True
Environment,frozen_closed_loop__Environment,libero_object_env,7,5,5200097,"[[0.19332289695739746, 0.00012561678886413574, 0.005687400698661804, -0.009078003466129303, 0.01267021894454956, -0.013264885172247887, -1.0019166469573975], [0.19590362906455994, 0.0005012378096580505, 0.007462911307811737, -0.011781512759625912, 0.003961801528930664, -0.008987332694232464, -1.0015231370925903], [0.1697792410850525, -0.0012841634452342987, 0.008010417222976685, -0.007635526359081268, 0.004319250583648682, -0.008287537842988968, -1.001159429550171], [0.18437951803207397, 0.0004953145980834961, 0.005477741360664368, -0.009881896898150444, 0.011222586035728455, -0.010534493252635002, -1.0008795261383057], [0.1766778826713562, 0.0013355165719985962, 0.005460754036903381, -0.007935972884297371, 0.006893724203109741, -0.007524731568992138, -1.001516342163086], [0.16435694694519043, 0.0036922842264175415, 0.005470588803291321, -0.009949777275323868, 0.009246602654457092, -0.008970566093921661, -1.0000596046447754]]","[[0.19332289695739746, 0.00012561678886413574, 0.005687400698661804, -0.009078003466129303, 0.01267021894454956, -0.013264885172247887, -1.0019166469573975], [0.19590362906455994, 0.0005012378096580505, 0.007462911307811737, -0.011781512759625912, 0.003961801528930664, -0.008987332694232464, -1.0015231370925903], [0.1697792410850525, -0.0012841634452342987, 0.008010417222976685, -0.007635526359081268, 0.004319250583648682, -0.008287537842988968, -1.001159429550171], [0.18437951803207397, 0.0004953145980834961, 0.005477741360664368, -0.009881896898150444, 0.011222586035728455, -0.010534493252635002, -1.0008795261383057], [0.1766778826713562, 0.0013355165719985962, 0.005460754036903381, -0.007935972884297371, 0.006893724203109741, -0.007524731568992138, -1.001516342163086], [0.16435694694519043, 0.0036922842264175415, 0.005470588803291321, -0.009949777275323868, 0.009246602654457092, -0.008970566093921661, -1.0000596046447754]]","[4.578223547565879e-05, 0.005320387387522994, -0.0014571602888395524, -0.0006369666024949872, -0.0010289225271143793, -0.00224312020454989]","[4.578223547565879e-05, 0.005320387387522994, -0.0014571602888395524, -0.0006369666024949872, -0.0010289225271143793, -0.00224312020454989]","[0.30410894751548767, 0.30849796533584595, 0.3025713562965393, 0.304934024810791, 0.30743372440338135, 0.3102107644081116]","[0.30410894751548767, 0.30849796533584595, 0.3025713562965393, 0.304934024810791, 0.30743372440338135, 0.3102107644081116]",5.0,5.0,6.0,6.0,086dfebd71040c3b8512d9e9cc25151dd95fdc19d68b60a3a990f563924cfbbb,086dfebd71040c3b8512d9e9cc25151dd95fdc19d68b60a3a990f563924cfbbb,1.0,5.0,0.0,True,0.0,True,0.0,True,True,True,True
Environment,frozen_closed_loop__Environment,libero_object_env,7,5,5200194,"[[0.1832905411720276, 0.002874433994293213, 0.00422157347202301, -0.01020036544650793, 0.008340999484062195, -0.006658328231424093, -0.9994184374809265], [0.14963117241859436, 0.001580938696861267, 0.0067030638456344604, -0.010959451086819172, 0.005340144038200378, -0.007976087741553783, -0.9983779788017273], [0.1594667136669159, 0.0015555694699287415, 0.004265047609806061, -0.009859099984169006, 0.007836252450942993, -0.007797228638082743, -1.0016306638717651], [0.1676531434059143, 0.00025469809770584106, 0.005350559949874878, -0.008963302709162235, 0.0070667266845703125, -0.008440046571195126, -0.9991967678070068], [0.19749976694583893, -2.173706889152527e-05, 0.007373280823230743, -0.008453983813524246, 0.01104019582271576, -0.006576984189450741, -1.0015524625778198], [0.18043768405914307, 0.001232251524925232, 0.006105154752731323, -0.01280183531343937, 0.011937618255615234, -0.01142140943557024, -1.00175142288208]]","[[0.1832905411720276, 0.002874433994293213, 0.00422157347202301, -0.01020036544650793, 0.008340999484062195, -0.006658328231424093, -0.9994184374809265], [0.14963117241859436, 0.001580938696861267, 0.0067030638456344604, -0.010959451086819172, 0.005340144038200378, -0.007976087741553783, -0.9983779788017273], [0.1594667136669159, 0.0015555694699287415, 0.004265047609806061, -0.009859099984169006, 0.007836252450942993, -0.007797228638082743, -1.0016306638717651], [0.1676531434059143, 0.00025469809770584106, 0.005350559949874878, -0.008963302709162235, 0.0070667266845703125, -0.008440046571195126, -0.9991967678070068], [0.19749976694583893, -2.173706889152527e-05, 0.007373280823230743, -0.008453983813524246, 0.01104019582271576, -0.006576984189450741, -1.0015524625778198], [0.18043768405914307, 0.001232251524925232, 0.006105154752731323, -0.01280183531343937, 0.011937618255615234, -0.01142140943557024, -1.00175142288208]]","[0.0006354767697811186, -0.006228598368769331, -0.003554699339205183, -0.0006726630325994284, 0.005611844129575597, 0.004208639841217064]","[0.0006354767697811186, -0.006228598368769331, -0.003554699339205183, -0.0006726630325994284, 0.005611844129575597, 0.004208639841217064]","[0.3038712739944458, 0.30436718463897705, 0.3047703504562378, 0.30163800716400146, 0.3068912625312805, 0.30790233612060547]","[0.3038712739944458, 0.30436718463897705, 0.3047703504562378, 0.30163800716400146, 0.3068912625312805, 0.30790233612060547]",5.0,5.0,6.0,6.0,086dfebd71040c3b8512d9e9cc25151dd95fdc19d68b60a3a990f563924cfbbb,086dfebd71040c3b8512d9e9cc25151dd95fdc19d68b60a3a990f563924cfbbb,4.0,5.0,0.0,True,0.0,True,0.0,True,True,True,True
Environment,frozen_closed_loop__Environment,libero_object_env,7,5,5200291,"[[0.1530841737985611, 0.00035293400287628174, 0.005567483603954315, -0.0076989601366221905, 0.0056877583265304565, -0.005617361981421709, -1.001747727394104], [0.1838192641735077, 0.00047497451305389404, 0.006879754364490509, -0.01106064859777689, 0.009565919637680054, -0.011411339975893497, -1.0002192258834839], [0.1661929190158844, 0.00022474676370620728, 0.007076449692249298, -0.008908248506486416, 0.0056471675634384155, -0.00867248885333538, -1.001798391342163], [0.18294677138328552, -0.004178658127784729, 0.007075443863868713, -0.011925176717340946, 0.006068140268325806, -0.009552662260830402, -1.0010617971420288], [0.16194316744804382, -0.0009384937584400177, 0.005623809993267059, -0.009447519667446613, 0.007910683751106262, -0.0074099646881222725, -1.0034970045089722], [0.198773592710495, -0.00020585954189300537, 0.007657259702682495, -0.015759794041514397, 0.007988959550857544, -0.006710743065923452, -1.0013248920440674]]","[[0.1530841737985611, 0.00035293400287628174, 0.005567483603954315, -0.0076989601366221905, 0.0056877583265304565, -0.005617361981421709, -1.001747727394104], [0.1838192641735077, 0.00047497451305389404, 0.006879754364490509, -0.01106064859777689, 0.009565919637680054, -0.011411339975893497, -1.0002192258834839], [0.1661929190158844, 0.00022474676370620728, 0.007076449692249298, -0.008908248506486416, 0.0056471675634384155, -0.00867248885333538, -1.001798391342163], [0.18294677138328552, -0.004178658127784729, 0.007075443863868713, -0.011925176717340946, 0.006068140268325806, -0.009552662260830402, -1.0010617971420288], [0.16194316744804382, -0.0009384937584400177, 0.005623809993267059, -0.009447519667446613, 0.007910683751106262, -0.0074099646881222725, -1.0034970045089722], [0.198773592710495, -0.00020585954189300537, 0.007657259702682495, -0.015759794041514397, 0.007988959550857544, -0.006710743065923452, -1.0013248920440674]]","[-0.0016422824252668605, 0.0015723076457802845, -0.0028962983764704935, 0.00095147832038697, -0.0003953019136223416, 0.002410096749192382]","[-0.0016422824252668605, 0.0015723076457802845, -0.0028962983764704935, 0.00095147832038697, -0.0003953019136223416, 0.002410096749192382]","[0.3094841241836548, 0.3019533157348633, 0.30853837728500366, 0.3066554665565491, 0.30288511514663696, 0.3048461675643921]","[0.3094841241836548, 0.3019533157348633, 0.30853837728500366, 0.3066554665565491, 0.30288511514663696, 0.3048461675643921]",0.0,0.0,6.0,6.0,086dfebd71040c3b8512d9e9cc25151dd95fdc19d68b60a3a990f563924cfbbb,086dfebd71040c3b8512d9e9cc25151dd95fdc19d68b60a3a990f563924cfbbb,5.0,0.0,0.0,True,0.0,True,0.0,True,True,True,True
Environment,frozen_closed_loop__Environment,libero_object_env,7,5,5200388,"[[0.17770516872406006, 0.0008699297904968262, 0.006343871355056763, -0.010333088226616383, 0.011050030589103699, -0.00964138749986887, -1.001288652420044], [0.17949464917182922, 0.0029717758297920227, 0.006113201379776001, -0.009264994412660599, 0.00466078519821167, -0.0064444150775671005, -1.002123236656189], [0.17433375120162964, 0.0015039369463920593, 0.007075108587741852, -0.007712023798376322, 0.008402824401855469, -0.006518885027617216, -1.0014259815216064], [0.16694101691246033, 0.002550557255744934, 0.006764084100723267, -0.007519233506172895, 0.008048638701438904, -0.008212671615183353, -1.0018682479858398], [0.17588764429092407, -0.00023519620299339294, 0.0064599886536598206, -0.01110810972750187, 0.0051889121532440186, -0.00986713171005249, -1.0000834465026855], [0.17506298422813416, 0.0012573972344398499, 0.006067156791687012, -0.009196034632623196, 0.0034577250480651855, -0.007582676596939564, -1.0020081996917725]]","[[0.17770516872406006, 0.0008699297904968262, 0.006343871355056763, -0.010333088226616383, 0.011050030589103699, -0.00964138749986887, -1.001288652420044], [0.17949464917182922, 0.0029717758297920227, 0.006113201379776001, -0.009264994412660599, 0.00466078519821167, -0.0064444150775671005, -1.002123236656189], [0.17433375120162964, 0.0015039369463920593, 0.007075108587741852, -0.007712023798376322, 0.008402824401855469, -0.006518885027617216, -1.0014259815216064], [0.16694101691246033, 0.002550557255744934, 0.006764084100723267, -0.007519233506172895, 0.008048638701438904, -0.008212671615183353, -1.0018682479858398], [0.17588764429092407, -0.00023519620299339294, 0.0064599886536598206, -0.01110810972750187, 0.0051889121532440186, -0.00986713171005249, -1.0000834465026855], [0.17506298422813416, 0.0012573972344398499, 0.006067156791687012, -0.009196034632623196, 0.0034577250480651855, -0.007582676596939564, -1.0020081996917725]]","[0.0017503925410580743, 0.0038890683240396257, -0.0055969935257572465, -0.00029586649610969953, 0.0013649051720658928, -0.0011115060152966654]","[0.0017503925410580743, 0.0038890683240396257, -0.0055969935257572465, -0.00029586649610969953, 0.0013649051720658928, -0.0011115060152966654]","[0.30346015095710754, 0.30692556500434875, 0.30412375926971436, 0.3062365651130676, 0.3063398599624634, 0.304282009601593]","[0.30346015095710754, 0.30692556500434875, 0.30412375926971436, 0.3062365651130676, 0.3063398599624634, 0.304282009601593]",1.0,1.0,6.0,6.0,086dfebd71040c3b8512d9e9cc25151dd95fdc19d68b60a3a990f563924cfbbb,086dfebd71040c3b8512d9e9cc25151dd95fdc19d68b60a3a990f563924cfbbb,1.0,1.0,0.0,True,0.0,True,0.0,True,True,True,False
Environment,frozen_closed_loop__Environment,libero_object_env,7,5,5200485,"[[0.17548508942127228, 0.001673474907875061, 0.004353560507297516, -0.011582556180655956, 0.004876479506492615, -0.010268430225551128, -0.9999825358390808], [0.19632083177566528, -0.002902429550886154, 0.005843862891197205, -0.008009195327758789, 0.009509235620498657, -0.01265753898769617, -1.0014801025390625], [0.1650472730398178, 0.0023180991411209106, 0.0058712437748909, -0.010363680310547352, 0.010698303580284119, -0.007430762983858585, -1.0022168159484863], [0.1797793060541153, 0.0024364516139030457, 0.006697475910186768, -0.010029604658484459, 0.00766986608505249, -0.007506069727241993, -1.0010201930999756], [0.1673445850610733, 0.0006946921348571777, 0.006539002060890198, -0.010975058190524578, 0.007592529058456421, -0.007663028780370951, -1.0007823705673218], [0.17568446695804596, 0.0029274076223373413, 0.004064328968524933, -0.0062944479286670685, 0.008230850100517273, -0.007840808480978012, -1.0014395713806152]]","[[0.17548508942127228, 0.001673474907875061, 0.004353560507297516, -0.011582556180655956, 0.004876479506492615, -0.010268430225551128, -0.9999825358390808], [0.19632083177566528, -0.002902429550886154, 0.005843862891197205, -0.008009195327758789, 0.009509235620498657, -0.01265753898769617, -1.0014801025390625], [0.1650472730398178, 0.0023180991411209106, 0.0058712437748909, -0.010363680310547352, 0.010698303580284119, -0.007430762983858585, -1.0022168159484863], [0.1797793060541153, 0.0024364516139030457, 0.006697475910186768, -0.010029604658484459, 0.00766986608505249, -0.007506069727241993, -1.0010201930999756], [0.1673445850610733, 0.0006946921348571777, 0.006539002060890198, -0.010975058190524578, 0.007592529058456421, -0.007663028780370951, -1.0007823705673218], [0.17568446695804596, 0.0029274076223373413, 0.004064328968524933, -0.0062944479286670685, 0.008230850100517273, -0.007840808480978012, -1.0014395713806152]]","[0.0006243693377905853, 0.0025901218184004628, -0.003643229647074744, 0.005167526509975072, -0.003311010290824664, -0.0014277777282668356]","[0.0006243693377905853, 0.0025901218184004628, -0.003643229647074744, 0.005167526509975072, -0.003311010290824664, -0.0014277777282668356]","[0.3050837516784668, 0.30491840839385986, 0.3023756444454193, 0.3027915358543396, 0.3029704689979553, 0.3064364492893219]","[0.3050837516784668, 0.30491840839385986, 0.3023756444454193, 0.3027915358543396, 0.3029704689979553, 0.3064364492893219]",5.0,5.0,6.0,6.0,086dfebd71040c3b8512d9e9cc25151dd95fdc19d68b60a3a990f563924cfbbb,086dfebd71040c3b8512d9e9cc25151dd95fdc19d68b60a3a990f563924cfbbb,3.0,5.0,0.0,True,0.0,True,0.0,True,True,True,True
Environment,frozen_closed_loop__Environment,libero_object_env,7,5,5200582,"[[0.1873815804719925, -0.001664143055677414, 0.00657152384519577, -0.010073918849229813, 0.00770433247089386, -0.007374778855592012, -1.0013304948806763], [0.2029455453157425, 0.000552646815776825, 0.0052388012409210205, -0.010010155849158764, 0.009044721722602844, -0.009621183387935162, -1.0034661293029785], [0.1798110455274582, 5.2638351917266846e-05, 0.005765408277511597, -0.0098278122022748, 0.005770772695541382, -0.008940953761339188, -1.0017623901367188], [0.1845615804195404, 0.0011056289076805115, 0.0051290541887283325, -0.007533486466854811, 0.008263617753982544, -0.006500289309769869, -0.9997604489326477], [0.1758843958377838, 0.00048235058784484863, 0.005820505321025848, -0.01022579800337553, 0.00824439525604248, -0.008506870828568935, -1.0013422966003418], [0.16742515563964844, 0.0004496052861213684, 0.007103048264980316, -0.009801886044442654, 0.008751288056373596, -0.009355053305625916, -0.9995813965797424]]","[[0.1873815804719925, -0.001664143055677414, 0.00657152384519577, -0.010073918849229813, 0.00770433247089386, -0.007374778855592012, -1.0013304948806763], [0.2029455453157425, 0.000552646815776825, 0.0052388012409210205, -0.010010155849158764, 0.009044721722602844, -0.009621183387935162, -1.0034661293029785], [0.1798110455274582, 5.2638351917266846e-05, 0.005765408277511597, -0.0098278122022748, 0.005770772695541382, -0.008940953761339188, -1.0017623901367188], [0.1845615804195404, 0.0011056289076805115, 0.0051290541887283325, -0.007533486466854811, 0.008263617753982544, -0.006500289309769869, -0.9997604489326477], [0.1758843958377838, 0.00048235058784484863, 0.005820505321025848, -0.01022579800337553, 0.00824439525604248, -0.008506870828568935, -1.0013422966003418], [0.16742515563964844, 0.0004496052861213684, 0.007103048264980316, -0.009801886044442654, 0.008751288056373596, -0.009355053305625916, -0.9995813965797424]]","[0.0046376333075309195, 0.005195153530711444, -0.0012252758827987456, -0.0017798868379183298, -0.004750202784198196, -0.0020774213333271405]","[0.0046376333075309195, 0.005195153530711444, -0.0012252758827987456, -0.0017798868379183298, -0.004750202784198196, -0.0020774213333271405]","[0.2993287444114685, 0.3075096607208252, 0.30635225772857666, 0.3081309199333191, 0.3026267886161804, 0.3004773259162903]","[0.2993287444114685, 0.3075096607208252, 0.30635225772857666, 0.3081309199333191, 0.3026267886161804, 0.3004773259162903]",3.0,3.0,6.0,6.0,086dfebd71040c3b8512d9e9cc25151dd95fdc19d68b60a3a990f563924cfbbb,086dfebd71040c3b8512d9e9cc25151dd95fdc19d68b60a3a990f563924cfbbb,1.0,3.0,0.0,True,0.0,True,0.0,True,True,True,True
Environment,frozen_closed_loop__Environment,libero_object_env,7,5,5200679,"[[0.16616922616958618, 0.0008514896035194397, 0.007590204477310181, -0.00868726335465908, 0.005146443843841553, -0.006385390181094408, -1.0006917715072632], [0.16961809992790222, -0.0014533661305904388, 0.006510503590106964, -0.006352539174258709, 0.0053391605615615845, -0.0057868133299052715, -1.0017766952514648], [0.16219183802604675, 0.0024224817752838135, 0.005558095872402191, -0.007755898870527744, 0.011866495013237, -0.009386141784489155, -1.0006126165390015], [0.19056972861289978, -0.0007019564509391785, 0.00885017216205597, -0.013088321313261986, 0.009000599384307861, -0.012642226181924343, -1.0005676746368408], [0.160896897315979, -0.0005931034684181213, 0.004689395427703857, -0.0058080353774130344, 0.00627569854259491, -0.008943267166614532, -1.000882625579834], [0.18164488673210144, 0.0023317337036132812, 0.005341283977031708, -0.010575389489531517, 0.011061608791351318, -0.008510109968483448, -1.0037215948104858]]","[[0.16616922616958618, 0.0008514896035194397, 0.007590204477310181, -0.00868726335465908, 0.005146443843841553, -0.006385390181094408, -1.0006917715072632], [0.16961809992790222, -0.0014533661305904388, 0.006510503590106964, -0.006352539174258709, 0.0053391605615615845, -0.0057868133299052715, -1.0017766952514648], [0.16219183802604675, 0.0024224817752838135, 0.005558095872402191, -0.007755898870527744, 0.011866495013237, -0.009386141784489155, -1.0006126165390015], [0.19056972861289978, -0.0007019564509391785, 0.00885017216205597, -0.013088321313261986, 0.009000599384307861, -0.012642226181924343, -1.0005676746368408], [0.160896897315979, -0.0005931034684181213, 0.004689395427703857, -0.0058080353774130344, 0.00627569854259491, -0.008943267166614532, -1.000882625579834], [0.18164488673210144, 0.0023317337036132812, 0.005341283977031708, -0.010575389489531517, 0.011061608791351318, -0.008510109968483448, -1.0037215948104858]]","[-0.0012934146533068922, -0.0045055125958408685, -0.0015242439708155714, 0.005929627937223348, 0.0014509281460244013, -5.7384863284385687e-05]","[-0.0012934146533068922, -0.0045055125958408685, -0.0015242439708155714, 0.005929627937223348, 0.0014509281460244013, -5.7384863284385687e-05]","[0.3071187138557434, 0.3053222596645355, 0.30505749583244324, 0.3054389953613281, 0.3078517019748688, 0.30165427923202515]","[0.3071187138557434, 0.3053222596645355, 0.30505749583244324, 0.3054389953613281, 0.3078517019748688, 0.30165427923202515]",4.0,4.0,6.0,6.0,086dfebd71040c3b8512d9e9cc25151dd95fdc19d68b60a3a990f563924cfbbb,086dfebd71040c3b8512d9e9cc25151dd95fdc19d68b60a3a990f563924cfbbb,3.0,4.0,0.0,True,0.0,True,0.0,True,True,True,True
Environment,frozen_closed_loop__Environment,libero_object_env,7,6,5210000,"[[0.13758257031440735, -0.01842878758907318, 0.007051751017570496, -0.016045676544308662, 0.01023942232131958, -0.0025169802829623222, -1.0007920265197754], [0.14681316912174225, -0.009405501186847687, 0.006158016622066498, -0.013294706121087074, 0.00667668879032135, -0.002365132560953498, -1.0033411979675293], [0.11176317930221558, -0.013729054480791092, 0.007078573107719421, -0.014235932379961014, 0.007275179028511047, -0.0034807447809726, -0.9999586939811707], [0.15649549663066864, -0.03768011927604675, 0.006065145134925842, -0.007784825749695301, 0.011262282729148865, -0.003714685095474124, -1.0019820928573608], [0.15238970518112183, -0.017821993678808212, 0.006926357746124268, -0.010485059581696987, 0.008690178394317627, -0.0019684608560055494, -1.002817988395691], [0.1661592721939087, -0.02909420058131218, 0.003800801932811737, -0.0062607089057564735, 0.010209783911705017, -0.0029057643841952085, -1.0014363527297974]]","[[0.13758257031440735, -0.01842878758907318, 0.007051751017570496, -0.016045676544308662, 0.01023942232131958, -0.0025169802829623222, -1.0007920265197754], [0.14681316912174225, -0.009405501186847687, 0.006158016622066498, -0.013294706121087074, 0.00667668879032135, -0.002365132560953498, -1.0033411979675293], [0.11176317930221558, -0.013729054480791092, 0.007078573107719421, -0.014235932379961014, 0.007275179028511047, -0.0034807447809726, -0.9999586939811707], [0.15649549663066864, -0.03768011927604675, 0.006065145134925842, -0.007784825749695301, 0.011262282729148865, -0.003714685095474124, -1.0019820928573608], [0.15238970518112183, -0.017821993678808212, 0.006926357746124268, -0.010485059581696987, 0.008690178394317627, -0.0019684608560055494, -1.002817988395691], [0.1661592721939087, -0.02909420058131218, 0.003800801932811737, -0.0062607089057564735, 0.010209783911705017, -0.0029057643841952085, -1.0014363527297974]]","[-0.0037195642548599702, 0.0018205198433017358, -0.005627500838090702, -0.00099586458435741, 0.0018331214526279788, 0.006689288381378207]","[-0.0037195642548599702, 0.0018205198433017358, -0.005627500838090702, -0.00099586458435741, 0.0018331214526279788, 0.006689288381378207]","[0.12145590782165527, 0.19170904159545898, 0.17876163125038147, 0.15588214993476868, 0.1470089554786682, 0.1841784417629242]","[0.12145590782165527, 0.19170904159545898, 0.17876163125038147, 0.15588214993476868, 0.1470089554786682, 0.1841784417629242]",1.0,1.0,6.0,6.0,086dfebd71040c3b8512d9e9cc25151dd95fdc19d68b60a3a990f563924cfbbb,086dfebd71040c3b8512d9e9cc25151dd95fdc19d68b60a3a990f563924cfbbb,5.0,1.0,0.0,True,0.0,True,0.0,True,True,True,True
Environment,frozen_closed_loop__Environment,libero_object_env,7,6,5210097,"[[0.15673834085464478, -0.029988382011651993, 0.006256364285945892, -0.008978837169706821, 0.012000873684883118, -0.004075069446116686, -1.0038785934448242], [0.11437375098466873, -0.0005403533577919006, 0.00725816935300827, -0.011640007607638836, 0.008069291710853577, -0.0031908201053738594, -1.0046333074569702], [0.13218921422958374, -0.024483148008584976, 0.005757138133049011, -0.011545267887413502, 0.009747818112373352, -0.002092459239065647, -1.000730037689209], [0.1450619101524353, -0.013954751193523407, 0.006989613175392151, -0.014985119923949242, 0.009010165929794312, -0.0035841651260852814, -1.0016587972640991], [0.10718140751123428, -0.002722218632698059, 0.006279498338699341, -0.01591677777469158, 0.006584152579307556, -0.0023362261708825827, -1.0036401748657227], [0.16276516020298004, -0.01839369535446167, 0.005843304097652435, -0.010760238394141197, 0.010197758674621582, -0.002728160936385393, -1.0014303922653198]]","[[0.15673834085464478, -0.029988382011651993, 0.006256364285945892, -0.008978837169706821, 0.012000873684883118, -0.004075069446116686, -1.0038785934448242], [0.11437375098466873, -0.0005403533577919006, 0.00725816935300827, -0.011640007607638836, 0.008069291710853577, -0.0031908201053738594, -1.0046333074569702], [0.13218921422958374, -0.024483148008584976, 0.005757138133049011, -0.011545267887413502, 0.009747818112373352, -0.002092459239065647, -1.000730037689209], [0.1450619101524353, -0.013954751193523407, 0.006989613175392151, -0.014985119923949242, 0.009010165929794312, -0.0035841651260852814, -1.0016587972640991], [0.10718140751123428, -0.002722218632698059, 0.006279498338699341, -0.01591677777469158, 0.006584152579307556, -0.0023362261708825827, -1.0036401748657227], [0.16276516020298004, -0.01839369535446167, 0.005843304097652435, -0.010760238394141197, 0.010197758674621582, -0.002728160936385393, -1.0014303922653198]]","[0.006234029118142435, -0.006014107935175434, 0.001853405523152587, -0.0012898598813177822, -0.00792653367967383, 0.007143066854871946]","[0.006234029118142435, -0.006014107935175434, 0.001853405523152587, -0.0012898598813177822, -0.00792653367967383, 0.007143066854871946]","[0.1480628252029419, 0.1275167465209961, 0.11906519532203674, 0.10225039720535278, 0.09334126114845276, 0.17612484097480774]","[0.1480628252029419, 0.1275167465209961, 0.11906519532203674, 0.10225039720535278, 0.09334126114845276, 0.17612484097480774]",5.0,5.0,6.0,6.0,086dfebd71040c3b8512d9e9cc25151dd95fdc19d68b60a3a990f563924cfbbb,086dfebd71040c3b8512d9e9cc25151dd95fdc19d68b60a3a990f563924cfbbb,5.0,5.0,0.0,True,0.0,True,0.0,True,True,True,False
Environment,frozen_closed_loop__Environment,libero_object_env,7,6,5210194,"[[0.14011837542057037, -0.026623494923114777, 0.008713826537132263, -0.010214454494416714, 0.009803876280784607, -0.003070412902161479, -1.0019234418869019], [0.11541780084371567, -0.005204100161790848, 0.004429779946804047, -0.008964235894382, 0.008378595113754272, -0.002670876681804657, -1.0018583536148071], [0.14661836624145508, -0.023219827562570572, 0.004899054765701294, -0.011672904714941978, 0.009813621640205383, -0.0037239387165755033, -1.0002250671386719], [0.12568362057209015, -0.0087662972509861, 0.006701722741127014, -0.008314546197652817, 0.011765599250793457, -0.002155097434297204, -1.0014047622680664], [0.12464772909879684, -0.017809197306632996, 0.0068903714418411255, -0.0102914460003376, 0.01226632297039032, -0.0028358555864542723, -0.9998123049736023], [0.1377488672733307, -0.017039794474840164, 0.005528256297111511, -0.009897083044052124, 0.011297732591629028, -0.002173979301005602, -1.002686619758606]]","[[0.14011837542057037, -0.026623494923114777, 0.008713826537132263, -0.010214454494416714, 0.009803876280784607, -0.003070412902161479, -1.0019234418869019], [0.11541780084371567, -0.005204100161790848, 0.004429779946804047, -0.008964235894382, 0.008378595113754272, -0.002670876681804657, -1.0018583536148071], [0.14661836624145508, -0.023219827562570572, 0.004899054765701294, -0.011672904714941978, 0.009813621640205383, -0.0037239387165755033, -1.0002250671386719], [0.12568362057209015, -0.0087662972509861, 0.006701722741127014, -0.008314546197652817, 0.011765599250793457, -0.002155097434297204, -1.0014047622680664], [0.12464772909879684, -0.017809197306632996, 0.0068903714418411255, -0.0102914460003376, 0.01226632297039032, -0.0028358555864542723, -0.9998123049736023], [0.1377488672733307, -0.017039794474840164, 0.005528256297111511, -0.009897083044052124, 0.011297732591629028, -0.002173979301005602, -1.002686619758606]]","[0.0001816981372749697, -0.002857587605915769, 0.0037441377722760073, -0.0009982529475829002, -0.003046709723640284, 0.002976714367587711]","[0.0001816981372749697, -0.002857587605915769, 0.0037441377722760073, -0.0009982529475829002, -0.003046709723640284, 0.002976714367587711]","[0.10410946607589722, 0.15025633573532104, 0.17280706763267517, 0.22221064567565918, 0.13910791277885437, 0.19670772552490234]","[0.10410946607589722, 0.15025633573532104, 0.17280706763267517, 0.22221064567565918, 0.13910791277885437, 0.19670772552490234]",3.0,3.0,6.0,6.0,086dfebd71040c3b8512d9e9cc25151dd95fdc19d68b60a3a990f563924cfbbb,086dfebd71040c3b8512d9e9cc25151dd95fdc19d68b60a3a990f563924cfbbb,2.0,3.0,0.0,True,0.0,True,0.0,True,True,True,True
Environment,frozen_closed_loop__Environment,libero_object_env,7,6,5210291,"[[0.12702372670173645, -0.02046234905719757, 0.006528832018375397, -0.009778174571692944, 0.008132591843605042, -0.0038757643196731806, -1.0022492408752441], [0.10574609041213989, -0.012946687638759613, 0.00639740377664566, -0.00901111215353012, 0.004827931523323059, -0.002335102530196309, -1.0021398067474365], [0.11525429785251617, -0.006325654685497284, 0.008489303290843964, -0.01697738841176033, 0.010674521327018738, -0.00267019378952682, -1.0009626150131226], [0.13720661401748657, -0.022135600447654724, 0.008081048727035522, -0.00818720180541277, 0.012150630354881287, -0.004601292312145233, -1.0025935173034668], [0.10413520038127899, -0.01140296459197998, 0.008460134267807007, -0.012530333362519741, 0.007771790027618408, -0.002393620554357767, -1.001590371131897], [0.13183268904685974, -0.02918243408203125, 0.007019117474555969, -0.01028432883322239, 0.012820690870285034, -0.0033833393827080727, -0.9998668432235718]]","[[0.12702372670173645, -0.02046234905719757, 0.006528832018375397, -0.009778174571692944, 0.008132591843605042, -0.0038757643196731806, -1.0022492408752441], [0.10574609041213989, -0.012946687638759613, 0.00639740377664566, -0.00901111215353012, 0.004827931523323059, -0.002335102530196309, -1.0021398067474365], [0.11525429785251617, -0.006325654685497284, 0.008489303290843964, -0.01697738841176033, 0.010674521327018738, -0.00267019378952682, -1.0009626150131226], [0.13720661401748657, -0.022135600447654724, 0.008081048727035522, -0.00818720180541277, 0.012150630354881287, -0.004601292312145233, -1.0025935173034668], [0.10413520038127899, -0.01140296459197998, 0.008460134267807007, -0.012530333362519741, 0.007771790027618408, -0.002393620554357767, -1.001590371131897], [0.13183268904685974, -0.02918243408203125, 0.007019117474555969, -0.01028432883322239, 0.012820690870285034, -0.0033833393827080727, -0.9998668432235718]]","[0.002631166422447649, -0.0008553569230360849, -0.004394444927610211, 0.003032795022563972, -0.006871974527382366, 0.006457814933017077]","[0.002631166422447649, -0.0008553569230360849, -0.004394444927610211, 0.003032795022563972, -0.006871974527382366, 0.006457814933017077]","[0.1473296880722046, 0.1939356029033661, 0.09982931613922119, 0.12037083506584167, 0.11673161387443542, 0.1508466899394989]","[0.1473296880722046, 0.1939356029033661, 0.09982931613922119, 0.12037083506584167, 0.11673161387443542, 0.1508466899394989]",1.0,1.0,6.0,6.0,086dfebd71040c3b8512d9e9cc25151dd95fdc19d68b60a3a990f563924cfbbb,086dfebd71040c3b8512d9e9cc25151dd95fdc19d68b60a3a990f563924cfbbb,5.0,1.0,0.0,True,0.0,True,0.0,True,True,True,True
Environment,frozen_closed_loop__Environment,libero_object_env,7,6,5210388,"[[0.10658584535121918, -0.01367323100566864, 0.00617634505033493, -0.010895212180912495, 0.0069658756256103516, -0.00296516390517354, -1.0020020008087158], [0.1459890604019165, -0.017579197883605957, 0.006647631525993347, -0.010902183130383492, 0.013803988695144653, -0.0038892701268196106, -1.003182053565979], [0.14475759863853455, -0.014700014144182205, 0.0059857964515686035, -0.010567229241132736, 0.010443538427352905, -0.0031229821033775806, -1.002405047416687], [0.11290289461612701, -0.010704584419727325, 0.006218478083610535, -0.008168978616595268, 0.00915062427520752, -0.0024832484778016806, -1.0008093118667603], [0.14517903327941895, -0.02029186114668846, 0.005817487835884094, -0.010426071472465992, 0.010300129652023315, -0.0028212261386215687, -1.0020999908447266], [0.13587656617164612, -0.017909780144691467, 0.008188784122467041, -0.015045827254652977, 0.006334394216537476, -0.002429313026368618, -1.0019245147705078]]","[[0.10658584535121918, -0.01367323100566864, 0.00617634505033493, -0.010895212180912495, 0.0069658756256103516, -0.00296516390517354, -1.0020020008087158], [0.1459890604019165, -0.017579197883605957, 0.006647631525993347, -0.010902183130383492, 0.013803988695144653, -0.0038892701268196106, -1.003182053565979], [0.14475759863853455, -0.014700014144182205, 0.0059857964515686035, -0.010567229241132736, 0.010443538427352905, -0.0031229821033775806, -1.002405047416687], [0.11290289461612701, -0.010704584419727325, 0.006218478083610535, -0.008168978616595268, 0.00915062427520752, -0.0024832484778016806, -1.0008093118667603], [0.14517903327941895, -0.02029186114668846, 0.005817487835884094, -0.010426071472465992, 0.010300129652023315, -0.0028212261386215687, -1.0020999908447266], [0.13587656617164612, -0.017909780144691467, 0.008188784122467041, -0.015045827254652977, 0.006334394216537476, -0.002429313026368618, -1.0019245147705078]]","[-0.006695980272774766, 0.003435853906054282, 0.0030826129256427137, -0.0023740042247164827, 0.002431027177284109, 0.00012049048851004449]","[-0.006695980272774766, 0.003435853906054282, 0.0030826129256427137, -0.0023740042247164827, 0.002431027177284109, 0.00012049048851004449]","[0.1465437114238739, 0.23991021513938904, 0.22450634837150574, 0.20166468620300293, 0.25444287061691284, 0.13634410500526428]","[0.1465437114238739, 0.23991021513938904, 0.22450634837150574, 0.20166468620300293, 0.25444287061691284, 0.13634410500526428]",4.0,4.0,6.0,6.0,086dfebd71040c3b8512d9e9cc25151dd95fdc19d68b60a3a990f563924cfbbb,086dfebd71040c3b8512d9e9cc25151dd95fdc19d68b60a3a990f563924cfbbb,1.0,4.0,0.0,True,0.0,True,0.0,True,True,True,True
Environment,frozen_closed_loop__Environment,libero_object_env,7,6,5210485,"[[0.1512327790260315, -0.030613839626312256, 0.004436038434505463, -0.007061839569360018, 0.011164918541908264, -0.0033901254646480083, -1.0013556480407715], [0.15036039054393768, -0.012968983501195908, 0.004182346165180206, -0.01135251484811306, 0.010285064578056335, -0.005135027691721916, -1.0017659664154053], [0.1197296753525734, -0.01021089032292366, 0.0065306201577186584, -0.008975177071988583, 0.008384853601455688, -0.0026792711578309536, -1.0022366046905518], [0.13963334262371063, -0.02205474302172661, 0.006062127649784088, -0.009034787304699421, 0.006835564970970154, -0.0026595741510391235, -1.002589464187622], [0.15527799725532532, -0.01686718314886093, 0.005862414836883545, -0.009260730817914009, 0.011104881763458252, -0.0021485979668796062, -1.001937747001648], [0.1487179845571518, -0.017102044075727463, 0.007152445614337921, -0.010778864845633507, 0.01078324019908905, -0.0028783781453967094, -1.000931978225708]]","[[0.1512327790260315, -0.030613839626312256, 0.004436038434505463, -0.007061839569360018, 0.011164918541908264, -0.0033901254646480083, -1.0013556480407715], [0.15036039054393768, -0.012968983501195908, 0.004182346165180206, -0.01135251484811306, 0.010285064578056335, -0.005135027691721916, -1.0017659664154053], [0.1197296753525734, -0.01021089032292366, 0.0065306201577186584, -0.008975177071988583, 0.008384853601455688, -0.0026792711578309536, -1.0022366046905518], [0.13963334262371063, -0.02205474302172661, 0.006062127649784088, -0.009034787304699421, 0.006835564970970154, -0.0026595741510391235, -1.002589464187622], [0.15527799725532532, -0.01686718314886093, 0.005862414836883545, -0.009260730817914009, 0.011104881763458252, -0.0021485979668796062, -1.001937747001648], [0.1487179845571518, -0.017102044075727463, 0.007152445614337921, -0.010778864845633507, 0.01078324019908905, -0.0028783781453967094, -1.000931978225708]]","[0.002096676870296837, -0.002556425721009918, -0.006456436724469867, 0.0009783382926222136, 0.002730695295222545, 0.0032071519873379476]","[0.002096676870296837, -0.002556425721009918, -0.006456436724469867, 0.0009783382926222136, 0.002730695295222545, 0.0032071519873379476]","[0.14999094605445862, 0.11975595355033875, 0.11592280864715576, 0.19574663043022156, 0.15150415897369385, 0.18961101770401]","[0.14999094605445862, 0.11975595355033875, 0.11592280864715576, 0.19574663043022156, 0.15150415897369385, 0.18961101770401]",3.0,3.0,6.0,6.0,086dfebd71040c3b8512d9e9cc25151dd95fdc19d68b60a3a990f563924cfbbb,086dfebd71040c3b8512d9e9cc25151dd95fdc19d68b60a3a990f563924cfbbb,5.0,3.0,0.0,True,0.0,True,0.0,True,True,True,True
Environment,frozen_closed_loop__Environment,libero_object_env,7,6,5210582,"[[0.10757435113191605, -0.007437821477651596, 0.007320195436477661, -0.01177686545997858, 0.006390273571014404, -0.0017941182013601065, -1.000321865081787], [0.11059027165174484, -0.019028708338737488, 0.005604363977909088, -0.007303536403924227, 0.016295894980430603, -0.0034365917090326548, -1.002368688583374], [0.11961132287979126, -0.023871660232543945, 0.007622390985488892, -0.01028851792216301, 0.008066654205322266, -0.0028431261889636517, -1.0001567602157593], [0.1295699179172516, -0.013590920716524124, 0.00704694539308548, -0.010179196484386921, 0.01071690022945404, -0.003926262725144625, -1.0016276836395264], [0.1502852886915207, -0.014792773872613907, 0.005390346050262451, -0.010900536552071571, 0.0075978487730026245, -0.003826235421001911, -1.0023698806762695], [0.1322302222251892, -0.017643626779317856, 0.008090771734714508, -0.009731956757605076, 0.007935717701911926, -0.002859474392607808, -1.0002485513687134]]","[[0.10757435113191605, -0.007437821477651596, 0.007320195436477661, -0.01177686545997858, 0.006390273571014404, -0.0017941182013601065, -1.000321865081787], [0.11059027165174484, -0.019028708338737488, 0.005604363977909088, -0.007303536403924227, 0.016295894980430603, -0.0034365917090326548, -1.002368688583374], [0.11961132287979126, -0.023871660232543945, 0.007622390985488892, -0.01028851792216301, 0.008066654205322266, -0.0028431261889636517, -1.0001567602157593], [0.1295699179172516, -0.013590920716524124, 0.00704694539308548, -0.010179196484386921, 0.01071690022945404, -0.003926262725144625, -1.0016276836395264], [0.1502852886915207, -0.014792773872613907, 0.005390346050262451, -0.010900536552071571, 0.0075978487730026245, -0.003826235421001911, -1.0023698806762695], [0.1322302222251892, -0.017643626779317856, 0.008090771734714508, -0.009731956757605076, 0.007935717701911926, -0.002859474392607808, -1.0002485513687134]]","[-0.00441741386472734, 0.005374074926690078, -0.0013242820020343293, -0.00379541722889298, 0.0036176082004467655, 0.000545429968517443]","[-0.00441741386472734, 0.005374074926690078, -0.0013242820020343293, -0.00379541722889298, 0.0036176082004467655, 0.000545429968517443]","[0.1401437222957611, 0.22122949361801147, 0.11175748705863953, 0.1399286985397339, 0.1288967728614807, 0.0942230224609375]","[0.1401437222957611, 0.22122949361801147, 0.11175748705863953, 0.1399286985397339, 0.1288967728614807, 0.0942230224609375]",1.0,1.0,6.0,6.0,086dfebd71040c3b8512d9e9cc25151dd95fdc19d68b60a3a990f563924cfbbb,086dfebd71040c3b8512d9e9cc25151dd95fdc19d68b60a3a990f563924cfbbb,1.0,1.0,0.0,True,0.0,True,0.0,True,True,True,False
Environment,frozen_closed_loop__Environment,libero_object_env,7,6,5210679,"[[0.15384547412395477, -0.015108436346054077, 0.007386244833469391, -0.012175381183624268, 0.012882158160209656, -0.004480884876102209, -1.0020792484283447], [0.1657743752002716, -0.020734146237373352, 0.008126869797706604, -0.009852658957242966, 0.010535091161727905, -0.0026844486128538847, -1.0029513835906982], [0.1398487091064453, -0.01779640093445778, 0.009193047881126404, -0.012984360568225384, 0.005050867795944214, -0.0014824473764747381, -1.0022594928741455], [0.1515229046344757, -0.026455018669366837, 0.005875714123249054, -0.012671051546931267, 0.016838550567626953, -0.004693696275353432, -1.0022015571594238], [0.15965715050697327, -0.025894269347190857, 0.007562264800071716, -0.008447286672890186, 0.014671683311462402, -0.004253598395735025, -1.000575065612793], [0.1234554871916771, -0.02067653462290764, 0.007383786141872406, -0.014273184351623058, 0.006147220730781555, -0.0029856099281460047, -0.9994028210639954]]","[[0.15384547412395477, -0.015108436346054077, 0.007386244833469391, -0.012175381183624268, 0.012882158160209656, -0.004480884876102209, -1.0020792484283447], [0.1657743752002716, -0.020734146237373352, 0.008126869797706604, -0.009852658957242966, 0.010535091161727905, -0.0026844486128538847, -1.0029513835906982], [0.1398487091064453, -0.01779640093445778, 0.009193047881126404, -0.012984360568225384, 0.005050867795944214, -0.0014824473764747381, -1.0022594928741455], [0.1515229046344757, -0.026455018669366837, 0.005875714123249054, -0.012671051546931267, 0.016838550567626953, -0.004693696275353432, -1.0022015571594238], [0.15965715050697327, -0.025894269347190857, 0.007562264800071716, -0.008447286672890186, 0.014671683311462402, -0.004253598395735025, -1.000575065612793], [0.1234554871916771, -0.02067653462290764, 0.007383786141872406, -0.014273184351623058, 0.006147220730781555, -0.0029856099281460047, -0.9994028210639954]]","[0.0005799150396908798, 0.0003568748284916647, -0.0020121888965146657, 0.003177996207691746, 0.006400761721719067, -0.008503358901078902]","[0.0005799150396908798, 0.0003568748284916647, -0.0020121888965146657, 0.003177996207691746, 0.006400761721719067, -0.008503358901078902]","[0.12364640831947327, 0.12777504324913025, 0.14672747254371643, 0.16006669402122498, 0.18923413753509521, 0.1248195469379425]","[0.12364640831947327, 0.12777504324913025, 0.14672747254371643, 0.16006669402122498, 0.18923413753509521, 0.1248195469379425]",4.0,4.0,6.0,6.0,086dfebd71040c3b8512d9e9cc25151dd95fdc19d68b60a3a990f563924cfbbb,086dfebd71040c3b8512d9e9cc25151dd95fdc19d68b60a3a990f563924cfbbb,4.0,4.0,0.0,True,0.0,True,0.0,True,True,True,False
Environment,frozen_closed_loop__Environment,libero_object_env,7,7,5220000,"[[0.14392811059951782, -0.013445019721984863, 0.008443258702754974, -0.006196250673383474, 0.010611087083816528, -0.009470900520682335, -1.0008351802825928], [0.14569368958473206, -0.0065877847373485565, 0.008375309407711029, -0.00557144358754158, 0.009203240275382996, -0.008741868659853935, -1.001029372215271], [0.14979422092437744, -0.02623932436108589, 0.009365268051624298, -0.008109734393656254, 0.00844573974609375, -0.014179208315908909, -1.001617193222046], [0.17935797572135925, -0.07840649783611298, 0.007212236523628235, -0.012498936615884304, 0.012229666113853455, -0.018110234290361404, -1.001143455505371], [0.156011700630188, -0.015562344342470169, 0.007337853312492371, -0.0071677942760288715, 0.008857771754264832, -0.011614787392318249, -0.9982077479362488], [0.1412636786699295, -0.005946233868598938, 0.008810274302959442, -0.006129212211817503, 0.011601582169532776, -0.010445725172758102, -1.0019129514694214]]","[[0.14392811059951782, -0.013445019721984863, 0.008443258702754974, -0.006196250673383474, 0.010611087083816528, -0.009470900520682335, -1.0008351802825928], [0.14569368958473206, -0.0065877847373485565, 0.008375309407711029, -0.00557144358754158, 0.009203240275382996, -0.008741868659853935, -1.001029372215271], [0.14979422092437744, -0.02623932436108589, 0.009365268051624298, -0.008109734393656254, 0.00844573974609375, -0.014179208315908909, -1.001617193222046], [0.17935797572135925, -0.07840649783611298, 0.007212236523628235, -0.012498936615884304, 0.012229666113853455, -0.018110234290361404, -1.001143455505371], [0.156011700630188, -0.015562344342470169, 0.007337853312492371, -0.0071677942760288715, 0.008857771754264832, -0.011614787392318249, -0.9982077479362488], [0.1412636786699295, -0.005946233868598938, 0.008810274302959442, -0.006129212211817503, 0.011601582169532776, -0.010445725172758102, -1.0019129514694214]]","[-0.0007407223175910549, -0.0035346818965420164, -0.00040712277217885286, 0.008172300377244363, 0.001548412886470791, -0.005038186277403252]","[-0.0007407223175910549, -0.0035346818965420164, -0.00040712277217885286, 0.008172300377244363, 0.001548412886470791, -0.005038186277403252]","[0.07466557621955872, 0.074369877576828, 0.07364258170127869, 0.07447472214698792, 0.07504692673683167, 0.07463160157203674]","[0.07466557621955872, 0.074369877576828, 0.07364258170127869, 0.07447472214698792, 0.07504692673683167, 0.07463160157203674]",4.0,4.0,6.0,6.0,086dfebd71040c3b8512d9e9cc25151dd95fdc19d68b60a3a990f563924cfbbb,086dfebd71040c3b8512d9e9cc25151dd95fdc19d68b60a3a990f563924cfbbb,3.0,4.0,0.0,True,0.0,True,0.0,True,True,True,True
Environment,frozen_closed_loop__Environment,libero_object_env,7,7,5220097,"[[0.16149960458278656, -0.050666481256484985, 0.00871114432811737, -0.006899092346429825, 0.015470132231712341, -0.013437244109809399, -1.001868724822998], [0.1616746187210083, -0.02351280301809311, 0.010071247816085815, -0.010609859600663185, 0.011038944125175476, -0.014002200216054916, -1.0013313293457031], [0.14625705778598785, -0.012257471680641174, 0.0076789408922195435, -0.00611909432336688, 0.016717270016670227, -0.014484445564448833, -1.0026183128356934], [0.13558733463287354, -0.010980404913425446, 0.007295049726963043, -0.004941293504089117, 0.013954415917396545, -0.01505938172340393, -0.9995143413543701], [0.1773662120103836, -0.033188704401254654, 0.008329376578330994, -0.00978933461010456, 0.020076915621757507, -0.01776716858148575, -1.0010159015655518], [0.16973868012428284, -0.054237786680459976, 0.00965852290391922, -0.011201366782188416, 0.013268575072288513, -0.01591183803975582, -1.0024179220199585]]","[[0.16149960458278656, -0.050666481256484985, 0.00871114432811737, -0.006899092346429825, 0.015470132231712341, -0.013437244109809399, -1.001868724822998], [0.1616746187210083, -0.02351280301809311, 0.010071247816085815, -0.010609859600663185, 0.011038944125175476, -0.014002200216054916, -1.0013313293457031], [0.14625705778598785, -0.012257471680641174, 0.0076789408922195435, -0.00611909432336688, 0.016717270016670227, -0.014484445564448833, -1.0026183128356934], [0.13558733463287354, -0.010980404913425446, 0.007295049726963043, -0.004941293504089117, 0.013954415917396545, -0.01505938172340393, -0.9995143413543701], [0.1773662120103836, -0.033188704401254654, 0.008329376578330994, -0.00978933461010456, 0.020076915621757507, -0.01776716858148575, -1.0010159015655518], [0.16973868012428284, -0.054237786680459976, 0.00965852290391922, -0.011201366782188416, 0.013268575072288513, -0.01591183803975582, -1.0024179220199585]]","[0.001646243320968252, 0.0014020567580444608, -0.002340669653941701, -0.00374964461961614, -0.0017886660632388121, 0.004830680257783873]","[0.001646243320968252, 0.0014020567580444608, -0.002340669653941701, -0.00374964461961614, -0.0017886660632388121, 0.004830680257783873]","[0.07536983489990234, 0.07341042160987854, 0.07447567582130432, 0.07334113121032715, 0.07270151376724243, 0.07453712821006775]","[0.07536983489990234, 0.07341042160987854, 0.07447567582130432, 0.07334113121032715, 0.07270151376724243, 0.07453712821006775]",0.0,0.0,6.0,6.0,086dfebd71040c3b8512d9e9cc25151dd95fdc19d68b60a3a990f563924cfbbb,086dfebd71040c3b8512d9e9cc25151dd95fdc19d68b60a3a990f563924cfbbb,5.0,0.0,0.0,True,0.0,True,0.0,True,True,True,True
Environment,frozen_closed_loop__Environment,libero_object_env,7,7,5220194,"[[0.1496914029121399, -0.00454070046544075, 0.0077196210622787476, -0.00732536381110549, 0.008837565779685974, -0.009772546589374542, -1.0008264780044556], [0.1618036925792694, -0.023819468915462494, 0.00922076404094696, -0.005451582837849855, 0.0074386149644851685, -0.010031933896243572, -1.0006964206695557], [0.1615455448627472, -0.05191845819354057, 0.009127557277679443, -0.008121957071125507, 0.010993525385856628, -0.015603715553879738, -1.0016067028045654], [0.15108458697795868, -0.018966682255268097, 0.009282343089580536, -0.008771701715886593, 0.008667871356010437, -0.013271979056298733, -0.9997693300247192], [0.15105396509170532, -0.010936316102743149, 0.006226077675819397, -0.006255439482629299, 0.0124703049659729, -0.012456713244318962, -1.002140760421753], [0.14014530181884766, -0.009245295077562332, 0.00475030392408371, -0.0045355139300227165, 0.004549920558929443, -0.007011617999523878, -1.00184965133667]]","[[0.1496914029121399, -0.00454070046544075, 0.0077196210622787476, -0.00732536381110549, 0.008837565779685974, -0.009772546589374542, -1.0008264780044556], [0.1618036925792694, -0.023819468915462494, 0.00922076404094696, -0.005451582837849855, 0.0074386149644851685, -0.010031933896243572, -1.0006964206695557], [0.1615455448627472, -0.05191845819354057, 0.009127557277679443, -0.008121957071125507, 0.010993525385856628, -0.015603715553879738, -1.0016067028045654], [0.15108458697795868, -0.018966682255268097, 0.009282343089580536, -0.008771701715886593, 0.008667871356010437, -0.013271979056298733, -0.9997693300247192], [0.15105396509170532, -0.010936316102743149, 0.006226077675819397, -0.006255439482629299, 0.0124703049659729, -0.012456713244318962, -1.002140760421753], [0.14014530181884766, -0.009245295077562332, 0.00475030392408371, -0.0045355139300227165, 0.004549920558929443, -0.007011617999523878, -1.00184965133667]]","[-0.0015280470080424392, 0.0002471154067568513, 0.005816348192065683, 0.005098015913482353, -0.004168013565636343, -0.00546541893862615]","[-0.0015280470080424392, 0.0002471154067568513, 0.005816348192065683, 0.005098015913482353, -0.004168013565636343, -0.00546541893862615]","[0.07374769449234009, 0.07392445206642151, 0.07503098249435425, 0.07497578859329224, 0.07355943322181702, 0.07453218102455139]","[0.07374769449234009, 0.07392445206642151, 0.07503098249435425, 0.07497578859329224, 0.07355943322181702, 0.07453218102455139]",2.0,2.0,6.0,6.0,086dfebd71040c3b8512d9e9cc25151dd95fdc19d68b60a3a990f563924cfbbb,086dfebd71040c3b8512d9e9cc25151dd95fdc19d68b60a3a990f563924cfbbb,2.0,2.0,0.0,True,0.0,True,0.0,True,True,True,False
Environment,frozen_closed_loop__Environment,libero_object_env,7,7,5220291,"[[0.16784560680389404, -0.04088066518306732, 0.007126405835151672, -0.0071556456387043, 0.009975090622901917, -0.01553133875131607, -1.000785231590271], [0.13494640588760376, 0.0004935264587402344, 0.007875077426433563, -0.005959896370768547, 0.007148846983909607, -0.006988858804106712, -0.9987351894378662], [0.1541370451450348, -0.008367374539375305, 0.008282773196697235, -0.007901008240878582, 0.012588053941726685, -0.012321543879806995, -1.0016505718231201], [0.17283864319324493, -0.0664859265089035, 0.008037127554416656, -0.008125743828713894, 0.012650907039642334, -0.01823108270764351, -1.0014567375183105], [0.134372740983963, -0.00584503635764122, 0.0064788758754730225, -0.004239421803504229, 0.006017223000526428, -0.009932678192853928, -1.0018024444580078], [0.16380071640014648, -0.05028342828154564, 0.0073786452412605286, -0.00922465045005083, 0.012557610869407654, -0.013015763834118843, -1.002250075340271]]","[[0.16784560680389404, -0.04088066518306732, 0.007126405835151672, -0.0071556456387043, 0.009975090622901917, -0.01553133875131607, -1.000785231590271], [0.13494640588760376, 0.0004935264587402344, 0.007875077426433563, -0.005959896370768547, 0.007148846983909607, -0.006988858804106712, -0.9987351894378662], [0.1541370451450348, -0.008367374539375305, 0.008282773196697235, -0.007901008240878582, 0.012588053941726685, -0.012321543879806995, -1.0016505718231201], [0.17283864319324493, -0.0664859265089035, 0.008037127554416656, -0.008125743828713894, 0.012650907039642334, -0.01823108270764351, -1.0014567375183105], [0.134372740983963, -0.00584503635764122, 0.0064788758754730225, -0.004239421803504229, 0.006017223000526428, -0.009932678192853928, -1.0018024444580078], [0.16380071640014648, -0.05028342828154564, 0.0073786452412605286, -0.00922465045005083, 0.012557610869407654, -0.013015763834118843, -1.002250075340271]]","[0.001596326064623284, -0.00650320914250411, -0.0008921206766535936, 0.008257312506694044, -0.0038901964213655595, 0.0014318876692057917]","[0.001596326064623284, -0.00650320914250411, -0.0008921206766535936, 0.008257312506694044, -0.0038901964213655595, 0.0014318876692057917]","[0.07405224442481995, 0.07470345497131348, 0.07550066709518433, 0.0760662853717804, 0.07384702563285828, 0.07414963841438293]","[0.07405224442481995, 0.07470345497131348, 0.07550066709518433, 0.0760662853717804, 0.07384702563285828, 0.07414963841438293]",3.0,3.0,6.0,6.0,086dfebd71040c3b8512d9e9cc25151dd95fdc19d68b60a3a990f563924cfbbb,086dfebd71040c3b8512d9e9cc25151dd95fdc19d68b60a3a990f563924cfbbb,3.0,3.0,0.0,True,0.0,True,0.0,True,True,True,False
Environment,frozen_closed_loop__Environment,libero_object_env,7,7,5220388,"[[0.15624481439590454, -0.019849073141813278, 0.007758960127830505, -0.006970960646867752, 0.009387373924255371, -0.012327514588832855, -1.000915765762329], [0.15931305289268494, -0.0506741926074028, 0.009569451212882996, -0.007717037107795477, 0.016262590885162354, -0.013657590374350548, -1.0032703876495361], [0.1521437168121338, -0.01206306740641594, 0.007403679192066193, -0.0060213361866772175, 0.014391660690307617, -0.01335823629051447, -1.0016535520553589], [0.14283132553100586, -0.017688274383544922, 0.008510202169418335, -0.005913569591939449, 0.013603538274765015, -0.012361268512904644, -1.0007537603378296], [0.16919061541557312, -0.03792179748415947, 0.006323531270027161, -0.008027107454836369, 0.016597285866737366, -0.013485451228916645, -1.0016456842422485], [0.13260573148727417, -0.009480491280555725, 0.006008483469486237, -0.004310851451009512, 0.008223608136177063, -0.011292431503534317, -1.0009475946426392]]","[[0.15624481439590454, -0.019849073141813278, 0.007758960127830505, -0.006970960646867752, 0.009387373924255371, -0.012327514588832855, -1.000915765762329], [0.15931305289268494, -0.0506741926074028, 0.009569451212882996, -0.007717037107795477, 0.016262590885162354, -0.013657590374350548, -1.0032703876495361], [0.1521437168121338, -0.01206306740641594, 0.007403679192066193, -0.0060213361866772175, 0.014391660690307617, -0.01335823629051447, -1.0016535520553589], [0.14283132553100586, -0.017688274383544922, 0.008510202169418335, -0.005913569591939449, 0.013603538274765015, -0.012361268512904644, -1.0007537603378296], [0.16919061541557312, -0.03792179748415947, 0.006323531270027161, -0.008027107454836369, 0.016597285866737366, -0.013485451228916645, -1.0016456842422485], [0.13260573148727417, -0.009480491280555725, 0.006008483469486237, -0.004310851451009512, 0.008223608136177063, -0.011292431503534317, -1.0009475946426392]]","[-0.0011977725818718096, 0.0033937765056741434, -0.002073325864889514, 0.0016955918865268274, 0.002698299504800103, -0.0045165694502398305]","[-0.0011977725818718096, 0.0033937765056741434, -0.002073325864889514, 0.0016955918865268274, 0.002698299504800103, -0.0045165694502398305]","[0.07455173134803772, 0.07477545738220215, 0.07383614778518677, 0.07483735680580139, 0.07423031330108643, 0.07396143674850464]","[0.07455173134803772, 0.07477545738220215, 0.07383614778518677, 0.07483735680580139, 0.07423031330108643, 0.07396143674850464]",3.0,3.0,6.0,6.0,086dfebd71040c3b8512d9e9cc25151dd95fdc19d68b60a3a990f563924cfbbb,086dfebd71040c3b8512d9e9cc25151dd95fdc19d68b60a3a990f563924cfbbb,1.0,3.0,0.0,True,0.0,True,0.0,True,True,True,True
Environment,frozen_closed_loop__Environment,libero_object_env,7,7,5220485,"[[0.15822194516658783, -0.012645162642002106, 0.006907917559146881, -0.006691408809274435, 0.014337703585624695, -0.010242431424558163, -1.0036969184875488], [0.15215277671813965, -0.01079382374882698, 0.00865928828716278, -0.007376209832727909, 0.015636876225471497, -0.01426885835826397, -1.0015004873275757], [0.15469428896903992, -0.02576228231191635, 0.007585175335407257, -0.0042636278085410595, 0.012395426630973816, -0.008505593053996563, -1.0021066665649414], [0.1500813364982605, -0.020083319395780563, 0.007432848215103149, -0.008346161805093288, 0.007908895611763, -0.01339789479970932, -1.0044288635253906], [0.16898798942565918, -0.03160480409860611, 0.009457580745220184, -0.006202251650393009, 0.017899587750434875, -0.014519807882606983, -1.002118706703186], [0.14413341879844666, -0.014712810516357422, 0.007640048861503601, -0.0075494227930903435, 0.006187990307807922, -0.00991844478994608, -1.0009496212005615]]","[[0.15822194516658783, -0.012645162642002106, 0.006907917559146881, -0.006691408809274435, 0.014337703585624695, -0.010242431424558163, -1.0036969184875488], [0.15215277671813965, -0.01079382374882698, 0.00865928828716278, -0.007376209832727909, 0.015636876225471497, -0.01426885835826397, -1.0015004873275757], [0.15469428896903992, -0.02576228231191635, 0.007585175335407257, -0.0042636278085410595, 0.012395426630973816, -0.008505593053996563, -1.0021066665649414], [0.1500813364982605, -0.020083319395780563, 0.007432848215103149, -0.008346161805093288, 0.007908895611763, -0.01339789479970932, -1.0044288635253906], [0.16898798942565918, -0.03160480409860611, 0.009457580745220184, -0.006202251650393009, 0.017899587750434875, -0.014519807882606983, -1.002118706703186], [0.14413341879844666, -0.014712810516357422, 0.007640048861503601, -0.0075494227930903435, 0.006187990307807922, -0.00991844478994608, -1.0009496212005615]]","[-0.004654641122414413, -0.0037674799403366855, 0.005277079745422776, -5.750260366718077e-05, 0.006105373349164651, -0.002902829428169134]","[-0.004654641122414413, -0.0037674799403366855, 0.005277079745422776, -5.750260366718077e-05, 0.006105373349164651, -0.002902829428169134]","[0.07385405898094177, 0.0733633041381836, 0.07575449347496033, 0.07485467195510864, 0.0743219256401062, 0.07384344935417175]","[0.07385405898094177, 0.0733633041381836, 0.07575449347496033, 0.07485467195510864, 0.0743219256401062, 0.07384344935417175]",2.0,2.0,6.0,6.0,086dfebd71040c3b8512d9e9cc25151dd95fdc19d68b60a3a990f563924cfbbb,086dfebd71040c3b8512d9e9cc25151dd95fdc19d68b60a3a990f563924cfbbb,4.0,2.0,0.0,True,0.0,True,0.0,True,True,True,True
Environment,frozen_closed_loop__Environment,libero_object_env,7,7,5220582,"[[0.1512792706489563, -0.01347290351986885, 0.010107569396495819, -0.006844385527074337, 0.012907147407531738, -0.010834993794560432, -1.0003031492233276], [0.14423087239265442, -0.012456793338060379, 0.008090212941169739, -0.008886677213013172, 0.012205883860588074, -0.012940237298607826, -1.000328779220581], [0.13308830559253693, -0.02240533009171486, 0.006386227905750275, -0.00952910352498293, 0.011920049786567688, -0.012272058986127377, -1.0004043579101562], [0.14995425939559937, -0.015907231718301773, 0.006804764270782471, -0.008393093012273312, 0.011098802089691162, -0.014161031693220139, -1.002915382385254], [0.16143321990966797, -0.019956808537244797, 0.008221976459026337, -0.0067701018415391445, 0.007916763424873352, -0.008162702433764935, -1.0005550384521484], [0.1705877184867859, -0.025220084935426712, 0.0077439844608306885, -0.007520093582570553, 0.011038094758987427, -0.01163849513977766, -1.0016298294067383]]","[[0.1512792706489563, -0.01347290351986885, 0.010107569396495819, -0.006844385527074337, 0.012907147407531738, -0.010834993794560432, -1.0003031492233276], [0.14423087239265442, -0.012456793338060379, 0.008090212941169739, -0.008886677213013172, 0.012205883860588074, -0.012940237298607826, -1.000328779220581], [0.13308830559253693, -0.02240533009171486, 0.006386227905750275, -0.00952910352498293, 0.011920049786567688, -0.012272058986127377, -1.0004043579101562], [0.14995425939559937, -0.015907231718301773, 0.006804764270782471, -0.008393093012273312, 0.011098802089691162, -0.014161031693220139, -1.002915382385254], [0.16143321990966797, -0.019956808537244797, 0.008221976459026337, -0.0067701018415391445, 0.007916763424873352, -0.008162702433764935, -1.0005550384521484], [0.1705877184867859, -0.025220084935426712, 0.0077439844608306885, -0.007520093582570553, 0.011038094758987427, -0.01163849513977766, -1.0016298294067383]]","[-0.000518678028183982, -0.0036075359299144447, -7.415895111443195e-05, -0.0032360062502637885, -0.00031976982573722655, 0.0077561489852138]","[-0.000518678028183982, -0.0036075359299144447, -7.415895111443195e-05, -0.0032360062502637885, -0.00031976982573722655, 0.0077561489852138]","[0.07421749830245972, 0.07398408651351929, 0.07374316453933716, 0.07460272312164307, 0.0737091600894928, 0.07517790794372559]","[0.07421749830245972, 0.07398408651351929, 0.07374316453933716, 0.07460272312164307, 0.0737091600894928, 0.07517790794372559]",5.0,5.0,6.0,6.0,086dfebd71040c3b8512d9e9cc25151dd95fdc19d68b60a3a990f563924cfbbb,086dfebd71040c3b8512d9e9cc25151dd95fdc19d68b60a3a990f563924cfbbb,5.0,5.0,0.0,True,0.0,True,0.0,True,True,True,False
Environment,frozen_closed_loop__Environment,libero_object_env,7,7,5220679,"[[0.1680079847574234, -0.04229240119457245, 0.007768124341964722, -0.00801402609795332, 0.011472836136817932, -0.015103711746633053, -1.000475525856018], [0.13706155121326447, -0.003268774598836899, 0.007197260856628418, -0.005455388687551022, 0.009246692061424255, -0.01127031072974205, -1.0015034675598145], [0.1389084756374359, -0.009164437651634216, 0.008737854659557343, -0.00542454095557332, 0.007051482796669006, -0.00646336330100894, -0.9981211423873901], [0.15682943165302277, -0.05112228915095329, 0.007780641317367554, -0.007553484756499529, 0.012628152966499329, -0.01533633004873991, -1.0003650188446045], [0.16973130404949188, -0.03473108634352684, 0.008707679808139801, -0.008398618549108505, 0.010416179895401001, -0.015594770200550556, -1.0019367933273315], [0.14140963554382324, -0.012964736670255661, 0.008023492991924286, -0.00937096681445837, 0.01061144471168518, -0.012630307115614414, -1.0011582374572754]]","[[0.1680079847574234, -0.04229240119457245, 0.007768124341964722, -0.00801402609795332, 0.011472836136817932, -0.015103711746633053, -1.000475525856018], [0.13706155121326447, -0.003268774598836899, 0.007197260856628418, -0.005455388687551022, 0.009246692061424255, -0.01127031072974205, -1.0015034675598145], [0.1389084756374359, -0.009164437651634216, 0.008737854659557343, -0.00542454095557332, 0.007051482796669006, -0.00646336330100894, -0.9981211423873901], [0.15682943165302277, -0.05112228915095329, 0.007780641317367554, -0.007553484756499529, 0.012628152966499329, -0.01533633004873991, -1.0003650188446045], [0.16973130404949188, -0.03473108634352684, 0.008707679808139801, -0.008398618549108505, 0.010416179895401001, -0.015594770200550556, -1.0019367933273315], [0.14140963554382324, -0.012964736670255661, 0.008023492991924286, -0.00937096681445837, 0.01061144471168518, -0.012630307115614414, -1.0011582374572754]]","[0.006216727713808006, -0.0045673647903200654, -0.002177275900124913, 0.0018922317688967595, 0.0006074801819614753, -0.0019717989742213775]","[0.006216727713808006, -0.0045673647903200654, -0.002177275900124913, 0.0018922317688967595, 0.0006074801819614753, -0.0019717989742213775]","[0.07529130578041077, 0.07437390089035034, 0.07454627752304077, 0.07334402203559875, 0.07435864210128784, 0.07439914345741272]","[0.07529130578041077, 0.07437390089035034, 0.07454627752304077, 0.07334402203559875, 0.07435864210128784, 0.07439914345741272]",0.0,0.0,6.0,6.0,086dfebd71040c3b8512d9e9cc25151dd95fdc19d68b60a3a990f563924cfbbb,086dfebd71040c3b8512d9e9cc25151dd95fdc19d68b60a3a990f563924cfbbb,0.0,0.0,0.0,True,0.0,True,0.0,True,True,True,False
Environment,frozen_closed_loop__Environment,libero_object_env,7,8,5230000,"[[0.178304985165596, 0.007302090525627136, 0.010146237909793854, -0.011857333593070507, 0.006614327430725098, -0.00910992082208395, -1.0025947093963623], [0.17184746265411377, 0.008062385022640228, 0.011129491031169891, -0.008677438832819462, 0.0028486400842666626, -0.007010891102254391, -1.000571608543396], [0.15575599670410156, 0.012349113821983337, 0.0094623863697052, -0.010487089864909649, 0.0010350197553634644, -0.002080385573208332, -1.0015133619308472], [0.19349277019500732, 0.0029287487268447876, 0.008886046707630157, -0.015587952919304371, 0.00791841745376587, -0.011610887944698334, -1.0014384984970093], [0.14471623301506042, 0.011565014719963074, 0.008500814437866211, -0.007808903697878122, 0.0015622526407241821, -0.0021016027312725782, -1.0014054775238037], [0.146690234541893, 0.01227792352437973, 0.010022297501564026, -0.007304780185222626, 0.0005674213171005249, -0.001729100476950407, -1.0029935836791992]]","[[0.178304985165596, 0.007302090525627136, 0.010146237909793854, -0.011857333593070507, 0.006614327430725098, -0.00910992082208395, -1.0025947093963623], [0.17184746265411377, 0.008062385022640228, 0.011129491031169891, -0.008677438832819462, 0.0028486400842666626, -0.007010891102254391, -1.000571608543396], [0.15575599670410156, 0.012349113821983337, 0.0094623863697052, -0.010487089864909649, 0.0010350197553634644, -0.002080385573208332, -1.0015133619308472], [0.19349277019500732, 0.0029287487268447876, 0.008886046707630157, -0.015587952919304371, 0.00791841745376587, -0.011610887944698334, -1.0014384984970093], [0.14471623301506042, 0.011565014719963074, 0.008500814437866211, -0.007808903697878122, 0.0015622526407241821, -0.0021016027312725782, -1.0014054775238037], [0.146690234541893, 0.01227792352437973, 0.010022297501564026, -0.007304780185222626, 0.0005674213171005249, -0.001729100476950407, -1.0029935836791992]]","[0.001893526071388151, 0.0001610291319425357, -0.0022921502865836103, 0.004328442677242414, 0.0009621125853882498, -0.005052960179377842]","[0.001893526071388151, 0.0001610291319425357, -0.0022921502865836103, 0.004328442677242414, 0.0009621125853882498, -0.005052960179377842]","[0.08746019005775452, 0.08924484252929688, 0.10296204686164856, 0.08937039971351624, 0.24910005927085876, 0.07942759990692139]","[0.08746019005775452, 0.08924484252929688, 0.10296204686164856, 0.08937039971351624, 0.24910005927085876, 0.07942759990692139]",4.0,4.0,6.0,6.0,086dfebd71040c3b8512d9e9cc25151dd95fdc19d68b60a3a990f563924cfbbb,086dfebd71040c3b8512d9e9cc25151dd95fdc19d68b60a3a990f563924cfbbb,3.0,4.0,0.0,True,0.0,True,0.0,True,True,True,True
Environment,frozen_closed_loop__Environment,libero_object_env,7,8,5230097,"[[0.16091454029083252, 0.009434223175048828, 0.010399259626865387, -0.01087856199592352, 0.003965243697166443, -0.007171595469117165, -1.0001932382583618], [0.16149994730949402, 0.01216113567352295, 0.011268407106399536, -0.009816139005124569, 0.0023975372314453125, -0.005963865667581558, -1.001530408859253], [0.1755000650882721, 0.002940818667411804, 0.0077752768993377686, -0.01663513481616974, 0.00827944278717041, -0.010462712496519089, -1.0027728080749512], [0.18917955458164215, 0.000627860426902771, 0.010208934545516968, -0.011010351590812206, 0.004405394196510315, -0.00975187961012125, -1.0016506910324097], [0.16001847386360168, 0.01270383596420288, 0.009744800627231598, -0.009166119620203972, 0.0018174201250076294, -0.0031963721849024296, -1.002790093421936], [0.16218703985214233, 0.010750740766525269, 0.009803026914596558, -0.013168387115001678, 0.0069944411516189575, -0.005890035070478916, -1.0029017925262451]]","[[0.16091454029083252, 0.009434223175048828, 0.010399259626865387, -0.01087856199592352, 0.003965243697166443, -0.007171595469117165, -1.0001932382583618], [0.16149994730949402, 0.01216113567352295, 0.011268407106399536, -0.009816139005124569, 0.0023975372314453125, -0.005963865667581558, -1.001530408859253], [0.1755000650882721, 0.002940818667411804, 0.0077752768993377686, -0.01663513481616974, 0.00827944278717041, -0.010462712496519089, -1.0027728080749512], [0.18917955458164215, 0.000627860426902771, 0.010208934545516968, -0.011010351590812206, 0.004405394196510315, -0.00975187961012125, -1.0016506910324097], [0.16001847386360168, 0.01270383596420288, 0.009744800627231598, -0.009166119620203972, 0.0018174201250076294, -0.0031963721849024296, -1.002790093421936], [0.16218703985214233, 0.010750740766525269, 0.009803026914596558, -0.013168387115001678, 0.0069944411516189575, -0.005890035070478916, -1.0029017925262451]]","[0.00478076016673115, -0.005201692875350616, 0.0024970949305988645, 0.005087790226356418, -0.004644689668513849, -0.002519262779822029]","[0.00478076016673115, -0.005201692875350616, 0.0024970949305988645, 0.005087790226356418, -0.004644689668513849, -0.002519262779822029]","[0.16933947801589966, 0.09155717492103577, 0.08394896984100342, 0.08581185340881348, 0.08423560857772827, 0.08962693810462952]","[0.16933947801589966, 0.09155717492103577, 0.08394896984100342, 0.08581185340881348, 0.08423560857772827, 0.08962693810462952]",0.0,0.0,6.0,6.0,086dfebd71040c3b8512d9e9cc25151dd95fdc19d68b60a3a990f563924cfbbb,086dfebd71040c3b8512d9e9cc25151dd95fdc19d68b60a3a990f563924cfbbb,3.0,0.0,0.0,True,0.0,True,0.0,True,True,True,True
Environment,frozen_closed_loop__Environment,libero_object_env,7,8,5230194,"[[0.19389140605926514, 0.0021592900156974792, 0.01048944890499115, -0.011730977334082127, 0.007022067904472351, -0.008589977398514748, -1.0023523569107056], [0.18198475241661072, 0.006465800106525421, 0.011699795722961426, -0.013097615912556648, 0.006396576762199402, -0.007532001938670874, -1.002685308456421], [0.1687876135110855, 0.008849166333675385, 0.009409971535205841, -0.011652064509689808, 0.0022125542163848877, -0.006292171310633421, -1.0034388303756714], [0.18273118138313293, 0.005398057401180267, 0.0086279958486557, -0.013115235604345798, 0.0067602843046188354, -0.009742075577378273, -1.0024855136871338], [0.19052647054195404, 0.0051298364996910095, 0.00762205570936203, -0.016015559434890747, 0.010626599192619324, -0.011460053734481335, -1.003718614578247], [0.1665261685848236, 0.005720146000385284, 0.009225457906723022, -0.012725593522191048, 0.003656744956970215, -0.006023000925779343, -1.0014203786849976]]","[[0.19389140605926514, 0.0021592900156974792, 0.01048944890499115, -0.011730977334082127, 0.007022067904472351, -0.008589977398514748, -1.0023523569107056], [0.18198475241661072, 0.006465800106525421, 0.011699795722961426, -0.013097615912556648, 0.006396576762199402, -0.007532001938670874, -1.002685308456421], [0.1687876135110855, 0.008849166333675385, 0.009409971535205841, -0.011652064509689808, 0.0022125542163848877, -0.006292171310633421, -1.0034388303756714], [0.18273118138313293, 0.005398057401180267, 0.0086279958486557, -0.013115235604345798, 0.0067602843046188354, -0.009742075577378273, -1.0024855136871338], [0.19052647054195404, 0.0051298364996910095, 0.00762205570936203, -0.016015559434890747, 0.010626599192619324, -0.011460053734481335, -1.003718614578247], [0.1665261685848236, 0.005720146000385284, 0.009225457906723022, -0.012725593522191048, 0.003656744956970215, -0.006023000925779343, -1.0014203786849976]]","[0.003199504717918077, 0.0038775720697251264, -0.0039714620219216765, 0.001982958605308342, -0.0007225233966615292, -0.004366049974368362]","[0.003199504717918077, 0.0038775720697251264, -0.0039714620219216765, 0.001982958605308342, -0.0007225233966615292, -0.004366049974368362]","[0.09322217106819153, 0.09278279542922974, 0.08976614475250244, 0.08158504962921143, 0.08382201194763184, 0.08679255843162537]","[0.09322217106819153, 0.09278279542922974, 0.08976614475250244, 0.08158504962921143, 0.08382201194763184, 0.08679255843162537]",0.0,0.0,6.0,6.0,086dfebd71040c3b8512d9e9cc25151dd95fdc19d68b60a3a990f563924cfbbb,086dfebd71040c3b8512d9e9cc25151dd95fdc19d68b60a3a990f563924cfbbb,1.0,0.0,0.0,True,0.0,True,0.0,True,True,True,True
Environment,frozen_closed_loop__Environment,libero_object_env,7,8,5230291,"[[0.16668197512626648, 0.008250810205936432, 0.010361261665821075, -0.011910246685147285, 0.0019166618585586548, -0.00570665905252099, -1.0017293691635132], [0.19123099744319916, 0.0069468095898628235, 0.009297989308834076, -0.012592394836246967, 0.006730422377586365, -0.009712859988212585, -1.0025402307510376], [0.1565931737422943, 0.014772601425647736, 0.006824769079685211, -0.008439511060714722, 0.0014693140983581543, -0.0022187712602317333, -1.0007556676864624], [0.14491751790046692, 0.009580850601196289, 0.009253062307834625, -0.012203484773635864, 0.0011331886053085327, -0.0050053889863193035, -1.0009760856628418], [0.17264720797538757, 0.009075142443180084, 0.009374096989631653, -0.012183413840830326, 0.0071073174476623535, -0.006280780304223299, -1.0024970769882202], [0.17896346747875214, 0.0065039098262786865, 0.009212717413902283, -0.012941895052790642, 0.008530229330062866, -0.01242362055927515, -1.0033552646636963]]","[[0.16668197512626648, 0.008250810205936432, 0.010361261665821075, -0.011910246685147285, 0.0019166618585586548, -0.00570665905252099, -1.0017293691635132], [0.19123099744319916, 0.0069468095898628235, 0.009297989308834076, -0.012592394836246967, 0.006730422377586365, -0.009712859988212585, -1.0025402307510376], [0.1565931737422943, 0.014772601425647736, 0.006824769079685211, -0.008439511060714722, 0.0014693140983581543, -0.0022187712602317333, -1.0007556676864624], [0.14491751790046692, 0.009580850601196289, 0.009253062307834625, -0.012203484773635864, 0.0011331886053085327, -0.0050053889863193035, -1.0009760856628418], [0.17264720797538757, 0.009075142443180084, 0.009374096989631653, -0.012183413840830326, 0.0071073174476623535, -0.006280780304223299, -1.0024970769882202], [0.17896346747875214, 0.0065039098262786865, 0.009212717413902283, -0.012941895052790642, 0.008530229330062866, -0.01242362055927515, -1.0033552646636963]]","[-0.00010772946428352741, 0.002955913818378875, -0.006454528226724292, 0.0008001275354017701, -0.0005346339365658989, 0.0033408502737930067]","[-0.00010772946428352741, 0.002955913818378875, -0.006454528226724292, 0.0008001275354017701, -0.0005346339365658989, 0.0033408502737930067]","[0.09724694490432739, 0.11550655961036682, 0.0995873212814331, 0.2539205551147461, 0.12437167763710022, 0.1004314124584198]","[0.09724694490432739, 0.11550655961036682, 0.0995873212814331, 0.2539205551147461, 0.12437167763710022, 0.1004314124584198]",3.0,3.0,6.0,6.0,086dfebd71040c3b8512d9e9cc25151dd95fdc19d68b60a3a990f563924cfbbb,086dfebd71040c3b8512d9e9cc25151dd95fdc19d68b60a3a990f563924cfbbb,5.0,3.0,0.0,True,0.0,True,0.0,True,True,True,True
Environment,frozen_closed_loop__Environment,libero_object_env,7,8,5230388,"[[0.15631511807441711, 0.016728602349758148, 0.008363015949726105, -0.009592099115252495, 0.0019227862358093262, -0.004379733931273222, -1.0018681287765503], [0.15665429830551147, 0.01239527016878128, 0.009959377348423004, -0.008701754733920097, 0.0020243972539901733, -0.0029400689527392387, -1.0005420446395874], [0.16091006994247437, 0.010791309177875519, 0.009423941373825073, -0.009171846322715282, 0.0030931681394577026, -0.0038237236440181732, -1.0019748210906982], [0.1850643754005432, 0.003451220691204071, 0.008449740707874298, -0.018651098012924194, 0.009139850735664368, -0.01072507444769144, -1.0021318197250366], [0.16122165322303772, 0.009579844772815704, 0.008992105722427368, -0.014842388220131397, 0.0020405352115631104, -0.005078712943941355, -1.00090491771698], [0.16863271594047546, 0.008754171431064606, 0.010900385677814484, -0.011000068858265877, 0.0011892914772033691, -0.003808411071076989, -1.001846194267273]]","[[0.15631511807441711, 0.016728602349758148, 0.008363015949726105, -0.009592099115252495, 0.0019227862358093262, -0.004379733931273222, -1.0018681287765503], [0.15665429830551147, 0.01239527016878128, 0.009959377348423004, -0.008701754733920097, 0.0020243972539901733, -0.0029400689527392387, -1.0005420446395874], [0.16091006994247437, 0.010791309177875519, 0.009423941373825073, -0.009171846322715282, 0.0030931681394577026, -0.0038237236440181732, -1.0019748210906982], [0.1850643754005432, 0.003451220691204071, 0.008449740707874298, -0.018651098012924194, 0.009139850735664368, -0.01072507444769144, -1.0021318197250366], [0.16122165322303772, 0.009579844772815704, 0.008992105722427368, -0.014842388220131397, 0.0020405352115631104, -0.005078712943941355, -1.00090491771698], [0.16863271594047546, 0.008754171431064606, 0.010900385677814484, -0.011000068858265877, 0.0011892914772033691, -0.003808411071076989, -1.001846194267273]]","[-0.003457789715088214, -0.0030200683514907986, -0.002828814626129045, 0.006579368097921719, 0.0037521640714391407, -0.0010248594766528066]","[-0.003457789715088214, -0.0030200683514907986, -0.002828814626129045, 0.006579368097921719, 0.0037521640714391407, -0.0010248594766528066]","[0.09243044257164001, 0.09874230623245239, 0.09394034743309021, 0.11577564477920532, 0.22469443082809448, 0.09133827686309814]","[0.09243044257164001, 0.09874230623245239, 0.09394034743309021, 0.11577564477920532, 0.22469443082809448, 0.09133827686309814]",4.0,4.0,6.0,6.0,086dfebd71040c3b8512d9e9cc25151dd95fdc19d68b60a3a990f563924cfbbb,086dfebd71040c3b8512d9e9cc25151dd95fdc19d68b60a3a990f563924cfbbb,3.0,4.0,0.0,True,0.0,True,0.0,True,True,True,True
Environment,frozen_closed_loop__Environment,libero_object_env,7,8,5230485,"[[0.1782931387424469, 0.010398253798484802, 0.008870288729667664, -0.016544511541724205, 0.005989551544189453, -0.006733634974807501, -1.0019071102142334], [0.16567501425743103, 0.01118592917919159, 0.010327622294425964, -0.011144519783556461, 0.0017994493246078491, -0.004062775522470474, -1.0010757446289062], [0.15714414417743683, 0.010257437825202942, 0.009220987558364868, -0.010281565599143505, 0.0008368492126464844, -0.004758008755743504, -1.0017576217651367], [0.15300291776657104, 0.010121874511241913, 0.009005963802337646, -0.011194488033652306, 0.0015224218368530273, -0.00501841027289629, -1.0020930767059326], [0.17648902535438538, 0.00973384827375412, 0.010951124131679535, -0.019263187423348427, 0.007365882396697998, -0.0068489969708025455, -1.0028640031814575], [0.15331673622131348, 0.01326531171798706, 0.010021291673183441, -0.009823257103562355, 0.0017145127058029175, -0.003422491019591689, -1.001494288444519]]","[[0.1782931387424469, 0.010398253798484802, 0.008870288729667664, -0.016544511541724205, 0.005989551544189453, -0.006733634974807501, -1.0019071102142334], [0.16567501425743103, 0.01118592917919159, 0.010327622294425964, -0.011144519783556461, 0.0017994493246078491, -0.004062775522470474, -1.0010757446289062], [0.15714414417743683, 0.010257437825202942, 0.009220987558364868, -0.010281565599143505, 0.0008368492126464844, -0.004758008755743504, -1.0017576217651367], [0.15300291776657104, 0.010121874511241913, 0.009005963802337646, -0.011194488033652306, 0.0015224218368530273, -0.00501841027289629, -1.0020930767059326], [0.17648902535438538, 0.00973384827375412, 0.010951124131679535, -0.019263187423348427, 0.007365882396697998, -0.0068489969708025455, -1.0028640031814575], [0.15331673622131348, 0.01326531171798706, 0.010021291673183441, -0.009823257103562355, 0.0017145127058029175, -0.003422491019591689, -1.001494288444519]]","[0.007609832696452731, 0.00010994405318204005, -0.003145651685498744, -0.002603790810397067, 0.004512075221881573, -0.006482409475620541]","[0.007609832696452731, 0.00010994405318204005, -0.003145651685498744, -0.002603790810397067, 0.004512075221881573, -0.006482409475620541]","[0.2291296422481537, 0.14494064450263977, 0.08069878816604614, 0.08845558762550354, 0.13519287109375, 0.09921807050704956]","[0.2291296422481537, 0.14494064450263977, 0.08069878816604614, 0.08845558762550354, 0.13519287109375, 0.09921807050704956]",0.0,0.0,6.0,6.0,086dfebd71040c3b8512d9e9cc25151dd95fdc19d68b60a3a990f563924cfbbb,086dfebd71040c3b8512d9e9cc25151dd95fdc19d68b60a3a990f563924cfbbb,0.0,0.0,0.0,True,0.0,True,0.0,True,True,True,False
Environment,frozen_closed_loop__Environment,libero_object_env,7,8,5230582,"[[0.1495584100484848, 0.01451198011636734, 0.007733479142189026, -0.008008847944438457, 0.0019416064023971558, -0.005078052170574665, -1.0014598369598389], [0.16940978169441223, 0.011387653648853302, 0.012017078697681427, -0.01146670337766409, 0.0001640617847442627, -0.004219183698296547, -1.001880407333374], [0.1766030192375183, 0.007194802165031433, 0.011730864644050598, -0.011422919109463692, 0.00392228364944458, -0.007652563508599997, -1.0017876625061035], [0.15843796730041504, 0.009041838347911835, 0.010452456772327423, -0.012932179495692253, 0.0024351775646209717, -0.005732657387852669, -1.0029267072677612], [0.1639140397310257, 0.014025270938873291, 0.0109848752617836, -0.009050248190760612, 0.002693384885787964, -0.0038117601070553064, -1.0020041465759277], [0.14951862394809723, 0.013344995677471161, 0.005339048802852631, -0.008208224549889565, 0.00010710954666137695, -0.002239591907709837, -1.0013549327850342]]","[[0.1495584100484848, 0.01451198011636734, 0.007733479142189026, -0.008008847944438457, 0.0019416064023971558, -0.005078052170574665, -1.0014598369598389], [0.16940978169441223, 0.011387653648853302, 0.012017078697681427, -0.01146670337766409, 0.0001640617847442627, -0.004219183698296547, -1.001880407333374], [0.1766030192375183, 0.007194802165031433, 0.011730864644050598, -0.011422919109463692, 0.00392228364944458, -0.007652563508599997, -1.0017876625061035], [0.15843796730041504, 0.009041838347911835, 0.010452456772327423, -0.012932179495692253, 0.0024351775646209717, -0.005732657387852669, -1.0029267072677612], [0.1639140397310257, 0.014025270938873291, 0.0109848752617836, -0.009050248190760612, 0.002693384885787964, -0.0038117601070553064, -1.0020041465759277], [0.14951862394809723, 0.013344995677471161, 0.005339048802852631, -0.008208224549889565, 0.00010710954666137695, -0.002239591907709837, -1.0013549327850342]]","[-0.0043906380851840374, -1.0914143519235447e-05, 0.0030980498301673544, 0.00475833841381729, 0.001805860898395897, -0.005260696913677364]","[-0.0043906380851840374, -1.0914143519235447e-05, 0.0030980498301673544, 0.00475833841381729, 0.001805860898395897, -0.005260696913677364]","[0.08957609534263611, 0.08567169308662415, 0.08758583664894104, 0.15949630737304688, 0.15455752611160278, 0.11088991165161133]","[0.08957609534263611, 0.08567169308662415, 0.08758583664894104, 0.15949630737304688, 0.15455752611160278, 0.11088991165161133]",3.0,3.0,6.0,6.0,086dfebd71040c3b8512d9e9cc25151dd95fdc19d68b60a3a990f563924cfbbb,086dfebd71040c3b8512d9e9cc25151dd95fdc19d68b60a3a990f563924cfbbb,3.0,3.0,0.0,True,0.0,True,0.0,True,True,True,False
Environment,frozen_closed_loop__Environment,libero_object_env,7,8,5230679,"[[0.1804862916469574, 0.006489604711532593, 0.01028493046760559, -0.015287322923541069, 0.007145896553993225, -0.008290710859000683, -1.00218665599823], [0.16227197647094727, 0.010184459388256073, 0.007902011275291443, -0.008404893800616264, 0.003571540117263794, -0.005619455128908157, -1.0018587112426758], [0.1570214331150055, 0.012642256915569305, 0.008753500878810883, -0.009080510586500168, 0.0003179311752319336, -0.0045484802685678005, -1.0015114545822144], [0.1648901402950287, 0.01356951892375946, 0.009121298789978027, -0.010150727815926075, 0.0015576481819152832, -0.0038493473548442125, -1.0033507347106934], [0.16442455351352692, 0.00715300440788269, 0.009658187627792358, -0.011414009146392345, 0.005530893802642822, -0.0073686097748577595, -1.0005168914794922], [0.18668431043624878, 0.004868544638156891, 0.008855760097503662, -0.015105126425623894, 0.005212247371673584, -0.006625059060752392, -1.0027985572814941]]","[[0.1804862916469574, 0.006489604711532593, 0.01028493046760559, -0.015287322923541069, 0.007145896553993225, -0.008290710859000683, -1.00218665599823], [0.16227197647094727, 0.010184459388256073, 0.007902011275291443, -0.008404893800616264, 0.003571540117263794, -0.005619455128908157, -1.0018587112426758], [0.1570214331150055, 0.012642256915569305, 0.008753500878810883, -0.009080510586500168, 0.0003179311752319336, -0.0045484802685678005, -1.0015114545822144], [0.1648901402950287, 0.01356951892375946, 0.009121298789978027, -0.010150727815926075, 0.0015576481819152832, -0.0038493473548442125, -1.0033507347106934], [0.16442455351352692, 0.00715300440788269, 0.009658187627792358, -0.011414009146392345, 0.005530893802642822, -0.0073686097748577595, -1.0005168914794922], [0.18668431043624878, 0.004868544638156891, 0.008855760097503662, -0.015105126425623894, 0.005212247371673584, -0.006625059060752392, -1.0027985572814941]]","[0.0038358453349678703, -0.003356579576096536, -0.006334995611320183, -0.0026849249008926174, 0.0018826102215253441, 0.006658044531816095]","[0.0038358453349678703, -0.003356579576096536, -0.006334995611320183, -0.0026849249008926174, 0.0018826102215253441, 0.006658044531816095]","[0.1796761155128479, 0.09494447708129883, 0.07947501540184021, 0.08677896857261658, 0.09342038631439209, 0.19355151057243347]","[0.1796761155128479, 0.09494447708129883, 0.07947501540184021, 0.08677896857261658, 0.09342038631439209, 0.19355151057243347]",5.0,5.0,6.0,6.0,086dfebd71040c3b8512d9e9cc25151dd95fdc19d68b60a3a990f563924cfbbb,086dfebd71040c3b8512d9e9cc25151dd95fdc19d68b60a3a990f563924cfbbb,5.0,5.0,0.0,True,0.0,True,0.0,True,True,True,False
Environment,frozen_closed_loop__Environment,libero_object_env,7,9,5240000,"[[0.15740934014320374, -0.0024003535509109497, 0.008827261626720428, -0.019323017448186874, 0.00908571481704712, -0.007034135051071644, -1.0009673833847046], [0.1554018259048462, 0.004116073250770569, 0.007604509592056274, -0.02218707837164402, 0.01011890172958374, -0.010922528803348541, -1.0009164810180664], [0.13954170048236847, 0.003905743360519409, 0.007228441536426544, -0.018572477623820305, 0.0075266361236572266, -0.009910733439028263, -1.0014774799346924], [0.13404496014118195, 0.0030057504773139954, 0.0078074634075164795, -0.018522435799241066, 0.00871516764163971, -0.01063762791454792, -1.0017797946929932], [0.13748568296432495, 0.0015875324606895447, 0.00655587762594223, -0.018946805968880653, 0.009329169988632202, -0.006712594069540501, -0.9998979568481445], [0.17148983478546143, -0.015233997255563736, 0.006109848618507385, -0.020166998729109764, 0.012459486722946167, -0.013702294789254665, -1.0003912448883057]]","[[0.15740934014320374, -0.0024003535509109497, 0.008827261626720428, -0.019323017448186874, 0.00908571481704712, -0.007034135051071644, -1.0009673833847046], [0.1554018259048462, 0.004116073250770569, 0.007604509592056274, -0.02218707837164402, 0.01011890172958374, -0.010922528803348541, -1.0009164810180664], [0.13954170048236847, 0.003905743360519409, 0.007228441536426544, -0.018572477623820305, 0.0075266361236572266, -0.009910733439028263, -1.0014774799346924], [0.13404496014118195, 0.0030057504773139954, 0.0078074634075164795, -0.018522435799241066, 0.00871516764163971, -0.01063762791454792, -1.0017797946929932], [0.13748568296432495, 0.0015875324606895447, 0.00655587762594223, -0.018946805968880653, 0.009329169988632202, -0.006712594069540501, -0.9998979568481445], [0.17148983478546143, -0.015233997255563736, 0.006109848618507385, -0.020166998729109764, 0.012459486722946167, -0.013702294789254665, -1.0003912448883057]]","[0.0011102688150582264, -0.00018220114032417903, -0.004208893314222157, -0.004160752290866898, -0.001580041910414243, 0.009021619840769213]","[0.0011102688150582264, -0.00018220114032417903, -0.004208893314222157, -0.004160752290866898, -0.001580041910414243, 0.009021619840769213]","[0.07316997647285461, 0.07420533895492554, 0.0738564133644104, 0.07565939426422119, 0.07399433851242065, 0.07617586851119995]","[0.07316997647285461, 0.07420533895492554, 0.0738564133644104, 0.07565939426422119, 0.07399433851242065, 0.07617586851119995]",5.0,5.0,6.0,6.0,086dfebd71040c3b8512d9e9cc25151dd95fdc19d68b60a3a990f563924cfbbb,086dfebd71040c3b8512d9e9cc25151dd95fdc19d68b60a3a990f563924cfbbb,5.0,5.0,0.0,True,0.0,True,0.0,True,True,True,False
Environment,frozen_closed_loop__Environment,libero_object_env,7,9,5240097,"[[0.15579253435134888, -0.003896355628967285, 0.007492415606975555, -0.02596067637205124, 0.014704003930091858, -0.012447922490537167, -1.0004541873931885], [0.19698970019817352, -0.040574055165052414, 0.007347576320171356, -0.025383714586496353, 0.02066051959991455, -0.013534274883568287, -1.0005663633346558], [0.1550835371017456, 0.0009987875819206238, 0.008066967129707336, -0.018995199352502823, 0.013946369290351868, -0.01167348213493824, -1.00077486038208], [0.1533510535955429, 0.002432093024253845, 0.007487945258617401, -0.022069284692406654, 0.012955069541931152, -0.011153141967952251, -0.9992586374282837], [0.1638806164264679, -0.006414223462343216, 0.009200312197208405, -0.019282381981611252, 0.012728333473205566, -0.008909337222576141, -1.0023730993270874], [0.16258421540260315, -0.0022210925817489624, 0.007268898189067841, -0.02093440853059292, 0.009124070405960083, -0.009652601554989815, -1.0004860162734985]]","[[0.15579253435134888, -0.003896355628967285, 0.007492415606975555, -0.02596067637205124, 0.014704003930091858, -0.012447922490537167, -1.0004541873931885], [0.19698970019817352, -0.040574055165052414, 0.007347576320171356, -0.025383714586496353, 0.02066051959991455, -0.013534274883568287, -1.0005663633346558], [0.1550835371017456, 0.0009987875819206238, 0.008066967129707336, -0.018995199352502823, 0.013946369290351868, -0.01167348213493824, -1.00077486038208], [0.1533510535955429, 0.002432093024253845, 0.007487945258617401, -0.022069284692406654, 0.012955069541931152, -0.011153141967952251, -0.9992586374282837], [0.1638806164264679, -0.006414223462343216, 0.009200312197208405, -0.019282381981611252, 0.012728333473205566, -0.008909337222576141, -1.0023730993270874], [0.16258421540260315, -0.0022210925817489624, 0.007268898189067841, -0.02093440853059292, 0.009124070405960083, -0.009652601554989815, -1.0004860162734985]]","[-0.0005938185747069136, 0.005110431364998576, -0.0021856013204006085, -0.001981150253998056, -0.002612680246378705, 0.002262819030485648]","[-0.0005938185747069136, 0.005110431364998576, -0.0021856013204006085, -0.001981150253998056, -0.002612680246378705, 0.002262819030485648]","[0.07461422681808472, 0.07423743605613708, 0.0756148099899292, 0.07449162006378174, 0.07330891489982605, 0.07552361488342285]","[0.07461422681808472, 0.07423743605613708, 0.0756148099899292, 0.07449162006378174, 0.07330891489982605, 0.07552361488342285]",2.0,2.0,6.0,6.0,086dfebd71040c3b8512d9e9cc25151dd95fdc19d68b60a3a990f563924cfbbb,086dfebd71040c3b8512d9e9cc25151dd95fdc19d68b60a3a990f563924cfbbb,1.0,2.0,0.0,True,0.0,True,0.0,True,True,True,True
Environment,frozen_closed_loop__Environment,libero_object_env,7,9,5240194,"[[0.17880454659461975, -0.028453320264816284, 0.0077886879444122314, -0.02099839225411415, 0.013675421476364136, -0.013153312727808952, -1.0012426376342773], [0.14560773968696594, 0.0009784474968910217, 0.005864985287189484, -0.02103886380791664, 0.013112694025039673, -0.009518886916339397, -1.0011274814605713], [0.10968927294015884, 0.001813843846321106, 0.008998587727546692, -0.018306024372577667, 0.002111569046974182, -0.007263162173330784, -0.9983572959899902], [0.1632000207901001, 0.0011554732918739319, 0.007756724953651428, -0.022307615727186203, 0.015340089797973633, -0.00706592807546258, -1.000182867050171], [0.16377848386764526, -0.0002975575625896454, 0.008943825960159302, -0.02489064261317253, 0.01373983919620514, -0.011352998204529285, -1.0013049840927124], [0.16710586845874786, -0.0052575767040252686, 0.007527060806751251, -0.019853707402944565, 0.008387312293052673, -0.009830469265580177, -1.0006223917007446]]","[[0.17880454659461975, -0.028453320264816284, 0.0077886879444122314, -0.02099839225411415, 0.013675421476364136, -0.013153312727808952, -1.0012426376342773], [0.14560773968696594, 0.0009784474968910217, 0.005864985287189484, -0.02103886380791664, 0.013112694025039673, -0.009518886916339397, -1.0011274814605713], [0.10968927294015884, 0.001813843846321106, 0.008998587727546692, -0.018306024372577667, 0.002111569046974182, -0.007263162173330784, -0.9983572959899902], [0.1632000207901001, 0.0011554732918739319, 0.007756724953651428, -0.022307615727186203, 0.015340089797973633, -0.00706592807546258, -1.000182867050171], [0.16377848386764526, -0.0002975575625896454, 0.008943825960159302, -0.02489064261317253, 0.01373983919620514, -0.011352998204529285, -1.0013049840927124], [0.16710586845874786, -0.0052575767040252686, 0.007527060806751251, -0.019853707402944565, 0.008387312293052673, -0.009830469265580177, -1.0006223917007446]]","[0.005816045556241273, -0.0017470524297685237, -0.00589822436931458, 0.0006933816475413353, -0.003245579720651213, 0.004381429315951657]","[0.005816045556241273, -0.0017470524297685237, -0.00589822436931458, 0.0006933816475413353, -0.003245579720651213, 0.004381429315951657]","[0.07620793581008911, 0.07469606399536133, 0.07406824827194214, 0.07394760847091675, 0.07391053438186646, 0.07555350661277771]","[0.07620793581008911, 0.07469606399536133, 0.07406824827194214, 0.07394760847091675, 0.07391053438186646, 0.07555350661277771]",0.0,0.0,6.0,6.0,086dfebd71040c3b8512d9e9cc25151dd95fdc19d68b60a3a990f563924cfbbb,086dfebd71040c3b8512d9e9cc25151dd95fdc19d68b60a3a990f563924cfbbb,0.0,0.0,0.0,True,0.0,True,0.0,True,True,True,False
Environment,frozen_closed_loop__Environment,libero_object_env,7,9,5240291,"[[0.15758760273456573, 0.0005026906728744507, 0.007151104509830475, -0.020113974809646606, 0.011216551065444946, -0.010346468538045883, -1.0008246898651123], [0.1462102234363556, 0.002878233790397644, 0.007910951972007751, -0.015696963295340538, 0.0039176344871521, -0.008374720811843872, -1.0017507076263428], [0.13518589735031128, 0.002841353416442871, 0.007905587553977966, -0.014014527201652527, 0.011551246047019958, -0.008229967206716537, -1.0018130540847778], [0.16425199806690216, -0.0055100396275520325, 0.007781311869621277, -0.014737146906554699, 0.009663194417953491, -0.008335326798260212, -0.9992692470550537], [0.1697726547718048, -0.0035911984741687775, 0.007696039974689484, -0.02386007271707058, 0.0101919025182724, -0.009512078948318958, -1.0003628730773926], [0.16121014952659607, 0.0018935278058052063, 0.0073465704917907715, -0.019650781527161598, 0.015153676271438599, -0.009063652716577053, -1.0009357929229736]]","[[0.15758760273456573, 0.0005026906728744507, 0.007151104509830475, -0.020113974809646606, 0.011216551065444946, -0.010346468538045883, -1.0008246898651123], [0.1462102234363556, 0.002878233790397644, 0.007910951972007751, -0.015696963295340538, 0.0039176344871521, -0.008374720811843872, -1.0017507076263428], [0.13518589735031128, 0.002841353416442871, 0.007905587553977966, -0.014014527201652527, 0.011551246047019958, -0.008229967206716537, -1.0018130540847778], [0.16425199806690216, -0.0055100396275520325, 0.007781311869621277, -0.014737146906554699, 0.009663194417953491, -0.008335326798260212, -0.9992692470550537], [0.1697726547718048, -0.0035911984741687775, 0.007696039974689484, -0.02386007271707058, 0.0101919025182724, -0.009512078948318958, -1.0003628730773926], [0.16121014952659607, 0.0018935278058052063, 0.0073465704917907715, -0.019650781527161598, 0.015153676271438599, -0.009063652716577053, -1.0009357929229736]]","[0.0031745452524295868, -0.0009131441839498144, -0.010287283217671164, 0.002511598915880423, 0.001909780487521858, 0.0036045027457889374]","[0.0031745452524295868, -0.0009131441839498144, -0.010287283217671164, 0.002511598915880423, 0.001909780487521858, 0.0036045027457889374]","[0.0743650496006012, 0.07518386840820312, 0.07274430990219116, 0.07392323017120361, 0.07459565997123718, 0.07431527972221375]","[0.0743650496006012, 0.07518386840820312, 0.07274430990219116, 0.07392323017120361, 0.07459565997123718, 0.07431527972221375]",1.0,1.0,6.0,6.0,086dfebd71040c3b8512d9e9cc25151dd95fdc19d68b60a3a990f563924cfbbb,086dfebd71040c3b8512d9e9cc25151dd95fdc19d68b60a3a990f563924cfbbb,5.0,1.0,0.0,True,0.0,True,0.0,True,True,True,True
Environment,frozen_closed_loop__Environment,libero_object_env,7,9,5240388,"[[0.15395668148994446, -0.003643278032541275, 0.007823556661605835, -0.014791212975978851, 0.011099115014076233, -0.006426458712667227, -1.0000479221343994], [0.1598857045173645, -0.00028096139430999756, 0.007521025836467743, -0.020445233210921288, 0.009488046169281006, -0.011002087965607643, -1.0006929636001587], [0.17388257384300232, -0.007281359285116196, 0.00673290342092514, -0.022631043568253517, 0.013679176568984985, -0.00921076349914074, -1.0023739337921143], [0.14606572687625885, -0.004349034279584885, 0.007423460483551025, -0.021030301228165627, 0.00953221321105957, -0.011308536864817142, -1.001615285873413], [0.14776155352592468, 0.0010627135634422302, 0.007413290441036224, -0.02287178859114647, 0.005883827805519104, -0.008026035502552986, -0.9998576641082764], [0.16899001598358154, 0.0028378888964653015, 0.0079398974776268, -0.026751231402158737, 0.01039847731590271, -0.00863990280777216, -1.0020498037338257]]","[[0.15395668148994446, -0.003643278032541275, 0.007823556661605835, -0.014791212975978851, 0.011099115014076233, -0.006426458712667227, -1.0000479221343994], [0.1598857045173645, -0.00028096139430999756, 0.007521025836467743, -0.020445233210921288, 0.009488046169281006, -0.011002087965607643, -1.0006929636001587], [0.17388257384300232, -0.007281359285116196, 0.00673290342092514, -0.022631043568253517, 0.013679176568984985, -0.00921076349914074, -1.0023739337921143], [0.14606572687625885, -0.004349034279584885, 0.007423460483551025, -0.021030301228165627, 0.00953221321105957, -0.011308536864817142, -1.001615285873413], [0.14776155352592468, 0.0010627135634422302, 0.007413290441036224, -0.02287178859114647, 0.005883827805519104, -0.008026035502552986, -0.9998576641082764], [0.16899001598358154, 0.0028378888964653015, 0.0079398974776268, -0.026751231402158737, 0.01039847731590271, -0.00863990280777216, -1.0020498037338257]]","[-0.0007665862202248272, 0.001645713866851001, 0.004328806954320696, -0.00392474559653853, -0.005857981041445548, 0.004574792037037123]","[-0.0007665862202248272, 0.001645713866851001, 0.004328806954320696, -0.00392474559653853, -0.005857981041445548, 0.004574792037037123]","[0.07385402917861938, 0.0752241313457489, 0.07388046383857727, 0.07256945967674255, 0.07362467050552368, 0.07604917883872986]","[0.07385402917861938, 0.0752241313457489, 0.07388046383857727, 0.07256945967674255, 0.07362467050552368, 0.07604917883872986]",5.0,5.0,6.0,6.0,086dfebd71040c3b8512d9e9cc25151dd95fdc19d68b60a3a990f563924cfbbb,086dfebd71040c3b8512d9e9cc25151dd95fdc19d68b60a3a990f563924cfbbb,5.0,5.0,0.0,True,0.0,True,0.0,True,True,True,False
Environment,frozen_closed_loop__Environment,libero_object_env,7,9,5240485,"[[0.17700165510177612, -0.00599149614572525, 0.010084770619869232, -0.019322065636515617, 0.011114582419395447, -0.008462497964501381, -1.0017646551132202], [0.15614770352840424, -0.002592802047729492, 0.006089508533477783, -0.017117759212851524, 0.010278448462486267, -0.008126018568873405, -1.0002001523971558], [0.16667380928993225, -0.003684964030981064, 0.008571222424507141, -0.020453667268157005, 0.01464468240737915, -0.007433781400322914, -0.9992238283157349], [0.14824055135250092, -0.002717692404985428, 0.006041675806045532, -0.014907707460224628, 0.005133077502250671, -0.008500393480062485, -1.0030616521835327], [0.15874363481998444, 0.002724789083003998, 0.008172132074832916, -0.02171630971133709, 0.005962461233139038, -0.004605147987604141, -1.0013526678085327], [0.1569633185863495, -0.00161781907081604, 0.005820058286190033, -0.016258006915450096, 0.011546239256858826, -0.010054253041744232, -1.0014758110046387]]","[[0.17700165510177612, -0.00599149614572525, 0.010084770619869232, -0.019322065636515617, 0.011114582419395447, -0.008462497964501381, -1.0017646551132202], [0.15614770352840424, -0.002592802047729492, 0.006089508533477783, -0.017117759212851524, 0.010278448462486267, -0.008126018568873405, -1.0002001523971558], [0.16667380928993225, -0.003684964030981064, 0.008571222424507141, -0.020453667268157005, 0.01464468240737915, -0.007433781400322914, -0.9992238283157349], [0.14824055135250092, -0.002717692404985428, 0.006041675806045532, -0.014907707460224628, 0.005133077502250671, -0.008500393480062485, -1.0030616521835327], [0.15874363481998444, 0.002724789083003998, 0.008172132074832916, -0.02171630971133709, 0.005962461233139038, -0.004605147987604141, -1.0013526678085327], [0.1569633185863495, -0.00161781907081604, 0.005820058286190033, -0.016258006915450096, 0.011546239256858826, -0.010054253041744232, -1.0014758110046387]]","[0.0060690260886006936, 0.0005573740863207579, -0.0016795787284608664, -0.0007090410585468641, -0.004877960617273908, 0.0006401802293602698]","[0.0060690260886006936, 0.0005573740863207579, -0.0016795787284608664, -0.0007090410585468641, -0.004877960617273908, 0.0006401802293602698]","[0.07474619150161743, 0.07526329159736633, 0.0737496018409729, 0.07388165593147278, 0.07421666383743286, 0.07394954562187195]","[0.07474619150161743, 0.07526329159736633, 0.0737496018409729, 0.07388165593147278, 0.07421666383743286, 0.07394954562187195]",1.0,1.0,6.0,6.0,086dfebd71040c3b8512d9e9cc25151dd95fdc19d68b60a3a990f563924cfbbb,086dfebd71040c3b8512d9e9cc25151dd95fdc19d68b60a3a990f563924cfbbb,0.0,1.0,0.0,True,0.0,True,0.0,True,True,True,True
Environment,frozen_closed_loop__Environment,libero_object_env,7,9,5240582,"[[0.1571791172027588, -0.0053414516150951385, 0.006138794124126434, -0.019118590280413628, 0.012829899787902832, -0.01094542071223259, -1.0030544996261597], [0.16760990023612976, -0.006894618272781372, 0.007457546889781952, -0.020945532247424126, 0.015518724918365479, -0.008901691995561123, -1.0007644891738892], [0.16616307199001312, -0.005147550255060196, 0.007279738783836365, -0.019977977499365807, 0.015360698103904724, -0.010427680797874928, -1.0016404390335083], [0.14026042819023132, 0.001986399292945862, 0.00833708792924881, -0.018527302891016006, 0.0023234188556671143, -0.006944265216588974, -1.0006704330444336], [0.13452216982841492, 0.004117526113986969, 0.009277090430259705, -0.019330263137817383, 0.00664655864238739, -0.007966591976583004, -1.000101923942566], [0.18790438771247864, -0.011375471949577332, 0.008844137191772461, -0.025555463507771492, 0.012203112244606018, -0.009704046882689, -1.0025568008422852]]","[[0.1571791172027588, -0.0053414516150951385, 0.006138794124126434, -0.019118590280413628, 0.012829899787902832, -0.01094542071223259, -1.0030544996261597], [0.16760990023612976, -0.006894618272781372, 0.007457546889781952, -0.020945532247424126, 0.015518724918365479, -0.008901691995561123, -1.0007644891738892], [0.16616307199001312, -0.005147550255060196, 0.007279738783836365, -0.019977977499365807, 0.015360698103904724, -0.010427680797874928, -1.0016404390335083], [0.14026042819023132, 0.001986399292945862, 0.00833708792924881, -0.018527302891016006, 0.0023234188556671143, -0.006944265216588974, -1.0006704330444336], [0.13452216982841492, 0.004117526113986969, 0.009277090430259705, -0.019330263137817383, 0.00664655864238739, -0.007966591976583004, -1.000101923942566], [0.18790438771247864, -0.011375471949577332, 0.008844137191772461, -0.025555463507771492, 0.012203112244606018, -0.009704046882689, -1.0025568008422852]]","[0.0009068526297125801, 0.002736165993944334, 0.0030413146943123696, -0.005212043434518917, -0.0055774543272531455, 0.00410516444380269]","[0.0009068526297125801, 0.002736165993944334, 0.0030413146943123696, -0.005212043434518917, -0.0055774543272531455, 0.00410516444380269]","[0.07455796003341675, 0.07388180494308472, 0.07395508885383606, 0.07398700714111328, 0.07400092482566833, 0.07552400231361389]","[0.07455796003341675, 0.07388180494308472, 0.07395508885383606, 0.07398700714111328, 0.07400092482566833, 0.07552400231361389]",5.0,5.0,6.0,6.0,086dfebd71040c3b8512d9e9cc25151dd95fdc19d68b60a3a990f563924cfbbb,086dfebd71040c3b8512d9e9cc25151dd95fdc19d68b60a3a990f563924cfbbb,5.0,5.0,0.0,True,0.0,True,0.0,True,True,True,False
Environment,frozen_closed_loop__Environment,libero_object_env,7,9,5240679,"[[0.1467275619506836, 0.0035073235630989075, 0.007127188146114349, -0.022846173495054245, 0.007258102297782898, -0.010401880368590355, -1.0014668703079224], [0.1696939766407013, -0.0034548528492450714, 0.008970759809017181, -0.02484574168920517, 0.010133922100067139, -0.007522484287619591, -1.0022180080413818], [0.17757418751716614, -0.016586724668741226, 0.007136911153793335, -0.0232891496270895, 0.012288674712181091, -0.011018193326890469, -1.0026832818984985], [0.16635507345199585, 0.0010819360613822937, 0.009307824075222015, -0.023684170097112656, 0.013743862509727478, -0.011530403979122639, -0.9995448589324951], [0.15919235348701477, -0.0033017992973327637, 0.008210130035877228, -0.015375548042356968, 0.007589936256408691, -0.007807848043739796, -1.001815676689148], [0.15123826265335083, 0.0034142285585403442, 0.0076334550976753235, -0.015341700054705143, 0.006170287728309631, -0.008383401669561863, -1.0015316009521484]]","[[0.1467275619506836, 0.0035073235630989075, 0.007127188146114349, -0.022846173495054245, 0.007258102297782898, -0.010401880368590355, -1.0014668703079224], [0.1696939766407013, -0.0034548528492450714, 0.008970759809017181, -0.02484574168920517, 0.010133922100067139, -0.007522484287619591, -1.0022180080413818], [0.17757418751716614, -0.016586724668741226, 0.007136911153793335, -0.0232891496270895, 0.012288674712181091, -0.011018193326890469, -1.0026832818984985], [0.16635507345199585, 0.0010819360613822937, 0.009307824075222015, -0.023684170097112656, 0.013743862509727478, -0.011530403979122639, -0.9995448589324951], [0.15919235348701477, -0.0033017992973327637, 0.008210130035877228, -0.015375548042356968, 0.007589936256408691, -0.007807848043739796, -1.001815676689148], [0.15123826265335083, 0.0034142285585403442, 0.0076334550976753235, -0.015341700054705143, 0.006170287728309631, -0.008383401669561863, -1.0015316009521484]]","[-0.0025011098587261194, -0.0010487410467497611, 0.005648446099926733, 0.0019207646540912015, -0.00041685523236210096, -0.003602504616179977]","[-0.0025011098587261194, -0.0010487410467497611, 0.005648446099926733, 0.0019207646540912015, -0.00041685523236210096, -0.003602504616179977]","[0.07450711727142334, 0.07329380512237549, 0.07469132542610168, 0.07375484704971313, 0.07346451282501221, 0.07510435581207275]","[0.07450711727142334, 0.07329380512237549, 0.07469132542610168, 0.07375484704971313, 0.07346451282501221, 0.07510435581207275]",5.0,5.0,6.0,6.0,086dfebd71040c3b8512d9e9cc25151dd95fdc19d68b60a3a990f563924cfbbb,086dfebd71040c3b8512d9e9cc25151dd95fdc19d68b60a3a990f563924cfbbb,2.0,5.0,0.0,True,0.0,True,0.0,True,True,True,True
Environment,frozen_closed_loop__Environment,libero_object_env,8,5,5250000,"[[0.16571837663650513, -0.0033020786941051483, 0.006987489759922028, -0.003513252129778266, 0.003356426954269409, -0.0175889041274786, -1.0017637014389038], [0.15845999121665955, -0.00341193750500679, 0.009007081389427185, -0.004171102773398161, 0.0008214712142944336, -0.016411665827035904, -0.9986587762832642], [0.15485666692256927, -0.0035897456109523773, 0.008874312043190002, -0.004081010818481445, 0.0034621506929397583, -0.01579843834042549, -1.0030629634857178], [0.1789463758468628, 0.0012699142098426819, 0.018845200538635254, -0.003679731860756874, 0.004044100642204285, -0.02235310897231102, -1.001602292060852], [0.1833246350288391, -0.006695576012134552, 0.009961836040019989, -0.004091640934348106, 0.002557888627052307, -0.01972043141722679, -1.0002062320709229], [0.19151106476783752, 0.00018104910850524902, 0.01608431339263916, -0.003841070458292961, 0.0012063682079315186, -0.020404625684022903, -1.0007960796356201]]","[[0.16571837663650513, -0.0033020786941051483, 0.006987489759922028, -0.003513252129778266, 0.003356426954269409, -0.0175889041274786, -1.0017637014389038], [0.15845999121665955, -0.00341193750500679, 0.009007081389427185, -0.004171102773398161, 0.0008214712142944336, -0.016411665827035904, -0.9986587762832642], [0.15485666692256927, -0.0035897456109523773, 0.008874312043190002, -0.004081010818481445, 0.0034621506929397583, -0.01579843834042549, -1.0030629634857178], [0.1789463758468628, 0.0012699142098426819, 0.018845200538635254, -0.003679731860756874, 0.004044100642204285, -0.02235310897231102, -1.001602292060852], [0.1833246350288391, -0.006695576012134552, 0.009961836040019989, -0.004091640934348106, 0.002557888627052307, -0.01972043141722679, -1.0002062320709229], [0.19151106476783752, 0.00018104910850524902, 0.01608431339263916, -0.003841070458292961, 0.0012063682079315186, -0.020404625684022903, -1.0007960796356201]]","[-0.002042573774329951, -0.0018081357473842309, -0.005079031741621833, 0.004794455700627309, -0.00037023172062963057, 0.004505517283338329]","[-0.002042573774329951, -0.0018081357473842309, -0.005079031741621833, 0.004794455700627309, -0.00037023172062963057, 0.004505517283338329]","[0.2590515613555908, 0.25743168592453003, 0.2578967809677124, 0.25801631808280945, 0.2584950923919678, 0.25713711977005005]","[0.2590515613555908, 0.25743168592453003, 0.2578967809677124, 0.25801631808280945, 0.2584950923919678, 0.25713711977005005]",0.0,0.0,6.0,6.0,086dfebd71040c3b8512d9e9cc25151dd95fdc19d68b60a3a990f563924cfbbb,086dfebd71040c3b8512d9e9cc25151dd95fdc19d68b60a3a990f563924cfbbb,3.0,0.0,0.0,True,0.0,True,0.0,True,True,True,True
Environment,frozen_closed_loop__Environment,libero_object_env,8,5,5250097,"[[0.1826796680688858, -0.0031818822026252747, 0.012191981077194214, -0.0035860538482666016, 0.003603726625442505, -0.025749914348125458, -1.0027611255645752], [0.1826721727848053, -0.0016113370656967163, 0.00983063131570816, -0.004201328381896019, 0.0028214603662490845, -0.024227648973464966, -1.002812147140503], [0.18899929523468018, 0.0001417100429534912, 0.015222318470478058, -0.004033750854432583, 0.0015389621257781982, -0.019860710948705673, -0.9998820424079895], [0.17055150866508484, -0.0013133324682712555, 0.00820152461528778, -0.003777764504775405, 0.0023384839296340942, -0.02547215111553669, -1.003688097000122], [0.18150396645069122, 0.0007078796625137329, 0.016588233411312103, -0.004224802833050489, 0.0006069839000701904, -0.021080382168293, -1.0008176565170288], [0.1732303500175476, -0.0015877559781074524, 0.016889646649360657, -0.004068184643983841, 0.0008012652397155762, -0.023056868463754654, -1.001709222793579]]","[[0.1826796680688858, -0.0031818822026252747, 0.012191981077194214, -0.0035860538482666016, 0.003603726625442505, -0.025749914348125458, -1.0027611255645752], [0.1826721727848053, -0.0016113370656967163, 0.00983063131570816, -0.004201328381896019, 0.0028214603662490845, -0.024227648973464966, -1.002812147140503], [0.18899929523468018, 0.0001417100429534912, 0.015222318470478058, -0.004033750854432583, 0.0015389621257781982, -0.019860710948705673, -0.9998820424079895], [0.17055150866508484, -0.0013133324682712555, 0.00820152461528778, -0.003777764504775405, 0.0023384839296340942, -0.02547215111553669, -1.003688097000122], [0.18150396645069122, 0.0007078796625137329, 0.016588233411312103, -0.004224802833050489, 0.0006069839000701904, -0.021080382168293, -1.0008176565170288], [0.1732303500175476, -0.0015877559781074524, 0.016889646649360657, -0.004068184643983841, 0.0008012652397155762, -0.023056868463754654, -1.001709222793579]]","[-0.004010295855321781, -0.0025809849720904044, 0.006033329883414187, -0.0005252655132540899, -0.0018810668292956727, 0.002964283286548081]","[-0.004010295855321781, -0.0025809849720904044, 0.006033329883414187, -0.0005252655132540899, -0.0018810668292956727, 0.002964283286548081]","[0.2603357434272766, 0.2575359642505646, 0.2591797709465027, 0.2598321735858917, 0.2564728260040283, 0.25827550888061523]","[0.2603357434272766, 0.2575359642505646, 0.2591797709465027, 0.2598321735858917, 0.2564728260040283, 0.25827550888061523]",0.0,0.0,6.0,6.0,086dfebd71040c3b8512d9e9cc25151dd95fdc19d68b60a3a990f563924cfbbb,086dfebd71040c3b8512d9e9cc25151dd95fdc19d68b60a3a990f563924cfbbb,2.0,0.0,0.0,True,0.0,True,0.0,True,True,True,True
Environment,frozen_closed_loop__Environment,libero_object_env,8,5,5250194,"[[0.17648108303546906, -0.0038426555693149567, 0.009045861661434174, -0.0037797221448272467, 0.001763463020324707, -0.01581496186554432, -1.0035605430603027], [0.17494887113571167, -0.004819594323635101, 0.017011910676956177, -0.00428949948400259, 0.007126986980438232, -0.02380872517824173, -1.0013551712036133], [0.16943134367465973, 0.0012129172682762146, 0.009390078485012054, -0.003735810751095414, 0.0010133832693099976, -0.01861479878425598, -1.0039016008377075], [0.1871688961982727, -0.006599687039852142, 0.014848820865154266, -0.004094019532203674, 0.0027029961347579956, -0.024965999647974968, -1.0025838613510132], [0.18660955131053925, -0.005492996424436569, 0.01206178218126297, -0.0035726791247725487, 0.0020476877689361572, -0.02351115457713604, -0.999786913394928], [0.16518831253051758, -0.0025534629821777344, 0.009354650974273682, -0.0034526358358561993, 0.0019577443599700928, -0.019441941753029823, -1.002636194229126]]","[[0.17648108303546906, -0.0038426555693149567, 0.009045861661434174, -0.0037797221448272467, 0.001763463020324707, -0.01581496186554432, -1.0035605430603027], [0.17494887113571167, -0.004819594323635101, 0.017011910676956177, -0.00428949948400259, 0.007126986980438232, -0.02380872517824173, -1.0013551712036133], [0.16943134367465973, 0.0012129172682762146, 0.009390078485012054, -0.003735810751095414, 0.0010133832693099976, -0.01861479878425598, -1.0039016008377075], [0.1871688961982727, -0.006599687039852142, 0.014848820865154266, -0.004094019532203674, 0.0027029961347579956, -0.024965999647974968, -1.0025838613510132], [0.18660955131053925, -0.005492996424436569, 0.01206178218126297, -0.0035726791247725487, 0.0020476877689361572, -0.02351115457713604, -0.999786913394928], [0.16518831253051758, -0.0025534629821777344, 0.009354650974273682, -0.0034526358358561993, 0.0019577443599700928, -0.019441941753029823, -1.002636194229126]]","[0.0009043821812962638, 0.0013342650043821826, -0.003755701299280911, 0.0010449121814914864, 0.004760733530603339, -0.004288591598492337]","[0.0009043821812962638, 0.0013342650043821826, -0.003755701299280911, 0.0010449121814914864, 0.004760733530603339, -0.004288591598492337]","[0.2576249837875366, 0.2593994736671448, 0.2572776675224304, 0.2586349546909332, 0.2587381601333618, 0.2569226622581482]","[0.2576249837875366, 0.2593994736671448, 0.2572776675224304, 0.2586349546909332, 0.2587381601333618, 0.2569226622581482]",1.0,1.0,6.0,6.0,086dfebd71040c3b8512d9e9cc25151dd95fdc19d68b60a3a990f563924cfbbb,086dfebd71040c3b8512d9e9cc25151dd95fdc19d68b60a3a990f563924cfbbb,4.0,1.0,0.0,True,0.0,True,0.0,True,True,True,True
Environment,frozen_closed_loop__Environment,libero_object_env,8,5,5250291,"[[0.17494183778762817, 0.002022385597229004, 0.012318044900894165, -0.004025700502097607, 0.0016530901193618774, -0.01962139457464218, -1.0033299922943115], [0.19523116946220398, -0.0014800764620304108, 0.01234486699104309, -0.003784150118008256, 0.004371240735054016, -0.02383285015821457, -1.0002493858337402], [0.18579281866550446, -0.004003588110208511, 0.010351203382015228, -0.003741153283044696, 0.001781657338142395, -0.02146773412823677, -1.0016429424285889], [0.182634174823761, -0.002811569720506668, 0.01684829592704773, -0.004144609440118074, 0.0018721818923950195, -0.025308605283498764, -1.0025525093078613], [0.17986714839935303, 0.00011846423149108887, 0.014400109648704529, -0.0037474471610039473, 0.0031686723232269287, -0.023359065875411034, -1.001606822013855], [0.17640195786952972, -0.0026749446988105774, 0.009539499878883362, -0.004107211250811815, 0.0016545653343200684, -0.024748826399445534, -1.001510500907898]]","[[0.17494183778762817, 0.002022385597229004, 0.012318044900894165, -0.004025700502097607, 0.0016530901193618774, -0.01962139457464218, -1.0033299922943115], [0.19523116946220398, -0.0014800764620304108, 0.01234486699104309, -0.003784150118008256, 0.004371240735054016, -0.02383285015821457, -1.0002493858337402], [0.18579281866550446, -0.004003588110208511, 0.010351203382015228, -0.003741153283044696, 0.001781657338142395, -0.02146773412823677, -1.0016429424285889], [0.182634174823761, -0.002811569720506668, 0.01684829592704773, -0.004144609440118074, 0.0018721818923950195, -0.025308605283498764, -1.0025525093078613], [0.17986714839935303, 0.00011846423149108887, 0.014400109648704529, -0.0037474471610039473, 0.0031686723232269287, -0.023359065875411034, -1.001606822013855], [0.17640195786952972, -0.0026749446988105774, 0.009539499878883362, -0.004107211250811815, 0.0016545653343200684, -0.024748826399445534, -1.001510500907898]]","[-0.007025021267683066, 0.0053398566278325095, -0.001997589628036453, 0.003141076728680673, 0.0012634266494694478, -0.000721749110263258]","[-0.007025021267683066, 0.0053398566278325095, -0.001997589628036453, 0.003141076728680673, 0.0012634266494694478, -0.000721749110263258]","[0.25716304779052734, 0.25913649797439575, 0.2601296603679657, 0.2592751979827881, 0.2577377259731293, 0.2595783472061157]","[0.25716304779052734, 0.25913649797439575, 0.2601296603679657, 0.2592751979827881, 0.2577377259731293, 0.2595783472061157]",2.0,2.0,6.0,6.0,086dfebd71040c3b8512d9e9cc25151dd95fdc19d68b60a3a990f563924cfbbb,086dfebd71040c3b8512d9e9cc25151dd95fdc19d68b60a3a990f563924cfbbb,1.0,2.0,0.0,True,0.0,True,0.0,True,True,True,True
Environment,frozen_closed_loop__Environment,libero_object_env,8,5,5250388,"[[0.17781972885131836, -0.0006286986172199249, 0.009234286844730377, -0.004243446979671717, 0.0022053122520446777, -0.02124260738492012, -1.0033073425292969], [0.16821451485157013, 0.0009237974882125854, 0.011681467294692993, -0.0044467574916779995, 0.0013958215713500977, -0.020841220393776894, -1.002057671546936], [0.18319296836853027, -0.003874562680721283, 0.012805424630641937, -0.003529645735397935, 0.0012294352054595947, -0.022496165707707405, -1.0013946294784546], [0.1692262589931488, -0.0002695620059967041, 0.009465739130973816, -0.004283260088413954, 0.005259454250335693, -0.019685156643390656, -1.0033378601074219], [0.16805872321128845, -0.0023322924971580505, 0.015434883534908295, -0.0041326251812279224, 0.0013218820095062256, -0.02010527066886425, -1.0031580924987793], [0.17951779067516327, -0.0030230171978473663, 0.012575089931488037, -0.0037855771370232105, 0.0017323046922683716, -0.02449139952659607, -1.0020183324813843]]","[[0.17781972885131836, -0.0006286986172199249, 0.009234286844730377, -0.004243446979671717, 0.0022053122520446777, -0.02124260738492012, -1.0033073425292969], [0.16821451485157013, 0.0009237974882125854, 0.011681467294692993, -0.0044467574916779995, 0.0013958215713500977, -0.020841220393776894, -1.002057671546936], [0.18319296836853027, -0.003874562680721283, 0.012805424630641937, -0.003529645735397935, 0.0012294352054595947, -0.022496165707707405, -1.0013946294784546], [0.1692262589931488, -0.0002695620059967041, 0.009465739130973816, -0.004283260088413954, 0.005259454250335693, -0.019685156643390656, -1.0033378601074219], [0.16805872321128845, -0.0023322924971580505, 0.015434883534908295, -0.0041326251812279224, 0.0013218820095062256, -0.02010527066886425, -1.0031580924987793], [0.17951779067516327, -0.0030230171978473663, 0.012575089931488037, -0.0037855771370232105, 0.0017323046922683716, -0.02449139952659607, -1.0020183324813843]]","[-0.003814588584575713, -0.0011370673122517618, 0.004325515515457945, -0.008837445048965982, 0.0017006987742423396, 0.0077628866560930845]","[-0.003814588584575713, -0.0011370673122517618, 0.004325515515457945, -0.008837445048965982, 0.0017006987742423396, 0.0077628866560930845]","[0.25797897577285767, 0.25670793652534485, 0.25721728801727295, 0.2566051483154297, 0.2578759491443634, 0.26055094599723816]","[0.25797897577285767, 0.25670793652534485, 0.25721728801727295, 0.2566051483154297, 0.2578759491443634, 0.26055094599723816]",5.0,5.0,6.0,6.0,086dfebd71040c3b8512d9e9cc25151dd95fdc19d68b60a3a990f563924cfbbb,086dfebd71040c3b8512d9e9cc25151dd95fdc19d68b60a3a990f563924cfbbb,5.0,5.0,0.0,True,0.0,True,0.0,True,True,True,False
Environment,frozen_closed_loop__Environment,libero_object_env,8,5,5250485,"[[0.1749572455883026, 0.0007985159754753113, 0.010573826730251312, -0.0037597790360450745, 0.0034989863634109497, -0.01927114650607109, -1.0028399229049683], [0.16756027936935425, -0.0010962411761283875, 0.011469237506389618, -0.0034317595418542624, 0.0017199665307998657, -0.01764715649187565, -1.0032039880752563], [0.17659854888916016, -0.0020304881036281586, 0.013969503343105316, -0.0043957834132015705, 0.002342015504837036, -0.019541947171092033, -1.0026074647903442], [0.15753909945487976, -0.0033004581928253174, 0.0067896768450737, -0.003354347078129649, 0.0026865899562835693, -0.01682404801249504, -0.9996932148933411], [0.1716180145740509, -0.0030918605625629425, 0.007974989712238312, -0.003761919680982828, 0.0011305958032608032, -0.02231558784842491, -1.0023987293243408], [0.18890753388404846, -0.008017737418413162, 0.013527162373065948, -0.0036287943366914988, 0.006692245602607727, -0.022993899881839752, -1.0014680624008179]]","[[0.1749572455883026, 0.0007985159754753113, 0.010573826730251312, -0.0037597790360450745, 0.0034989863634109497, -0.01927114650607109, -1.0028399229049683], [0.16756027936935425, -0.0010962411761283875, 0.011469237506389618, -0.0034317595418542624, 0.0017199665307998657, -0.01764715649187565, -1.0032039880752563], [0.17659854888916016, -0.0020304881036281586, 0.013969503343105316, -0.0043957834132015705, 0.002342015504837036, -0.019541947171092033, -1.0026074647903442], [0.15753909945487976, -0.0033004581928253174, 0.0067896768450737, -0.003354347078129649, 0.0026865899562835693, -0.01682404801249504, -0.9996932148933411], [0.1716180145740509, -0.0030918605625629425, 0.007974989712238312, -0.003761919680982828, 0.0011305958032608032, -0.02231558784842491, -1.0023987293243408], [0.18890753388404846, -0.008017737418413162, 0.013527162373065948, -0.0036287943366914988, 0.006692245602607727, -0.022993899881839752, -1.0014680624008179]]","[0.0017108151069420597, 0.0007425066061918385, 0.0012260718929657027, -0.006831621626611763, -0.0036035072633386327, 0.006755735283850777]","[0.0017108151069420597, 0.0007425066061918385, 0.0012260718929657027, -0.006831621626611763, -0.0036035072633386327, 0.006755735283850777]","[0.25738006830215454, 0.25721603631973267, 0.2585739195346832, 0.2564070224761963, 0.2558261752128601, 0.25875329971313477]","[0.25738006830215454, 0.25721603631973267, 0.2585739195346832, 0.2564070224761963, 0.2558261752128601, 0.25875329971313477]",5.0,5.0,6.0,6.0,086dfebd71040c3b8512d9e9cc25151dd95fdc19d68b60a3a990f563924cfbbb,086dfebd71040c3b8512d9e9cc25151dd95fdc19d68b60a3a990f563924cfbbb,5.0,5.0,0.0,True,0.0,True,0.0,True,True,True,False
Environment,frozen_closed_loop__Environment,libero_object_env,8,5,5250582,"[[0.16628119349479675, -0.0030371546745300293, 0.012067258358001709, -0.0035097391810268164, 0.00281408429145813, -0.02042989805340767, -1.0003734827041626], [0.1793869137763977, -0.0022321008145809174, 0.009933002293109894, -0.00404654024168849, 0.0008635371923446655, -0.022910133004188538, -1.0038914680480957], [0.18228940665721893, -0.002361796796321869, 0.012191757559776306, -0.004084779880940914, 0.0017507225275039673, -0.022233715280890465, -1.0032267570495605], [0.15681780874729156, -0.002147722989320755, 0.01036718487739563, -0.003170595271512866, 0.002427622675895691, -0.018469562754034996, -1.0016710758209229], [0.17817747592926025, -0.0038906559348106384, 0.008247904479503632, -0.0034579599741846323, 0.00385420024394989, -0.02081744745373726, -1.0008277893066406], [0.1701241433620453, -0.002101510763168335, 0.013427697122097015, -0.0037789903581142426, 0.0007440447807312012, -0.021343296393752098, -1.0021440982818604]]","[[0.16628119349479675, -0.0030371546745300293, 0.012067258358001709, -0.0035097391810268164, 0.00281408429145813, -0.02042989805340767, -1.0003734827041626], [0.1793869137763977, -0.0022321008145809174, 0.009933002293109894, -0.00404654024168849, 0.0008635371923446655, -0.022910133004188538, -1.0038914680480957], [0.18228940665721893, -0.002361796796321869, 0.012191757559776306, -0.004084779880940914, 0.0017507225275039673, -0.022233715280890465, -1.0032267570495605], [0.15681780874729156, -0.002147722989320755, 0.01036718487739563, -0.003170595271512866, 0.002427622675895691, -0.018469562754034996, -1.0016710758209229], [0.17817747592926025, -0.0038906559348106384, 0.008247904479503632, -0.0034579599741846323, 0.00385420024394989, -0.02081744745373726, -1.0008277893066406], [0.1701241433620453, -0.002101510763168335, 0.013427697122097015, -0.0037789903581142426, 0.0007440447807312012, -0.021343296393752098, -1.0021440982818604]]","[0.0006204036598468233, 0.0011140100566558136, 0.0050410922500235345, -0.0057695356889646224, -0.00035871061086256446, -0.0006472596666991558]","[0.0006204036598468233, 0.0011140100566558136, 0.0050410922500235345, -0.0057695356889646224, -0.00035871061086256446, -0.0006472596666991558]","[0.2578556537628174, 0.2571098208427429, 0.2592410743236542, 0.25884395837783813, 0.2604452967643738, 0.2578257918357849]","[0.2578556537628174, 0.2571098208427429, 0.2592410743236542, 0.25884395837783813, 0.2604452967643738, 0.2578257918357849]",4.0,4.0,6.0,6.0,086dfebd71040c3b8512d9e9cc25151dd95fdc19d68b60a3a990f563924cfbbb,086dfebd71040c3b8512d9e9cc25151dd95fdc19d68b60a3a990f563924cfbbb,2.0,4.0,0.0,True,0.0,True,0.0,True,True,True,True
Environment,frozen_closed_loop__Environment,libero_object_env,8,5,5250679,"[[0.18640145659446716, -0.0009822472929954529, 0.01118335872888565, -0.0038429731503129005, 0.0020984262228012085, -0.02165338024497032, -1.0011587142944336], [0.18841993808746338, -0.0032335706055164337, 0.010986104607582092, -0.0036430656909942627, 0.005945742130279541, -0.024470578879117966, -1.0011985301971436], [0.16327175498008728, -0.0017143785953521729, 0.010369420051574707, -0.00381153984926641, 0.0010256320238113403, -0.017023859545588493, -1.002009630203247], [0.18430876731872559, 0.0013092532753944397, 0.014740973711013794, -0.003954966086894274, 0.0018083453178405762, -0.02196509577333927, -1.0022180080413818], [0.18735498189926147, -0.003988668322563171, 0.01350492238998413, -0.003758169012144208, 0.0022422820329666138, -0.020645197480916977, -1.0014811754226685], [0.17678138613700867, 5.934387445449829e-05, 0.01233559101819992, -0.00370437721721828, 0.0024601221084594727, -0.021586423739790916, -1.001460313796997]]","[[0.18640145659446716, -0.0009822472929954529, 0.01118335872888565, -0.0038429731503129005, 0.0020984262228012085, -0.02165338024497032, -1.0011587142944336], [0.18841993808746338, -0.0032335706055164337, 0.010986104607582092, -0.0036430656909942627, 0.005945742130279541, -0.024470578879117966, -1.0011985301971436], [0.16327175498008728, -0.0017143785953521729, 0.010369420051574707, -0.00381153984926641, 0.0010256320238113403, -0.017023859545588493, -1.002009630203247], [0.18430876731872559, 0.0013092532753944397, 0.014740973711013794, -0.003954966086894274, 0.0018083453178405762, -0.02196509577333927, -1.0022180080413818], [0.18735498189926147, -0.003988668322563171, 0.01350492238998413, -0.003758169012144208, 0.0022422820329666138, -0.020645197480916977, -1.0014811754226685], [0.17678138613700867, 5.934387445449829e-05, 0.01233559101819992, -0.00370437721721828, 0.0024601221084594727, -0.021586423739790916, -1.001460313796997]]","[0.0029669006743733117, 0.005940382562116902, -0.008216833401573222, 0.00021837545554658487, -0.00019415282552870004, -0.000714672464934725]","[0.0029669006743733117, 0.005940382562116902, -0.008216833401573222, 0.00021837545554658487, -0.00019415282552870004, -0.000714672464934725]","[0.25823384523391724, 0.25989532470703125, 0.2564765214920044, 0.256980836391449, 0.2563092112541199, 0.2589355707168579]","[0.25823384523391724, 0.25989532470703125, 0.2564765214920044, 0.256980836391449, 0.2563092112541199, 0.2589355707168579]",1.0,1.0,6.0,6.0,086dfebd71040c3b8512d9e9cc25151dd95fdc19d68b60a3a990f563924cfbbb,086dfebd71040c3b8512d9e9cc25151dd95fdc19d68b60a3a990f563924cfbbb,1.0,1.0,0.0,True,0.0,True,0.0,True,True,True,False
Environment,frozen_closed_loop__Environment,libero_object_env,8,6,5260000,"[[0.17591804265975952, -0.00950295478105545, 0.00522516667842865, -0.004172895569354296, 0.013756737112998962, -0.015900976955890656, -1.0016649961471558], [0.1859649270772934, -0.013776831328868866, 0.012199804186820984, -0.005343633703887463, 0.019593223929405212, -0.016931675374507904, -1.002568244934082], [0.1699012815952301, -0.006095711141824722, 0.005608163774013519, -0.0035647565964609385, 0.014772891998291016, -0.012895642779767513, -1.000511884689331], [0.17044532299041748, -0.0022498145699501038, 0.004783496260643005, -0.004281192552298307, 0.011382490396499634, -0.011159046553075314, -1.0029051303863525], [0.15531979501247406, -0.006190650165081024, 0.004438385367393494, -0.004049486014991999, 0.015533342957496643, -0.01409193780273199, -1.000827670097351], [0.16629628837108612, -0.01058533787727356, 0.005420185625553131, -0.004096947144716978, 0.015391632914543152, -0.014029894955456257, -1.0006874799728394]]","[[0.17591804265975952, -0.00950295478105545, 0.00522516667842865, -0.004172895569354296, 0.013756737112998962, -0.015900976955890656, -1.0016649961471558], [0.1859649270772934, -0.013776831328868866, 0.012199804186820984, -0.005343633703887463, 0.019593223929405212, -0.016931675374507904, -1.002568244934082], [0.1699012815952301, -0.006095711141824722, 0.005608163774013519, -0.0035647565964609385, 0.014772891998291016, -0.012895642779767513, -1.000511884689331], [0.17044532299041748, -0.0022498145699501038, 0.004783496260643005, -0.004281192552298307, 0.011382490396499634, -0.011159046553075314, -1.0029051303863525], [0.15531979501247406, -0.006190650165081024, 0.004438385367393494, -0.004049486014991999, 0.015533342957496643, -0.01409193780273199, -1.000827670097351], [0.16629628837108612, -0.01058533787727356, 0.005420185625553131, -0.004096947144716978, 0.015391632914543152, -0.014029894955456257, -1.0006874799728394]]","[0.0037838922093811136, 0.006170602781584493, -0.0010470361458251526, -0.005923622482435671, -0.002228732308560987, -0.0007551040541438356]","[0.0037838922093811136, 0.006170602781584493, -0.0010470361458251526, -0.005923622482435671, -0.002228732308560987, -0.0007551040541438356]","[0.25993990898132324, 0.2576149106025696, 0.2540398836135864, 0.25560998916625977, 0.2568347752094269, 0.25819405913352966]","[0.25993990898132324, 0.2576149106025696, 0.2540398836135864, 0.25560998916625977, 0.2568347752094269, 0.25819405913352966]",0.0,0.0,6.0,6.0,086dfebd71040c3b8512d9e9cc25151dd95fdc19d68b60a3a990f563924cfbbb,086dfebd71040c3b8512d9e9cc25151dd95fdc19d68b60a3a990f563924cfbbb,1.0,0.0,0.0,True,0.0,True,0.0,True,True,True,True
Environment,frozen_closed_loop__Environment,libero_object_env,8,6,5260097,"[[0.17591726779937744, -0.012415889650583267, 0.00662684440612793, -0.005038997158408165, 0.01827692985534668, -0.01602715626358986, -1.0010169744491577], [0.18729597330093384, -0.01004789024591446, 0.004311650991439819, -0.003996371291577816, 0.01525568962097168, -0.012950967065989971, -1.0027689933776855], [0.17958931624889374, -0.007527228444814682, 0.005164705216884613, -0.004386452492326498, 0.01768617331981659, -0.01405666396021843, -1.0022516250610352], [0.1838054060935974, -0.006393715739250183, 0.004524886608123779, -0.004939720034599304, 0.023160159587860107, -0.014919872395694256, -1.0002082586288452], [0.19867591559886932, -0.02164497971534729, 0.008783228695392609, -0.005309675354510546, 0.023413315415382385, -0.020628806203603745, -0.9994921684265137], [0.18538512289524078, -0.010754428803920746, 0.00404801219701767, -0.004026523791253567, 0.01598118245601654, -0.012781845405697823, -1.0020750761032104]]","[[0.17591726779937744, -0.012415889650583267, 0.00662684440612793, -0.005038997158408165, 0.01827692985534668, -0.01602715626358986, -1.0010169744491577], [0.18729597330093384, -0.01004789024591446, 0.004311650991439819, -0.003996371291577816, 0.01525568962097168, -0.012950967065989971, -1.0027689933776855], [0.17958931624889374, -0.007527228444814682, 0.005164705216884613, -0.004386452492326498, 0.01768617331981659, -0.01405666396021843, -1.0022516250610352], [0.1838054060935974, -0.006393715739250183, 0.004524886608123779, -0.004939720034599304, 0.023160159587860107, -0.014919872395694256, -1.0002082586288452], [0.19867591559886932, -0.02164497971534729, 0.008783228695392609, -0.005309675354510546, 0.023413315415382385, -0.020628806203603745, -0.9994921684265137], [0.18538512289524078, -0.010754428803920746, 0.00404801219701767, -0.004026523791253567, 0.01598118245601654, -0.012781845405697823, -1.0020750761032104]]","[0.001417766006201999, -0.0007166998324135796, -0.0020886442313759637, -0.0040610270852288865, 0.006115869783044116, -0.0006672646402278572]","[0.001417766006201999, -0.0007166998324135796, -0.0020886442313759637, -0.0040610270852288865, 0.006115869783044116, -0.0006672646402278572]","[0.25885581970214844, 0.2580629587173462, 0.25621774792671204, 0.25667572021484375, 0.25816985964775085, 0.25743162631988525]","[0.25885581970214844, 0.2580629587173462, 0.25621774792671204, 0.25667572021484375, 0.25816985964775085, 0.25743162631988525]",0.0,0.0,6.0,6.0,086dfebd71040c3b8512d9e9cc25151dd95fdc19d68b60a3a990f563924cfbbb,086dfebd71040c3b8512d9e9cc25151dd95fdc19d68b60a3a990f563924cfbbb,4.0,0.0,0.0,True,0.0,True,0.0,True,True,True,True
Environment,frozen_closed_loop__Environment,libero_object_env,8,6,5260194,"[[0.18847458064556122, -0.014247559010982513, 0.00964231789112091, -0.005982583854347467, 0.021599426865577698, -0.018912876024842262, -0.9975031018257141], [0.18147602677345276, -0.012733228504657745, 0.005876608192920685, -0.004916721489280462, 0.01962326467037201, -0.01608671061694622, -1.0016134977340698], [0.19187194108963013, -0.02924501895904541, 0.010643228888511658, -0.005654143635183573, 0.028176873922348022, -0.01937621831893921, -0.9980021715164185], [0.17584070563316345, -0.006475131958723068, 0.0031010806560516357, -0.005168023984879255, 0.012216970324516296, -0.014010440558195114, -1.0009183883666992], [0.1697201281785965, -0.005905665457248688, 0.005428232252597809, -0.004559079650789499, 0.014041051268577576, -0.012736436910927296, -1.0005719661712646], [0.1839294731616974, -0.012826602905988693, 0.0037039071321487427, -0.005092752166092396, 0.01935039460659027, -0.01812797039747238, -1.0007489919662476]]","[[0.18847458064556122, -0.014247559010982513, 0.00964231789112091, -0.005982583854347467, 0.021599426865577698, -0.018912876024842262, -0.9975031018257141], [0.18147602677345276, -0.012733228504657745, 0.005876608192920685, -0.004916721489280462, 0.01962326467037201, -0.01608671061694622, -1.0016134977340698], [0.19187194108963013, -0.02924501895904541, 0.010643228888511658, -0.005654143635183573, 0.028176873922348022, -0.01937621831893921, -0.9980021715164185], [0.17584070563316345, -0.006475131958723068, 0.0031010806560516357, -0.005168023984879255, 0.012216970324516296, -0.014010440558195114, -1.0009183883666992], [0.1697201281785965, -0.005905665457248688, 0.005428232252597809, -0.004559079650789499, 0.014041051268577576, -0.012736436910927296, -1.0005719661712646], [0.1839294731616974, -0.012826602905988693, 0.0037039071321487427, -0.005092752166092396, 0.01935039460659027, -0.01812797039747238, -1.0007489919662476]]","[0.005347658196899135, -0.0036839907418136854, 0.006455382211289373, -0.00042989913190531314, -0.006293775678797506, -0.0013953748556722236]","[0.005347658196899135, -0.0036839907418136854, 0.006455382211289373, -0.00042989913190531314, -0.006293775678797506, -0.0013953748556722236]","[0.2601754665374756, 0.25758451223373413, 0.2607077658176422, 0.2559417486190796, 0.25596922636032104, 0.26018983125686646]","[0.2601754665374756, 0.25758451223373413, 0.2607077658176422, 0.2559417486190796, 0.25596922636032104, 0.26018983125686646]",2.0,2.0,6.0,6.0,086dfebd71040c3b8512d9e9cc25151dd95fdc19d68b60a3a990f563924cfbbb,086dfebd71040c3b8512d9e9cc25151dd95fdc19d68b60a3a990f563924cfbbb,2.0,2.0,0.0,True,0.0,True,0.0,True,True,True,False
Environment,frozen_closed_loop__Environment,libero_object_env,8,6,5260291,"[[0.17851409316062927, -0.009616445749998093, 0.005538091063499451, -0.004816694650799036, 0.017108872532844543, -0.014602319337427616, -1.002882719039917], [0.16403384506702423, -0.011392571032047272, 0.006493069231510162, -0.004541021306067705, 0.017385587096214294, -0.013652192428708076, -0.9992702603340149], [0.16300129890441895, -0.009178463369607925, 0.006930828094482422, -0.00433105044066906, 0.01398932933807373, -0.016571644693613052, -1.0013459920883179], [0.18081329762935638, -0.006957594305276871, 0.004686266183853149, -0.004610346630215645, 0.016336530447006226, -0.014996127225458622, -1.0032607316970825], [0.17536428570747375, -0.012613926082849503, 0.004404298961162567, -0.005261189769953489, 0.017581433057785034, -0.014588086865842342, -0.9991407990455627], [0.1882309466600418, -0.021357256919145584, 0.006902553141117096, -0.005189741961658001, 0.020531371235847473, -0.01738038845360279, -1.0001883506774902]]","[[0.17851409316062927, -0.009616445749998093, 0.005538091063499451, -0.004816694650799036, 0.017108872532844543, -0.014602319337427616, -1.002882719039917], [0.16403384506702423, -0.011392571032047272, 0.006493069231510162, -0.004541021306067705, 0.017385587096214294, -0.013652192428708076, -0.9992702603340149], [0.16300129890441895, -0.009178463369607925, 0.006930828094482422, -0.00433105044066906, 0.01398932933807373, -0.016571644693613052, -1.0013459920883179], [0.18081329762935638, -0.006957594305276871, 0.004686266183853149, -0.004610346630215645, 0.016336530447006226, -0.014996127225458622, -1.0032607316970825], [0.17536428570747375, -0.012613926082849503, 0.004404298961162567, -0.005261189769953489, 0.017581433057785034, -0.014588086865842342, -0.9991407990455627], [0.1882309466600418, -0.021357256919145584, 0.006902553141117096, -0.005189741961658001, 0.020531371235847473, -0.01738038845360279, -1.0001883506774902]]","[0.000535124285802362, -0.0035531683026809218, -8.453471102612821e-05, -0.007107829532328681, 0.005298404191371595, 0.0049120040688618955]","[0.000535124285802362, -0.0035531683026809218, -8.453471102612821e-05, -0.007107829532328681, 0.005298404191371595, 0.0049120040688618955]","[0.2562178373336792, 0.25808659195899963, 0.25802090764045715, 0.255547434091568, 0.25850367546081543, 0.258592426776886]","[0.2562178373336792, 0.25808659195899963, 0.25802090764045715, 0.255547434091568, 0.25850367546081543, 0.258592426776886]",5.0,5.0,6.0,6.0,086dfebd71040c3b8512d9e9cc25151dd95fdc19d68b60a3a990f563924cfbbb,086dfebd71040c3b8512d9e9cc25151dd95fdc19d68b60a3a990f563924cfbbb,4.0,5.0,0.0,True,0.0,True,0.0,True,True,True,True
Environment,frozen_closed_loop__Environment,libero_object_env,8,6,5260388,"[[0.16820400953292847, -0.004192125052213669, 0.00508088618516922, -0.00400085374712944, 0.016595900058746338, -0.013545533642172813, -1.0020478963851929], [0.1797591894865036, -0.016821306198835373, 0.006468258798122406, -0.004783340264111757, 0.023697540163993835, -0.01708967052400112, -0.9989073872566223], [0.1835184097290039, -0.012300219386816025, 0.00505596399307251, -0.004529476165771484, 0.017804548144340515, -0.017061887308955193, -0.9999786615371704], [0.17399176955223083, -0.012391749769449234, 0.008564181625843048, -0.004461998585611582, 0.020676255226135254, -0.014958980493247509, -1.0001734495162964], [0.17906594276428223, -0.00934448093175888, 0.006946921348571777, -0.004877383820712566, 0.023344427347183228, -0.016830746084451675, -1.00242018699646], [0.15856750309467316, -0.001813005656003952, 0.004945322871208191, -0.003650640370324254, 0.010747075080871582, -0.008948356844484806, -1.001908540725708]]","[[0.16820400953292847, -0.004192125052213669, 0.00508088618516922, -0.00400085374712944, 0.016595900058746338, -0.013545533642172813, -1.0020478963851929], [0.1797591894865036, -0.016821306198835373, 0.006468258798122406, -0.004783340264111757, 0.023697540163993835, -0.01708967052400112, -0.9989073872566223], [0.1835184097290039, -0.012300219386816025, 0.00505596399307251, -0.004529476165771484, 0.017804548144340515, -0.017061887308955193, -0.9999786615371704], [0.17399176955223083, -0.012391749769449234, 0.008564181625843048, -0.004461998585611582, 0.020676255226135254, -0.014958980493247509, -1.0001734495162964], [0.17906594276428223, -0.00934448093175888, 0.006946921348571777, -0.004877383820712566, 0.023344427347183228, -0.016830746084451675, -1.00242018699646], [0.15856750309467316, -0.001813005656003952, 0.004945322871208191, -0.003650640370324254, 0.010747075080871582, -0.008948356844484806, -1.001908540725708]]","[-0.0056869031429473684, 0.0030528366690449464, -3.219828016028407e-06, 0.006210312980073844, 0.0003437163292944851, -0.00391674300744994]","[-0.0056869031429473684, 0.0030528366690449464, -3.219828016028407e-06, 0.006210312980073844, 0.0003437163292944851, -0.00391674300744994]","[0.2551778554916382, 0.25854605436325073, 0.25758928060531616, 0.2586680054664612, 0.25759923458099365, 0.2533852756023407]","[0.2551778554916382, 0.25854605436325073, 0.25758928060531616, 0.2586680054664612, 0.25759923458099365, 0.2533852756023407]",3.0,3.0,6.0,6.0,086dfebd71040c3b8512d9e9cc25151dd95fdc19d68b60a3a990f563924cfbbb,086dfebd71040c3b8512d9e9cc25151dd95fdc19d68b60a3a990f563924cfbbb,3.0,3.0,0.0,True,0.0,True,0.0,True,True,True,False
Environment,frozen_closed_loop__Environment,libero_object_env,8,6,5260485,"[[0.17320409417152405, -0.0060617923736572266, 0.005459189414978027, -0.003475707722827792, 0.011886298656463623, -0.015439176931977272, -1.0023193359375], [0.16673997044563293, -0.005304068326950073, 0.0037416815757751465, -0.0037600535433739424, 0.02233216166496277, -0.01487340684980154, -1.000002145767212], [0.18970012664794922, -0.014352947473526001, 0.005050599575042725, -0.004913446493446827, 0.024885758757591248, -0.015543699264526367, -1.0020697116851807], [0.18827788531780243, -0.032532401382923126, 0.006416067481040955, -0.003983179107308388, 0.025957122445106506, -0.01972115784883499, -1.0013790130615234], [0.16709235310554504, -0.004644803702831268, 0.006132312119007111, -0.004323055036365986, 0.015310227870941162, -0.013010498136281967, -1.0030672550201416], [0.15450306236743927, -0.002621077001094818, 0.003858134150505066, -0.0035167832393199205, 0.009968385100364685, -0.010683652944862843, -1.0028200149536133]]","[[0.17320409417152405, -0.0060617923736572266, 0.005459189414978027, -0.003475707722827792, 0.011886298656463623, -0.015439176931977272, -1.0023193359375], [0.16673997044563293, -0.005304068326950073, 0.0037416815757751465, -0.0037600535433739424, 0.02233216166496277, -0.01487340684980154, -1.000002145767212], [0.18970012664794922, -0.014352947473526001, 0.005050599575042725, -0.004913446493446827, 0.024885758757591248, -0.015543699264526367, -1.0020697116851807], [0.18827788531780243, -0.032532401382923126, 0.006416067481040955, -0.003983179107308388, 0.025957122445106506, -0.01972115784883499, -1.0013790130615234], [0.16709235310554504, -0.004644803702831268, 0.006132312119007111, -0.004323055036365986, 0.015310227870941162, -0.013010498136281967, -1.0030672550201416], [0.15450306236743927, -0.002621077001094818, 0.003858134150505066, -0.0035167832393199205, 0.009968385100364685, -0.010683652944862843, -1.0028200149536133]]","[0.0004961169964011714, 0.0021769167674654012, 0.0009851129375501005, 0.006921383117715876, -0.004181014177106288, -0.006398515642026328]","[0.0004961169964011714, 0.0021769167674654012, 0.0009851129375501005, 0.006921383117715876, -0.004181014177106288, -0.006398515642026328]","[0.2549837529659271, 0.25889259576797485, 0.2599109411239624, 0.2607053518295288, 0.25513631105422974, 0.2531072497367859]","[0.2549837529659271, 0.25889259576797485, 0.2599109411239624, 0.2607053518295288, 0.25513631105422974, 0.2531072497367859]",3.0,3.0,6.0,6.0,086dfebd71040c3b8512d9e9cc25151dd95fdc19d68b60a3a990f563924cfbbb,086dfebd71040c3b8512d9e9cc25151dd95fdc19d68b60a3a990f563924cfbbb,3.0,3.0,0.0,True,0.0,True,0.0,True,True,True,False
Environment,frozen_closed_loop__Environment,libero_object_env,8,6,5260582,"[[0.18621280789375305, -0.012143030762672424, 0.008025169372558594, -0.006085648201406002, 0.018492400646209717, -0.016774121671915054, -1.0017240047454834], [0.16731831431388855, -0.008339770138263702, 0.002328157424926758, -0.0045149121433496475, 0.020469635725021362, -0.016977878287434578, -1.0029503107070923], [0.17246860265731812, -0.007225926965475082, 0.003438703715801239, -0.004365996923297644, 0.012525960803031921, -0.014278508722782135, -1.000606656074524], [0.185173898935318, -0.025208741426467896, 0.006968602538108826, -0.004434059839695692, 0.015944167971611023, -0.020720703527331352, -1.0003668069839478], [0.16399741172790527, -0.005694497376680374, 0.0037353113293647766, -0.0030644754879176617, 0.014408335089683533, -0.007060331758111715, -1.0009026527404785], [0.19465461373329163, -0.011235270649194717, 0.008765682578086853, -0.0038581043481826782, 0.018105804920196533, -0.017051884904503822, -1.0000874996185303]]","[[0.18621280789375305, -0.012143030762672424, 0.008025169372558594, -0.006085648201406002, 0.018492400646209717, -0.016774121671915054, -1.0017240047454834], [0.16731831431388855, -0.008339770138263702, 0.002328157424926758, -0.0045149121433496475, 0.020469635725021362, -0.016977878287434578, -1.0029503107070923], [0.17246860265731812, -0.007225926965475082, 0.003438703715801239, -0.004365996923297644, 0.012525960803031921, -0.014278508722782135, -1.000606656074524], [0.185173898935318, -0.025208741426467896, 0.006968602538108826, -0.004434059839695692, 0.015944167971611023, -0.020720703527331352, -1.0003668069839478], [0.16399741172790527, -0.005694497376680374, 0.0037353113293647766, -0.0030644754879176617, 0.014408335089683533, -0.007060331758111715, -1.0009026527404785], [0.19465461373329163, -0.011235270649194717, 0.008765682578086853, -0.0038581043481826782, 0.018105804920196533, -0.017051884904503822, -1.0000874996185303]]","[0.003030234927553672, -0.003509502819517833, -0.0026677144972507075, 0.006694948784217507, -0.005004426760101911, 0.0014564603650991576]","[0.003030234927553672, -0.003509502819517833, -0.0026677144972507075, 0.006694948784217507, -0.005004426760101911, 0.0014564603650991576]","[0.257745623588562, 0.2584848701953888, 0.25722983479499817, 0.25762540102005005, 0.25588086247444153, 0.25705862045288086]","[0.257745623588562, 0.2584848701953888, 0.25722983479499817, 0.25762540102005005, 0.25588086247444153, 0.25705862045288086]",1.0,1.0,6.0,6.0,086dfebd71040c3b8512d9e9cc25151dd95fdc19d68b60a3a990f563924cfbbb,086dfebd71040c3b8512d9e9cc25151dd95fdc19d68b60a3a990f563924cfbbb,3.0,1.0,0.0,True,0.0,True,0.0,True,True,True,True
Environment,frozen_closed_loop__Environment,libero_object_env,8,6,5260679,"[[0.16473457217216492, -0.006560906767845154, 0.003924407064914703, -0.004265384282916784, 0.017607495188713074, -0.011760841123759747, -1.0008387565612793], [0.17998002469539642, -0.01929536461830139, 0.006660036742687225, -0.0047613475471735, 0.016746550798416138, -0.020105160772800446, -1.0016310214996338], [0.17574605345726013, -0.018026288598775864, 0.0034525617957115173, -0.0038840672932565212, 0.01988285779953003, -0.01807183213531971, -1.0019006729125977], [0.16504693031311035, -0.005676280707120895, 0.0038600340485572815, -0.0032907300628721714, 0.01432393491268158, -0.011867345310747623, -1.0000584125518799], [0.1822768896818161, -0.022987090051174164, 0.008372850716114044, -0.004186160862445831, 0.019234344363212585, -0.015634341165423393, -0.9998789429664612], [0.20277544856071472, -0.01995401456952095, 0.006146170198917389, -0.0045594824478030205, 0.02555800974369049, -0.020085949450731277, -1.000685691833496]]","[[0.16473457217216492, -0.006560906767845154, 0.003924407064914703, -0.004265384282916784, 0.017607495188713074, -0.011760841123759747, -1.0008387565612793], [0.17998002469539642, -0.01929536461830139, 0.006660036742687225, -0.0047613475471735, 0.016746550798416138, -0.020105160772800446, -1.0016310214996338], [0.17574605345726013, -0.018026288598775864, 0.0034525617957115173, -0.0038840672932565212, 0.01988285779953003, -0.01807183213531971, -1.0019006729125977], [0.16504693031311035, -0.005676280707120895, 0.0038600340485572815, -0.0032907300628721714, 0.01432393491268158, -0.011867345310747623, -1.0000584125518799], [0.1822768896818161, -0.022987090051174164, 0.008372850716114044, -0.004186160862445831, 0.019234344363212585, -0.015634341165423393, -0.9998789429664612], [0.20277544856071472, -0.01995401456952095, 0.006146170198917389, -0.0045594824478030205, 0.02555800974369049, -0.020085949450731277, -1.000685691833496]]","[-0.0030278631780528546, 0.00044613724758904723, 0.0014993800758615014, -0.0038772255884592364, 0.0007932937825519009, 0.004166277660509659]","[-0.0030278631780528546, 0.00044613724758904723, 0.0014993800758615014, -0.0038772255884592364, 0.0007932937825519009, 0.004166277660509659]","[0.25763392448425293, 0.25918489694595337, 0.2582195997238159, 0.25551021099090576, 0.2597147822380066, 0.25981417298316956]","[0.25763392448425293, 0.25918489694595337, 0.2582195997238159, 0.25551021099090576, 0.2597147822380066, 0.25981417298316956]",5.0,5.0,6.0,6.0,086dfebd71040c3b8512d9e9cc25151dd95fdc19d68b60a3a990f563924cfbbb,086dfebd71040c3b8512d9e9cc25151dd95fdc19d68b60a3a990f563924cfbbb,5.0,5.0,0.0,True,0.0,True,0.0,True,True,True,False
Environment,frozen_closed_loop__Environment,libero_object_env,8,7,5270000,"[[0.12945279479026794, 0.011721812188625336, 0.008774958550930023, -0.0032081580720841885, 0.0005724281072616577, -0.0050899493508040905, -0.99968421459198], [0.10067928582429886, 0.009177736937999725, 0.009396672248840332, -0.003486356232315302, 0.001415356993675232, -0.0054208324290812016, -0.9987629652023315], [0.13154390454292297, 0.008329935371875763, 0.007644854485988617, -0.0034798975102603436, 0.0018401294946670532, -0.007185828406363726, -1.0005193948745728], [0.1405886560678482, 0.003256872296333313, 0.0062492117285728455, -0.004690960980951786, 0.0061912089586257935, -0.008153426460921764, -0.9984188675880432], [0.08822623640298843, 0.008860230445861816, 0.00887598842382431, -0.0024763895198702812, 0.0014262199401855469, -0.0025119788479059935, -1.0005443096160889], [0.12692056596279144, 0.01237381249666214, 0.008432082831859589, -0.0029693155083805323, 0.001234307885169983, -0.0022697984240949154, -0.9996796250343323]]","[[0.12945279479026794, 0.011721812188625336, 0.008774958550930023, -0.0032081580720841885, 0.0005724281072616577, -0.0050899493508040905, -0.99968421459198], [0.10067928582429886, 0.009177736937999725, 0.009396672248840332, -0.003486356232315302, 0.001415356993675232, -0.0054208324290812016, -0.9987629652023315], [0.13154390454292297, 0.008329935371875763, 0.007644854485988617, -0.0034798975102603436, 0.0018401294946670532, -0.007185828406363726, -1.0005193948745728], [0.1405886560678482, 0.003256872296333313, 0.0062492117285728455, -0.004690960980951786, 0.0061912089586257935, -0.008153426460921764, -0.9984188675880432], [0.08822623640298843, 0.008860230445861816, 0.00887598842382431, -0.0024763895198702812, 0.0014262199401855469, -0.0025119788479059935, -1.0005443096160889], [0.12692056596279144, 0.01237381249666214, 0.008432082831859589, -0.0029693155083805323, 0.001234307885169983, -0.0022697984240949154, -0.9996796250343323]]","[-0.0011005196117757094, 0.0012632206227154912, 0.0020797940149534463, 0.0037362740462784302, -0.006682193419485258, 0.0007034243473135782]","[-0.0011005196117757094, 0.0012632206227154912, 0.0020797940149534463, 0.0037362740462784302, -0.006682193419485258, 0.0007034243473135782]","[0.25667524337768555, 0.2593546211719513, 0.2603340744972229, 0.26270347833633423, 0.25462985038757324, 0.2563312351703644]","[0.25667524337768555, 0.2593546211719513, 0.2603340744972229, 0.26270347833633423, 0.25462985038757324, 0.2563312351703644]",3.0,3.0,6.0,6.0,086dfebd71040c3b8512d9e9cc25151dd95fdc19d68b60a3a990f563924cfbbb,086dfebd71040c3b8512d9e9cc25151dd95fdc19d68b60a3a990f563924cfbbb,3.0,3.0,0.0,True,0.0,True,0.0,True,True,True,False
Environment,frozen_closed_loop__Environment,libero_object_env,8,7,5270097,"[[0.12785834074020386, 0.006673336029052734, 0.008305571973323822, -0.0038944047410041094, 0.006261751055717468, -0.0127028813585639, -0.9997622966766357], [0.12082591652870178, 0.012345202267169952, 0.007569082081317902, -0.004623044282197952, 0.0018104463815689087, -0.005917178932577372, -1.0010828971862793], [0.11636786162853241, 0.00853411853313446, 0.0072509050369262695, -0.003559304401278496, 0.001564621925354004, -0.009330487810075283, -0.9979725480079651], [0.15729166567325592, 0.010021738708019257, 0.007344894111156464, -0.003692484460771084, 0.0018015950918197632, -0.006964380387216806, -1.0020103454589844], [0.0968385860323906, 0.0076303258538246155, 0.008238069713115692, -0.003581900615245104, 0.0008912086486816406, -0.004157669376581907, -1.0007870197296143], [0.09540494531393051, 0.007030181586742401, 0.007493868470191956, -0.0022855571005493402, 0.0011659115552902222, -0.004186796024441719, -0.9977820515632629]]","[[0.12785834074020386, 0.006673336029052734, 0.008305571973323822, -0.0038944047410041094, 0.006261751055717468, -0.0127028813585639, -0.9997622966766357], [0.12082591652870178, 0.012345202267169952, 0.007569082081317902, -0.004623044282197952, 0.0018104463815689087, -0.005917178932577372, -1.0010828971862793], [0.11636786162853241, 0.00853411853313446, 0.0072509050369262695, -0.003559304401278496, 0.001564621925354004, -0.009330487810075283, -0.9979725480079651], [0.15729166567325592, 0.010021738708019257, 0.007344894111156464, -0.003692484460771084, 0.0018015950918197632, -0.006964380387216806, -1.0020103454589844], [0.0968385860323906, 0.0076303258538246155, 0.008238069713115692, -0.003581900615245104, 0.0008912086486816406, -0.004157669376581907, -1.0007870197296143], [0.09540494531393051, 0.007030181586742401, 0.007493868470191956, -0.0022855571005493402, 0.0011659115552902222, -0.004186796024441719, -0.9977820515632629]]","[0.006726795137196483, -0.0030823793801174532, -0.0007719879830823698, 0.002202991303139918, -0.0037440123367458184, -0.0013314067403907485]","[0.006726795137196483, -0.0030823793801174532, -0.0007719879830823698, 0.002202991303139918, -0.0037440123367458184, -0.0013314067403907485]","[0.2617005705833435, 0.26095911860466003, 0.25782641768455505, 0.2575216293334961, 0.25831472873687744, 0.2581385672092438]","[0.2617005705833435, 0.26095911860466003, 0.25782641768455505, 0.2575216293334961, 0.25831472873687744, 0.2581385672092438]",0.0,0.0,6.0,6.0,086dfebd71040c3b8512d9e9cc25151dd95fdc19d68b60a3a990f563924cfbbb,086dfebd71040c3b8512d9e9cc25151dd95fdc19d68b60a3a990f563924cfbbb,0.0,0.0,0.0,True,0.0,True,0.0,True,True,True,False
Environment,frozen_closed_loop__Environment,libero_object_env,8,7,5270194,"[[0.13476121425628662, 0.011497512459754944, 0.007658824324607849, -0.004586945287883282, 0.004395201802253723, -0.011615096591413021, -1.0016589164733887], [0.13052724301815033, 0.009133033454418182, 0.00782746821641922, -0.003778770798817277, 0.003539353609085083, -0.006664408836513758, -1.0005422830581665], [0.1176324114203453, 0.011332333087921143, 0.0075197964906692505, -0.003651299048215151, 0.001418575644493103, -0.005072477739304304, -1.0002361536026], [0.14325958490371704, 0.011689290404319763, 0.008148439228534698, -0.0038472546730190516, 0.00227200984954834, -0.011425837874412537, -1.0003618001937866], [0.13099908828735352, 0.0051620230078697205, 0.006540454924106598, -0.0032737874425947666, 0.0010558515787124634, -0.006521374452859163, -1.0011484622955322], [0.10154016315937042, 0.010489337146282196, 0.008688010275363922, -0.002510055201128125, 0.0003364384174346924, -0.002326421672478318, -0.9999839663505554]]","[[0.13476121425628662, 0.011497512459754944, 0.007658824324607849, -0.004586945287883282, 0.004395201802253723, -0.011615096591413021, -1.0016589164733887], [0.13052724301815033, 0.009133033454418182, 0.00782746821641922, -0.003778770798817277, 0.003539353609085083, -0.006664408836513758, -1.0005422830581665], [0.1176324114203453, 0.011332333087921143, 0.0075197964906692505, -0.003651299048215151, 0.001418575644493103, -0.005072477739304304, -1.0002361536026], [0.14325958490371704, 0.011689290404319763, 0.008148439228534698, -0.0038472546730190516, 0.00227200984954834, -0.011425837874412537, -1.0003618001937866], [0.13099908828735352, 0.0051620230078697205, 0.006540454924106598, -0.0032737874425947666, 0.0010558515787124634, -0.006521374452859163, -1.0011484622955322], [0.10154016315937042, 0.010489337146282196, 0.008688010275363922, -0.002510055201128125, 0.0003364384174346924, -0.002326421672478318, -0.9999839663505554]]","[0.002559731517794584, 0.0009716600309368632, 0.0002670938684076595, 0.003352366943455303, -0.0010006253068237194, -0.006150227053770814]","[0.002559731517794584, 0.0009716600309368632, 0.0002670938684076595, 0.003352366943455303, -0.0010006253068237194, -0.006150227053770814]","[0.26104509830474854, 0.25837916135787964, 0.25773197412490845, 0.25910741090774536, 0.2582300305366516, 0.2566819489002228]","[0.26104509830474854, 0.25837916135787964, 0.25773197412490845, 0.25910741090774536, 0.2582300305366516, 0.2566819489002228]",0.0,0.0,6.0,6.0,086dfebd71040c3b8512d9e9cc25151dd95fdc19d68b60a3a990f563924cfbbb,086dfebd71040c3b8512d9e9cc25151dd95fdc19d68b60a3a990f563924cfbbb,3.0,0.0,0.0,True,0.0,True,0.0,True,True,True,True
Environment,frozen_closed_loop__Environment,libero_object_env,8,7,5270291,"[[0.1020260900259018, 0.00869113951921463, 0.008726902306079865, -0.002621297724545002, 0.0010250061750411987, -0.0036245505325496197, -1.000213861465454], [0.12239255011081696, 0.01169063150882721, 0.00841878354549408, -0.0032776298467069864, 0.0005181580781936646, -0.003453644923865795, -0.998345136642456], [0.14572274684906006, 0.01086987555027008, 0.007063820958137512, -0.003866154933348298, 0.0010257214307785034, -0.009370366111397743, -0.9995176196098328], [0.14177900552749634, 0.004580318927764893, 0.007610544562339783, -0.005244174040853977, 0.009392693638801575, -0.013953112065792084, -0.999250054359436], [0.1178421825170517, 0.00969763845205307, 0.0076537951827049255, -0.002319460501894355, 0.0017603784799575806, -0.002715029753744602, -0.9981780052185059], [0.12094438076019287, 0.0068308040499687195, 0.0077164918184280396, -0.002441918943077326, 0.001008734107017517, -0.004021068103611469, -0.9990732073783875]]","[[0.1020260900259018, 0.00869113951921463, 0.008726902306079865, -0.002621297724545002, 0.0010250061750411987, -0.0036245505325496197, -1.000213861465454], [0.12239255011081696, 0.01169063150882721, 0.00841878354549408, -0.0032776298467069864, 0.0005181580781936646, -0.003453644923865795, -0.998345136642456], [0.14572274684906006, 0.01086987555027008, 0.007063820958137512, -0.003866154933348298, 0.0010257214307785034, -0.009370366111397743, -0.9995176196098328], [0.14177900552749634, 0.004580318927764893, 0.007610544562339783, -0.005244174040853977, 0.009392693638801575, -0.013953112065792084, -0.999250054359436], [0.1178421825170517, 0.00969763845205307, 0.0076537951827049255, -0.002319460501894355, 0.0017603784799575806, -0.002715029753744602, -0.9981780052185059], [0.12094438076019287, 0.0068308040499687195, 0.0077164918184280396, -0.002441918943077326, 0.001008734107017517, -0.004021068103611469, -0.9990732073783875]]","[-0.004155121870751695, -0.0035061120639957146, 0.004644298619143194, 0.0061038118772284876, -0.0023359065015162565, -0.0007509700601080447]","[-0.004155121870751695, -0.0035061120639957146, 0.004644298619143194, 0.0061038118772284876, -0.0023359065015162565, -0.0007509700601080447]","[0.2533557713031769, 0.2560887038707733, 0.255126416683197, 0.2635686695575714, 0.255570650100708, 0.2533596456050873]","[0.2533557713031769, 0.2560887038707733, 0.255126416683197, 0.2635686695575714, 0.255570650100708, 0.2533596456050873]",3.0,3.0,6.0,6.0,086dfebd71040c3b8512d9e9cc25151dd95fdc19d68b60a3a990f563924cfbbb,086dfebd71040c3b8512d9e9cc25151dd95fdc19d68b60a3a990f563924cfbbb,3.0,3.0,0.0,True,0.0,True,0.0,True,True,True,False
Environment,frozen_closed_loop__Environment,libero_object_env,8,7,5270388,"[[0.12706506252288818, 0.00043060630559921265, 0.006568506360054016, -0.00399499898776412, 0.0021501481533050537, -0.013951657339930534, -0.9998764991760254], [0.09246613830327988, 0.009928196668624878, 0.008433423936367035, -0.003306611441075802, 0.0017008334398269653, -0.0030905725434422493, -0.9995418787002563], [0.074298195540905, 0.00392518937587738, 0.0076193735003471375, -0.0022330826614052057, 0.0006467700004577637, -0.002976951189339161, -0.996730387210846], [0.1167646050453186, 0.014385692775249481, 0.008431300520896912, -0.0030768439173698425, 0.0015002042055130005, -0.002998080337420106, -0.999477207660675], [0.12350890785455704, 0.007003135979175568, 0.009354427456855774, -0.0033688927069306374, 0.0009808838367462158, -0.006522542331367731, -0.9983826279640198], [0.13329438865184784, 0.008264780044555664, 0.007234141230583191, -0.0024749806616455317, 0.0012757480144500732, -0.006270094774663448, -0.9985782504081726]]","[[0.12706506252288818, 0.00043060630559921265, 0.006568506360054016, -0.00399499898776412, 0.0021501481533050537, -0.013951657339930534, -0.9998764991760254], [0.09246613830327988, 0.009928196668624878, 0.008433423936367035, -0.003306611441075802, 0.0017008334398269653, -0.0030905725434422493, -0.9995418787002563], [0.074298195540905, 0.00392518937587738, 0.0076193735003471375, -0.0022330826614052057, 0.0006467700004577637, -0.002976951189339161, -0.996730387210846], [0.1167646050453186, 0.014385692775249481, 0.008431300520896912, -0.0030768439173698425, 0.0015002042055130005, -0.002998080337420106, -0.999477207660675], [0.12350890785455704, 0.007003135979175568, 0.009354427456855774, -0.0033688927069306374, 0.0009808838367462158, -0.006522542331367731, -0.9983826279640198], [0.13329438865184784, 0.008264780044555664, 0.007234141230583191, -0.0024749806616455317, 0.0012757480144500732, -0.006270094774663448, -0.9985782504081726]]","[0.003131318712750067, -0.0036271079961628806, -0.003614664827963939, -0.0005048802019513249, 0.0032141126527292633, 0.0014012216605987693]","[0.003131318712750067, -0.0036271079961628806, -0.003614664827963939, -0.0005048802019513249, 0.0032141126527292633, 0.0014012216605987693]","[0.26188716292381287, 0.2543295919895172, 0.25787416100502014, 0.2601196765899658, 0.2608698606491089, 0.25575947761535645]","[0.26188716292381287, 0.2543295919895172, 0.25787416100502014, 0.2601196765899658, 0.2608698606491089, 0.25575947761535645]",0.0,0.0,6.0,6.0,086dfebd71040c3b8512d9e9cc25151dd95fdc19d68b60a3a990f563924cfbbb,086dfebd71040c3b8512d9e9cc25151dd95fdc19d68b60a3a990f563924cfbbb,4.0,0.0,0.0,True,0.0,True,0.0,True,True,True,True
Environment,frozen_closed_loop__Environment,libero_object_env,8,7,5270485,"[[0.10180234909057617, 0.006161145865917206, 0.00741519033908844, -0.00228312355466187, 0.0008524060249328613, -0.004270761739462614, -1.0007957220077515], [0.13344258069992065, 0.009532347321510315, 0.008772946894168854, -0.0036228664685040712, 0.0008108317852020264, -0.008732064627110958, -1.0004695653915405], [0.11604040861129761, 0.011380836367607117, 0.008936114609241486, -0.0029649059288203716, 0.0033989399671554565, -0.004099525511264801, -0.9987805485725403], [0.10987713932991028, 0.009490437805652618, 0.008084289729595184, -0.0032145618461072445, 0.0013798624277114868, -0.0037139139603823423, -0.9996898174285889], [0.0834735855460167, 0.007940791547298431, 0.008275508880615234, -0.002200185554102063, 0.002097085118293762, -0.0040903822518885136, -0.9997692108154297], [0.14435112476348877, 0.006484463810920715, 0.006337277591228485, -0.004164644051343203, 0.0017318576574325562, -0.010553992353379726, -1.0009477138519287]]","[[0.10180234909057617, 0.006161145865917206, 0.00741519033908844, -0.00228312355466187, 0.0008524060249328613, -0.004270761739462614, -1.0007957220077515], [0.13344258069992065, 0.009532347321510315, 0.008772946894168854, -0.0036228664685040712, 0.0008108317852020264, -0.008732064627110958, -1.0004695653915405], [0.11604040861129761, 0.011380836367607117, 0.008936114609241486, -0.0029649059288203716, 0.0033989399671554565, -0.004099525511264801, -0.9987805485725403], [0.10987713932991028, 0.009490437805652618, 0.008084289729595184, -0.0032145618461072445, 0.0013798624277114868, -0.0037139139603823423, -0.9996898174285889], [0.0834735855460167, 0.007940791547298431, 0.008275508880615234, -0.002200185554102063, 0.002097085118293762, -0.0040903822518885136, -0.9997692108154297], [0.14435112476348877, 0.006484463810920715, 0.006337277591228485, -0.004164644051343203, 0.0017318576574325562, -0.010553992353379726, -1.0009477138519287]]","[-0.00045041411496680734, 0.0014563969359485073, -0.0025238936223469437, 0.002706852129456815, -0.00525061508728265, 0.004061673759191053]","[-0.00045041411496680734, 0.0014563969359485073, -0.0025238936223469437, 0.002706852129456815, -0.00525061508728265, 0.004061673759191053]","[0.2586232125759125, 0.2553821802139282, 0.2557167112827301, 0.25884783267974854, 0.25587064027786255, 0.2565920352935791]","[0.2586232125759125, 0.2553821802139282, 0.2557167112827301, 0.25884783267974854, 0.25587064027786255, 0.2565920352935791]",3.0,3.0,6.0,6.0,086dfebd71040c3b8512d9e9cc25151dd95fdc19d68b60a3a990f563924cfbbb,086dfebd71040c3b8512d9e9cc25151dd95fdc19d68b60a3a990f563924cfbbb,5.0,3.0,0.0,True,0.0,True,0.0,True,True,True,True
Environment,frozen_closed_loop__Environment,libero_object_env,8,7,5270582,"[[0.11170931160449982, 0.007479898631572723, 0.006533190608024597, -0.004562464542686939, 0.0027733594179153442, -0.007559498772025108, -0.9996668100357056], [0.1310955286026001, 0.007616132497787476, 0.00885050743818283, -0.002667880617082119, 0.001753002405166626, -0.0018742941319942474, -1.0014839172363281], [0.15606868267059326, 0.010706484317779541, 0.008260533213615417, -0.003597269533202052, 0.0008483827114105225, -0.006334671750664711, -1.0006983280181885], [0.1001211628317833, 0.008068084716796875, 0.008061826229095459, -0.0026312144473195076, 0.0005927234888076782, -0.0040952293202281, -1.0029431581497192], [0.13430702686309814, -0.0025230087339878082, 0.005706287920475006, -0.006420821882784367, 0.011265590786933899, -0.025016894564032555, -1.000224232673645], [0.11549200862646103, 0.01228921115398407, 0.00972457230091095, -0.0026759677566587925, 0.0024535953998565674, -0.003816100535914302, -0.9986997842788696]]","[[0.11170931160449982, 0.007479898631572723, 0.006533190608024597, -0.004562464542686939, 0.0027733594179153442, -0.007559498772025108, -0.9996668100357056], [0.1310955286026001, 0.007616132497787476, 0.00885050743818283, -0.002667880617082119, 0.001753002405166626, -0.0018742941319942474, -1.0014839172363281], [0.15606868267059326, 0.010706484317779541, 0.008260533213615417, -0.003597269533202052, 0.0008483827114105225, -0.006334671750664711, -1.0006983280181885], [0.1001211628317833, 0.008068084716796875, 0.008061826229095459, -0.0026312144473195076, 0.0005927234888076782, -0.0040952293202281, -1.0029431581497192], [0.13430702686309814, -0.0025230087339878082, 0.005706287920475006, -0.006420821882784367, 0.011265590786933899, -0.025016894564032555, -1.000224232673645], [0.11549200862646103, 0.01228921115398407, 0.00972457230091095, -0.0026759677566587925, 0.0024535953998565674, -0.003816100535914302, -0.9986997842788696]]","[0.0018461193170521565, -0.00486080697373141, 0.003682901721276431, -0.0044608987192341016, 0.006477595834135614, -0.002684911179498751]","[0.0018461193170521565, -0.00486080697373141, 0.003682901721276431, -0.0044608987192341016, 0.006477595834135614, -0.002684911179498751]","[0.26163947582244873, 0.2554052472114563, 0.2573181986808777, 0.25659412145614624, 0.2678878605365753, 0.2551884651184082]","[0.26163947582244873, 0.2554052472114563, 0.2573181986808777, 0.25659412145614624, 0.2678878605365753, 0.2551884651184082]",4.0,4.0,6.0,6.0,086dfebd71040c3b8512d9e9cc25151dd95fdc19d68b60a3a990f563924cfbbb,086dfebd71040c3b8512d9e9cc25151dd95fdc19d68b60a3a990f563924cfbbb,4.0,4.0,0.0,True,0.0,True,0.0,True,True,True,False
Environment,frozen_closed_loop__Environment,libero_object_env,8,7,5270679,"[[0.1334088295698166, 0.009466968476772308, 0.007001236081123352, -0.003754345001652837, 0.0027519911527633667, -0.008090920746326447, -0.9998232126235962], [0.13267122209072113, 0.007121153175830841, 0.007175356149673462, -0.003947501070797443, 0.0020803213119506836, -0.010420695878565311, -0.9994106292724609], [0.07512208074331284, 0.00825975090265274, 0.008975677192211151, -0.003235309850424528, 0.0011942535638809204, -0.0050019738264381886, -0.998665988445282], [0.14172591269016266, 0.0051604583859443665, 0.006590411067008972, -0.0038854393642395735, 0.004426851868629456, -0.008486403152346611, -0.9990179538726807], [0.10702807456254959, 0.011108480393886566, 0.009472779929637909, -0.002585509791970253, 0.0018316805362701416, -0.0025291861966252327, -1.0021142959594727], [0.11133290827274323, 0.009255185723304749, 0.007173120975494385, -0.0034503303468227386, 0.000164911150932312, -0.0045358557254076, -0.9996945261955261]]","[[0.1334088295698166, 0.009466968476772308, 0.007001236081123352, -0.003754345001652837, 0.0027519911527633667, -0.008090920746326447, -0.9998232126235962], [0.13267122209072113, 0.007121153175830841, 0.007175356149673462, -0.003947501070797443, 0.0020803213119506836, -0.010420695878565311, -0.9994106292724609], [0.07512208074331284, 0.00825975090265274, 0.008975677192211151, -0.003235309850424528, 0.0011942535638809204, -0.0050019738264381886, -0.998665988445282], [0.14172591269016266, 0.0051604583859443665, 0.006590411067008972, -0.0038854393642395735, 0.004426851868629456, -0.008486403152346611, -0.9990179538726807], [0.10702807456254959, 0.011108480393886566, 0.009472779929637909, -0.002585509791970253, 0.0018316805362701416, -0.0025291861966252327, -1.0021142959594727], [0.11133290827274323, 0.009255185723304749, 0.007173120975494385, -0.0034503303468227386, 0.000164911150932312, -0.0045358557254076, -0.9996945261955261]]","[0.0025302392774291162, 0.0010927973615917162, -0.00508736756137177, 0.00481091576978858, -0.0017748318811597816, -0.001571752966277911]","[0.0025302392774291162, 0.0010927973615917162, -0.00508736756137177, 0.00481091576978858, -0.0017748318811597816, -0.001571752966277911]","[0.25728315114974976, 0.26154810190200806, 0.26105135679244995, 0.2612065076828003, 0.25392889976501465, 0.2555568814277649]","[0.25728315114974976, 0.26154810190200806, 0.26105135679244995, 0.2612065076828003, 0.25392889976501465, 0.2555568814277649]",1.0,1.0,6.0,6.0,086dfebd71040c3b8512d9e9cc25151dd95fdc19d68b60a3a990f563924cfbbb,086dfebd71040c3b8512d9e9cc25151dd95fdc19d68b60a3a990f563924cfbbb,3.0,1.0,0.0,True,0.0,True,0.0,True,True,True,True
Environment,frozen_closed_loop__Environment,libero_object_env,8,8,5280000,"[[0.20567379891872406, -0.0055853091180324554, 0.014653131365776062, -0.004206689540296793, 0.002452477812767029, -0.012194372713565826, -1.0020095109939575], [0.19801273941993713, -0.0022375769913196564, 0.019198022782802582, -0.004083443898707628, 0.000969618558883667, -0.017930252477526665, -1.0007175207138062], [0.20066924393177032, -0.005572959780693054, 0.01422833651304245, -0.003841729136183858, 0.005167409777641296, -0.015059513971209526, -1.0028667449951172], [0.18640202283859253, -0.004864633083343506, 0.014754943549633026, -0.0037027671933174133, 0.0015577822923660278, -0.017538471147418022, -1.0019826889038086], [0.205946147441864, -0.007207375019788742, 0.019945800304412842, -0.00436797272413969, 0.005532011389732361, -0.021207334473729134, -1.003551721572876], [0.2038414031267166, -0.005686450749635696, 0.02228870987892151, -0.004568630829453468, 0.0034651458263397217, -0.023032743483781815, -1.0005946159362793]]","[[0.20567379891872406, -0.0055853091180324554, 0.014653131365776062, -0.004206689540296793, 0.002452477812767029, -0.012194372713565826, -1.0020095109939575], [0.19801273941993713, -0.0022375769913196564, 0.019198022782802582, -0.004083443898707628, 0.000969618558883667, -0.017930252477526665, -1.0007175207138062], [0.20066924393177032, -0.005572959780693054, 0.01422833651304245, -0.003841729136183858, 0.005167409777641296, -0.015059513971209526, -1.0028667449951172], [0.18640202283859253, -0.004864633083343506, 0.014754943549633026, -0.0037027671933174133, 0.0015577822923660278, -0.017538471147418022, -1.0019826889038086], [0.205946147441864, -0.007207375019788742, 0.019945800304412842, -0.00436797272413969, 0.005532011389732361, -0.021207334473729134, -1.003551721572876], [0.2038414031267166, -0.005686450749635696, 0.02228870987892151, -0.004568630829453468, 0.0034651458263397217, -0.023032743483781815, -1.0005946159362793]]","[-0.0032481428048344446, -0.003542687197615376, -0.00219959675307745, -0.000297471942405442, 0.004071995765619793, 0.0052159029323129]","[-0.0032481428048344446, -0.003542687197615376, -0.00219959675307745, -0.000297471942405442, 0.004071995765619793, 0.0052159029323129]","[0.25243306159973145, 0.25111258029937744, 0.2523593306541443, 0.25096070766448975, 0.2535392642021179, 0.25326669216156006]","[0.25243306159973145, 0.25111258029937744, 0.2523593306541443, 0.25096070766448975, 0.2535392642021179, 0.25326669216156006]",4.0,4.0,6.0,6.0,086dfebd71040c3b8512d9e9cc25151dd95fdc19d68b60a3a990f563924cfbbb,086dfebd71040c3b8512d9e9cc25151dd95fdc19d68b60a3a990f563924cfbbb,5.0,4.0,0.0,True,0.0,True,0.0,True,True,True,True
Environment,frozen_closed_loop__Environment,libero_object_env,8,8,5280097,"[[0.193337082862854, -0.00481143593788147, 0.016879141330718994, -0.003767335554584861, 0.0016756653785705566, -0.013678543269634247, -1.001672625541687], [0.16607165336608887, 0.0003881379961967468, 0.011815577745437622, -0.0037639872170984745, 0.00195331871509552, -0.012144425883889198, -1.003324031829834], [0.21669745445251465, -0.008085127919912338, 0.026537775993347168, -0.004139724187552929, 0.004776120185852051, -0.019117513671517372, -0.9994807243347168], [0.1938251405954361, -0.0022721104323863983, 0.014658942818641663, -0.003931436687707901, 0.0025887340307235718, -0.013161243870854378, -1.0007938146591187], [0.1861952543258667, -0.0029932893812656403, 0.015368163585662842, -0.004656453616917133, 0.0017020851373672485, -0.015522217378020287, -1.0025252103805542], [0.1948813796043396, -0.0030440837144851685, 0.017546117305755615, -0.0047502052038908005, 0.0017925649881362915, -0.022278374060988426, -1.000505805015564]]","[[0.193337082862854, -0.00481143593788147, 0.016879141330718994, -0.003767335554584861, 0.0016756653785705566, -0.013678543269634247, -1.001672625541687], [0.16607165336608887, 0.0003881379961967468, 0.011815577745437622, -0.0037639872170984745, 0.00195331871509552, -0.012144425883889198, -1.003324031829834], [0.21669745445251465, -0.008085127919912338, 0.026537775993347168, -0.004139724187552929, 0.004776120185852051, -0.019117513671517372, -0.9994807243347168], [0.1938251405954361, -0.0022721104323863983, 0.014658942818641663, -0.003931436687707901, 0.0025887340307235718, -0.013161243870854378, -1.0007938146591187], [0.1861952543258667, -0.0029932893812656403, 0.015368163585662842, -0.004656453616917133, 0.0017020851373672485, -0.015522217378020287, -1.0025252103805542], [0.1948813796043396, -0.0030440837144851685, 0.017546117305755615, -0.0047502052038908005, 0.0017925649881362915, -0.022278374060988426, -1.000505805015564]]","[-9.183094168050204e-05, -0.00612758342762524, 0.0056543982761209045, 0.0012916995636136988, -0.003217939211863008, 0.0024912557414340846]","[-9.183094168050204e-05, -0.00612758342762524, 0.0056543982761209045, 0.0012916995636136988, -0.003217939211863008, 0.0024912557414340846]","[0.2492246925830841, 0.2488904595375061, 0.2529032230377197, 0.25035786628723145, 0.2492847442626953, 0.2500573396682739]","[0.2492246925830841, 0.2488904595375061, 0.2529032230377197, 0.25035786628723145, 0.2492847442626953, 0.2500573396682739]",2.0,2.0,6.0,6.0,086dfebd71040c3b8512d9e9cc25151dd95fdc19d68b60a3a990f563924cfbbb,086dfebd71040c3b8512d9e9cc25151dd95fdc19d68b60a3a990f563924cfbbb,2.0,2.0,0.0,True,0.0,True,0.0,True,True,True,False
Environment,frozen_closed_loop__Environment,libero_object_env,8,8,5280194,"[[0.212533101439476, -0.007953420281410217, 0.03184519708156586, -0.0044087376445531845, 0.00507393479347229, -0.02224722132086754, -1.000122308731079], [0.21031692624092102, -0.0019741058349609375, 0.02478037029504776, -0.004190515261143446, 0.003915309906005859, -0.01975647546350956, -1.0017236471176147], [0.19378580152988434, 0.0015476346015930176, 0.011096745729446411, -0.0034034363925457, 0.0024571269750595093, -0.014563013799488544, -1.002718210220337], [0.2069701999425888, -0.0012829340994358063, 0.01376219093799591, -0.0034018629230558872, 0.005876719951629639, -0.016835615038871765, -1.0010144710540771], [0.20854465663433075, -0.013070069253444672, 0.013788789510726929, -0.004868455231189728, 0.010575279593467712, -0.02097868174314499, -1.0017001628875732], [0.2058471441268921, -0.0019301287829875946, 0.025824420154094696, -0.005256139673292637, 0.00317305326461792, -0.013834423385560513, -0.9997127056121826]]","[[0.212533101439476, -0.007953420281410217, 0.03184519708156586, -0.0044087376445531845, 0.00507393479347229, -0.02224722132086754, -1.000122308731079], [0.21031692624092102, -0.0019741058349609375, 0.02478037029504776, -0.004190515261143446, 0.003915309906005859, -0.01975647546350956, -1.0017236471176147], [0.19378580152988434, 0.0015476346015930176, 0.011096745729446411, -0.0034034363925457, 0.0024571269750595093, -0.014563013799488544, -1.002718210220337], [0.2069701999425888, -0.0012829340994358063, 0.01376219093799591, -0.0034018629230558872, 0.005876719951629639, -0.016835615038871765, -1.0010144710540771], [0.20854465663433075, -0.013070069253444672, 0.013788789510726929, -0.004868455231189728, 0.010575279593467712, -0.02097868174314499, -1.0017001628875732], [0.2058471441268921, -0.0019301287829875946, 0.025824420154094696, -0.005256139673292637, 0.00317305326461792, -0.013834423385560513, -0.9997127056121826]]","[0.0018460693041428499, 0.0024649222590337728, -0.0034227092600857987, -0.0034632963871097247, 0.0015473052124083076, 0.0010277088716105366]","[0.0018460693041428499, 0.0024649222590337728, -0.0034227092600857987, -0.0034632963871097247, 0.0015473052124083076, 0.0010277088716105366]","[0.25299620628356934, 0.2518819570541382, 0.24912568926811218, 0.24915677309036255, 0.255248099565506, 0.24939876794815063]","[0.25299620628356934, 0.2518819570541382, 0.24912568926811218, 0.24915677309036255, 0.255248099565506, 0.24939876794815063]",4.0,4.0,6.0,6.0,086dfebd71040c3b8512d9e9cc25151dd95fdc19d68b60a3a990f563924cfbbb,086dfebd71040c3b8512d9e9cc25151dd95fdc19d68b60a3a990f563924cfbbb,1.0,4.0,0.0,True,0.0,True,0.0,True,True,True,True
Environment,frozen_closed_loop__Environment,libero_object_env,8,8,5280291,"[[0.1863667070865631, 0.00016987323760986328, 0.012343190610408783, -0.0035124835558235645, 0.0013282299041748047, -0.019540492445230484, -1.000064730644226], [0.18247413635253906, -0.0032454170286655426, 0.011387653648853302, -0.004339412320405245, 0.002209782600402832, -0.010273541323840618, -1.0020780563354492], [0.20457923412322998, -0.006331857293844223, 0.016309060156345367, -0.00414949469268322, 0.0005304515361785889, -0.01707722246646881, -1.0016820430755615], [0.20981155335903168, -0.005938857793807983, 0.02022475004196167, -0.004773166961967945, 0.003818035125732422, -0.01630842313170433, -1.0002158880233765], [0.18810421228408813, -0.0041523948311805725, 0.009546875953674316, -0.004054370801895857, 0.006510436534881592, -0.019108150154352188, -1.0002925395965576], [0.2028125524520874, -0.0038710422813892365, 0.015195943415164948, -0.004207567777484655, 0.003245919942855835, -0.01891307532787323, -1.000171184539795]]","[[0.1863667070865631, 0.00016987323760986328, 0.012343190610408783, -0.0035124835558235645, 0.0013282299041748047, -0.019540492445230484, -1.000064730644226], [0.18247413635253906, -0.0032454170286655426, 0.011387653648853302, -0.004339412320405245, 0.002209782600402832, -0.010273541323840618, -1.0020780563354492], [0.20457923412322998, -0.006331857293844223, 0.016309060156345367, -0.00414949469268322, 0.0005304515361785889, -0.01707722246646881, -1.0016820430755615], [0.20981155335903168, -0.005938857793807983, 0.02022475004196167, -0.004773166961967945, 0.003818035125732422, -0.01630842313170433, -1.0002158880233765], [0.18810421228408813, -0.0041523948311805725, 0.009546875953674316, -0.004054370801895857, 0.006510436534881592, -0.019108150154352188, -1.0002925395965576], [0.2028125524520874, -0.0038710422813892365, 0.015195943415164948, -0.004207567777484655, 0.003245919942855835, -0.01891307532787323, -1.000171184539795]]","[-0.0012033117150770222, -0.005103368262781167, 0.005255424173510138, 0.0036745797059697972, -0.005037183913059111, 0.002413860011437266]","[-0.0012033117150770222, -0.005103368262781167, 0.005255424173510138, 0.0036745797059697972, -0.005037183913059111, 0.002413860011437266]","[0.2516540586948395, 0.2508307099342346, 0.2511422634124756, 0.25264668464660645, 0.25042468309402466, 0.25052139163017273]","[0.2516540586948395, 0.2508307099342346, 0.2511422634124756, 0.25264668464660645, 0.25042468309402466, 0.25052139163017273]",3.0,3.0,6.0,6.0,086dfebd71040c3b8512d9e9cc25151dd95fdc19d68b60a3a990f563924cfbbb,086dfebd71040c3b8512d9e9cc25151dd95fdc19d68b60a3a990f563924cfbbb,2.0,3.0,0.0,True,0.0,True,0.0,True,True,True,True
Environment,frozen_closed_loop__Environment,libero_object_env,8,8,5280388,"[[0.1997561752796173, -0.0037572160363197327, 0.01819353550672531, -0.004330739378929138, 0.005719095468521118, -0.021901465952396393, -1.0018043518066406], [0.2031286060810089, -0.0014857202768325806, 0.011645928025245667, -0.003955130930989981, 0.004958733916282654, -0.013728292658925056, -1.0027185678482056], [0.20157717168331146, -0.010298509150743484, 0.02277553081512451, -0.004684173036366701, 0.0023560523986816406, -0.02020305208861828, -1.000196933746338], [0.19927483797073364, -0.0064240023493766785, 0.02668272703886032, -0.0047088367864489555, 0.003905251622200012, -0.023313172161579132, -1.000834345817566], [0.2034701406955719, -0.008797310292720795, 0.016703791916370392, -0.004934798460453749, 0.005129143595695496, -0.0182183925062418, -1.0035468339920044], [0.19325214624404907, -0.008506570011377335, 0.010293647646903992, -0.004149091895669699, 0.0024828314781188965, -0.013978537172079086, -1.0011398792266846]]","[[0.1997561752796173, -0.0037572160363197327, 0.01819353550672531, -0.004330739378929138, 0.005719095468521118, -0.021901465952396393, -1.0018043518066406], [0.2031286060810089, -0.0014857202768325806, 0.011645928025245667, -0.003955130930989981, 0.004958733916282654, -0.013728292658925056, -1.0027185678482056], [0.20157717168331146, -0.010298509150743484, 0.02277553081512451, -0.004684173036366701, 0.0023560523986816406, -0.02020305208861828, -1.000196933746338], [0.19927483797073364, -0.0064240023493766785, 0.02668272703886032, -0.0047088367864489555, 0.003905251622200012, -0.023313172161579132, -1.000834345817566], [0.2034701406955719, -0.008797310292720795, 0.016703791916370392, -0.004934798460453749, 0.005129143595695496, -0.0182183925062418, -1.0035468339920044], [0.19325214624404907, -0.008506570011377335, 0.010293647646903992, -0.004149091895669699, 0.0024828314781188965, -0.013978537172079086, -1.0011398792266846]]","[0.0004457229754545105, -0.003504326374331535, 0.0032639877242607016, 0.0033433021017404774, -0.0017121950317725459, -0.0018364913953518543]","[0.0004457229754545105, -0.003504326374331535, 0.0032639877242607016, 0.0033433021017404774, -0.0017121950317725459, -0.0018364913953518543]","[0.25209730863571167, 0.2512771487236023, 0.253376305103302, 0.2550663352012634, 0.2562001943588257, 0.25324785709381104]","[0.25209730863571167, 0.2512771487236023, 0.253376305103302, 0.2550663352012634, 0.2562001943588257, 0.25324785709381104]",4.0,4.0,6.0,6.0,086dfebd71040c3b8512d9e9cc25151dd95fdc19d68b60a3a990f563924cfbbb,086dfebd71040c3b8512d9e9cc25151dd95fdc19d68b60a3a990f563924cfbbb,3.0,4.0,0.0,True,0.0,True,0.0,True,True,True,True
Environment,frozen_closed_loop__Environment,libero_object_env,8,8,5280485,"[[0.2237148880958557, -0.01946954056620598, 0.028244219720363617, -0.004229084122925997, 0.003081679344177246, -0.021507548168301582, -0.9998495578765869], [0.19132477045059204, -0.002127327024936676, 0.012965798377990723, -0.004641469102352858, 0.0029266923666000366, -0.01455851923674345, -1.0030028820037842], [0.1964397430419922, -0.0063848309218883514, 0.012111514806747437, -0.00398839358240366, 0.0023919492959976196, -0.018828624859452248, -1.001789927482605], [0.19111576676368713, -0.007847584784030914, 0.020432285964488983, -0.004241910297423601, 0.002212017774581909, -0.020180027931928635, -1.002029538154602], [0.19723567366600037, -0.0028904154896736145, 0.01776672899723053, -0.004160197917371988, 0.003901943564414978, -0.018144143745303154, -1.0029854774475098], [0.21495267748832703, -0.008323285728693008, 0.022671930491924286, -0.004845785908401012, 0.005015015602111816, -0.01991477981209755, -1.0020570755004883]]","[[0.2237148880958557, -0.01946954056620598, 0.028244219720363617, -0.004229084122925997, 0.003081679344177246, -0.021507548168301582, -0.9998495578765869], [0.19132477045059204, -0.002127327024936676, 0.012965798377990723, -0.004641469102352858, 0.0029266923666000366, -0.01455851923674345, -1.0030028820037842], [0.1964397430419922, -0.0063848309218883514, 0.012111514806747437, -0.00398839358240366, 0.0023919492959976196, -0.018828624859452248, -1.001789927482605], [0.19111576676368713, -0.007847584784030914, 0.020432285964488983, -0.004241910297423601, 0.002212017774581909, -0.020180027931928635, -1.002029538154602], [0.19723567366600037, -0.0028904154896736145, 0.01776672899723053, -0.004160197917371988, 0.003901943564414978, -0.018144143745303154, -1.0029854774475098], [0.21495267748832703, -0.008323285728693008, 0.022671930491924286, -0.004845785908401012, 0.005015015602111816, -0.01991477981209755, -1.0020570755004883]]","[0.005077633051907053, -0.006262952972869652, -0.003564193549893572, -0.0008317470515227023, 0.0015496591611442816, 0.004031601361234572]","[0.005077633051907053, -0.006262952972869652, -0.003564193549893572, -0.0008317470515227023, 0.0015496591611442816, 0.004031601361234572]","[0.2545316219329834, 0.24928578734397888, 0.25298988819122314, 0.24829229712486267, 0.25034844875335693, 0.2538425922393799]","[0.2545316219329834, 0.24928578734397888, 0.25298988819122314, 0.24829229712486267, 0.25034844875335693, 0.2538425922393799]",0.0,0.0,6.0,6.0,086dfebd71040c3b8512d9e9cc25151dd95fdc19d68b60a3a990f563924cfbbb,086dfebd71040c3b8512d9e9cc25151dd95fdc19d68b60a3a990f563924cfbbb,0.0,0.0,0.0,True,0.0,True,0.0,True,True,True,False
Environment,frozen_closed_loop__Environment,libero_object_env,8,8,5280582,"[[0.19982624053955078, -0.007134508341550827, 0.017148368060588837, -0.004449117928743362, 0.0024600327014923096, -0.02056206949055195, -1.0017666816711426], [0.19223079085350037, -0.003951620310544968, 0.013948939740657806, -0.004138534888625145, 0.0017849653959274292, -0.020367633551359177, -1.000842809677124], [0.20061872899532318, -0.0073356181383132935, 0.011003762483596802, -0.004598088096827269, 0.005436792969703674, -0.0176937784999609, -1.0021711587905884], [0.18458247184753418, 0.0016997382044792175, 0.011350549757480621, -0.0035517478827387094, 0.0018849670886993408, -0.014385630376636982, -1.0008418560028076], [0.18903416395187378, -0.0040779635310173035, 0.015536360442638397, -0.004706988576799631, 0.003263041377067566, -0.016979333013296127, -1.0002018213272095], [0.19496095180511475, -0.0023471564054489136, 0.01890219748020172, -0.0035848829429596663, 0.002345949411392212, -0.017619572579860687, -1.0026613473892212]]","[[0.19982624053955078, -0.007134508341550827, 0.017148368060588837, -0.004449117928743362, 0.0024600327014923096, -0.02056206949055195, -1.0017666816711426], [0.19223079085350037, -0.003951620310544968, 0.013948939740657806, -0.004138534888625145, 0.0017849653959274292, -0.020367633551359177, -1.000842809677124], [0.20061872899532318, -0.0073356181383132935, 0.011003762483596802, -0.004598088096827269, 0.005436792969703674, -0.0176937784999609, -1.0021711587905884], [0.18458247184753418, 0.0016997382044792175, 0.011350549757480621, -0.0035517478827387094, 0.0018849670886993408, -0.014385630376636982, -1.0008418560028076], [0.18903416395187378, -0.0040779635310173035, 0.015536360442638397, -0.004706988576799631, 0.003263041377067566, -0.016979333013296127, -1.0002018213272095], [0.19496095180511475, -0.0023471564054489136, 0.01890219748020172, -0.0035848829429596663, 0.002345949411392212, -0.017619572579860687, -1.0026613473892212]]","[0.0057760084867117265, 8.232139961032031e-05, 0.001827637357157567, -0.00781209572630281, -9.507415726666953e-05, 0.00022120264008967635]","[0.0057760084867117265, 8.232139961032031e-05, 0.001827637357157567, -0.00781209572630281, -9.507415726666953e-05, 0.00022120264008967635]","[0.2521592974662781, 0.253036230802536, 0.2509125769138336, 0.25057345628738403, 0.2530520558357239, 0.24975323677062988]","[0.2521592974662781, 0.253036230802536, 0.2509125769138336, 0.25057345628738403, 0.2530520558357239, 0.24975323677062988]",4.0,4.0,6.0,6.0,086dfebd71040c3b8512d9e9cc25151dd95fdc19d68b60a3a990f563924cfbbb,086dfebd71040c3b8512d9e9cc25151dd95fdc19d68b60a3a990f563924cfbbb,0.0,4.0,0.0,True,0.0,True,0.0,True,True,True,True
Environment,frozen_closed_loop__Environment,libero_object_env,8,8,5280679,"[[0.1757984608411789, 0.0007300078868865967, 0.010335668921470642, -0.003913176711648703, 0.0010636746883392334, -0.013073290698230267, -1.0017424821853638], [0.17827647924423218, -0.002083461731672287, 0.013514980673789978, -0.0042690252885222435, 0.0020246654748916626, -0.012002426199615002, -1.0019347667694092], [0.17933271825313568, -0.00029923394322395325, 0.013731122016906738, -0.003951251972466707, 0.002499818801879883, -0.011914803646504879, -1.0012753009796143], [0.19540774822235107, -0.004449952393770218, 0.014037899672985077, -0.0035079095978289843, 0.002756461501121521, -0.018316106870770454, -0.9997640252113342], [0.19616279006004333, -0.008260197937488556, 0.01589566469192505, -0.004335789475589991, 0.00302848219871521, -0.017835402861237526, -1.000605583190918], [0.20354467630386353, -0.005664043128490448, 0.01454528421163559, -0.004469756502658129, 0.004906609654426575, -0.01502194907516241, -1.0010982751846313]]","[[0.1757984608411789, 0.0007300078868865967, 0.010335668921470642, -0.003913176711648703, 0.0010636746883392334, -0.013073290698230267, -1.0017424821853638], [0.17827647924423218, -0.002083461731672287, 0.013514980673789978, -0.0042690252885222435, 0.0020246654748916626, -0.012002426199615002, -1.0019347667694092], [0.17933271825313568, -0.00029923394322395325, 0.013731122016906738, -0.003951251972466707, 0.002499818801879883, -0.011914803646504879, -1.0012753009796143], [0.19540774822235107, -0.004449952393770218, 0.014037899672985077, -0.0035079095978289843, 0.002756461501121521, -0.018316106870770454, -0.9997640252113342], [0.19616279006004333, -0.008260197937488556, 0.01589566469192505, -0.004335789475589991, 0.00302848219871521, -0.017835402861237526, -1.000605583190918], [0.20354467630386353, -0.005664043128490448, 0.01454528421163559, -0.004469756502658129, 0.004906609654426575, -0.01502194907516241, -1.0010982751846313]]","[-0.003638611908061583, -0.0002644576038223136, -0.005809062863921826, 0.0025499004979332453, 0.005063097182076556, 0.00209913469579593]","[-0.003638611908061583, -0.0002644576038223136, -0.005809062863921826, 0.0025499004979332453, 0.005063097182076556, 0.00209913469579593]","[0.24867212772369385, 0.2511381506919861, 0.24936139583587646, 0.25085657835006714, 0.2525728940963745, 0.25108593702316284]","[0.24867212772369385, 0.2511381506919861, 0.24936139583587646, 0.25085657835006714, 0.2525728940963745, 0.25108593702316284]",4.0,4.0,6.0,6.0,086dfebd71040c3b8512d9e9cc25151dd95fdc19d68b60a3a990f563924cfbbb,086dfebd71040c3b8512d9e9cc25151dd95fdc19d68b60a3a990f563924cfbbb,4.0,4.0,0.0,True,0.0,True,0.0,True,True,True,False
Environment,frozen_closed_loop__Environment,libero_object_env,8,9,5290000,"[[0.1422676146030426, -0.0032479315996170044, 0.006846114993095398, -0.003945580217987299, 0.012897133827209473, -0.015929089859128, -1.0005594491958618], [0.15348750352859497, -0.004683472216129303, 0.005532503128051758, -0.004015527665615082, 0.004378661513328552, -0.0203284602612257, -0.9997284412384033], [0.17045584321022034, -0.007610376924276352, 0.006680488586425781, -0.004572436213493347, 0.007177591323852539, -0.0156442541629076, -0.999674379825592], [0.15589234232902527, -0.005909129977226257, 0.007360205054283142, -0.004131545778363943, 0.009753137826919556, -0.020520053803920746, -1.0009461641311646], [0.1462901383638382, -0.007837917655706406, 0.005589500069618225, -0.0037718729581683874, 0.00946323573589325, -0.011567131616175175, -1.0009883642196655], [0.144843190908432, -0.004974324256181717, 0.005059428513050079, -0.004313449375331402, 0.005469873547554016, -0.01357311848551035, -1.0004209280014038]]","[[0.1422676146030426, -0.0032479315996170044, 0.006846114993095398, -0.003945580217987299, 0.012897133827209473, -0.015929089859128, -1.0005594491958618], [0.15348750352859497, -0.004683472216129303, 0.005532503128051758, -0.004015527665615082, 0.004378661513328552, -0.0203284602612257, -0.9997284412384033], [0.17045584321022034, -0.007610376924276352, 0.006680488586425781, -0.004572436213493347, 0.007177591323852539, -0.0156442541629076, -0.999674379825592], [0.15589234232902527, -0.005909129977226257, 0.007360205054283142, -0.004131545778363943, 0.009753137826919556, -0.020520053803920746, -1.0009461641311646], [0.1462901383638382, -0.007837917655706406, 0.005589500069618225, -0.0037718729581683874, 0.00946323573589325, -0.011567131616175175, -1.0009883642196655], [0.144843190908432, -0.004974324256181717, 0.005059428513050079, -0.004313449375331402, 0.005469873547554016, -0.01357311848551035, -1.0004209280014038]]","[-0.006864746567254675, 0.0036553623270955213, 0.006991295362746109, 0.002406806742025009, -0.004602352512664673, -0.0015863653519473339]","[-0.006864746567254675, 0.0036553623270955213, 0.006991295362746109, 0.002406806742025009, -0.004602352512664673, -0.0015863653519473339]","[0.25844597816467285, 0.26079410314559937, 0.2620234191417694, 0.2606031894683838, 0.26255473494529724, 0.2613486051559448]","[0.25844597816467285, 0.26079410314559937, 0.2620234191417694, 0.2606031894683838, 0.26255473494529724, 0.2613486051559448]",4.0,4.0,6.0,6.0,086dfebd71040c3b8512d9e9cc25151dd95fdc19d68b60a3a990f563924cfbbb,086dfebd71040c3b8512d9e9cc25151dd95fdc19d68b60a3a990f563924cfbbb,2.0,4.0,0.0,True,0.0,True,0.0,True,True,True,True
Environment,frozen_closed_loop__Environment,libero_object_env,8,9,5290097,"[[0.11983349919319153, -0.0021621398627758026, 0.006886795163154602, -0.004164936486631632, 0.006766811013221741, -0.014678750187158585, -1.0009874105453491], [0.14209002256393433, -0.005424432456493378, 0.006307885050773621, -0.005598613526672125, 0.018578186631202698, -0.018957382068037987, -1.000367522239685], [0.17497378587722778, -0.01434294506907463, 0.006083250045776367, -0.004747314378619194, 0.008531749248504639, -0.019339291378855705, -1.0005701780319214], [0.17416420578956604, -0.014357808977365494, 0.005800947546958923, -0.0042994157411158085, 0.01233355700969696, -0.020298054441809654, -1.0007078647613525], [0.13795383274555206, -0.008085798472166061, 0.004870668053627014, -0.0041442615911364555, 0.005797907710075378, -0.014799421653151512, -0.9999306201934814], [0.16995973885059357, -0.011313557624816895, 0.006001889705657959, -0.004921771120280027, 0.010814353823661804, -0.019723383709788322, -0.9982023239135742]]","[[0.11983349919319153, -0.0021621398627758026, 0.006886795163154602, -0.004164936486631632, 0.006766811013221741, -0.014678750187158585, -1.0009874105453491], [0.14209002256393433, -0.005424432456493378, 0.006307885050773621, -0.005598613526672125, 0.018578186631202698, -0.018957382068037987, -1.000367522239685], [0.17497378587722778, -0.01434294506907463, 0.006083250045776367, -0.004747314378619194, 0.008531749248504639, -0.019339291378855705, -1.0005701780319214], [0.17416420578956604, -0.014357808977365494, 0.005800947546958923, -0.0042994157411158085, 0.01233355700969696, -0.020298054441809654, -1.0007078647613525], [0.13795383274555206, -0.008085798472166061, 0.004870668053627014, -0.0041442615911364555, 0.005797907710075378, -0.014799421653151512, -0.9999306201934814], [0.16995973885059357, -0.011313557624816895, 0.006001889705657959, -0.004921771120280027, 0.010814353823661804, -0.019723383709788322, -0.9982023239135742]]","[-0.004918096704423036, -0.0018531250228528433, 0.002855808117286229, 0.0027463449780881707, -0.004125899551560371, 0.005294968183461885]","[-0.004918096704423036, -0.0018531250228528433, 0.002855808117286229, 0.0027463449780881707, -0.004125899551560371, 0.005294968183461885]","[0.2602594494819641, 0.26508185267448425, 0.26258811354637146, 0.26276877522468567, 0.26192706823349, 0.26464635133743286]","[0.2602594494819641, 0.26508185267448425, 0.26258811354637146, 0.26276877522468567, 0.26192706823349, 0.26464635133743286]",1.0,1.0,6.0,6.0,086dfebd71040c3b8512d9e9cc25151dd95fdc19d68b60a3a990f563924cfbbb,086dfebd71040c3b8512d9e9cc25151dd95fdc19d68b60a3a990f563924cfbbb,5.0,1.0,0.0,True,0.0,True,0.0,True,True,True,True
Environment,frozen_closed_loop__Environment,libero_object_env,8,9,5290194,"[[0.1986110955476761, -0.03027644008398056, 0.007466375827789307, -0.004941476508975029, 0.017506107687950134, -0.01998482085764408, -1.001685619354248], [0.1504060924053192, -0.006392542272806168, 0.005464665591716766, -0.0048020207323133945, 0.00557631254196167, -0.01670672558248043, -0.9998520612716675], [0.16575413942337036, -0.014498233795166016, 0.007171668112277985, -0.003984588198363781, 0.013555973768234253, -0.01632986031472683, -0.9999920129776001], [0.1497868448495865, -0.004433132708072662, 0.006808899343013763, -0.00547187402844429, 0.007042631506919861, -0.016981910914182663, -1.0008918046951294], [0.13343319296836853, -0.002320893108844757, 0.0065447017550468445, -0.00495046004652977, 0.012070253491401672, -0.01668746955692768, -1.0010682344436646], [0.1679208129644394, -0.01603776589035988, 0.0054473429918289185, -0.006146978121250868, 0.01609012484550476, -0.022878868505358696, -1.0007203817367554]]","[[0.1986110955476761, -0.03027644008398056, 0.007466375827789307, -0.004941476508975029, 0.017506107687950134, -0.01998482085764408, -1.001685619354248], [0.1504060924053192, -0.006392542272806168, 0.005464665591716766, -0.0048020207323133945, 0.00557631254196167, -0.01670672558248043, -0.9998520612716675], [0.16575413942337036, -0.014498233795166016, 0.007171668112277985, -0.003984588198363781, 0.013555973768234253, -0.01632986031472683, -0.9999920129776001], [0.1497868448495865, -0.004433132708072662, 0.006808899343013763, -0.00547187402844429, 0.007042631506919861, -0.016981910914182663, -1.0008918046951294], [0.13343319296836853, -0.002320893108844757, 0.0065447017550468445, -0.00495046004652977, 0.012070253491401672, -0.01668746955692768, -1.0010682344436646], [0.1679208129644394, -0.01603776589035988, 0.0054473429918289185, -0.006146978121250868, 0.01609012484550476, -0.022878868505358696, -1.0007203817367554]]","[0.0047579808371034215, -0.0025894340706028108, 0.0005637462079759554, -0.0023766739836985048, -0.0031696807413390516, 0.002814061750560943]","[0.0047579808371034215, -0.0025894340706028108, 0.0005637462079759554, -0.0023766739836985048, -0.0031696807413390516, 0.002814061750560943]","[0.263835072517395, 0.26331955194473267, 0.2635970711708069, 0.26157039403915405, 0.26006489992141724, 0.26373860239982605]","[0.263835072517395, 0.26331955194473267, 0.2635970711708069, 0.26157039403915405, 0.26006489992141724, 0.26373860239982605]",0.0,0.0,6.0,6.0,086dfebd71040c3b8512d9e9cc25151dd95fdc19d68b60a3a990f563924cfbbb,086dfebd71040c3b8512d9e9cc25151dd95fdc19d68b60a3a990f563924cfbbb,0.0,0.0,0.0,True,0.0,True,0.0,True,True,True,False
Environment,frozen_closed_loop__Environment,libero_object_env,8,9,5290291,"[[0.17121824622154236, -0.016299672424793243, 0.007992982864379883, -0.004446666222065687, 0.00930243730545044, -0.021540597081184387, -1.0005578994750977], [0.15449076890945435, -0.0066403672099113464, 0.006110295653343201, -0.005396547261625528, 0.005840733647346497, -0.020883038640022278, -0.9984103441238403], [0.1809871941804886, -0.02264276146888733, 0.006261281669139862, -0.004636547062546015, 0.009225904941558838, -0.017688754945993423, -1.0013046264648438], [0.14937222003936768, -0.005785021930932999, 0.008714944124221802, -0.00455812830477953, 0.011525988578796387, -0.01790379174053669, -1.0013328790664673], [0.17299410700798035, -0.005064234137535095, 0.006186291575431824, -0.0046786474995315075, 0.012066766619682312, -0.020289968699216843, -1.0016692876815796], [0.140797421336174, -0.009355656802654266, 0.005343407392501831, -0.004541661590337753, 0.0055087655782699585, -0.017924126237630844, -0.9980779886245728]]","[[0.17121824622154236, -0.016299672424793243, 0.007992982864379883, -0.004446666222065687, 0.00930243730545044, -0.021540597081184387, -1.0005578994750977], [0.15449076890945435, -0.0066403672099113464, 0.006110295653343201, -0.005396547261625528, 0.005840733647346497, -0.020883038640022278, -0.9984103441238403], [0.1809871941804886, -0.02264276146888733, 0.006261281669139862, -0.004636547062546015, 0.009225904941558838, -0.017688754945993423, -1.0013046264648438], [0.14937222003936768, -0.005785021930932999, 0.008714944124221802, -0.00455812830477953, 0.011525988578796387, -0.01790379174053669, -1.0013328790664673], [0.17299410700798035, -0.005064234137535095, 0.006186291575431824, -0.0046786474995315075, 0.012066766619682312, -0.020289968699216843, -1.0016692876815796], [0.140797421336174, -0.009355656802654266, 0.005343407392501831, -0.004541661590337753, 0.0055087655782699585, -0.017924126237630844, -0.9980779886245728]]","[0.002888726366446189, 4.162651699471669e-06, 0.002763975858676308, -0.005682564045990073, 0.0013417758109928767, -0.0013160766418246843]","[0.002888726366446189, 4.162651699471669e-06, 0.002763975858676308, -0.005682564045990073, 0.0013417758109928767, -0.0013160766418246843]","[0.26267045736312866, 0.26282262802124023, 0.26318538188934326, 0.2618173360824585, 0.2618010640144348, 0.2609485685825348]","[0.26267045736312866, 0.26282262802124023, 0.26318538188934326, 0.2618173360824585, 0.2618010640144348, 0.2609485685825348]",2.0,2.0,6.0,6.0,086dfebd71040c3b8512d9e9cc25151dd95fdc19d68b60a3a990f563924cfbbb,086dfebd71040c3b8512d9e9cc25151dd95fdc19d68b60a3a990f563924cfbbb,0.0,2.0,0.0,True,0.0,True,0.0,True,True,True,True
Environment,frozen_closed_loop__Environment,libero_object_env,8,9,5290388,"[[0.1612894982099533, -0.006615053862333298, 0.0069280341267585754, -0.005053469445556402, 0.0063108354806900024, -0.02006526105105877, -0.9992008805274963], [0.17770853638648987, -0.0241202674806118, 0.007211565971374512, -0.00413842499256134, 0.013723030686378479, -0.022555895149707794, -1.000848650932312], [0.1611679047346115, -0.006866119801998138, 0.006652548909187317, -0.004355970304459333, 0.009976118803024292, -0.018612001091241837, -1.0009989738464355], [0.14329589903354645, -0.0045693665742874146, 0.005792118608951569, -0.004890136886388063, 0.010142818093299866, -0.013680592179298401, -1.0001033544540405], [0.1488400250673294, -0.007030293345451355, 0.007119476795196533, -0.005192797165364027, 0.01639053225517273, -0.01696525327861309, -1.0023152828216553], [0.15436872839927673, -0.00480160117149353, 0.006202273070812225, -0.004568356089293957, 0.015156358480453491, -0.01721767894923687, -1.0025074481964111]]","[[0.1612894982099533, -0.006615053862333298, 0.0069280341267585754, -0.005053469445556402, 0.0063108354806900024, -0.02006526105105877, -0.9992008805274963], [0.17770853638648987, -0.0241202674806118, 0.007211565971374512, -0.00413842499256134, 0.013723030686378479, -0.022555895149707794, -1.000848650932312], [0.1611679047346115, -0.006866119801998138, 0.006652548909187317, -0.004355970304459333, 0.009976118803024292, -0.018612001091241837, -1.0009989738464355], [0.14329589903354645, -0.0045693665742874146, 0.005792118608951569, -0.004890136886388063, 0.010142818093299866, -0.013680592179298401, -1.0001033544540405], [0.1488400250673294, -0.007030293345451355, 0.007119476795196533, -0.005192797165364027, 0.01639053225517273, -0.01696525327861309, -1.0023152828216553], [0.15436872839927673, -0.00480160117149353, 0.006202273070812225, -0.004568356089293957, 0.015156358480453491, -0.01721767894923687, -1.0025074481964111]]","[0.003615971959591619, 0.0017098978253629825, -0.00035313297017342893, -0.004914764545139579, -0.000270300543089528, 0.00021232827344792372]","[0.003615971959591619, 0.0017098978253629825, -0.00035313297017342893, -0.004914764545139579, -0.000270300543089528, 0.00021232827344792372]","[0.2643769383430481, 0.26440808176994324, 0.2594473958015442, 0.2593781650066376, 0.2619991898536682, 0.26023054122924805]","[0.2643769383430481, 0.26440808176994324, 0.2594473958015442, 0.2593781650066376, 0.2619991898536682, 0.26023054122924805]",1.0,1.0,6.0,6.0,086dfebd71040c3b8512d9e9cc25151dd95fdc19d68b60a3a990f563924cfbbb,086dfebd71040c3b8512d9e9cc25151dd95fdc19d68b60a3a990f563924cfbbb,0.0,1.0,0.0,True,0.0,True,0.0,True,True,True,True
Environment,frozen_closed_loop__Environment,libero_object_env,8,9,5290485,"[[0.14437727630138397, -0.005442872643470764, 0.004883408546447754, -0.003429875010624528, 0.0032569169998168945, -0.014571716077625751, -1.0017677545547485], [0.1483239233493805, -0.00723252072930336, 0.0067915767431259155, -0.0038253902457654476, 0.016350746154785156, -0.01985648088157177, -0.9994338750839233], [0.16437001526355743, -0.01095648854970932, 0.005206391215324402, -0.004919045139104128, 0.005632370710372925, -0.018466124311089516, -0.998384952545166], [0.1517193764448166, -0.007488671690225601, 0.006365887820720673, -0.004137272480875254, 0.007460698485374451, -0.01585105061531067, -1.0013701915740967], [0.15750569105148315, -0.00625167042016983, 0.005825646221637726, -0.004013880621641874, 0.014684781432151794, -0.019861703738570213, -0.9987470507621765], [0.203069269657135, -0.025297366082668304, 0.00795118510723114, -0.005601669196039438, 0.010206654667854309, -0.022791024297475815, -1.0001802444458008]]","[[0.14437727630138397, -0.005442872643470764, 0.004883408546447754, -0.003429875010624528, 0.0032569169998168945, -0.014571716077625751, -1.0017677545547485], [0.1483239233493805, -0.00723252072930336, 0.0067915767431259155, -0.0038253902457654476, 0.016350746154785156, -0.01985648088157177, -0.9994338750839233], [0.16437001526355743, -0.01095648854970932, 0.005206391215324402, -0.004919045139104128, 0.005632370710372925, -0.018466124311089516, -0.998384952545166], [0.1517193764448166, -0.007488671690225601, 0.006365887820720673, -0.004137272480875254, 0.007460698485374451, -0.01585105061531067, -1.0013701915740967], [0.15750569105148315, -0.00625167042016983, 0.005825646221637726, -0.004013880621641874, 0.014684781432151794, -0.019861703738570213, -0.9987470507621765], [0.203069269657135, -0.025297366082668304, 0.00795118510723114, -0.005601669196039438, 0.010206654667854309, -0.022791024297475815, -1.0001802444458008]]","[0.0001244676654409795, -0.0018120545177835548, -0.0033034151015462433, -0.003950238609679086, 0.0016550276902798926, 0.007286212873288053]","[0.0001244676654409795, -0.0018120545177835548, -0.0033034151015462433, -0.003950238609679086, 0.0016550276902798926, 0.007286212873288053]","[0.2608061730861664, 0.2613877058029175, 0.26051831245422363, 0.26030293107032776, 0.2616026997566223, 0.263879656791687]","[0.2608061730861664, 0.2613877058029175, 0.26051831245422363, 0.26030293107032776, 0.2616026997566223, 0.263879656791687]",5.0,5.0,6.0,6.0,086dfebd71040c3b8512d9e9cc25151dd95fdc19d68b60a3a990f563924cfbbb,086dfebd71040c3b8512d9e9cc25151dd95fdc19d68b60a3a990f563924cfbbb,5.0,5.0,0.0,True,0.0,True,0.0,True,True,True,False
Environment,frozen_closed_loop__Environment,libero_object_env,8,9,5290582,"[[0.14407441020011902, -0.003087446093559265, 0.0057733431458473206, -0.004625020548701286, 0.01836879551410675, -0.015501088462769985, -1.0001158714294434], [0.1430334895849228, -0.0035846047103405, 0.004390999674797058, -0.003737969556823373, 0.00544188916683197, -0.014618314802646637, -1.0006635189056396], [0.13549916446208954, -0.006932001560926437, 0.005855150520801544, -0.004521279130131006, 0.006591618061065674, -0.01519693061709404, -1.000422477722168], [0.1849246770143509, -0.0076639652252197266, 0.007199496030807495, -0.004353409167379141, 0.006980627775192261, -0.019796045497059822, -1.000033974647522], [0.18477323651313782, -0.009747371077537537, 0.007588416337966919, -0.004859544802457094, 0.013370364904403687, -0.01936599612236023, -1.000465989112854], [0.15251320600509644, -0.008112229406833649, 0.006118007004261017, -0.004380670841783285, 0.003915175795555115, -0.01346031203866005, -1.0009925365447998]]","[[0.14407441020011902, -0.003087446093559265, 0.0057733431458473206, -0.004625020548701286, 0.01836879551410675, -0.015501088462769985, -1.0001158714294434], [0.1430334895849228, -0.0035846047103405, 0.004390999674797058, -0.003737969556823373, 0.00544188916683197, -0.014618314802646637, -1.0006635189056396], [0.13549916446208954, -0.006932001560926437, 0.005855150520801544, -0.004521279130131006, 0.006591618061065674, -0.01519693061709404, -1.000422477722168], [0.1849246770143509, -0.0076639652252197266, 0.007199496030807495, -0.004353409167379141, 0.006980627775192261, -0.019796045497059822, -1.000033974647522], [0.18477323651313782, -0.009747371077537537, 0.007588416337966919, -0.004859544802457094, 0.013370364904403687, -0.01936599612236023, -1.000465989112854], [0.15251320600509644, -0.008112229406833649, 0.006118007004261017, -0.004380670841783285, 0.003915175795555115, -0.01346031203866005, -1.0009925365447998]]","[0.0006301287389499314, -0.0023765442672940016, -0.008679329507638773, 0.004284198586615681, 0.0055959044052516, 0.0005456420441155308]","[0.0006301287389499314, -0.0023765442672940016, -0.008679329507638773, 0.004284198586615681, 0.0055959044052516, 0.0005456420441155308]","[0.2624056339263916, 0.2602066993713379, 0.2595258951187134, 0.26159071922302246, 0.26197946071624756, 0.2606297731399536]","[0.2624056339263916, 0.2602066993713379, 0.2595258951187134, 0.26159071922302246, 0.26197946071624756, 0.2606297731399536]",0.0,0.0,6.0,6.0,086dfebd71040c3b8512d9e9cc25151dd95fdc19d68b60a3a990f563924cfbbb,086dfebd71040c3b8512d9e9cc25151dd95fdc19d68b60a3a990f563924cfbbb,4.0,0.0,0.0,True,0.0,True,0.0,True,True,True,True
Environment,frozen_closed_loop__Environment,libero_object_env,8,9,5290679,"[[0.12637831270694733, -0.007926654070615768, 0.006582140922546387, -0.004010733682662249, 0.006947681307792664, -0.018892209976911545, -0.999046802520752], [0.15232622623443604, -0.0014894083142280579, 0.00658772885799408, -0.005735380109399557, 0.009018078446388245, -0.01579255610704422, -1.0017446279525757], [0.1574746072292328, -0.009788386523723602, 0.004926659166812897, -0.004091128706932068, 0.010145232081413269, -0.0185618344694376, -0.9992828965187073], [0.18603354692459106, -0.0299864262342453, 0.0066833943128585815, -0.005430669989436865, 0.01585771143436432, -0.023964539170265198, -0.9998118877410889], [0.16973555088043213, -0.007558465003967285, 0.00645853579044342, -0.004686496686190367, 0.015537768602371216, -0.01959455944597721, -1.0019474029541016], [0.16808509826660156, -0.008120611310005188, 0.00791061669588089, -0.005031056236475706, 0.012520551681518555, -0.020592760294675827, -1.0004868507385254]]","[[0.12637831270694733, -0.007926654070615768, 0.006582140922546387, -0.004010733682662249, 0.006947681307792664, -0.018892209976911545, -0.999046802520752], [0.15232622623443604, -0.0014894083142280579, 0.00658772885799408, -0.005735380109399557, 0.009018078446388245, -0.01579255610704422, -1.0017446279525757], [0.1574746072292328, -0.009788386523723602, 0.004926659166812897, -0.004091128706932068, 0.010145232081413269, -0.0185618344694376, -0.9992828965187073], [0.18603354692459106, -0.0299864262342453, 0.0066833943128585815, -0.005430669989436865, 0.01585771143436432, -0.023964539170265198, -0.9998118877410889], [0.16973555088043213, -0.007558465003967285, 0.00645853579044342, -0.004686496686190367, 0.015537768602371216, -0.01959455944597721, -1.0019474029541016], [0.16808509826660156, -0.008120611310005188, 0.00791061669588089, -0.005031056236475706, 0.012520551681518555, -0.020592760294675827, -1.0004868507385254]]","[-0.009300304929672177, -8.666142577178938e-05, 0.0009509972446801252, 0.005131088734256254, 0.0005817059111618962, 0.0027231744653455747]","[-0.009300304929672177, -8.666142577178938e-05, 0.0009509972446801252, 0.005131088734256254, 0.0005817059111618962, 0.0027231744653455747]","[0.26241040229797363, 0.2617301344871521, 0.26227498054504395, 0.26441311836242676, 0.26399317383766174, 0.2623478174209595]","[0.26241040229797363, 0.2617301344871521, 0.26227498054504395, 0.26441311836242676, 0.26399317383766174, 0.2623478174209595]",3.0,3.0,6.0,6.0,086dfebd71040c3b8512d9e9cc25151dd95fdc19d68b60a3a990f563924cfbbb,086dfebd71040c3b8512d9e9cc25151dd95fdc19d68b60a3a990f563924cfbbb,3.0,3.0,0.0,True,0.0,True,0.0,True,True,True,False
Environment,frozen_closed_loop__Environment,libero_object_env,9,5,5300000,"[[0.028527751564979553, -0.00420011579990387, -0.009745918214321136, -0.001430049422197044, 0.0289393812417984, -0.0036873428616672754, -1.0002504587173462], [0.02596624195575714, 0.005186609923839569, -0.012715347111225128, -0.0014068312011659145, 0.030101314187049866, -0.0026112128980457783, -0.9987621903419495], [0.04245836287736893, 0.001565292477607727, -0.01331644132733345, -0.001720982021652162, 0.030918940901756287, -0.0036678221076726913, -1.001306414604187], [0.036212727427482605, -0.005750991404056549, -0.01445285975933075, -0.001478736405260861, 0.03182597458362579, -0.002881661057472229, -0.9990214109420776], [0.03271065652370453, -0.003912672400474548, -0.008795913308858871, -0.0012448340421542525, 0.030556529760360718, -0.0057884217239916325, -1.0003745555877686], [0.029231049120426178, -0.0023997947573661804, -0.009649302810430527, -0.0015661753714084625, 0.03256992995738983, -0.002728160936385393, -0.9999005794525146]]","[[0.028527751564979553, -0.00420011579990387, -0.009745918214321136, -0.001430049422197044, 0.0289393812417984, -0.0036873428616672754, -1.0002504587173462], [0.02596624195575714, 0.005186609923839569, -0.012715347111225128, -0.0014068312011659145, 0.030101314187049866, -0.0026112128980457783, -0.9987621903419495], [0.04245836287736893, 0.001565292477607727, -0.01331644132733345, -0.001720982021652162, 0.030918940901756287, -0.0036678221076726913, -1.001306414604187], [0.036212727427482605, -0.005750991404056549, -0.01445285975933075, -0.001478736405260861, 0.03182597458362579, -0.002881661057472229, -0.9990214109420776], [0.03271065652370453, -0.003912672400474548, -0.008795913308858871, -0.0012448340421542525, 0.030556529760360718, -0.0057884217239916325, -1.0003745555877686], [0.029231049120426178, -0.0023997947573661804, -0.009649302810430527, -0.0015661753714084625, 0.03256992995738983, -0.002728160936385393, -0.9999005794525146]]","[0.0038665435747240818, -0.0060428349815004586, 0.005038212968855418, -8.7661332540794e-05, 0.003930219472032061, -0.006704479701570313]","[0.0038665435747240818, -0.0060428349815004586, 0.005038212968855418, -8.7661332540794e-05, 0.003930219472032061, -0.006704479701570313]","[0.07422378659248352, 0.07357221841812134, 0.07417032122612, 0.07422012090682983, 0.07380110025405884, 0.07408037781715393]","[0.07422378659248352, 0.07357221841812134, 0.07417032122612, 0.07422012090682983, 0.07380110025405884, 0.07408037781715393]",0.0,0.0,6.0,6.0,086dfebd71040c3b8512d9e9cc25151dd95fdc19d68b60a3a990f563924cfbbb,086dfebd71040c3b8512d9e9cc25151dd95fdc19d68b60a3a990f563924cfbbb,2.0,0.0,0.0,True,0.0,True,0.0,True,True,True,True
Environment,frozen_closed_loop__Environment,libero_object_env,9,5,5300097,"[[0.04142202436923981, 0.0029945746064186096, -0.014792382717132568, -0.002268303418532014, 0.02894684672355652, -0.003170660464093089, -1.000208854675293], [0.0333254411816597, -0.0011244602501392365, -0.010458994656801224, -0.001660493784584105, 0.02864094078540802, -0.0023735049180686474, -0.9995162487030029], [0.028030648827552795, -0.00185379758477211, -0.011262986809015274, -0.0018175692530348897, 0.02779296040534973, -0.003309552790597081, -1.0004191398620605], [0.03574535250663757, 0.00266198068857193, -0.010793544352054596, -0.0017153649823740125, 0.030963286757469177, -0.00334531138651073, -0.9998682141304016], [0.036086998879909515, 0.0030212849378585815, -0.009226631373167038, -0.001950072473846376, 0.029689908027648926, -0.0031119880732148886, -1.0014026165008545], [0.0308338925242424, 0.0007053092122077942, -0.01200791448354721, -0.0020721100736409426, 0.029262185096740723, -0.004069252870976925, -0.9997482299804688]]","[[0.04142202436923981, 0.0029945746064186096, -0.014792382717132568, -0.002268303418532014, 0.02894684672355652, -0.003170660464093089, -1.000208854675293], [0.0333254411816597, -0.0011244602501392365, -0.010458994656801224, -0.001660493784584105, 0.02864094078540802, -0.0023735049180686474, -0.9995162487030029], [0.028030648827552795, -0.00185379758477211, -0.011262986809015274, -0.0018175692530348897, 0.02779296040534973, -0.003309552790597081, -1.0004191398620605], [0.03574535250663757, 0.00266198068857193, -0.010793544352054596, -0.0017153649823740125, 0.030963286757469177, -0.00334531138651073, -0.9998682141304016], [0.036086998879909515, 0.0030212849378585815, -0.009226631373167038, -0.001950072473846376, 0.029689908027648926, -0.0031119880732148886, -1.0014026165008545], [0.0308338925242424, 0.0007053092122077942, -0.01200791448354721, -0.0020721100736409426, 0.029262185096740723, -0.004069252870976925, -0.9997482299804688]]","[-0.0017888339998392623, -0.0025387124159314484, -0.0011591091139477564, 0.0010510972194508533, 0.0026237078811026412, 0.0018118504291648578]","[-0.0017888339998392623, -0.0025387124159314484, -0.0011591091139477564, 0.0010510972194508533, 0.0026237078811026412, 0.0018118504291648578]","[0.07419905066490173, 0.07379728555679321, 0.07409432530403137, 0.07386365532875061, 0.07353565096855164, 0.07442101836204529]","[0.07419905066490173, 0.07379728555679321, 0.07409432530403137, 0.07386365532875061, 0.07353565096855164, 0.07442101836204529]",5.0,5.0,6.0,6.0,086dfebd71040c3b8512d9e9cc25151dd95fdc19d68b60a3a990f563924cfbbb,086dfebd71040c3b8512d9e9cc25151dd95fdc19d68b60a3a990f563924cfbbb,4.0,5.0,0.0,True,0.0,True,0.0,True,True,True,True
Environment,frozen_closed_loop__Environment,libero_object_env,9,5,5300194,"[[0.038053058087825775, 0.006854161620140076, -0.013087950646877289, -0.001669093151576817, 0.029236793518066406, -0.0025890483520925045, -0.9995827674865723], [0.04032924771308899, 0.0021834298968315125, -0.009399130940437317, -0.0016336162807419896, 0.031556859612464905, -0.004137641750276089, -0.9999939203262329], [0.035745128989219666, -9.499490261077881e-06, -0.00977804884314537, -0.0023033046163618565, 0.032514721155166626, -0.0027775135822594166, -0.9970946311950684], [0.031559765338897705, 0.003611147403717041, -0.008767526596784592, -0.0011021761456504464, 0.028546929359436035, -0.0029712228570133448, -1.0014458894729614], [0.03625977784395218, -0.004319809377193451, -0.013189371675252914, -0.0018277970375493169, 0.030687779188156128, -0.003123995615169406, -0.9997631311416626], [0.039450936019420624, 0.0036571919918060303, -0.01168861985206604, -0.0014310008846223354, 0.030867621302604675, -0.004481612239032984, -1.0005035400390625]]","[[0.038053058087825775, 0.006854161620140076, -0.013087950646877289, -0.001669093151576817, 0.029236793518066406, -0.0025890483520925045, -0.9995827674865723], [0.04032924771308899, 0.0021834298968315125, -0.009399130940437317, -0.0016336162807419896, 0.031556859612464905, -0.004137641750276089, -0.9999939203262329], [0.035745128989219666, -9.499490261077881e-06, -0.00977804884314537, -0.0023033046163618565, 0.032514721155166626, -0.0027775135822594166, -0.9970946311950684], [0.031559765338897705, 0.003611147403717041, -0.008767526596784592, -0.0011021761456504464, 0.028546929359436035, -0.0029712228570133448, -1.0014458894729614], [0.03625977784395218, -0.004319809377193451, -0.013189371675252914, -0.0018277970375493169, 0.030687779188156128, -0.003123995615169406, -0.9997631311416626], [0.039450936019420624, 0.0036571919918060303, -0.01168861985206604, -0.0014310008846223354, 0.030867621302604675, -0.004481612239032984, -1.0005035400390625]]","[-0.0032373452369390382, 0.004549669985166799, -0.0034733796888253114, -0.003045379488080099, 0.002070675339137383, 0.0031357590895401896]","[-0.0032373452369390382, 0.004549669985166799, -0.0034733796888253114, -0.003045379488080099, 0.002070675339137383, 0.0031357590895401896]","[0.07336515188217163, 0.074288010597229, 0.07336896657943726, 0.07406383752822876, 0.07399642467498779, 0.07365238666534424]","[0.07336515188217163, 0.074288010597229, 0.07336896657943726, 0.07406383752822876, 0.07399642467498779, 0.07365238666534424]",1.0,1.0,6.0,6.0,086dfebd71040c3b8512d9e9cc25151dd95fdc19d68b60a3a990f563924cfbbb,086dfebd71040c3b8512d9e9cc25151dd95fdc19d68b60a3a990f563924cfbbb,1.0,1.0,0.0,True,0.0,True,0.0,True,True,True,False
Environment,frozen_closed_loop__Environment,libero_object_env,9,5,5300291,"[[0.04386104643344879, -0.0024453923106193542, -0.011819936335086823, -0.001987122930586338, 0.03320293128490448, -0.0039034150540828705, -0.9991133809089661], [0.02683136612176895, 0.0009983405470848083, -0.011817030608654022, -0.0015357666416093707, 0.030242621898651123, -0.00243030465207994, -0.9995458126068115], [0.031484998762607574, -0.002244003117084503, -0.008971430361270905, -0.0017919541569426656, 0.02916361391544342, -0.005194801837205887, -1.0009281635284424], [0.03910694271326065, -0.001203976571559906, -0.007127523422241211, -0.0011829552240669727, 0.030918359756469727, -0.0028383012395352125, -1.0002140998840332], [0.04277687519788742, -0.0031223148107528687, -0.005004219710826874, -0.0017703642370179296, 0.031092792749404907, -0.004772396292537451, -0.9997072219848633], [0.03403365612030029, -0.0022439472377300262, -0.011661797761917114, -0.0010515132453292608, 0.03143526613712311, -0.004294534679502249, -1.0005186796188354]]","[[0.04386104643344879, -0.0024453923106193542, -0.011819936335086823, -0.001987122930586338, 0.03320293128490448, -0.0039034150540828705, -0.9991133809089661], [0.02683136612176895, 0.0009983405470848083, -0.011817030608654022, -0.0015357666416093707, 0.030242621898651123, -0.00243030465207994, -0.9995458126068115], [0.031484998762607574, -0.002244003117084503, -0.008971430361270905, -0.0017919541569426656, 0.02916361391544342, -0.005194801837205887, -1.0009281635284424], [0.03910694271326065, -0.001203976571559906, -0.007127523422241211, -0.0011829552240669727, 0.030918359756469727, -0.0028383012395352125, -1.0002140998840332], [0.04277687519788742, -0.0031223148107528687, -0.005004219710826874, -0.0017703642370179296, 0.031092792749404907, -0.004772396292537451, -0.9997072219848633], [0.03403365612030029, -0.0022439472377300262, -0.011661797761917114, -0.0010515132453292608, 0.03143526613712311, -0.004294534679502249, -1.0005186796188354]]","[0.005229496748023813, -0.0029169987597427276, -0.0024595431660537704, -0.004231914866199316, 0.006911705033640254, -0.002532744989668489]","[0.005229496748023813, -0.0029169987597427276, -0.0024595431660537704, -0.004231914866199316, 0.006911705033640254, -0.002532744989668489]","[0.07424569129943848, 0.07363152503967285, 0.07310989499092102, 0.07449978590011597, 0.07415008544921875, 0.0729590654373169]","[0.07424569129943848, 0.07363152503967285, 0.07310989499092102, 0.07449978590011597, 0.07415008544921875, 0.0729590654373169]",3.0,3.0,6.0,6.0,086dfebd71040c3b8512d9e9cc25151dd95fdc19d68b60a3a990f563924cfbbb,086dfebd71040c3b8512d9e9cc25151dd95fdc19d68b60a3a990f563924cfbbb,4.0,3.0,0.0,True,0.0,True,0.0,True,True,True,True
Environment,frozen_closed_loop__Environment,libero_object_env,9,5,5300388,"[[0.030679889023303986, 0.002897121012210846, -0.008072890341281891, -0.0016413374105468392, 0.03295116126537323, -0.0027715207543224096, -0.998202383518219], [0.03411188721656799, 0.002432093024253845, -0.011364854872226715, -0.001888943836092949, 0.02140684425830841, -0.0035033500753343105, -1.0001932382583618], [0.03340423107147217, -0.0011850334703922272, -0.009660646319389343, -0.0019273482030257583, 0.03110566735267639, -0.0036041925195604563, -1.0011519193649292], [0.02438116818666458, -0.0003113597631454468, -0.009050387889146805, -0.0016286579193547368, 0.028579384088516235, -0.0037575822789222, -1.0020846128463745], [0.03189828246831894, -0.0011595524847507477, -0.01003330573439598, -0.0013075177557766438, 0.032041847705841064, -0.004691316746175289, -0.9996128678321838], [0.028786025941371918, -0.005512107163667679, -0.00910760834813118, -0.0014433326432481408, 0.035065680742263794, -0.0045668333768844604, -1.0000030994415283]]","[[0.030679889023303986, 0.002897121012210846, -0.008072890341281891, -0.0016413374105468392, 0.03295116126537323, -0.0027715207543224096, -0.998202383518219], [0.03411188721656799, 0.002432093024253845, -0.011364854872226715, -0.001888943836092949, 0.02140684425830841, -0.0035033500753343105, -1.0001932382583618], [0.03340423107147217, -0.0011850334703922272, -0.009660646319389343, -0.0019273482030257583, 0.03110566735267639, -0.0036041925195604563, -1.0011519193649292], [0.02438116818666458, -0.0003113597631454468, -0.009050387889146805, -0.0016286579193547368, 0.028579384088516235, -0.0037575822789222, -1.0020846128463745], [0.03189828246831894, -0.0011595524847507477, -0.01003330573439598, -0.0013075177557766438, 0.032041847705841064, -0.004691316746175289, -0.9996128678321838], [0.028786025941371918, -0.005512107163667679, -0.00910760834813118, -0.0014433326432481408, 0.035065680742263794, -0.0045668333768844604, -1.0000030994415283]]","[0.0007596983093677637, -0.004081623211221252, 0.0012756811992851507, 0.00034777173759722784, -0.00018053939466494543, 0.0018790113596360016]","[0.0007596983093677637, -0.004081623211221252, 0.0012756811992851507, 0.00034777173759722784, -0.00018053939466494543, 0.0018790113596360016]","[0.07460808753967285, 0.07366645336151123, 0.07378584146499634, 0.07459267973899841, 0.07397928833961487, 0.07399314641952515]","[0.07460808753967285, 0.07366645336151123, 0.07378584146499634, 0.07459267973899841, 0.07397928833961487, 0.07399314641952515]",0.0,0.0,6.0,6.0,086dfebd71040c3b8512d9e9cc25151dd95fdc19d68b60a3a990f563924cfbbb,086dfebd71040c3b8512d9e9cc25151dd95fdc19d68b60a3a990f563924cfbbb,5.0,0.0,0.0,True,0.0,True,0.0,True,True,True,True
Environment,frozen_closed_loop__Environment,libero_object_env,9,5,5300485,"[[0.03295831382274628, 0.002063848078250885, -0.014460738748311996, -0.0013419883325695992, 0.02643701434135437, -0.0035615817178040743, -0.9999384880065918], [0.039972737431526184, 0.00022765249013900757, -0.009162705391645432, -0.0015388770261779428, 0.03430813550949097, -0.001970928395166993, -1.0020651817321777], [0.03550216555595398, -3.688037395477295e-06, -0.009253174066543579, -0.0012144434731453657, 0.028756946325302124, -0.0031086611561477184, -0.9997787475585938], [0.03473605960607529, 0.0021620839834213257, -0.00981191173195839, -0.001770693575963378, 0.03210550546646118, -0.0026668007485568523, -0.9995210766792297], [0.03510095179080963, 6.146728992462158e-05, -0.009890645742416382, -0.0017058142693713307, 0.03372788429260254, -0.003368533682078123, -0.999261736869812], [0.030940622091293335, -0.002267640084028244, -0.007259119302034378, -0.001678698812611401, 0.029906809329986572, -0.0023442679084837437, -0.9970192909240723]]","[[0.03295831382274628, 0.002063848078250885, -0.014460738748311996, -0.0013419883325695992, 0.02643701434135437, -0.0035615817178040743, -0.9999384880065918], [0.039972737431526184, 0.00022765249013900757, -0.009162705391645432, -0.0015388770261779428, 0.03430813550949097, -0.001970928395166993, -1.0020651817321777], [0.03550216555595398, -3.688037395477295e-06, -0.009253174066543579, -0.0012144434731453657, 0.028756946325302124, -0.0031086611561477184, -0.9997787475585938], [0.03473605960607529, 0.0021620839834213257, -0.00981191173195839, -0.001770693575963378, 0.03210550546646118, -0.0026668007485568523, -0.9995210766792297], [0.03510095179080963, 6.146728992462158e-05, -0.009890645742416382, -0.0017058142693713307, 0.03372788429260254, -0.003368533682078123, -0.999261736869812], [0.030940622091293335, -0.002267640084028244, -0.007259119302034378, -0.001678698812611401, 0.029906809329986572, -0.0023442679084837437, -0.9970192909240723]]","[-0.003811443491505454, 0.002527795395945261, 0.0004272379259162703, 0.0030311820469289515, 0.002381425073661971, -0.004556196950947034]","[-0.003811443491505454, 0.002527795395945261, 0.0004272379259162703, 0.0030311820469289515, 0.002381425073661971, -0.004556196950947034]","[0.07414129376411438, 0.0730111300945282, 0.07464802265167236, 0.07415547966957092, 0.07383924722671509, 0.07414469122886658]","[0.07414129376411438, 0.0730111300945282, 0.07464802265167236, 0.07415547966957092, 0.07383924722671509, 0.07414469122886658]",2.0,2.0,6.0,6.0,086dfebd71040c3b8512d9e9cc25151dd95fdc19d68b60a3a990f563924cfbbb,086dfebd71040c3b8512d9e9cc25151dd95fdc19d68b60a3a990f563924cfbbb,3.0,2.0,0.0,True,0.0,True,0.0,True,True,True,True
Environment,frozen_closed_loop__Environment,libero_object_env,9,5,5300582,"[[0.028187669813632965, 0.005803406238555908, -0.013974588364362717, -0.0013647492742165923, 0.02674412727355957, -0.0041732462123036385, -1.0002098083496094], [0.044907666742801666, -0.000493023544549942, -0.006516985595226288, -0.001787800807505846, 0.03696651756763458, -0.0024860906414687634, -1.0004966259002686], [0.03232542425394058, 0.0013351812958717346, -0.011663585901260376, -0.0014840241055935621, 0.03148886561393738, -0.0031664962880313396, -0.9990952610969543], [0.02908598631620407, -0.003188587725162506, -0.009706467390060425, -0.0016572553431615233, 0.03354012966156006, -0.004860834218561649, -0.9974958896636963], [0.029175281524658203, 0.0032635778188705444, -0.009584091603755951, -0.0013013702118769288, 0.034724101424217224, -0.002400869270786643, -0.9988123178482056], [0.025836266577243805, 0.00018652528524398804, -0.013342984020709991, -0.0017103335121646523, 0.029707297682762146, -0.0025348044000566006, -0.999946117401123]]","[[0.028187669813632965, 0.005803406238555908, -0.013974588364362717, -0.0013647492742165923, 0.02674412727355957, -0.0041732462123036385, -1.0002098083496094], [0.044907666742801666, -0.000493023544549942, -0.006516985595226288, -0.001787800807505846, 0.03696651756763458, -0.0024860906414687634, -1.0004966259002686], [0.03232542425394058, 0.0013351812958717346, -0.011663585901260376, -0.0014840241055935621, 0.03148886561393738, -0.0031664962880313396, -0.9990952610969543], [0.02908598631620407, -0.003188587725162506, -0.009706467390060425, -0.0016572553431615233, 0.03354012966156006, -0.004860834218561649, -0.9974958896636963], [0.029175281524658203, 0.0032635778188705444, -0.009584091603755951, -0.0013013702118769288, 0.034724101424217224, -0.002400869270786643, -0.9988123178482056], [0.025836266577243805, 0.00018652528524398804, -0.013342984020709991, -0.0017103335121646523, 0.029707297682762146, -0.0025348044000566006, -0.999946117401123]]","[-0.0018945589662118052, 0.002294858954562346, 0.0034297279448234257, 0.0001057414407095226, -0.0033748000466506285, -0.0005609693272327165]","[-0.0018945589662118052, 0.002294858954562346, 0.0034297279448234257, 0.0001057414407095226, -0.0033748000466506285, -0.0005609693272327165]","[0.07419827580451965, 0.07388120889663696, 0.07457655668258667, 0.07339689135551453, 0.07312706112861633, 0.07325801253318787]","[0.07419827580451965, 0.07388120889663696, 0.07457655668258667, 0.07339689135551453, 0.07312706112861633, 0.07325801253318787]",2.0,2.0,6.0,6.0,086dfebd71040c3b8512d9e9cc25151dd95fdc19d68b60a3a990f563924cfbbb,086dfebd71040c3b8512d9e9cc25151dd95fdc19d68b60a3a990f563924cfbbb,2.0,2.0,0.0,True,0.0,True,0.0,True,True,True,False
Environment,frozen_closed_loop__Environment,libero_object_env,9,5,5300679,"[[0.032796710729599, -0.002734791487455368, -0.009572021663188934, -0.0016558647621423006, 0.034185245633125305, -0.0036525316536426544, -0.9996749758720398], [0.02501159906387329, -0.0008437223732471466, -0.011924095451831818, -0.0013349808286875486, 0.031662940979003906, -0.003179142950102687, -0.9977493286132812], [0.03987696021795273, -0.004804059863090515, -0.008525680750608444, -0.0018466972978785634, 0.03221583366394043, -0.004509416874498129, -0.9987903237342834], [0.03311086446046829, -0.0028498470783233643, -0.0070306845009326935, -0.00180902483407408, 0.028801962733268738, -0.0046225315891206264, -1.002468466758728], [0.03133714199066162, -0.0023831427097320557, -0.009189415723085403, -0.001779457670636475, 0.03090682625770569, -0.004048542585223913, -0.9999986886978149], [0.03104478120803833, 0.0007271021604537964, -0.00862201675772667, -0.001424359274096787, 0.03049260377883911, -0.002018430270254612, -1.0013750791549683]]","[[0.032796710729599, -0.002734791487455368, -0.009572021663188934, -0.0016558647621423006, 0.034185245633125305, -0.0036525316536426544, -0.9996749758720398], [0.02501159906387329, -0.0008437223732471466, -0.011924095451831818, -0.0013349808286875486, 0.031662940979003906, -0.003179142950102687, -0.9977493286132812], [0.03987696021795273, -0.004804059863090515, -0.008525680750608444, -0.0018466972978785634, 0.03221583366394043, -0.004509416874498129, -0.9987903237342834], [0.03311086446046829, -0.0028498470783233643, -0.0070306845009326935, -0.00180902483407408, 0.028801962733268738, -0.0046225315891206264, -1.002468466758728], [0.03133714199066162, -0.0023831427097320557, -0.009189415723085403, -0.001779457670636475, 0.03090682625770569, -0.004048542585223913, -0.9999986886978149], [0.03104478120803833, 0.0007271021604537964, -0.00862201675772667, -0.001424359274096787, 0.03049260377883911, -0.002018430270254612, -1.0013750791549683]]","[0.005025280945568226, -0.0030761466652027844, 0.003391450634521959, -0.008234226721991712, 0.004122306091811172, -0.001228664284707281]","[0.005025280945568226, -0.0030761466652027844, 0.003391450634521959, -0.008234226721991712, 0.004122306091811172, -0.001228664284707281]","[0.07393690943717957, 0.07414644956588745, 0.0740227997303009, 0.07313010096549988, 0.07492339611053467, 0.07377338409423828]","[0.07393690943717957, 0.07414644956588745, 0.0740227997303009, 0.07313010096549988, 0.07492339611053467, 0.07377338409423828]",4.0,4.0,6.0,6.0,086dfebd71040c3b8512d9e9cc25151dd95fdc19d68b60a3a990f563924cfbbb,086dfebd71040c3b8512d9e9cc25151dd95fdc19d68b60a3a990f563924cfbbb,0.0,4.0,0.0,True,0.0,True,0.0,True,True,True,True
Environment,frozen_closed_loop__Environment,libero_object_env,9,6,5310000,"[[0.11289406567811966, -0.011520422995090485, 0.0021082162857055664, -0.0016795953270047903, 0.03216482698917389, -0.005334201268851757, -1.0029410123825073], [0.08149992674589157, -0.006158016622066498, 1.0281801223754883e-05, -0.0019371368689462543, 0.029230669140815735, -0.0068827723152935505, -1.002953290939331], [0.08944094181060791, -0.005743280053138733, -0.0009254179894924164, -0.00219956343062222, 0.02764230966567993, -0.005628774408251047, -1.0006881952285767], [0.07736049592494965, -0.0030690059065818787, 0.0014255940914154053, -0.001444137771613896, 0.030152544379234314, -0.007399477064609528, -1.0000104904174805], [0.09097471833229065, -0.01522555947303772, 0.0036092475056648254, -0.0014389415737241507, 0.03431752324104309, -0.008288441225886345, -1.0003403425216675], [0.08645005524158478, -0.01666344702243805, 0.000996328890323639, -0.0015143962809816003, 0.029991209506988525, -0.007026732433587313, -1.0001357793807983]]","[[0.11289406567811966, -0.011520422995090485, 0.0021082162857055664, -0.0016795953270047903, 0.03216482698917389, -0.005334201268851757, -1.0029410123825073], [0.08149992674589157, -0.006158016622066498, 1.0281801223754883e-05, -0.0019371368689462543, 0.029230669140815735, -0.0068827723152935505, -1.002953290939331], [0.08944094181060791, -0.005743280053138733, -0.0009254179894924164, -0.00219956343062222, 0.02764230966567993, -0.005628774408251047, -1.0006881952285767], [0.07736049592494965, -0.0030690059065818787, 0.0014255940914154053, -0.001444137771613896, 0.030152544379234314, -0.007399477064609528, -1.0000104904174805], [0.09097471833229065, -0.01522555947303772, 0.0036092475056648254, -0.0014389415737241507, 0.03431752324104309, -0.008288441225886345, -1.0003403425216675], [0.08645005524158478, -0.01666344702243805, 0.000996328890323639, -0.0015143962809816003, 0.029991209506988525, -0.007026732433587313, -1.0001357793807983]]","[0.004740610235892991, -0.006165097119257302, 0.0003342542956435437, -0.002374451634927637, 0.005983741803696143, -0.002519057581047878]","[0.004740610235892991, -0.006165097119257302, 0.0003342542956435437, -0.002374451634927637, 0.005983741803696143, -0.002519057581047878]","[0.07702052593231201, 0.0755959153175354, 0.07542240619659424, 0.07662159204483032, 0.0762985348701477, 0.07609745860099792]","[0.07702052593231201, 0.0755959153175354, 0.07542240619659424, 0.07662159204483032, 0.0762985348701477, 0.07609745860099792]",0.0,0.0,6.0,6.0,086dfebd71040c3b8512d9e9cc25151dd95fdc19d68b60a3a990f563924cfbbb,086dfebd71040c3b8512d9e9cc25151dd95fdc19d68b60a3a990f563924cfbbb,4.0,0.0,0.0,True,0.0,True,0.0,True,True,True,True
Environment,frozen_closed_loop__Environment,libero_object_env,9,6,5310097,"[[0.08392777293920517, -0.003371201455593109, -0.00016635283827781677, -0.0019122170051559806, 0.029509663581848145, -0.00578300142660737, -0.9995456337928772], [0.10869652032852173, -0.010543707758188248, 0.0004979968070983887, -0.0016319146379828453, 0.029336482286453247, -0.006425952073186636, -1.0017801523208618], [0.10530129075050354, -0.008959528058767319, -0.0007497332990169525, -0.0016618294175714254, 0.02847227454185486, -0.00632488913834095, -1.0021684169769287], [0.10551206767559052, -0.004909224808216095, 0.0004398822784423828, -0.0022392303217202425, 0.03165310621261597, -0.007751202676445246, -1.0027920007705688], [0.09384546428918839, -0.010755937546491623, 5.465000867843628e-05, -0.0018134342972189188, 0.03291548788547516, -0.007789473049342632, -1.0001237392425537], [0.10661445558071136, -0.010467376559972763, 0.0011252984404563904, -0.001659487490542233, 0.03128443658351898, -0.007621299475431442, -1.0026355981826782]]","[[0.08392777293920517, -0.003371201455593109, -0.00016635283827781677, -0.0019122170051559806, 0.029509663581848145, -0.00578300142660737, -0.9995456337928772], [0.10869652032852173, -0.010543707758188248, 0.0004979968070983887, -0.0016319146379828453, 0.029336482286453247, -0.006425952073186636, -1.0017801523208618], [0.10530129075050354, -0.008959528058767319, -0.0007497332990169525, -0.0016618294175714254, 0.02847227454185486, -0.00632488913834095, -1.0021684169769287], [0.10551206767559052, -0.004909224808216095, 0.0004398822784423828, -0.0022392303217202425, 0.03165310621261597, -0.007751202676445246, -1.0027920007705688], [0.09384546428918839, -0.010755937546491623, 5.465000867843628e-05, -0.0018134342972189188, 0.03291548788547516, -0.007789473049342632, -1.0001237392425537], [0.10661445558071136, -0.010467376559972763, 0.0011252984404563904, -0.001659487490542233, 0.03128443658351898, -0.007621299475431442, -1.0026355981826782]]","[-0.006045857485501801, -0.004466146749303872, 0.0011794954807090657, 0.0036655912688073463, -0.0006659563313925389, 0.006332873816681653]","[-0.006045857485501801, -0.004466146749303872, 0.0011794954807090657, 0.0036655912688073463, -0.0006659563313925389, 0.006332873816681653]","[0.07698798179626465, 0.07519307732582092, 0.07587495446205139, 0.07628795504570007, 0.07672819495201111, 0.07557627558708191]","[0.07698798179626465, 0.07519307732582092, 0.07587495446205139, 0.07628795504570007, 0.07672819495201111, 0.07557627558708191]",0.0,0.0,6.0,6.0,086dfebd71040c3b8512d9e9cc25151dd95fdc19d68b60a3a990f563924cfbbb,086dfebd71040c3b8512d9e9cc25151dd95fdc19d68b60a3a990f563924cfbbb,5.0,0.0,0.0,True,0.0,True,0.0,True,True,True,True
Environment,frozen_closed_loop__Environment,libero_object_env,9,6,5310194,"[[0.08243288844823837, 0.0006837397813796997, -8.365139365196228e-05, -0.0011661224998533726, 0.029436662793159485, -0.007927880622446537, -1.0012423992156982], [0.09064547717571259, -0.006431937217712402, 0.0013612210750579834, -0.0016980931395664811, 0.02728906273841858, -0.009709841571748257, -1.0003936290740967], [0.08398644626140594, -0.0030888989567756653, 0.002661757171154022, -0.0016850294778123498, 0.03096422553062439, -0.00661897799000144, -1.0004032850265503], [0.11949576437473297, -0.015073902904987335, 0.0013791024684906006, -0.002303066896274686, 0.036600708961486816, -0.008073228411376476, -0.9997706413269043], [0.08668854832649231, -0.004566796123981476, 0.0013888254761695862, -0.0018122449982911348, 0.031404197216033936, -0.006616268306970596, -1.001054048538208], [0.10293256491422653, -0.01484021544456482, 0.0015702098608016968, -0.0018471181392669678, 0.03215521574020386, -0.007838737219572067, -1.0012145042419434]]","[[0.08243288844823837, 0.0006837397813796997, -8.365139365196228e-05, -0.0011661224998533726, 0.029436662793159485, -0.007927880622446537, -1.0012423992156982], [0.09064547717571259, -0.006431937217712402, 0.0013612210750579834, -0.0016980931395664811, 0.02728906273841858, -0.009709841571748257, -1.0003936290740967], [0.08398644626140594, -0.0030888989567756653, 0.002661757171154022, -0.0016850294778123498, 0.03096422553062439, -0.00661897799000144, -1.0004032850265503], [0.11949576437473297, -0.015073902904987335, 0.0013791024684906006, -0.002303066896274686, 0.036600708961486816, -0.008073228411376476, -0.9997706413269043], [0.08668854832649231, -0.004566796123981476, 0.0013888254761695862, -0.0018122449982911348, 0.031404197216033936, -0.006616268306970596, -1.001054048538208], [0.10293256491422653, -0.01484021544456482, 0.0015702098608016968, -0.0018471181392669678, 0.03215521574020386, -0.007838737219572067, -1.0012145042419434]]","[-0.0031322317613139933, -0.003362197977111612, -0.0001125161934636288, 0.005005061774317974, -6.039504490180448e-05, 0.0016622792024731093]","[-0.0031322317613139933, -0.003362197977111612, -0.0001125161934636288, 0.005005061774317974, -6.039504490180448e-05, 0.0016622792024731093]","[0.07666850090026855, 0.07694980502128601, 0.0764111876487732, 0.07671046257019043, 0.07626187801361084, 0.07593774795532227]","[0.07666850090026855, 0.07694980502128601, 0.0764111876487732, 0.07671046257019043, 0.07626187801361084, 0.07593774795532227]",1.0,1.0,6.0,6.0,086dfebd71040c3b8512d9e9cc25151dd95fdc19d68b60a3a990f563924cfbbb,086dfebd71040c3b8512d9e9cc25151dd95fdc19d68b60a3a990f563924cfbbb,3.0,1.0,0.0,True,0.0,True,0.0,True,True,True,True
Environment,frozen_closed_loop__Environment,libero_object_env,9,6,5310291,"[[0.10657723993062973, -0.010030511766672134, 0.0008789822459220886, -0.002491685329005122, 0.035604625940322876, -0.005854188464581966, -1.0001717805862427], [0.08437346667051315, -0.00712936744093895, -0.0006181374192237854, -0.002321656094864011, 0.027097642421722412, -0.007196624297648668, -1.0005958080291748], [0.09222518652677536, -0.003174617886543274, -0.0002726353704929352, -0.00216110423207283, 0.031168609857559204, -0.005307718180119991, -0.9991664886474609], [0.08372817188501358, -0.0012161582708358765, -0.001210179179906845, -0.002062193350866437, 0.026880785822868347, -0.0074903168715536594, -1.0017598867416382], [0.1006893441081047, -0.004944540560245514, -0.0001527741551399231, -0.0017226104391738772, 0.02918967604637146, -0.00707300053909421, -1.0021336078643799], [0.09780272841453552, -0.01135256141424179, 0.0012767314910888672, -0.001995648955926299, 0.03020864725112915, -0.005469061434268951, -1.0020387172698975]]","[[0.10657723993062973, -0.010030511766672134, 0.0008789822459220886, -0.002491685329005122, 0.035604625940322876, -0.005854188464581966, -1.0001717805862427], [0.08437346667051315, -0.00712936744093895, -0.0006181374192237854, -0.002321656094864011, 0.027097642421722412, -0.007196624297648668, -1.0005958080291748], [0.09222518652677536, -0.003174617886543274, -0.0002726353704929352, -0.00216110423207283, 0.031168609857559204, -0.005307718180119991, -0.9991664886474609], [0.08372817188501358, -0.0012161582708358765, -0.001210179179906845, -0.002062193350866437, 0.026880785822868347, -0.0074903168715536594, -1.0017598867416382], [0.1006893441081047, -0.004944540560245514, -0.0001527741551399231, -0.0017226104391738772, 0.02918967604637146, -0.00707300053909421, -1.0021336078643799], [0.09780272841453552, -0.01135256141424179, 0.0012767314910888672, -0.001995648955926299, 0.03020864725112915, -0.005469061434268951, -1.0020387172698975]]","[0.007970996799420928, 0.002265675905164201, -0.0028130859867867425, -0.006377136485185074, -0.0019774869402811083, 0.0009310367076676517]","[0.007970996799420928, 0.002265675905164201, -0.0028130859867867425, -0.006377136485185074, -0.0019774869402811083, 0.0009310367076676517]","[0.07640492916107178, 0.0763556957244873, 0.07546573877334595, 0.07544109225273132, 0.07615724205970764, 0.07616814970970154]","[0.07640492916107178, 0.0763556957244873, 0.07546573877334595, 0.07544109225273132, 0.07615724205970764, 0.07616814970970154]",0.0,0.0,6.0,6.0,086dfebd71040c3b8512d9e9cc25151dd95fdc19d68b60a3a990f563924cfbbb,086dfebd71040c3b8512d9e9cc25151dd95fdc19d68b60a3a990f563924cfbbb,0.0,0.0,0.0,True,0.0,True,0.0,True,True,True,False
Environment,frozen_closed_loop__Environment,libero_object_env,9,6,5310388,"[[0.07551681250333786, -0.005052387714385986, -9.778887033462524e-06, -0.0019031602423638105, 0.027235329151153564, -0.0069044302217662334, -1.0015093088150024], [0.11573910713195801, -0.0071294233202934265, 0.00081673264503479, -0.00137988047208637, 0.03161998093128204, -0.005724131129682064, -1.0022192001342773], [0.10087430477142334, -0.007951073348522186, 0.002538710832595825, -0.001920688315294683, 0.03244435787200928, -0.009356529451906681, -1.0011837482452393], [0.08219070732593536, -0.002880636602640152, 0.002460479736328125, -0.0014237005962058902, 0.03076377511024475, -0.00733503233641386, -1.0002634525299072], [0.07918842136859894, -0.005997307598590851, 8.851289749145508e-05, -0.002103799721226096, 0.02905207872390747, -0.006169406231492758, -1.000016450881958], [0.08388876914978027, -0.003984533250331879, -0.0007529743015766144, -0.0019644536077976227, 0.03116007149219513, -0.005725232418626547, -1.0034927129745483]]","[[0.07551681250333786, -0.005052387714385986, -9.778887033462524e-06, -0.0019031602423638105, 0.027235329151153564, -0.0069044302217662334, -1.0015093088150024], [0.11573910713195801, -0.0071294233202934265, 0.00081673264503479, -0.00137988047208637, 0.03161998093128204, -0.005724131129682064, -1.0022192001342773], [0.10087430477142334, -0.007951073348522186, 0.002538710832595825, -0.001920688315294683, 0.03244435787200928, -0.009356529451906681, -1.0011837482452393], [0.08219070732593536, -0.002880636602640152, 0.002460479736328125, -0.0014237005962058902, 0.03076377511024475, -0.00733503233641386, -1.0002634525299072], [0.07918842136859894, -0.005997307598590851, 8.851289749145508e-05, -0.002103799721226096, 0.02905207872390747, -0.006169406231492758, -1.000016450881958], [0.08388876914978027, -0.003984533250331879, -0.0007529743015766144, -0.0019644536077976227, 0.03116007149219513, -0.005725232418626547, -1.0034927129745483]]","[-0.0015854665007958122, 0.0017058773994466784, 0.0010486754315430225, 0.0045012065079056, -0.002946402412913029, -0.0027238904251865145]","[-0.0015854665007958122, 0.0017058773994466784, 0.0010486754315430225, 0.0045012065079056, -0.002946402412913029, -0.0027238904251865145]","[0.07644081115722656, 0.07552182674407959, 0.075743168592453, 0.0748763382434845, 0.07518458366394043, 0.07600671052932739]","[0.07644081115722656, 0.07552182674407959, 0.075743168592453, 0.0748763382434845, 0.07518458366394043, 0.07600671052932739]",0.0,0.0,6.0,6.0,086dfebd71040c3b8512d9e9cc25151dd95fdc19d68b60a3a990f563924cfbbb,086dfebd71040c3b8512d9e9cc25151dd95fdc19d68b60a3a990f563924cfbbb,3.0,0.0,0.0,True,0.0,True,0.0,True,True,True,True
Environment,frozen_closed_loop__Environment,libero_object_env,9,6,5310485,"[[0.08693497627973557, -0.014109872281551361, 0.0011027231812477112, -0.0011473502963781357, 0.026585519313812256, -0.008444255217909813, -1.0011192560195923], [0.0791628286242485, -0.004143062978982925, 0.0004367530345916748, -0.0019307879265397787, 0.030642718076705933, -0.0066352603025734425, -1.0006753206253052], [0.11991508305072784, -0.006184782832860947, 0.0027203187346458435, -0.0011892674956470728, 0.03650030493736267, -0.006972223985940218, -1.0021154880523682], [0.08689675480127335, -0.01000676304101944, 0.002024732530117035, -0.0016703190049156547, 0.03300932049751282, -0.00895893294364214, -0.997654139995575], [0.09232062846422195, -0.010721907019615173, -0.0004709511995315552, -0.0017538974061608315, 0.03155216574668884, -0.007514684461057186, -1.001257300376892], [0.08101589977741241, -0.0007896311581134796, 0.00030934810638427734, -0.0015212391735985875, 0.02847634255886078, -0.005166335962712765, -1.002487301826477]]","[[0.08693497627973557, -0.014109872281551361, 0.0011027231812477112, -0.0011473502963781357, 0.026585519313812256, -0.008444255217909813, -1.0011192560195923], [0.0791628286242485, -0.004143062978982925, 0.0004367530345916748, -0.0019307879265397787, 0.030642718076705933, -0.0066352603025734425, -1.0006753206253052], [0.11991508305072784, -0.006184782832860947, 0.0027203187346458435, -0.0011892674956470728, 0.03650030493736267, -0.006972223985940218, -1.0021154880523682], [0.08689675480127335, -0.01000676304101944, 0.002024732530117035, -0.0016703190049156547, 0.03300932049751282, -0.00895893294364214, -0.997654139995575], [0.09232062846422195, -0.010721907019615173, -0.0004709511995315552, -0.0017538974061608315, 0.03155216574668884, -0.007514684461057186, -1.001257300376892], [0.08101589977741241, -0.0007896311581134796, 0.00030934810638427734, -0.0015212391735985875, 0.02847634255886078, -0.005166335962712765, -1.002487301826477]]","[-0.0011976390605409537, 0.00026898293347178736, 0.0036291486422311498, -0.0011630962951697037, -0.0016578313065871613, 0.00012043508659484014]","[-0.0011976390605409537, 0.00026898293347178736, 0.0036291486422311498, -0.0011630962951697037, -0.0016578313065871613, 0.00012043508659484014]","[0.07536953687667847, 0.07667484879493713, 0.07542026042938232, 0.07579484581947327, 0.07665467262268066, 0.07722333073616028]","[0.07536953687667847, 0.07667484879493713, 0.07542026042938232, 0.07579484581947327, 0.07665467262268066, 0.07722333073616028]",5.0,5.0,6.0,6.0,086dfebd71040c3b8512d9e9cc25151dd95fdc19d68b60a3a990f563924cfbbb,086dfebd71040c3b8512d9e9cc25151dd95fdc19d68b60a3a990f563924cfbbb,2.0,5.0,0.0,True,0.0,True,0.0,True,True,True,True
Environment,frozen_closed_loop__Environment,libero_object_env,9,6,5310582,"[[0.10128021240234375, -0.0172378309071064, 0.0022352859377861023, -0.0021500166039913893, 0.03353315591812134, -0.009266593493521214, -0.999803900718689], [0.12375421822071075, -0.009755752980709076, 0.001731477677822113, -0.0014270305400714278, 0.03413937985897064, -0.006821544375270605, -1.000792145729065], [0.08498679846525192, -0.004360657185316086, 0.0014692917466163635, -0.0019970396533608437, 0.031065568327903748, -0.006591415498405695, -1.0019116401672363], [0.09075254201889038, -0.008185431361198425, 0.0019354373216629028, -0.0019685884471982718, 0.03167921304702759, -0.007005405146628618, -1.0001881122589111], [0.07979650050401688, -0.001263543963432312, -0.0004675425589084625, -0.0015598265454173088, 0.02914738655090332, -0.005452713463455439, -1.0001306533813477], [0.06950955837965012, -0.0036460720002651215, -0.0013171322643756866, -0.002024685498327017, 0.028843268752098083, -0.006415839307010174, -1.0004795789718628]]","[[0.10128021240234375, -0.0172378309071064, 0.0022352859377861023, -0.0021500166039913893, 0.03353315591812134, -0.009266593493521214, -0.999803900718689], [0.12375421822071075, -0.009755752980709076, 0.001731477677822113, -0.0014270305400714278, 0.03413937985897064, -0.006821544375270605, -1.000792145729065], [0.08498679846525192, -0.004360657185316086, 0.0014692917466163635, -0.0019970396533608437, 0.031065568327903748, -0.006591415498405695, -1.0019116401672363], [0.09075254201889038, -0.008185431361198425, 0.0019354373216629028, -0.0019685884471982718, 0.03167921304702759, -0.007005405146628618, -1.0001881122589111], [0.07979650050401688, -0.001263543963432312, -0.0004675425589084625, -0.0015598265454173088, 0.02914738655090332, -0.005452713463455439, -1.0001306533813477], [0.06950955837965012, -0.0036460720002651215, -0.0013171322643756866, -0.002024685498327017, 0.028843268752098083, -0.006415839307010174, -1.0004795789718628]]","[0.005987301200166307, 0.003205916571789086, -0.0019664199416012064, 0.0034520211914444566, -0.006038904140292081, -0.004639914881506531]","[0.005987301200166307, 0.003205916571789086, -0.0019664199416012064, 0.0034520211914444566, -0.006038904140292081, -0.004639914881506531]","[0.0757775604724884, 0.07505416870117188, 0.0756409764289856, 0.07547315955162048, 0.07531911134719849, 0.07521376013755798]","[0.0757775604724884, 0.07505416870117188, 0.0756409764289856, 0.07547315955162048, 0.07531911134719849, 0.07521376013755798]",0.0,0.0,6.0,6.0,086dfebd71040c3b8512d9e9cc25151dd95fdc19d68b60a3a990f563924cfbbb,086dfebd71040c3b8512d9e9cc25151dd95fdc19d68b60a3a990f563924cfbbb,0.0,0.0,0.0,True,0.0,True,0.0,True,True,True,False
Environment,frozen_closed_loop__Environment,libero_object_env,9,6,5310679,"[[0.07890891283750534, -0.009405780583620071, 0.0003902614116668701, -0.0012078750878572464, 0.02598997950553894, -0.00729850260540843, -0.9988157749176025], [0.0975007563829422, -0.006864108145236969, 0.0005431473255157471, -0.0020678287837654352, 0.03361067175865173, -0.006019982509315014, -1.000814437866211], [0.079437755048275, -0.01079019159078598, -0.0013227201998233795, -0.0018949451623484492, 0.02849029004573822, -0.006275514606386423, -1.0010613203048706], [0.0890829786658287, -0.009475350379943848, -0.0012119114398956299, -0.0019772793166339397, 0.030803650617599487, -0.006187142338603735, -0.9998595714569092], [0.10349605232477188, -0.011938624083995819, -0.00019066035747528076, -0.0017611245857551694, 0.03235092759132385, -0.008963537402451038, -1.0005099773406982], [0.07000051438808441, -0.004743095487356186, 0.00024653971195220947, -0.0015698896022513509, 0.032705649733543396, -0.006910511292517185, -1.0010886192321777]]","[[0.07890891283750534, -0.009405780583620071, 0.0003902614116668701, -0.0012078750878572464, 0.02598997950553894, -0.00729850260540843, -0.9988157749176025], [0.0975007563829422, -0.006864108145236969, 0.0005431473255157471, -0.0020678287837654352, 0.03361067175865173, -0.006019982509315014, -1.000814437866211], [0.079437755048275, -0.01079019159078598, -0.0013227201998233795, -0.0018949451623484492, 0.02849029004573822, -0.006275514606386423, -1.0010613203048706], [0.0890829786658287, -0.009475350379943848, -0.0012119114398956299, -0.0019772793166339397, 0.030803650617599487, -0.006187142338603735, -0.9998595714569092], [0.10349605232477188, -0.011938624083995819, -0.00019066035747528076, -0.0017611245857551694, 0.03235092759132385, -0.008963537402451038, -1.0005099773406982], [0.07000051438808441, -0.004743095487356186, 0.00024653971195220947, -0.0015698896022513509, 0.032705649733543396, -0.006910511292517185, -1.0010886192321777]]","[-7.101053940630243e-05, 0.001282108141942202, -0.003046107508835992, 0.0028173935697725482, 0.003510730916055106, -0.0044931145795276866]","[-7.101053940630243e-05, 0.001282108141942202, -0.003046107508835992, 0.0028173935697725482, 0.003510730916055106, -0.0044931145795276866]","[0.07785728573799133, 0.07637083530426025, 0.07635444402694702, 0.07606327533721924, 0.07566940784454346, 0.07516506314277649]","[0.07785728573799133, 0.07637083530426025, 0.07635444402694702, 0.07606327533721924, 0.07566940784454346, 0.07516506314277649]",0.0,0.0,6.0,6.0,086dfebd71040c3b8512d9e9cc25151dd95fdc19d68b60a3a990f563924cfbbb,086dfebd71040c3b8512d9e9cc25151dd95fdc19d68b60a3a990f563924cfbbb,4.0,0.0,0.0,True,0.0,True,0.0,True,True,True,True
Environment,frozen_closed_loop__Environment,libero_object_env,9,7,5320000,"[[0.06186537444591522, 0.0069417804479599, -0.004643406718969345, -0.0024785667192190886, 0.02942696213722229, -0.0006625985843129456, -1.0013597011566162], [0.07275044918060303, 0.004514046013355255, -0.001140497624874115, -0.003108259057626128, 0.030039802193641663, -0.002279867185279727, -0.9996381998062134], [0.07119130343198776, 0.006182491779327393, -0.0016932561993598938, -0.001677967025898397, 0.028105929493904114, -0.0010438697645440698, -1.001376986503601], [0.05916651338338852, 0.005846768617630005, -5.7388097047805786e-05, -0.0019667954184114933, 0.03242088854312897, -0.0017835645703598857, -1.0016777515411377], [0.06138894706964493, 0.007625967264175415, -0.0003596395254135132, -0.002580094151198864, 0.03180272877216339, -0.0027500393334776163, -1.0018956661224365], [0.0729871541261673, 0.007050633430480957, -7.716938853263855e-05, -0.0022638756781816483, 0.0319044291973114, -0.0017102407291531563, -1.0018051862716675]]","[[0.06186537444591522, 0.0069417804479599, -0.004643406718969345, -0.0024785667192190886, 0.02942696213722229, -0.0006625985843129456, -1.0013597011566162], [0.07275044918060303, 0.004514046013355255, -0.001140497624874115, -0.003108259057626128, 0.030039802193641663, -0.002279867185279727, -0.9996381998062134], [0.07119130343198776, 0.006182491779327393, -0.0016932561993598938, -0.001677967025898397, 0.028105929493904114, -0.0010438697645440698, -1.001376986503601], [0.05916651338338852, 0.005846768617630005, -5.7388097047805786e-05, -0.0019667954184114933, 0.03242088854312897, -0.0017835645703598857, -1.0016777515411377], [0.06138894706964493, 0.007625967264175415, -0.0003596395254135132, -0.002580094151198864, 0.03180272877216339, -0.0027500393334776163, -1.0018956661224365], [0.0729871541261673, 0.007050633430480957, -7.716938853263855e-05, -0.0022638756781816483, 0.0319044291973114, -0.0017102407291531563, -1.0018051862716675]]","[-0.002592580637870982, 0.0026859084740542163, -0.0030328299781070146, 0.001785929986107084, -0.0042458557781522585, 0.005399427933968763]","[-0.002592580637870982, 0.0026859084740542163, -0.0030328299781070146, 0.001785929986107084, -0.0042458557781522585, 0.005399427933968763]","[0.07234659790992737, 0.07315698266029358, 0.07366803288459778, 0.07327979803085327, 0.07272845506668091, 0.07352268695831299]","[0.07234659790992737, 0.07315698266029358, 0.07366803288459778, 0.07327979803085327, 0.07272845506668091, 0.07352268695831299]",2.0,2.0,6.0,6.0,086dfebd71040c3b8512d9e9cc25151dd95fdc19d68b60a3a990f563924cfbbb,086dfebd71040c3b8512d9e9cc25151dd95fdc19d68b60a3a990f563924cfbbb,5.0,2.0,0.0,True,0.0,True,0.0,True,True,True,True
Environment,frozen_closed_loop__Environment,libero_object_env,9,7,5320097,"[[0.06960924714803696, 0.006001889705657959, 0.0009807944297790527, -0.0021455339156091213, 0.034387797117233276, -0.002951371483504772, -1.0037634372711182], [0.06594859063625336, 0.005773454904556274, 0.000707767903804779, -0.0024813113268464804, 0.030421435832977295, -0.001180911553092301, -1.0027679204940796], [0.08524205535650253, 0.005495287477970123, -0.002162475138902664, -0.002754825633019209, 0.03211851418018341, -0.0015485667390748858, -1.0035747289657593], [0.07540605962276459, 0.004973933100700378, -0.0016886740922927856, -0.002344252308830619, 0.031061992049217224, -0.0019474198343232274, -1.0025804042816162], [0.06994865834712982, 0.0051549822092056274, -0.0014434754848480225, -0.002704272512346506, 0.028320953249931335, -0.0030234616715461016, -1.0028889179229736], [0.08580721914768219, 0.005432590842247009, -0.000377018004655838, -0.0018325174460187554, 0.03161385655403137, -0.0013679227558895946, -1.0026397705078125]]","[[0.06960924714803696, 0.006001889705657959, 0.0009807944297790527, -0.0021455339156091213, 0.034387797117233276, -0.002951371483504772, -1.0037634372711182], [0.06594859063625336, 0.005773454904556274, 0.000707767903804779, -0.0024813113268464804, 0.030421435832977295, -0.001180911553092301, -1.0027679204940796], [0.08524205535650253, 0.005495287477970123, -0.002162475138902664, -0.002754825633019209, 0.03211851418018341, -0.0015485667390748858, -1.0035747289657593], [0.07540605962276459, 0.004973933100700378, -0.0016886740922927856, -0.002344252308830619, 0.031061992049217224, -0.0019474198343232274, -1.0025804042816162], [0.06994865834712982, 0.0051549822092056274, -0.0014434754848480225, -0.002704272512346506, 0.028320953249931335, -0.0030234616715461016, -1.0028889179229736], [0.08580721914768219, 0.005432590842247009, -0.000377018004655838, -0.0018325174460187554, 0.03161385655403137, -0.0013679227558895946, -1.0026397705078125]]","[0.00341236950937172, -0.0026788698970422044, 0.00048115674812621045, 0.0003608292968489763, -0.0026495958606625636, 0.001074110203358004]","[0.00341236950937172, -0.0026788698970422044, 0.00048115674812621045, 0.0003608292968489763, -0.0026495958606625636, 0.001074110203358004]","[0.07247960567474365, 0.0732961893081665, 0.07340744137763977, 0.07269906997680664, 0.07383003830909729, 0.07294076681137085]","[0.07247960567474365, 0.0732961893081665, 0.07340744137763977, 0.07269906997680664, 0.07383003830909729, 0.07294076681137085]",4.0,4.0,6.0,6.0,086dfebd71040c3b8512d9e9cc25151dd95fdc19d68b60a3a990f563924cfbbb,086dfebd71040c3b8512d9e9cc25151dd95fdc19d68b60a3a990f563924cfbbb,0.0,4.0,0.0,True,0.0,True,0.0,True,True,True,True
Environment,frozen_closed_loop__Environment,libero_object_env,9,7,5320194,"[[0.06410513073205948, 0.0050765275955200195, -0.0017916597425937653, -0.0024182067718356848, 0.027123793959617615, -0.0014690737007185817, -1.0018362998962402], [0.07356327027082443, 0.006487928330898285, -0.0023127906024456024, -0.0021416733507066965, 0.030070245265960693, -0.0013339488068595529, -1.002761960029602], [0.06090033799409866, 0.007512085139751434, -0.005663037300109863, -0.002283544512465596, 0.025680720806121826, -0.0012910737423226237, -1.0026452541351318], [0.06389748305082321, 0.007751472294330597, -0.004594344645738602, -0.0028688127640634775, 0.02777847647666931, -0.0017133031506091356, -1.0009114742279053], [0.06802238523960114, 0.0069013237953186035, -0.0005297362804412842, -0.0026920686941593885, 0.032616108655929565, -0.00223536160774529, -1.0013549327850342], [0.05751080811023712, 0.010273084044456482, -0.00318232923746109, -0.0019353986717760563, 0.025484338402748108, -0.00023633716045878828, -1.002289056777954]]","[[0.06410513073205948, 0.0050765275955200195, -0.0017916597425937653, -0.0024182067718356848, 0.027123793959617615, -0.0014690737007185817, -1.0018362998962402], [0.07356327027082443, 0.006487928330898285, -0.0023127906024456024, -0.0021416733507066965, 0.030070245265960693, -0.0013339488068595529, -1.002761960029602], [0.06090033799409866, 0.007512085139751434, -0.005663037300109863, -0.002283544512465596, 0.025680720806121826, -0.0012910737423226237, -1.0026452541351318], [0.06389748305082321, 0.007751472294330597, -0.004594344645738602, -0.0028688127640634775, 0.02777847647666931, -0.0017133031506091356, -1.0009114742279053], [0.06802238523960114, 0.0069013237953186035, -0.0005297362804412842, -0.0026920686941593885, 0.032616108655929565, -0.00223536160774529, -1.0013549327850342], [0.05751080811023712, 0.010273084044456482, -0.00318232923746109, -0.0019353986717760563, 0.025484338402748108, -0.00023633716045878828, -1.002289056777954]]","[0.00015811533324098202, 0.00657769671281066, -0.003515668052398402, 0.0013770731608138442, 0.001497027031102131, -0.0060942441855693025]","[0.00015811533324098202, 0.00657769671281066, -0.003515668052398402, 0.0013770731608138442, 0.001497027031102131, -0.0060942441855693025]","[0.0742211639881134, 0.0742902159690857, 0.07384613156318665, 0.07411256432533264, 0.07333296537399292, 0.07390591502189636]","[0.0742211639881134, 0.0742902159690857, 0.07384613156318665, 0.07411256432533264, 0.07333296537399292, 0.07390591502189636]",1.0,1.0,6.0,6.0,086dfebd71040c3b8512d9e9cc25151dd95fdc19d68b60a3a990f563924cfbbb,086dfebd71040c3b8512d9e9cc25151dd95fdc19d68b60a3a990f563924cfbbb,1.0,1.0,0.0,True,0.0,True,0.0,True,True,True,False
Environment,frozen_closed_loop__Environment,libero_object_env,9,7,5320291,"[[0.06421387195587158, 0.004642568528652191, 0.00043272972106933594, -0.0024553302209824324, 0.030168235301971436, -0.0013191649923101068, -0.9999808073043823], [0.05658477544784546, 0.006765313446521759, -0.0024209171533584595, -0.0025121408980339766, 0.03169003129005432, -0.0014092996716499329, -1.0036530494689941], [0.06826668977737427, 0.006110183894634247, -0.0015196390450000763, -0.002463051350787282, 0.0313643217086792, -0.0010443986393511295, -1.0013844966888428], [0.08791286498308182, 0.007766783237457275, 0.0012539327144622803, -0.002122590085491538, 0.03429347276687622, -0.0014813677407801151, -1.0022085905075073], [0.08370101451873779, 0.007621273398399353, 0.0013935193419456482, -0.0024781276006251574, 0.036780014634132385, -0.002512948354706168, -1.0021531581878662], [0.05969434976577759, 0.0038543343544006348, -0.002973731607198715, -0.0026513224001973867, 0.02746899425983429, -0.0012861824361607432, -1.0022810697555542]]","[[0.06421387195587158, 0.004642568528652191, 0.00043272972106933594, -0.0024553302209824324, 0.030168235301971436, -0.0013191649923101068, -0.9999808073043823], [0.05658477544784546, 0.006765313446521759, -0.0024209171533584595, -0.0025121408980339766, 0.03169003129005432, -0.0014092996716499329, -1.0036530494689941], [0.06826668977737427, 0.006110183894634247, -0.0015196390450000763, -0.002463051350787282, 0.0313643217086792, -0.0010443986393511295, -1.0013844966888428], [0.08791286498308182, 0.007766783237457275, 0.0012539327144622803, -0.002122590085491538, 0.03429347276687622, -0.0014813677407801151, -1.0022085905075073], [0.08370101451873779, 0.007621273398399353, 0.0013935193419456482, -0.0024781276006251574, 0.036780014634132385, -0.002512948354706168, -1.0021531581878662], [0.05969434976577759, 0.0038543343544006348, -0.002973731607198715, -0.0026513224001973867, 0.02746899425983429, -0.0012861824361607432, -1.0022810697555542]]","[-0.0007025730489036936, -0.006652751747407508, -0.0010570741141257701, 0.0019358741230760662, 0.006976540794058765, -0.0005000160066979569]","[-0.0007025730489036936, -0.006652751747407508, -0.0010570741141257701, 0.0019358741230760662, 0.006976540794058765, -0.0005000160066979569]","[0.07396456599235535, 0.07358473539352417, 0.07276087999343872, 0.0723138153553009, 0.07388278841972351, 0.07326430082321167]","[0.07396456599235535, 0.07358473539352417, 0.07276087999343872, 0.0723138153553009, 0.07388278841972351, 0.07326430082321167]",0.0,0.0,6.0,6.0,086dfebd71040c3b8512d9e9cc25151dd95fdc19d68b60a3a990f563924cfbbb,086dfebd71040c3b8512d9e9cc25151dd95fdc19d68b60a3a990f563924cfbbb,4.0,0.0,0.0,True,0.0,True,0.0,True,True,True,True
Environment,frozen_closed_loop__Environment,libero_object_env,9,7,5320388,"[[0.07629700005054474, 0.0064883753657341, 0.0007101148366928101, -0.0020011928863823414, 0.0355391800403595, -0.0017222703900188208, -1.0013487339019775], [0.07357209920883179, 0.006670430302619934, 0.0006094202399253845, -0.0026851524598896503, 0.033265918493270874, -0.0020297991577535868, -1.003084421157837], [0.07114235311746597, 0.006085261702537537, -0.0024967454373836517, -0.0027763606049120426, 0.029723837971687317, -0.0023182695731520653, -1.0045504570007324], [0.08337423205375671, 0.0038100779056549072, 0.001034662127494812, -0.002513641258701682, 0.02985343337059021, -0.0020419168286025524, -1.0024422407150269], [0.07525775581598282, 0.0038309767842292786, 0.0012334808707237244, -0.0020998292602598667, 0.03324843943119049, -0.0013149789301678538, -1.0017098188400269], [0.07332567125558853, 0.007313936948776245, 0.0009472668170928955, -0.001955104060471058, 0.032474398612976074, -0.0028797220438718796, -1.0022549629211426]]","[[0.07629700005054474, 0.0064883753657341, 0.0007101148366928101, -0.0020011928863823414, 0.0355391800403595, -0.0017222703900188208, -1.0013487339019775], [0.07357209920883179, 0.006670430302619934, 0.0006094202399253845, -0.0026851524598896503, 0.033265918493270874, -0.0020297991577535868, -1.003084421157837], [0.07114235311746597, 0.006085261702537537, -0.0024967454373836517, -0.0027763606049120426, 0.029723837971687317, -0.0023182695731520653, -1.0045504570007324], [0.08337423205375671, 0.0038100779056549072, 0.001034662127494812, -0.002513641258701682, 0.02985343337059021, -0.0020419168286025524, -1.0024422407150269], [0.07525775581598282, 0.0038309767842292786, 0.0012334808707237244, -0.0020998292602598667, 0.03324843943119049, -0.0013149789301678538, -1.0017098188400269], [0.07332567125558853, 0.007313936948776245, 0.0009472668170928955, -0.001955104060471058, 0.032474398612976074, -0.0028797220438718796, -1.0022549629211426]]","[0.0011340825994410968, 0.0002131794358741272, -0.006351042674572293, 0.0040670640896470905, -0.002906426589356528, 0.0038431431389664874]","[0.0011340825994410968, 0.0002131794358741272, -0.006351042674572293, 0.0040670640896470905, -0.002906426589356528, 0.0038431431389664874]","[0.07330307364463806, 0.07325145602226257, 0.0741230845451355, 0.07291710376739502, 0.07255104184150696, 0.07351541519165039]","[0.07330307364463806, 0.07325145602226257, 0.0741230845451355, 0.07291710376739502, 0.07255104184150696, 0.07351541519165039]",2.0,2.0,6.0,6.0,086dfebd71040c3b8512d9e9cc25151dd95fdc19d68b60a3a990f563924cfbbb,086dfebd71040c3b8512d9e9cc25151dd95fdc19d68b60a3a990f563924cfbbb,3.0,2.0,0.0,True,0.0,True,0.0,True,True,True,True
Environment,frozen_closed_loop__Environment,libero_object_env,9,7,5320485,"[[0.05088530480861664, 0.006080344319343567, -0.003065485507249832, -0.0019496699096634984, 0.02920326590538025, -0.0018584969220682979, -1.0020554065704346], [0.06839297711849213, 0.0066552311182022095, -0.0010547786951065063, -0.002372520277276635, 0.025716036558151245, -0.001715308171696961, -1.0010673999786377], [0.06480161100625992, 0.004867203533649445, -0.0012037530541419983, -0.0026893059257417917, 0.029794424772262573, -0.0014204260660335422, -1.0006434917449951], [0.0654878094792366, 0.005019418895244598, -0.0005685724318027496, -0.002510366030037403, 0.030595779418945312, -0.0021061194129288197, -0.9991159439086914], [0.06666216999292374, 0.007321089506149292, 0.00021189451217651367, -0.0021391119807958603, 0.03448091447353363, -0.0018286430276930332, -1.0036290884017944], [0.06250407546758652, 0.0061410292983055115, -0.0005406886339187622, -0.0029896795749664307, 0.03348943591117859, -0.001636013388633728, -1.0020580291748047]]","[[0.05088530480861664, 0.006080344319343567, -0.003065485507249832, -0.0019496699096634984, 0.02920326590538025, -0.0018584969220682979, -1.0020554065704346], [0.06839297711849213, 0.0066552311182022095, -0.0010547786951065063, -0.002372520277276635, 0.025716036558151245, -0.001715308171696961, -1.0010673999786377], [0.06480161100625992, 0.004867203533649445, -0.0012037530541419983, -0.0026893059257417917, 0.029794424772262573, -0.0014204260660335422, -1.0006434917449951], [0.0654878094792366, 0.005019418895244598, -0.0005685724318027496, -0.002510366030037403, 0.030595779418945312, -0.0021061194129288197, -0.9991159439086914], [0.06666216999292374, 0.007321089506149292, 0.00021189451217651367, -0.0021391119807958603, 0.03448091447353363, -0.0018286430276930332, -1.0036290884017944], [0.06250407546758652, 0.0061410292983055115, -0.0005406886339187622, -0.0029896795749664307, 0.03348943591117859, -0.001636013388633728, -1.0020580291748047]]","[-0.006719778515961803, 0.003784597940210881, -0.005020019069803828, -0.0005640580959268195, 0.004129656921357679, 0.004389600820123822]","[-0.006719778515961803, 0.003784597940210881, -0.005020019069803828, -0.0005640580959268195, 0.004129656921357679, 0.004389600820123822]","[0.07222214341163635, 0.07355594635009766, 0.07282876968383789, 0.07316014170646667, 0.07481470704078674, 0.07459142804145813]","[0.07222214341163635, 0.07355594635009766, 0.07282876968383789, 0.07316014170646667, 0.07481470704078674, 0.07459142804145813]",4.0,4.0,6.0,6.0,086dfebd71040c3b8512d9e9cc25151dd95fdc19d68b60a3a990f563924cfbbb,086dfebd71040c3b8512d9e9cc25151dd95fdc19d68b60a3a990f563924cfbbb,5.0,4.0,0.0,True,0.0,True,0.0,True,True,True,True
Environment,frozen_closed_loop__Environment,libero_object_env,9,7,5320582,"[[0.05084015429019928, 0.010178200900554657, -0.007792767137289047, -0.0020505019929260015, 0.02531719207763672, -0.0011363399680703878, -1.0027756690979004], [0.07205955684185028, 0.0054284557700157166, -0.0021518580615520477, -0.002207321347668767, 0.03174528479576111, -0.0019886645022779703, -1.003095269203186], [0.06194561719894409, 0.00588051974773407, -0.004755109548568726, -0.002162934048101306, 0.026516541838645935, -0.0015699822688475251, -1.0020928382873535], [0.05661774426698685, 0.004841051995754242, -0.001693088561296463, -0.0015057236887514591, 0.026809170842170715, -0.0016904996009543538, -1.0023016929626465], [0.060777515172958374, 0.008327141404151917, -0.0025696121156215668, -0.0019512252183631063, 0.024909093976020813, -0.0016791749512776732, -1.0015963315963745], [0.06913706660270691, 0.0069530680775642395, -0.0015790387988090515, -0.002518508117645979, 0.030488893389701843, -0.0014850031584501266, -1.0037291049957275]]","[[0.05084015429019928, 0.010178200900554657, -0.007792767137289047, -0.0020505019929260015, 0.02531719207763672, -0.0011363399680703878, -1.0027756690979004], [0.07205955684185028, 0.0054284557700157166, -0.0021518580615520477, -0.002207321347668767, 0.03174528479576111, -0.0019886645022779703, -1.003095269203186], [0.06194561719894409, 0.00588051974773407, -0.004755109548568726, -0.002162934048101306, 0.026516541838645935, -0.0015699822688475251, -1.0020928382873535], [0.05661774426698685, 0.004841051995754242, -0.001693088561296463, -0.0015057236887514591, 0.026809170842170715, -0.0016904996009543538, -1.0023016929626465], [0.060777515172958374, 0.008327141404151917, -0.0025696121156215668, -0.0019512252183631063, 0.024909093976020813, -0.0016791749512776732, -1.0015963315963745], [0.06913706660270691, 0.0069530680775642395, -0.0015790387988090515, -0.002518508117645979, 0.030488893389701843, -0.0014850031584501266, -1.0037291049957275]]","[-0.004331958225035199, 0.0020328807721920507, 0.00242210793629335, 0.002812309393392852, -0.0019517755644484324, -0.000983564312394696]","[-0.004331958225035199, 0.0020328807721920507, 0.00242210793629335, 0.002812309393392852, -0.0019517755644484324, -0.000983564312394696]","[0.07308343052864075, 0.07328382134437561, 0.07383698225021362, 0.07360905408859253, 0.07359728217124939, 0.07319718599319458]","[0.07308343052864075, 0.07328382134437561, 0.07383698225021362, 0.07360905408859253, 0.07359728217124939, 0.07319718599319458]",2.0,2.0,6.0,6.0,086dfebd71040c3b8512d9e9cc25151dd95fdc19d68b60a3a990f563924cfbbb,086dfebd71040c3b8512d9e9cc25151dd95fdc19d68b60a3a990f563924cfbbb,3.0,2.0,0.0,True,0.0,True,0.0,True,True,True,True
Environment,frozen_closed_loop__Environment,libero_object_env,9,7,5320679,"[[0.06919875741004944, 0.006711222231388092, -0.003300849348306656, -0.002189299091696739, 0.030897125601768494, -0.0008128818008117378, -1.0022025108337402], [0.07194399833679199, 0.0030555948615074158, -0.003018602728843689, -0.002738358685746789, 0.029360130429267883, -0.001509921858087182, -1.0008199214935303], [0.07050465792417526, 0.004761815071105957, -0.002430640161037445, -0.002466875361278653, 0.030279681086540222, -0.002128173829987645, -1.0020167827606201], [0.07103215903043747, 0.007310248911380768, -0.00202864408493042, -0.0019093079026788473, 0.030604228377342224, -0.0020390967838466167, -1.0025919675827026], [0.06801903247833252, 0.007414184510707855, -9.063631296157837e-05, -0.002550197532400489, 0.033896416425704956, -0.0010351670207455754, -1.0032278299331665], [0.06601095199584961, 0.004424303770065308, 0.00033449381589889526, -0.0023742951452732086, 0.03004266321659088, -0.0015695856418460608, -1.0009922981262207]]","[[0.06919875741004944, 0.006711222231388092, -0.003300849348306656, -0.002189299091696739, 0.030897125601768494, -0.0008128818008117378, -1.0022025108337402], [0.07194399833679199, 0.0030555948615074158, -0.003018602728843689, -0.002738358685746789, 0.029360130429267883, -0.001509921858087182, -1.0008199214935303], [0.07050465792417526, 0.004761815071105957, -0.002430640161037445, -0.002466875361278653, 0.030279681086540222, -0.002128173829987645, -1.0020167827606201], [0.07103215903043747, 0.007310248911380768, -0.00202864408493042, -0.0019093079026788473, 0.030604228377342224, -0.0020390967838466167, -1.0025919675827026], [0.06801903247833252, 0.007414184510707855, -9.063631296157837e-05, -0.002550197532400489, 0.033896416425704956, -0.0010351670207455754, -1.0032278299331665], [0.06601095199584961, 0.004424303770065308, 0.00033449381589889526, -0.0023742951452732086, 0.03004266321659088, -0.0015695856418460608, -1.0009922981262207]]","[-0.004090628572876579, -0.0014047331393927873, -0.00011000004944696894, 0.002640477859972884, -0.0021746189874037288, 0.005139502889147229]","[-0.004090628572876579, -0.0014047331393927873, -0.00011000004944696894, 0.002640477859972884, -0.0021746189874037288, 0.005139502889147229]","[0.07327145338058472, 0.0729202926158905, 0.07306277751922607, 0.07345238327980042, 0.0719933807849884, 0.0735846757888794]","[0.07327145338058472, 0.0729202926158905, 0.07306277751922607, 0.07345238327980042, 0.0719933807849884, 0.0735846757888794]",5.0,5.0,6.0,6.0,086dfebd71040c3b8512d9e9cc25151dd95fdc19d68b60a3a990f563924cfbbb,086dfebd71040c3b8512d9e9cc25151dd95fdc19d68b60a3a990f563924cfbbb,5.0,5.0,0.0,True,0.0,True,0.0,True,True,True,False
Environment,frozen_closed_loop__Environment,libero_object_env,9,8,5330000,"[[0.034411512315273285, 0.00029090791940689087, -0.005334969609975815, -0.0017455725464969873, 0.023711711168289185, -0.0010131566086784005, -1.0007137060165405], [0.0452287495136261, 0.005129948258399963, -0.004303213208913803, -0.002217237837612629, 0.021132051944732666, -0.0015606405213475227, -0.9984636902809143], [0.037506669759750366, 0.002758987247943878, -0.005864594131708145, -0.0025656032375991344, 0.0183267742395401, -0.0017652115784585476, -1.0002886056900024], [0.03644920885562897, 0.002610906958580017, -0.0055750831961631775, -0.0025546986144036055, 0.024034157395362854, -0.0006486520869657397, -0.9998331665992737], [0.030509568750858307, 0.008068084716796875, -0.0043734535574913025, -0.002012317068874836, 0.02162495255470276, -0.0006962200859561563, -1.001437783241272], [0.048641636967659, 0.00535815954208374, -0.0045599788427352905, -0.002117082942277193, 0.024858221411705017, -0.0010586094576865435, -1.00014066696167]]","[[0.034411512315273285, 0.00029090791940689087, -0.005334969609975815, -0.0017455725464969873, 0.023711711168289185, -0.0010131566086784005, -1.0007137060165405], [0.0452287495136261, 0.005129948258399963, -0.004303213208913803, -0.002217237837612629, 0.021132051944732666, -0.0015606405213475227, -0.9984636902809143], [0.037506669759750366, 0.002758987247943878, -0.005864594131708145, -0.0025656032375991344, 0.0183267742395401, -0.0017652115784585476, -1.0002886056900024], [0.03644920885562897, 0.002610906958580017, -0.0055750831961631775, -0.0025546986144036055, 0.024034157395362854, -0.0006486520869657397, -0.9998331665992737], [0.030509568750858307, 0.008068084716796875, -0.0043734535574913025, -0.002012317068874836, 0.02162495255470276, -0.0006962200859561563, -1.001437783241272], [0.048641636967659, 0.00535815954208374, -0.0045599788427352905, -0.002117082942277193, 0.024858221411705017, -0.0010586094576865435, -1.00014066696167]]","[0.005103693477690335, 0.004817136179462923, 0.001061970088287759, -0.006017559479306322, -0.005726504463207809, 0.0007612641970733563]","[0.005103693477690335, 0.004817136179462923, 0.001061970088287759, -0.006017559479306322, -0.005726504463207809, 0.0007612641970733563]","[0.08482512831687927, 0.08480134606361389, 0.08395367860794067, 0.08247503638267517, 0.08333316445350647, 0.08373117446899414]","[0.08482512831687927, 0.08480134606361389, 0.08395367860794067, 0.08247503638267517, 0.08333316445350647, 0.08373117446899414]",0.0,0.0,6.0,6.0,086dfebd71040c3b8512d9e9cc25151dd95fdc19d68b60a3a990f563924cfbbb,086dfebd71040c3b8512d9e9cc25151dd95fdc19d68b60a3a990f563924cfbbb,0.0,0.0,0.0,True,0.0,True,0.0,True,True,True,False
Environment,frozen_closed_loop__Environment,libero_object_env,9,8,5330097,"[[0.04448063671588898, 0.005600675940513611, -0.0006509386003017426, -0.002150053158402443, 0.02495366334915161, -0.0009522369364276528, -0.998741626739502], [0.0324925035238266, 0.007082037627696991, -0.005836207419633865, -0.0022671325132250786, 0.023745819926261902, -0.0014776884345337749, -1.0013211965560913], [0.029091686010360718, 0.003074929118156433, -0.004397034645080566, -0.0018898037960752845, 0.022573426365852356, -0.0018881745636463165, -0.9997838139533997], [0.04078209400177002, 0.001291707158088684, -0.004062484949827194, -0.0022626498248428106, 0.02012944221496582, -0.000952964008320123, -1.0014091730117798], [0.03234252333641052, 0.009938590228557587, -0.004013366997241974, -0.002355888718739152, 0.019699349999427795, -0.001403681468218565, -1.000240683555603], [0.046431832015514374, 0.004700012505054474, -0.005601402372121811, -0.001895146444439888, 0.024579718708992004, -0.00113715510815382, -0.9980404376983643]]","[[0.04448063671588898, 0.005600675940513611, -0.0006509386003017426, -0.002150053158402443, 0.02495366334915161, -0.0009522369364276528, -0.998741626739502], [0.0324925035238266, 0.007082037627696991, -0.005836207419633865, -0.0022671325132250786, 0.023745819926261902, -0.0014776884345337749, -1.0013211965560913], [0.029091686010360718, 0.003074929118156433, -0.004397034645080566, -0.0018898037960752845, 0.022573426365852356, -0.0018881745636463165, -0.9997838139533997], [0.04078209400177002, 0.001291707158088684, -0.004062484949827194, -0.0022626498248428106, 0.02012944221496582, -0.000952964008320123, -1.0014091730117798], [0.03234252333641052, 0.009938590228557587, -0.004013366997241974, -0.002355888718739152, 0.019699349999427795, -0.001403681468218565, -1.000240683555603], [0.046431832015514374, 0.004700012505054474, -0.005601402372121811, -0.001895146444439888, 0.024579718708992004, -0.00113715510815382, -0.9980404376983643]]","[0.0005445172603617096, 0.0014720063432951025, 0.0007127889779798863, 0.002282477373794771, -0.008059146567827816, 0.003047356612396248]","[0.0005445172603617096, 0.0014720063432951025, 0.0007127889779798863, 0.002282477373794771, -0.008059146567827816, 0.003047356612396248]","[0.08452236652374268, 0.08304354548454285, 0.08428511023521423, 0.08341637253761292, 0.08423832058906555, 0.0839407742023468]","[0.08452236652374268, 0.08304354548454285, 0.08428511023521423, 0.08341637253761292, 0.08423832058906555, 0.0839407742023468]",0.0,0.0,6.0,6.0,086dfebd71040c3b8512d9e9cc25151dd95fdc19d68b60a3a990f563924cfbbb,086dfebd71040c3b8512d9e9cc25151dd95fdc19d68b60a3a990f563924cfbbb,5.0,0.0,0.0,True,0.0,True,0.0,True,True,True,True
Environment,frozen_closed_loop__Environment,libero_object_env,9,8,5330194,"[[0.033838413655757904, 0.007901452481746674, -0.004990417510271072, -0.002211968647316098, 0.016532689332962036, -0.0007850108086131513, -0.9991057515144348], [0.0437714159488678, 0.009300671517848969, -0.004017725586891174, -0.0020546186715364456, 0.020472317934036255, -0.001254940521903336, -0.9984638690948486], [0.04156753420829773, 0.005441978573799133, -0.006068218499422073, -0.002250629011541605, 0.0217321515083313, -0.0006121002370491624, -0.9998290538787842], [0.036827847361564636, 0.004943534731864929, -0.004980023950338364, -0.002280269283801317, 0.023955434560775757, -0.0015128521481528878, -1.0007370710372925], [0.04698213189840317, 0.0035941600799560547, -0.0029152818024158478, -0.002369135385379195, 0.02196979522705078, -0.0013619079254567623, -0.9983676671981812], [0.036113373935222626, 0.0024106353521347046, -0.010506324470043182, -0.002254910534247756, 0.02286095917224884, -0.0005926896701566875, -0.9978362917900085]]","[[0.033838413655757904, 0.007901452481746674, -0.004990417510271072, -0.002211968647316098, 0.016532689332962036, -0.0007850108086131513, -0.9991057515144348], [0.0437714159488678, 0.009300671517848969, -0.004017725586891174, -0.0020546186715364456, 0.020472317934036255, -0.001254940521903336, -0.9984638690948486], [0.04156753420829773, 0.005441978573799133, -0.006068218499422073, -0.002250629011541605, 0.0217321515083313, -0.0006121002370491624, -0.9998290538787842], [0.036827847361564636, 0.004943534731864929, -0.004980023950338364, -0.002280269283801317, 0.023955434560775757, -0.0015128521481528878, -1.0007370710372925], [0.04698213189840317, 0.0035941600799560547, -0.0029152818024158478, -0.002369135385379195, 0.02196979522705078, -0.0013619079254567623, -0.9983676671981812], [0.036113373935222626, 0.0024106353521347046, -0.010506324470043182, -0.002254910534247756, 0.02286095917224884, -0.0005926896701566875, -0.9978362917900085]]","[-0.008387535995502076, -0.0030283284173369604, 0.004787086868601501, 0.0034785780398520496, 0.0018972304559287316, 0.0012529690484569332]","[-0.008387535995502076, -0.0030283284173369604, 0.004787086868601501, 0.0034785780398520496, 0.0018972304559287316, 0.0012529690484569332]","[0.08327251672744751, 0.08335241675376892, 0.08424875140190125, 0.08392751216888428, 0.08366051316261292, 0.08397302031517029]","[0.08327251672744751, 0.08335241675376892, 0.08424875140190125, 0.08392751216888428, 0.08366051316261292, 0.08397302031517029]",2.0,2.0,6.0,6.0,086dfebd71040c3b8512d9e9cc25151dd95fdc19d68b60a3a990f563924cfbbb,086dfebd71040c3b8512d9e9cc25151dd95fdc19d68b60a3a990f563924cfbbb,2.0,2.0,0.0,True,0.0,True,0.0,True,True,True,False
Environment,frozen_closed_loop__Environment,libero_object_env,9,8,5330291,"[[0.03494381904602051, 0.005115419626235962, -0.006133764982223511, -0.0024778349325060844, 0.022613704204559326, -0.001697417814284563, -0.9989984631538391], [0.034098364412784576, 0.00794481486082077, -0.005530323833227158, -0.0019698510877788067, 0.023615553975105286, -0.0015382334822788835, -1.001492977142334], [0.04115581512451172, 0.0028645992279052734, -0.006049834191799164, -0.0023476919159293175, 0.02045358717441559, -0.0011824538232758641, -0.9998860955238342], [0.039790235459804535, 0.005999766290187836, -0.004463866353034973, -0.0025153611786663532, 0.02530364692211151, -0.0011293336283415556, -0.998644232749939], [0.03954257816076279, 0.0063158199191093445, -0.0030017271637916565, -0.0026392831932753325, 0.02432897686958313, -0.0018363322596997023, -1.0004571676254272], [0.05104679614305496, 0.0013081356883049011, -0.0031216442584991455, -0.0023707456421107054, 0.021327629685401917, -0.0016440112376585603, -0.9990001916885376]]","[[0.03494381904602051, 0.005115419626235962, -0.006133764982223511, -0.0024778349325060844, 0.022613704204559326, -0.001697417814284563, -0.9989984631538391], [0.034098364412784576, 0.00794481486082077, -0.005530323833227158, -0.0019698510877788067, 0.023615553975105286, -0.0015382334822788835, -1.001492977142334], [0.04115581512451172, 0.0028645992279052734, -0.006049834191799164, -0.0023476919159293175, 0.02045358717441559, -0.0011824538232758641, -0.9998860955238342], [0.039790235459804535, 0.005999766290187836, -0.004463866353034973, -0.0025153611786663532, 0.02530364692211151, -0.0011293336283415556, -0.998644232749939], [0.03954257816076279, 0.0063158199191093445, -0.0030017271637916565, -0.0026392831932753325, 0.02432897686958313, -0.0018363322596997023, -1.0004571676254272], [0.05104679614305496, 0.0013081356883049011, -0.0031216442584991455, -0.0023707456421107054, 0.021327629685401917, -0.0016440112376585603, -0.9990001916885376]]","[-0.0009602642527004501, -0.0045597818288730845, 0.002517305709196558, -0.0037027944380841, 0.007905003822674908, -0.001199469012213807]","[-0.0009602642527004501, -0.0045597818288730845, 0.002517305709196558, -0.0037027944380841, 0.007905003822674908, -0.001199469012213807]","[0.08302927017211914, 0.08293494582176208, 0.08383676409721375, 0.08376249670982361, 0.08433577418327332, 0.08387699723243713]","[0.08302927017211914, 0.08293494582176208, 0.08383676409721375, 0.08376249670982361, 0.08433577418327332, 0.08387699723243713]",4.0,4.0,6.0,6.0,086dfebd71040c3b8512d9e9cc25151dd95fdc19d68b60a3a990f563924cfbbb,086dfebd71040c3b8512d9e9cc25151dd95fdc19d68b60a3a990f563924cfbbb,4.0,4.0,0.0,True,0.0,True,0.0,True,True,True,False
Environment,frozen_closed_loop__Environment,libero_object_env,9,8,5330388,"[[0.03769800066947937, 0.007553547620773315, -0.007783267647027969, -0.002274231519550085, 0.02507476508617401, -0.0014255376299843192, -0.9990032911300659], [0.03970898687839508, 0.0034878775477409363, -0.005059652030467987, -0.0028676053043454885, 0.022600695490837097, -0.0018292599124833941, -1.000422477722168], [0.03875982016324997, 0.005537867546081543, -0.006903111934661865, -0.002528662560507655, 0.023147061467170715, -0.0010836604051291943, -0.9998599886894226], [0.04814308136701584, 0.007631778717041016, -0.005425773561000824, -0.0017416022019460797, 0.02207230031490326, -0.0008325788076035678, -0.9998197555541992], [0.050224028527736664, 0.005198121070861816, -0.004341714084148407, -0.0022401269525289536, 0.01994280517101288, -0.001374862971715629, -1.00209379196167], [0.04834424704313278, 0.0020962581038475037, -0.003999341279268265, -0.0027386515866965055, 0.01920667290687561, -0.0009278470533899963, -0.9990256428718567]]","[[0.03769800066947937, 0.007553547620773315, -0.007783267647027969, -0.002274231519550085, 0.02507476508617401, -0.0014255376299843192, -0.9990032911300659], [0.03970898687839508, 0.0034878775477409363, -0.005059652030467987, -0.0028676053043454885, 0.022600695490837097, -0.0018292599124833941, -1.000422477722168], [0.03875982016324997, 0.005537867546081543, -0.006903111934661865, -0.002528662560507655, 0.023147061467170715, -0.0010836604051291943, -0.9998599886894226], [0.04814308136701584, 0.007631778717041016, -0.005425773561000824, -0.0017416022019460797, 0.02207230031490326, -0.0008325788076035678, -0.9998197555541992], [0.050224028527736664, 0.005198121070861816, -0.004341714084148407, -0.0022401269525289536, 0.01994280517101288, -0.001374862971715629, -1.00209379196167], [0.04834424704313278, 0.0020962581038475037, -0.003999341279268265, -0.0027386515866965055, 0.01920667290687561, -0.0009278470533899963, -0.9990256428718567]]","[-0.004741443508743329, -0.0012272318681183303, -0.0010860154041984619, -0.0005166153245795186, 0.0005270260492273881, 0.007044280056412205]","[-0.004741443508743329, -0.0012272318681183303, -0.0010860154041984619, -0.0005166153245795186, 0.0005270260492273881, 0.007044280056412205]","[0.08387231826782227, 0.08432513475418091, 0.0846189558506012, 0.08456185460090637, 0.08321693539619446, 0.08517482876777649]","[0.08387231826782227, 0.08432513475418091, 0.0846189558506012, 0.08456185460090637, 0.08321693539619446, 0.08517482876777649]",5.0,5.0,6.0,6.0,086dfebd71040c3b8512d9e9cc25151dd95fdc19d68b60a3a990f563924cfbbb,086dfebd71040c3b8512d9e9cc25151dd95fdc19d68b60a3a990f563924cfbbb,5.0,5.0,0.0,True,0.0,True,0.0,True,True,True,False
Environment,frozen_closed_loop__Environment,libero_object_env,9,8,5330485,"[[0.04209514707326889, 0.006005465984344482, -0.004558134824037552, -0.001808768603950739, 0.02458593249320984, -0.001350076519884169, -1.0008057355880737], [0.03580223768949509, 0.007333941757678986, -0.0046439096331596375, -0.002089455258101225, 0.023808583617210388, -0.0020840868819504976, -1.0008471012115479], [0.04276402294635773, 0.009843036532402039, -0.0027056224644184113, -0.0018177888123318553, 0.020801246166229248, -0.0014673551777377725, -1.0011513233184814], [0.03258492797613144, 0.008360445499420166, -0.00504612922668457, -0.0021750829182565212, 0.02360755205154419, -0.0012722138781100512, -0.9992542862892151], [0.04125427454710007, 0.003550797700881958, -0.0027727335691452026, -0.002757936017587781, 0.023399367928504944, -0.0008639750303700566, -0.9989995956420898], [0.044398270547389984, 0.00731930136680603, -0.0054426491260528564, -0.0020006257109344006, 0.023361817002296448, -0.0009291028836742043, -0.9981099367141724]]","[[0.04209514707326889, 0.006005465984344482, -0.004558134824037552, -0.001808768603950739, 0.02458593249320984, -0.001350076519884169, -1.0008057355880737], [0.03580223768949509, 0.007333941757678986, -0.0046439096331596375, -0.002089455258101225, 0.023808583617210388, -0.0020840868819504976, -1.0008471012115479], [0.04276402294635773, 0.009843036532402039, -0.0027056224644184113, -0.0018177888123318553, 0.020801246166229248, -0.0014673551777377725, -1.0011513233184814], [0.03258492797613144, 0.008360445499420166, -0.00504612922668457, -0.0021750829182565212, 0.02360755205154419, -0.0012722138781100512, -0.9992542862892151], [0.04125427454710007, 0.003550797700881958, -0.0027727335691452026, -0.002757936017587781, 0.023399367928504944, -0.0008639750303700566, -0.9989995956420898], [0.044398270547389984, 0.00731930136680603, -0.0054426491260528564, -0.0020006257109344006, 0.023361817002296448, -0.0009291028836742043, -0.9981099367141724]]","[0.0027918438389877747, 0.0001917832875312518, 0.004406675254002216, -0.0023172633755857317, 0.00030756335210023857, -0.0053806023570358835]","[0.0027918438389877747, 0.0001917832875312518, 0.004406675254002216, -0.0023172633755857317, 0.00030756335210023857, -0.0053806023570358835]","[0.08248072862625122, 0.08464458584785461, 0.08345359563827515, 0.08339115977287292, 0.08336600661277771, 0.08305865526199341]","[0.08248072862625122, 0.08464458584785461, 0.08345359563827515, 0.08339115977287292, 0.08336600661277771, 0.08305865526199341]",1.0,1.0,6.0,6.0,086dfebd71040c3b8512d9e9cc25151dd95fdc19d68b60a3a990f563924cfbbb,086dfebd71040c3b8512d9e9cc25151dd95fdc19d68b60a3a990f563924cfbbb,2.0,1.0,0.0,True,0.0,True,0.0,True,True,True,True
Environment,frozen_closed_loop__Environment,libero_object_env,9,8,5330582,"[[0.03565371036529541, 0.003865845501422882, -0.003761686384677887, -0.002158652525395155, 0.025878801941871643, -0.001214026240631938, -0.998779833316803], [0.03405611962080002, 0.008328929543495178, -0.0051549822092056274, -0.00224091368727386, 0.020050808787345886, -0.001418531290255487, -0.9995004534721375], [0.04818342626094818, 0.006035640835762024, -0.005794409662485123, -0.0020389019045978785, 0.020447641611099243, -0.001484496402554214, -0.9997589588165283], [0.04212465137243271, 0.005054064095020294, -0.005448739975690842, -0.0025824178010225296, 0.023829370737075806, -0.0017741346964612603, -0.9983759522438049], [0.048947855830192566, 0.0023167580366134644, -0.0022662989795207977, -0.002271761419251561, 0.02542814612388611, -0.0015022545121610165, -1.00138258934021], [0.03503166139125824, 0.00418737530708313, -0.003574937582015991, -0.001942186732776463, 0.021821871399879456, -0.0009042943711392581, -0.9977148771286011]]","[[0.03565371036529541, 0.003865845501422882, -0.003761686384677887, -0.002158652525395155, 0.025878801941871643, -0.001214026240631938, -0.998779833316803], [0.03405611962080002, 0.008328929543495178, -0.0051549822092056274, -0.00224091368727386, 0.020050808787345886, -0.001418531290255487, -0.9995004534721375], [0.04818342626094818, 0.006035640835762024, -0.005794409662485123, -0.0020389019045978785, 0.020447641611099243, -0.001484496402554214, -0.9997589588165283], [0.04212465137243271, 0.005054064095020294, -0.005448739975690842, -0.0025824178010225296, 0.023829370737075806, -0.0017741346964612603, -0.9983759522438049], [0.048947855830192566, 0.0023167580366134644, -0.0022662989795207977, -0.002271761419251561, 0.02542814612388611, -0.0015022545121610165, -1.00138258934021], [0.03503166139125824, 0.00418737530708313, -0.003574937582015991, -0.001942186732776463, 0.021821871399879456, -0.0009042943711392581, -0.9977148771286011]]","[-0.003656283896206877, -0.0055669499182535494, -0.0011887965368618135, 0.005693760608916323, 0.0027779107585784533, 0.0019403589838273038]","[-0.003656283896206877, -0.0055669499182535494, -0.0011887965368618135, 0.005693760608916323, 0.0027779107585784533, 0.0019403589838273038]","[0.08226722478866577, 0.08360657095909119, 0.08338496088981628, 0.08504441380500793, 0.08323618769645691, 0.08396017551422119]","[0.08226722478866577, 0.08360657095909119, 0.08338496088981628, 0.08504441380500793, 0.08323618769645691, 0.08396017551422119]",3.0,3.0,6.0,6.0,086dfebd71040c3b8512d9e9cc25151dd95fdc19d68b60a3a990f563924cfbbb,086dfebd71040c3b8512d9e9cc25151dd95fdc19d68b60a3a990f563924cfbbb,3.0,3.0,0.0,True,0.0,True,0.0,True,True,True,False
Environment,frozen_closed_loop__Environment,libero_object_env,9,8,5330679,"[[0.039058998227119446, 0.010741464793682098, -0.005455613136291504, -0.0026087830774486065, 0.02410063147544861, -0.0008347159600816667, -0.9994322061538696], [0.03627229481935501, 0.005075857043266296, -0.00440552830696106, -0.0024961314629763365, 0.02301017940044403, -0.0006853580707684159, -1.0017445087432861], [0.027558021247386932, 0.0057820603251457214, -0.003487151116132736, -0.0018231862923130393, 0.023084789514541626, -0.0014349013799801469, -0.9986610412597656], [0.036228932440280914, 0.0028120726346969604, -0.005080215632915497, -0.0020879183430224657, 0.020464807748794556, -0.0011859128717333078, -0.9992187023162842], [0.04198182374238968, 0.004104115068912506, -0.005108937621116638, -0.0018879375420510769, 0.02325551211833954, -0.0020008704159408808, -0.9984265565872192], [0.03934420645236969, 0.005129165947437286, -0.0037415698170661926, -0.0026201633736491203, 0.023416176438331604, -0.0009074449772015214, -0.9999496340751648]]","[[0.039058998227119446, 0.010741464793682098, -0.005455613136291504, -0.0026087830774486065, 0.02410063147544861, -0.0008347159600816667, -0.9994322061538696], [0.03627229481935501, 0.005075857043266296, -0.00440552830696106, -0.0024961314629763365, 0.02301017940044403, -0.0006853580707684159, -1.0017445087432861], [0.027558021247386932, 0.0057820603251457214, -0.003487151116132736, -0.0018231862923130393, 0.023084789514541626, -0.0014349013799801469, -0.9986610412597656], [0.036228932440280914, 0.0028120726346969604, -0.005080215632915497, -0.0020879183430224657, 0.020464807748794556, -0.0011859128717333078, -0.9992187023162842], [0.04198182374238968, 0.004104115068912506, -0.005108937621116638, -0.0018879375420510769, 0.02325551211833954, -0.0020008704159408808, -0.9984265565872192], [0.03934420645236969, 0.005129165947437286, -0.0037415698170661926, -0.0026201633736491203, 0.023416176438331604, -0.0009074449772015214, -0.9999496340751648]]","[-0.0009060492596567182, 0.0012097419902566678, -0.0011275610247972955, -0.0037885141159647883, 0.007131447543315605, -0.0025190651331534817]","[-0.0009060492596567182, 0.0012097419902566678, -0.0011275610247972955, -0.0037885141159647883, 0.007131447543315605, -0.0025190651331534817]","[0.08340385556221008, 0.08398017287254333, 0.08465328812599182, 0.082867830991745, 0.08411777019500732, 0.0827462375164032]","[0.08340385556221008, 0.08398017287254333, 0.08465328812599182, 0.082867830991745, 0.08411777019500732, 0.0827462375164032]",2.0,2.0,6.0,6.0,086dfebd71040c3b8512d9e9cc25151dd95fdc19d68b60a3a990f563924cfbbb,086dfebd71040c3b8512d9e9cc25151dd95fdc19d68b60a3a990f563924cfbbb,4.0,2.0,0.0,True,0.0,True,0.0,True,True,True,True
Environment,frozen_closed_loop__Environment,libero_object_env,9,9,5340000,"[[0.08817918598651886, -0.009892601519823074, -0.0006965361535549164, -0.0014828165294602513, 0.03730751574039459, -0.007176222279667854, -0.9995284080505371], [0.07180105894804001, -0.002076365053653717, -0.00010220333933830261, -0.0012549336533993483, 0.0294816792011261, -0.00571769755333662, -1.000706434249878], [0.09905286133289337, -0.012005902826786041, 0.0012931600213050842, -0.001718786428682506, 0.031234949827194214, -0.010254571214318275, -1.0024237632751465], [0.08964043110609055, -0.01179395243525505, 6.314367055892944e-05, -0.0018211737042292953, 0.03109051287174225, -0.007197659928351641, -1.001096487045288], [0.09826675057411194, -0.020325277000665665, -0.00040663406252861023, -0.0019934901501983404, 0.030654296278953552, -0.005797278601676226, -1.0017818212509155], [0.09660981595516205, -0.008181966841220856, 0.0027988851070404053, -0.0020471536554396152, 0.033553630113601685, -0.007303569931536913, -1.0017571449279785]]","[[0.08817918598651886, -0.009892601519823074, -0.0006965361535549164, -0.0014828165294602513, 0.03730751574039459, -0.007176222279667854, -0.9995284080505371], [0.07180105894804001, -0.002076365053653717, -0.00010220333933830261, -0.0012549336533993483, 0.0294816792011261, -0.00571769755333662, -1.000706434249878], [0.09905286133289337, -0.012005902826786041, 0.0012931600213050842, -0.001718786428682506, 0.031234949827194214, -0.010254571214318275, -1.0024237632751465], [0.08964043110609055, -0.01179395243525505, 6.314367055892944e-05, -0.0018211737042292953, 0.03109051287174225, -0.007197659928351641, -1.001096487045288], [0.09826675057411194, -0.020325277000665665, -0.00040663406252861023, -0.0019934901501983404, 0.030654296278953552, -0.005797278601676226, -1.0017818212509155], [0.09660981595516205, -0.008181966841220856, 0.0027988851070404053, -0.0020471536554396152, 0.033553630113601685, -0.007303569931536913, -1.0017571449279785]]","[0.00042404286119205285, -0.0023753460691106837, 0.0011393979575918007, 9.351265748616146e-06, -0.00016112027044123142, 0.0009636742550193397]","[0.00042404286119205285, -0.0023753460691106837, 0.0011393979575918007, 9.351265748616146e-06, -0.00016112027044123142, 0.0009636742550193397]","[0.09874787926673889, 0.10078439116477966, 0.08862769603729248, 0.10745415091514587, 0.0887213945388794, 0.09238147735595703]","[0.09874787926673889, 0.10078439116477966, 0.08862769603729248, 0.10745415091514587, 0.0887213945388794, 0.09238147735595703]",3.0,3.0,6.0,6.0,086dfebd71040c3b8512d9e9cc25151dd95fdc19d68b60a3a990f563924cfbbb,086dfebd71040c3b8512d9e9cc25151dd95fdc19d68b60a3a990f563924cfbbb,2.0,3.0,0.0,True,0.0,True,0.0,True,True,True,True
Environment,frozen_closed_loop__Environment,libero_object_env,9,9,5340097,"[[0.12021750211715698, -0.009494852274656296, 0.001809149980545044, -0.0017618198180571198, 0.036292970180511475, -0.008367229253053665, -0.9992698431015015], [0.09832687675952911, -0.011438392102718353, -0.0001337192952632904, -0.0015289420261979103, 0.027707800269126892, -0.0034996485337615013, -1.0040746927261353], [0.11580526828765869, -0.015580952167510986, -0.0018641352653503418, -0.0018634202424436808, 0.031207993626594543, -0.009761177003383636, -1.001875400543213], [0.11626705527305603, -0.014603286981582642, 0.0003719329833984375, -0.0018935545813292265, 0.032625943422317505, -0.006697501987218857, -1.0039567947387695], [0.07795695215463638, -0.0030644796788692474, -0.00048726797103881836, -0.001753751072101295, 0.02157224714756012, -0.005796793848276138, -1.000130534172058], [0.10726612061262131, -0.018319375813007355, 0.00044737011194229126, -0.0018632006831467152, 0.03552594780921936, -0.009695256128907204, -1.0026941299438477]]","[[0.12021750211715698, -0.009494852274656296, 0.001809149980545044, -0.0017618198180571198, 0.036292970180511475, -0.008367229253053665, -0.9992698431015015], [0.09832687675952911, -0.011438392102718353, -0.0001337192952632904, -0.0015289420261979103, 0.027707800269126892, -0.0034996485337615013, -1.0040746927261353], [0.11580526828765869, -0.015580952167510986, -0.0018641352653503418, -0.0018634202424436808, 0.031207993626594543, -0.009761177003383636, -1.001875400543213], [0.11626705527305603, -0.014603286981582642, 0.0003719329833984375, -0.0018935545813292265, 0.032625943422317505, -0.006697501987218857, -1.0039567947387695], [0.07795695215463638, -0.0030644796788692474, -0.00048726797103881836, -0.001753751072101295, 0.02157224714756012, -0.005796793848276138, -1.000130534172058], [0.10726612061262131, -0.018319375813007355, 0.00044737011194229126, -0.0018632006831467152, 0.03552594780921936, -0.009695256128907204, -1.0026941299438477]]","[0.0009691186427564797, 0.0015407927134591611, -0.0023447561235506193, 0.008512654814097973, -0.005649951502620701, -0.0030278585441422825]","[0.0009691186427564797, 0.0015407927134591611, -0.0023447561235506193, 0.008512654814097973, -0.005649951502620701, -0.0030278585441422825]","[0.09534251689910889, 0.10040751099586487, 0.09457340836524963, 0.09846574068069458, 0.0951848030090332, 0.08934465050697327]","[0.09534251689910889, 0.10040751099586487, 0.09457340836524963, 0.09846574068069458, 0.0951848030090332, 0.08934465050697327]",1.0,1.0,6.0,6.0,086dfebd71040c3b8512d9e9cc25151dd95fdc19d68b60a3a990f563924cfbbb,086dfebd71040c3b8512d9e9cc25151dd95fdc19d68b60a3a990f563924cfbbb,3.0,1.0,0.0,True,0.0,True,0.0,True,True,True,True
Environment,frozen_closed_loop__Environment,libero_object_env,9,9,5340194,"[[0.07598619908094406, -0.0072219595313072205, -0.0019168853759765625, -0.0017508602468296885, 0.025481969118118286, -0.004154518712311983, -1.0021933317184448], [0.1016860082745552, -0.00938214361667633, 0.0003462284803390503, -0.0015347969019785523, 0.03294682502746582, -0.008796487003564835, -0.9995959997177124], [0.1348748803138733, -0.01528177410364151, 0.0013710558414459229, -0.0018052191007882357, 0.031171604990959167, -0.008065671660006046, -1.0011155605316162], [0.0877082347869873, -0.0021918118000030518, -0.001796521246433258, -0.0018347313161939383, 0.03430536389350891, -0.0076322718523442745, -0.9991732239723206], [0.09311780333518982, -0.003084372729063034, -0.0021278299391269684, -0.0017858064966276288, 0.03448788821697235, -0.004538610111922026, -1.0006952285766602], [0.11125031858682632, -0.003126673400402069, 0.002725571393966675, -0.0017862638924270868, 0.0340438038110733, -0.009982889518141747, -0.9985443949699402]]","[[0.07598619908094406, -0.0072219595313072205, -0.0019168853759765625, -0.0017508602468296885, 0.025481969118118286, -0.004154518712311983, -1.0021933317184448], [0.1016860082745552, -0.00938214361667633, 0.0003462284803390503, -0.0015347969019785523, 0.03294682502746582, -0.008796487003564835, -0.9995959997177124], [0.1348748803138733, -0.01528177410364151, 0.0013710558414459229, -0.0018052191007882357, 0.031171604990959167, -0.008065671660006046, -1.0011155605316162], [0.0877082347869873, -0.0021918118000030518, -0.001796521246433258, -0.0018347313161939383, 0.03430536389350891, -0.0076322718523442745, -0.9991732239723206], [0.09311780333518982, -0.003084372729063034, -0.0021278299391269684, -0.0017858064966276288, 0.03448788821697235, -0.004538610111922026, -1.0006952285766602], [0.11125031858682632, -0.003126673400402069, 0.002725571393966675, -0.0017862638924270868, 0.0340438038110733, -0.009982889518141747, -0.9985443949699402]]","[-0.006949992701309478, -0.001804187362335421, 0.004315067123565957, 0.000824306995227926, -0.0015413638438896917, 0.005156169788740571]","[-0.006949992701309478, -0.001804187362335421, 0.004315067123565957, 0.000824306995227926, -0.0015413638438896917, 0.005156169788740571]","[0.09079164266586304, 0.08951500058174133, 0.10017582774162292, 0.09297224879264832, 0.08912184834480286, 0.10193312168121338]","[0.09079164266586304, 0.08951500058174133, 0.10017582774162292, 0.09297224879264832, 0.08912184834480286, 0.10193312168121338]",5.0,5.0,6.0,6.0,086dfebd71040c3b8512d9e9cc25151dd95fdc19d68b60a3a990f563924cfbbb,086dfebd71040c3b8512d9e9cc25151dd95fdc19d68b60a3a990f563924cfbbb,5.0,5.0,0.0,True,0.0,True,0.0,True,True,True,False
Environment,frozen_closed_loop__Environment,libero_object_env,9,9,5340291,"[[0.09544797241687775, -0.009968653321266174, 0.0009222328662872314, -0.0015001067658886313, 0.029503852128982544, -0.008266078308224678, -1.0001063346862793], [0.10361015796661377, -0.004091598093509674, -0.0005453824996948242, -0.0018513263203203678, 0.02964252233505249, -0.0043609184212982655, -1.0029127597808838], [0.13892558217048645, -0.026888027787208557, 0.00330951064825058, -0.0024898007977753878, 0.03529420495033264, -0.010378900915384293, -1.000264286994934], [0.0990145280957222, -0.007890332490205765, -8.66129994392395e-06, -0.0016667329473420978, 0.032122671604156494, -0.0061871204525232315, -1.0022083520889282], [0.07427796721458435, -0.009587612003087997, -0.0010873004794120789, -0.0015060530276969075, 0.028657078742980957, -0.0059750801883637905, -1.0014804601669312], [0.09192656725645065, -0.005380734801292419, 0.00019859522581100464, -0.0022835079580545425, 0.032284900546073914, -0.007734568323940039, -1.0018032789230347]]","[[0.09544797241687775, -0.009968653321266174, 0.0009222328662872314, -0.0015001067658886313, 0.029503852128982544, -0.008266078308224678, -1.0001063346862793], [0.10361015796661377, -0.004091598093509674, -0.0005453824996948242, -0.0018513263203203678, 0.02964252233505249, -0.0043609184212982655, -1.0029127597808838], [0.13892558217048645, -0.026888027787208557, 0.00330951064825058, -0.0024898007977753878, 0.03529420495033264, -0.010378900915384293, -1.000264286994934], [0.0990145280957222, -0.007890332490205765, -8.66129994392395e-06, -0.0016667329473420978, 0.032122671604156494, -0.0061871204525232315, -1.0022083520889282], [0.07427796721458435, -0.009587612003087997, -0.0010873004794120789, -0.0015060530276969075, 0.028657078742980957, -0.0059750801883637905, -1.0014804601669312], [0.09192656725645065, -0.005380734801292419, 0.00019859522581100464, -0.0022835079580545425, 0.032284900546073914, -0.007734568323940039, -1.0018032789230347]]","[0.0012435858857064459, -0.0036136449303591457, 0.010298626064618474, -0.00222249369108489, -0.005272593116675961, -0.0004334802122049816]","[0.0012435858857064459, -0.0036136449303591457, 0.010298626064618474, -0.00222249369108489, -0.005272593116675961, -0.0004334802122049816]","[0.09729841351509094, 0.09712696075439453, 0.12080520391464233, 0.09242260456085205, 0.09052693843841553, 0.10037750005722046]","[0.09729841351509094, 0.09712696075439453, 0.12080520391464233, 0.09242260456085205, 0.09052693843841553, 0.10037750005722046]",2.0,2.0,6.0,6.0,086dfebd71040c3b8512d9e9cc25151dd95fdc19d68b60a3a990f563924cfbbb,086dfebd71040c3b8512d9e9cc25151dd95fdc19d68b60a3a990f563924cfbbb,2.0,2.0,0.0,True,0.0,True,0.0,True,True,True,False
Environment,frozen_closed_loop__Environment,libero_object_env,9,9,5340388,"[[0.07820963859558105, -0.012370683252811432, 0.0005876272916793823, -0.001484664506278932, 0.03271298110485077, -0.007038034964352846, -1.0008352994918823], [0.08030824363231659, -0.004469621926546097, -1.9222497940063477e-05, -0.001622418756596744, 0.033890917897224426, -0.00608147494494915, -1.0037426948547363], [0.13258147239685059, -0.02859564498066902, 0.0009968876838684082, -0.001829901128076017, 0.033612191677093506, -0.010587041266262531, -1.0031793117523193], [0.1414361298084259, -0.017246045172214508, 0.0017704814672470093, -0.0017860627267509699, 0.035608381032943726, -0.008251097053289413, -1.0025213956832886], [0.10191679000854492, -0.022648125886917114, -0.0009673833847045898, -0.002098146127536893, 0.034545958042144775, -0.011110708117485046, -1.000704288482666], [0.09923145174980164, -0.0038983114063739777, -0.0007207877933979034, -0.0021053000818938017, 0.03374156355857849, -0.010365196503698826, -1.0020843744277954]]","[[0.07820963859558105, -0.012370683252811432, 0.0005876272916793823, -0.001484664506278932, 0.03271298110485077, -0.007038034964352846, -1.0008352994918823], [0.08030824363231659, -0.004469621926546097, -1.9222497940063477e-05, -0.001622418756596744, 0.033890917897224426, -0.00608147494494915, -1.0037426948547363], [0.13258147239685059, -0.02859564498066902, 0.0009968876838684082, -0.001829901128076017, 0.033612191677093506, -0.010587041266262531, -1.0031793117523193], [0.1414361298084259, -0.017246045172214508, 0.0017704814672470093, -0.0017860627267509699, 0.035608381032943726, -0.008251097053289413, -1.0025213956832886], [0.10191679000854492, -0.022648125886917114, -0.0009673833847045898, -0.002098146127536893, 0.034545958042144775, -0.011110708117485046, -1.000704288482666], [0.09923145174980164, -0.0038983114063739777, -0.0007207877933979034, -0.0021053000818938017, 0.03374156355857849, -0.010365196503698826, -1.0020843744277954]]","[-0.004197183609649106, -0.005520305372132314, 0.007546565474739018, 0.004616545757534764, -0.0007151112991812784, -0.001730510951311159]","[-0.004197183609649106, -0.005520305372132314, 0.007546565474739018, 0.004616545757534764, -0.0007151112991812784, -0.001730510951311159]","[0.09607011079788208, 0.08975297212600708, 0.16676196455955505, 0.1030225157737732, 0.09424597024917603, 0.09069082140922546]","[0.09607011079788208, 0.08975297212600708, 0.16676196455955505, 0.1030225157737732, 0.09424597024917603, 0.09069082140922546]",2.0,2.0,6.0,6.0,086dfebd71040c3b8512d9e9cc25151dd95fdc19d68b60a3a990f563924cfbbb,086dfebd71040c3b8512d9e9cc25151dd95fdc19d68b60a3a990f563924cfbbb,2.0,2.0,0.0,True,0.0,True,0.0,True,True,True,False
Environment,frozen_closed_loop__Environment,libero_object_env,9,9,5340485,"[[0.12060005217790604, -0.01600373536348343, 0.0010719895362854004, -0.001904495875351131, 0.037892237305641174, -0.008226045407354832, -1.0037641525268555], [0.12400142848491669, -0.0075213052332401276, 0.0014385581016540527, -0.0016939397901296616, 0.034665584564208984, -0.009241322055459023, -1.0011574029922485], [0.07833525538444519, 0.0006072968244552612, -0.0008079037070274353, -0.0019829696975648403, 0.027925416827201843, -0.006473431829363108, -1.0028618574142456], [0.08682869374752045, -0.014429949223995209, 0.0001617148518562317, -0.00189404864795506, 0.02952343225479126, -0.006133515387773514, -1.000260591506958], [0.09618457406759262, -0.024418719112873077, -0.00016864389181137085, -0.0013485385570675135, 0.030929937958717346, -0.00911296159029007, -0.9993678331375122], [0.09264495223760605, -0.01201193779706955, 0.0023723021149635315, -0.0014343856601044536, 0.03262925148010254, -0.00791232567280531, -1.000388264656067]]","[[0.12060005217790604, -0.01600373536348343, 0.0010719895362854004, -0.001904495875351131, 0.037892237305641174, -0.008226045407354832, -1.0037641525268555], [0.12400142848491669, -0.0075213052332401276, 0.0014385581016540527, -0.0016939397901296616, 0.034665584564208984, -0.009241322055459023, -1.0011574029922485], [0.07833525538444519, 0.0006072968244552612, -0.0008079037070274353, -0.0019829696975648403, 0.027925416827201843, -0.006473431829363108, -1.0028618574142456], [0.08682869374752045, -0.014429949223995209, 0.0001617148518562317, -0.00189404864795506, 0.02952343225479126, -0.006133515387773514, -1.000260591506958], [0.09618457406759262, -0.024418719112873077, -0.00016864389181137085, -0.0013485385570675135, 0.030929937958717346, -0.00911296159029007, -0.9993678331375122], [0.09264495223760605, -0.01201193779706955, 0.0023723021149635315, -0.0014343856601044536, 0.03262925148010254, -0.00791232567280531, -1.000388264656067]]","[0.0022641609423219096, 0.006307066013846679, -0.007116244938817017, -0.00034209919532330983, -0.0021273725558541455, 0.001014489733825777]","[0.0022641609423219096, 0.006307066013846679, -0.007116244938817017, -0.00034209919532330983, -0.0021273725558541455, 0.001014489733825777]","[0.10404300689697266, 0.1083177924156189, 0.0866551399230957, 0.11303535103797913, 0.09327659010887146, 0.09897533059120178]","[0.10404300689697266, 0.1083177924156189, 0.0866551399230957, 0.11303535103797913, 0.09327659010887146, 0.09897533059120178]",3.0,3.0,6.0,6.0,086dfebd71040c3b8512d9e9cc25151dd95fdc19d68b60a3a990f563924cfbbb,086dfebd71040c3b8512d9e9cc25151dd95fdc19d68b60a3a990f563924cfbbb,1.0,3.0,0.0,True,0.0,True,0.0,True,True,True,True
Environment,frozen_closed_loop__Environment,libero_object_env,9,9,5340582,"[[0.09893205016851425, -0.020505599677562714, -0.0007300637662410736, -0.0014802733203396201, 0.03031843900680542, -0.010337435640394688, -1.0013577938079834], [0.1281394064426422, -0.023964084684848785, 0.0011327862739562988, -0.0016341102309525013, 0.035519957542419434, -0.009657536633312702, -1.0010007619857788], [0.10289289057254791, -0.007782876491546631, 0.001531653106212616, -0.0016365253832191229, 0.0341670960187912, -0.009053803980350494, -1.0020055770874023], [0.07605671882629395, -0.010355226695537567, -0.0015107542276382446, -0.0014761016936972737, 0.029053911566734314, -0.006276924628764391, -1.0024904012680054], [0.08883219212293625, -0.00838039442896843, 0.0003818795084953308, -0.002156786387786269, 0.02993103861808777, -0.008049103431403637, -1.002922534942627], [0.08194752037525177, -0.008037462830543518, -0.0017089582979679108, -0.0017917528748512268, 0.027356833219528198, -0.005817790981382132, -1.0011759996414185]]","[[0.09893205016851425, -0.020505599677562714, -0.0007300637662410736, -0.0014802733203396201, 0.03031843900680542, -0.010337435640394688, -1.0013577938079834], [0.1281394064426422, -0.023964084684848785, 0.0011327862739562988, -0.0016341102309525013, 0.035519957542419434, -0.009657536633312702, -1.0010007619857788], [0.10289289057254791, -0.007782876491546631, 0.001531653106212616, -0.0016365253832191229, 0.0341670960187912, -0.009053803980350494, -1.0020055770874023], [0.07605671882629395, -0.010355226695537567, -0.0015107542276382446, -0.0014761016936972737, 0.029053911566734314, -0.006276924628764391, -1.0024904012680054], [0.08883219212293625, -0.00838039442896843, 0.0003818795084953308, -0.002156786387786269, 0.02993103861808777, -0.008049103431403637, -1.002922534942627], [0.08194752037525177, -0.008037462830543518, -0.0017089582979679108, -0.0017917528748512268, 0.027356833219528198, -0.005817790981382132, -1.0011759996414185]]","[0.0009430951274479643, 0.003913639424860341, 0.000680736060571995, -0.004402538327836155, 0.0011475108364814262, -0.0022824431215256896]","[0.0009430951274479643, 0.003913639424860341, 0.000680736060571995, -0.004402538327836155, 0.0011475108364814262, -0.0022824431215256896]","[0.10036656260490417, 0.0929977297782898, 0.09468987584114075, 0.09746190905570984, 0.1013123095035553, 0.09224718809127808]","[0.10036656260490417, 0.0929977297782898, 0.09468987584114075, 0.09746190905570984, 0.1013123095035553, 0.09224718809127808]",4.0,4.0,6.0,6.0,086dfebd71040c3b8512d9e9cc25151dd95fdc19d68b60a3a990f563924cfbbb,086dfebd71040c3b8512d9e9cc25151dd95fdc19d68b60a3a990f563924cfbbb,1.0,4.0,0.0,True,0.0,True,0.0,True,True,True,True
Environment,frozen_closed_loop__Environment,libero_object_env,9,9,5340679,"[[0.09354762732982635, -0.008370056748390198, 0.0028528645634651184, -0.001743962406180799, 0.03467318415641785, -0.00703781470656395, -0.9997167587280273], [0.08686468005180359, -0.003734361380338669, 0.00049542635679245, -0.0015839961124584079, 0.028666600584983826, -0.005129387602210045, -0.9991458058357239], [0.08605755865573883, -0.00862201675772667, -0.00020753592252731323, -0.0016024024225771427, 0.03186960518360138, -0.007482913788408041, -1.0006462335586548], [0.09924441576004028, -0.018802788108587265, -0.0006981007754802704, -0.0015528189251199365, 0.029531210660934448, -0.006666744593530893, -1.0008106231689453], [0.110231414437294, -0.00753382220864296, -0.0013729557394981384, -0.0020001681987196207, 0.031234994530677795, -0.007508185226470232, -1.001321792602539], [0.1071440801024437, -0.013996101915836334, 0.0007873401045799255, -0.0015974807320162654, 0.03941228985786438, -0.009825688786804676, -1.0017799139022827]]","[[0.09354762732982635, -0.008370056748390198, 0.0028528645634651184, -0.001743962406180799, 0.03467318415641785, -0.00703781470656395, -0.9997167587280273], [0.08686468005180359, -0.003734361380338669, 0.00049542635679245, -0.0015839961124584079, 0.028666600584983826, -0.005129387602210045, -0.9991458058357239], [0.08605755865573883, -0.00862201675772667, -0.00020753592252731323, -0.0016024024225771427, 0.03186960518360138, -0.007482913788408041, -1.0006462335586548], [0.09924441576004028, -0.018802788108587265, -0.0006981007754802704, -0.0015528189251199365, 0.029531210660934448, -0.006666744593530893, -1.0008106231689453], [0.110231414437294, -0.00753382220864296, -0.0013729557394981384, -0.0020001681987196207, 0.031234994530677795, -0.007508185226470232, -1.001321792602539], [0.1071440801024437, -0.013996101915836334, 0.0007873401045799255, -0.0015974807320162654, 0.03941228985786438, -0.009825688786804676, -1.0017799139022827]]","[0.0034168915500545982, -0.00566713413983185, -0.004669343969484374, -0.0014555318003377682, 0.003961929133826153, 0.0044131892257730995]","[0.0034168915500545982, -0.00566713413983185, -0.004669343969484374, -0.0014555318003377682, 0.003961929133826153, 0.0044131892257730995]","[0.13699108362197876, 0.09840744733810425, 0.08743599057197571, 0.10069268941879272, 0.10540080070495605, 0.09630832076072693]","[0.13699108362197876, 0.09840744733810425, 0.08743599057197571, 0.10069268941879272, 0.10540080070495605, 0.09630832076072693]",0.0,0.0,6.0,6.0,086dfebd71040c3b8512d9e9cc25151dd95fdc19d68b60a3a990f563924cfbbb,086dfebd71040c3b8512d9e9cc25151dd95fdc19d68b60a3a990f563924cfbbb,5.0,0.0,0.0,True,0.0,True,0.0,True,True,True,True
Object,frozen_closed_loop__Object,libero_object_object,8,5,5100000,"[[0.06974101066589355, -0.04187241196632385, -0.0028949975967407227, -0.04851919785141945, 0.017064929008483887, -0.0004994263872504234, -1.0046181678771973], [0.06513621658086777, -0.035329051315784454, -0.002781059592962265, -0.051738280802965164, 0.006442174315452576, -0.00021214554726611823, -1.0016027688980103], [0.07670179009437561, -0.04656728357076645, -0.0012201815843582153, -0.04718109965324402, 0.007866516709327698, -0.00019725161837413907, -1.0017722845077515], [0.06575725972652435, -0.04234073683619499, -0.0011312216520309448, -0.04818771779537201, 0.01343768835067749, 0.0004161532851867378, -1.0011556148529053], [0.07727902382612228, -0.03826333209872246, -0.0005782395601272583, -0.05059240758419037, 0.009561225771903992, 0.000903312349691987, -1.002808928489685], [0.06635762751102448, -0.03835301846265793, -0.000932738184928894, -0.04942900687456131, 0.009706199169158936, 0.0002819537476170808, -1.004123330116272]]","[[0.06974101066589355, -0.04187241196632385, -0.0028949975967407227, -0.04851919785141945, 0.017064929008483887, -0.0004994263872504234, -1.0046181678771973], [0.06513621658086777, -0.035329051315784454, -0.002781059592962265, -0.051738280802965164, 0.006442174315452576, -0.00021214554726611823, -1.0016027688980103], [0.07670179009437561, -0.04656728357076645, -0.0012201815843582153, -0.04718109965324402, 0.007866516709327698, -0.00019725161837413907, -1.0017722845077515], [0.06575725972652435, -0.04234073683619499, -0.0011312216520309448, -0.04818771779537201, 0.01343768835067749, 0.0004161532851867378, -1.0011556148529053], [0.07727902382612228, -0.03826333209872246, -0.0005782395601272583, -0.05059240758419037, 0.009561225771903992, 0.000903312349691987, -1.002808928489685], [0.06635762751102448, -0.03835301846265793, -0.000932738184928894, -0.04942900687456131, 0.009706199169158936, 0.0002819537476170808, -1.004123330116272]]","[0.0014479520588982487, -0.002546173592508696, -0.001008825921818782, 0.00358907736143907, 0.001417026370347714, -0.002899056276357346]","[0.0014479520588982487, -0.002546173592508696, -0.001008825921818782, 0.00358907736143907, 0.001417026370347714, -0.002899056276357346]","[0.1500885784626007, 0.1506761908531189, 0.14896821975708008, 0.1514286994934082, 0.14680859446525574, 0.1510382890701294]","[0.1500885784626007, 0.1506761908531189, 0.14896821975708008, 0.1514286994934082, 0.14680859446525574, 0.1510382890701294]",3.0,3.0,6.0,6.0,086dfebd71040c3b8512d9e9cc25151dd95fdc19d68b60a3a990f563924cfbbb,086dfebd71040c3b8512d9e9cc25151dd95fdc19d68b60a3a990f563924cfbbb,3.0,3.0,0.0,True,0.0,True,0.0,True,True,True,False
Object,frozen_closed_loop__Object,libero_object_object,8,5,5100097,"[[0.08370324969291687, -0.04459178075194359, -0.0022428296506404877, -0.04650292173027992, 0.009815454483032227, 0.00034252091427333653, -1.0030438899993896], [0.07306259125471115, -0.04007326439023018, -0.0034406036138534546, -0.04866117611527443, 0.011083871126174927, 0.0003307555743958801, -1.0026938915252686], [0.07713228464126587, -0.0355982780456543, -0.0010395795106887817, -0.04854371398687363, 0.012668296694755554, 3.448548886808567e-05, -1.0010883808135986], [0.07639557123184204, -0.03351062536239624, -0.002491772174835205, -0.047444019466638565, 0.00978483259677887, -0.00019202994008082896, -1.0032052993774414], [0.08594870567321777, -0.03795577213168144, -0.0017943978309631348, -0.04671753942966461, 0.011748343706130981, -0.00012961206084582955, -1.0045877695083618], [0.07317055016756058, -0.04423493519425392, -0.003002174198627472, -0.043739017099142075, 0.014039888978004456, 0.000736659043468535, -1.00204598903656]]","[[0.08370324969291687, -0.04459178075194359, -0.0022428296506404877, -0.04650292173027992, 0.009815454483032227, 0.00034252091427333653, -1.0030438899993896], [0.07306259125471115, -0.04007326439023018, -0.0034406036138534546, -0.04866117611527443, 0.011083871126174927, 0.0003307555743958801, -1.0026938915252686], [0.07713228464126587, -0.0355982780456543, -0.0010395795106887817, -0.04854371398687363, 0.012668296694755554, 3.448548886808567e-05, -1.0010883808135986], [0.07639557123184204, -0.03351062536239624, -0.002491772174835205, -0.047444019466638565, 0.00978483259677887, -0.00019202994008082896, -1.0032052993774414], [0.08594870567321777, -0.03795577213168144, -0.0017943978309631348, -0.04671753942966461, 0.011748343706130981, -0.00012961206084582955, -1.0045877695083618], [0.07317055016756058, -0.04423493519425392, -0.003002174198627472, -0.043739017099142075, 0.014039888978004456, 0.000736659043468535, -1.00204598903656]]","[0.0007005239195102769, 0.003297565735068091, -0.0011766373623768762, -0.0013057888559501745, -0.000583594344291039, -0.0009320690919600765]","[0.0007005239195102769, 0.003297565735068091, -0.0011766373623768762, -0.0013057888559501745, -0.000583594344291039, -0.0009320690919600765]","[0.14927136898040771, 0.1507115364074707, 0.15247726440429688, 0.15171393752098083, 0.14538902044296265, 0.1475701630115509]","[0.14927136898040771, 0.1507115364074707, 0.15247726440429688, 0.15171393752098083, 0.14538902044296265, 0.1475701630115509]",2.0,2.0,6.0,6.0,086dfebd71040c3b8512d9e9cc25151dd95fdc19d68b60a3a990f563924cfbbb,086dfebd71040c3b8512d9e9cc25151dd95fdc19d68b60a3a990f563924cfbbb,1.0,2.0,0.0,True,0.0,True,0.0,True,True,True,True
Object,frozen_closed_loop__Object,libero_object_object,8,5,5100194,"[[0.07248178124427795, -0.045634713023900986, -0.0011051259934902191, -0.04871401935815811, 0.009560376405715942, 0.00016676820814609528, -1.0008010864257812], [0.06313662976026535, -0.034148767590522766, -0.001051202416419983, -0.04867420345544815, 0.008371666073799133, 0.0005292898276820779, -1.0024536848068237], [0.0707637146115303, -0.03436870872974396, -0.0021796301007270813, -0.04954156652092934, 0.016742661595344543, -0.0003116219595540315, -1.0019781589508057], [0.0805286318063736, -0.04030264914035797, -0.0013483688235282898, -0.04777379706501961, 0.01661244034767151, -0.0005406931741163135, -1.0039728879928589], [0.07306069135665894, -0.03645423799753189, -0.0018582120537757874, -0.04873412474989891, 0.009883984923362732, 0.0008031088509596884, -1.0024125576019287], [0.07989529520273209, -0.044070202857255936, -0.002788938581943512, -0.048224035650491714, 0.01431642472743988, 0.00011287687812000513, -1.0041040182113647]]","[[0.07248178124427795, -0.045634713023900986, -0.0011051259934902191, -0.04871401935815811, 0.009560376405715942, 0.00016676820814609528, -1.0008010864257812], [0.06313662976026535, -0.034148767590522766, -0.001051202416419983, -0.04867420345544815, 0.008371666073799133, 0.0005292898276820779, -1.0024536848068237], [0.0707637146115303, -0.03436870872974396, -0.0021796301007270813, -0.04954156652092934, 0.016742661595344543, -0.0003116219595540315, -1.0019781589508057], [0.0805286318063736, -0.04030264914035797, -0.0013483688235282898, -0.04777379706501961, 0.01661244034767151, -0.0005406931741163135, -1.0039728879928589], [0.07306069135665894, -0.03645423799753189, -0.0018582120537757874, -0.04873412474989891, 0.009883984923362732, 0.0008031088509596884, -1.0024125576019287], [0.07989529520273209, -0.044070202857255936, -0.002788938581943512, -0.048224035650491714, 0.01431642472743988, 0.00011287687812000513, -1.0041040182113647]]","[-0.000756426829969884, 0.0014060472393450877, -0.001419262569665848, -0.0006000839279745524, -0.002415414380956729, 0.0037851404692220954]","[-0.000756426829969884, 0.0014060472393450877, -0.001419262569665848, -0.0006000839279745524, -0.002415414380956729, 0.0037851404692220954]","[0.15019643306732178, 0.1521506905555725, 0.1541937291622162, 0.14978089928627014, 0.1525508463382721, 0.1551518440246582]","[0.15019643306732178, 0.1521506905555725, 0.1541937291622162, 0.14978089928627014, 0.1525508463382721, 0.1551518440246582]",5.0,5.0,6.0,6.0,086dfebd71040c3b8512d9e9cc25151dd95fdc19d68b60a3a990f563924cfbbb,086dfebd71040c3b8512d9e9cc25151dd95fdc19d68b60a3a990f563924cfbbb,5.0,5.0,0.0,True,0.0,True,0.0,True,True,True,False
Object,frozen_closed_loop__Object,libero_object_object,8,5,5100291,"[[0.0717587023973465, -0.035004839301109314, -0.0012033618986606598, -0.04562258720397949, 0.011780709028244019, -0.00019822105241473764, -1.0017633438110352], [0.0754457339644432, -0.042773522436618805, -0.0031375139951705933, -0.047162823379039764, 0.00790107250213623, 0.0007500107167288661, -1.0031497478485107], [0.08133865892887115, -0.042540449649095535, -0.0005554966628551483, -0.050927307456731796, 0.009661540389060974, 0.0006158552714623511, -1.0031026601791382], [0.062219202518463135, -0.03797980025410652, -0.002919808030128479, -0.049937762320041656, 0.008616775274276733, -0.00010323923925170675, -1.0014880895614624], [0.07268372923135757, -0.031703151762485504, -0.0027428381145000458, -0.04820682108402252, 0.008095845580101013, 0.0002485525910742581, -1.002326250076294], [0.0769868865609169, -0.04266595467925072, -0.0022556819021701813, -0.045851513743400574, 0.010053232312202454, -0.0005692251725122333, -1.0030078887939453]]","[[0.0717587023973465, -0.035004839301109314, -0.0012033618986606598, -0.04562258720397949, 0.011780709028244019, -0.00019822105241473764, -1.0017633438110352], [0.0754457339644432, -0.042773522436618805, -0.0031375139951705933, -0.047162823379039764, 0.00790107250213623, 0.0007500107167288661, -1.0031497478485107], [0.08133865892887115, -0.042540449649095535, -0.0005554966628551483, -0.050927307456731796, 0.009661540389060974, 0.0006158552714623511, -1.0031026601791382], [0.062219202518463135, -0.03797980025410652, -0.002919808030128479, -0.049937762320041656, 0.008616775274276733, -0.00010323923925170675, -1.0014880895614624], [0.07268372923135757, -0.031703151762485504, -0.0027428381145000458, -0.04820682108402252, 0.008095845580101013, 0.0002485525910742581, -1.002326250076294], [0.0769868865609169, -0.04266595467925072, -0.0022556819021701813, -0.045851513743400574, 0.010053232312202454, -0.0005692251725122333, -1.0030078887939453]]","[-0.0032397900750367912, -0.00019569905812376245, 0.002054489061773261, -0.0003177830804039063, -1.9987896907519564e-05, 0.001718771048698814]","[-0.0032397900750367912, -0.00019569905812376245, 0.002054489061773261, -0.0003177830804039063, -1.9987896907519564e-05, 0.001718771048698814]","[0.1483520269393921, 0.1568128764629364, 0.16030153632164001, 0.14875641465187073, 0.15100693702697754, 0.15904247760772705]","[0.1483520269393921, 0.1568128764629364, 0.16030153632164001, 0.14875641465187073, 0.15100693702697754, 0.15904247760772705]",2.0,2.0,6.0,6.0,086dfebd71040c3b8512d9e9cc25151dd95fdc19d68b60a3a990f563924cfbbb,086dfebd71040c3b8512d9e9cc25151dd95fdc19d68b60a3a990f563924cfbbb,2.0,2.0,0.0,True,0.0,True,0.0,True,True,True,False
Object,frozen_closed_loop__Object,libero_object_object,8,5,5100388,"[[0.07752064615488052, -0.03966366872191429, -0.0022774748504161835, -0.047865718603134155, 0.007805764675140381, -0.00105052359867841, -1.003677248954773], [0.0580519437789917, -0.03320077434182167, -0.0036414340138435364, -0.046357374638319016, 0.012235388159751892, -0.0002801156078930944, -1.0014872550964355], [0.06710059940814972, -0.03802444785833359, -0.001296456903219223, -0.0496831089258194, 0.01733797788619995, -5.490008697961457e-05, -1.0041632652282715], [0.057472698390483856, -0.04413491114974022, -0.0007198378443717957, -0.05104934424161911, 0.008138179779052734, 0.0013327684719115496, -1.0017621517181396], [0.07806435227394104, -0.038405321538448334, -0.0016738660633563995, -0.04874543100595474, 0.011442616581916809, 0.00010153017501579598, -1.0034650564193726], [0.08691027760505676, -0.037848930805921555, -0.0019598007202148438, -0.04999363794922829, 0.014536276459693909, -0.000528839707840234, -1.0047310590744019]]","[[0.07752064615488052, -0.03966366872191429, -0.0022774748504161835, -0.047865718603134155, 0.007805764675140381, -0.00105052359867841, -1.003677248954773], [0.0580519437789917, -0.03320077434182167, -0.0036414340138435364, -0.046357374638319016, 0.012235388159751892, -0.0002801156078930944, -1.0014872550964355], [0.06710059940814972, -0.03802444785833359, -0.001296456903219223, -0.0496831089258194, 0.01733797788619995, -5.490008697961457e-05, -1.0041632652282715], [0.057472698390483856, -0.04413491114974022, -0.0007198378443717957, -0.05104934424161911, 0.008138179779052734, 0.0013327684719115496, -1.0017621517181396], [0.07806435227394104, -0.038405321538448334, -0.0016738660633563995, -0.04874543100595474, 0.011442616581916809, 0.00010153017501579598, -1.0034650564193726], [0.08691027760505676, -0.037848930805921555, -0.0019598007202148438, -0.04999363794922829, 0.014536276459693909, -0.000528839707840234, -1.0047310590744019]]","[0.0023469915913982126, -0.0033231101264046695, -0.0012582464298622766, 0.0009860986679826526, 0.0017726433129064592, -0.0005243770160201952]","[0.0023469915913982126, -0.0033231101264046695, -0.0012582464298622766, 0.0009860986679826526, 0.0017726433129064592, -0.0005243770160201952]","[0.1523990035057068, 0.14647799730300903, 0.1482735276222229, 0.14869573712348938, 0.15437352657318115, 0.15007081627845764]","[0.1523990035057068, 0.14647799730300903, 0.1482735276222229, 0.14869573712348938, 0.15437352657318115, 0.15007081627845764]",4.0,4.0,6.0,6.0,086dfebd71040c3b8512d9e9cc25151dd95fdc19d68b60a3a990f563924cfbbb,086dfebd71040c3b8512d9e9cc25151dd95fdc19d68b60a3a990f563924cfbbb,0.0,4.0,0.0,True,0.0,True,0.0,True,True,True,True
Object,frozen_closed_loop__Object,libero_object_object,8,5,5100485,"[[0.07886052131652832, -0.034555234014987946, -0.003435518592596054, -0.0473768375813961, 0.009090766310691833, -0.0006481673335656524, -1.0022320747375488], [0.07405232638120651, -0.032183099538087845, -0.0018138997256755829, -0.04798845201730728, 0.00876443088054657, 0.0009157827007584274, -1.0023760795593262], [0.06532877683639526, -0.03654671832919121, -0.0017153285443782806, -0.0461549237370491, 0.011730685830116272, 0.0021953382529318333, -1.0024043321609497], [0.07328208535909653, -0.03670044243335724, -0.0026442669332027435, -0.04985681548714638, 0.009673923254013062, 0.0006854556850157678, -1.0026935338974], [0.07245976477861404, -0.03873741254210472, -0.0037156417965888977, -0.04683743789792061, 0.008722811937332153, -0.0004546344862319529, -1.0043175220489502], [0.06129249930381775, -0.04005337134003639, -0.0032203271985054016, -0.04752379283308983, 0.004386350512504578, -0.0005204894114285707, -1.0021485090255737]]","[[0.07886052131652832, -0.034555234014987946, -0.003435518592596054, -0.0473768375813961, 0.009090766310691833, -0.0006481673335656524, -1.0022320747375488], [0.07405232638120651, -0.032183099538087845, -0.0018138997256755829, -0.04798845201730728, 0.00876443088054657, 0.0009157827007584274, -1.0023760795593262], [0.06532877683639526, -0.03654671832919121, -0.0017153285443782806, -0.0461549237370491, 0.011730685830116272, 0.0021953382529318333, -1.0024043321609497], [0.07328208535909653, -0.03670044243335724, -0.0026442669332027435, -0.04985681548714638, 0.009673923254013062, 0.0006854556850157678, -1.0026935338974], [0.07245976477861404, -0.03873741254210472, -0.0037156417965888977, -0.04683743789792061, 0.008722811937332153, -0.0004546344862319529, -1.0043175220489502], [0.06129249930381775, -0.04005337134003639, -0.0032203271985054016, -0.04752379283308983, 0.004386350512504578, -0.0005204894114285707, -1.0021485090255737]]","[-0.0007546399691871921, -0.003153578349413216, -0.001681917398932841, 0.0029654386532356964, 0.0027254363727175885, -0.00010073930842004149]","[-0.0007546399691871921, -0.003153578349413216, -0.001681917398932841, 0.0029654386532356964, 0.0027254363727175885, -0.00010073930842004149]","[0.1488775908946991, 0.14962372183799744, 0.14991644024848938, 0.15621209144592285, 0.14974963665008545, 0.15715104341506958]","[0.1488775908946991, 0.14962372183799744, 0.14991644024848938, 0.15621209144592285, 0.14974963665008545, 0.15715104341506958]",5.0,5.0,6.0,6.0,086dfebd71040c3b8512d9e9cc25151dd95fdc19d68b60a3a990f563924cfbbb,086dfebd71040c3b8512d9e9cc25151dd95fdc19d68b60a3a990f563924cfbbb,3.0,5.0,0.0,True,0.0,True,0.0,True,True,True,True
Object,frozen_closed_loop__Object,libero_object_object,8,5,5100582,"[[0.06767828017473221, -0.039390306919813156, -0.004041474312543869, -0.047209568321704865, 0.014909014105796814, -0.0005446369759738445, -1.0009329319000244], [0.07078874856233597, -0.044703204184770584, -0.0023888424038887024, -0.048243723809719086, 0.008177205920219421, 0.00026117716333828866, -1.0011717081069946], [0.07489051669836044, -0.035427846014499664, -0.002677738666534424, -0.04856625571846962, 0.009178653359413147, -0.0005553447408601642, -1.0016847848892212], [0.07294278591871262, -0.03661751747131348, -0.0017968565225601196, -0.04664226993918419, 0.019099876284599304, -1.1496196748339571e-05, -1.0042222738265991], [0.08176367729902267, -0.044686831533908844, -0.0024647824466228485, -0.04638807475566864, 0.01141369342803955, 0.00011439711670391262, -1.0042458772659302], [0.07410518825054169, -0.046786218881607056, -0.0013351254165172577, -0.046324457973241806, 0.007787302136421204, -0.00063721725018695, -1.0045045614242554]]","[[0.06767828017473221, -0.039390306919813156, -0.004041474312543869, -0.047209568321704865, 0.014909014105796814, -0.0005446369759738445, -1.0009329319000244], [0.07078874856233597, -0.044703204184770584, -0.0023888424038887024, -0.048243723809719086, 0.008177205920219421, 0.00026117716333828866, -1.0011717081069946], [0.07489051669836044, -0.035427846014499664, -0.002677738666534424, -0.04856625571846962, 0.009178653359413147, -0.0005553447408601642, -1.0016847848892212], [0.07294278591871262, -0.03661751747131348, -0.0017968565225601196, -0.04664226993918419, 0.019099876284599304, -1.1496196748339571e-05, -1.0042222738265991], [0.08176367729902267, -0.044686831533908844, -0.0024647824466228485, -0.04638807475566864, 0.01141369342803955, 0.00011439711670391262, -1.0042458772659302], [0.07410518825054169, -0.046786218881607056, -0.0013351254165172577, -0.046324457973241806, 0.007787302136421204, -0.00063721725018695, -1.0045045614242554]]","[-0.0001027307677973369, 0.0011610348034458097, 5.677135572619717e-05, -0.003963000625353787, 0.0038669906876660255, -0.0010190654536867281]","[-0.0001027307677973369, 0.0011610348034458097, 5.677135572619717e-05, -0.003963000625353787, 0.0038669906876660255, -0.0010190654536867281]","[0.1481207311153412, 0.1458565890789032, 0.1496865451335907, 0.1460667848587036, 0.15263482928276062, 0.1456359326839447]","[0.1481207311153412, 0.1458565890789032, 0.1496865451335907, 0.1460667848587036, 0.15263482928276062, 0.1456359326839447]",4.0,4.0,6.0,6.0,086dfebd71040c3b8512d9e9cc25151dd95fdc19d68b60a3a990f563924cfbbb,086dfebd71040c3b8512d9e9cc25151dd95fdc19d68b60a3a990f563924cfbbb,4.0,4.0,0.0,True,0.0,True,0.0,True,True,True,False
Object,frozen_closed_loop__Object,libero_object_object,8,5,5100679,"[[0.06692592054605484, -0.03132116049528122, -0.0027343444526195526, -0.051188547164201736, 0.011528804898262024, 0.0005988461780361831, -1.0024489164352417], [0.07128126919269562, -0.04180999472737312, -0.0023764371871948242, -0.04937313124537468, 0.01487007737159729, 0.00034172774758189917, -1.0009002685546875], [0.07407188415527344, -0.046000219881534576, -0.002936124801635742, -0.049762170761823654, 0.010772645473480225, -0.00042535338434390724, -1.0038548707962036], [0.07064659148454666, -0.03659393638372421, -0.0013297609984874725, -0.04732167348265648, 0.011824920773506165, 0.0003411108336877078, -1.0035598278045654], [0.06108596920967102, -0.025865714997053146, -0.002720039337873459, -0.04856334626674652, 0.015854492783546448, 0.0004365993954706937, -1.0022391080856323], [0.07094241678714752, -0.03748895600438118, -0.002804640680551529, -0.0492982417345047, 0.014223039150238037, -0.00020381728245411068, -1.0024815797805786]]","[[0.06692592054605484, -0.03132116049528122, -0.0027343444526195526, -0.051188547164201736, 0.011528804898262024, 0.0005988461780361831, -1.0024489164352417], [0.07128126919269562, -0.04180999472737312, -0.0023764371871948242, -0.04937313124537468, 0.01487007737159729, 0.00034172774758189917, -1.0009002685546875], [0.07407188415527344, -0.046000219881534576, -0.002936124801635742, -0.049762170761823654, 0.010772645473480225, -0.00042535338434390724, -1.0038548707962036], [0.07064659148454666, -0.03659393638372421, -0.0013297609984874725, -0.04732167348265648, 0.011824920773506165, 0.0003411108336877078, -1.0035598278045654], [0.06108596920967102, -0.025865714997053146, -0.002720039337873459, -0.04856334626674652, 0.015854492783546448, 0.0004365993954706937, -1.0022391080856323], [0.07094241678714752, -0.03748895600438118, -0.002804640680551529, -0.0492982417345047, 0.014223039150238037, -0.00020381728245411068, -1.0024815797805786]]","[-0.0032753400671320706, -0.0012095484460575173, 0.001654337962418909, 0.0041852097570731946, -0.0022424668735046335, 0.0008878076672022768]","[-0.0032753400671320706, -0.0012095484460575173, 0.001654337962418909, 0.0041852097570731946, -0.0022424668735046335, 0.0008878076672022768]","[0.14619791507720947, 0.15058332681655884, 0.15692070126533508, 0.15764346718788147, 0.14558279514312744, 0.1471615731716156]","[0.14619791507720947, 0.15058332681655884, 0.15692070126533508, 0.15764346718788147, 0.14558279514312744, 0.1471615731716156]",3.0,3.0,6.0,6.0,086dfebd71040c3b8512d9e9cc25151dd95fdc19d68b60a3a990f563924cfbbb,086dfebd71040c3b8512d9e9cc25151dd95fdc19d68b60a3a990f563924cfbbb,3.0,3.0,0.0,True,0.0,True,0.0,True,True,True,False
Object,frozen_closed_loop__Object,libero_object_object,8,5,5100776,"[[0.07570121437311172, -0.045890528708696365, -0.0020008720457553864, -0.047946296632289886, 0.012261807918548584, 0.00014140887651592493, -1.003305435180664], [0.0665392354130745, -0.03152389079332352, -0.0011118315160274506, -0.0495528019964695, 0.01386009156703949, 0.000563572277314961, -1.0022855997085571], [0.0650356337428093, -0.03425197675824165, -0.003239773213863373, -0.04925552010536194, 0.007785916328430176, 0.000341441307682544, -1.0030325651168823], [0.07449042052030563, -0.04369955509901047, -0.0023050233721733093, -0.04806946963071823, 0.016244754195213318, 0.0002871974720619619, -1.0042119026184082], [0.07047481834888458, -0.038782116025686264, -0.001366250216960907, -0.0488593652844429, 0.009001314640045166, -0.0003742822154890746, -1.001632809638977], [0.07633734494447708, -0.043765660375356674, -0.002864878624677658, -0.0489916130900383, 0.011892065405845642, -0.0003824341984000057, -1.001620888710022]]","[[0.07570121437311172, -0.045890528708696365, -0.0020008720457553864, -0.047946296632289886, 0.012261807918548584, 0.00014140887651592493, -1.003305435180664], [0.0665392354130745, -0.03152389079332352, -0.0011118315160274506, -0.0495528019964695, 0.01386009156703949, 0.000563572277314961, -1.0022855997085571], [0.0650356337428093, -0.03425197675824165, -0.003239773213863373, -0.04925552010536194, 0.007785916328430176, 0.000341441307682544, -1.0030325651168823], [0.07449042052030563, -0.04369955509901047, -0.0023050233721733093, -0.04806946963071823, 0.016244754195213318, 0.0002871974720619619, -1.0042119026184082], [0.07047481834888458, -0.038782116025686264, -0.001366250216960907, -0.0488593652844429, 0.009001314640045166, -0.0003742822154890746, -1.001632809638977], [0.07633734494447708, -0.043765660375356674, -0.002864878624677658, -0.0489916130900383, 0.011892065405845642, -0.0003824341984000057, -1.001620888710022]]","[0.001388032785663997, -0.0013505658583576234, -0.00107358224460168, 0.00039905508292048975, 0.0017708496736870344, -0.0011337894393119892]","[0.001388032785663997, -0.0013505658583576234, -0.00107358224460168, 0.00039905508292048975, 0.0017708496736870344, -0.0011337894393119892]","[0.1571277379989624, 0.14412885904312134, 0.15534880757331848, 0.14987626671791077, 0.15076249837875366, 0.1490701138973236]","[0.1571277379989624, 0.14412885904312134, 0.15534880757331848, 0.14987626671791077, 0.15076249837875366, 0.1490701138973236]",0.0,0.0,6.0,6.0,086dfebd71040c3b8512d9e9cc25151dd95fdc19d68b60a3a990f563924cfbbb,086dfebd71040c3b8512d9e9cc25151dd95fdc19d68b60a3a990f563924cfbbb,4.0,0.0,0.0,True,0.0,True,0.0,True,True,True,True
Object,frozen_closed_loop__Object,libero_object_object,8,5,5100873,"[[0.06336551159620285, -0.03481384366750717, -0.0028206221759319305, -0.04712648689746857, 0.007273614406585693, 0.0009415165986865759, -1.0035271644592285], [0.0782487541437149, -0.0466122105717659, -0.002149287611246109, -0.04848531261086464, 0.009412407875061035, -0.00012223119847476482, -1.0022026300430298], [0.06585538387298584, -0.03530781716108322, -0.0033701956272125244, -0.04970025271177292, 0.01547732949256897, -0.00042980394209735096, -1.0020326375961304], [0.06317876279354095, -0.03619188442826271, -0.0023339129984378815, -0.047866176813840866, 0.008379444479942322, -0.00027286692056804895, -1.0027928352355957], [0.0651097297668457, -0.04788246005773544, -0.0027313828468322754, -0.04871348664164543, 0.009284377098083496, 0.0009342458797618747, -1.0005172491073608], [0.06769124418497086, -0.03716781735420227, -0.0014958903193473816, -0.04865451902151108, 0.011226564645767212, 0.00025348784402012825, -1.0033007860183716]]","[[0.06336551159620285, -0.03481384366750717, -0.0028206221759319305, -0.04712648689746857, 0.007273614406585693, 0.0009415165986865759, -1.0035271644592285], [0.0782487541437149, -0.0466122105717659, -0.002149287611246109, -0.04848531261086464, 0.009412407875061035, -0.00012223119847476482, -1.0022026300430298], [0.06585538387298584, -0.03530781716108322, -0.0033701956272125244, -0.04970025271177292, 0.01547732949256897, -0.00042980394209735096, -1.0020326375961304], [0.06317876279354095, -0.03619188442826271, -0.0023339129984378815, -0.047866176813840866, 0.008379444479942322, -0.00027286692056804895, -1.0027928352355957], [0.0651097297668457, -0.04788246005773544, -0.0027313828468322754, -0.04871348664164543, 0.009284377098083496, 0.0009342458797618747, -1.0005172491073608], [0.06769124418497086, -0.03716781735420227, -0.0014958903193473816, -0.04865451902151108, 0.011226564645767212, 0.00025348784402012825, -1.0033007860183716]]","[-0.0010787442827598294, 0.0010960815955101265, -0.0007677905592447653, 0.0007066786779130969, 0.003034481744906977, -0.0029907071763254326]","[-0.0010787442827598294, 0.0010960815955101265, -0.0007677905592447653, 0.0007066786779130969, 0.003034481744906977, -0.0029907071763254326]","[0.14866533875465393, 0.14778435230255127, 0.14632683992385864, 0.1538277268409729, 0.14847204089164734, 0.1457974910736084]","[0.14866533875465393, 0.14778435230255127, 0.14632683992385864, 0.1538277268409729, 0.14847204089164734, 0.1457974910736084]",3.0,3.0,6.0,6.0,086dfebd71040c3b8512d9e9cc25151dd95fdc19d68b60a3a990f563924cfbbb,086dfebd71040c3b8512d9e9cc25151dd95fdc19d68b60a3a990f563924cfbbb,4.0,3.0,0.0,True,0.0,True,0.0,True,True,True,True
Object,frozen_closed_loop__Object,libero_object_object,8,5,5100970,"[[0.0778866559267044, -0.03814341500401497, -0.002963729202747345, -0.04784577712416649, 0.01086205244064331, -0.00011520284897414967, -1.0010879039764404], [0.07098622620105743, -0.031975843012332916, -0.002677459269762039, -0.045972783118486404, 0.014146730303764343, -0.0005749094998463988, -1.0021218061447144], [0.0714358314871788, -0.04107808694243431, -0.0022940151393413544, -0.04941195622086525, 0.00646577775478363, 0.0009439401910640299, -1.0003840923309326], [0.07305990904569626, -0.03396078944206238, -0.0026067160069942474, -0.048642754554748535, 0.012986406683921814, 0.0005738173495046794, -1.0021741390228271], [0.06682556122541428, -0.037663355469703674, -0.0029907189309597015, -0.04876352846622467, 0.009575173258781433, 0.0007116522756405175, -1.0034291744232178], [0.07907141000032425, -0.04199769347906113, -0.002487748861312866, -0.047278475016355515, 0.010672509670257568, 6.986957305343822e-05, -1.0035499334335327]]","[[0.0778866559267044, -0.03814341500401497, -0.002963729202747345, -0.04784577712416649, 0.01086205244064331, -0.00011520284897414967, -1.0010879039764404], [0.07098622620105743, -0.031975843012332916, -0.002677459269762039, -0.045972783118486404, 0.014146730303764343, -0.0005749094998463988, -1.0021218061447144], [0.0714358314871788, -0.04107808694243431, -0.0022940151393413544, -0.04941195622086525, 0.00646577775478363, 0.0009439401910640299, -1.0003840923309326], [0.07305990904569626, -0.03396078944206238, -0.0026067160069942474, -0.048642754554748535, 0.012986406683921814, 0.0005738173495046794, -1.0021741390228271], [0.06682556122541428, -0.037663355469703674, -0.0029907189309597015, -0.04876352846622467, 0.009575173258781433, 0.0007116522756405175, -1.0034291744232178], [0.07907141000032425, -0.04199769347906113, -0.002487748861312866, -0.047278475016355515, 0.010672509670257568, 6.986957305343822e-05, -1.0035499334335327]]","[0.001051712540237636, -0.0021757886768822995, -0.0003532241476797034, 0.0006513889102937493, 0.0002092347864745331, 0.0006166765875560671]","[0.001051712540237636, -0.0021757886768822995, -0.0003532241476797034, 0.0006513889102937493, 0.0002092347864745331, 0.0006166765875560671]","[0.14765664935112, 0.15037941932678223, 0.14754238724708557, 0.14432674646377563, 0.1486579179763794, 0.14955627918243408]","[0.14765664935112, 0.15037941932678223, 0.14754238724708557, 0.14432674646377563, 0.1486579179763794, 0.14955627918243408]",1.0,1.0,6.0,6.0,086dfebd71040c3b8512d9e9cc25151dd95fdc19d68b60a3a990f563924cfbbb,086dfebd71040c3b8512d9e9cc25151dd95fdc19d68b60a3a990f563924cfbbb,0.0,1.0,0.0,True,0.0,True,0.0,True,True,True,True
Object,frozen_closed_loop__Object,libero_object_object,8,5,5101067,"[[0.08002504706382751, -0.028345640748739243, -0.002716686576604843, -0.04969562590122223, 0.006834268569946289, 0.0003158396284561604, -1.001827597618103], [0.07405903190374374, -0.04446761682629585, -0.0022079050540924072, -0.04681079834699631, 0.009188845753669739, -0.0005052870255894959, -1.0016695261001587], [0.08101880550384521, -0.03891823813319206, -0.0015725567936897278, -0.04666133224964142, 0.010951504111289978, 0.00032520340755581856, -1.0016191005706787], [0.07022593170404434, -0.040140990167856216, -0.003146175295114517, -0.04927140101790428, 0.00889652967453003, 0.0011983487056568265, -1.0012290477752686], [0.08064709603786469, -0.03700068220496178, -0.0025182031095027924, -0.04709517955780029, 0.012575715780258179, 0.00042796265915967524, -1.0023177862167358], [0.07230900228023529, -0.039587896317243576, -0.003490447998046875, -0.047908201813697815, 0.006461575627326965, -0.0007234741933643818, -1.0010597705841064]]","[[0.08002504706382751, -0.028345640748739243, -0.002716686576604843, -0.04969562590122223, 0.006834268569946289, 0.0003158396284561604, -1.001827597618103], [0.07405903190374374, -0.04446761682629585, -0.0022079050540924072, -0.04681079834699631, 0.009188845753669739, -0.0005052870255894959, -1.0016695261001587], [0.08101880550384521, -0.03891823813319206, -0.0015725567936897278, -0.04666133224964142, 0.010951504111289978, 0.00032520340755581856, -1.0016191005706787], [0.07022593170404434, -0.040140990167856216, -0.003146175295114517, -0.04927140101790428, 0.00889652967453003, 0.0011983487056568265, -1.0012290477752686], [0.08064709603786469, -0.03700068220496178, -0.0025182031095027924, -0.04709517955780029, 0.012575715780258179, 0.00042796265915967524, -1.0023177862167358], [0.07230900228023529, -0.039587896317243576, -0.003490447998046875, -0.047908201813697815, 0.006461575627326965, -0.0007234741933643818, -1.0010597705841064]]","[-0.001506624981617865, 0.0014661487284552603, -0.00037878277344738007, -0.002519320586455102, -0.0007546856237550482, 0.00369326523682013]","[-0.001506624981617865, 0.0014661487284552603, -0.00037878277344738007, -0.002519320586455102, -0.0007546856237550482, 0.00369326523682013]","[0.1541903018951416, 0.15069639682769775, 0.1471107006072998, 0.14659076929092407, 0.1441430151462555, 0.1511739194393158]","[0.1541903018951416, 0.15069639682769775, 0.1471107006072998, 0.14659076929092407, 0.1441430151462555, 0.1511739194393158]",0.0,0.0,6.0,6.0,086dfebd71040c3b8512d9e9cc25151dd95fdc19d68b60a3a990f563924cfbbb,086dfebd71040c3b8512d9e9cc25151dd95fdc19d68b60a3a990f563924cfbbb,5.0,0.0,0.0,True,0.0,True,0.0,True,True,True,True
Object,frozen_closed_loop__Object,libero_object_object,8,6,5110000,"[[0.038989484310150146, -0.022012274712324142, -0.0021528638899326324, -0.04150446504354477, 0.030405744910240173, -0.0014807068509981036, -0.9991588592529297], [0.03899518400430679, -0.026679933071136475, -0.0005423650145530701, -0.040129631757736206, 0.028378397226333618, -0.0021207269746810198, -1.0021700859069824], [0.039893947541713715, -0.02421889454126358, -0.0016363151371479034, -0.04261557385325432, 0.031013935804367065, -0.0016422485932707787, -1.0022928714752197], [0.051381513476371765, -0.034154970198869705, -0.0017546117305755615, -0.039254967123270035, 0.023420289158821106, -0.0021621037740260363, -1.0020344257354736], [0.0474858283996582, -0.024879947304725647, -0.0026655569672584534, -0.040401533246040344, 0.025508299469947815, -0.0027896095998585224, -1.0009132623672485], [0.02700202167034149, -0.017526783049106598, 0.00026397407054901123, -0.03837605565786362, 0.02104264497756958, -0.0022605888079851866, -1.0022833347320557]]","[[0.038989484310150146, -0.022012274712324142, -0.0021528638899326324, -0.04150446504354477, 0.030405744910240173, -0.0014807068509981036, -0.9991588592529297], [0.03899518400430679, -0.026679933071136475, -0.0005423650145530701, -0.040129631757736206, 0.028378397226333618, -0.0021207269746810198, -1.0021700859069824], [0.039893947541713715, -0.02421889454126358, -0.0016363151371479034, -0.04261557385325432, 0.031013935804367065, -0.0016422485932707787, -1.0022928714752197], [0.051381513476371765, -0.034154970198869705, -0.0017546117305755615, -0.039254967123270035, 0.023420289158821106, -0.0021621037740260363, -1.0020344257354736], [0.0474858283996582, -0.024879947304725647, -0.0026655569672584534, -0.040401533246040344, 0.025508299469947815, -0.0027896095998585224, -1.0009132623672485], [0.02700202167034149, -0.017526783049106598, 0.00026397407054901123, -0.03837605565786362, 0.02104264497756958, -0.0022605888079851866, -1.0022833347320557]]","[-0.00034751185094984374, 0.0004472682543993692, -0.00017715973501523658, 0.0008443956071223969, 0.001203345394677342, -0.0019703376702339247]","[-0.00034751185094984374, 0.0004472682543993692, -0.00017715973501523658, 0.0008443956071223969, 0.001203345394677342, -0.0019703376702339247]","[0.20957058668136597, 0.2000516653060913, 0.20832782983779907, 0.19898593425750732, 0.2128177285194397, 0.2009628415107727]","[0.20957058668136597, 0.2000516653060913, 0.20832782983779907, 0.19898593425750732, 0.2128177285194397, 0.2009628415107727]",4.0,4.0,6.0,6.0,086dfebd71040c3b8512d9e9cc25151dd95fdc19d68b60a3a990f563924cfbbb,086dfebd71040c3b8512d9e9cc25151dd95fdc19d68b60a3a990f563924cfbbb,4.0,4.0,0.0,True,0.0,True,0.0,True,True,True,False
Object,frozen_closed_loop__Object,libero_object_object,8,6,5110097,"[[0.036349743604660034, -0.0279076024889946, -0.0017106905579566956, -0.040765177458524704, 0.029371708631515503, -0.0023622242733836174, -0.9993338584899902], [0.0333225354552269, -0.024790652096271515, -0.00019300729036331177, -0.041198089718818665, 0.025704726576805115, -0.0021969149820506573, -1.001283884048462], [0.0447043776512146, -0.03637388348579407, -0.001999475061893463, -0.039591822773218155, 0.026918068528175354, -0.002228663768619299, -1.0002130270004272], [0.0335615873336792, -0.02401242032647133, -0.0015326030552387238, -0.040832966566085815, 0.02689017355442047, -0.0015390266198664904, -1.002054214477539], [0.025513730943202972, -0.016704127192497253, -0.0019163265824317932, -0.040722545236349106, 0.028265610337257385, -0.0025443003978580236, -1.0021209716796875], [0.029172822833061218, -0.02711668610572815, -0.0012869015336036682, -0.04126988723874092, 0.02498111128807068, -0.002249792916700244, -1.002339482307434]]","[[0.036349743604660034, -0.0279076024889946, -0.0017106905579566956, -0.040765177458524704, 0.029371708631515503, -0.0023622242733836174, -0.9993338584899902], [0.0333225354552269, -0.024790652096271515, -0.00019300729036331177, -0.041198089718818665, 0.025704726576805115, -0.0021969149820506573, -1.001283884048462], [0.0447043776512146, -0.03637388348579407, -0.001999475061893463, -0.039591822773218155, 0.026918068528175354, -0.002228663768619299, -1.0002130270004272], [0.0335615873336792, -0.02401242032647133, -0.0015326030552387238, -0.040832966566085815, 0.02689017355442047, -0.0015390266198664904, -1.002054214477539], [0.025513730943202972, -0.016704127192497253, -0.0019163265824317932, -0.040722545236349106, 0.028265610337257385, -0.0025443003978580236, -1.0021209716796875], [0.029172822833061218, -0.02711668610572815, -0.0012869015336036682, -0.04126988723874092, 0.02498111128807068, -0.002249792916700244, -1.002339482307434]]","[0.0008378969832467406, -0.0004898507736728962, 0.003095556316559108, -0.002177405268739182, -0.0002731691834599974, -0.000993028073933496]","[0.0008378969832467406, -0.0004898507736728962, 0.003095556316559108, -0.002177405268739182, -0.0002731691834599974, -0.000993028073933496]","[0.21119284629821777, 0.19877839088439941, 0.2196783721446991, 0.1967167854309082, 0.18805289268493652, 0.20261090993881226]","[0.21119284629821777, 0.19877839088439941, 0.2196783721446991, 0.1967167854309082, 0.18805289268493652, 0.20261090993881226]",2.0,2.0,6.0,6.0,086dfebd71040c3b8512d9e9cc25151dd95fdc19d68b60a3a990f563924cfbbb,086dfebd71040c3b8512d9e9cc25151dd95fdc19d68b60a3a990f563924cfbbb,2.0,2.0,0.0,True,0.0,True,0.0,True,True,True,False
Object,frozen_closed_loop__Object,libero_object_object,8,6,5110194,"[[0.035422369837760925, -0.026341695338487625, -0.0014006160199642181, -0.041694749146699905, 0.024246588349342346, -0.002709918189793825, -1.0017038583755493], [0.04972100257873535, -0.03416435793042183, -0.0019231438636779785, -0.041568413376808167, 0.028932183980941772, -0.0027844759169965982, -1.0006608963012695], [0.04022464156150818, -0.030185021460056305, -0.0003365613520145416, -0.04117564111948013, 0.034954726696014404, -0.0029924840200692415, -1.0007996559143066], [0.038986578583717346, -0.025746915489435196, -0.0022061169147491455, -0.041283298283815384, 0.03337879478931427, -0.0026257322169840336, -1.0001119375228882], [0.02054493874311447, -0.023088734596967697, -0.0016759894788265228, -0.040991540998220444, 0.02612181007862091, -0.0025295387022197247, -0.9996662735939026], [0.045300498604774475, -0.03886895254254341, -0.002157781273126602, -0.040595896542072296, 0.029026195406913757, -0.0025612874887883663, -1.001490831375122]]","[[0.035422369837760925, -0.026341695338487625, -0.0014006160199642181, -0.041694749146699905, 0.024246588349342346, -0.002709918189793825, -1.0017038583755493], [0.04972100257873535, -0.03416435793042183, -0.0019231438636779785, -0.041568413376808167, 0.028932183980941772, -0.0027844759169965982, -1.0006608963012695], [0.04022464156150818, -0.030185021460056305, -0.0003365613520145416, -0.04117564111948013, 0.034954726696014404, -0.0029924840200692415, -1.0007996559143066], [0.038986578583717346, -0.025746915489435196, -0.0022061169147491455, -0.041283298283815384, 0.03337879478931427, -0.0026257322169840336, -1.0001119375228882], [0.02054493874311447, -0.023088734596967697, -0.0016759894788265228, -0.040991540998220444, 0.02612181007862091, -0.0025295387022197247, -0.9996662735939026], [0.045300498604774475, -0.03886895254254341, -0.002157781273126602, -0.040595896542072296, 0.029026195406913757, -0.0025612874887883663, -1.001490831375122]]","[-0.00011164645343257661, 0.0005723235865598677, -0.00040414190563616925, 0.00021593905413427465, -0.0018665773720317426, 0.001594103090406606]","[-0.00011164645343257661, 0.0005723235865598677, -0.00040414190563616925, 0.00021593905413427465, -0.0018665773720317426, 0.001594103090406606]","[0.2020464539527893, 0.19668447971343994, 0.19548404216766357, 0.20061081647872925, 0.2048470377922058, 0.19644641876220703]","[0.2020464539527893, 0.19668447971343994, 0.19548404216766357, 0.20061081647872925, 0.2048470377922058, 0.19644641876220703]",4.0,4.0,6.0,6.0,086dfebd71040c3b8512d9e9cc25151dd95fdc19d68b60a3a990f563924cfbbb,086dfebd71040c3b8512d9e9cc25151dd95fdc19d68b60a3a990f563924cfbbb,5.0,4.0,0.0,True,0.0,True,0.0,True,True,True,True
Object,frozen_closed_loop__Object,libero_object_object,8,6,5110291,"[[0.03817431628704071, -0.013961456716060638, -0.0020585954189300537, -0.039789844304323196, 0.033789798617362976, -0.0023510318715125322, -1.001132607460022], [0.03707673400640488, -0.03325609490275383, -0.0006389804184436798, -0.03809366747736931, 0.026243045926094055, -0.0021659154444932938, -1.0014665126800537], [0.03705829381942749, -0.02283308655023575, 8.359551429748535e-05, -0.04227745532989502, 0.02079494297504425, -0.0020880308002233505, -1.001583218574524], [0.03799069672822952, -0.026485417038202286, -0.003721006214618683, -0.041877422481775284, 0.02482062578201294, -0.0020710218232125044, -0.9997742772102356], [0.050548799335956573, -0.02626139670610428, -0.0024537183344364166, -0.04094327613711357, 0.026527181267738342, -0.001893506501801312, -1.0021389722824097], [0.04207000136375427, -0.02866392955183983, -0.0017044320702552795, -0.040124744176864624, 0.027719467878341675, -0.0015249699354171753, -1.0012760162353516]]","[[0.03817431628704071, -0.013961456716060638, -0.0020585954189300537, -0.039789844304323196, 0.033789798617362976, -0.0023510318715125322, -1.001132607460022], [0.03707673400640488, -0.03325609490275383, -0.0006389804184436798, -0.03809366747736931, 0.026243045926094055, -0.0021659154444932938, -1.0014665126800537], [0.03705829381942749, -0.02283308655023575, 8.359551429748535e-05, -0.04227745532989502, 0.02079494297504425, -0.0020880308002233505, -1.001583218574524], [0.03799069672822952, -0.026485417038202286, -0.003721006214618683, -0.041877422481775284, 0.02482062578201294, -0.0020710218232125044, -0.9997742772102356], [0.050548799335956573, -0.02626139670610428, -0.0024537183344364166, -0.04094327613711357, 0.026527181267738342, -0.001893506501801312, -1.0021389722824097], [0.04207000136375427, -0.02866392955183983, -0.0017044320702552795, -0.040124744176864624, 0.027719467878341675, -0.0015249699354171753, -1.0012760162353516]]","[-0.0016796461711649404, 0.0011460616680010333, -0.0008748972508235808, -0.0021657043045621356, 0.0001349398067125661, 0.0034392462518373825]","[-0.0016796461711649404, 0.0011460616680010333, -0.0008748972508235808, -0.0021657043045621356, 0.0001349398067125661, 0.0034392462518373825]","[0.20554563403129578, 0.21622741222381592, 0.19744259119033813, 0.20545154809951782, 0.18668857216835022, 0.2018584907054901]","[0.20554563403129578, 0.21622741222381592, 0.19744259119033813, 0.20545154809951782, 0.18668857216835022, 0.2018584907054901]",1.0,1.0,6.0,6.0,086dfebd71040c3b8512d9e9cc25151dd95fdc19d68b60a3a990f563924cfbbb,086dfebd71040c3b8512d9e9cc25151dd95fdc19d68b60a3a990f563924cfbbb,5.0,1.0,0.0,True,0.0,True,0.0,True,True,True,True
Object,frozen_closed_loop__Object,libero_object_object,8,6,5110388,"[[0.03573652356863022, -0.027483869343996048, -0.000560469925403595, -0.04031576216220856, 0.029605776071548462, -0.001975048566237092, -1.0018620491027832], [0.022754743695259094, -0.01969076693058014, -0.002300720661878586, -0.043323155492544174, 0.03001311421394348, -0.0023395309690386057, -0.9999390244483948], [0.04852607846260071, -0.03380097448825836, -0.0010514259338378906, -0.04290557652711868, 0.034342020750045776, -0.0025267184246331453, -0.9992764592170715], [0.03834284842014313, -0.03495482727885246, -0.002027638256549835, -0.03900419548153877, 0.029208675026893616, -0.0023936426732689142, -1.0020322799682617], [0.03973960876464844, -0.03247953951358795, -0.002396833151578903, -0.0413055457174778, 0.024382129311561584, -0.001672719488851726, -1.0005484819412231], [0.03337159752845764, -0.014702696353197098, -0.002382975071668625, -0.03982868790626526, 0.029012158513069153, -0.0024761981330811977, -1.0032879114151]]","[[0.03573652356863022, -0.027483869343996048, -0.000560469925403595, -0.04031576216220856, 0.029605776071548462, -0.001975048566237092, -1.0018620491027832], [0.022754743695259094, -0.01969076693058014, -0.002300720661878586, -0.043323155492544174, 0.03001311421394348, -0.0023395309690386057, -0.9999390244483948], [0.04852607846260071, -0.03380097448825836, -0.0010514259338378906, -0.04290557652711868, 0.034342020750045776, -0.0025267184246331453, -0.9992764592170715], [0.03834284842014313, -0.03495482727885246, -0.002027638256549835, -0.03900419548153877, 0.029208675026893616, -0.0023936426732689142, -1.0020322799682617], [0.03973960876464844, -0.03247953951358795, -0.002396833151578903, -0.0413055457174778, 0.024382129311561584, -0.001672719488851726, -1.0005484819412231], [0.03337159752845764, -0.014702696353197098, -0.002382975071668625, -0.03982868790626526, 0.029012158513069153, -0.0024761981330811977, -1.0032879114151]]","[0.0013152349524732363, -0.00038213295193265605, 0.0005068862854485212, 0.003485411007937679, -0.0012855203744319768, -0.003639878919494746]","[0.0013152349524732363, -0.00038213295193265605, 0.0005068862854485212, 0.003485411007937679, -0.0012855203744319768, -0.003639878919494746]","[0.20955732464790344, 0.2176658809185028, 0.2003181278705597, 0.19078242778778076, 0.18248581886291504, 0.20446506142616272]","[0.20955732464790344, 0.2176658809185028, 0.2003181278705597, 0.19078242778778076, 0.18248581886291504, 0.20446506142616272]",1.0,1.0,6.0,6.0,086dfebd71040c3b8512d9e9cc25151dd95fdc19d68b60a3a990f563924cfbbb,086dfebd71040c3b8512d9e9cc25151dd95fdc19d68b60a3a990f563924cfbbb,3.0,1.0,0.0,True,0.0,True,0.0,True,True,True,True
Object,frozen_closed_loop__Object,libero_object_object,8,6,5110485,"[[0.04160530865192413, -0.03532173112034798, -0.00100795179605484, -0.03990088775753975, 0.03182964026927948, -0.003046617843210697, -1.0001462697982788], [0.034632571041584015, -0.014734379947185516, -0.001233033835887909, -0.0412224605679512, 0.022937312722206116, -0.0026333334390074015, -1.0026302337646484], [0.05871087312698364, -0.028066132217645645, -0.00042356550693511963, -0.042852479964494705, 0.023252740502357483, -0.0020727182272821665, -1.0010707378387451], [0.05317244678735733, -0.03559637814760208, -0.0019349902868270874, -0.03958430141210556, 0.026943817734718323, -0.00245332857593894, -1.0007447004318237], [0.04838861525058746, -0.029515698552131653, -0.0016835890710353851, -0.04204346239566803, 0.02754400670528412, -0.002286476781591773, -1.0017753839492798], [0.026285089552402496, -0.016635730862617493, -0.000714082270860672, -0.04008820652961731, 0.031820207834243774, -0.00215527368709445, -1.0029853582382202]]","[[0.04160530865192413, -0.03532173112034798, -0.00100795179605484, -0.03990088775753975, 0.03182964026927948, -0.003046617843210697, -1.0001462697982788], [0.034632571041584015, -0.014734379947185516, -0.001233033835887909, -0.0412224605679512, 0.022937312722206116, -0.0026333334390074015, -1.0026302337646484], [0.05871087312698364, -0.028066132217645645, -0.00042356550693511963, -0.042852479964494705, 0.023252740502357483, -0.0020727182272821665, -1.0010707378387451], [0.05317244678735733, -0.03559637814760208, -0.0019349902868270874, -0.03958430141210556, 0.026943817734718323, -0.00245332857593894, -1.0007447004318237], [0.04838861525058746, -0.029515698552131653, -0.0016835890710353851, -0.04204346239566803, 0.02754400670528412, -0.002286476781591773, -1.0017753839492798], [0.026285089552402496, -0.016635730862617493, -0.000714082270860672, -0.04008820652961731, 0.031820207834243774, -0.00215527368709445, -1.0029853582382202]]","[-0.0003317303183215142, 0.00194047068170697, 0.0013510018106416644, -0.001034404815039018, 0.001069193034735369, -0.0029945303937233317]","[-0.0003317303183215142, 0.00194047068170697, 0.0013510018106416644, -0.001034404815039018, 0.001069193034735369, -0.0029945303937233317]","[0.20183658599853516, 0.21890407800674438, 0.21656224131584167, 0.21524885296821594, 0.19990625977516174, 0.1904151439666748]","[0.20183658599853516, 0.21890407800674438, 0.21656224131584167, 0.21524885296821594, 0.19990625977516174, 0.1904151439666748]",1.0,1.0,6.0,6.0,086dfebd71040c3b8512d9e9cc25151dd95fdc19d68b60a3a990f563924cfbbb,086dfebd71040c3b8512d9e9cc25151dd95fdc19d68b60a3a990f563924cfbbb,1.0,1.0,0.0,True,0.0,True,0.0,True,True,True,False
Object,frozen_closed_loop__Object,libero_object_object,8,6,5110582,"[[0.03287259489297867, -0.025189965963363647, -0.0030258111655712128, -0.040651701390743256, 0.025213882327079773, -0.0022938798647373915, -1.001728892326355], [0.046041011810302734, -0.02829384058713913, -0.0013927370309829712, -0.041836582124233246, 0.02350442111492157, -0.0018037022091448307, -1.0031218528747559], [0.04229910671710968, -0.019602421671152115, -0.0011369213461875916, -0.03908389434218407, 0.026326149702072144, -0.002035351237282157, -1.0004494190216064], [0.04645597189664841, -0.026965700089931488, -0.0011667609214782715, -0.042241521179676056, 0.026750072836875916, -0.002210398903116584, -1.0019311904907227], [0.0263301283121109, -0.020350925624370575, -0.001979134976863861, -0.04035888612270355, 0.021690532565116882, -0.002199470764026046, -1.0015168190002441], [0.04841689020395279, -0.035865604877471924, -0.0016589462757110596, -0.04100222513079643, 0.028591811656951904, -0.002507087541744113, -1.0014548301696777]]","[[0.03287259489297867, -0.025189965963363647, -0.0030258111655712128, -0.040651701390743256, 0.025213882327079773, -0.0022938798647373915, -1.001728892326355], [0.046041011810302734, -0.02829384058713913, -0.0013927370309829712, -0.041836582124233246, 0.02350442111492157, -0.0018037022091448307, -1.0031218528747559], [0.04229910671710968, -0.019602421671152115, -0.0011369213461875916, -0.03908389434218407, 0.026326149702072144, -0.002035351237282157, -1.0004494190216064], [0.04645597189664841, -0.026965700089931488, -0.0011667609214782715, -0.042241521179676056, 0.026750072836875916, -0.002210398903116584, -1.0019311904907227], [0.0263301283121109, -0.020350925624370575, -0.001979134976863861, -0.04035888612270355, 0.021690532565116882, -0.002199470764026046, -1.0015168190002441], [0.04841689020395279, -0.035865604877471924, -0.0016589462757110596, -0.04100222513079643, 0.028591811656951904, -0.002507087541744113, -1.0014548301696777]]","[0.0020035542639421583, 0.00016420823181377867, -0.00251636971009195, 9.839766335939802e-05, -0.004169262767693584, 0.00441947231867026]","[0.0020035542639421583, 0.00016420823181377867, -0.00251636971009195, 9.839766335939802e-05, -0.004169262767693584, 0.00441947231867026]","[0.21325090527534485, 0.21053996682167053, 0.21351850032806396, 0.1988835334777832, 0.19078359007835388, 0.2098979949951172]","[0.21325090527534485, 0.21053996682167053, 0.21351850032806396, 0.1988835334777832, 0.19078359007835388, 0.2098979949951172]",2.0,2.0,6.0,6.0,086dfebd71040c3b8512d9e9cc25151dd95fdc19d68b60a3a990f563924cfbbb,086dfebd71040c3b8512d9e9cc25151dd95fdc19d68b60a3a990f563924cfbbb,5.0,2.0,0.0,True,0.0,True,0.0,True,True,True,True
Object,frozen_closed_loop__Object,libero_object_object,8,6,5110679,"[[0.05688328295946121, -0.02999391406774521, -0.0006637908518314362, -0.04218805953860283, 0.027363628149032593, -0.002527776174247265, -1.0018713474273682], [0.03745805472135544, -0.024037901312112808, -0.0008664093911647797, -0.040122054517269135, 0.02407895028591156, -0.002207005862146616, -1.0015417337417603], [0.04309035837650299, -0.03095341846346855, -0.0018050149083137512, -0.041722338646650314, 0.022104665637016296, -0.0016695688245818019, -1.0008916854858398], [0.04286572337150574, -0.030925199389457703, -0.0015020929276943207, -0.040219686925411224, 0.028227925300598145, -0.0017483568517491221, -1.0006996393203735], [0.038781724870204926, -0.033838190138339996, -0.001702532172203064, -0.041764259338378906, 0.028814658522605896, -0.0022048468235880136, -1.001499891281128], [0.040449611842632294, -0.03589823842048645, -0.0008022598922252655, -0.03749632462859154, 0.025833964347839355, -0.002382339909672737, -1.0000804662704468]]","[[0.05688328295946121, -0.02999391406774521, -0.0006637908518314362, -0.04218805953860283, 0.027363628149032593, -0.002527776174247265, -1.0018713474273682], [0.03745805472135544, -0.024037901312112808, -0.0008664093911647797, -0.040122054517269135, 0.02407895028591156, -0.002207005862146616, -1.0015417337417603], [0.04309035837650299, -0.03095341846346855, -0.0018050149083137512, -0.041722338646650314, 0.022104665637016296, -0.0016695688245818019, -1.0008916854858398], [0.04286572337150574, -0.030925199389457703, -0.0015020929276943207, -0.040219686925411224, 0.028227925300598145, -0.0017483568517491221, -1.0006996393203735], [0.038781724870204926, -0.033838190138339996, -0.001702532172203064, -0.041764259338378906, 0.028814658522605896, -0.0022048468235880136, -1.001499891281128], [0.040449611842632294, -0.03589823842048645, -0.0008022598922252655, -0.03749632462859154, 0.025833964347839355, -0.002382339909672737, -1.0000804662704468]]","[0.003040423152123499, -0.005509438770923433, -0.00018547286318082104, 0.003485358837445694, -0.0009082111580730693, 7.734080260808564e-05]","[0.003040423152123499, -0.005509438770923433, -0.00018547286318082104, 0.003485358837445694, -0.0009082111580730693, 7.734080260808564e-05]","[0.21283945441246033, 0.2105512022972107, 0.20354419946670532, 0.21967723965644836, 0.20340168476104736, 0.19635823369026184]","[0.21283945441246033, 0.2105512022972107, 0.20354419946670532, 0.21967723965644836, 0.20340168476104736, 0.19635823369026184]",3.0,3.0,6.0,6.0,086dfebd71040c3b8512d9e9cc25151dd95fdc19d68b60a3a990f563924cfbbb,086dfebd71040c3b8512d9e9cc25151dd95fdc19d68b60a3a990f563924cfbbb,3.0,3.0,0.0,True,0.0,True,0.0,True,True,True,False
Object,frozen_closed_loop__Object,libero_object_object,8,6,5110776,"[[0.037789419293403625, -0.027274545282125473, -0.0012226961553096771, -0.04185888543725014, 0.029125884175300598, -0.0024900345597416162, -0.9995957016944885], [0.050354450941085815, -0.042868293821811676, -0.001175757497549057, -0.03991171717643738, 0.030639320611953735, -0.0019634594209492207, -1.0032484531402588], [0.054196715354919434, -0.02828948199748993, -0.0012105144560337067, -0.041832100600004196, 0.029127582907676697, -0.002431208034977317, -1.0000734329223633], [0.0349494069814682, -0.028225108981132507, -0.0015707127749919891, -0.04000517725944519, 0.0343136340379715, -0.0023443340323865414, -1.0017716884613037], [0.04463396966457367, -0.031905658543109894, -0.0020031072199344635, -0.04007573053240776, 0.026566073298454285, -0.0015514529077336192, -1.002935528755188], [0.04428975284099579, -0.029876288026571274, 0.0001055002212524414, -0.040510233491659164, 0.026616007089614868, -0.0022684764117002487, -1.0002678632736206]]","[[0.037789419293403625, -0.027274545282125473, -0.0012226961553096771, -0.04185888543725014, 0.029125884175300598, -0.0024900345597416162, -0.9995957016944885], [0.050354450941085815, -0.042868293821811676, -0.001175757497549057, -0.03991171717643738, 0.030639320611953735, -0.0019634594209492207, -1.0032484531402588], [0.054196715354919434, -0.02828948199748993, -0.0012105144560337067, -0.041832100600004196, 0.029127582907676697, -0.002431208034977317, -1.0000734329223633], [0.0349494069814682, -0.028225108981132507, -0.0015707127749919891, -0.04000517725944519, 0.0343136340379715, -0.0023443340323865414, -1.0017716884613037], [0.04463396966457367, -0.031905658543109894, -0.0020031072199344635, -0.04007573053240776, 0.026566073298454285, -0.0015514529077336192, -1.002935528755188], [0.04428975284099579, -0.029876288026571274, 0.0001055002212524414, -0.040510233491659164, 0.026616007089614868, -0.0022684764117002487, -1.0002678632736206]]","[-0.00497203804208488, 0.0026271534221692606, 0.003488659566089569, -0.0020432099837976703, 0.0021320250559019273, -0.0012325900182780709]","[-0.00497203804208488, 0.0026271534221692606, 0.003488659566089569, -0.0020432099837976703, 0.0021320250559019273, -0.0012325900182780709]","[0.1859150230884552, 0.20039299130439758, 0.2116532027721405, 0.19409677386283875, 0.19050413370132446, 0.2090190052986145]","[0.1859150230884552, 0.20039299130439758, 0.2116532027721405, 0.19409677386283875, 0.19050413370132446, 0.2090190052986145]",2.0,2.0,6.0,6.0,086dfebd71040c3b8512d9e9cc25151dd95fdc19d68b60a3a990f563924cfbbb,086dfebd71040c3b8512d9e9cc25151dd95fdc19d68b60a3a990f563924cfbbb,2.0,2.0,0.0,True,0.0,True,0.0,True,True,True,False
Object,frozen_closed_loop__Object,libero_object_object,8,6,5110873,"[[0.040088407695293427, -0.037983935326337814, -0.0006289221346378326, -0.040088992565870285, 0.023438215255737305, -0.00229269010014832, -1.0012863874435425], [0.03647077828645706, -0.023668259382247925, -0.0018422864377498627, -0.042734209448099136, 0.021766304969787598, -0.0021545467898249626, -1.0001451969146729], [0.05332723259925842, -0.03159608691930771, -0.0021957792341709137, -0.04157474264502525, 0.025298595428466797, -0.002395317191258073, -1.0012719631195068], [0.04832860082387924, -0.026910770684480667, -0.0005939975380897522, -0.04173489287495613, 0.030346199870109558, -0.002212205668911338, -1.0004889965057373], [0.04486352205276489, -0.018124636262655258, -0.0017736107110977173, -0.04089277610182762, 0.03140817582607269, -0.0015892165247350931, -1.002299189567566], [0.0348581001162529, -0.0224933959543705, -0.0018617883324623108, -0.040622226893901825, 0.020659714937210083, -0.0012511509703472257, -1.0012620687484741]]","[[0.040088407695293427, -0.037983935326337814, -0.0006289221346378326, -0.040088992565870285, 0.023438215255737305, -0.00229269010014832, -1.0012863874435425], [0.03647077828645706, -0.023668259382247925, -0.0018422864377498627, -0.042734209448099136, 0.021766304969787598, -0.0021545467898249626, -1.0001451969146729], [0.05332723259925842, -0.03159608691930771, -0.0021957792341709137, -0.04157474264502525, 0.025298595428466797, -0.002395317191258073, -1.0012719631195068], [0.04832860082387924, -0.026910770684480667, -0.0005939975380897522, -0.04173489287495613, 0.030346199870109558, -0.002212205668911338, -1.0004889965057373], [0.04486352205276489, -0.018124636262655258, -0.0017736107110977173, -0.04089277610182762, 0.03140817582607269, -0.0015892165247350931, -1.002299189567566], [0.0348581001162529, -0.0224933959543705, -0.0018617883324623108, -0.040622226893901825, 0.020659714937210083, -0.0012511509703472257, -1.0012620687484741]]","[-0.0009696195833968018, 0.00048262084117942897, 0.0017578377845574446, 0.001950688658954154, -0.0007082418928158981, -0.002513285808478347]","[-0.0009696195833968018, 0.00048262084117942897, 0.0017578377845574446, 0.001950688658954154, -0.0007082418928158981, -0.002513285808478347]","[0.22134292125701904, 0.21718382835388184, 0.2166074812412262, 0.20321515202522278, 0.19779351353645325, 0.21471771597862244]","[0.22134292125701904, 0.21718382835388184, 0.2166074812412262, 0.20321515202522278, 0.19779351353645325, 0.21471771597862244]",0.0,0.0,6.0,6.0,086dfebd71040c3b8512d9e9cc25151dd95fdc19d68b60a3a990f563924cfbbb,086dfebd71040c3b8512d9e9cc25151dd95fdc19d68b60a3a990f563924cfbbb,3.0,0.0,0.0,True,0.0,True,0.0,True,True,True,True
Object,frozen_closed_loop__Object,libero_object_object,8,6,5110970,"[[0.053016096353530884, -0.019279494881629944, -0.0025398842990398407, -0.04213666543364525, 0.02825970947742462, -0.002034998731687665, -1.0002838373184204], [0.025818273425102234, -0.019390080124139786, -0.00031538307666778564, -0.03993173688650131, 0.02856498956680298, -0.002024423098191619, -1.001469612121582], [0.04664529114961624, -0.03737635910511017, -0.002432093024253845, -0.04167916253209114, 0.030848801136016846, -0.0022805500775575638, -1.0014772415161133], [0.033784545958042145, -0.03415469080209732, -0.0014832615852355957, -0.04076806828379631, 0.024012476205825806, -0.0023553501814603806, -1.0003138780593872], [0.04227597266435623, -0.022456124424934387, -0.000643562525510788, -0.04325706884264946, 0.02882257103919983, -0.0021674137096852064, -1.0008419752120972], [0.05111686885356903, -0.04264030605554581, -0.0010693632066249847, -0.04093339666724205, 0.028714120388031006, -0.0023721610195934772, -1.0022859573364258]]","[[0.053016096353530884, -0.019279494881629944, -0.0025398842990398407, -0.04213666543364525, 0.02825970947742462, -0.002034998731687665, -1.0002838373184204], [0.025818273425102234, -0.019390080124139786, -0.00031538307666778564, -0.03993173688650131, 0.02856498956680298, -0.002024423098191619, -1.001469612121582], [0.04664529114961624, -0.03737635910511017, -0.002432093024253845, -0.04167916253209114, 0.030848801136016846, -0.0022805500775575638, -1.0014772415161133], [0.033784545958042145, -0.03415469080209732, -0.0014832615852355957, -0.04076806828379631, 0.024012476205825806, -0.0023553501814603806, -1.0003138780593872], [0.04227597266435623, -0.022456124424934387, -0.000643562525510788, -0.04325706884264946, 0.02882257103919983, -0.0021674137096852064, -1.0008419752120972], [0.05111686885356903, -0.04264030605554581, -0.0010693632066249847, -0.04093339666724205, 0.028714120388031006, -0.0023721610195934772, -1.0022859573364258]]","[-0.0025592615834502644, -0.004405726861002983, 0.0033151632114502326, 0.0007988777226889181, 0.0015688398295137832, 0.0012821076808004833]","[-0.0025592615834502644, -0.004405726861002983, 0.0033151632114502326, 0.0007988777226889181, 0.0015688398295137832, 0.0012821076808004833]","[0.19838106632232666, 0.20976749062538147, 0.21845901012420654, 0.21541813015937805, 0.22150644659996033, 0.18597698211669922]","[0.19838106632232666, 0.20976749062538147, 0.21845901012420654, 0.21541813015937805, 0.22150644659996033, 0.18597698211669922]",4.0,4.0,6.0,6.0,086dfebd71040c3b8512d9e9cc25151dd95fdc19d68b60a3a990f563924cfbbb,086dfebd71040c3b8512d9e9cc25151dd95fdc19d68b60a3a990f563924cfbbb,2.0,4.0,0.0,True,0.0,True,0.0,True,True,True,True
Object,frozen_closed_loop__Object,libero_object_object,8,6,5111067,"[[0.033620260655879974, -0.017660167068243027, -0.0025133974850177765, -0.040587883442640305, 0.024032413959503174, -0.0008485302678309381, -1.0033588409423828], [0.03273814916610718, -0.022368784993886948, -0.0009984523057937622, -0.039860159158706665, 0.02300812304019928, -0.0023953611962497234, -1.0017859935760498], [0.038418956100940704, -0.021289922297000885, -0.0005615875124931335, -0.03960016742348671, 0.021163076162338257, -0.0023699356243014336, -1.0014984607696533], [0.04656035453081131, -0.023487936705350876, -0.0031672976911067963, -0.04124452918767929, 0.027217000722885132, -0.0017819121712818742, -1.0026931762695312], [0.040408819913864136, -0.025813300162553787, -0.0019960105419158936, -0.0410664826631546, 0.0274774432182312, -0.001981680281460285, -1.002079725265503], [0.04399694502353668, -0.019877515733242035, -0.002087540924549103, -0.040149152278900146, 0.026126280426979065, -0.002023519715294242, -1.0023099184036255]]","[[0.033620260655879974, -0.017660167068243027, -0.0025133974850177765, -0.040587883442640305, 0.024032413959503174, -0.0008485302678309381, -1.0033588409423828], [0.03273814916610718, -0.022368784993886948, -0.0009984523057937622, -0.039860159158706665, 0.02300812304019928, -0.0023953611962497234, -1.0017859935760498], [0.038418956100940704, -0.021289922297000885, -0.0005615875124931335, -0.03960016742348671, 0.021163076162338257, -0.0023699356243014336, -1.0014984607696533], [0.04656035453081131, -0.023487936705350876, -0.0031672976911067963, -0.04124452918767929, 0.027217000722885132, -0.0017819121712818742, -1.0026931762695312], [0.040408819913864136, -0.025813300162553787, -0.0019960105419158936, -0.0410664826631546, 0.0274774432182312, -0.001981680281460285, -1.002079725265503], [0.04399694502353668, -0.019877515733242035, -0.002087540924549103, -0.040149152278900146, 0.026126280426979065, -0.002023519715294242, -1.0023099184036255]]","[-0.002715458416581869, 0.0010001842853459566, -0.0022566557124513334, 0.0028857287741712824, 0.0008544105700323139, 0.0002317904994838544]","[-0.002715458416581869, 0.0010001842853459566, -0.0022566557124513334, 0.0028857287741712824, 0.0008544105700323139, 0.0002317904994838544]","[0.18514305353164673, 0.2008274793624878, 0.18281632661819458, 0.21673452854156494, 0.20734813809394836, 0.20070645213127136]","[0.18514305353164673, 0.2008274793624878, 0.18281632661819458, 0.21673452854156494, 0.20734813809394836, 0.20070645213127136]",3.0,3.0,6.0,6.0,086dfebd71040c3b8512d9e9cc25151dd95fdc19d68b60a3a990f563924cfbbb,086dfebd71040c3b8512d9e9cc25151dd95fdc19d68b60a3a990f563924cfbbb,3.0,3.0,0.0,True,0.0,True,0.0,True,True,True,False
Object,frozen_closed_loop__Object,libero_object_object,8,7,5120000,"[[0.09484492242336273, -0.08722425997257233, 0.018814578652381897, -0.03114883042871952, 0.04493115842342377, -0.004484212026000023, -0.9997342824935913], [0.0874965637922287, -0.09113951027393341, 0.01858379691839218, -0.030773460865020752, 0.04344382882118225, -0.003719245782122016, -0.9987690448760986], [0.08941534906625748, -0.10311439633369446, 0.022552907466888428, -0.026563655585050583, 0.046911969780921936, -0.004267324693500996, -1.0006598234176636], [0.08676599711179733, -0.08496422320604324, 0.011861957609653473, -0.03322025015950203, 0.04612541198730469, -0.003376046661287546, -1.0000979900360107], [0.09190075099468231, -0.11029109358787537, 0.017780140042304993, -0.02778233028948307, 0.052521005272865295, -0.003929964266717434, -0.9974037408828735], [0.08585415780544281, -0.08219322562217712, 0.011455267667770386, -0.028406186029314995, 0.03984604775905609, -0.00405938271433115, -0.9998000264167786]]","[[0.09484492242336273, -0.08722425997257233, 0.018814578652381897, -0.03114883042871952, 0.04493115842342377, -0.004484212026000023, -0.9997342824935913], [0.0874965637922287, -0.09113951027393341, 0.01858379691839218, -0.030773460865020752, 0.04344382882118225, -0.003719245782122016, -0.9987690448760986], [0.08941534906625748, -0.10311439633369446, 0.022552907466888428, -0.026563655585050583, 0.046911969780921936, -0.004267324693500996, -1.0006598234176636], [0.08676599711179733, -0.08496422320604324, 0.011861957609653473, -0.03322025015950203, 0.04612541198730469, -0.003376046661287546, -1.0000979900360107], [0.09190075099468231, -0.11029109358787537, 0.017780140042304993, -0.02778233028948307, 0.052521005272865295, -0.003929964266717434, -0.9974037408828735], [0.08585415780544281, -0.08219322562217712, 0.011455267667770386, -0.028406186029314995, 0.03984604775905609, -0.00405938271433115, -0.9998000264167786]]","[-0.0009319213127095126, -0.0006926839222335178, 0.0033502076512148845, 5.426232740048456e-05, 0.000984707244401308, -0.00276457198807347]","[-0.0009319213127095126, -0.0006926839222335178, 0.0033502076512148845, 5.426232740048456e-05, 0.000984707244401308, -0.00276457198807347]","[0.2322731912136078, 0.23018234968185425, 0.2323189675807953, 0.23093286156654358, 0.23170530796051025, 0.23163846135139465]","[0.2322731912136078, 0.23018234968185425, 0.2323189675807953, 0.23093286156654358, 0.23170530796051025, 0.23163846135139465]",2.0,2.0,6.0,6.0,086dfebd71040c3b8512d9e9cc25151dd95fdc19d68b60a3a990f563924cfbbb,086dfebd71040c3b8512d9e9cc25151dd95fdc19d68b60a3a990f563924cfbbb,2.0,2.0,0.0,True,0.0,True,0.0,True,True,True,False
Object,frozen_closed_loop__Object,libero_object_object,8,7,5120097,"[[0.11282902210950851, -0.11969994753599167, 0.021216608583927155, -0.02852630242705345, 0.048609405755996704, -0.005715516395866871, -0.999122679233551], [0.09943541139364243, -0.10740168392658234, 0.012412816286087036, -0.02965462952852249, 0.04267770051956177, -0.004355784971266985, -0.998591959476471], [0.09890958666801453, -0.08995944261550903, 0.0108269602060318, -0.029001589864492416, 0.047559767961502075, -0.0042427582666277885, -1.0005650520324707], [0.10129105299711227, -0.09852094948291779, 0.0166243314743042, -0.03107418119907379, 0.049701377749443054, -0.005295798648148775, -0.9982219338417053], [0.08319161832332611, -0.08334070444107056, 0.0141964852809906, -0.03323236480355263, 0.040787726640701294, -0.004883307497948408, -1.0009499788284302], [0.07844757288694382, -0.09078394621610641, 0.012178346514701843, -0.029798952862620354, 0.03961662948131561, -0.0038526521530002356, -1.0016900300979614]]","[[0.11282902210950851, -0.11969994753599167, 0.021216608583927155, -0.02852630242705345, 0.048609405755996704, -0.005715516395866871, -0.999122679233551], [0.09943541139364243, -0.10740168392658234, 0.012412816286087036, -0.02965462952852249, 0.04267770051956177, -0.004355784971266985, -0.998591959476471], [0.09890958666801453, -0.08995944261550903, 0.0108269602060318, -0.029001589864492416, 0.047559767961502075, -0.0042427582666277885, -1.0005650520324707], [0.10129105299711227, -0.09852094948291779, 0.0166243314743042, -0.03107418119907379, 0.049701377749443054, -0.005295798648148775, -0.9982219338417053], [0.08319161832332611, -0.08334070444107056, 0.0141964852809906, -0.03323236480355263, 0.040787726640701294, -0.004883307497948408, -1.0009499788284302], [0.07844757288694382, -0.09078394621610641, 0.012178346514701843, -0.029798952862620354, 0.03961662948131561, -0.0038526521530002356, -1.0016900300979614]]","[0.0017640347595608925, 0.0009902207364934806, 0.0008916685007080615, 0.001221663638073911, -0.0013276228568095993, -0.0035399647780265516]","[0.0017640347595608925, 0.0009902207364934806, 0.0008916685007080615, 0.001221663638073911, -0.0013276228568095993, -0.0035399647780265516]","[0.23257511854171753, 0.23039811849594116, 0.23088863492012024, 0.23169663548469543, 0.23165658116340637, 0.23078861832618713]","[0.23257511854171753, 0.23039811849594116, 0.23088863492012024, 0.23169663548469543, 0.23165658116340637, 0.23078861832618713]",0.0,0.0,6.0,6.0,086dfebd71040c3b8512d9e9cc25151dd95fdc19d68b60a3a990f563924cfbbb,086dfebd71040c3b8512d9e9cc25151dd95fdc19d68b60a3a990f563924cfbbb,0.0,0.0,0.0,True,0.0,True,0.0,True,True,True,False
Object,frozen_closed_loop__Object,libero_object_object,8,7,5120194,"[[0.09973526000976562, -0.10927559435367584, 0.013481900095939636, -0.03082917258143425, 0.044616714119911194, -0.003964400850236416, -0.9981751441955566], [0.09917780756950378, -0.08328677713871002, 0.020029395818710327, -0.036054451018571854, 0.05363881587982178, -0.004996421746909618, -0.9975263476371765], [0.10831575840711594, -0.11192092299461365, 0.01811932772397995, -0.03107171133160591, 0.05034957826137543, -0.004827410914003849, -0.9986470341682434], [0.09375695139169693, -0.09154066443443298, 0.017869994044303894, -0.03149884194135666, 0.04039987921714783, -0.003609634470194578, -0.9999027848243713], [0.10438866913318634, -0.10260359942913055, 0.023373104631900787, -0.03169426694512367, 0.048470690846443176, -0.004551609046757221, -0.9985558390617371], [0.10010305792093277, -0.09679131209850311, 0.01410171389579773, -0.033439770340919495, 0.04642787575721741, -0.0035012569278478622, -1.0002973079681396]]","[[0.09973526000976562, -0.10927559435367584, 0.013481900095939636, -0.03082917258143425, 0.044616714119911194, -0.003964400850236416, -0.9981751441955566], [0.09917780756950378, -0.08328677713871002, 0.020029395818710327, -0.036054451018571854, 0.05363881587982178, -0.004996421746909618, -0.9975263476371765], [0.10831575840711594, -0.11192092299461365, 0.01811932772397995, -0.03107171133160591, 0.05034957826137543, -0.004827410914003849, -0.9986470341682434], [0.09375695139169693, -0.09154066443443298, 0.017869994044303894, -0.03149884194135666, 0.04039987921714783, -0.003609634470194578, -0.9999027848243713], [0.10438866913318634, -0.10260359942913055, 0.023373104631900787, -0.03169426694512367, 0.048470690846443176, -0.004551609046757221, -0.9985558390617371], [0.10010305792093277, -0.09679131209850311, 0.01410171389579773, -0.033439770340919495, 0.04642787575721741, -0.0035012569278478622, -1.0002973079681396]]","[-0.0011955541736824885, -0.0021479093886181706, 0.004626856038993966, -0.001985770521143863, 0.002089953911581576, -0.0013875758671310272]","[-0.0011955541736824885, -0.0021479093886181706, 0.004626856038993966, -0.001985770521143863, 0.002089953911581576, -0.0013875758671310272]","[0.23133021593093872, 0.23248934745788574, 0.23252156376838684, 0.23124152421951294, 0.23224997520446777, 0.23143252730369568]","[0.23133021593093872, 0.23248934745788574, 0.23252156376838684, 0.23124152421951294, 0.23224997520446777, 0.23143252730369568]",2.0,2.0,6.0,6.0,086dfebd71040c3b8512d9e9cc25151dd95fdc19d68b60a3a990f563924cfbbb,086dfebd71040c3b8512d9e9cc25151dd95fdc19d68b60a3a990f563924cfbbb,2.0,2.0,0.0,True,0.0,True,0.0,True,True,True,False
Object,frozen_closed_loop__Object,libero_object_object,8,7,5120291,"[[0.10962981730699539, -0.10194461792707443, 0.01153852790594101, -0.03460492938756943, 0.042876094579696655, -0.0036996370181441307, -0.9988762736320496], [0.09986098855733871, -0.09244311600923538, 0.011963658034801483, -0.03292199969291687, 0.042646005749702454, -0.00391046516597271, -0.9985806345939636], [0.08610639721155167, -0.07686936855316162, 0.009697973728179932, -0.03124861977994442, 0.03930254280567169, -0.003650703001767397, -0.9987404942512512], [0.09900670498609543, -0.1116008460521698, 0.015248581767082214, -0.029638784006237984, 0.03748740255832672, -0.004699292592704296, -0.9978895783424377], [0.08698828518390656, -0.0766582041978836, 0.011122561991214752, -0.032781172543764114, 0.041102662682533264, -0.004125634208321571, -0.998711109161377], [0.10477770119905472, -0.10599000751972198, 0.01828417181968689, -0.03120267763733864, 0.050471797585487366, -0.006156847812235355, -0.998613178730011]]","[[0.10962981730699539, -0.10194461792707443, 0.01153852790594101, -0.03460492938756943, 0.042876094579696655, -0.0036996370181441307, -0.9988762736320496], [0.09986098855733871, -0.09244311600923538, 0.011963658034801483, -0.03292199969291687, 0.042646005749702454, -0.00391046516597271, -0.9985806345939636], [0.08610639721155167, -0.07686936855316162, 0.009697973728179932, -0.03124861977994442, 0.03930254280567169, -0.003650703001767397, -0.9987404942512512], [0.09900670498609543, -0.1116008460521698, 0.015248581767082214, -0.029638784006237984, 0.03748740255832672, -0.004699292592704296, -0.9978895783424377], [0.08698828518390656, -0.0766582041978836, 0.011122561991214752, -0.032781172543764114, 0.041102662682533264, -0.004125634208321571, -0.998711109161377], [0.10477770119905472, -0.10599000751972198, 0.01828417181968689, -0.03120267763733864, 0.050471797585487366, -0.006156847812235355, -0.998613178730011]]","[0.001520570812708808, 0.0011843979248697338, -0.0025448210781705777, -0.0008554811342336645, -0.0023625765883129833, 0.0030579100631390223]","[0.001520570812708808, 0.0011843979248697338, -0.0025448210781705777, -0.0008554811342336645, -0.0023625765883129833, 0.0030579100631390223]","[0.2314985692501068, 0.23105177283287048, 0.2299354076385498, 0.2317468225955963, 0.23164090514183044, 0.2318219542503357]","[0.2314985692501068, 0.23105177283287048, 0.2299354076385498, 0.2317468225955963, 0.23164090514183044, 0.2318219542503357]",5.0,5.0,6.0,6.0,086dfebd71040c3b8512d9e9cc25151dd95fdc19d68b60a3a990f563924cfbbb,086dfebd71040c3b8512d9e9cc25151dd95fdc19d68b60a3a990f563924cfbbb,5.0,5.0,0.0,True,0.0,True,0.0,True,True,True,False
Object,frozen_closed_loop__Object,libero_object_object,8,7,5120388,"[[0.1013629138469696, -0.12045811861753464, 0.010813437402248383, -0.03062097728252411, 0.04592505097389221, -0.00428755022585392, -0.9996657371520996], [0.10076813399791718, -0.10050550103187561, 0.015978477895259857, -0.033614229410886765, 0.04645487666130066, -0.003559334436431527, -1.000333547592163], [0.09517036378383636, -0.08852183818817139, 0.017430000007152557, -0.03303121030330658, 0.04278239607810974, -0.0035084616392850876, -0.9980193376541138], [0.0955582782626152, -0.09931012988090515, 0.012090504169464111, -0.031871434301137924, 0.04074655473232269, -0.004041360225528479, -0.9987316131591797], [0.11317223310470581, -0.1056094616651535, 0.025635994970798492, -0.03434905409812927, 0.05706976354122162, -0.005376701708883047, -1.0004773139953613], [0.10363787412643433, -0.10243277996778488, 0.02190258353948593, -0.030679598450660706, 0.050189048051834106, -0.004768562503159046, -0.9991973042488098]]","[[0.1013629138469696, -0.12045811861753464, 0.010813437402248383, -0.03062097728252411, 0.04592505097389221, -0.00428755022585392, -0.9996657371520996], [0.10076813399791718, -0.10050550103187561, 0.015978477895259857, -0.033614229410886765, 0.04645487666130066, -0.003559334436431527, -1.000333547592163], [0.09517036378383636, -0.08852183818817139, 0.017430000007152557, -0.03303121030330658, 0.04278239607810974, -0.0035084616392850876, -0.9980193376541138], [0.0955582782626152, -0.09931012988090515, 0.012090504169464111, -0.031871434301137924, 0.04074655473232269, -0.004041360225528479, -0.9987316131591797], [0.11317223310470581, -0.1056094616651535, 0.025635994970798492, -0.03434905409812927, 0.05706976354122162, -0.005376701708883047, -1.0004773139953613], [0.10363787412643433, -0.10243277996778488, 0.02190258353948593, -0.030679598450660706, 0.050189048051834106, -0.004768562503159046, -0.9991973042488098]]","[0.0005078252237083425, 0.0012933843527235345, -0.0021577575125320235, -0.0008500327124176553, 0.0010026391819278713, 0.00020394146659023446]","[0.0005078252237083425, 0.0012933843527235345, -0.0021577575125320235, -0.0008500327124176553, 0.0010026391819278713, 0.00020394146659023446]","[0.23097866773605347, 0.23220089077949524, 0.23209688067436218, 0.23129752278327942, 0.23255881667137146, 0.23198562860488892]","[0.23097866773605347, 0.23220089077949524, 0.23209688067436218, 0.23129752278327942, 0.23255881667137146, 0.23198562860488892]",4.0,4.0,6.0,6.0,086dfebd71040c3b8512d9e9cc25151dd95fdc19d68b60a3a990f563924cfbbb,086dfebd71040c3b8512d9e9cc25151dd95fdc19d68b60a3a990f563924cfbbb,1.0,4.0,0.0,True,0.0,True,0.0,True,True,True,True
Object,frozen_closed_loop__Object,libero_object_object,8,7,5120485,"[[0.09200748056173325, -0.09924743324518204, 0.019875727593898773, -0.030944788828492165, 0.042540907859802246, -0.0038780777249485254, -1.000309705734253], [0.10650649666786194, -0.09275849908590317, 0.020589306950569153, -0.0325811542570591, 0.048937708139419556, -0.004364267457276583, -1.000772476196289], [0.10334394872188568, -0.11529883742332458, 0.012703053653240204, -0.03331951051950455, 0.04619555175304413, -0.004191004205495119, -0.9980807304382324], [0.09559057652950287, -0.09893395006656647, 0.01740172505378723, -0.03221676126122475, 0.044389352202415466, -0.0035388662945479155, -0.9984571933746338], [0.09146422147750854, -0.09401869028806686, 0.016682222485542297, -0.031075334176421165, 0.047041431069374084, -0.0038706748746335506, -0.9998816251754761], [0.07970329374074936, -0.07252296805381775, 0.013315603137016296, -0.03521431237459183, 0.04410780966281891, -0.0035101580433547497, -1.0014199018478394]]","[[0.09200748056173325, -0.09924743324518204, 0.019875727593898773, -0.030944788828492165, 0.042540907859802246, -0.0038780777249485254, -1.000309705734253], [0.10650649666786194, -0.09275849908590317, 0.020589306950569153, -0.0325811542570591, 0.048937708139419556, -0.004364267457276583, -1.000772476196289], [0.10334394872188568, -0.11529883742332458, 0.012703053653240204, -0.03331951051950455, 0.04619555175304413, -0.004191004205495119, -0.9980807304382324], [0.09559057652950287, -0.09893395006656647, 0.01740172505378723, -0.03221676126122475, 0.044389352202415466, -0.0035388662945479155, -0.9984571933746338], [0.09146422147750854, -0.09401869028806686, 0.016682222485542297, -0.031075334176421165, 0.047041431069374084, -0.0038706748746335506, -0.9998816251754761], [0.07970329374074936, -0.07252296805381775, 0.013315603137016296, -0.03521431237459183, 0.04410780966281891, -0.0035101580433547497, -1.0014199018478394]]","[-0.000478274996053298, -0.0014723101725548629, 0.0034513955881014897, 0.0026566102432893845, -0.0005121402740801263, -0.0036452803887024104]","[-0.000478274996053298, -0.0014723101725548629, 0.0034513955881014897, 0.0026566102432893845, -0.0005121402740801263, -0.0036452803887024104]","[0.23097267746925354, 0.2317163050174713, 0.23168230056762695, 0.231777161359787, 0.23124131560325623, 0.22955957055091858]","[0.23097267746925354, 0.2317163050174713, 0.23168230056762695, 0.231777161359787, 0.23124131560325623, 0.22955957055091858]",3.0,3.0,6.0,6.0,086dfebd71040c3b8512d9e9cc25151dd95fdc19d68b60a3a990f563924cfbbb,086dfebd71040c3b8512d9e9cc25151dd95fdc19d68b60a3a990f563924cfbbb,2.0,3.0,0.0,True,0.0,True,0.0,True,True,True,True
Object,frozen_closed_loop__Object,libero_object_object,8,7,5120582,"[[0.11126428842544556, -0.10855693370103836, 0.02548791468143463, -0.028963204473257065, 0.04739253222942352, -0.004087187349796295, -0.9992801547050476], [0.10124221444129944, -0.09535353630781174, 0.017645135521888733, -0.03242720663547516, 0.04550653696060181, -0.0032011752482503653, -0.9981938004493713], [0.09644407778978348, -0.11105804145336151, 0.02408701926469803, -0.03112811967730522, 0.04830081760883331, -0.004874163772910833, -0.9989762306213379], [0.11417493224143982, -0.11522731184959412, 0.02465631812810898, -0.027739187702536583, 0.04907941818237305, -0.005271893460303545, -0.999958872795105], [0.10075774043798447, -0.09853754192590714, 0.021184422075748444, -0.031579162925481796, 0.04880538582801819, -0.004707576707005501, -0.999482274055481], [0.1040831208229065, -0.09993480145931244, 0.00880122184753418, -0.03223247826099396, 0.0439639538526535, -0.004327319096773863, -1.0010679960250854]]","[[0.11126428842544556, -0.10855693370103836, 0.02548791468143463, -0.028963204473257065, 0.04739253222942352, -0.004087187349796295, -0.9992801547050476], [0.10124221444129944, -0.09535353630781174, 0.017645135521888733, -0.03242720663547516, 0.04550653696060181, -0.0032011752482503653, -0.9981938004493713], [0.09644407778978348, -0.11105804145336151, 0.02408701926469803, -0.03112811967730522, 0.04830081760883331, -0.004874163772910833, -0.9989762306213379], [0.11417493224143982, -0.11522731184959412, 0.02465631812810898, -0.027739187702536583, 0.04907941818237305, -0.005271893460303545, -0.999958872795105], [0.10075774043798447, -0.09853754192590714, 0.021184422075748444, -0.031579162925481796, 0.04880538582801819, -0.004707576707005501, -0.999482274055481], [0.1040831208229065, -0.09993480145931244, 0.00880122184753418, -0.03223247826099396, 0.0439639538526535, -0.004327319096773863, -1.0010679960250854]]","[-0.0001924715690522705, -0.0008268542183615727, 0.0014220623733138215, 0.0012396842163307454, -0.0013563130352637505, -0.0002861077669665742]","[-0.0001924715690522705, -0.0008268542183615727, 0.0014220623733138215, 0.0012396842163307454, -0.0013563130352637505, -0.0002861077669665742]","[0.23157334327697754, 0.23171177506446838, 0.2313098907470703, 0.23045095801353455, 0.23148205876350403, 0.231328547000885]","[0.23157334327697754, 0.23171177506446838, 0.2313098907470703, 0.23045095801353455, 0.23148205876350403, 0.231328547000885]",1.0,1.0,6.0,6.0,086dfebd71040c3b8512d9e9cc25151dd95fdc19d68b60a3a990f563924cfbbb,086dfebd71040c3b8512d9e9cc25151dd95fdc19d68b60a3a990f563924cfbbb,2.0,1.0,0.0,True,0.0,True,0.0,True,True,True,True
Object,frozen_closed_loop__Object,libero_object_object,8,7,5120679,"[[0.11066392064094543, -0.08189879357814789, 0.017559975385665894, -0.03414585068821907, 0.04965434968471527, -0.003507888875901699, -0.9981322288513184], [0.10124344378709793, -0.09860442578792572, 0.021515674889087677, -0.03175773844122887, 0.04363958537578583, -0.004244521260261536, -0.999327540397644], [0.10536979883909225, -0.11534900963306427, 0.022860020399093628, -0.029980307444930077, 0.04612670838832855, -0.005134697537869215, -0.9999332427978516], [0.08956588804721832, -0.09600766003131866, 0.007238835096359253, -0.02699967846274376, 0.042073264718055725, -0.004517767112702131, -0.9996707439422607], [0.0771695002913475, -0.10624705255031586, 0.015130341053009033, -0.02830793336033821, 0.04884803295135498, -0.004286096431314945, -0.9981285929679871], [0.09346000850200653, -0.07842963933944702, 0.015786364674568176, -0.03244587033987045, 0.04422435164451599, -0.0033802108373492956, -1.000119686126709]]","[[0.11066392064094543, -0.08189879357814789, 0.017559975385665894, -0.03414585068821907, 0.04965434968471527, -0.003507888875901699, -0.9981322288513184], [0.10124344378709793, -0.09860442578792572, 0.021515674889087677, -0.03175773844122887, 0.04363958537578583, -0.004244521260261536, -0.999327540397644], [0.10536979883909225, -0.11534900963306427, 0.022860020399093628, -0.029980307444930077, 0.04612670838832855, -0.005134697537869215, -0.9999332427978516], [0.08956588804721832, -0.09600766003131866, 0.007238835096359253, -0.02699967846274376, 0.042073264718055725, -0.004517767112702131, -0.9996707439422607], [0.0771695002913475, -0.10624705255031586, 0.015130341053009033, -0.02830793336033821, 0.04884803295135498, -0.004286096431314945, -0.9981285929679871], [0.09346000850200653, -0.07842963933944702, 0.015786364674568176, -0.03244587033987045, 0.04422435164451599, -0.0033802108373492956, -1.000119686126709]]","[-0.0005617424234661337, 0.0013627879677342147, 0.0022862493341543433, -0.0018684579425954516, -0.0005184522015538062, -0.0007003847342728595]","[-0.0005617424234661337, 0.0013627879677342147, 0.0022862493341543433, -0.0018684579425954516, -0.0005184522015538062, -0.0007003847342728595]","[0.23059338331222534, 0.23129168152809143, 0.2317190170288086, 0.2300511598587036, 0.23201754689216614, 0.2303602397441864]","[0.23059338331222534, 0.23129168152809143, 0.2317190170288086, 0.2300511598587036, 0.23201754689216614, 0.2303602397441864]",4.0,4.0,6.0,6.0,086dfebd71040c3b8512d9e9cc25151dd95fdc19d68b60a3a990f563924cfbbb,086dfebd71040c3b8512d9e9cc25151dd95fdc19d68b60a3a990f563924cfbbb,2.0,4.0,0.0,True,0.0,True,0.0,True,True,True,True
Object,frozen_closed_loop__Object,libero_object_object,8,7,5120776,"[[0.10537169873714447, -0.10246295481920242, 0.018570944666862488, -0.031237641349434853, 0.046551212668418884, -0.003939107526093721, -0.9989305734634399], [0.10392822325229645, -0.1029098778963089, 0.022966861724853516, -0.03745684027671814, 0.047983378171920776, -0.0045014191418886185, -1.002230167388916], [0.08669000118970871, -0.08956655859947205, 0.009262226521968842, -0.02895420230925083, 0.04360467195510864, -0.00357455899938941, -0.9988853335380554], [0.09020313620567322, -0.10782737284898758, 0.01450471580028534, -0.029677554965019226, 0.040511682629585266, -0.004011968616396189, -0.9987404346466064], [0.0974586233496666, -0.0895087793469429, 0.0138864666223526, -0.03109227679669857, 0.03872819244861603, -0.0038620380219072104, -0.9996185898780823], [0.1107020303606987, -0.10131653398275375, 0.019536204636096954, -0.03193332999944687, 0.049106061458587646, -0.004492606036365032, -0.9974449872970581]]","[[0.10537169873714447, -0.10246295481920242, 0.018570944666862488, -0.031237641349434853, 0.046551212668418884, -0.003939107526093721, -0.9989305734634399], [0.10392822325229645, -0.1029098778963089, 0.022966861724853516, -0.03745684027671814, 0.047983378171920776, -0.0045014191418886185, -1.002230167388916], [0.08669000118970871, -0.08956655859947205, 0.009262226521968842, -0.02895420230925083, 0.04360467195510864, -0.00357455899938941, -0.9988853335380554], [0.09020313620567322, -0.10782737284898758, 0.01450471580028534, -0.029677554965019226, 0.040511682629585266, -0.004011968616396189, -0.9987404346466064], [0.0974586233496666, -0.0895087793469429, 0.0138864666223526, -0.03109227679669857, 0.03872819244861603, -0.0038620380219072104, -0.9996185898780823], [0.1107020303606987, -0.10131653398275375, 0.019536204636096954, -0.03193332999944687, 0.049106061458587646, -0.004492606036365032, -0.9974449872970581]]","[-0.00015477672211429883, 0.0027341807826250925, -0.0038064467558698183, -0.0012448801804865505, 0.0015419395404077801, 0.0009299833354380308]","[-0.00015477672211429883, 0.0027341807826250925, -0.0038064467558698183, -0.0012448801804865505, 0.0015419395404077801, 0.0009299833354380308]","[0.2306891679763794, 0.23099935054779053, 0.230569988489151, 0.2309650480747223, 0.23071783781051636, 0.23195114731788635]","[0.2306891679763794, 0.23099935054779053, 0.230569988489151, 0.2309650480747223, 0.23071783781051636, 0.23195114731788635]",5.0,5.0,6.0,6.0,086dfebd71040c3b8512d9e9cc25151dd95fdc19d68b60a3a990f563924cfbbb,086dfebd71040c3b8512d9e9cc25151dd95fdc19d68b60a3a990f563924cfbbb,1.0,5.0,0.0,True,0.0,True,0.0,True,True,True,True
Object,frozen_closed_loop__Object,libero_object_object,8,7,5120873,"[[0.0968141108751297, -0.08692586421966553, 0.016132593154907227, -0.03308240324258804, 0.04525347054004669, -0.0037496285513043404, -1.0000522136688232], [0.09308528155088425, -0.09256258606910706, 0.020630545914173126, -0.03175497427582741, 0.045904844999313354, -0.005034625995904207, -0.9973145723342896], [0.09219076484441757, -0.09818203747272491, 0.012522675096988678, -0.03167324513196945, 0.047772958874702454, -0.004186267498880625, -0.9992688298225403], [0.09596485644578934, -0.0922175869345665, 0.0112948939204216, -0.032961100339889526, 0.04312965273857117, -0.004384052474051714, -0.9992274045944214], [0.10465756058692932, -0.10120075196027756, 0.01505143940448761, -0.02967773750424385, 0.04768064618110657, -0.00484292209148407, -0.9988142251968384], [0.09359512478113174, -0.11506950855255127, 0.013347342610359192, -0.030693816021084785, 0.047599732875823975, -0.004258996341377497, -0.9985489845275879]]","[[0.0968141108751297, -0.08692586421966553, 0.016132593154907227, -0.03308240324258804, 0.04525347054004669, -0.0037496285513043404, -1.0000522136688232], [0.09308528155088425, -0.09256258606910706, 0.020630545914173126, -0.03175497427582741, 0.045904844999313354, -0.005034625995904207, -0.9973145723342896], [0.09219076484441757, -0.09818203747272491, 0.012522675096988678, -0.03167324513196945, 0.047772958874702454, -0.004186267498880625, -0.9992688298225403], [0.09596485644578934, -0.0922175869345665, 0.0112948939204216, -0.032961100339889526, 0.04312965273857117, -0.004384052474051714, -0.9992274045944214], [0.10465756058692932, -0.10120075196027756, 0.01505143940448761, -0.02967773750424385, 0.04768064618110657, -0.00484292209148407, -0.9988142251968384], [0.09359512478113174, -0.11506950855255127, 0.013347342610359192, -0.030693816021084785, 0.047599732875823975, -0.004258996341377497, -0.9985489845275879]]","[0.00186930575048259, -0.002174032276037808, -0.0012245094719838504, 0.0010430813732488099, 0.0008433597141065029, -0.0003572050898159834]","[0.00186930575048259, -0.002174032276037808, -0.0012245094719838504, 0.0010430813732488099, 0.0008433597141065029, -0.0003572050898159834]","[0.2324124574661255, 0.23037192225456238, 0.230192631483078, 0.23114940524101257, 0.23181036114692688, 0.2314474880695343]","[0.2324124574661255, 0.23037192225456238, 0.230192631483078, 0.23114940524101257, 0.23181036114692688, 0.2314474880695343]",0.0,0.0,6.0,6.0,086dfebd71040c3b8512d9e9cc25151dd95fdc19d68b60a3a990f563924cfbbb,086dfebd71040c3b8512d9e9cc25151dd95fdc19d68b60a3a990f563924cfbbb,0.0,0.0,0.0,True,0.0,True,0.0,True,True,True,False
Object,frozen_closed_loop__Object,libero_object_object,8,7,5120970,"[[0.08650414645671844, -0.09381137788295746, 0.020069405436515808, -0.03411361202597618, 0.044947341084480286, -0.0044477260671556, -0.9990098476409912], [0.09401969611644745, -0.10919854044914246, 0.01575171947479248, -0.027380337938666344, 0.04168546199798584, -0.0038871108554303646, -0.9983657002449036], [0.10031238198280334, -0.09832575917243958, 0.0202053040266037, -0.02879425510764122, 0.05400547385215759, -0.004331064410507679, -0.9984400868415833], [0.10199647396802902, -0.09492114186286926, 0.017788410186767578, -0.030412305146455765, 0.04778476059436798, -0.004145242739468813, -0.9970015287399292], [0.08343234658241272, -0.06919020414352417, 0.012411698698997498, -0.032897572964429855, 0.04530179500579834, -0.0034660270903259516, -0.9981772899627686], [0.0981685146689415, -0.10056685656309128, 0.018782839179039, -0.032023146748542786, 0.046483173966407776, -0.004179525189101696, -0.9985203742980957]]","[[0.08650414645671844, -0.09381137788295746, 0.020069405436515808, -0.03411361202597618, 0.044947341084480286, -0.0044477260671556, -0.9990098476409912], [0.09401969611644745, -0.10919854044914246, 0.01575171947479248, -0.027380337938666344, 0.04168546199798584, -0.0038871108554303646, -0.9983657002449036], [0.10031238198280334, -0.09832575917243958, 0.0202053040266037, -0.02879425510764122, 0.05400547385215759, -0.004331064410507679, -0.9984400868415833], [0.10199647396802902, -0.09492114186286926, 0.017788410186767578, -0.030412305146455765, 0.04778476059436798, -0.004145242739468813, -0.9970015287399292], [0.08343234658241272, -0.06919020414352417, 0.012411698698997498, -0.032897572964429855, 0.04530179500579834, -0.0034660270903259516, -0.9981772899627686], [0.0981685146689415, -0.10056685656309128, 0.018782839179039, -0.032023146748542786, 0.046483173966407776, -0.004179525189101696, -0.9985203742980957]]","[0.002487162984024009, -0.0012555819052860974, -0.0001946383137226522, 0.0003493821801984373, -0.0007674605395484612, -0.0006188644056650755]","[0.002487162984024009, -0.0012555819052860974, -0.0001946383137226522, 0.0003493821801984373, -0.0007674605395484612, -0.0006188644056650755]","[0.23156669735908508, 0.23035719990730286, 0.2316025197505951, 0.23140788078308105, 0.2322128415107727, 0.2314985692501068]","[0.23156669735908508, 0.23035719990730286, 0.2316025197505951, 0.23140788078308105, 0.2322128415107727, 0.2314985692501068]",4.0,4.0,6.0,6.0,086dfebd71040c3b8512d9e9cc25151dd95fdc19d68b60a3a990f563924cfbbb,086dfebd71040c3b8512d9e9cc25151dd95fdc19d68b60a3a990f563924cfbbb,0.0,4.0,0.0,True,0.0,True,0.0,True,True,True,True
Object,frozen_closed_loop__Object,libero_object_object,8,7,5121067,"[[0.09321469813585281, -0.08296485990285873, 0.014154575765132904, -0.027545226737856865, 0.04289817810058594, -0.0042249783873558044, -0.9996128082275391], [0.09786441922187805, -0.09458262473344803, 0.015472881495952606, -0.03096037730574608, 0.04217228293418884, -0.0037892870604991913, -0.9992595911026001], [0.09835202246904373, -0.0963478535413742, 0.011089593172073364, -0.031117398291826248, 0.04641804099082947, -0.0038957037031650543, -0.9981705546379089], [0.1009267196059227, -0.09268791973590851, 0.015832073986530304, -0.032226476818323135, 0.04391218721866608, -0.004176815506070852, -1.0002694129943848], [0.08439034223556519, -0.08574144542217255, 0.01660902053117752, -0.030155953019857407, 0.0459420382976532, -0.004613762721419334, -0.9985564947128296], [0.09404920041561127, -0.10329511016607285, 0.01879781484603882, -0.02843315526843071, 0.04860994219779968, -0.00526274973526597, -0.9986836910247803]]","[[0.09321469813585281, -0.08296485990285873, 0.014154575765132904, -0.027545226737856865, 0.04289817810058594, -0.0042249783873558044, -0.9996128082275391], [0.09786441922187805, -0.09458262473344803, 0.015472881495952606, -0.03096037730574608, 0.04217228293418884, -0.0037892870604991913, -0.9992595911026001], [0.09835202246904373, -0.0963478535413742, 0.011089593172073364, -0.031117398291826248, 0.04641804099082947, -0.0038957037031650543, -0.9981705546379089], [0.1009267196059227, -0.09268791973590851, 0.015832073986530304, -0.032226476818323135, 0.04391218721866608, -0.004176815506070852, -1.0002694129943848], [0.08439034223556519, -0.08574144542217255, 0.01660902053117752, -0.030155953019857407, 0.0459420382976532, -0.004613762721419334, -0.9985564947128296], [0.09404920041561127, -0.10329511016607285, 0.01879781484603882, -0.02843315526843071, 0.04860994219779968, -0.00526274973526597, -0.9986836910247803]]","[-0.00042729842882269177, 0.00044196028323517786, -0.00012142455892546913, 0.002737538115080103, -0.0027085331551991026, 7.775774463236013e-05]","[-0.00042729842882269177, 0.00044196028323517786, -0.00012142455892546913, 0.002737538115080103, -0.0027085331551991026, 7.775774463236013e-05]","[0.23036259412765503, 0.23169919848442078, 0.23036596179008484, 0.23166295886039734, 0.23120304942131042, 0.23098483681678772]","[0.23036259412765503, 0.23169919848442078, 0.23036596179008484, 0.23166295886039734, 0.23120304942131042, 0.23098483681678772]",1.0,1.0,6.0,6.0,086dfebd71040c3b8512d9e9cc25151dd95fdc19d68b60a3a990f563924cfbbb,086dfebd71040c3b8512d9e9cc25151dd95fdc19d68b60a3a990f563924cfbbb,3.0,1.0,0.0,True,0.0,True,0.0,True,True,True,True
Object,frozen_closed_loop__Object,libero_object_object,8,8,5130000,"[[0.11699952185153961, -0.007059071213006973, -0.002616439014673233, -0.04434177652001381, 0.013491645455360413, -0.0033622323535382748, -1.0005775690078735], [0.10989870876073837, -0.008703768253326416, -0.001719743013381958, -0.04369980841875076, 0.01802484691143036, -0.00216567306779325, -1.0004940032958984], [0.11745192110538483, -0.012256689369678497, -0.002418234944343567, -0.0438847653567791, 0.013915389776229858, -0.0029552713967859745, -0.9991582632064819], [0.10117940604686737, -0.005543399602174759, -0.0008650682866573334, -0.041134729981422424, 0.018325477838516235, -0.0028829388320446014, -0.9993383288383484], [0.11165287345647812, -0.00499701127409935, -0.0017242133617401123, -0.045235488563776016, 0.008038491010665894, -0.0023392445873469114, -0.9977307319641113], [0.11240903288125992, -0.0039220042526721954, -0.00418810173869133, -0.04623725637793541, 0.0155448317527771, -0.0026463326066732407, -0.9994586110115051]]","[[0.11699952185153961, -0.007059071213006973, -0.002616439014673233, -0.04434177652001381, 0.013491645455360413, -0.0033622323535382748, -1.0005775690078735], [0.10989870876073837, -0.008703768253326416, -0.001719743013381958, -0.04369980841875076, 0.01802484691143036, -0.00216567306779325, -1.0004940032958984], [0.11745192110538483, -0.012256689369678497, -0.002418234944343567, -0.0438847653567791, 0.013915389776229858, -0.0029552713967859745, -0.9991582632064819], [0.10117940604686737, -0.005543399602174759, -0.0008650682866573334, -0.041134729981422424, 0.018325477838516235, -0.0028829388320446014, -0.9993383288383484], [0.11165287345647812, -0.00499701127409935, -0.0017242133617401123, -0.045235488563776016, 0.008038491010665894, -0.0023392445873469114, -0.9977307319641113], [0.11240903288125992, -0.0039220042526721954, -0.00418810173869133, -0.04623725637793541, 0.0155448317527771, -0.0026463326066732407, -0.9994586110115051]]","[0.0032833867072773856, -0.001253061814836518, 0.0025555716206475607, -0.0014829680816190517, -0.00046032322670252373, -0.002642605204766824]","[0.0032833867072773856, -0.001253061814836518, 0.0025555716206475607, -0.0014829680816190517, -0.00046032322670252373, -0.002642605204766824]","[0.22319462895393372, 0.22214463353157043, 0.2237379252910614, 0.22404339909553528, 0.2242356836795807, 0.22240212559700012]","[0.22319462895393372, 0.22214463353157043, 0.2237379252910614, 0.22404339909553528, 0.2242356836795807, 0.22240212559700012]",4.0,4.0,6.0,6.0,086dfebd71040c3b8512d9e9cc25151dd95fdc19d68b60a3a990f563924cfbbb,086dfebd71040c3b8512d9e9cc25151dd95fdc19d68b60a3a990f563924cfbbb,0.0,4.0,0.0,True,0.0,True,0.0,True,True,True,True
Object,frozen_closed_loop__Object,libero_object_object,8,8,5130097,"[[0.11057093739509583, 0.0014083832502365112, -0.002422146499156952, -0.03865024819970131, 0.01002359390258789, -0.0026290370151400566, -0.9974051117897034], [0.11557526886463165, 0.002985745668411255, -0.003313366323709488, -0.04716038703918457, 0.010894596576690674, -0.0023790791165083647, -0.9979793429374695], [0.10675884783267975, -0.003439653664827347, -0.0022704340517520905, -0.044648848474025726, 0.01042136549949646, -0.0029135418590158224, -0.9980382919311523], [0.12157782912254333, -0.009735915809869766, -0.002329498529434204, -0.04558773338794708, 0.005202367901802063, -0.002524537267163396, -0.998675525188446], [0.10511688888072968, -0.011863075196743011, -0.0013649091124534607, -0.04471927136182785, 0.015797585248947144, -0.0034256416838616133, -1.0005180835723877], [0.10963831096887589, -0.005425885319709778, -0.002424325793981552, -0.0458417609333992, 0.013919413089752197, -0.002912065712735057, -0.9995232224464417]]","[[0.11057093739509583, 0.0014083832502365112, -0.002422146499156952, -0.03865024819970131, 0.01002359390258789, -0.0026290370151400566, -0.9974051117897034], [0.11557526886463165, 0.002985745668411255, -0.003313366323709488, -0.04716038703918457, 0.010894596576690674, -0.0023790791165083647, -0.9979793429374695], [0.10675884783267975, -0.003439653664827347, -0.0022704340517520905, -0.044648848474025726, 0.01042136549949646, -0.0029135418590158224, -0.9980382919311523], [0.12157782912254333, -0.009735915809869766, -0.002329498529434204, -0.04558773338794708, 0.005202367901802063, -0.002524537267163396, -0.998675525188446], [0.10511688888072968, -0.011863075196743011, -0.0013649091124534607, -0.04471927136182785, 0.015797585248947144, -0.0034256416838616133, -1.0005180835723877], [0.10963831096887589, -0.005425885319709778, -0.002424325793981552, -0.0458417609333992, 0.013919413089752197, -0.002912065712735057, -0.9995232224464417]]","[-0.0004280272021102672, -0.00320514905082883, -0.001492095877820278, 0.0008848379066169645, 0.0013511935323594405, 0.0028892406917832864]","[-0.0004280272021102672, -0.00320514905082883, -0.001492095877820278, 0.0008848379066169645, 0.0013511935323594405, 0.0028892406917832864]","[0.22456908226013184, 0.2204326093196869, 0.22260770201683044, 0.22228586673736572, 0.22365692257881165, 0.2241506278514862]","[0.22456908226013184, 0.2204326093196869, 0.22260770201683044, 0.22228586673736572, 0.22365692257881165, 0.2241506278514862]",0.0,0.0,6.0,6.0,086dfebd71040c3b8512d9e9cc25151dd95fdc19d68b60a3a990f563924cfbbb,086dfebd71040c3b8512d9e9cc25151dd95fdc19d68b60a3a990f563924cfbbb,5.0,0.0,0.0,True,0.0,True,0.0,True,True,True,True
Object,frozen_closed_loop__Object,libero_object_object,8,8,5130194,"[[0.10915696620941162, -0.004347972571849823, -0.0019653886556625366, -0.043652474880218506, 0.007140129804611206, -0.0026848893612623215, -0.9990687966346741], [0.11301688849925995, -0.00979224219918251, -0.0040191225707530975, -0.04060094803571701, 0.013301923871040344, -0.0031885728240013123, -0.9981279969215393], [0.11027734726667404, -0.007496215403079987, -0.005017518997192383, -0.04497295245528221, 0.011844456195831299, -0.002889438532292843, -0.999599277973175], [0.10998934507369995, -0.006524864584207535, -0.0034016557037830353, -0.04071127623319626, 0.012774065136909485, -0.0025738899130374193, -0.9973078370094299], [0.10704070329666138, -0.003752186894416809, -0.003173891454935074, -0.04512717202305794, 0.014432832598686218, -0.0035120088141411543, -0.9995602369308472], [0.10162007063627243, -0.003274809569120407, -0.00357750803232193, -0.04721721634268761, 0.0167275071144104, -0.00302689871750772, -1.0011893510818481]]","[[0.10915696620941162, -0.004347972571849823, -0.0019653886556625366, -0.043652474880218506, 0.007140129804611206, -0.0026848893612623215, -0.9990687966346741], [0.11301688849925995, -0.00979224219918251, -0.0040191225707530975, -0.04060094803571701, 0.013301923871040344, -0.0031885728240013123, -0.9981279969215393], [0.11027734726667404, -0.007496215403079987, -0.005017518997192383, -0.04497295245528221, 0.011844456195831299, -0.002889438532292843, -0.999599277973175], [0.10998934507369995, -0.006524864584207535, -0.0034016557037830353, -0.04071127623319626, 0.012774065136909485, -0.0025738899130374193, -0.9973078370094299], [0.10704070329666138, -0.003752186894416809, -0.003173891454935074, -0.04512717202305794, 0.014432832598686218, -0.0035120088141411543, -0.9995602369308472], [0.10162007063627243, -0.003274809569120407, -0.00357750803232193, -0.04721721634268761, 0.0167275071144104, -0.00302689871750772, -1.0011893510818481]]","[0.0009385367731348637, 0.0011595332076669313, -0.0013173252448996746, -0.0006049790082514853, -0.0005711056267866236, 0.0003953398991358478]","[0.0009385367731348637, 0.0011595332076669313, -0.0013173252448996746, -0.0006049790082514853, -0.0005711056267866236, 0.0003953398991358478]","[0.22670194506645203, 0.22710895538330078, 0.22427350282669067, 0.2226698100566864, 0.22523421049118042, 0.22466564178466797]","[0.22670194506645203, 0.22710895538330078, 0.22427350282669067, 0.2226698100566864, 0.22523421049118042, 0.22466564178466797]",1.0,1.0,6.0,6.0,086dfebd71040c3b8512d9e9cc25151dd95fdc19d68b60a3a990f563924cfbbb,086dfebd71040c3b8512d9e9cc25151dd95fdc19d68b60a3a990f563924cfbbb,1.0,1.0,0.0,True,0.0,True,0.0,True,True,True,False
Object,frozen_closed_loop__Object,libero_object_object,8,8,5130291,"[[0.10469790548086166, -0.004152171313762665, -0.0039024464786052704, -0.047293659299612045, 0.01001836359500885, -0.0025257710367441177, -1.0001976490020752], [0.114661306142807, -0.009111128747463226, -0.0025807321071624756, -0.04331428185105324, 0.015320822596549988, -0.0029344726353883743, -0.998436450958252], [0.10971318930387497, -0.0039305537939071655, -0.0015821680426597595, -0.0434863418340683, 0.010149121284484863, -0.0031665402930229902, -0.9997223615646362], [0.10483615100383759, -0.002161692827939987, -0.0032738596200942993, -0.043417658656835556, 0.00999024510383606, -0.0026906176935881376, -0.999133288860321], [0.11998482048511505, -0.013333428651094437, -0.00429181382060051, -0.045438267290592194, 0.011773556470870972, -0.003007245948538184, -0.9997979402542114], [0.11440057307481766, -0.008849166333675385, -0.00374816358089447, -0.04465708136558533, 0.013869434595108032, -0.0028139553032815456, -0.9996080994606018]]","[[0.10469790548086166, -0.004152171313762665, -0.0039024464786052704, -0.047293659299612045, 0.01001836359500885, -0.0025257710367441177, -1.0001976490020752], [0.114661306142807, -0.009111128747463226, -0.0025807321071624756, -0.04331428185105324, 0.015320822596549988, -0.0029344726353883743, -0.998436450958252], [0.10971318930387497, -0.0039305537939071655, -0.0015821680426597595, -0.0434863418340683, 0.010149121284484863, -0.0031665402930229902, -0.9997223615646362], [0.10483615100383759, -0.002161692827939987, -0.0032738596200942993, -0.043417658656835556, 0.00999024510383606, -0.0026906176935881376, -0.999133288860321], [0.11998482048511505, -0.013333428651094437, -0.00429181382060051, -0.045438267290592194, 0.011773556470870972, -0.003007245948538184, -0.9997979402542114], [0.11440057307481766, -0.008849166333675385, -0.00374816358089447, -0.04465708136558533, 0.013869434595108032, -0.0028139553032815456, -0.9996080994606018]]","[0.0018591949217821788, 0.0005857133093577313, -0.003443054696627416, -0.0006108100621056581, 0.0010689040925518224, 0.0005400524350413307]","[0.0018591949217821788, 0.0005857133093577313, -0.003443054696627416, -0.0006108100621056581, 0.0010689040925518224, 0.0005400524350413307]","[0.22123360633850098, 0.2238670289516449, 0.2228216826915741, 0.2241159975528717, 0.22512465715408325, 0.2231782078742981]","[0.22123360633850098, 0.2238670289516449, 0.2228216826915741, 0.2241159975528717, 0.22512465715408325, 0.2231782078742981]",4.0,4.0,6.0,6.0,086dfebd71040c3b8512d9e9cc25151dd95fdc19d68b60a3a990f563924cfbbb,086dfebd71040c3b8512d9e9cc25151dd95fdc19d68b60a3a990f563924cfbbb,0.0,4.0,0.0,True,0.0,True,0.0,True,True,True,True
Object,frozen_closed_loop__Object,libero_object_object,8,8,5130388,"[[0.1164110004901886, -0.0062028877437114716, -0.003476981073617935, -0.04566073417663574, 0.013778507709503174, -0.0027172549162060022, -0.9990696907043457], [0.11524803936481476, 0.002096034586429596, -0.001006443053483963, -0.04902392253279686, 0.01590988039970398, -0.0027292186859995127, -0.9999977946281433], [0.1115306094288826, -0.007122159004211426, -0.002354029566049576, -0.04426936060190201, 0.011606544256210327, -0.0030280884820967913, -1.0000152587890625], [0.10613210499286652, -0.004078857600688934, -0.0014006160199642181, -0.04358360543847084, 0.018404334783554077, -0.0027542253956198692, -0.9995112419128418], [0.10195713490247726, -0.003321245312690735, -0.0043013691902160645, -0.044152408838272095, 0.015855520963668823, -0.002967323176562786, -0.9994542002677917], [0.10487671941518784, -0.005345698446035385, -0.0023830868303775787, -0.04476223140954971, 0.015223503112792969, -0.002820719266310334, -0.9978609085083008]]","[[0.1164110004901886, -0.0062028877437114716, -0.003476981073617935, -0.04566073417663574, 0.013778507709503174, -0.0027172549162060022, -0.9990696907043457], [0.11524803936481476, 0.002096034586429596, -0.001006443053483963, -0.04902392253279686, 0.01590988039970398, -0.0027292186859995127, -0.9999977946281433], [0.1115306094288826, -0.007122159004211426, -0.002354029566049576, -0.04426936060190201, 0.011606544256210327, -0.0030280884820967913, -1.0000152587890625], [0.10613210499286652, -0.004078857600688934, -0.0014006160199642181, -0.04358360543847084, 0.018404334783554077, -0.0027542253956198692, -0.9995112419128418], [0.10195713490247726, -0.003321245312690735, -0.0043013691902160645, -0.044152408838272095, 0.015855520963668823, -0.002967323176562786, -0.9994542002677917], [0.10487671941518784, -0.005345698446035385, -0.0023830868303775787, -0.04476223140954971, 0.015223503112792969, -0.002820719266310334, -0.9978609085083008]]","[0.000679104650769959, -0.0003454599435257106, -0.0002920641830547001, 0.0023017943785481215, -0.0006509716138783622, -0.0016924032888592428]","[0.000679104650769959, -0.0003454599435257106, -0.0002920641830547001, 0.0023017943785481215, -0.0006509716138783622, -0.0016924032888592428]","[0.22228115797042847, 0.22197428345680237, 0.22216174006462097, 0.22164499759674072, 0.22202453017234802, 0.2229471504688263]","[0.22228115797042847, 0.22197428345680237, 0.22216174006462097, 0.22164499759674072, 0.22202453017234802, 0.2229471504688263]",5.0,5.0,6.0,6.0,086dfebd71040c3b8512d9e9cc25151dd95fdc19d68b60a3a990f563924cfbbb,086dfebd71040c3b8512d9e9cc25151dd95fdc19d68b60a3a990f563924cfbbb,3.0,5.0,0.0,True,0.0,True,0.0,True,True,True,True
Object,frozen_closed_loop__Object,libero_object_object,8,8,5130485,"[[0.11012032628059387, -0.0018236786127090454, -0.0031657330691814423, -0.0416252575814724, 0.011137738823890686, -0.002468354534357786, -0.9999501705169678], [0.1131763681769371, -0.010248832404613495, -0.0025031156837940216, -0.04225129261612892, 0.012051567435264587, -0.002681782701984048, -0.9992570877075195], [0.12029998004436493, -0.006256867200136185, -0.004723649471998215, -0.04406173154711723, 0.012464672327041626, -0.0025195579510182142, -0.9998261332511902], [0.10051723569631577, -0.0025762617588043213, -0.0023440271615982056, -0.045272573828697205, 0.014645218849182129, -0.0024071044754236937, -0.999982476234436], [0.10910689830780029, -0.0015341117978096008, -0.002940036356449127, -0.04226428270339966, 0.014025092124938965, -0.002888182643800974, -0.9975845217704773], [0.10590579360723495, -0.011951196938753128, -0.001808367669582367, -0.03897332772612572, 0.013369470834732056, -0.0031927810050547123, -1.000179648399353]]","[[0.11012032628059387, -0.0018236786127090454, -0.0031657330691814423, -0.0416252575814724, 0.011137738823890686, -0.002468354534357786, -0.9999501705169678], [0.1131763681769371, -0.010248832404613495, -0.0025031156837940216, -0.04225129261612892, 0.012051567435264587, -0.002681782701984048, -0.9992570877075195], [0.12029998004436493, -0.006256867200136185, -0.004723649471998215, -0.04406173154711723, 0.012464672327041626, -0.0025195579510182142, -0.9998261332511902], [0.10051723569631577, -0.0025762617588043213, -0.0023440271615982056, -0.045272573828697205, 0.014645218849182129, -0.0024071044754236937, -0.999982476234436], [0.10910689830780029, -0.0015341117978096008, -0.002940036356449127, -0.04226428270339966, 0.014025092124938965, -0.002888182643800974, -0.9975845217704773], [0.10590579360723495, -0.011951196938753128, -0.001808367669582367, -0.03897332772612572, 0.013369470834732056, -0.0031927810050547123, -1.000179648399353]]","[-0.0013525286610187308, 0.0006729283615529954, -0.00046876986029321423, -0.0017293060556762636, -0.0013290097678118227, 0.004206685983247304]","[-0.0013525286610187308, 0.0006729283615529954, -0.00046876986029321423, -0.0017293060556762636, -0.0013290097678118227, 0.004206685983247304]","[0.2240557074546814, 0.2237602174282074, 0.22265613079071045, 0.222707599401474, 0.22448307275772095, 0.22462204098701477]","[0.2240557074546814, 0.2237602174282074, 0.22265613079071045, 0.222707599401474, 0.22448307275772095, 0.22462204098701477]",5.0,5.0,6.0,6.0,086dfebd71040c3b8512d9e9cc25151dd95fdc19d68b60a3a990f563924cfbbb,086dfebd71040c3b8512d9e9cc25151dd95fdc19d68b60a3a990f563924cfbbb,5.0,5.0,0.0,True,0.0,True,0.0,True,True,True,False
Object,frozen_closed_loop__Object,libero_object_object,8,8,5130582,"[[0.10937388986349106, -0.007432512938976288, -0.001782383769750595, -0.04068309813737869, 0.014364436268806458, -0.002789741614833474, -0.999851405620575], [0.10983232408761978, -0.003917086869478226, -0.00263359397649765, -0.04261191561818123, 0.011426076292991638, -0.0024609295651316643, -0.9992082715034485], [0.10221943259239197, -0.00498773530125618, -0.001424197107553482, -0.042486656457185745, 0.018261104822158813, -0.0029107658192515373, -0.9995395541191101], [0.10004326701164246, -0.004880670458078384, -0.0037519633769989014, -0.0396832674741745, 0.008952319622039795, -0.002706392901018262, -0.9981962442398071], [0.11963468044996262, -0.009001269936561584, -0.0023392774164676666, -0.04034939035773277, 0.010489538311958313, -0.0025145786348730326, -1.0001654624938965], [0.10478585958480835, -0.0004024989902973175, -0.0012444332242012024, -0.0456811897456646, 0.01479966938495636, -0.002828937489539385, -0.9996269345283508]]","[[0.10937388986349106, -0.007432512938976288, -0.001782383769750595, -0.04068309813737869, 0.014364436268806458, -0.002789741614833474, -0.999851405620575], [0.10983232408761978, -0.003917086869478226, -0.00263359397649765, -0.04261191561818123, 0.011426076292991638, -0.0024609295651316643, -0.9992082715034485], [0.10221943259239197, -0.00498773530125618, -0.001424197107553482, -0.042486656457185745, 0.018261104822158813, -0.0029107658192515373, -0.9995395541191101], [0.10004326701164246, -0.004880670458078384, -0.0037519633769989014, -0.0396832674741745, 0.008952319622039795, -0.002706392901018262, -0.9981962442398071], [0.11963468044996262, -0.009001269936561584, -0.0023392774164676666, -0.04034939035773277, 0.010489538311958313, -0.0025145786348730326, -1.0001654624938965], [0.10478585958480835, -0.0004024989902973175, -0.0012444332242012024, -0.0456811897456646, 0.01479966938495636, -0.002828937489539385, -0.9996269345283508]]","[-0.0006318627459720762, 0.002716971061144864, 0.00183224396926304, -0.0006977554847190769, -0.00021127120602908135, -0.0030083255936873285]","[-0.0006318627459720762, 0.002716971061144864, 0.00183224396926304, -0.0006977554847190769, -0.00021127120602908135, -0.0030083255936873285]","[0.22160604596138, 0.2236098051071167, 0.22513529658317566, 0.22412747144699097, 0.22294437885284424, 0.2217111885547638]","[0.22160604596138, 0.2236098051071167, 0.22513529658317566, 0.22412747144699097, 0.22294437885284424, 0.2217111885547638]",2.0,2.0,6.0,6.0,086dfebd71040c3b8512d9e9cc25151dd95fdc19d68b60a3a990f563924cfbbb,086dfebd71040c3b8512d9e9cc25151dd95fdc19d68b60a3a990f563924cfbbb,1.0,2.0,0.0,True,0.0,True,0.0,True,True,True,True
Object,frozen_closed_loop__Object,libero_object_object,8,8,5130679,"[[0.10300945490598679, 8.594244718551636e-05, -0.002273283898830414, -0.04536326974630356, 0.018259719014167786, -0.0031042767222970724, -0.999345064163208], [0.10201144963502884, -0.005750041455030441, -0.0034053996205329895, -0.0436427965760231, 0.012860611081123352, -0.0027780644595623016, -1.0001106262207031], [0.11617619544267654, -0.0096064992249012, -0.0017774663865566254, -0.04026983678340912, 0.014972135424613953, -0.002796880202367902, -1.000643253326416], [0.1022147387266159, -0.0052621029317379, -0.001714266836643219, -0.04381148889660835, 0.011375069618225098, -0.0025663769338279963, -1.000833511352539], [0.1127300038933754, -0.006503798067569733, -0.0019709207117557526, -0.043718889355659485, 0.0201462060213089, -0.002796439453959465, -0.9993634223937988], [0.11955298483371735, -0.005355309695005417, -0.0039572082459926605, -0.042570363730192184, 0.017969638109207153, -0.002658803015947342, -0.9995844960212708]]","[[0.10300945490598679, 8.594244718551636e-05, -0.002273283898830414, -0.04536326974630356, 0.018259719014167786, -0.0031042767222970724, -0.999345064163208], [0.10201144963502884, -0.005750041455030441, -0.0034053996205329895, -0.0436427965760231, 0.012860611081123352, -0.0027780644595623016, -1.0001106262207031], [0.11617619544267654, -0.0096064992249012, -0.0017774663865566254, -0.04026983678340912, 0.014972135424613953, -0.002796880202367902, -1.000643253326416], [0.1022147387266159, -0.0052621029317379, -0.001714266836643219, -0.04381148889660835, 0.011375069618225098, -0.0025663769338279963, -1.000833511352539], [0.1127300038933754, -0.006503798067569733, -0.0019709207117557526, -0.043718889355659485, 0.0201462060213089, -0.002796439453959465, -0.9993634223937988], [0.11955298483371735, -0.005355309695005417, -0.0039572082459926605, -0.042570363730192184, 0.017969638109207153, -0.002658803015947342, -0.9995844960212708]]","[-0.0031307035623348986, -0.0014189498432336618, -0.00014459070415838665, 0.0027440296352165055, -0.00136385642773989, 0.0033140709022506016]","[-0.0031307035623348986, -0.0014189498432336618, -0.00014459070415838665, 0.0027440296352165055, -0.00136385642773989, 0.0033140709022506016]","[0.2229909896850586, 0.2228124737739563, 0.22239121794700623, 0.2238609790802002, 0.2232530117034912, 0.22384849190711975]","[0.2229909896850586, 0.2228124737739563, 0.22239121794700623, 0.2238609790802002, 0.2232530117034912, 0.22384849190711975]",3.0,3.0,6.0,6.0,086dfebd71040c3b8512d9e9cc25151dd95fdc19d68b60a3a990f563924cfbbb,086dfebd71040c3b8512d9e9cc25151dd95fdc19d68b60a3a990f563924cfbbb,5.0,3.0,0.0,True,0.0,True,0.0,True,True,True,True
Object,frozen_closed_loop__Object,libero_object_object,8,8,5130776,"[[0.1020362600684166, -0.007860604673624039, -0.004111379384994507, -0.043759435415267944, 0.012773528695106506, -0.0023645376786589622, -0.997715175151825], [0.10566987097263336, -0.000324491411447525, -0.0014772266149520874, -0.042855918407440186, 0.02038899064064026, -0.00284656323492527, -1.0001220703125], [0.11237394064664841, -0.015393644571304321, -0.001261141151189804, -0.046055831015110016, 0.015546530485153198, -0.0020227928180247545, -0.9976070523262024], [0.10995011776685715, -0.004735831171274185, -0.0008227117359638214, -0.04635428264737129, 0.012234315276145935, -0.0031482093036174774, -0.9996801614761353], [0.09997967630624771, -0.008070934563875198, -0.0024053268134593964, -0.040168602019548416, 0.013521596789360046, -0.002875271486118436, -0.9992471933364868], [0.1063661277294159, -0.005048420280218124, -0.0022759102284908295, -0.04511670768260956, 0.011798858642578125, -0.002300731837749481, -0.9990997910499573]]","[[0.1020362600684166, -0.007860604673624039, -0.004111379384994507, -0.043759435415267944, 0.012773528695106506, -0.0023645376786589622, -0.997715175151825], [0.10566987097263336, -0.000324491411447525, -0.0014772266149520874, -0.042855918407440186, 0.02038899064064026, -0.00284656323492527, -1.0001220703125], [0.11237394064664841, -0.015393644571304321, -0.001261141151189804, -0.046055831015110016, 0.015546530485153198, -0.0020227928180247545, -0.9976070523262024], [0.10995011776685715, -0.004735831171274185, -0.0008227117359638214, -0.04635428264737129, 0.012234315276145935, -0.0031482093036174774, -0.9996801614761353], [0.09997967630624771, -0.008070934563875198, -0.0024053268134593964, -0.040168602019548416, 0.013521596789360046, -0.002875271486118436, -0.9992471933364868], [0.1063661277294159, -0.005048420280218124, -0.0022759102284908295, -0.04511670768260956, 0.011798858642578125, -0.002300731837749481, -0.9990997910499573]]","[0.00031127111092345224, -0.0005105495155107325, 0.003808432859514885, 0.0005460208312652454, -0.00037368152019209123, -0.003781493766000496]","[0.00031127111092345224, -0.0005105495155107325, 0.003808432859514885, 0.0005460208312652454, -0.00037368152019209123, -0.003781493766000496]","[0.22439271211624146, 0.22459286451339722, 0.2241905927658081, 0.22244897484779358, 0.2255392074584961, 0.22224050760269165]","[0.22439271211624146, 0.22459286451339722, 0.2241905927658081, 0.22244897484779358, 0.2255392074584961, 0.22224050760269165]",4.0,4.0,6.0,6.0,086dfebd71040c3b8512d9e9cc25151dd95fdc19d68b60a3a990f563924cfbbb,086dfebd71040c3b8512d9e9cc25151dd95fdc19d68b60a3a990f563924cfbbb,2.0,4.0,0.0,True,0.0,True,0.0,True,True,True,True
Object,frozen_closed_loop__Object,libero_object_object,8,8,5130873,"[[0.10505754500627518, -0.0028588995337486267, -0.002141408622264862, -0.04460456967353821, 0.013034552335739136, -0.0023687018547207117, -0.9995579719543457], [0.10829485952854156, 0.004814565181732178, -0.003842487931251526, -0.042842745780944824, 0.011218518018722534, -0.0024955866392701864, -1.0002384185791016], [0.10665815323591232, -0.0017062760889530182, -0.0031324289739131927, -0.046640511602163315, 0.016893848776817322, -0.0028093724977225065, -1.0005738735198975], [0.10982606559991837, -0.008608661592006683, -0.0038632750511169434, -0.04144405201077461, 0.011954918503761292, -0.0026733444537967443, -1.0001896619796753], [0.11659104377031326, -0.008982215076684952, -0.0016864389181137085, -0.04513028264045715, 0.012682288885116577, -0.002290156204253435, -0.9979465007781982], [0.11718839406967163, -0.0032861530780792236, -0.002394597977399826, -0.04088355600833893, 0.016389816999435425, -0.0025389024522155523, -0.9987971782684326]]","[[0.10505754500627518, -0.0028588995337486267, -0.002141408622264862, -0.04460456967353821, 0.013034552335739136, -0.0023687018547207117, -0.9995579719543457], [0.10829485952854156, 0.004814565181732178, -0.003842487931251526, -0.042842745780944824, 0.011218518018722534, -0.0024955866392701864, -1.0002384185791016], [0.10665815323591232, -0.0017062760889530182, -0.0031324289739131927, -0.046640511602163315, 0.016893848776817322, -0.0028093724977225065, -1.0005738735198975], [0.10982606559991837, -0.008608661592006683, -0.0038632750511169434, -0.04144405201077461, 0.011954918503761292, -0.0026733444537967443, -1.0001896619796753], [0.11659104377031326, -0.008982215076684952, -0.0016864389181137085, -0.04513028264045715, 0.012682288885116577, -0.002290156204253435, -0.9979465007781982], [0.11718839406967163, -0.0032861530780792236, -0.002394597977399826, -0.04088355600833893, 0.016389816999435425, -0.0025389024522155523, -0.9987971782684326]]","[0.00037936735488058925, -0.005534746670227417, 0.000917965604044256, 0.0027652904703856524, 0.0011111833527235274, 0.000360939888193486]","[0.00037936735488058925, -0.005534746670227417, 0.000917965604044256, 0.0027652904703856524, 0.0011111833527235274, 0.000360939888193486]","[0.22264036536216736, 0.21937677264213562, 0.22173240780830383, 0.22320795059204102, 0.22209152579307556, 0.2214668095111847]","[0.22264036536216736, 0.21937677264213562, 0.22173240780830383, 0.22320795059204102, 0.22209152579307556, 0.2214668095111847]",3.0,3.0,6.0,6.0,086dfebd71040c3b8512d9e9cc25151dd95fdc19d68b60a3a990f563924cfbbb,086dfebd71040c3b8512d9e9cc25151dd95fdc19d68b60a3a990f563924cfbbb,3.0,3.0,0.0,True,0.0,True,0.0,True,True,True,False
Object,frozen_closed_loop__Object,libero_object_object,8,8,5130970,"[[0.100766122341156, -0.004237722605466843, -0.0015004724264144897, -0.038030289113521576, 0.01770615577697754, -0.002509775571525097, -0.9997761845588684], [0.10467901825904846, -0.010324325412511826, -0.0030486099421977997, -0.04202507436275482, 0.012446790933609009, -0.0028490088880062103, -1.0005109310150146], [0.10310892015695572, 0.00036075711250305176, -0.003550071269273758, -0.045273616909980774, 0.012084290385246277, -0.0025244271382689476, -0.9984627962112427], [0.09788196533918381, 0.0011050701141357422, -0.0028286688029766083, -0.04562150686979294, 0.007308706641197205, -0.002727918792515993, -0.9995810985565186], [0.10164722800254822, -0.003490336239337921, -0.003174617886543274, -0.04437238723039627, 0.006551653146743774, -0.0022353176027536392, -0.9980527758598328], [0.10948061943054199, -0.007523931562900543, -0.0028889067471027374, -0.043980859220027924, 0.02314312756061554, -0.0032352814450860023, -0.9994375109672546]]","[[0.100766122341156, -0.004237722605466843, -0.0015004724264144897, -0.038030289113521576, 0.01770615577697754, -0.002509775571525097, -0.9997761845588684], [0.10467901825904846, -0.010324325412511826, -0.0030486099421977997, -0.04202507436275482, 0.012446790933609009, -0.0028490088880062103, -1.0005109310150146], [0.10310892015695572, 0.00036075711250305176, -0.003550071269273758, -0.045273616909980774, 0.012084290385246277, -0.0025244271382689476, -0.9984627962112427], [0.09788196533918381, 0.0011050701141357422, -0.0028286688029766083, -0.04562150686979294, 0.007308706641197205, -0.002727918792515993, -0.9995810985565186], [0.10164722800254822, -0.003490336239337921, -0.003174617886543274, -0.04437238723039627, 0.006551653146743774, -0.0022353176027536392, -0.9980527758598328], [0.10948061943054199, -0.007523931562900543, -0.0028889067471027374, -0.043980859220027924, 0.02314312756061554, -0.0032352814450860023, -0.9994375109672546]]","[-0.0016659856858580245, 0.0006927720612905381, -0.003111266593114439, -0.001915391981730328, 0.002318003250840347, 0.0036818689485721024]","[-0.0016659856858580245, 0.0006927720612905381, -0.003111266593114439, -0.001915391981730328, 0.002318003250840347, 0.0036818689485721024]","[0.2232740819454193, 0.222398579120636, 0.22169196605682373, 0.21947574615478516, 0.2245681881904602, 0.2245314121246338]","[0.2232740819454193, 0.222398579120636, 0.22169196605682373, 0.21947574615478516, 0.2245681881904602, 0.2245314121246338]",4.0,4.0,6.0,6.0,086dfebd71040c3b8512d9e9cc25151dd95fdc19d68b60a3a990f563924cfbbb,086dfebd71040c3b8512d9e9cc25151dd95fdc19d68b60a3a990f563924cfbbb,5.0,4.0,0.0,True,0.0,True,0.0,True,True,True,True
Object,frozen_closed_loop__Object,libero_object_object,8,8,5131067,"[[0.11323973536491394, -0.00878574326634407, -0.002650246024131775, -0.04099093750119209, 0.011929303407669067, -0.0028119725175201893, -0.9973517060279846], [0.11365849524736404, -0.005834195762872696, -0.0033201277256011963, -0.044112157076597214, 0.01119723916053772, -0.0026882824022322893, -1.0000066757202148], [0.1173991709947586, -0.006056539714336395, -0.004690065979957581, -0.039600860327482224, 0.012208431959152222, -0.002502725226804614, -0.9987103343009949], [0.11431675404310226, -0.0019724853336811066, -0.001790318638086319, -0.04390580952167511, 0.018659189343452454, -0.003116306383162737, -0.9972766041755676], [0.1196153461933136, -0.006674118340015411, -0.0016028992831707, -0.04512373358011246, 0.010362759232521057, -0.00253564165905118, -0.9991043210029602], [0.10951437056064606, -0.004038400948047638, -0.005399677902460098, -0.04116813838481903, 0.013140231370925903, -0.002368922345340252, -1.0000779628753662]]","[[0.11323973536491394, -0.00878574326634407, -0.002650246024131775, -0.04099093750119209, 0.011929303407669067, -0.0028119725175201893, -0.9973517060279846], [0.11365849524736404, -0.005834195762872696, -0.0033201277256011963, -0.044112157076597214, 0.01119723916053772, -0.0026882824022322893, -1.0000066757202148], [0.1173991709947586, -0.006056539714336395, -0.004690065979957581, -0.039600860327482224, 0.012208431959152222, -0.002502725226804614, -0.9987103343009949], [0.11431675404310226, -0.0019724853336811066, -0.001790318638086319, -0.04390580952167511, 0.018659189343452454, -0.003116306383162737, -0.9972766041755676], [0.1196153461933136, -0.006674118340015411, -0.0016028992831707, -0.04512373358011246, 0.010362759232521057, -0.00253564165905118, -0.9991043210029602], [0.10951437056064606, -0.004038400948047638, -0.005399677902460098, -0.04116813838481903, 0.013140231370925903, -0.002368922345340252, -1.0000779628753662]]","[0.0033765376326129375, 0.0004980290498251293, 0.0008384485276912886, -0.002484761248838988, -0.0006513318636916421, -0.0015769220975987161]","[0.0033765376326129375, 0.0004980290498251293, 0.0008384485276912886, -0.002484761248838988, -0.0006513318636916421, -0.0015769220975987161]","[0.22413161396980286, 0.22236591577529907, 0.22336053848266602, 0.2234729826450348, 0.22089272737503052, 0.22331956028938293]","[0.22413161396980286, 0.22236591577529907, 0.22336053848266602, 0.2234729826450348, 0.22089272737503052, 0.22331956028938293]",0.0,0.0,6.0,6.0,086dfebd71040c3b8512d9e9cc25151dd95fdc19d68b60a3a990f563924cfbbb,086dfebd71040c3b8512d9e9cc25151dd95fdc19d68b60a3a990f563924cfbbb,0.0,0.0,0.0,True,0.0,True,0.0,True,True,True,False
Object,frozen_closed_loop__Object,libero_object_object,8,9,5140000,"[[0.12801580131053925, -0.011076238006353378, 0.0045545026659965515, -0.0345907136797905, 0.032486557960510254, -0.008312280289828777, -1.0026485919952393], [0.10973665863275528, -0.01726549118757248, 0.0015286356210708618, -0.03357769176363945, 0.030198723077774048, -0.007121868431568146, -1.0032747983932495], [-0.003695916384458542, -0.0004315003752708435, -0.0011998414993286133, -0.020381562411785126, 0.04723218083381653, -0.0030405367724597454, -0.9990934133529663], [0.10997839272022247, -0.011726897209882736, 0.0005595758557319641, -0.035224925726652145, 0.02907899022102356, -0.007212818134576082, -1.0020473003387451], [0.0201532244682312, -0.013122372329235077, 0.0014175474643707275, -0.02537321299314499, 0.0291566401720047, -0.013238071464002132, -1.000600814819336], [0.10816443711519241, -0.010676197707653046, 0.0038420408964157104, -0.03183849900960922, 0.04326912760734558, -0.013407676480710506, -1.0038888454437256]]","[[0.12801580131053925, -0.011076238006353378, 0.0045545026659965515, -0.0345907136797905, 0.032486557960510254, -0.008312280289828777, -1.0026485919952393], [0.10973665863275528, -0.01726549118757248, 0.0015286356210708618, -0.03357769176363945, 0.030198723077774048, -0.007121868431568146, -1.0032747983932495], [-0.003695916384458542, -0.0004315003752708435, -0.0011998414993286133, -0.020381562411785126, 0.04723218083381653, -0.0030405367724597454, -0.9990934133529663], [0.10997839272022247, -0.011726897209882736, 0.0005595758557319641, -0.035224925726652145, 0.02907899022102356, -0.007212818134576082, -1.0020473003387451], [0.0201532244682312, -0.013122372329235077, 0.0014175474643707275, -0.02537321299314499, 0.0291566401720047, -0.013238071464002132, -1.000600814819336], [0.10816443711519241, -0.010676197707653046, 0.0038420408964157104, -0.03183849900960922, 0.04326912760734558, -0.013407676480710506, -1.0038888454437256]]","[0.0002530458226608985, 0.0025665011211290236, -0.006746890441204046, 0.001946543237144736, -0.0005280218270524773, 0.002508822087322087]","[0.0002530458226608985, 0.0025665011211290236, -0.006746890441204046, 0.001946543237144736, -0.0005280218270524773, 0.002508822087322087]","[0.23181989789009094, 0.23336705565452576, 0.22524452209472656, 0.23281115293502808, 0.22765803337097168, 0.23282599449157715]","[0.23181989789009094, 0.23336705565452576, 0.22524452209472656, 0.23281115293502808, 0.22765803337097168, 0.23282599449157715]",1.0,1.0,6.0,6.0,086dfebd71040c3b8512d9e9cc25151dd95fdc19d68b60a3a990f563924cfbbb,086dfebd71040c3b8512d9e9cc25151dd95fdc19d68b60a3a990f563924cfbbb,1.0,1.0,0.0,True,0.0,True,0.0,True,True,True,False
Object,frozen_closed_loop__Object,libero_object_object,8,9,5140097,"[[-0.01202702522277832, -0.003698095679283142, 0.0021067634224891663, -0.009695986285805702, 0.03913436830043793, -0.002643115818500519, -1.001747488975525], [0.1253720372915268, -0.014439504593610764, 0.0016427412629127502, -0.0346248559653759, 0.0298578143119812, -0.006695849355310202, -1.0014216899871826], [0.11430088430643082, -0.02006901428103447, 0.002599842846393585, -0.031710751354694366, 0.03178614377975464, -0.006927828770130873, -1.0039962530136108], [0.11869143694639206, -0.004762038588523865, 0.0011166930198669434, -0.03182964399456978, 0.028962939977645874, -0.005915218498557806, -1.003767490386963], [0.11193651705980301, -0.010913070291280746, 0.0025934725999832153, -0.03232889994978905, 0.038387373089790344, -0.007324852980673313, -1.0026134252548218], [0.12591540813446045, -0.018206164240837097, 0.0037198886275291443, -0.03364778310060501, 0.03568790853023529, -0.00742062833160162, -1.0009183883666992]]","[[-0.01202702522277832, -0.003698095679283142, 0.0021067634224891663, -0.009695986285805702, 0.03913436830043793, -0.002643115818500519, -1.001747488975525], [0.1253720372915268, -0.014439504593610764, 0.0016427412629127502, -0.0346248559653759, 0.0298578143119812, -0.006695849355310202, -1.0014216899871826], [0.11430088430643082, -0.02006901428103447, 0.002599842846393585, -0.031710751354694366, 0.03178614377975464, -0.006927828770130873, -1.0039962530136108], [0.11869143694639206, -0.004762038588523865, 0.0011166930198669434, -0.03182964399456978, 0.028962939977645874, -0.005915218498557806, -1.003767490386963], [0.11193651705980301, -0.010913070291280746, 0.0025934725999832153, -0.03232889994978905, 0.038387373089790344, -0.007324852980673313, -1.0026134252548218], [0.12591540813446045, -0.018206164240837097, 0.0037198886275291443, -0.03364778310060501, 0.03568790853023529, -0.00742062833160162, -1.0009183883666992]]","[-0.0064721285813001865, 0.0011986642186459355, -2.5563671883225853e-05, 0.0022320743468689057, 0.0006821542178207919, 0.002384799469847922]","[-0.0064721285813001865, 0.0011986642186459355, -2.5563671883225853e-05, 0.0022320743468689057, 0.0006821542178207919, 0.002384799469847922]","[0.212581604719162, 0.23494040966033936, 0.23184680938720703, 0.22662585973739624, 0.22921767830848694, 0.23359283804893494]","[0.212581604719162, 0.23494040966033936, 0.23184680938720703, 0.22662585973739624, 0.22921767830848694, 0.23359283804893494]",1.0,1.0,6.0,6.0,086dfebd71040c3b8512d9e9cc25151dd95fdc19d68b60a3a990f563924cfbbb,086dfebd71040c3b8512d9e9cc25151dd95fdc19d68b60a3a990f563924cfbbb,5.0,1.0,0.0,True,0.0,True,0.0,True,True,True,True
Object,frozen_closed_loop__Object,libero_object_object,8,9,5140194,"[[0.11388938874006271, -0.01363322138786316, 0.0018430128693580627, -0.0382857471704483, 0.038170382380485535, -0.007302314043045044, -1.0013905763626099], [0.11637546122074127, -0.00910704955458641, 0.0010857358574867249, -0.036962542682886124, 0.02352498471736908, -0.0046175080351531506, -1.0020854473114014], [0.12132212519645691, -0.013629980385303497, 0.0034037232398986816, -0.037070382386446, 0.03367553651332855, -0.007850326597690582, -1.0021498203277588], [0.11246290057897568, -0.005538538098335266, 0.00202372670173645, -0.030295299366116524, 0.028400927782058716, -0.005721420980989933, -1.002748727798462], [0.10281521826982498, -0.02248680219054222, 0.00319797545671463, -0.03621315583586693, 0.027810171246528625, -0.010381764732301235, -1.003798007965088], [0.12845635414123535, -0.009107831865549088, -0.00141950324177742, -0.03785640001296997, 0.025302305817604065, -0.006078742910176516, -1.0021253824234009]]","[[0.11388938874006271, -0.01363322138786316, 0.0018430128693580627, -0.0382857471704483, 0.038170382380485535, -0.007302314043045044, -1.0013905763626099], [0.11637546122074127, -0.00910704955458641, 0.0010857358574867249, -0.036962542682886124, 0.02352498471736908, -0.0046175080351531506, -1.0020854473114014], [0.12132212519645691, -0.013629980385303497, 0.0034037232398986816, -0.037070382386446, 0.03367553651332855, -0.007850326597690582, -1.0021498203277588], [0.11246290057897568, -0.005538538098335266, 0.00202372670173645, -0.030295299366116524, 0.028400927782058716, -0.005721420980989933, -1.002748727798462], [0.10281521826982498, -0.02248680219054222, 0.00319797545671463, -0.03621315583586693, 0.027810171246528625, -0.010381764732301235, -1.003798007965088], [0.12845635414123535, -0.009107831865549088, -0.00141950324177742, -0.03785640001296997, 0.025302305817604065, -0.006078742910176516, -1.0021253824234009]]","[0.000351678971990654, -0.0013679336778896528, -0.00022759517614984518, -0.0028638173956968926, 0.0030336101777368382, 0.0010740571000091052]","[0.000351678971990654, -0.0013679336778896528, -0.00022759517614984518, -0.0028638173956968926, 0.0030336101777368382, 0.0010740571000091052]","[0.23236891627311707, 0.2284354269504547, 0.22904875874519348, 0.2286246418952942, 0.23757508397102356, 0.2314452826976776]","[0.23236891627311707, 0.2284354269504547, 0.22904875874519348, 0.2286246418952942, 0.23757508397102356, 0.2314452826976776]",4.0,4.0,6.0,6.0,086dfebd71040c3b8512d9e9cc25151dd95fdc19d68b60a3a990f563924cfbbb,086dfebd71040c3b8512d9e9cc25151dd95fdc19d68b60a3a990f563924cfbbb,4.0,4.0,0.0,True,0.0,True,0.0,True,True,True,False
Object,frozen_closed_loop__Object,libero_object_object,8,9,5140291,"[[0.11489689350128174, -0.013748668134212494, 0.0013539567589759827, -0.037322308868169785, 0.023054614663124084, -0.006622613407671452, -1.001859188079834], [0.12046169489622116, -0.020154230296611786, 0.0023055821657180786, -0.03455256670713425, 0.03538329899311066, -0.007818291895091534, -1.0006823539733887], [0.10951951146125793, -0.002770889550447464, 0.004517734050750732, -0.026303241029381752, 0.037503987550735474, -0.00544945290312171, -1.001665472984314], [0.11344145983457565, -0.012768544256687164, 0.0015576928853988647, -0.03433064743876457, 0.01869700849056244, -0.004973640199750662, -1.0024054050445557], [0.117897167801857, -0.02161603420972824, -0.00034030526876449585, -0.03446456044912338, 0.025106102228164673, -0.008150980807840824, -1.0019603967666626], [0.10285254567861557, -0.0066724978387355804, 0.0033420324325561523, -0.026883093640208244, 0.034767597913742065, -0.00537335267290473, -1.0017951726913452]]","[[0.11489689350128174, -0.013748668134212494, 0.0013539567589759827, -0.037322308868169785, 0.023054614663124084, -0.006622613407671452, -1.001859188079834], [0.12046169489622116, -0.020154230296611786, 0.0023055821657180786, -0.03455256670713425, 0.03538329899311066, -0.007818291895091534, -1.0006823539733887], [0.10951951146125793, -0.002770889550447464, 0.004517734050750732, -0.026303241029381752, 0.037503987550735474, -0.00544945290312171, -1.001665472984314], [0.11344145983457565, -0.012768544256687164, 0.0015576928853988647, -0.03433064743876457, 0.01869700849056244, -0.004973640199750662, -1.0024054050445557], [0.117897167801857, -0.02161603420972824, -0.00034030526876449585, -0.03446456044912338, 0.025106102228164673, -0.008150980807840824, -1.0019603967666626], [0.10285254567861557, -0.0066724978387355804, 0.0033420324325561523, -0.026883093640208244, 0.034767597913742065, -0.00537335267290473, -1.0017951726913452]]","[0.0025191988098031853, 0.0032147972692888093, -0.0033703573657947123, -0.000644029953949003, 0.0020819590001967723, -0.0038015677595448533]","[0.0025191988098031853, 0.0032147972692888093, -0.0033703573657947123, -0.000644029953949003, 0.0020819590001967723, -0.0038015677595448533]","[0.23220324516296387, 0.23378369212150574, 0.22325173020362854, 0.2288590669631958, 0.23071950674057007, 0.22220653295516968]","[0.23220324516296387, 0.23378369212150574, 0.22325173020362854, 0.2288590669631958, 0.23071950674057007, 0.22220653295516968]",1.0,1.0,6.0,6.0,086dfebd71040c3b8512d9e9cc25151dd95fdc19d68b60a3a990f563924cfbbb,086dfebd71040c3b8512d9e9cc25151dd95fdc19d68b60a3a990f563924cfbbb,1.0,1.0,0.0,True,0.0,True,0.0,True,True,True,False
Object,frozen_closed_loop__Object,libero_object_object,8,9,5140388,"[[0.11590898036956787, -0.02042468637228012, 0.003402605652809143, -0.02734740450978279, 0.0266534686088562, -0.013310734182596207, -1.0018452405929565], [0.1298864185810089, -0.014808308333158493, 0.0008970871567726135, -0.043385930359363556, 0.02253761887550354, -0.006554180756211281, -1.0023555755615234], [0.13201408088207245, -0.012027975171804428, 0.0017015263438224792, -0.035346850752830505, 0.034636035561561584, -0.008432907983660698, -1.0015567541122437], [0.09801618754863739, -0.013305209577083588, 0.003119856119155884, -0.02957928366959095, 0.025807946920394897, -0.004411505069583654, -1.0031429529190063], [0.10906253010034561, -0.014170557260513306, -0.0005196221172809601, -0.031228456646203995, 0.01755233108997345, -0.004533366300165653, -1.0013645887374878], [0.11077713221311569, -0.01599334180355072, 0.006859414279460907, -0.028312690556049347, 0.037654146552085876, -0.00786671880632639, -0.9956725239753723]]","[[0.11590898036956787, -0.02042468637228012, 0.003402605652809143, -0.02734740450978279, 0.0266534686088562, -0.013310734182596207, -1.0018452405929565], [0.1298864185810089, -0.014808308333158493, 0.0008970871567726135, -0.043385930359363556, 0.02253761887550354, -0.006554180756211281, -1.0023555755615234], [0.13201408088207245, -0.012027975171804428, 0.0017015263438224792, -0.035346850752830505, 0.034636035561561584, -0.008432907983660698, -1.0015567541122437], [0.09801618754863739, -0.013305209577083588, 0.003119856119155884, -0.02957928366959095, 0.025807946920394897, -0.004411505069583654, -1.0031429529190063], [0.10906253010034561, -0.014170557260513306, -0.0005196221172809601, -0.031228456646203995, 0.01755233108997345, -0.004533366300165653, -1.0013645887374878], [0.11077713221311569, -0.01599334180355072, 0.006859414279460907, -0.028312690556049347, 0.037654146552085876, -0.00786671880632639, -0.9956725239753723]]","[-0.0009188649947914214, 0.0046222892774891305, 0.0014614352316946273, -0.003804374047877932, 0.001428440777616707, -0.0027889262441309817]","[-0.0009188649947914214, 0.0046222892774891305, 0.0014614352316946273, -0.003804374047877932, 0.001428440777616707, -0.0027889262441309817]","[0.23326945304870605, 0.23315367102622986, 0.22886842489242554, 0.22947648167610168, 0.23020756244659424, 0.22776630520820618]","[0.23326945304870605, 0.23315367102622986, 0.22886842489242554, 0.22947648167610168, 0.23020756244659424, 0.22776630520820618]",0.0,0.0,6.0,6.0,086dfebd71040c3b8512d9e9cc25151dd95fdc19d68b60a3a990f563924cfbbb,086dfebd71040c3b8512d9e9cc25151dd95fdc19d68b60a3a990f563924cfbbb,1.0,0.0,0.0,True,0.0,True,0.0,True,True,True,True
Object,frozen_closed_loop__Object,libero_object_object,8,9,5140485,"[[0.10411430150270462, -0.014686882495880127, 0.002137608826160431, -0.027939094230532646, 0.03322179615497589, -0.007062931545078754, -1.002901554107666], [0.09499434381723404, -0.005000252276659012, 0.00553227961063385, -0.024540411308407784, 0.04435054957866669, -0.007926911115646362, -0.998416006565094], [0.11902570724487305, -0.007517281919717789, 0.0023120641708374023, -0.037417907267808914, 0.03019411861896515, -0.007369887549430132, -1.004594087600708], [0.11087033897638321, -0.00890728086233139, 0.0004842504858970642, -0.03574776649475098, 0.03200232982635498, -0.0068131061270833015, -1.0019786357879639], [0.11528581380844116, -0.007391329854726791, 0.004172399640083313, -0.02707928791642189, 0.026286274194717407, -0.008526083081960678, -1.001847267150879], [0.11271614581346512, -0.011960528790950775, 0.002603977918624878, -0.03346889838576317, 0.037210822105407715, -0.008041348308324814, -0.998937726020813]]","[[0.10411430150270462, -0.014686882495880127, 0.002137608826160431, -0.027939094230532646, 0.03322179615497589, -0.007062931545078754, -1.002901554107666], [0.09499434381723404, -0.005000252276659012, 0.00553227961063385, -0.024540411308407784, 0.04435054957866669, -0.007926911115646362, -0.998416006565094], [0.11902570724487305, -0.007517281919717789, 0.0023120641708374023, -0.037417907267808914, 0.03019411861896515, -0.007369887549430132, -1.004594087600708], [0.11087033897638321, -0.00890728086233139, 0.0004842504858970642, -0.03574776649475098, 0.03200232982635498, -0.0068131061270833015, -1.0019786357879639], [0.11528581380844116, -0.007391329854726791, 0.004172399640083313, -0.02707928791642189, 0.026286274194717407, -0.008526083081960678, -1.001847267150879], [0.11271614581346512, -0.011960528790950775, 0.002603977918624878, -0.03346889838576317, 0.037210822105407715, -0.008041348308324814, -0.998937726020813]]","[0.00048794541792413133, -0.0020224617459078326, 0.002341649473195862, 0.0010999043228578722, -0.0020224641852185513, 0.0001154267171487131]","[0.00048794541792413133, -0.0020224617459078326, 0.002341649473195862, 0.0010999043228578722, -0.0020224641852185513, 0.0001154267171487131]","[0.23260492086410522, 0.23010683059692383, 0.22955107688903809, 0.22963061928749084, 0.22979414463043213, 0.2296919822692871]","[0.23260492086410522, 0.23010683059692383, 0.22955107688903809, 0.22963061928749084, 0.22979414463043213, 0.2296919822692871]",0.0,0.0,6.0,6.0,086dfebd71040c3b8512d9e9cc25151dd95fdc19d68b60a3a990f563924cfbbb,086dfebd71040c3b8512d9e9cc25151dd95fdc19d68b60a3a990f563924cfbbb,2.0,0.0,0.0,True,0.0,True,0.0,True,True,True,True
Object,frozen_closed_loop__Object,libero_object_object,8,9,5140582,"[[0.10611757636070251, -0.01629643142223358, 0.0023556500673294067, -0.030025005340576172, 0.03573913872241974, -0.007088687736541033, -1.0006389617919922], [0.09779389947652817, -0.011304616928100586, 0.002779550850391388, -0.036330949515104294, 0.02886606752872467, -0.00514853373169899, -1.0025758743286133], [0.1160242035984993, -0.007664691656827927, 0.0034133344888687134, -0.0334538072347641, 0.03715015947818756, -0.007112372666597366, -1.0041728019714355], [0.12745611369609833, -0.017558801919221878, 0.0027179718017578125, -0.03516692668199539, 0.030870750546455383, -0.00928408745676279, -1.0032825469970703], [0.12610003352165222, -0.0187516026198864, 0.002956576645374298, -0.03562862053513527, 0.023545727133750916, -0.007105476222932339, -1.0015959739685059], [0.09375818073749542, -0.00833345577120781, 0.006713122129440308, -0.026589836925268173, 0.029299110174179077, -0.007701651658862829, -1.0017526149749756]]","[[0.10611757636070251, -0.01629643142223358, 0.0023556500673294067, -0.030025005340576172, 0.03573913872241974, -0.007088687736541033, -1.0006389617919922], [0.09779389947652817, -0.011304616928100586, 0.002779550850391388, -0.036330949515104294, 0.02886606752872467, -0.00514853373169899, -1.0025758743286133], [0.1160242035984993, -0.007664691656827927, 0.0034133344888687134, -0.0334538072347641, 0.03715015947818756, -0.007112372666597366, -1.0041728019714355], [0.12745611369609833, -0.017558801919221878, 0.0027179718017578125, -0.03516692668199539, 0.030870750546455383, -0.00928408745676279, -1.0032825469970703], [0.12610003352165222, -0.0187516026198864, 0.002956576645374298, -0.03562862053513527, 0.023545727133750916, -0.007105476222932339, -1.0015959739685059], [0.09375818073749542, -0.00833345577120781, 0.006713122129440308, -0.026589836925268173, 0.029299110174179077, -0.007701651658862829, -1.0017526149749756]]","[0.002134477958031394, 0.0004035283512091216, -0.0023392438722375187, 0.0018153159594657086, 0.0019812955553960973, -0.00399537395186461]","[0.002134477958031394, 0.0004035283512091216, -0.0023392438722375187, 0.0018153159594657086, 0.0019812955553960973, -0.00399537395186461]","[0.23321625590324402, 0.23207062482833862, 0.22769218683242798, 0.23202833533287048, 0.23224017024040222, 0.22497567534446716]","[0.23321625590324402, 0.23207062482833862, 0.22769218683242798, 0.23202833533287048, 0.23224017024040222, 0.22497567534446716]",0.0,0.0,6.0,6.0,086dfebd71040c3b8512d9e9cc25151dd95fdc19d68b60a3a990f563924cfbbb,086dfebd71040c3b8512d9e9cc25151dd95fdc19d68b60a3a990f563924cfbbb,0.0,0.0,0.0,True,0.0,True,0.0,True,True,True,False
Object,frozen_closed_loop__Object,libero_object_object,8,9,5140679,"[[0.035779550671577454, -0.009956974536180496, 0.005295015871524811, -0.0208290945738554, 0.03838951885700226, -0.005261493846774101, -1.0008333921432495], [0.11564679443836212, -0.012215729802846909, 0.0013269111514091492, -0.03507498651742935, 0.027586162090301514, -0.005868641659617424, -1.000497817993164], [0.1118956133723259, -0.012986529618501663, 0.0016049668192863464, -0.03597220778465271, 0.024598941206932068, -0.00557939987629652, -1.0016112327575684], [0.12050416320562363, -0.011959690600633621, -0.0004213303327560425, -0.03546142578125, 0.027381375432014465, -0.004827697295695543, -1.0011520385742188], [0.11498294770717621, -0.007758736610412598, 0.0010593608021736145, -0.03695767745375633, 0.0236484557390213, -0.005003648344427347, -1.0027194023132324], [0.1178930327296257, -0.010902676731348038, 0.0011088699102401733, -0.034746214747428894, 0.02664005756378174, -0.007992193102836609, -1.0005899667739868]]","[[0.035779550671577454, -0.009956974536180496, 0.005295015871524811, -0.0208290945738554, 0.03838951885700226, -0.005261493846774101, -1.0008333921432495], [0.11564679443836212, -0.012215729802846909, 0.0013269111514091492, -0.03507498651742935, 0.027586162090301514, -0.005868641659617424, -1.000497817993164], [0.1118956133723259, -0.012986529618501663, 0.0016049668192863464, -0.03597220778465271, 0.024598941206932068, -0.00557939987629652, -1.0016112327575684], [0.12050416320562363, -0.011959690600633621, -0.0004213303327560425, -0.03546142578125, 0.027381375432014465, -0.004827697295695543, -1.0011520385742188], [0.11498294770717621, -0.007758736610412598, 0.0010593608021736145, -0.03695767745375633, 0.0236484557390213, -0.005003648344427347, -1.0027194023132324], [0.1178930327296257, -0.010902676731348038, 0.0011088699102401733, -0.034746214747428894, 0.02664005756378174, -0.007992193102836609, -1.0005899667739868]]","[-0.003996517920498398, 0.000744064979829618, 0.003333748467139941, 0.0005726226220989048, 0.00047438376030749246, -0.001128301908877359]","[-0.003996517920498398, 0.000744064979829618, 0.003333748467139941, 0.0005726226220989048, 0.00047438376030749246, -0.001128301908877359]","[0.22583675384521484, 0.23290592432022095, 0.2360897958278656, 0.23032933473587036, 0.2295571267604828, 0.230741947889328]","[0.22583675384521484, 0.23290592432022095, 0.2360897958278656, 0.23032933473587036, 0.2295571267604828, 0.230741947889328]",2.0,2.0,6.0,6.0,086dfebd71040c3b8512d9e9cc25151dd95fdc19d68b60a3a990f563924cfbbb,086dfebd71040c3b8512d9e9cc25151dd95fdc19d68b60a3a990f563924cfbbb,2.0,2.0,0.0,True,0.0,True,0.0,True,True,True,False
Object,frozen_closed_loop__Object,libero_object_object,8,9,5140776,"[[0.10881911963224411, -0.014534275978803635, 0.002362355589866638, -0.03089948557317257, 0.023668348789215088, -0.006067660637199879, -1.0010223388671875], [0.11557035148143768, 0.0012618675827980042, 0.0058752670884132385, -0.03372064232826233, 0.03860999643802643, -0.006371575873345137, -1.0007944107055664], [0.11836744844913483, -0.014835968613624573, 0.0005319714546203613, -0.03522463142871857, 0.03271383047103882, -0.006022229790687561, -1.0003541707992554], [0.11571954935789108, -0.0110696442425251, 0.0019700825214385986, -0.03612617403268814, 0.026455029845237732, -0.0067653837613761425, -1.0032753944396973], [0.12191880494356155, -0.009838342666625977, 0.0021198391914367676, -0.03284524753689766, 0.026284798979759216, -0.00634013582020998, -1.0024241209030151], [0.10380126535892487, -0.01389065757393837, 0.0013848021626472473, -0.02951023355126381, 0.030373558402061462, -0.005255214869976044, -1.0010255575180054]]","[[0.10881911963224411, -0.014534275978803635, 0.002362355589866638, -0.03089948557317257, 0.023668348789215088, -0.006067660637199879, -1.0010223388671875], [0.11557035148143768, 0.0012618675827980042, 0.0058752670884132385, -0.03372064232826233, 0.03860999643802643, -0.006371575873345137, -1.0007944107055664], [0.11836744844913483, -0.014835968613624573, 0.0005319714546203613, -0.03522463142871857, 0.03271383047103882, -0.006022229790687561, -1.0003541707992554], [0.11571954935789108, -0.0110696442425251, 0.0019700825214385986, -0.03612617403268814, 0.026455029845237732, -0.0067653837613761425, -1.0032753944396973], [0.12191880494356155, -0.009838342666625977, 0.0021198391914367676, -0.03284524753689766, 0.026284798979759216, -0.00634013582020998, -1.0024241209030151], [0.10380126535892487, -0.01389065757393837, 0.0013848021626472473, -0.02951023355126381, 0.030373558402061462, -0.005255214869976044, -1.0010255575180054]]","[0.0029251375568034284, -0.0036914972354316956, 3.080638832458984e-05, -0.001970219036980069, 0.0009030311185401549, 0.0018027412087438673]","[0.0029251375568034284, -0.0036914972354316956, 3.080638832458984e-05, -0.001970219036980069, 0.0009030311185401549, 0.0018027412087438673]","[0.23688873648643494, 0.22580495476722717, 0.2305169701576233, 0.2298355996608734, 0.2286786437034607, 0.23182544112205505]","[0.23688873648643494, 0.22580495476722717, 0.2305169701576233, 0.2298355996608734, 0.2286786437034607, 0.23182544112205505]",0.0,0.0,6.0,6.0,086dfebd71040c3b8512d9e9cc25151dd95fdc19d68b60a3a990f563924cfbbb,086dfebd71040c3b8512d9e9cc25151dd95fdc19d68b60a3a990f563924cfbbb,0.0,0.0,0.0,True,0.0,True,0.0,True,True,True,False
Object,frozen_closed_loop__Object,libero_object_object,8,9,5140873,"[[0.0587473064661026, -0.009718313813209534, 0.007024034857749939, -0.029981404542922974, 0.026161104440689087, -0.005742990877479315, -0.9996449947357178], [0.12465666979551315, -0.015065241605043411, 0.0052184611558914185, -0.03348681330680847, 0.03710876405239105, -0.007215660531073809, -1.0024771690368652], [0.11347096413373947, -0.004649162292480469, 0.003877691924571991, -0.03201429173350334, 0.04128889739513397, -0.008942782878875732, -1.0054808855056763], [0.11272922158241272, -0.014079529792070389, 0.0006051734089851379, -0.03439400717616081, 0.017320498824119568, -0.002900829305872321, -1.0016777515411377], [-0.013850592076778412, -0.00810965895652771, 0.0006238371133804321, -0.010514937341213226, 0.040484145283699036, -0.002340544480830431, -0.9996201992034912], [0.10603588074445724, -0.0047904253005981445, 0.004572831094264984, -0.02877226285636425, 0.03789858520030975, -0.006048404145985842, -1.0035713911056519]]","[[0.0587473064661026, -0.009718313813209534, 0.007024034857749939, -0.029981404542922974, 0.026161104440689087, -0.005742990877479315, -0.9996449947357178], [0.12465666979551315, -0.015065241605043411, 0.0052184611558914185, -0.03348681330680847, 0.03710876405239105, -0.007215660531073809, -1.0024771690368652], [0.11347096413373947, -0.004649162292480469, 0.003877691924571991, -0.03201429173350334, 0.04128889739513397, -0.008942782878875732, -1.0054808855056763], [0.11272922158241272, -0.014079529792070389, 0.0006051734089851379, -0.03439400717616081, 0.017320498824119568, -0.002900829305872321, -1.0016777515411377], [-0.013850592076778412, -0.00810965895652771, 0.0006238371133804321, -0.010514937341213226, 0.040484145283699036, -0.002340544480830431, -0.9996201992034912], [0.10603588074445724, -0.0047904253005981445, 0.004572831094264984, -0.02877226285636425, 0.03789858520030975, -0.006048404145985842, -1.0035713911056519]]","[-0.0018094161021086352, 0.0007084982867099349, 0.0043737280471434214, 0.002183078365617573, -0.006241792518402713, 0.0007859039210405903]","[-0.0018094161021086352, 0.0007084982867099349, 0.0043737280471434214, 0.002183078365617573, -0.006241792518402713, 0.0007859039210405903]","[0.22772616147994995, 0.22866493463516235, 0.2287338376045227, 0.23151257634162903, 0.21852055191993713, 0.2273952066898346]","[0.22772616147994995, 0.22866493463516235, 0.2287338376045227, 0.23151257634162903, 0.21852055191993713, 0.2273952066898346]",3.0,3.0,6.0,6.0,086dfebd71040c3b8512d9e9cc25151dd95fdc19d68b60a3a990f563924cfbbb,086dfebd71040c3b8512d9e9cc25151dd95fdc19d68b60a3a990f563924cfbbb,2.0,3.0,0.0,True,0.0,True,0.0,True,True,True,True
Object,frozen_closed_loop__Object,libero_object_object,8,9,5140970,"[[0.11403556913137436, -0.019448082894086838, 0.003738999366760254, -0.029031377285718918, 0.028548985719680786, -0.00880016665905714, -1.0008496046066284], [0.12683473527431488, -0.02316998317837715, 0.0010012462735176086, -0.03473042696714401, 0.025699451565742493, -0.010695881210267544, -1.0011961460113525], [0.12105826288461685, -0.0054316408932209015, 0.000927262008190155, -0.038470834493637085, 0.03042854368686676, -0.0058495174162089825, -1.000654697418213], [-0.015365872532129288, -0.004091374576091766, 0.003267154097557068, -0.011661267839372158, 0.03398984670639038, -0.0044035292230546474, -1.0002522468566895], [0.11771265417337418, -0.012326203286647797, 0.002897121012210846, -0.035909395664930344, 0.03200197219848633, -0.00836258102208376, -1.0015395879745483], [0.11454552412033081, -0.008962489664554596, 9.980052709579468e-05, -0.04179399088025093, 0.017556264996528625, -0.004748777486383915, -1.001558780670166]]","[[0.11403556913137436, -0.019448082894086838, 0.003738999366760254, -0.029031377285718918, 0.028548985719680786, -0.00880016665905714, -1.0008496046066284], [0.12683473527431488, -0.02316998317837715, 0.0010012462735176086, -0.03473042696714401, 0.025699451565742493, -0.010695881210267544, -1.0011961460113525], [0.12105826288461685, -0.0054316408932209015, 0.000927262008190155, -0.038470834493637085, 0.03042854368686676, -0.0058495174162089825, -1.000654697418213], [-0.015365872532129288, -0.004091374576091766, 0.003267154097557068, -0.011661267839372158, 0.03398984670639038, -0.0044035292230546474, -1.0002522468566895], [0.11771265417337418, -0.012326203286647797, 0.002897121012210846, -0.035909395664930344, 0.03200197219848633, -0.00836258102208376, -1.0015395879745483], [0.11454552412033081, -0.008962489664554596, 9.980052709579468e-05, -0.04179399088025093, 0.017556264996528625, -0.004748777486383915, -1.001558780670166]]","[0.001977619158263999, 0.003451362925523127, -0.00047759754616534837, -0.007143583004083815, 0.0012783076732338602, 0.0009138907932283441]","[0.001977619158263999, 0.003451362925523127, -0.00047759754616534837, -0.007143583004083815, 0.0012783076732338602, 0.0009138907932283441]","[0.2308078408241272, 0.23187902569770813, 0.23156964778900146, 0.21672552824020386, 0.23518231511116028, 0.22953391075134277]","[0.2308078408241272, 0.23187902569770813, 0.23156964778900146, 0.21672552824020386, 0.23518231511116028, 0.22953391075134277]",4.0,4.0,6.0,6.0,086dfebd71040c3b8512d9e9cc25151dd95fdc19d68b60a3a990f563924cfbbb,086dfebd71040c3b8512d9e9cc25151dd95fdc19d68b60a3a990f563924cfbbb,1.0,4.0,0.0,True,0.0,True,0.0,True,True,True,True
Object,frozen_closed_loop__Object,libero_object_object,8,9,5141067,"[[0.12751691043376923, -0.014150049537420273, 0.004073493182659149, -0.034212395548820496, 0.03313927352428436, -0.00721574854105711, -1.003612756729126], [0.11376176029443741, -0.00786513090133667, 0.0018979981541633606, -0.03567560389637947, 0.03441596031188965, -0.0077971406280994415, -1.0012322664260864], [0.11412866413593292, -0.015613362193107605, 0.0005475059151649475, -0.03508162498474121, 0.02186259627342224, -0.007098888512700796, -1.0000908374786377], [0.12908968329429626, -0.010285433381795883, 0.0018907338380813599, -0.03578617051243782, 0.023425385355949402, -0.005365090444684029, -1.0023243427276611], [0.0039001554250717163, -0.007554832845926285, 0.0036992132663726807, -0.020992591977119446, 0.027478918433189392, -0.004365324974060059, -1.000240683555603], [0.11558689177036285, -0.018199067562818527, 0.0013300403952598572, -0.035230815410614014, 0.026222705841064453, -0.007511071395128965, -1.0038427114486694]]","[[0.12751691043376923, -0.014150049537420273, 0.004073493182659149, -0.034212395548820496, 0.03313927352428436, -0.00721574854105711, -1.003612756729126], [0.11376176029443741, -0.00786513090133667, 0.0018979981541633606, -0.03567560389637947, 0.03441596031188965, -0.0077971406280994415, -1.0012322664260864], [0.11412866413593292, -0.015613362193107605, 0.0005475059151649475, -0.03508162498474121, 0.02186259627342224, -0.007098888512700796, -1.0000908374786377], [0.12908968329429626, -0.010285433381795883, 0.0018907338380813599, -0.03578617051243782, 0.023425385355949402, -0.005365090444684029, -1.0023243427276611], [0.0039001554250717163, -0.007554832845926285, 0.0036992132663726807, -0.020992591977119446, 0.027478918433189392, -0.004365324974060059, -1.000240683555603], [0.11558689177036285, -0.018199067562818527, 0.0013300403952598572, -0.035230815410614014, 0.026222705841064453, -0.007511071395128965, -1.0038427114486694]]","[0.0035527542928693286, 0.0006726840881100018, 3.0382953694690733e-05, 0.0007623228975204496, -0.0073807778814478035, 0.0023626336492534906]","[0.0035527542928693286, 0.0006726840881100018, 3.0382953694690733e-05, 0.0007623228975204496, -0.0073807778814478035, 0.0023626336492534906]","[0.23173612356185913, 0.23073676228523254, 0.234080970287323, 0.2306535542011261, 0.219262957572937, 0.2359171211719513]","[0.23173612356185913, 0.23073676228523254, 0.234080970287323, 0.2306535542011261, 0.219262957572937, 0.2359171211719513]",5.0,5.0,6.0,6.0,086dfebd71040c3b8512d9e9cc25151dd95fdc19d68b60a3a990f563924cfbbb,086dfebd71040c3b8512d9e9cc25151dd95fdc19d68b60a3a990f563924cfbbb,0.0,5.0,0.0,True,0.0,True,0.0,True,True,True,True
Object,frozen_closed_loop__Object,libero_object_object,9,5,5150000,"[[0.03009539097547531, -0.0059701502323150635, -0.00014321878552436829, -0.0025442878250032663, 0.007858067750930786, 0.0008851136080920696, -1.000535011291504], [0.04140246659517288, -0.005487967282533646, 0.000293925404548645, -0.003322254866361618, 0.007482424378395081, 1.106501258618664e-05, -1.0015348196029663], [0.02553887665271759, -0.007111877202987671, -0.0002603977918624878, -0.003376796841621399, 0.011835426092147827, 0.0006598319741897285, -1.0007787942886353], [0.00947222113609314, -0.00474192202091217, -0.002972446382045746, -0.003057266818359494, 0.005749136209487915, 0.0011347190011292696, -0.9987918138504028], [0.015257857739925385, -0.007333662360906601, 0.0023104995489120483, -0.0028748689219355583, 0.010205626487731934, 0.0007748412899672985, -0.9985101222991943], [0.027513429522514343, -0.009374935179948807, 0.00020015984773635864, -0.0028266210574656725, 0.0069195181131362915, 0.000448034203145653, -1.0009902715682983]]","[[0.03009539097547531, -0.0059701502323150635, -0.00014321878552436829, -0.0025442878250032663, 0.007858067750930786, 0.0008851136080920696, -1.000535011291504], [0.04140246659517288, -0.005487967282533646, 0.000293925404548645, -0.003322254866361618, 0.007482424378395081, 1.106501258618664e-05, -1.0015348196029663], [0.02553887665271759, -0.007111877202987671, -0.0002603977918624878, -0.003376796841621399, 0.011835426092147827, 0.0006598319741897285, -1.0007787942886353], [0.00947222113609314, -0.00474192202091217, -0.002972446382045746, -0.003057266818359494, 0.005749136209487915, 0.0011347190011292696, -0.9987918138504028], [0.015257857739925385, -0.007333662360906601, 0.0023104995489120483, -0.0028748689219355583, 0.010205626487731934, 0.0007748412899672985, -0.9985101222991943], [0.027513429522514343, -0.009374935179948807, 0.00020015984773635864, -0.0028266210574656725, 0.0069195181131362915, 0.000448034203145653, -1.0009902715682983]]","[0.0016115859742848438, 0.0023004659403412214, 0.0012363596650007552, -0.0019296421295008305, -0.0008862868589209689, -0.0023324825912047448]","[0.0016115859742848438, 0.0023004659403412214, 0.0012363596650007552, -0.0019296421295008305, -0.0008862868589209689, -0.0023324825912047448]","[0.3200545012950897, 0.3204265534877777, 0.32006484270095825, 0.3190883696079254, 0.31851089000701904, 0.3207285404205322]","[0.3200545012950897, 0.3204265534877777, 0.32006484270095825, 0.3190883696079254, 0.31851089000701904, 0.3207285404205322]",5.0,5.0,6.0,6.0,086dfebd71040c3b8512d9e9cc25151dd95fdc19d68b60a3a990f563924cfbbb,086dfebd71040c3b8512d9e9cc25151dd95fdc19d68b60a3a990f563924cfbbb,1.0,5.0,0.0,True,0.0,True,0.0,True,True,True,True
Object,frozen_closed_loop__Object,libero_object_object,9,5,5150097,"[[0.02363450825214386, -0.005312003195285797, 0.0008689239621162415, -0.003884176956489682, 0.008723840117454529, 0.0008692282135598361, -1.0032581090927124], [0.02534240484237671, -0.0075049325823783875, -0.00064115971326828, -0.0027230263222008944, 0.0037079304456710815, 0.0007369675440713763, -1.0034692287445068], [0.03985270857810974, -0.0056989118456840515, 0.0006194785237312317, -0.0023923171684145927, 0.009780362248420715, 0.0006488598301075399, -1.001469612121582], [0.03793638199567795, -0.007719118148088455, -0.00022083520889282227, -0.0026801209896802902, 0.006567567586898804, 0.0010852121049538255, -1.0005924701690674], [0.03709126263856888, -0.009284019470214844, -0.0003822147846221924, -0.004662217106670141, 0.012193858623504639, 9.890831279335544e-05, -1.0007766485214233], [0.031212083995342255, -0.007523428648710251, 0.00014405697584152222, -0.0032497458159923553, 0.009634807705879211, 0.0003294336493127048, -1.0025153160095215]]","[[0.02363450825214386, -0.005312003195285797, 0.0008689239621162415, -0.003884176956489682, 0.008723840117454529, 0.0008692282135598361, -1.0032581090927124], [0.02534240484237671, -0.0075049325823783875, -0.00064115971326828, -0.0027230263222008944, 0.0037079304456710815, 0.0007369675440713763, -1.0034692287445068], [0.03985270857810974, -0.0056989118456840515, 0.0006194785237312317, -0.0023923171684145927, 0.009780362248420715, 0.0006488598301075399, -1.001469612121582], [0.03793638199567795, -0.007719118148088455, -0.00022083520889282227, -0.0026801209896802902, 0.006567567586898804, 0.0010852121049538255, -1.0005924701690674], [0.03709126263856888, -0.009284019470214844, -0.0003822147846221924, -0.004662217106670141, 0.012193858623504639, 9.890831279335544e-05, -1.0007766485214233], [0.031212083995342255, -0.007523428648710251, 0.00014405697584152222, -0.0032497458159923553, 0.009634807705879211, 0.0003294336493127048, -1.0025153160095215]]","[-0.0023316424097142288, -0.0017583682422497055, 0.0009113506619273454, 0.000797370922825068, 0.0018545199033304918, 0.0005267691638811591]","[-0.0023316424097142288, -0.0017583682422497055, 0.0009113506619273454, 0.000797370922825068, 0.0018545199033304918, 0.0005267691638811591]","[0.32082754373550415, 0.3180183470249176, 0.3213103413581848, 0.3201955556869507, 0.32203173637390137, 0.3216871917247772]","[0.32082754373550415, 0.3180183470249176, 0.3213103413581848, 0.3201955556869507, 0.32203173637390137, 0.3216871917247772]",4.0,4.0,6.0,6.0,086dfebd71040c3b8512d9e9cc25151dd95fdc19d68b60a3a990f563924cfbbb,086dfebd71040c3b8512d9e9cc25151dd95fdc19d68b60a3a990f563924cfbbb,4.0,4.0,0.0,True,0.0,True,0.0,True,True,True,False
Object,frozen_closed_loop__Object,libero_object_object,9,5,5150194,"[[0.04670966416597366, -0.008375309407711029, -0.0020494870841503143, -0.002407137304544449, 0.006694391369819641, 0.00036966486368328333, -0.9999629259109497], [0.03221355378627777, -0.014993548393249512, 0.0011183694005012512, -0.0022986391559243202, 0.006861850619316101, 0.00032311034738086164, -1.000705599784851], [0.028696395456790924, -0.009355656802654266, 0.0007561594247817993, -0.002750690560787916, 0.006777629256248474, 0.00024533586110919714, -1.0006555318832397], [0.00280134379863739, -0.01052727922797203, -0.002209637314081192, -0.001903489581309259, 0.007590875029563904, 0.0015957916621118784, -1.0011801719665527], [0.03653213381767273, -0.006456021219491959, 0.0008177384734153748, -0.00428611459210515, 0.011143013834953308, 0.0007973143365234137, -1.0006729364395142], [0.02581067383289337, -0.006643105298280716, 0.0011132284998893738, -0.0029552087653428316, 0.006931230425834656, -4.3090702092740685e-05, -1.0006556510925293]]","[[0.04670966416597366, -0.008375309407711029, -0.0020494870841503143, -0.002407137304544449, 0.006694391369819641, 0.00036966486368328333, -0.9999629259109497], [0.03221355378627777, -0.014993548393249512, 0.0011183694005012512, -0.0022986391559243202, 0.006861850619316101, 0.00032311034738086164, -1.000705599784851], [0.028696395456790924, -0.009355656802654266, 0.0007561594247817993, -0.002750690560787916, 0.006777629256248474, 0.00024533586110919714, -1.0006555318832397], [0.00280134379863739, -0.01052727922797203, -0.002209637314081192, -0.001903489581309259, 0.007590875029563904, 0.0015957916621118784, -1.0011801719665527], [0.03653213381767273, -0.006456021219491959, 0.0008177384734153748, -0.00428611459210515, 0.011143013834953308, 0.0007973143365234137, -1.0006729364395142], [0.02581067383289337, -0.006643105298280716, 0.0011132284998893738, -0.0029552087653428316, 0.006931230425834656, -4.3090702092740685e-05, -1.0006556510925293]]","[0.002124590493010345, 0.0010292184774169258, -0.0017869408032993126, -0.004176386941527547, 0.0009371535008064535, 0.0018723652735933233]","[0.002124590493010345, 0.0010292184774169258, -0.0017869408032993126, -0.004176386941527547, 0.0009371535008064535, 0.0018723652735933233]","[0.3175596594810486, 0.32000961899757385, 0.3189927339553833, 0.3173685371875763, 0.31855255365371704, 0.3211604952812195]","[0.3175596594810486, 0.32000961899757385, 0.3189927339553833, 0.3173685371875763, 0.31855255365371704, 0.3211604952812195]",5.0,5.0,6.0,6.0,086dfebd71040c3b8512d9e9cc25151dd95fdc19d68b60a3a990f563924cfbbb,086dfebd71040c3b8512d9e9cc25151dd95fdc19d68b60a3a990f563924cfbbb,0.0,5.0,0.0,True,0.0,True,0.0,True,True,True,True
Object,frozen_closed_loop__Object,libero_object_object,9,5,5150291,"[[0.0240311399102211, -0.00690065324306488, 0.0006873160600662231, -0.003003200516104698, 0.004443123936653137, 0.0005172821693122387, -1.0013550519943237], [0.052755363285541534, -0.010732971131801605, -0.0011612847447395325, -0.0027338394429534674, 0.006720677018165588, 0.0015994490822777152, -1.0023037195205688], [0.034887269139289856, -0.008546076714992523, 3.330409526824951e-05, -0.004286077804863453, 0.006536141037940979, 0.0007553205359727144, -1.0014787912368774], [0.03621742129325867, -0.005670301616191864, 0.0008971989154815674, -0.0023861145600676537, 0.005530804395675659, 0.0004348588117863983, -1.0015066862106323], [0.042224228382110596, -0.008310824632644653, 0.0010642781853675842, -0.0019264699658378959, 0.007844701409339905, 0.001774320495314896, -1.0014643669128418], [0.023871324956417084, -0.008092056959867477, 0.0008897110819816589, -0.0031716199591755867, 0.008450925350189209, 0.00048227261868305504, -1.0000351667404175]]","[[0.0240311399102211, -0.00690065324306488, 0.0006873160600662231, -0.003003200516104698, 0.004443123936653137, 0.0005172821693122387, -1.0013550519943237], [0.052755363285541534, -0.010732971131801605, -0.0011612847447395325, -0.0027338394429534674, 0.006720677018165588, 0.0015994490822777152, -1.0023037195205688], [0.034887269139289856, -0.008546076714992523, 3.330409526824951e-05, -0.004286077804863453, 0.006536141037940979, 0.0007553205359727144, -1.0014787912368774], [0.03621742129325867, -0.005670301616191864, 0.0008971989154815674, -0.0023861145600676537, 0.005530804395675659, 0.0004348588117863983, -1.0015066862106323], [0.042224228382110596, -0.008310824632644653, 0.0010642781853675842, -0.0019264699658378959, 0.007844701409339905, 0.001774320495314896, -1.0014643669128418], [0.023871324956417084, -0.008092056959867477, 0.0008897110819816589, -0.0031716199591755867, 0.008450925350189209, 0.00048227261868305504, -1.0000351667404175]]","[-0.0014663006969917944, 0.001223272676954072, 0.0014510140139598919, 0.0006745715400201399, -0.00027319933900447413, -0.0016093581949378137]","[-0.0014663006969917944, 0.001223272676954072, 0.0014510140139598919, 0.0006745715400201399, -0.00027319933900447413, -0.0016093581949378137]","[0.3207601010799408, 0.3209821581840515, 0.32032495737075806, 0.3193047046661377, 0.31880784034729004, 0.3198326826095581]","[0.3207601010799408, 0.3209821581840515, 0.32032495737075806, 0.3193047046661377, 0.31880784034729004, 0.3198326826095581]",1.0,1.0,6.0,6.0,086dfebd71040c3b8512d9e9cc25151dd95fdc19d68b60a3a990f563924cfbbb,086dfebd71040c3b8512d9e9cc25151dd95fdc19d68b60a3a990f563924cfbbb,2.0,1.0,0.0,True,0.0,True,0.0,True,True,True,True
Object,frozen_closed_loop__Object,libero_object_object,9,5,5150388,"[[0.05054410547018051, -0.008450467139482498, -0.003255307674407959, -0.00314525468274951, 0.007901877164840698, 0.0007706110482104123, -1.0014714002609253], [0.038908571004867554, -0.009697023779153824, 0.0004100427031517029, -0.0014974720543250442, 0.006325766444206238, 0.0009403488948009908, -1.0008716583251953], [0.03220126032829285, -0.005230586975812912, -0.0006925128400325775, -0.002566371811553836, 0.00827653706073761, 0.0008322797948494554, -1.0027450323104858], [0.014573000371456146, -0.004776958376169205, -0.0011054612696170807, -0.0023839189670979977, 0.006269976496696472, 0.0008845627889968455, -0.9996809959411621], [0.0312509760260582, -0.006156899034976959, -0.000554993748664856, -0.003010738641023636, 0.009541511535644531, 0.0006338557577691972, -1.001688003540039], [0.029362700879573822, -0.0037007220089435577, 0.00047676265239715576, -0.0013490325072780252, 0.009854212403297424, 0.0012911271769553423, -1.0030908584594727]]","[[0.05054410547018051, -0.008450467139482498, -0.003255307674407959, -0.00314525468274951, 0.007901877164840698, 0.0007706110482104123, -1.0014714002609253], [0.038908571004867554, -0.009697023779153824, 0.0004100427031517029, -0.0014974720543250442, 0.006325766444206238, 0.0009403488948009908, -1.0008716583251953], [0.03220126032829285, -0.005230586975812912, -0.0006925128400325775, -0.002566371811553836, 0.00827653706073761, 0.0008322797948494554, -1.0027450323104858], [0.014573000371456146, -0.004776958376169205, -0.0011054612696170807, -0.0023839189670979977, 0.006269976496696472, 0.0008845627889968455, -0.9996809959411621], [0.0312509760260582, -0.006156899034976959, -0.000554993748664856, -0.003010738641023636, 0.009541511535644531, 0.0006338557577691972, -1.001688003540039], [0.029362700879573822, -0.0037007220089435577, 0.00047676265239715576, -0.0013490325072780252, 0.009854212403297424, 0.0012911271769553423, -1.0030908584594727]]","[0.003431096480991987, -0.001171881899219099, 6.416217642886537e-05, -0.002711246379587644, 0.0004947607245394787, -0.00010689110315323185]","[0.003431096480991987, -0.001171881899219099, 6.416217642886537e-05, -0.002711246379587644, 0.0004947607245394787, -0.00010689110315323185]","[0.3197883665561676, 0.31909698247909546, 0.31862351298332214, 0.3187882602214813, 0.3193235993385315, 0.31777191162109375]","[0.3197883665561676, 0.31909698247909546, 0.31862351298332214, 0.3187882602214813, 0.3193235993385315, 0.31777191162109375]",0.0,0.0,6.0,6.0,086dfebd71040c3b8512d9e9cc25151dd95fdc19d68b60a3a990f563924cfbbb,086dfebd71040c3b8512d9e9cc25151dd95fdc19d68b60a3a990f563924cfbbb,0.0,0.0,0.0,True,0.0,True,0.0,True,True,True,False
Object,frozen_closed_loop__Object,libero_object_object,9,5,5150485,"[[0.014845803380012512, -0.004344284534454346, 0.00010728836059570312, -0.0024239884223788977, 0.009613752365112305, 0.0013169932644814253, -1.0009539127349854], [0.011392347514629364, -0.004012193530797958, -0.0024670735001564026, -0.0029909969307482243, 0.009204715490341187, 0.00023879221407696605, -1.0015907287597656], [0.03347709774971008, -0.009718425571918488, 0.0010249391198158264, -0.002075641416013241, 0.006887331604957581, 0.00032515934435650706, -1.0030039548873901], [0.04705231636762619, -0.009103529155254364, 0.0032281503081321716, -0.0019483709475025535, 0.005398884415626526, 0.0008691620896570385, -1.0016974210739136], [0.023438483476638794, -0.0028862804174423218, 0.00013690441846847534, -0.00234939344227314, 0.006314322352409363, 0.0011498553212732077, -1.003147006034851], [0.01195315271615982, -0.004204865545034409, -0.001825578510761261, -0.003371509024873376, 0.0069610923528671265, 0.0010213401401415467, -1.0022348165512085]]","[[0.014845803380012512, -0.004344284534454346, 0.00010728836059570312, -0.0024239884223788977, 0.009613752365112305, 0.0013169932644814253, -1.0009539127349854], [0.011392347514629364, -0.004012193530797958, -0.0024670735001564026, -0.0029909969307482243, 0.009204715490341187, 0.00023879221407696605, -1.0015907287597656], [0.03347709774971008, -0.009718425571918488, 0.0010249391198158264, -0.002075641416013241, 0.006887331604957581, 0.00032515934435650706, -1.0030039548873901], [0.04705231636762619, -0.009103529155254364, 0.0032281503081321716, -0.0019483709475025535, 0.005398884415626526, 0.0008691620896570385, -1.0016974210739136], [0.023438483476638794, -0.0028862804174423218, 0.00013690441846847534, -0.00234939344227314, 0.006314322352409363, 0.0011498553212732077, -1.003147006034851], [0.01195315271615982, -0.004204865545034409, -0.001825578510761261, -0.003371509024873376, 0.0069610923528671265, 0.0010213401401415467, -1.0022348165512085]]","[-0.002347912599597771, -0.002780185016513591, -0.0012672975965876533, 0.00435694314594745, 0.001288651257540128, 0.0007498008092117747]","[-0.002347912599597771, -0.002780185016513591, -0.0012672975965876533, 0.00435694314594745, 0.001288651257540128, 0.0007498008092117747]","[0.31794917583465576, 0.31894874572753906, 0.3192359209060669, 0.32155662775039673, 0.32026582956314087, 0.31998410820961]","[0.31794917583465576, 0.31894874572753906, 0.3192359209060669, 0.32155662775039673, 0.32026582956314087, 0.31998410820961]",3.0,3.0,6.0,6.0,086dfebd71040c3b8512d9e9cc25151dd95fdc19d68b60a3a990f563924cfbbb,086dfebd71040c3b8512d9e9cc25151dd95fdc19d68b60a3a990f563924cfbbb,3.0,3.0,0.0,True,0.0,True,0.0,True,True,True,False
Object,frozen_closed_loop__Object,libero_object_object,9,5,5150582,"[[0.01795649528503418, -0.005676504224538803, -0.0010783597826957703, -0.0030933108646422625, 0.006985321640968323, 0.00031046371441334486, -0.999638557434082], [0.0488227978348732, -0.007271412760019302, 0.00014651566743850708, -0.002632001182064414, 0.00565454363822937, 0.0001852974819485098, -1.0022904872894287], [0.035152919590473175, -0.0069045089185237885, -0.002495907247066498, -0.003074685111641884, 0.00851324200630188, 0.0008612744859419763, -1.0009088516235352], [0.023919157683849335, -0.008513722568750381, 0.0006981566548347473, -0.002412973903119564, 0.007396683096885681, 0.0005011323955841362, -1.0025092363357544], [0.0181584432721138, -0.006063245236873627, -0.001503434032201767, -0.002399343065917492, 0.009459659457206726, 0.0009453943348489702, -1.0024678707122803], [0.02930872142314911, -0.009431596845388412, -4.637986421585083e-05, -0.0026157174725085497, 0.00722108781337738, 0.0010644795838743448, -1.0019620656967163]]","[[0.01795649528503418, -0.005676504224538803, -0.0010783597826957703, -0.0030933108646422625, 0.006985321640968323, 0.00031046371441334486, -0.999638557434082], [0.0488227978348732, -0.007271412760019302, 0.00014651566743850708, -0.002632001182064414, 0.00565454363822937, 0.0001852974819485098, -1.0022904872894287], [0.035152919590473175, -0.0069045089185237885, -0.002495907247066498, -0.003074685111641884, 0.00851324200630188, 0.0008612744859419763, -1.0009088516235352], [0.023919157683849335, -0.008513722568750381, 0.0006981566548347473, -0.002412973903119564, 0.007396683096885681, 0.0005011323955841362, -1.0025092363357544], [0.0181584432721138, -0.006063245236873627, -0.001503434032201767, -0.002399343065917492, 0.009459659457206726, 0.0009453943348489702, -1.0024678707122803], [0.02930872142314911, -0.009431596845388412, -4.637986421585083e-05, -0.0026157174725085497, 0.00722108781337738, 0.0010644795838743448, -1.0019620656967163]]","[-0.002972214972422581, 0.00326951153253288, 0.0017886399090720681, -0.001299372980321557, -0.0016799305194542845, 0.0008933670305938788]","[-0.002972214972422581, 0.00326951153253288, 0.0017886399090720681, -0.001299372980321557, -0.0016799305194542845, 0.0008933670305938788]","[0.31919389963150024, 0.3190152645111084, 0.3203504979610443, 0.31941550970077515, 0.31946617364883423, 0.3199493885040283]","[0.31919389963150024, 0.3190152645111084, 0.3203504979610443, 0.31941550970077515, 0.31946617364883423, 0.3199493885040283]",2.0,2.0,6.0,6.0,086dfebd71040c3b8512d9e9cc25151dd95fdc19d68b60a3a990f563924cfbbb,086dfebd71040c3b8512d9e9cc25151dd95fdc19d68b60a3a990f563924cfbbb,1.0,2.0,0.0,True,0.0,True,0.0,True,True,True,True
Object,frozen_closed_loop__Object,libero_object_object,9,5,5150679,"[[0.036763474345207214, -0.008250139653682709, 0.00018876045942306519, -0.0013500937493517995, 0.007506430149078369, 0.0008138827397488058, -1.0024126768112183], [0.026745758950710297, -0.006996318697929382, 0.0015099719166755676, -0.0022357539273798466, 0.006138548254966736, 0.0010378423612564802, -0.998318076133728], [0.04208173602819443, -0.004599876701831818, -0.0025227852165699005, -0.0026969355531036854, 0.0064263492822647095, 0.0007672621286474168, -1.0001152753829956], [0.025970935821533203, -0.006171651184558868, -0.0002907402813434601, -0.003552626119926572, 0.006824389100074768, 0.0007787410286255181, -1.000923991203308], [0.044960975646972656, -0.007126182317733765, -0.001222807914018631, -0.0034274414647370577, 0.004742816090583801, 0.00030792999314144254, -1.000543236732483], [0.030832886695861816, -0.007173903286457062, 0.0005713105201721191, -0.0025049869436770678, 0.005806535482406616, 0.0005314269801601768, -1.0015000104904175]]","[[0.036763474345207214, -0.008250139653682709, 0.00018876045942306519, -0.0013500937493517995, 0.007506430149078369, 0.0008138827397488058, -1.0024126768112183], [0.026745758950710297, -0.006996318697929382, 0.0015099719166755676, -0.0022357539273798466, 0.006138548254966736, 0.0010378423612564802, -0.998318076133728], [0.04208173602819443, -0.004599876701831818, -0.0025227852165699005, -0.0026969355531036854, 0.0064263492822647095, 0.0007672621286474168, -1.0001152753829956], [0.025970935821533203, -0.006171651184558868, -0.0002907402813434601, -0.003552626119926572, 0.006824389100074768, 0.0007787410286255181, -1.000923991203308], [0.044960975646972656, -0.007126182317733765, -0.001222807914018631, -0.0034274414647370577, 0.004742816090583801, 0.00030792999314144254, -1.000543236732483], [0.030832886695861816, -0.007173903286457062, 0.0005713105201721191, -0.0025049869436770678, 0.005806535482406616, 0.0005314269801601768, -1.0015000104904175]]","[-0.0015530377678187705, -0.0004881780215010363, 0.004181028277416993, -0.0009696835705451202, 0.0013940229677331353, -0.0025641518852848773]","[-0.0015530377678187705, -0.0004881780215010363, 0.004181028277416993, -0.0009696835705451202, 0.0013940229677331353, -0.0025641518852848773]","[0.31871628761291504, 0.3215991258621216, 0.32115790247917175, 0.3207363486289978, 0.32029789686203003, 0.3194948434829712]","[0.31871628761291504, 0.3215991258621216, 0.32115790247917175, 0.3207363486289978, 0.32029789686203003, 0.3194948434829712]",1.0,1.0,6.0,6.0,086dfebd71040c3b8512d9e9cc25151dd95fdc19d68b60a3a990f563924cfbbb,086dfebd71040c3b8512d9e9cc25151dd95fdc19d68b60a3a990f563924cfbbb,2.0,1.0,0.0,True,0.0,True,0.0,True,True,True,True
Object,frozen_closed_loop__Object,libero_object_object,9,5,5150776,"[[0.0238790363073349, -0.009427014738321304, 0.000993087887763977, -0.0027461897116154432, 0.010775193572044373, 0.001708355383016169, -1.0004022121429443], [0.04842203110456467, -0.00456416979432106, 0.0001506507396697998, -0.0025658593513071537, 0.007427886128425598, 0.0004206919693388045, -1.0027437210083008], [0.025667063891887665, -0.012624543160200119, -1.559033989906311e-05, -0.0017356009921059012, 0.0082826167345047, 0.0003041844756808132, -1.0015000104904175], [0.024791769683361053, -0.0034493766725063324, 0.0009199976921081543, -0.0017980103148147464, 0.007834106683731079, 0.0008854440529830754, -1.0040521621704102], [0.0227317214012146, -0.008597485721111298, 0.002067647874355316, -0.00211307592689991, 0.004776209592819214, 0.0006058965809643269, -1.0010980367660522], [0.020412057638168335, -0.00837475061416626, 0.0010289624333381653, -0.0017827876145020127, 0.009144008159637451, 0.0008280716137960553, -1.0011674165725708]]","[[0.0238790363073349, -0.009427014738321304, 0.000993087887763977, -0.0027461897116154432, 0.010775193572044373, 0.001708355383016169, -1.0004022121429443], [0.04842203110456467, -0.00456416979432106, 0.0001506507396697998, -0.0025658593513071537, 0.007427886128425598, 0.0004206919693388045, -1.0027437210083008], [0.025667063891887665, -0.012624543160200119, -1.559033989906311e-05, -0.0017356009921059012, 0.0082826167345047, 0.0003041844756808132, -1.0015000104904175], [0.024791769683361053, -0.0034493766725063324, 0.0009199976921081543, -0.0017980103148147464, 0.007834106683731079, 0.0008854440529830754, -1.0040521621704102], [0.0227317214012146, -0.008597485721111298, 0.002067647874355316, -0.00211307592689991, 0.004776209592819214, 0.0006058965809643269, -1.0010980367660522], [0.020412057638168335, -0.00837475061416626, 0.0010289624333381653, -0.0017827876145020127, 0.009144008159637451, 0.0008280716137960553, -1.0011674165725708]]","[0.00039487216081246854, 0.003625329797650864, 0.0002506675277281986, -0.001626365393640006, 0.001175720198020382, -0.003820224290571745]","[0.00039487216081246854, 0.003625329797650864, 0.0002506675277281986, -0.001626365393640006, 0.001175720198020382, -0.003820224290571745]","[0.3204566240310669, 0.3184809684753418, 0.3215901255607605, 0.31787681579589844, 0.3199058175086975, 0.3188725709915161]","[0.3204566240310669, 0.3184809684753418, 0.3215901255607605, 0.31787681579589844, 0.3199058175086975, 0.3188725709915161]",2.0,2.0,6.0,6.0,086dfebd71040c3b8512d9e9cc25151dd95fdc19d68b60a3a990f563924cfbbb,086dfebd71040c3b8512d9e9cc25151dd95fdc19d68b60a3a990f563924cfbbb,1.0,2.0,0.0,True,0.0,True,0.0,True,True,True,True
Object,frozen_closed_loop__Object,libero_object_object,9,5,5150873,"[[0.04651430994272232, -0.010817348957061768, 2.4586915969848633e-06, -0.002413779031485319, 0.007691502571105957, 0.0011525432346388698, -1.0017054080963135], [0.045602135360240936, -0.008100047707557678, -0.0005813129246234894, -0.002332707168534398, 0.009028762578964233, 0.0011063412530347705, -1.003578782081604], [0.057269856333732605, -0.01107729971408844, 0.0011415034532546997, -0.0036962719168514013, 0.010183095932006836, 0.0004073403251823038, -1.001961588859558], [0.06459228694438934, -0.011443477123975754, -9.488314390182495e-05, -0.0033569999504834414, 0.007178127765655518, 0.0001658869005041197, -1.0016683340072632], [0.019397176802158356, -0.004818085581064224, -0.0038655102252960205, -0.0020837283227592707, 0.0035899579524993896, 0.0007983498508110642, -0.998401403427124], [0.0479261577129364, -0.012044459581375122, -0.0011314451694488525, -0.002572702243924141, 0.009137436747550964, 0.00034833746030926704, -1.0019035339355469]]","[[0.04651430994272232, -0.010817348957061768, 2.4586915969848633e-06, -0.002413779031485319, 0.007691502571105957, 0.0011525432346388698, -1.0017054080963135], [0.045602135360240936, -0.008100047707557678, -0.0005813129246234894, -0.002332707168534398, 0.009028762578964233, 0.0011063412530347705, -1.003578782081604], [0.057269856333732605, -0.01107729971408844, 0.0011415034532546997, -0.0036962719168514013, 0.010183095932006836, 0.0004073403251823038, -1.001961588859558], [0.06459228694438934, -0.011443477123975754, -9.488314390182495e-05, -0.0033569999504834414, 0.007178127765655518, 0.0001658869005041197, -1.0016683340072632], [0.019397176802158356, -0.004818085581064224, -0.0038655102252960205, -0.0020837283227592707, 0.0035899579524993896, 0.0007983498508110642, -0.998401403427124], [0.0479261577129364, -0.012044459581375122, -0.0011314451694488525, -0.002572702243924141, 0.009137436747550964, 0.00034833746030926704, -1.0019035339355469]]","[0.0011038020731232608, -0.001120251862238641, 0.002918669049204878, 0.001925137713101194, -0.0038848906855872855, -0.0009424662876031879]","[0.0011038020731232608, -0.001120251862238641, 0.002918669049204878, 0.001925137713101194, -0.0038848906855872855, -0.0009424662876031879]","[0.3205658793449402, 0.31875112652778625, 0.3224824368953705, 0.3213615417480469, 0.31883466243743896, 0.3203617334365845]","[0.3205658793449402, 0.31875112652778625, 0.3224824368953705, 0.3213615417480469, 0.31883466243743896, 0.3203617334365845]",2.0,2.0,6.0,6.0,086dfebd71040c3b8512d9e9cc25151dd95fdc19d68b60a3a990f563924cfbbb,086dfebd71040c3b8512d9e9cc25151dd95fdc19d68b60a3a990f563924cfbbb,2.0,2.0,0.0,True,0.0,True,0.0,True,True,True,False
Object,frozen_closed_loop__Object,libero_object_object,9,5,5150970,"[[0.04945065826177597, -0.003947373479604721, -0.0015869736671447754, -0.0027664073277264833, 0.010650023818016052, 0.0010795939015224576, -0.999652087688446], [0.022158510982990265, -0.006381087005138397, -0.0006254017353057861, -0.0019235974177718163, 0.005858704447746277, 0.001066198106855154, -0.9996480941772461], [0.03535464406013489, -0.0066340528428554535, -0.0005262717604637146, -0.0019476939924061298, 0.006072700023651123, 0.0007895809831097722, -1.0031757354736328], [0.048404261469841, -0.01066429540514946, 0.002088099718093872, -0.003139107022434473, 0.005418911576271057, 0.000791894388385117, -1.0000710487365723], [0.04060875624418259, -0.00618981197476387, -0.0009182654321193695, -0.002334372140467167, 0.006147891283035278, 0.0006039577419869602, -1.0018608570098877], [0.043935589492321014, -0.011553000658750534, 0.0003538280725479126, -0.002107385778799653, 0.006548032164573669, 0.0017902939580380917, -1.0011162757873535]]","[[0.04945065826177597, -0.003947373479604721, -0.0015869736671447754, -0.0027664073277264833, 0.010650023818016052, 0.0010795939015224576, -0.999652087688446], [0.022158510982990265, -0.006381087005138397, -0.0006254017353057861, -0.0019235974177718163, 0.005858704447746277, 0.001066198106855154, -0.9996480941772461], [0.03535464406013489, -0.0066340528428554535, -0.0005262717604637146, -0.0019476939924061298, 0.006072700023651123, 0.0007895809831097722, -1.0031757354736328], [0.048404261469841, -0.01066429540514946, 0.002088099718093872, -0.003139107022434473, 0.005418911576271057, 0.000791894388385117, -1.0000710487365723], [0.04060875624418259, -0.00618981197476387, -0.0009182654321193695, -0.002334372140467167, 0.006147891283035278, 0.0006039577419869602, -1.0018608570098877], [0.043935589492321014, -0.011553000658750534, 0.0003538280725479126, -0.002107385778799653, 0.006548032164573669, 0.0017902939580380917, -1.0011162757873535]]","[0.002692479987156975, -0.002649624427383467, 0.0014386639625667422, -0.0006703890366558979, -0.0010595571391287407, 0.00024842665344482814]","[0.002692479987156975, -0.002649624427383467, 0.0014386639625667422, -0.0006703890366558979, -0.0010595571391287407, 0.00024842665344482814]","[0.32105427980422974, 0.3199564814567566, 0.32111647725105286, 0.3219338655471802, 0.31995007395744324, 0.3197261095046997]","[0.32105427980422974, 0.3199564814567566, 0.32111647725105286, 0.3219338655471802, 0.31995007395744324, 0.3197261095046997]",3.0,3.0,6.0,6.0,086dfebd71040c3b8512d9e9cc25151dd95fdc19d68b60a3a990f563924cfbbb,086dfebd71040c3b8512d9e9cc25151dd95fdc19d68b60a3a990f563924cfbbb,0.0,3.0,0.0,True,0.0,True,0.0,True,True,True,True
Object,frozen_closed_loop__Object,libero_object_object,9,5,5151067,"[[0.038819387555122375, -0.00918673351407051, 0.0014849379658699036, -0.0029253123793751, 0.009169802069664001, 0.0014873479958623648, -1.0037282705307007], [0.024789534509181976, -0.011696722358465195, 0.000522024929523468, -0.0014299030881375074, 0.008660271763801575, 0.001237852848134935, -1.00205397605896], [0.0189276784658432, -0.005653258413076401, -0.0010342709720134735, -0.0028088917024433613, 0.007970765233039856, 0.0009110677638091147, -1.0003795623779297], [0.019224509596824646, -0.007673744112253189, -8.225440979003906e-05, -0.002004797337576747, 0.007876083254814148, 0.0008415114134550095, -0.999555230140686], [0.040872618556022644, -0.010349694639444351, -0.0008305348455905914, -0.0023726848885416985, 0.009377405047416687, 0.0009509905357845128, -1.000861406326294], [0.03898579627275467, -0.0058321841061115265, 0.0010696426033973694, -0.002373636467382312, 0.006260722875595093, 0.0010011143749579787, -1.000439167022705]]","[[0.038819387555122375, -0.00918673351407051, 0.0014849379658699036, -0.0029253123793751, 0.009169802069664001, 0.0014873479958623648, -1.0037282705307007], [0.024789534509181976, -0.011696722358465195, 0.000522024929523468, -0.0014299030881375074, 0.008660271763801575, 0.001237852848134935, -1.00205397605896], [0.0189276784658432, -0.005653258413076401, -0.0010342709720134735, -0.0028088917024433613, 0.007970765233039856, 0.0009110677638091147, -1.0003795623779297], [0.019224509596824646, -0.007673744112253189, -8.225440979003906e-05, -0.002004797337576747, 0.007876083254814148, 0.0008415114134550095, -0.999555230140686], [0.040872618556022644, -0.010349694639444351, -0.0008305348455905914, -0.0023726848885416985, 0.009377405047416687, 0.0009509905357845128, -1.000861406326294], [0.03898579627275467, -0.0058321841061115265, 0.0010696426033973694, -0.002373636467382312, 0.006260722875595093, 0.0010011143749579787, -1.000439167022705]]","[0.0035852814907916734, 6.030945270950535e-05, -0.0025737664712746034, -0.0012520982428503886, -0.0010922541847453967, 0.0012725279553695145]","[0.0035852814907916734, 6.030945270950535e-05, -0.0025737664712746034, -0.0012520982428503886, -0.0010922541847453967, 0.0012725279553695145]","[0.31882035732269287, 0.31802627444267273, 0.31778842210769653, 0.3198660612106323, 0.31821662187576294, 0.31953030824661255]","[0.31882035732269287, 0.31802627444267273, 0.31778842210769653, 0.3198660612106323, 0.31821662187576294, 0.31953030824661255]",3.0,3.0,6.0,6.0,086dfebd71040c3b8512d9e9cc25151dd95fdc19d68b60a3a990f563924cfbbb,086dfebd71040c3b8512d9e9cc25151dd95fdc19d68b60a3a990f563924cfbbb,0.0,3.0,0.0,True,0.0,True,0.0,True,True,True,True
Object,frozen_closed_loop__Object,libero_object_object,9,6,5160000,"[[-0.0012543797492980957, -0.00212743878364563, -0.008348990231752396, -0.001700929133221507, 0.0062604546546936035, -0.0006535212160088122, -1.0028927326202393], [-0.0058007799088954926, -0.0036445073783397675, -0.006274580955505371, -0.0036633932031691074, 0.005330219864845276, -0.0005366612458601594, -1.0012034177780151], [0.01161240041255951, -0.0026252679526805878, -0.006400533020496368, -0.003234193893149495, 0.002277866005897522, -0.00039686544914729893, -1.0020105838775635], [-0.0007088296115398407, -0.002037081867456436, -0.005234777927398682, -0.001973309088498354, 0.004403069615364075, -0.0005307344836182892, -1.0014264583587646], [0.01394178718328476, -0.005255453288555145, -0.004155971109867096, -0.0022118953056633472, 0.00342366099357605, 7.883676880737767e-05, -1.0017075538635254], [0.00017836689949035645, -0.006799120455980301, -0.0022342242300510406, -0.002526009688153863, 0.001811876893043518, 0.00017481003305874765, -0.9991151094436646]]","[[-0.0012543797492980957, -0.00212743878364563, -0.008348990231752396, -0.001700929133221507, 0.0062604546546936035, -0.0006535212160088122, -1.0028927326202393], [-0.0058007799088954926, -0.0036445073783397675, -0.006274580955505371, -0.0036633932031691074, 0.005330219864845276, -0.0005366612458601594, -1.0012034177780151], [0.01161240041255951, -0.0026252679526805878, -0.006400533020496368, -0.003234193893149495, 0.002277866005897522, -0.00039686544914729893, -1.0020105838775635], [-0.0007088296115398407, -0.002037081867456436, -0.005234777927398682, -0.001973309088498354, 0.004403069615364075, -0.0005307344836182892, -1.0014264583587646], [0.01394178718328476, -0.005255453288555145, -0.004155971109867096, -0.0022118953056633472, 0.00342366099357605, 7.883676880737767e-05, -1.0017075538635254], [0.00017836689949035645, -0.006799120455980301, -0.0022342242300510406, -0.002526009688153863, 0.001811876893043518, 0.00017481003305874765, -0.9991151094436646]]","[-0.00040441312913699125, -0.0017644056121685382, 0.002644087221792422, -0.0017449864687913992, 0.0016508992730496126, -0.00038118128474495013]","[-0.00040441312913699125, -0.0017644056121685382, 0.002644087221792422, -0.0017449864687913992, 0.0016508992730496126, -0.00038118128474495013]","[0.32399117946624756, 0.32480955123901367, 0.3257277011871338, 0.3226597309112549, 0.3242146074771881, 0.3243793547153473]","[0.32399117946624756, 0.32480955123901367, 0.3257277011871338, 0.3226597309112549, 0.3242146074771881, 0.3243793547153473]",2.0,2.0,6.0,6.0,086dfebd71040c3b8512d9e9cc25151dd95fdc19d68b60a3a990f563924cfbbb,086dfebd71040c3b8512d9e9cc25151dd95fdc19d68b60a3a990f563924cfbbb,2.0,2.0,0.0,True,0.0,True,0.0,True,True,True,False
Object,frozen_closed_loop__Object,libero_object_object,9,6,5160097,"[[0.0031669065356254578, -0.0063471123576164246, -0.00048413872718811035, -0.0021846701856702566, 0.003972843289375305, -0.0004889609990641475, -0.9993775486946106], [0.0023911893367767334, -0.0050585344433784485, -0.00438150018453598, -0.002323101507499814, 0.006625905632972717, -0.0002617405552882701, -0.9999780654907227], [0.009166337549686432, -0.0076021067798137665, -0.0052741169929504395, -0.0027990848757326603, 0.0037140101194381714, -0.0009475880651734769, -1.0034846067428589], [0.013687871396541595, -0.006365887820720673, -0.005046632140874863, -0.0026354410219937563, 0.0024303942918777466, -0.00036007128073833883, -0.9999399185180664], [0.003908872604370117, -0.008447784930467606, -0.005014277994632721, -0.0020937183871865273, 0.0011497735977172852, -0.00046280850074253976, -1.003446102142334], [0.0004768744111061096, -0.006390810012817383, -0.007882006466388702, -0.0024593372363597155, 0.0011448562145233154, -0.0006028025527484715, -0.9999788403511047]]","[[0.0031669065356254578, -0.0063471123576164246, -0.00048413872718811035, -0.0021846701856702566, 0.003972843289375305, -0.0004889609990641475, -0.9993775486946106], [0.0023911893367767334, -0.0050585344433784485, -0.00438150018453598, -0.002323101507499814, 0.006625905632972717, -0.0002617405552882701, -0.9999780654907227], [0.009166337549686432, -0.0076021067798137665, -0.0052741169929504395, -0.0027990848757326603, 0.0037140101194381714, -0.0009475880651734769, -1.0034846067428589], [0.013687871396541595, -0.006365887820720673, -0.005046632140874863, -0.0026354410219937563, 0.0024303942918777466, -0.00036007128073833883, -0.9999399185180664], [0.003908872604370117, -0.008447784930467606, -0.005014277994632721, -0.0020937183871865273, 0.0011497735977172852, -0.00046280850074253976, -1.003446102142334], [0.0004768744111061096, -0.006390810012817383, -0.007882006466388702, -0.0024593372363597155, 0.0011448562145233154, -0.0006028025527484715, -0.9999788403511047]]","[0.0004163252280553804, -3.936913715835703e-05, 0.0005613888644170452, 0.0038783685623858598, -0.001721628938078357, -0.003095084579621487]","[0.0004163252280553804, -3.936913715835703e-05, 0.0005613888644170452, 0.0038783685623858598, -0.001721628938078357, -0.003095084579621487]","[0.326284259557724, 0.3241121172904968, 0.32355964183807373, 0.3252885639667511, 0.3242031931877136, 0.3236854076385498]","[0.326284259557724, 0.3241121172904968, 0.32355964183807373, 0.3252885639667511, 0.3242031931877136, 0.3236854076385498]",0.0,0.0,6.0,6.0,086dfebd71040c3b8512d9e9cc25151dd95fdc19d68b60a3a990f563924cfbbb,086dfebd71040c3b8512d9e9cc25151dd95fdc19d68b60a3a990f563924cfbbb,3.0,0.0,0.0,True,0.0,True,0.0,True,True,True,True
Object,frozen_closed_loop__Object,libero_object_object,9,6,5160194,"[[0.0008355081081390381, -0.008495338261127472, -0.005636550486087799, -0.00272955815307796, 0.0036008208990097046, -0.0009510471718385816, -1.0025274753570557], [0.004236996173858643, -0.003052186220884323, -0.00033549964427948, -0.0027956999838352203, 0.005038037896156311, -0.0006097207660786808, -0.9997451901435852], [0.006536319851875305, -0.009524691849946976, -0.01124795526266098, -0.0018771060276776552, 0.002943947911262512, -0.0005683218478225172, -1.0022472143173218], [-0.0016995146870613098, -0.005486682057380676, -0.005742441862821579, -0.0032661762088537216, 0.0024857819080352783, -0.0006389577756635845, -1.0008766651153564], [0.00428907573223114, -0.004802048206329346, -0.005407556891441345, -0.002301054308190942, 0.002175852656364441, -0.0004586003196891397, -1.0015677213668823], [-0.0037289410829544067, -0.008564405143260956, -0.0074124522507190704, -0.002631379058584571, 0.004331991076469421, -0.0006638104096055031, -1.0005155801773071]]","[[0.0008355081081390381, -0.008495338261127472, -0.005636550486087799, -0.00272955815307796, 0.0036008208990097046, -0.0009510471718385816, -1.0025274753570557], [0.004236996173858643, -0.003052186220884323, -0.00033549964427948, -0.0027956999838352203, 0.005038037896156311, -0.0006097207660786808, -0.9997451901435852], [0.006536319851875305, -0.009524691849946976, -0.01124795526266098, -0.0018771060276776552, 0.002943947911262512, -0.0005683218478225172, -1.0022472143173218], [-0.0016995146870613098, -0.005486682057380676, -0.005742441862821579, -0.0032661762088537216, 0.0024857819080352783, -0.0006389577756635845, -1.0008766651153564], [0.00428907573223114, -0.004802048206329346, -0.005407556891441345, -0.002301054308190942, 0.002175852656364441, -0.0004586003196891397, -1.0015677213668823], [-0.0037289410829544067, -0.008564405143260956, -0.0074124522507190704, -0.002631379058584571, 0.004331991076469421, -0.0006638104096055031, -1.0005155801773071]]","[-0.00020430697296273123, -0.00048771197293678826, 0.0027024318509997203, 0.0031874939372351528, -0.004128097431687154, -0.0010698094106481241]","[-0.00020430697296273123, -0.00048771197293678826, 0.0027024318509997203, 0.0031874939372351528, -0.004128097431687154, -0.0010698094106481241]","[0.3237050771713257, 0.32450544834136963, 0.32435309886932373, 0.3250390887260437, 0.32290005683898926, 0.32347989082336426]","[0.3237050771713257, 0.32450544834136963, 0.32435309886932373, 0.3250390887260437, 0.32290005683898926, 0.32347989082336426]",3.0,3.0,6.0,6.0,086dfebd71040c3b8512d9e9cc25151dd95fdc19d68b60a3a990f563924cfbbb,086dfebd71040c3b8512d9e9cc25151dd95fdc19d68b60a3a990f563924cfbbb,3.0,3.0,0.0,True,0.0,True,0.0,True,True,True,False
Object,frozen_closed_loop__Object,libero_object_object,9,6,5160291,"[[0.0068895891308784485, -0.0011105462908744812, -0.00035544857382774353, -0.004703677259385586, 0.011077120900154114, -0.00026852654991671443, -1.002636432647705], [0.009292401373386383, -0.006666406989097595, -0.0020242854952812195, -0.001914833439514041, 0.004329800605773926, -0.000590684765484184, -1.0017441511154175], [-1.989305019378662e-05, -0.006900709122419357, -0.01057114452123642, -0.0023834616877138615, 0.0014378875494003296, -0.0012516356073319912, -1.000853180885315], [0.0007855519652366638, -0.004451964050531387, -0.0012531504034996033, -0.0018352253828197718, 0.0030090808868408203, -0.0008099074475467205, -1.0024852752685547], [0.005852468311786652, -0.005414765328168869, -0.0034977681934833527, -0.0027590154204517603, 0.005039423704147339, -0.0006870105280540884, -1.0024174451828003], [-0.003219153732061386, -0.006863828748464584, -0.0018862076103687286, -0.002598976017907262, 0.004996374249458313, -0.0008276876178570092, -1.0019865036010742]]","[[0.0068895891308784485, -0.0011105462908744812, -0.00035544857382774353, -0.004703677259385586, 0.011077120900154114, -0.00026852654991671443, -1.002636432647705], [0.009292401373386383, -0.006666406989097595, -0.0020242854952812195, -0.001914833439514041, 0.004329800605773926, -0.000590684765484184, -1.0017441511154175], [-1.989305019378662e-05, -0.006900709122419357, -0.01057114452123642, -0.0023834616877138615, 0.0014378875494003296, -0.0012516356073319912, -1.000853180885315], [0.0007855519652366638, -0.004451964050531387, -0.0012531504034996033, -0.0018352253828197718, 0.0030090808868408203, -0.0008099074475467205, -1.0024852752685547], [0.005852468311786652, -0.005414765328168869, -0.0034977681934833527, -0.0027590154204517603, 0.005039423704147339, -0.0006870105280540884, -1.0024174451828003], [-0.003219153732061386, -0.006863828748464584, -0.0018862076103687286, -0.002598976017907262, 0.004996374249458313, -0.0008276876178570092, -1.0019865036010742]]","[0.0016415755187369919, 0.001994761142783185, -0.002616157982040982, -0.002796184719567293, 0.0036034550336801075, -0.0018274489935918201]","[0.0016415755187369919, 0.001994761142783185, -0.002616157982040982, -0.002796184719567293, 0.0036034550336801075, -0.0018274489935918201]","[0.3248828053474426, 0.3240240216255188, 0.3235705494880676, 0.3242722749710083, 0.3254294991493225, 0.3245522379875183]","[0.3248828053474426, 0.3240240216255188, 0.3235705494880676, 0.3242722749710083, 0.3254294991493225, 0.3245522379875183]",4.0,4.0,6.0,6.0,086dfebd71040c3b8512d9e9cc25151dd95fdc19d68b60a3a990f563924cfbbb,086dfebd71040c3b8512d9e9cc25151dd95fdc19d68b60a3a990f563924cfbbb,4.0,4.0,0.0,True,0.0,True,0.0,True,True,True,False
Object,frozen_closed_loop__Object,libero_object_object,9,6,5160388,"[[0.00903882086277008, -0.0052850134670734406, -0.0018481537699699402, -0.0034257948864251375, 0.004792302846908569, -0.0006205607205629349, -0.9997298121452332], [-0.0002621300518512726, -0.004750080406665802, -0.002001821994781494, -0.0017190974904224277, 0.0014791488647460938, -0.0003833815862890333, -1.0017246007919312], [0.003699883818626404, -0.007035098969936371, -0.0065203942358493805, -0.002126414095982909, 0.008369475603103638, -0.0013083250960335135, -1.001678705215454], [-0.004377532750368118, -0.006617959588766098, -0.006326716393232346, -0.0020600527059286833, 0.0037043988704681396, -0.0005197403370402753, -1.0015493631362915], [-0.0045052170753479, -0.008767973631620407, -0.008709188550710678, -0.0019989791326224804, 0.0006034970283508301, 0.00014603568706661463, -1.0034737586975098], [0.003354772925376892, -0.005215387791395187, -0.008563566952943802, -0.0041380589827895164, 0.0035765916109085083, -0.00044311152305454016, -1.0001931190490723]]","[[0.00903882086277008, -0.0052850134670734406, -0.0018481537699699402, -0.0034257948864251375, 0.004792302846908569, -0.0006205607205629349, -0.9997298121452332], [-0.0002621300518512726, -0.004750080406665802, -0.002001821994781494, -0.0017190974904224277, 0.0014791488647460938, -0.0003833815862890333, -1.0017246007919312], [0.003699883818626404, -0.007035098969936371, -0.0065203942358493805, -0.002126414095982909, 0.008369475603103638, -0.0013083250960335135, -1.001678705215454], [-0.004377532750368118, -0.006617959588766098, -0.006326716393232346, -0.0020600527059286833, 0.0037043988704681396, -0.0005197403370402753, -1.0015493631362915], [-0.0045052170753479, -0.008767973631620407, -0.008709188550710678, -0.0019989791326224804, 0.0006034970283508301, 0.00014603568706661463, -1.0034737586975098], [0.003354772925376892, -0.005215387791395187, -0.008563566952943802, -0.0041380589827895164, 0.0035765916109085083, -0.00044311152305454016, -1.0001931190490723]]","[0.001377582946381432, -0.0010249248130804222, -0.002024682791205318, 0.0001933734856596511, -0.0011313000997907497, 0.002609951272035622]","[0.001377582946381432, -0.0010249248130804222, -0.002024682791205318, 0.0001933734856596511, -0.0011313000997907497, 0.002609951272035622]","[0.32470953464508057, 0.32537126541137695, 0.3240857720375061, 0.323758602142334, 0.3229639530181885, 0.3238570988178253]","[0.32470953464508057, 0.32537126541137695, 0.3240857720375061, 0.323758602142334, 0.3229639530181885, 0.3238570988178253]",1.0,1.0,6.0,6.0,086dfebd71040c3b8512d9e9cc25151dd95fdc19d68b60a3a990f563924cfbbb,086dfebd71040c3b8512d9e9cc25151dd95fdc19d68b60a3a990f563924cfbbb,5.0,1.0,0.0,True,0.0,True,0.0,True,True,True,True
Object,frozen_closed_loop__Object,libero_object_object,9,6,5160485,"[[-0.008109882473945618, -0.00922294333577156, -0.008159894496202469, -0.004043850582093, 0.0015801787376403809, 1.2761510333803017e-05, -0.997849702835083], [-0.0021075457334518433, -0.006353706121444702, -0.010397359728813171, -0.0021473087836056948, 0.0006004124879837036, 0.00013808197400067002, -1.0022287368774414], [-0.0043412670493125916, -0.003927089273929596, -0.0015317648649215698, -0.0029887829441577196, 0.001931414008140564, -9.402968134963885e-05, -1.0018824338912964], [0.008212588727474213, -0.0016693957149982452, -0.004858318716287613, -0.0025222771801054478, 0.00339411199092865, -0.0006973437266424298, -1.0031169652938843], [0.018082670867443085, -0.005779601633548737, -0.0054222531616687775, -0.003773281816393137, 0.00723499059677124, -0.0007587040890939534, -1.0031737089157104], [0.016815662384033203, -0.006963517516851425, -0.0037935934960842133, -0.0029085527639836073, 0.004652470350265503, -0.0005950030754320323, -0.9999006986618042]]","[[-0.008109882473945618, -0.00922294333577156, -0.008159894496202469, -0.004043850582093, 0.0015801787376403809, 1.2761510333803017e-05, -0.997849702835083], [-0.0021075457334518433, -0.006353706121444702, -0.010397359728813171, -0.0021473087836056948, 0.0006004124879837036, 0.00013808197400067002, -1.0022287368774414], [-0.0043412670493125916, -0.003927089273929596, -0.0015317648649215698, -0.0029887829441577196, 0.001931414008140564, -9.402968134963885e-05, -1.0018824338912964], [0.008212588727474213, -0.0016693957149982452, -0.004858318716287613, -0.0025222771801054478, 0.00339411199092865, -0.0006973437266424298, -1.0031169652938843], [0.018082670867443085, -0.005779601633548737, -0.0054222531616687775, -0.003773281816393137, 0.00723499059677124, -0.0007587040890939534, -1.0031737089157104], [0.016815662384033203, -0.006963517516851425, -0.0037935934960842133, -0.0029085527639836073, 0.004652470350265503, -0.0005950030754320323, -0.9999006986618042]]","[-0.002185660241427767, -0.0024182868373625876, 0.0008026635135436797, 0.0006132221111005436, -5.609933944851798e-05, 0.0032441607935947657]","[-0.002185660241427767, -0.0024182868373625876, 0.0008026635135436797, 0.0006132221111005436, -5.609933944851798e-05, 0.0032441607935947657]","[0.3233427107334137, 0.3237343430519104, 0.32441920042037964, 0.32365530729293823, 0.32359999418258667, 0.32472264766693115]","[0.3233427107334137, 0.3237343430519104, 0.32441920042037964, 0.32365530729293823, 0.32359999418258667, 0.32472264766693115]",5.0,5.0,6.0,6.0,086dfebd71040c3b8512d9e9cc25151dd95fdc19d68b60a3a990f563924cfbbb,086dfebd71040c3b8512d9e9cc25151dd95fdc19d68b60a3a990f563924cfbbb,5.0,5.0,0.0,True,0.0,True,0.0,True,True,True,False
Object,frozen_closed_loop__Object,libero_object_object,9,6,5160582,"[[0.0038828328251838684, -0.00979134812951088, -0.009132307022809982, -0.002789936726912856, 0.004637181758880615, -0.0007375308778136969, -0.9989925622940063], [-0.0024349987506866455, -0.007159598171710968, -0.007613338530063629, -0.002235717372968793, 0.0014762431383132935, -0.0007296653348021209, -1.0003808736801147], [-0.002143867313861847, -0.010360535234212875, -0.0026076100766658783, -0.0024952166713774204, 0.006968468427658081, -1.744495239108801e-05, -1.001083254814148], [-0.0004886090755462646, -0.005384981632232666, -0.008612796664237976, -0.003269780660048127, 0.002957269549369812, -0.00019073001749347895, -1.0000824928283691], [-0.01180507242679596, -0.005821064114570618, -0.008878391236066818, -0.002887273905798793, 0.002476036548614502, 0.00012614039587788284, -1.0012785196304321], [0.006118118762969971, -0.00868968665599823, -0.004876479506492615, -0.004552621394395828, 0.002290070056915283, -0.0011891296599060297, -1.003077507019043]]","[[0.0038828328251838684, -0.00979134812951088, -0.009132307022809982, -0.002789936726912856, 0.004637181758880615, -0.0007375308778136969, -0.9989925622940063], [-0.0024349987506866455, -0.007159598171710968, -0.007613338530063629, -0.002235717372968793, 0.0014762431383132935, -0.0007296653348021209, -1.0003808736801147], [-0.002143867313861847, -0.010360535234212875, -0.0026076100766658783, -0.0024952166713774204, 0.006968468427658081, -1.744495239108801e-05, -1.001083254814148], [-0.0004886090755462646, -0.005384981632232666, -0.008612796664237976, -0.003269780660048127, 0.002957269549369812, -0.00019073001749347895, -1.0000824928283691], [-0.01180507242679596, -0.005821064114570618, -0.008878391236066818, -0.002887273905798793, 0.002476036548614502, 0.00012614039587788284, -1.0012785196304321], [0.006118118762969971, -0.00868968665599823, -0.004876479506492615, -0.004552621394395828, 0.002290070056915283, -0.0011891296599060297, -1.003077507019043]]","[-0.0016673544471780019, -0.0009374917796768066, 0.0014473201645085353, 0.0005490746726476313, -0.0008997776335904239, 0.001508229023289087]","[-0.0016673544471780019, -0.0009374917796768066, 0.0014473201645085353, 0.0005490746726476313, -0.0008997776335904239, 0.001508229023289087]","[0.3233690857887268, 0.32372885942459106, 0.3247998356819153, 0.3236122727394104, 0.3246970772743225, 0.32441431283950806]","[0.3233690857887268, 0.32372885942459106, 0.3247998356819153, 0.3236122727394104, 0.3246970772743225, 0.32441431283950806]",2.0,2.0,6.0,6.0,086dfebd71040c3b8512d9e9cc25151dd95fdc19d68b60a3a990f563924cfbbb,086dfebd71040c3b8512d9e9cc25151dd95fdc19d68b60a3a990f563924cfbbb,5.0,2.0,0.0,True,0.0,True,0.0,True,True,True,True
Object,frozen_closed_loop__Object,libero_object_object,9,6,5160679,"[[0.010001510381698608, -0.005825813859701157, -0.0055641308426856995, -0.0027710911817848682, 0.006963282823562622, -0.0004913845914416015, -1.0012669563293457], [0.006223171949386597, -0.007613785564899445, -0.006557721644639969, -0.005017992574721575, 0.004770174622535706, -0.0003913573455065489, -0.999741792678833], [-0.006142426282167435, -0.003422107547521591, -0.005528200417757034, -0.002510164864361286, 0.00042472779750823975, -0.0007793264230713248, -1.000800371170044], [0.00044524669647216797, -0.0076036155223846436, -0.00794190913438797, -0.0028705692384392023, 0.004292473196983337, -0.0009085246128961444, -0.9992081522941589], [-0.009960215538740158, -0.0044753216207027435, -0.0020452961325645447, -0.002034272998571396, 0.004475221037864685, -0.00035789006506092846, -0.9989191889762878], [0.010167695581912994, -0.010030735284090042, -0.0051674433052539825, -0.0033405879512429237, 0.004303738474845886, -0.0009962136391550303, -1.0005251169204712]]","[[0.010001510381698608, -0.005825813859701157, -0.0055641308426856995, -0.0027710911817848682, 0.006963282823562622, -0.0004913845914416015, -1.0012669563293457], [0.006223171949386597, -0.007613785564899445, -0.006557721644639969, -0.005017992574721575, 0.004770174622535706, -0.0003913573455065489, -0.999741792678833], [-0.006142426282167435, -0.003422107547521591, -0.005528200417757034, -0.002510164864361286, 0.00042472779750823975, -0.0007793264230713248, -1.000800371170044], [0.00044524669647216797, -0.0076036155223846436, -0.00794190913438797, -0.0028705692384392023, 0.004292473196983337, -0.0009085246128961444, -0.9992081522941589], [-0.009960215538740158, -0.0044753216207027435, -0.0020452961325645447, -0.002034272998571396, 0.004475221037864685, -0.00035789006506092846, -0.9989191889762878], [0.010167695581912994, -0.010030735284090042, -0.0051674433052539825, -0.0033405879512429237, 0.004303738474845886, -0.0009962136391550303, -1.0005251169204712]]","[0.0010654840608551586, 0.002143582369535635, -0.002634323875436433, -0.00016630039356683893, -0.002662151007360325, 0.002253708845973032]","[0.0010654840608551586, 0.002143582369535635, -0.002634323875436433, -0.00016630039356683893, -0.002662151007360325, 0.002253708845973032]","[0.3225233554840088, 0.3255397081375122, 0.3221912384033203, 0.3237488269805908, 0.3239006996154785, 0.32570958137512207]","[0.3225233554840088, 0.3255397081375122, 0.3221912384033203, 0.3237488269805908, 0.3239006996154785, 0.32570958137512207]",5.0,5.0,6.0,6.0,086dfebd71040c3b8512d9e9cc25151dd95fdc19d68b60a3a990f563924cfbbb,086dfebd71040c3b8512d9e9cc25151dd95fdc19d68b60a3a990f563924cfbbb,5.0,5.0,0.0,True,0.0,True,0.0,True,True,True,False
Object,frozen_closed_loop__Object,libero_object_object,9,6,5160776,"[[0.002536475658416748, -0.00568220391869545, -0.0051102787256240845, -0.0019924654625356197, 0.005752533674240112, -0.0007090870058164, -1.0010489225387573], [0.009330175817012787, -0.0047199055552482605, -0.004272647202014923, -0.0020828135311603546, 0.005410686135292053, -0.0009277148637920618, -1.0008001327514648], [0.01406349241733551, -0.005398448556661606, 8.784234523773193e-05, -0.002938760444521904, 0.0034712255001068115, -0.0009130852995440364, -1.000840663909912], [0.007906146347522736, -0.008658170700073242, -0.008369777351617813, -0.0023666105698794127, 0.004447951912879944, -0.000724928337149322, -1.0025475025177002], [0.006080120801925659, -0.0041132234036922455, -0.004160664975643158, -0.0032856985926628113, 0.005172997713088989, -0.0008025706047192216, -1.0053064823150635], [-0.0058893486857414246, -0.006295088678598404, -0.006060395389795303, -0.002686744323000312, 0.0015880018472671509, -0.00013293894880916923, -1.0010908842086792]]","[[0.002536475658416748, -0.00568220391869545, -0.0051102787256240845, -0.0019924654625356197, 0.005752533674240112, -0.0007090870058164, -1.0010489225387573], [0.009330175817012787, -0.0047199055552482605, -0.004272647202014923, -0.0020828135311603546, 0.005410686135292053, -0.0009277148637920618, -1.0008001327514648], [0.01406349241733551, -0.005398448556661606, 8.784234523773193e-05, -0.002938760444521904, 0.0034712255001068115, -0.0009130852995440364, -1.000840663909912], [0.007906146347522736, -0.008658170700073242, -0.008369777351617813, -0.0023666105698794127, 0.004447951912879944, -0.000724928337149322, -1.0025475025177002], [0.006080120801925659, -0.0041132234036922455, -0.004160664975643158, -0.0032856985926628113, 0.005172997713088989, -0.0008025706047192216, -1.0053064823150635], [-0.0058893486857414246, -0.006295088678598404, -0.006060395389795303, -0.002686744323000312, 0.0015880018472671509, -0.00013293894880916923, -1.0010908842086792]]","[-0.00010052870399003956, -0.0015846081387239032, 0.0021285959724511977, -0.0008537878696031017, 0.0010873926290639133, -0.000677063889197896]","[-0.00010052870399003956, -0.0015846081387239032, 0.0021285959724511977, -0.0008537878696031017, 0.0010873926290639133, -0.000677063889197896]","[0.3247070908546448, 0.32410216331481934, 0.3245272636413574, 0.3245247006416321, 0.32624655961990356, 0.32499438524246216]","[0.3247070908546448, 0.32410216331481934, 0.3245272636413574, 0.3245247006416321, 0.32624655961990356, 0.32499438524246216]",4.0,4.0,6.0,6.0,086dfebd71040c3b8512d9e9cc25151dd95fdc19d68b60a3a990f563924cfbbb,086dfebd71040c3b8512d9e9cc25151dd95fdc19d68b60a3a990f563924cfbbb,2.0,4.0,0.0,True,0.0,True,0.0,True,True,True,True
Object,frozen_closed_loop__Object,libero_object_object,9,6,5160873,"[[0.00025346875190734863, -0.004684366285800934, -0.003636125475168228, -0.0024994248524308205, 0.0034824907779693604, -0.0006658814381808043, -0.9997945427894592], [0.021915771067142487, -0.006360355764627457, -0.003870762884616852, -0.0038980823010206223, 0.005788072943687439, -0.0009161698399111629, -0.9984609484672546], [-0.009380243718624115, -0.004978962242603302, -0.0032916851341724396, -0.002482555340975523, 0.006353840231895447, -0.00023948779562488198, -0.9987974762916565], [0.017148591578006744, -0.007485374808311462, -0.0014643743634223938, -0.002882974222302437, 0.003654107451438904, -0.0007165339775383472, -1.0008747577667236], [0.0033703073859214783, -0.009112972766160965, -0.00844733789563179, -0.002626786706969142, 0.0013871043920516968, -0.0004320292209740728, -0.9979815483093262], [0.007027722895145416, -0.004676990211009979, -0.0069410540163517, -0.004517052788287401, 0.004552826285362244, -0.0004041802021674812, -1.0024983882904053]]","[[0.00025346875190734863, -0.004684366285800934, -0.003636125475168228, -0.0024994248524308205, 0.0034824907779693604, -0.0006658814381808043, -0.9997945427894592], [0.021915771067142487, -0.006360355764627457, -0.003870762884616852, -0.0038980823010206223, 0.005788072943687439, -0.0009161698399111629, -0.9984609484672546], [-0.009380243718624115, -0.004978962242603302, -0.0032916851341724396, -0.002482555340975523, 0.006353840231895447, -0.00023948779562488198, -0.9987974762916565], [0.017148591578006744, -0.007485374808311462, -0.0014643743634223938, -0.002882974222302437, 0.003654107451438904, -0.0007165339775383472, -1.0008747577667236], [0.0033703073859214783, -0.009112972766160965, -0.00844733789563179, -0.002626786706969142, 0.0013871043920516968, -0.0004320292209740728, -0.9979815483093262], [0.007027722895145416, -0.004676990211009979, -0.0069410540163517, -0.004517052788287401, 0.004552826285362244, -0.0004041802021674812, -1.0024983882904053]]","[0.0007015976936026668, 0.002601726052590026, -0.0009427245930405334, 0.0007266560370149526, -0.004204230110362051, 0.0011169749201952101]","[0.0007015976936026668, 0.002601726052590026, -0.0009427245930405334, 0.0007266560370149526, -0.004204230110362051, 0.0011169749201952101]","[0.3248305916786194, 0.3256397247314453, 0.3248498737812042, 0.32398784160614014, 0.32204365730285645, 0.3244917392730713]","[0.3248305916786194, 0.3256397247314453, 0.3248498737812042, 0.32398784160614014, 0.32204365730285645, 0.3244917392730713]",1.0,1.0,6.0,6.0,086dfebd71040c3b8512d9e9cc25151dd95fdc19d68b60a3a990f563924cfbbb,086dfebd71040c3b8512d9e9cc25151dd95fdc19d68b60a3a990f563924cfbbb,1.0,1.0,0.0,True,0.0,True,0.0,True,True,True,False
Object,frozen_closed_loop__Object,libero_object_object,9,6,5160970,"[[0.004236996173858643, -0.0109906867146492, -0.009676013141870499, -0.0023532724007964134, 0.0018525123596191406, -0.00018229159468319267, -0.9977136850357056], [-0.005417950451374054, -0.00451941043138504, -0.003348402678966522, -0.001493007643148303, 0.0034204423427581787, -0.0006412271177396178, -1.003523349761963], [-0.008252710103988647, -0.0037268735468387604, -0.004622619599103928, -0.004106790293008089, 0.0025809556245803833, -0.00015675601025577635, -1.0003440380096436], [0.014887601137161255, -0.005909465253353119, -0.0032339058816432953, -0.0026320195756852627, 0.006239980459213257, -0.00023223912285175174, -1.0026921033859253], [0.0029803812503814697, -0.004290416836738586, -0.00351928174495697, -0.003804093226790428, 0.003109574317932129, 4.15138310927432e-05, -1.0006312131881714], [0.016060620546340942, -0.004172846674919128, -0.0032449141144752502, -0.004671456757932901, 0.004807010293006897, -0.00019216212967876345, -1.0005587339401245]]","[[0.004236996173858643, -0.0109906867146492, -0.009676013141870499, -0.0023532724007964134, 0.0018525123596191406, -0.00018229159468319267, -0.9977136850357056], [-0.005417950451374054, -0.00451941043138504, -0.003348402678966522, -0.001493007643148303, 0.0034204423427581787, -0.0006412271177396178, -1.003523349761963], [-0.008252710103988647, -0.0037268735468387604, -0.004622619599103928, -0.004106790293008089, 0.0025809556245803833, -0.00015675601025577635, -1.0003440380096436], [0.014887601137161255, -0.005909465253353119, -0.0032339058816432953, -0.0026320195756852627, 0.006239980459213257, -0.00023223912285175174, -1.0026921033859253], [0.0029803812503814697, -0.004290416836738586, -0.00351928174495697, -0.003804093226790428, 0.003109574317932129, 4.15138310927432e-05, -1.0006312131881714], [0.016060620546340942, -0.004172846674919128, -0.0032449141144752502, -0.004671456757932901, 0.004807010293006897, -0.00019216212967876345, -1.0005587339401245]]","[-0.0011037414277145418, -0.00015152705853740175, -0.0017603621608375708, 0.0019094479230686095, 0.001390333055805888, -0.0002841503317847797]","[-0.0011037414277145418, -0.00015152705853740175, -0.0017603621608375708, 0.0019094479230686095, 0.001390333055805888, -0.0002841503317847797]","[0.32408472895622253, 0.3238036036491394, 0.32346898317337036, 0.32398757338523865, 0.32624486088752747, 0.3234056532382965]","[0.32408472895622253, 0.3238036036491394, 0.32346898317337036, 0.32398757338523865, 0.32624486088752747, 0.3234056532382965]",4.0,4.0,6.0,6.0,086dfebd71040c3b8512d9e9cc25151dd95fdc19d68b60a3a990f563924cfbbb,086dfebd71040c3b8512d9e9cc25151dd95fdc19d68b60a3a990f563924cfbbb,3.0,4.0,0.0,True,0.0,True,0.0,True,True,True,True
Object,frozen_closed_loop__Object,libero_object_object,9,6,5161067,"[[0.004022642970085144, -0.005315076559782028, -0.007823053747415543, -0.003908694256097078, 0.0034781545400619507, -0.0004116492054890841, -1.0028905868530273], [-0.0028230808675289154, -0.006899479776620865, -0.008166711777448654, -0.00377390393987298, 0.004837453365325928, -0.0008895326172932982, -1.0012385845184326], [0.006272569298744202, -0.005532670766115189, -0.0032159127295017242, -0.0024304103571921587, 0.004189655184745789, -0.0001809476234484464, -0.9995321035385132], [0.003893338143825531, -0.0029184669256210327, -0.003658309578895569, -0.004565410315990448, 0.0038230866193771362, -0.00029635350801981986, -1.0007156133651733], [0.0015514343976974487, -0.0038663484156131744, -0.005378611385822296, -0.0033265729434788227, 0.0026293694972991943, -0.00019432131375651807, -1.001523733139038], [0.0007445365190505981, -0.008445493876934052, -0.004263538867235184, -0.00263383099809289, 0.009012311697006226, -0.0007780044688843191, -1.0001589059829712]]","[[0.004022642970085144, -0.005315076559782028, -0.007823053747415543, -0.003908694256097078, 0.0034781545400619507, -0.0004116492054890841, -1.0028905868530273], [-0.0028230808675289154, -0.006899479776620865, -0.008166711777448654, -0.00377390393987298, 0.004837453365325928, -0.0008895326172932982, -1.0012385845184326], [0.006272569298744202, -0.005532670766115189, -0.0032159127295017242, -0.0024304103571921587, 0.004189655184745789, -0.0001809476234484464, -0.9995321035385132], [0.003893338143825531, -0.0029184669256210327, -0.003658309578895569, -0.004565410315990448, 0.0038230866193771362, -0.00029635350801981986, -1.0007156133651733], [0.0015514343976974487, -0.0038663484156131744, -0.005378611385822296, -0.0033265729434788227, 0.0026293694972991943, -0.00019432131375651807, -1.001523733139038], [0.0007445365190505981, -0.008445493876934052, -0.004263538867235184, -0.00263383099809289, 0.009012311697006226, -0.0007780044688843191, -1.0001589059829712]]","[0.00010588515869230328, -0.003104025031219545, -0.0007188605580075025, 0.0004218144512731264, 0.002137371373216753, 0.0011578146060451434]","[0.00010588515869230328, -0.003104025031219545, -0.0007188605580075025, 0.0004218144512731264, 0.002137371373216753, 0.0011578146060451434]","[0.32424014806747437, 0.32351207733154297, 0.32339566946029663, 0.3238944113254547, 0.323840856552124, 0.3257402181625366]","[0.32424014806747437, 0.32351207733154297, 0.32339566946029663, 0.3238944113254547, 0.323840856552124, 0.3257402181625366]",5.0,5.0,6.0,6.0,086dfebd71040c3b8512d9e9cc25151dd95fdc19d68b60a3a990f563924cfbbb,086dfebd71040c3b8512d9e9cc25151dd95fdc19d68b60a3a990f563924cfbbb,4.0,5.0,0.0,True,0.0,True,0.0,True,True,True,True
Object,frozen_closed_loop__Object,libero_object_object,9,7,5170000,"[[0.02909258008003235, -0.007577408105134964, -0.011885371059179306, -0.0014937943778932095, 0.027602791786193848, -0.0009234625613316894, -1.0001903772354126], [0.025864094495773315, -0.006510447710752487, -0.011155027896165848, -0.0015524713089689612, 0.02368175983428955, -0.0007607089937664568, -1.0012784004211426], [0.0016216188669204712, -0.005143359303474426, -0.012715626507997513, -0.0007582569378428161, 0.02384631335735321, -0.00014441784878727049, -1.000454306602478], [0.027882233262062073, -0.004027839750051498, -0.006239097565412521, -0.0014967950992286205, 0.026683688163757324, -0.0007257655961439013, -1.002511739730835], [0.02748582512140274, -0.0009133480489253998, -0.012403205037117004, -0.0014029706362634897, 0.02688784897327423, -0.0007058702758513391, -1.0028126239776611], [0.03884386271238327, -0.006590578705072403, -0.019074082374572754, -0.0021075322292745113, 0.0263422429561615, -0.0008983236039057374, -0.9979264736175537]]","[[0.02909258008003235, -0.007577408105134964, -0.011885371059179306, -0.0014937943778932095, 0.027602791786193848, -0.0009234625613316894, -1.0001903772354126], [0.025864094495773315, -0.006510447710752487, -0.011155027896165848, -0.0015524713089689612, 0.02368175983428955, -0.0007607089937664568, -1.0012784004211426], [0.0016216188669204712, -0.005143359303474426, -0.012715626507997513, -0.0007582569378428161, 0.02384631335735321, -0.00014441784878727049, -1.000454306602478], [0.027882233262062073, -0.004027839750051498, -0.006239097565412521, -0.0014967950992286205, 0.026683688163757324, -0.0007257655961439013, -1.002511739730835], [0.02748582512140274, -0.0009133480489253998, -0.012403205037117004, -0.0014029706362634897, 0.02688784897327423, -0.0007058702758513391, -1.0028126239776611], [0.03884386271238327, -0.006590578705072403, -0.019074082374572754, -0.0021075322292745113, 0.0263422429561615, -0.0008983236039057374, -0.9979264736175537]]","[-0.0007842813155531628, 0.0001334877264251129, -0.001599243848211462, -0.0005223272656588965, 0.0002587405495079185, 0.002513624153490712]","[-0.0007842813155531628, 0.0001334877264251129, -0.001599243848211462, -0.0005223272656588965, 0.0002587405495079185, 0.002513624153490712]","[0.27388399839401245, 0.2743118405342102, 0.2710723876953125, 0.2731652855873108, 0.2771027684211731, 0.27653008699417114]","[0.27388399839401245, 0.2743118405342102, 0.2710723876953125, 0.2731652855873108, 0.2771027684211731, 0.27653008699417114]",4.0,4.0,6.0,6.0,086dfebd71040c3b8512d9e9cc25151dd95fdc19d68b60a3a990f563924cfbbb,086dfebd71040c3b8512d9e9cc25151dd95fdc19d68b60a3a990f563924cfbbb,5.0,4.0,0.0,True,0.0,True,0.0,True,True,True,True
Object,frozen_closed_loop__Object,libero_object_object,9,7,5170097,"[[0.017999522387981415, -0.007084328681230545, -0.014723818749189377, -0.0017877459758892655, 0.019797831773757935, -0.00105473177973181, -0.9966492652893066], [0.042318664491176605, -0.0011276453733444214, -0.021630898118019104, -0.002658348297700286, 0.027516916394233704, -0.0016620998503640294, -1.001797080039978], [0.006231553852558136, -0.006338730454444885, -0.011425986886024475, -0.0013895775191485882, 0.021911591291427612, 8.421121492574457e-06, -1.0014394521713257], [0.005387105047702789, -0.003604833036661148, -0.00689355656504631, -0.0012669727439060807, 0.022286340594291687, -0.0006524196360260248, -0.9973308444023132], [0.013994649052619934, -0.004147309809923172, -0.008741989731788635, -0.0021509863436222076, 0.02897380292415619, -0.0009602787904441357, -0.9974892735481262], [0.014909505844116211, -0.001719687134027481, -0.008289031684398651, -0.0006207038532011211, 0.01958182454109192, -0.0010149192530661821, -1.000562310218811]]","[[0.017999522387981415, -0.007084328681230545, -0.014723818749189377, -0.0017877459758892655, 0.019797831773757935, -0.00105473177973181, -0.9966492652893066], [0.042318664491176605, -0.0011276453733444214, -0.021630898118019104, -0.002658348297700286, 0.027516916394233704, -0.0016620998503640294, -1.001797080039978], [0.006231553852558136, -0.006338730454444885, -0.011425986886024475, -0.0013895775191485882, 0.021911591291427612, 8.421121492574457e-06, -1.0014394521713257], [0.005387105047702789, -0.003604833036661148, -0.00689355656504631, -0.0012669727439060807, 0.022286340594291687, -0.0006524196360260248, -0.9973308444023132], [0.013994649052619934, -0.004147309809923172, -0.008741989731788635, -0.0021509863436222076, 0.02897380292415619, -0.0009602787904441357, -0.9974892735481262], [0.014909505844116211, -0.001719687134027481, -0.008289031684398651, -0.0006207038532011211, 0.01958182454109192, -0.0010149192530661821, -1.000562310218811]]","[0.0002557957755059584, 0.0030374562660947374, -0.0023009811539108876, -0.00022114556994568384, 0.0008176277022033866, -0.0015887530199472984]","[0.0002557957755059584, 0.0030374562660947374, -0.0023009811539108876, -0.00022114556994568384, 0.0008176277022033866, -0.0015887530199472984]","[0.2732894718647003, 0.27473753690719604, 0.2719588875770569, 0.2723827064037323, 0.27525460720062256, 0.2750505805015564]","[0.2732894718647003, 0.27473753690719604, 0.2719588875770569, 0.2723827064037323, 0.27525460720062256, 0.2750505805015564]",4.0,4.0,6.0,6.0,086dfebd71040c3b8512d9e9cc25151dd95fdc19d68b60a3a990f563924cfbbb,086dfebd71040c3b8512d9e9cc25151dd95fdc19d68b60a3a990f563924cfbbb,1.0,4.0,0.0,True,0.0,True,0.0,True,True,True,True
Object,frozen_closed_loop__Object,libero_object_object,9,7,5170194,"[[0.052808113396167755, -0.003357958048582077, -0.005475953221321106, -0.0019372649258002639, 0.026333793997764587, -0.0008663104381412268, -0.9991564750671387], [0.03708209842443466, -0.012522172182798386, -0.010708048939704895, -0.002406936138868332, 0.028451532125473022, -0.001128914998844266, -0.999244749546051], [0.002623647451400757, -0.0022451207041740417, -0.011189226061105728, -0.0016092087607830763, 0.02153255045413971, -0.00030087013146840036, -1.0000743865966797], [0.02960924059152603, -0.0025736913084983826, -0.007961634546518326, -0.0011988731566816568, 0.022062823176383972, -0.0006867902120575309, -1.0027364492416382], [0.043191611766815186, -0.010802429169416428, -0.01178232952952385, -0.0026442233938723803, 0.03000234067440033, -0.0005436675273813307, -0.999601423740387], [0.03805261105298996, -0.008954610675573349, -0.006925296038389206, -0.001545171020552516, 0.02497793734073639, -0.0010065909009426832, -1.0008153915405273]]","[[0.052808113396167755, -0.003357958048582077, -0.005475953221321106, -0.0019372649258002639, 0.026333793997764587, -0.0008663104381412268, -0.9991564750671387], [0.03708209842443466, -0.012522172182798386, -0.010708048939704895, -0.002406936138868332, 0.028451532125473022, -0.001128914998844266, -0.999244749546051], [0.002623647451400757, -0.0022451207041740417, -0.011189226061105728, -0.0016092087607830763, 0.02153255045413971, -0.00030087013146840036, -1.0000743865966797], [0.02960924059152603, -0.0025736913084983826, -0.007961634546518326, -0.0011988731566816568, 0.022062823176383972, -0.0006867902120575309, -1.0027364492416382], [0.043191611766815186, -0.010802429169416428, -0.01178232952952385, -0.0026442233938723803, 0.03000234067440033, -0.0005436675273813307, -0.999601423740387], [0.03805261105298996, -0.008954610675573349, -0.006925296038389206, -0.001545171020552516, 0.02497793734073639, -0.0010065909009426832, -1.0008153915405273]]","[-0.0015674610413486778, 0.001427514981918854, -0.002175115093381739, 0.000409406705060753, 0.003819434945340553, -0.0019137804975895623]","[-0.0015674610413486778, 0.001427514981918854, -0.002175115093381739, 0.000409406705060753, 0.003819434945340553, -0.0019137804975895623]","[0.2710350751876831, 0.2781740725040436, 0.2689371109008789, 0.2747887969017029, 0.2762208580970764, 0.2725168466567993]","[0.2710350751876831, 0.2781740725040436, 0.2689371109008789, 0.2747887969017029, 0.2762208580970764, 0.2725168466567993]",1.0,1.0,6.0,6.0,086dfebd71040c3b8512d9e9cc25151dd95fdc19d68b60a3a990f563924cfbbb,086dfebd71040c3b8512d9e9cc25151dd95fdc19d68b60a3a990f563924cfbbb,4.0,1.0,0.0,True,0.0,True,0.0,True,True,True,True
Object,frozen_closed_loop__Object,libero_object_object,9,7,5170291,"[[0.034931525588035583, -0.0030515156686306, -0.00471845269203186, -0.0017178533598780632, 0.02618497610092163, -1.217920180351939e-05, -1.0023319721221924], [0.008607544004917145, -0.0018998421728610992, -0.011738128960132599, -0.0014736499870195985, 0.026590660214424133, -0.0005380712682381272, -1.0023962259292603], [0.015120618045330048, -0.0075762346386909485, -0.013173837214708328, -0.0016235532239079475, 0.02618403732776642, -0.0003436130646150559, -1.0020732879638672], [0.022130459547042847, -0.00777343288064003, -0.00875864177942276, -0.0013757271226495504, 0.01858435571193695, -0.0006207810365594923, -1.0001016855239868], [0.03629609942436218, -0.008446667343378067, -0.008210800588130951, -0.001742681721225381, 0.026213183999061584, -0.0008221794851124287, -1.003662347793579], [-0.0008705444633960724, 0.0016284361481666565, -0.01620059832930565, -0.0007082892116159201, 0.025476738810539246, -0.00037796160904690623, -1.002164363861084]]","[[0.034931525588035583, -0.0030515156686306, -0.00471845269203186, -0.0017178533598780632, 0.02618497610092163, -1.217920180351939e-05, -1.0023319721221924], [0.008607544004917145, -0.0018998421728610992, -0.011738128960132599, -0.0014736499870195985, 0.026590660214424133, -0.0005380712682381272, -1.0023962259292603], [0.015120618045330048, -0.0075762346386909485, -0.013173837214708328, -0.0016235532239079475, 0.02618403732776642, -0.0003436130646150559, -1.0020732879638672], [0.022130459547042847, -0.00777343288064003, -0.00875864177942276, -0.0013757271226495504, 0.01858435571193695, -0.0006207810365594923, -1.0001016855239868], [0.03629609942436218, -0.008446667343378067, -0.008210800588130951, -0.001742681721225381, 0.026213183999061584, -0.0008221794851124287, -1.003662347793579], [-0.0008705444633960724, 0.0016284361481666565, -0.01620059832930565, -0.0007082892116159201, 0.025476738810539246, -0.00037796160904690623, -1.002164363861084]]","[0.00189022202702786, -0.002425030325028558, -0.0014673517067068024, 0.0010006219963321233, 0.0008117759791781333, 0.00018976202919754066]","[0.00189022202702786, -0.002425030325028558, -0.0014673517067068024, 0.0010006219963321233, 0.0008117759791781333, 0.00018976202919754066]","[0.2754848599433899, 0.2714589238166809, 0.27807343006134033, 0.273294061422348, 0.2752009630203247, 0.27135783433914185]","[0.2754848599433899, 0.2714589238166809, 0.27807343006134033, 0.273294061422348, 0.2752009630203247, 0.27135783433914185]",2.0,2.0,6.0,6.0,086dfebd71040c3b8512d9e9cc25151dd95fdc19d68b60a3a990f563924cfbbb,086dfebd71040c3b8512d9e9cc25151dd95fdc19d68b60a3a990f563924cfbbb,0.0,2.0,0.0,True,0.0,True,0.0,True,True,True,True
Object,frozen_closed_loop__Object,libero_object_object,9,7,5170388,"[[0.04102315753698349, -0.008585583418607712, -0.015957914292812347, -0.0020537404343485832, 0.03214350342750549, -0.0009876430267468095, -1.0002628564834595], [0.05778316408395767, -0.007553435862064362, -0.01703040674328804, -0.0014658556319773197, 0.02719295024871826, -0.0009888989152386785, -0.9996846318244934], [0.04390887916088104, -0.0011876598000526428, -0.005447622388601303, -0.001569706597365439, 0.02751097083091736, -0.0006170134874992073, -1.0007753372192383], [0.02015780657529831, -0.005326755344867706, -0.01323312520980835, -0.0018344019772484899, 0.024788618087768555, -0.0010465136729180813, -0.9982951283454895], [0.019332021474838257, -0.007262304425239563, -0.01025330275297165, -0.0015750308521091938, 0.03217761218547821, -0.0007665916928090155, -0.9996242523193359], [0.01348000019788742, -0.005728136748075485, -0.010330639779567719, -0.0007234386866912246, 0.022090673446655273, -0.0002463178534526378, -1.0019651651382446]]","[[0.04102315753698349, -0.008585583418607712, -0.015957914292812347, -0.0020537404343485832, 0.03214350342750549, -0.0009876430267468095, -1.0002628564834595], [0.05778316408395767, -0.007553435862064362, -0.01703040674328804, -0.0014658556319773197, 0.02719295024871826, -0.0009888989152386785, -0.9996846318244934], [0.04390887916088104, -0.0011876598000526428, -0.005447622388601303, -0.001569706597365439, 0.02751097083091736, -0.0006170134874992073, -1.0007753372192383], [0.02015780657529831, -0.005326755344867706, -0.01323312520980835, -0.0018344019772484899, 0.024788618087768555, -0.0010465136729180813, -0.9982951283454895], [0.019332021474838257, -0.007262304425239563, -0.01025330275297165, -0.0015750308521091938, 0.03217761218547821, -0.0007665916928090155, -0.9996242523193359], [0.01348000019788742, -0.005728136748075485, -0.010330639779567719, -0.0007234386866912246, 0.022090673446655273, -0.0002463178534526378, -1.0019651651382446]]","[-0.001025005017766453, 0.0012402016540378753, 0.0008738436804205169, 0.00024064814467040173, 0.0007332010279308078, -0.0020628894892929794]","[-0.001025005017766453, 0.0012402016540378753, 0.0008738436804205169, 0.00024064814467040173, 0.0007332010279308078, -0.0020628894892929794]","[0.2757083773612976, 0.2754141092300415, 0.27143239974975586, 0.2716069221496582, 0.2769975960254669, 0.27175551652908325]","[0.2757083773612976, 0.2754141092300415, 0.27143239974975586, 0.2716069221496582, 0.2769975960254669, 0.27175551652908325]",4.0,4.0,6.0,6.0,086dfebd71040c3b8512d9e9cc25151dd95fdc19d68b60a3a990f563924cfbbb,086dfebd71040c3b8512d9e9cc25151dd95fdc19d68b60a3a990f563924cfbbb,1.0,4.0,0.0,True,0.0,True,0.0,True,True,True,True
Object,frozen_closed_loop__Object,libero_object_object,9,7,5170485,"[[0.010536722838878632, -0.002965126186609268, -0.009580906480550766, -0.002302426379173994, 0.027151107788085938, -0.0008062059641815722, -0.9968194961547852], [0.024232640862464905, -0.008530542254447937, -0.005862526595592499, -0.001769669004715979, 0.024979501962661743, -0.0007958066998980939, -1.0013940334320068], [0.016030333936214447, -0.00577172264456749, -0.00788843259215355, -0.0015834472142159939, 0.024015426635742188, -0.0011199477594345808, -1.0011966228485107], [0.019973069429397583, -0.0037387199699878693, -0.01683024689555168, -0.0027505443431437016, 0.02444489300251007, -0.0008691526600159705, -1.0002788305282593], [0.005379617214202881, -0.003022570163011551, -0.011293888092041016, -0.0011008954606950283, 0.021159544587135315, -0.0009914105758070946, -0.998304545879364], [0.006002336740493774, -0.005189236253499985, -0.013237148523330688, -0.0011539369588717818, 0.022359564900398254, -0.0003708451404236257, -0.9977723956108093]]","[[0.010536722838878632, -0.002965126186609268, -0.009580906480550766, -0.002302426379173994, 0.027151107788085938, -0.0008062059641815722, -0.9968194961547852], [0.024232640862464905, -0.008530542254447937, -0.005862526595592499, -0.001769669004715979, 0.024979501962661743, -0.0007958066998980939, -1.0013940334320068], [0.016030333936214447, -0.00577172264456749, -0.00788843259215355, -0.0015834472142159939, 0.024015426635742188, -0.0011199477594345808, -1.0011966228485107], [0.019973069429397583, -0.0037387199699878693, -0.01683024689555168, -0.0027505443431437016, 0.02444489300251007, -0.0008691526600159705, -1.0002788305282593], [0.005379617214202881, -0.003022570163011551, -0.011293888092041016, -0.0011008954606950283, 0.021159544587135315, -0.0009914105758070946, -0.998304545879364], [0.006002336740493774, -0.005189236253499985, -0.013237148523330688, -0.0011539369588717818, 0.022359564900398254, -0.0003708451404236257, -0.9977723956108093]]","[0.0008264440246121985, 0.0005571647713091647, -0.0016076112895450265, 0.0037887637443274305, -0.002457978969183179, -0.0011067822815203033]","[0.0008264440246121985, 0.0005571647713091647, -0.0016076112895450265, 0.0037887637443274305, -0.002457978969183179, -0.0011067822815203033]","[0.27677208185195923, 0.27480602264404297, 0.27200189232826233, 0.2740152180194855, 0.2727468013763428, 0.2740475833415985]","[0.27677208185195923, 0.27480602264404297, 0.27200189232826233, 0.2740152180194855, 0.2727468013763428, 0.2740475833415985]",0.0,0.0,6.0,6.0,086dfebd71040c3b8512d9e9cc25151dd95fdc19d68b60a3a990f563924cfbbb,086dfebd71040c3b8512d9e9cc25151dd95fdc19d68b60a3a990f563924cfbbb,3.0,0.0,0.0,True,0.0,True,0.0,True,True,True,True
Object,frozen_closed_loop__Object,libero_object_object,9,7,5170582,"[[0.03363803029060364, -0.006458926945924759, -0.0029741786420345306, -0.0010029725963249803, 0.02613486349582672, -0.00037337886169552803, -1.0019726753234863], [0.01563549041748047, -0.002913661301136017, -0.006965026259422302, -0.0015656996984034777, 0.026587486267089844, -0.0005574378301389515, -0.9997535943984985], [0.0286116823554039, -0.010855738073587418, -0.010038278996944427, -0.0015903450548648834, 0.024957507848739624, -0.0007793264230713248, -1.0018861293792725], [0.01628223806619644, -0.003995206207036972, -0.012302566319704056, -0.0017308072419837117, 0.03108653426170349, -0.0012351993937045336, -1.0000255107879639], [0.026235245168209076, -0.008953437209129333, -0.01944093033671379, -0.001994642661884427, 0.026565581560134888, -0.0013927093241363764, -1.000080943107605], [0.006364546716213226, -0.00788586214184761, -0.02059774473309517, -0.001697727246209979, 0.014769673347473145, -0.00011489439202705398, -1.0000847578048706]]","[[0.03363803029060364, -0.006458926945924759, -0.0029741786420345306, -0.0010029725963249803, 0.02613486349582672, -0.00037337886169552803, -1.0019726753234863], [0.01563549041748047, -0.002913661301136017, -0.006965026259422302, -0.0015656996984034777, 0.026587486267089844, -0.0005574378301389515, -0.9997535943984985], [0.0286116823554039, -0.010855738073587418, -0.010038278996944427, -0.0015903450548648834, 0.024957507848739624, -0.0007793264230713248, -1.0018861293792725], [0.01628223806619644, -0.003995206207036972, -0.012302566319704056, -0.0017308072419837117, 0.03108653426170349, -0.0012351993937045336, -1.0000255107879639], [0.026235245168209076, -0.008953437209129333, -0.01944093033671379, -0.001994642661884427, 0.026565581560134888, -0.0013927093241363764, -1.000080943107605], [0.006364546716213226, -0.00788586214184761, -0.02059774473309517, -0.001697727246209979, 0.014769673347473145, -0.00011489439202705398, -1.0000847578048706]]","[0.0021268819793821745, 0.0009782752476232674, -0.0014460714944582041, -0.0016083413633162535, 0.0009772668188181887, -0.0010280111880490498]","[0.0021268819793821745, 0.0009782752476232674, -0.0014460714944582041, -0.0016083413633162535, 0.0009772668188181887, -0.0010280111880490498]","[0.2730851471424103, 0.27543002367019653, 0.27287715673446655, 0.2776080369949341, 0.2713931202888489, 0.276298463344574]","[0.2730851471424103, 0.27543002367019653, 0.27287715673446655, 0.2776080369949341, 0.2713931202888489, 0.276298463344574]",3.0,3.0,6.0,6.0,086dfebd71040c3b8512d9e9cc25151dd95fdc19d68b60a3a990f563924cfbbb,086dfebd71040c3b8512d9e9cc25151dd95fdc19d68b60a3a990f563924cfbbb,0.0,3.0,0.0,True,0.0,True,0.0,True,True,True,True
Object,frozen_closed_loop__Object,libero_object_object,9,7,5170679,"[[0.022809505462646484, -0.005446784198284149, -0.016264524310827255, -0.0023532724007964134, 0.028380632400512695, -0.000860604050103575, -0.9975453019142151], [0.014213807880878448, -0.003040619194507599, -0.014309640973806381, -0.0013205083087086678, 0.026241883635520935, -0.00028311199275776744, -0.9986979961395264], [0.03870327025651932, -0.01237018033862114, -0.0029070675373077393, -0.0016405506758019328, 0.02396222949028015, -0.0004729654756374657, -0.9999293088912964], [0.027691572904586792, -0.004712250083684921, -0.009120628237724304, -0.0021608115639537573, 0.023624897003173828, -0.001290456741116941, -0.999255359172821], [-0.00028895214200019836, -0.0030698440968990326, -0.012063458561897278, -0.0012055514380335808, 0.02495335042476654, -0.0008600312285125256, -0.9985764622688293], [0.012740157544612885, -0.0025932490825653076, -0.008509475737810135, -0.0020352243445813656, 0.02419835329055786, -0.0011416937923058867, -1.0008844137191772]]","[[0.022809505462646484, -0.005446784198284149, -0.016264524310827255, -0.0023532724007964134, 0.028380632400512695, -0.000860604050103575, -0.9975453019142151], [0.014213807880878448, -0.003040619194507599, -0.014309640973806381, -0.0013205083087086678, 0.026241883635520935, -0.00028311199275776744, -0.9986979961395264], [0.03870327025651932, -0.01237018033862114, -0.0029070675373077393, -0.0016405506758019328, 0.02396222949028015, -0.0004729654756374657, -0.9999293088912964], [0.027691572904586792, -0.004712250083684921, -0.009120628237724304, -0.0021608115639537573, 0.023624897003173828, -0.001290456741116941, -0.999255359172821], [-0.00028895214200019836, -0.0030698440968990326, -0.012063458561897278, -0.0012055514380335808, 0.02495335042476654, -0.0008600312285125256, -0.9985764622688293], [0.012740157544612885, -0.0025932490825653076, -0.008509475737810135, -0.0020352243445813656, 0.02419835329055786, -0.0011416937923058867, -1.0008844137191772]]","[-0.00014085868572869735, 0.0004005558895220423, 0.0019888993091961345, -0.00030186131847790025, -0.002807281106502532, 0.0008605459119911918]","[-0.00014085868572869735, 0.0004005558895220423, 0.0019888993091961345, -0.00030186131847790025, -0.002807281106502532, 0.0008605459119911918]","[0.27510321140289307, 0.2771964967250824, 0.2726730406284332, 0.27406811714172363, 0.2750213146209717, 0.27778929471969604]","[0.27510321140289307, 0.2771964967250824, 0.2726730406284332, 0.27406811714172363, 0.2750213146209717, 0.27778929471969604]",5.0,5.0,6.0,6.0,086dfebd71040c3b8512d9e9cc25151dd95fdc19d68b60a3a990f563924cfbbb,086dfebd71040c3b8512d9e9cc25151dd95fdc19d68b60a3a990f563924cfbbb,2.0,5.0,0.0,True,0.0,True,0.0,True,True,True,True
Object,frozen_closed_loop__Object,libero_object_object,9,7,5170776,"[[0.055772289633750916, -0.009754858911037445, -0.0045027583837509155, -0.002674906514585018, 0.03142985701560974, -0.0007162475376389921, -0.9999834299087524], [0.02858184278011322, -0.010657310485839844, -0.02092977985739708, -0.0014817736810073256, 0.01957230269908905, -0.0004046208632644266, -1.0010554790496826], [0.01078873872756958, -0.0067626312375068665, -0.014086179435253143, -0.0016387575305998325, 0.024175778031349182, -0.000868028961122036, -0.9980295896530151], [0.00883597880601883, -0.00476958230137825, -0.011743437498807907, -0.001694177626632154, 0.026723787188529968, -0.000572331715375185, -0.9990054965019226], [0.003557838499546051, 0.0018351897597312927, -0.00754181295633316, -0.0014896044740453362, 0.02191820740699768, 2.825030969688669e-05, -1.0000046491622925], [0.027488619089126587, -0.004462134093046188, -0.00580374151468277, -0.0015194094739854336, 0.02645471692085266, -0.0007385884528048337, -0.9983401298522949]]","[[0.055772289633750916, -0.009754858911037445, -0.0045027583837509155, -0.002674906514585018, 0.03142985701560974, -0.0007162475376389921, -0.9999834299087524], [0.02858184278011322, -0.010657310485839844, -0.02092977985739708, -0.0014817736810073256, 0.01957230269908905, -0.0004046208632644266, -1.0010554790496826], [0.01078873872756958, -0.0067626312375068665, -0.014086179435253143, -0.0016387575305998325, 0.024175778031349182, -0.000868028961122036, -0.9980295896530151], [0.00883597880601883, -0.00476958230137825, -0.011743437498807907, -0.001694177626632154, 0.026723787188529968, -0.000572331715375185, -0.9990054965019226], [0.003557838499546051, 0.0018351897597312927, -0.00754181295633316, -0.0014896044740453362, 0.02191820740699768, 2.825030969688669e-05, -1.0000046491622925], [0.027488619089126587, -0.004462134093046188, -0.00580374151468277, -0.0015194094739854336, 0.02645471692085266, -0.0007385884528048337, -0.9983401298522949]]","[0.001817390077430873, -0.0005606642897165979, 0.0006109979295613353, -0.0008097935054338766, -0.002527416028831548, 0.0014694858169899622]","[0.001817390077430873, -0.0005606642897165979, 0.0006109979295613353, -0.0008097935054338766, -0.002527416028831548, 0.0014694858169899622]","[0.2750197649002075, 0.2690357267856598, 0.27692723274230957, 0.274985671043396, 0.26985523104667664, 0.2789042592048645]","[0.2750197649002075, 0.2690357267856598, 0.27692723274230957, 0.274985671043396, 0.26985523104667664, 0.2789042592048645]",5.0,5.0,6.0,6.0,086dfebd71040c3b8512d9e9cc25151dd95fdc19d68b60a3a990f563924cfbbb,086dfebd71040c3b8512d9e9cc25151dd95fdc19d68b60a3a990f563924cfbbb,0.0,5.0,0.0,True,0.0,True,0.0,True,True,True,True
Object,frozen_closed_loop__Object,libero_object_object,9,7,5170873,"[[0.057505108416080475, -0.004864465445280075, -0.006054528057575226, -0.002207888523116708, 0.028922975063323975, -0.000833305879496038, -0.9982773065567017], [0.05037367343902588, -0.007768627256155014, -0.01200500875711441, -0.0014890922466292977, 0.02715606987476349, -0.000539393222425133, -1.0002646446228027], [0.019312016665935516, -0.004036277532577515, -0.006387848407030106, -0.0013848571106791496, 0.027471408247947693, -0.000632832758128643, -1.0017762184143066], [0.05075130611658096, -0.003981068730354309, -0.006278827786445618, -0.001396438805386424, 0.02448749542236328, -0.0005718910833820701, -1.0000040531158447], [0.02765122801065445, -0.007454529404640198, -0.01109730452299118, -0.001827431027777493, 0.02247963845729828, -0.0005619103903882205, -0.999367356300354], [0.040203072130680084, -0.008109938353300095, -0.006832089275121689, -0.0014743269421160221, 0.02371649444103241, -0.0010315757244825363, -1.0017898082733154]]","[[0.057505108416080475, -0.004864465445280075, -0.006054528057575226, -0.002207888523116708, 0.028922975063323975, -0.000833305879496038, -0.9982773065567017], [0.05037367343902588, -0.007768627256155014, -0.01200500875711441, -0.0014890922466292977, 0.02715606987476349, -0.000539393222425133, -1.0002646446228027], [0.019312016665935516, -0.004036277532577515, -0.006387848407030106, -0.0013848571106791496, 0.027471408247947693, -0.000632832758128643, -1.0017762184143066], [0.05075130611658096, -0.003981068730354309, -0.006278827786445618, -0.001396438805386424, 0.02448749542236328, -0.0005718910833820701, -1.0000040531158447], [0.02765122801065445, -0.007454529404640198, -0.01109730452299118, -0.001827431027777493, 0.02247963845729828, -0.0005619103903882205, -0.999367356300354], [0.040203072130680084, -0.008109938353300095, -0.006832089275121689, -0.0014743269421160221, 0.02371649444103241, -0.0010315757244825363, -1.0017898082733154]]","[-0.00031464345803214984, 0.001062407233348226, -0.003519938084814446, 0.0005388459979589037, 0.0005942353451672214, 0.0016390929663723855]","[-0.00031464345803214984, 0.001062407233348226, -0.003519938084814446, 0.0005388459979589037, 0.0005942353451672214, 0.0016390929663723855]","[0.2765897512435913, 0.27411550283432007, 0.272057443857193, 0.2763965427875519, 0.2725416421890259, 0.27694809436798096]","[0.2765897512435913, 0.27411550283432007, 0.272057443857193, 0.2763965427875519, 0.2725416421890259, 0.27694809436798096]",5.0,5.0,6.0,6.0,086dfebd71040c3b8512d9e9cc25151dd95fdc19d68b60a3a990f563924cfbbb,086dfebd71040c3b8512d9e9cc25151dd95fdc19d68b60a3a990f563924cfbbb,5.0,5.0,0.0,True,0.0,True,0.0,True,True,True,False
Object,frozen_closed_loop__Object,libero_object_object,9,7,5170970,"[[0.03793291747570038, -0.008064508438110352, -0.015723444521427155, -0.0017540071858093143, 0.026642516255378723, -0.0008853024337440729, -1.0016216039657593], [0.018093623220920563, -0.004305783659219742, -0.018581785261631012, -0.0009256515768356621, 0.025664404034614563, -0.0008889817981980741, -1.0029444694519043], [0.015387609601020813, -0.003936700522899628, -0.009313467890024185, -0.0023159291595220566, 0.023714303970336914, -0.0005082614370621741, -0.9987604022026062], [0.030034594237804413, -0.008391961455345154, -0.016090627759695053, -0.0014403869863599539, 0.020978808403015137, -0.001111839897930622, -1.000145435333252], [0.014963597059249878, -0.006221942603588104, -0.016988664865493774, -0.0020395424216985703, 0.024204611778259277, -0.0012645246461033821, -1.0000320672988892], [0.010409317910671234, 0.0006140023469924927, -0.009562019258737564, -0.002520045032724738, 0.026517793536186218, -0.0004898202605545521, -0.9996870756149292]]","[[0.03793291747570038, -0.008064508438110352, -0.015723444521427155, -0.0017540071858093143, 0.026642516255378723, -0.0008853024337440729, -1.0016216039657593], [0.018093623220920563, -0.004305783659219742, -0.018581785261631012, -0.0009256515768356621, 0.025664404034614563, -0.0008889817981980741, -1.0029444694519043], [0.015387609601020813, -0.003936700522899628, -0.009313467890024185, -0.0023159291595220566, 0.023714303970336914, -0.0005082614370621741, -0.9987604022026062], [0.030034594237804413, -0.008391961455345154, -0.016090627759695053, -0.0014403869863599539, 0.020978808403015137, -0.001111839897930622, -1.000145435333252], [0.014963597059249878, -0.006221942603588104, -0.016988664865493774, -0.0020395424216985703, 0.024204611778259277, -0.0012645246461033821, -1.0000320672988892], [0.010409317910671234, 0.0006140023469924927, -0.009562019258737564, -0.002520045032724738, 0.026517793536186218, -0.0004898202605545521, -0.9996870756149292]]","[0.0015479968440074625, -0.0017138369850844381, -0.0016533329465037929, 0.00016134044732753075, 0.0003713035507907582, 0.0012865290894626276]","[0.0015479968440074625, -0.0017138369850844381, -0.0016533329465037929, 0.00016134044732753075, 0.0003713035507907582, 0.0012865290894626276]","[0.27276289463043213, 0.27207547426223755, 0.27226388454437256, 0.27388519048690796, 0.27481168508529663, 0.2753395438194275]","[0.27276289463043213, 0.27207547426223755, 0.27226388454437256, 0.27388519048690796, 0.27481168508529663, 0.2753395438194275]",5.0,5.0,6.0,6.0,086dfebd71040c3b8512d9e9cc25151dd95fdc19d68b60a3a990f563924cfbbb,086dfebd71040c3b8512d9e9cc25151dd95fdc19d68b60a3a990f563924cfbbb,0.0,5.0,0.0,True,0.0,True,0.0,True,True,True,True
Object,frozen_closed_loop__Object,libero_object_object,9,7,5171067,"[[0.008217059075832367, -0.0006727874279022217, -0.013368520885705948, -0.0006268331781029701, 0.02139146625995636, -0.0005440861568786204, -1.000364899635315], [0.04985488951206207, -0.0015446171164512634, -0.011502765119075775, -0.002879754174500704, 0.029195711016654968, -0.0011221510358154774, -1.000067949295044], [0.06441861391067505, -0.012138839811086655, -0.005460921674966812, -0.0026161198038607836, 0.030479952692985535, -0.0009586703963577747, -0.999809741973877], [0.04143957048654556, -0.005417279899120331, -0.00809384509921074, -0.0018554979469627142, 0.023201465606689453, -0.0007056720205582678, -1.0006521940231323], [0.020375512540340424, -0.0010256096720695496, -0.009018536657094955, -0.0013531309086829424, 0.024944409728050232, -0.0006050718948245049, -0.9977786540985107], [0.03828808665275574, -0.006026700139045715, -0.007094889879226685, -0.0026729670353233814, 0.02942723035812378, -0.0006788144819438457, -1.0024360418319702]]","[[0.008217059075832367, -0.0006727874279022217, -0.013368520885705948, -0.0006268331781029701, 0.02139146625995636, -0.0005440861568786204, -1.000364899635315], [0.04985488951206207, -0.0015446171164512634, -0.011502765119075775, -0.002879754174500704, 0.029195711016654968, -0.0011221510358154774, -1.000067949295044], [0.06441861391067505, -0.012138839811086655, -0.005460921674966812, -0.0026161198038607836, 0.030479952692985535, -0.0009586703963577747, -0.999809741973877], [0.04143957048654556, -0.005417279899120331, -0.00809384509921074, -0.0018554979469627142, 0.023201465606689453, -0.0007056720205582678, -1.0006521940231323], [0.020375512540340424, -0.0010256096720695496, -0.009018536657094955, -0.0013531309086829424, 0.024944409728050232, -0.0006050718948245049, -0.9977786540985107], [0.03828808665275574, -0.006026700139045715, -0.007094889879226685, -0.0026729670353233814, 0.02942723035812378, -0.0006788144819438457, -1.0024360418319702]]","[-0.001763925539047915, 0.0003790364572094356, 0.0018494214677075198, -0.0016015438056608848, -0.00028148980043811206, 0.0014185012202301943]","[-0.001763925539047915, 0.0003790364572094356, 0.0018494214677075198, -0.0016015438056608848, -0.00028148980043811206, 0.0014185012202301943]","[0.27507731318473816, 0.2761491537094116, 0.2783733010292053, 0.2694823741912842, 0.2716502845287323, 0.27525290846824646]","[0.27507731318473816, 0.2761491537094116, 0.2783733010292053, 0.2694823741912842, 0.2716502845287323, 0.27525290846824646]",2.0,2.0,6.0,6.0,086dfebd71040c3b8512d9e9cc25151dd95fdc19d68b60a3a990f563924cfbbb,086dfebd71040c3b8512d9e9cc25151dd95fdc19d68b60a3a990f563924cfbbb,2.0,2.0,0.0,True,0.0,True,0.0,True,True,True,False
Object,frozen_closed_loop__Object,libero_object_object,9,8,5180000,"[[0.003058500587940216, 0.0035513564944267273, -0.0011634081602096558, -0.0010996513301506639, 0.022762969136238098, 0.0012821820564568043, -1.0041699409484863], [0.0034134462475776672, 0.0029328837990760803, -0.016035698354244232, 3.3011707273544744e-05, 0.017371147871017456, 8.698877354618162e-05, -1.0026781558990479], [0.003287270665168762, -0.0006831251084804535, -0.012385547161102295, -0.0006085915956646204, 0.01713864505290985, 0.0002532895596232265, -1.001146674156189], [0.003487318754196167, -0.0006679259240627289, -0.006564147770404816, -0.0007159554515965283, 0.024471357464790344, 0.0014164696913212538, -1.0022116899490356], [-0.005635153502225876, 0.003506764769554138, -0.005500484257936478, -0.0009969164384528995, 0.01775859296321869, 0.0012129341484978795, -1.003235101699829], [0.004368647933006287, 0.004741139709949493, -0.00510508194565773, -0.001777646248228848, 0.018816500902175903, 0.0009673386230133474, -1.003008246421814]]","[[0.003058500587940216, 0.0035513564944267273, -0.0011634081602096558, -0.0010996513301506639, 0.022762969136238098, 0.0012821820564568043, -1.0041699409484863], [0.0034134462475776672, 0.0029328837990760803, -0.016035698354244232, 3.3011707273544744e-05, 0.017371147871017456, 8.698877354618162e-05, -1.0026781558990479], [0.003287270665168762, -0.0006831251084804535, -0.012385547161102295, -0.0006085915956646204, 0.01713864505290985, 0.0002532895596232265, -1.001146674156189], [0.003487318754196167, -0.0006679259240627289, -0.006564147770404816, -0.0007159554515965283, 0.024471357464790344, 0.0014164696913212538, -1.0022116899490356], [-0.005635153502225876, 0.003506764769554138, -0.005500484257936478, -0.0009969164384528995, 0.01775859296321869, 0.0012129341484978795, -1.003235101699829], [0.004368647933006287, 0.004741139709949493, -0.00510508194565773, -0.001777646248228848, 0.018816500902175903, 0.0009673386230133474, -1.003008246421814]]","[-0.0007839996643678622, -0.00024186430414478192, -0.0010292898768847001, -0.0008075204905807365, -0.0006288911141853839, 0.0034915654501635174]","[-0.0007839996643678622, -0.00024186430414478192, -0.0010292898768847001, -0.0008075204905807365, -0.0006288911141853839, 0.0034915654501635174]","[0.2899150550365448, 0.2935497760772705, 0.2904386818408966, 0.28808823227882385, 0.2906557321548462, 0.2889251112937927]","[0.2899150550365448, 0.2935497760772705, 0.2904386818408966, 0.28808823227882385, 0.2906557321548462, 0.2889251112937927]",1.0,1.0,6.0,6.0,086dfebd71040c3b8512d9e9cc25151dd95fdc19d68b60a3a990f563924cfbbb,086dfebd71040c3b8512d9e9cc25151dd95fdc19d68b60a3a990f563924cfbbb,5.0,1.0,0.0,True,0.0,True,0.0,True,True,True,True
Object,frozen_closed_loop__Object,libero_object_object,9,8,5180097,"[[0.013776719570159912, -0.006047096103429794, 0.0032281503081321716, -0.0009298414806835353, 0.02731454372406006, 0.00020766039961017668, -1.0010610818862915], [0.06921205669641495, 4.738569259643555e-05, 0.004831552505493164, -0.002402929123491049, 0.024542078375816345, 0.0008549732156097889, -0.9993401169776917], [0.06460458040237427, 0.005194209516048431, 0.0035055354237556458, -0.001663878676481545, 0.034417882561683655, 0.001760153565555811, -1.002600908279419], [0.004365183413028717, 0.000736825168132782, -0.004110150039196014, -0.0009621530771255493, 0.013025656342506409, 0.00013598889927379787, -1.0025410652160645], [0.0029754638671875, -0.0029611587524414062, -0.007747393101453781, -0.001156114274635911, 0.015261366963386536, 0.0010352865792810917, -1.0029337406158447], [0.01489788293838501, -0.001743212342262268, -0.0024194084107875824, -0.0011525281006470323, 0.018289580941200256, 0.0006042661843821406, -1.0025938749313354]]","[[0.013776719570159912, -0.006047096103429794, 0.0032281503081321716, -0.0009298414806835353, 0.02731454372406006, 0.00020766039961017668, -1.0010610818862915], [0.06921205669641495, 4.738569259643555e-05, 0.004831552505493164, -0.002402929123491049, 0.024542078375816345, 0.0008549732156097889, -0.9993401169776917], [0.06460458040237427, 0.005194209516048431, 0.0035055354237556458, -0.001663878676481545, 0.034417882561683655, 0.001760153565555811, -1.002600908279419], [0.004365183413028717, 0.000736825168132782, -0.004110150039196014, -0.0009621530771255493, 0.013025656342506409, 0.00013598889927379787, -1.0025410652160645], [0.0029754638671875, -0.0029611587524414062, -0.007747393101453781, -0.001156114274635911, 0.015261366963386536, 0.0010352865792810917, -1.0029337406158447], [0.01489788293838501, -0.001743212342262268, -0.0024194084107875824, -0.0011525281006470323, 0.018289580941200256, 0.0006042661843821406, -1.0025938749313354]]","[-0.0029178131359274967, 0.0026561775983292638, 0.00318104688779433, -0.002654050361865816, -0.0006694903545959388, 0.0004041293662658724]","[-0.0029178131359274967, 0.0026561775983292638, 0.00318104688779433, -0.002654050361865816, -0.0006694903545959388, 0.0004041293662658724]","[0.2867853045463562, 0.2899923622608185, 0.2905620336532593, 0.2909642457962036, 0.29119211435317993, 0.2899942994117737]","[0.2867853045463562, 0.2899923622608185, 0.2905620336532593, 0.2909642457962036, 0.29119211435317993, 0.2899942994117737]",4.0,4.0,6.0,6.0,086dfebd71040c3b8512d9e9cc25151dd95fdc19d68b60a3a990f563924cfbbb,086dfebd71040c3b8512d9e9cc25151dd95fdc19d68b60a3a990f563924cfbbb,2.0,4.0,0.0,True,0.0,True,0.0,True,True,True,True
Object,frozen_closed_loop__Object,libero_object_object,9,8,5180194,"[[0.008041039109230042, 0.00029884278774261475, -0.009934846311807632, -2.0626775949494913e-06, 0.01693873107433319, 0.0006045085610821843, -1.0018932819366455], [0.0015745684504508972, -0.002835150808095932, -0.014137644320726395, -0.0012958995066583157, 0.01568712294101715, -0.0004780549497809261, -1.0026639699935913], [0.1081206277012825, -0.00496353954076767, 0.01247316598892212, -0.0018812959315255284, 0.03781642019748688, 0.0011012738104909658, -1.001349925994873], [0.01620892435312271, 0.0014154240489006042, -0.0028238072991371155, -0.0011717943707481027, 0.02691712975502014, 0.0006201075157150626, -1.0038288831710815], [0.013299286365509033, -0.0027219951152801514, -0.005113184452056885, -0.0011170695070177317, 0.019843384623527527, 0.00036737349000759423, -1.003562569618225], [0.018358826637268066, -0.0011778250336647034, -0.005931202322244644, -0.0012308737495914102, 0.017101451754570007, 0.0008024038397707045, -1.00434148311615]]","[[0.008041039109230042, 0.00029884278774261475, -0.009934846311807632, -2.0626775949494913e-06, 0.01693873107433319, 0.0006045085610821843, -1.0018932819366455], [0.0015745684504508972, -0.002835150808095932, -0.014137644320726395, -0.0012958995066583157, 0.01568712294101715, -0.0004780549497809261, -1.0026639699935913], [0.1081206277012825, -0.00496353954076767, 0.01247316598892212, -0.0018812959315255284, 0.03781642019748688, 0.0011012738104909658, -1.001349925994873], [0.01620892435312271, 0.0014154240489006042, -0.0028238072991371155, -0.0011717943707481027, 0.02691712975502014, 0.0006201075157150626, -1.0038288831710815], [0.013299286365509033, -0.0027219951152801514, -0.005113184452056885, -0.0011170695070177317, 0.019843384623527527, 0.00036737349000759423, -1.003562569618225], [0.018358826637268066, -0.0011778250336647034, -0.005931202322244644, -0.0012308737495914102, 0.017101451754570007, 0.0008024038397707045, -1.00434148311615]]","[-0.0030297448720781367, 0.002089618652491836, 0.004135882455123004, -0.0010619604742078655, -0.0007118620614561452, -0.0014219336998725076]","[-0.0030297448720781367, 0.002089618652491836, 0.004135882455123004, -0.0010619604742078655, -0.0007118620614561452, -0.0014219336998725076]","[0.2898706793785095, 0.2915140688419342, 0.2939929962158203, 0.28844940662384033, 0.2886890470981598, 0.29257264733314514]","[0.2898706793785095, 0.2915140688419342, 0.2939929962158203, 0.28844940662384033, 0.2886890470981598, 0.29257264733314514]",2.0,2.0,6.0,6.0,086dfebd71040c3b8512d9e9cc25151dd95fdc19d68b60a3a990f563924cfbbb,086dfebd71040c3b8512d9e9cc25151dd95fdc19d68b60a3a990f563924cfbbb,2.0,2.0,0.0,True,0.0,True,0.0,True,True,True,False
Object,frozen_closed_loop__Object,libero_object_object,9,8,5180291,"[[0.07855821400880814, 0.003892667591571808, 0.00791698694229126, -0.0016309083439409733, 0.034818023443222046, 0.0009691673330962658, -1.0009713172912598], [0.018499642610549927, -0.0006656907498836517, -0.007832441478967667, -0.0015332599868997931, 0.021498441696166992, 0.00020752819546032697, -1.00265634059906], [0.023996494710445404, -0.005915388464927673, 0.00250205397605896, -0.004193534143269062, 0.03038012981414795, 0.0008469974854961038, -1.0031826496124268], [0.004074722528457642, -0.0017349421977996826, -0.00833982601761818, -0.001728575094603002, 0.01703318953514099, 0.0006544560892507434, -1.0026004314422607], [0.0009025633335113525, 0.005207955837249756, -0.0008648447692394257, -0.0012575500877574086, 0.024879097938537598, 0.00026666323537938297, -1.0021036863327026], [0.012401528656482697, 0.003008432686328888, -0.001905597746372223, -0.00027204578509554267, 0.022891223430633545, 0.0010869967518374324, -1.0037122964859009]]","[[0.07855821400880814, 0.003892667591571808, 0.00791698694229126, -0.0016309083439409733, 0.034818023443222046, 0.0009691673330962658, -1.0009713172912598], [0.018499642610549927, -0.0006656907498836517, -0.007832441478967667, -0.0015332599868997931, 0.021498441696166992, 0.00020752819546032697, -1.00265634059906], [0.023996494710445404, -0.005915388464927673, 0.00250205397605896, -0.004193534143269062, 0.03038012981414795, 0.0008469974854961038, -1.0031826496124268], [0.004074722528457642, -0.0017349421977996826, -0.00833982601761818, -0.001728575094603002, 0.01703318953514099, 0.0006544560892507434, -1.0026004314422607], [0.0009025633335113525, 0.005207955837249756, -0.0008648447692394257, -0.0012575500877574086, 0.024879097938537598, 0.00026666323537938297, -1.0021036863327026], [0.012401528656482697, 0.003008432686328888, -0.001905597746372223, -0.00027204578509554267, 0.022891223430633545, 0.0010869967518374324, -1.0037122964859009]]","[0.0030369256662420687, -0.0009757499404558227, 0.001344349531392892, -0.0014651758768672103, -0.0004879315928802853, -0.001452417787431456]","[0.0030369256662420687, -0.0009757499404558227, 0.001344349531392892, -0.0014651758768672103, -0.0004879315928802853, -0.001452417787431456]","[0.2911871671676636, 0.2890967130661011, 0.2922143042087555, 0.2933778762817383, 0.2899726629257202, 0.28843846917152405]","[0.2911871671676636, 0.2890967130661011, 0.2922143042087555, 0.2933778762817383, 0.2899726629257202, 0.28843846917152405]",3.0,3.0,6.0,6.0,086dfebd71040c3b8512d9e9cc25151dd95fdc19d68b60a3a990f563924cfbbb,086dfebd71040c3b8512d9e9cc25151dd95fdc19d68b60a3a990f563924cfbbb,0.0,3.0,0.0,True,0.0,True,0.0,True,True,True,True
Object,frozen_closed_loop__Object,libero_object_object,9,8,5180388,"[[0.015698298811912537, -0.0021010078489780426, -0.0048546865582466125, -0.00047919873031787574, 0.021147072315216064, 0.0004825810610782355, -1.0031847953796387], [0.010689161717891693, 0.004137307405471802, -0.0016237422823905945, -0.0009097885340452194, 0.024439126253128052, 0.00025271670892834663, -1.0022034645080566], [0.026637911796569824, 0.0009059160947799683, -0.0008063390851020813, -0.0016059885965660214, 0.022539004683494568, 0.000936603348236531, -1.001755714416504], [0.062440596520900726, 0.009278766810894012, 0.0057184696197509766, -0.0020512156188488007, 0.03005222976207733, -0.00022247876040637493, -1.000622272491455], [0.003631487488746643, 0.0019843876361846924, 0.0008503720164299011, -0.0002826943527907133, 0.019873782992362976, 0.0007514648605138063, -1.0012820959091187], [0.13731054961681366, -0.0007309019565582275, 0.012899860739707947, -0.002924068132415414, 0.03693781793117523, -7.750536315143108e-05, -1.0043410062789917]]","[[0.015698298811912537, -0.0021010078489780426, -0.0048546865582466125, -0.00047919873031787574, 0.021147072315216064, 0.0004825810610782355, -1.0031847953796387], [0.010689161717891693, 0.004137307405471802, -0.0016237422823905945, -0.0009097885340452194, 0.024439126253128052, 0.00025271670892834663, -1.0022034645080566], [0.026637911796569824, 0.0009059160947799683, -0.0008063390851020813, -0.0016059885965660214, 0.022539004683494568, 0.000936603348236531, -1.001755714416504], [0.062440596520900726, 0.009278766810894012, 0.0057184696197509766, -0.0020512156188488007, 0.03005222976207733, -0.00022247876040637493, -1.000622272491455], [0.003631487488746643, 0.0019843876361846924, 0.0008503720164299011, -0.0002826943527907133, 0.019873782992362976, 0.0007514648605138063, -1.0012820959091187], [0.13731054961681366, -0.0007309019565582275, 0.012899860739707947, -0.002924068132415414, 0.03693781793117523, -7.750536315143108e-05, -1.0043410062789917]]","[-0.002957288853948919, -0.0008171208714625062, -0.0008361740569624337, 0.00032586705209141243, -0.001102880046691475, 0.005387596776974091]","[-0.002957288853948919, -0.0008171208714625062, -0.0008361740569624337, 0.00032586705209141243, -0.001102880046691475, 0.005387596776974091]","[0.29176318645477295, 0.29082152247428894, 0.28884586691856384, 0.2987745404243469, 0.2852587103843689, 0.2987826466560364]","[0.29176318645477295, 0.29082152247428894, 0.28884586691856384, 0.2987745404243469, 0.2852587103843689, 0.2987826466560364]",5.0,5.0,6.0,6.0,086dfebd71040c3b8512d9e9cc25151dd95fdc19d68b60a3a990f563924cfbbb,086dfebd71040c3b8512d9e9cc25151dd95fdc19d68b60a3a990f563924cfbbb,5.0,5.0,0.0,True,0.0,True,0.0,True,True,True,False
Object,frozen_closed_loop__Object,libero_object_object,9,8,5180485,"[[0.006413161754608154, 0.0008798763155937195, 0.002223663032054901, -0.0013084692182019353, 0.026914536952972412, 0.0011133475927636027, -1.0016553401947021], [0.010105110704898834, -0.0028629228472709656, -0.0054323673248291016, -0.0008868264267221093, 0.018042370676994324, 1.7564580048201606e-05, -1.0023505687713623], [0.01752890646457672, -0.003430042415857315, -0.003907531499862671, -0.0019175047054886818, 0.01717226207256317, -0.0005296108429320157, -1.0023688077926636], [0.00421229749917984, 0.0012481212615966797, -0.00804869458079338, -0.0013001442421227694, 0.024131163954734802, 0.00013682612916454673, -1.0021462440490723], [-0.0008809380233287811, -0.0008190236985683441, -0.004096124321222305, 2.8785218091798015e-05, 0.016267910599708557, 0.00039286501123569906, -1.0046747922897339], [0.07097471505403519, -0.01322094351053238, 0.010064542293548584, -0.0023523392155766487, 0.04128049314022064, 0.0008707924862392247, -0.9981322288513184]]","[[0.006413161754608154, 0.0008798763155937195, 0.002223663032054901, -0.0013084692182019353, 0.026914536952972412, 0.0011133475927636027, -1.0016553401947021], [0.010105110704898834, -0.0028629228472709656, -0.0054323673248291016, -0.0008868264267221093, 0.018042370676994324, 1.7564580048201606e-05, -1.0023505687713623], [0.01752890646457672, -0.003430042415857315, -0.003907531499862671, -0.0019175047054886818, 0.01717226207256317, -0.0005296108429320157, -1.0023688077926636], [0.00421229749917984, 0.0012481212615966797, -0.00804869458079338, -0.0013001442421227694, 0.024131163954734802, 0.00013682612916454673, -1.0021462440490723], [-0.0008809380233287811, -0.0008190236985683441, -0.004096124321222305, 2.8785218091798015e-05, 0.016267910599708557, 0.00039286501123569906, -1.0046747922897339], [0.07097471505403519, -0.01322094351053238, 0.010064542293548584, -0.0023523392155766487, 0.04128049314022064, 0.0008707924862392247, -0.9981322288513184]]","[-0.0005671625940449881, -0.00200642976300583, 0.0012420482688974997, 0.0011297384740148343, -0.001177802518972855, 0.0013796081331115429]","[-0.0005671625940449881, -0.00200642976300583, 0.0012420482688974997, 0.0011297384740148343, -0.001177802518972855, 0.0013796081331115429]","[0.2886173129081726, 0.2900325059890747, 0.29280877113342285, 0.29202064871788025, 0.2900262475013733, 0.28686630725860596]","[0.2886173129081726, 0.2900325059890747, 0.29280877113342285, 0.29202064871788025, 0.2900262475013733, 0.28686630725860596]",2.0,2.0,6.0,6.0,086dfebd71040c3b8512d9e9cc25151dd95fdc19d68b60a3a990f563924cfbbb,086dfebd71040c3b8512d9e9cc25151dd95fdc19d68b60a3a990f563924cfbbb,5.0,2.0,0.0,True,0.0,True,0.0,True,True,True,True
Object,frozen_closed_loop__Object,libero_object_object,9,8,5180582,"[[0.015385933220386505, 0.0016191601753234863, -0.005417335778474808, -0.001000520889647305, 0.018919095396995544, 0.0001202357088914141, -1.0037254095077515], [0.0029795989394187927, -0.0015576370060443878, -0.007816124707460403, -0.000831388053484261, 0.016467735171318054, 4.334252298576757e-05, -1.002310872077942], [0.014355741441249847, -0.002562403678894043, -0.002930872142314911, -0.00138198456261307, 0.026910066604614258, 0.0016017183661460876, -1.0016616582870483], [0.07555514574050903, 0.005113296210765839, 0.008196718990802765, -0.0013376520946621895, 0.027505606412887573, 0.0008875812054611742, -1.0025169849395752], [0.016929544508457184, -0.002960599958896637, -0.013606902211904526, -0.0013045720988884568, 0.020017459988594055, 0.00042562722228467464, -1.0030875205993652], [0.016566552221775055, -0.0036874227225780487, -0.0012974068522453308, -0.0014982038410380483, 0.02387005090713501, 0.0005933160427957773, -0.9984884262084961]]","[[0.015385933220386505, 0.0016191601753234863, -0.005417335778474808, -0.001000520889647305, 0.018919095396995544, 0.0001202357088914141, -1.0037254095077515], [0.0029795989394187927, -0.0015576370060443878, -0.007816124707460403, -0.000831388053484261, 0.016467735171318054, 4.334252298576757e-05, -1.002310872077942], [0.014355741441249847, -0.002562403678894043, -0.002930872142314911, -0.00138198456261307, 0.026910066604614258, 0.0016017183661460876, -1.0016616582870483], [0.07555514574050903, 0.005113296210765839, 0.008196718990802765, -0.0013376520946621895, 0.027505606412887573, 0.0008875812054611742, -1.0025169849395752], [0.016929544508457184, -0.002960599958896637, -0.013606902211904526, -0.0013045720988884568, 0.020017459988594055, 0.00042562722228467464, -1.0030875205993652], [0.016566552221775055, -0.0036874227225780487, -0.0012974068522453308, -0.0014982038410380483, 0.02387005090713501, 0.0005933160427957773, -0.9984884262084961]]","[-0.002359697283834319, 3.7508028821986804e-05, -8.440421822871803e-05, 0.0028667832964213856, -0.00030260438132090816, -0.00015758544185929106]","[-0.002359697283834319, 3.7508028821986804e-05, -8.440421822871803e-05, 0.0028667832964213856, -0.00030260438132090816, -0.00015758544185929106]","[0.2880912721157074, 0.2929510474205017, 0.28987425565719604, 0.28965258598327637, 0.2892872095108032, 0.2907731831073761]","[0.2880912721157074, 0.2929510474205017, 0.28987425565719604, 0.28965258598327637, 0.2892872095108032, 0.2907731831073761]",1.0,1.0,6.0,6.0,086dfebd71040c3b8512d9e9cc25151dd95fdc19d68b60a3a990f563924cfbbb,086dfebd71040c3b8512d9e9cc25151dd95fdc19d68b60a3a990f563924cfbbb,3.0,1.0,0.0,True,0.0,True,0.0,True,True,True,True
Object,frozen_closed_loop__Object,libero_object_object,9,8,5180679,"[[0.003254637122154236, 0.0012781843543052673, -0.005636662244796753, -0.0017539156833663583, 0.025900840759277344, 0.000334192649461329, -0.9993023872375488], [-0.0059051066637039185, 0.0015617161989212036, -0.008823852986097336, -0.0010318078566342592, 0.016441941261291504, 0.0012142780469730496, -1.0006930828094482], [-0.006696637719869614, 0.0035526975989341736, -0.00237341970205307, -0.0009452654048800468, 0.017005741596221924, 0.0006877250270918012, -0.9971221089363098], [-0.011265389621257782, -0.0005264393985271454, -0.018939916044473648, -0.0015250265132635832, 0.01913394033908844, 0.0004871638084296137, -1.001423954963684], [-0.0002516806125640869, 0.0008283555507659912, 0.0010561197996139526, -0.0007184803253039718, 0.02596503496170044, 0.00013883107749279588, -1.003949522972107], [0.008735284209251404, -0.0007051415741443634, -0.014756284654140472, -0.0014771262649446726, 0.01521804928779602, 0.00015138956950977445, -1.0012248754501343]]","[[0.003254637122154236, 0.0012781843543052673, -0.005636662244796753, -0.0017539156833663583, 0.025900840759277344, 0.000334192649461329, -0.9993023872375488], [-0.0059051066637039185, 0.0015617161989212036, -0.008823852986097336, -0.0010318078566342592, 0.016441941261291504, 0.0012142780469730496, -1.0006930828094482], [-0.006696637719869614, 0.0035526975989341736, -0.00237341970205307, -0.0009452654048800468, 0.017005741596221924, 0.0006877250270918012, -0.9971221089363098], [-0.011265389621257782, -0.0005264393985271454, -0.018939916044473648, -0.0015250265132635832, 0.01913394033908844, 0.0004871638084296137, -1.001423954963684], [-0.0002516806125640869, 0.0008283555507659912, 0.0010561197996139526, -0.0007184803253039718, 0.02596503496170044, 0.00013883107749279588, -1.003949522972107], [0.008735284209251404, -0.0007051415741443634, -0.014756284654140472, -0.0014771262649446726, 0.01521804928779602, 0.00015138956950977445, -1.0012248754501343]]","[0.0011426294729258585, -0.0014351839620346412, 0.002930717149105408, -0.002888661525632002, 0.0008729298169260184, -0.00062243095129046]","[0.0011426294729258585, -0.0014351839620346412, 0.002930717149105408, -0.002888661525632002, 0.0008729298169260184, -0.00062243095129046]","[0.2917634844779968, 0.2915712594985962, 0.2922576069831848, 0.29196634888648987, 0.2851417362689972, 0.29061049222946167]","[0.2917634844779968, 0.2915712594985962, 0.2922576069831848, 0.29196634888648987, 0.2851417362689972, 0.29061049222946167]",2.0,2.0,6.0,6.0,086dfebd71040c3b8512d9e9cc25151dd95fdc19d68b60a3a990f563924cfbbb,086dfebd71040c3b8512d9e9cc25151dd95fdc19d68b60a3a990f563924cfbbb,2.0,2.0,0.0,True,0.0,True,0.0,True,True,True,False
Object,frozen_closed_loop__Object,libero_object_object,9,8,5180776,"[[0.0009244680404663086, -0.00040495768189430237, -0.010503698140382767, -0.0009950867388397455, 0.018544524908065796, 0.00023863799287937582, -0.9998672008514404], [0.022927746176719666, 0.005974955856800079, -8.320435881614685e-05, -0.0019297268008813262, 0.024753481149673462, 0.00032987428130581975, -1.0030207633972168], [0.13193964958190918, 0.014035664498806, 0.013963021337985992, -0.0024953631218522787, 0.03569202125072479, -0.0006823176518082619, -1.0055307149887085], [0.014114342629909515, 0.002272501587867737, -0.006384160369634628, -0.0002619278384372592, 0.021023869514465332, 0.000476676388643682, -1.002258539199829], [-0.006697420030832291, 0.0006166845560073853, -0.015780888497829437, -0.000683131511323154, 0.017247408628463745, 0.0008108422625809908, -1.0043365955352783], [0.010910332202911377, 0.0018855929374694824, -0.0044259801506996155, -0.0011340852361172438, 0.017851486802101135, 0.0007474549347534776, -1.0036802291870117]]","[[0.0009244680404663086, -0.00040495768189430237, -0.010503698140382767, -0.0009950867388397455, 0.018544524908065796, 0.00023863799287937582, -0.9998672008514404], [0.022927746176719666, 0.005974955856800079, -8.320435881614685e-05, -0.0019297268008813262, 0.024753481149673462, 0.00032987428130581975, -1.0030207633972168], [0.13193964958190918, 0.014035664498806, 0.013963021337985992, -0.0024953631218522787, 0.03569202125072479, -0.0006823176518082619, -1.0055307149887085], [0.014114342629909515, 0.002272501587867737, -0.006384160369634628, -0.0002619278384372592, 0.021023869514465332, 0.000476676388643682, -1.002258539199829], [-0.006697420030832291, 0.0006166845560073853, -0.015780888497829437, -0.000683131511323154, 0.017247408628463745, 0.0008108422625809908, -1.0043365955352783], [0.010910332202911377, 0.0018855929374694824, -0.0044259801506996155, -0.0011340852361172438, 0.017851486802101135, 0.0007474549347534776, -1.0036802291870117]]","[-4.0348636410702946e-05, -0.000775856334507616, 0.003814021941053786, -0.0022727460342464095, -0.0022655146864070065, 0.0015404437505181013]","[-4.0348636410702946e-05, -0.000775856334507616, 0.003814021941053786, -0.0022727460342464095, -0.0022655146864070065, 0.0015404437505181013]","[0.29173189401626587, 0.29181742668151855, 0.304853618144989, 0.28689610958099365, 0.2905508279800415, 0.291525274515152]","[0.29173189401626587, 0.29181742668151855, 0.304853618144989, 0.28689610958099365, 0.2905508279800415, 0.291525274515152]",2.0,2.0,6.0,6.0,086dfebd71040c3b8512d9e9cc25151dd95fdc19d68b60a3a990f563924cfbbb,086dfebd71040c3b8512d9e9cc25151dd95fdc19d68b60a3a990f563924cfbbb,2.0,2.0,0.0,True,0.0,True,0.0,True,True,True,False
Object,frozen_closed_loop__Object,libero_object_object,9,8,5180873,"[[0.004125349223613739, 0.004308633506298065, -0.0005449913442134857, -0.001984030706807971, 0.021827414631843567, 8.654811972519383e-05, -0.9966880679130554], [0.0064373016357421875, -0.0013782083988189697, -0.001649279147386551, -0.0009973921114578843, 0.019796088337898254, 0.0004625315486919135, -1.0002223253250122], [0.007097683846950531, 0.0014251470565795898, -0.00802142545580864, -0.00046703158295713365, 0.019278421998023987, 0.0010226400336250663, -1.0031951665878296], [-0.00924713909626007, -0.00026481226086616516, -0.01558944582939148, -0.0007744859321974218, 0.012553051114082336, 0.0007935908506624401, -1.002038836479187], [0.006244741380214691, -0.0027313828468322754, -0.0014081038534641266, -0.0006190754938870668, 0.024025127291679382, 0.0014853872125968337, -1.0016770362854004], [0.022018812596797943, 0.0001842901110649109, 0.0002719089388847351, -0.0023392755538225174, 0.024530544877052307, 0.00022647608420811594, -1.0007070302963257]]","[[0.004125349223613739, 0.004308633506298065, -0.0005449913442134857, -0.001984030706807971, 0.021827414631843567, 8.654811972519383e-05, -0.9966880679130554], [0.0064373016357421875, -0.0013782083988189697, -0.001649279147386551, -0.0009973921114578843, 0.019796088337898254, 0.0004625315486919135, -1.0002223253250122], [0.007097683846950531, 0.0014251470565795898, -0.00802142545580864, -0.00046703158295713365, 0.019278421998023987, 0.0010226400336250663, -1.0031951665878296], [-0.00924713909626007, -0.00026481226086616516, -0.01558944582939148, -0.0007744859321974218, 0.012553051114082336, 0.0007935908506624401, -1.002038836479187], [0.006244741380214691, -0.0027313828468322754, -0.0014081038534641266, -0.0006190754938870668, 0.024025127291679382, 0.0014853872125968337, -1.0016770362854004], [0.022018812596797943, 0.0001842901110649109, 0.0002719089388847351, -0.0023392755538225174, 0.024530544877052307, 0.00022647608420811594, -1.0007070302963257]]","[0.00023298200966885292, 0.0007326600791188377, -0.001665707021188139, 0.0004393081441881764, -0.0015426187662763494, 0.001803375554488813]","[0.00023298200966885292, 0.0007326600791188377, -0.001665707021188139, 0.0004393081441881764, -0.0015426187662763494, 0.001803375554488813]","[0.2941940128803253, 0.2952181100845337, 0.28852471709251404, 0.29204756021499634, 0.28797850012779236, 0.28993624448776245]","[0.2941940128803253, 0.2952181100845337, 0.28852471709251404, 0.29204756021499634, 0.28797850012779236, 0.28993624448776245]",1.0,1.0,6.0,6.0,086dfebd71040c3b8512d9e9cc25151dd95fdc19d68b60a3a990f563924cfbbb,086dfebd71040c3b8512d9e9cc25151dd95fdc19d68b60a3a990f563924cfbbb,5.0,1.0,0.0,True,0.0,True,0.0,True,True,True,True
Object,frozen_closed_loop__Object,libero_object_object,9,8,5180970,"[[-0.002639349550008774, -0.0004466436803340912, -0.008854474872350693, -0.00013288263289723545, 0.016431480646133423, 0.00023110289475880563, -1.0010532140731812], [-0.008994676172733307, 0.003862045705318451, -0.007587019354104996, -0.0021463206503540277, 0.023601919412612915, -0.0002496447414159775, -1.0010387897491455], [0.04286494106054306, 0.0006361305713653564, 0.0014881789684295654, -0.001928372890688479, 0.024155840277671814, 0.00016469715046696365, -1.0033493041992188], [0.03470119088888168, -0.001746341586112976, 0.0010961294174194336, -0.0007648802711628377, 0.024243369698524475, 0.002162664197385311, -1.00115966796875], [0.014494545757770538, -0.002318434417247772, -0.006323307752609253, -0.0004340246960055083, 0.021557942032814026, 0.0006215836619958282, -1.0045362710952759], [0.006830357015132904, 0.0028184428811073303, -0.005247239023447037, -0.0007291837828233838, 0.02134653925895691, 0.00025703507708385587, -1.0023317337036133]]","[[-0.002639349550008774, -0.0004466436803340912, -0.008854474872350693, -0.00013288263289723545, 0.016431480646133423, 0.00023110289475880563, -1.0010532140731812], [-0.008994676172733307, 0.003862045705318451, -0.007587019354104996, -0.0021463206503540277, 0.023601919412612915, -0.0002496447414159775, -1.0010387897491455], [0.04286494106054306, 0.0006361305713653564, 0.0014881789684295654, -0.001928372890688479, 0.024155840277671814, 0.00016469715046696365, -1.0033493041992188], [0.03470119088888168, -0.001746341586112976, 0.0010961294174194336, -0.0007648802711628377, 0.024243369698524475, 0.002162664197385311, -1.00115966796875], [0.014494545757770538, -0.002318434417247772, -0.006323307752609253, -0.0004340246960055083, 0.021557942032814026, 0.0006215836619958282, -1.0045362710952759], [0.006830357015132904, 0.0028184428811073303, -0.005247239023447037, -0.0007291837828233838, 0.02134653925895691, 0.00025703507708385587, -1.0023317337036133]]","[-0.001816815066058728, 0.00020965934636560051, 0.0019886666177225077, 0.00176911506439518, -9.975542107472759e-05, -0.0020508705413496563]","[-0.001816815066058728, 0.00020965934636560051, 0.0019886666177225077, 0.00176911506439518, -9.975542107472759e-05, -0.0020508705413496563]","[0.28953638672828674, 0.2947232723236084, 0.2894824147224426, 0.2891162037849426, 0.288862943649292, 0.29242998361587524]","[0.28953638672828674, 0.2947232723236084, 0.2894824147224426, 0.2891162037849426, 0.288862943649292, 0.29242998361587524]",1.0,1.0,6.0,6.0,086dfebd71040c3b8512d9e9cc25151dd95fdc19d68b60a3a990f563924cfbbb,086dfebd71040c3b8512d9e9cc25151dd95fdc19d68b60a3a990f563924cfbbb,2.0,1.0,0.0,True,0.0,True,0.0,True,True,True,True
Object,frozen_closed_loop__Object,libero_object_object,9,8,5181067,"[[0.00729292631149292, 6.057322025299072e-05, -0.011471584439277649, -0.002758832648396492, 0.020322516560554504, -4.399403042043559e-05, -1.0026212930679321], [0.01162402331829071, -0.002905000001192093, 0.0006451830267906189, -0.0013201789697632194, 0.02343231439590454, 1.0866720913327299e-05, -1.0013809204101562], [0.029906295239925385, 0.0012132525444030762, 0.0005638226866722107, -0.001809573732316494, 0.02507127821445465, -6.521126488223672e-05, -0.9973410367965698], [-0.010698158293962479, 0.0017872452735900879, -0.011938400566577911, -2.879386011045426e-05, 0.01275014877319336, 0.0008808833663351834, -0.9981027245521545], [0.0031756237149238586, 0.0008070096373558044, -0.00558905303478241, -0.0013761845184490085, 0.016917765140533447, 0.00038751112879253924, -1.0013328790664673], [0.004302822053432465, -0.003321915864944458, -0.0066708773374557495, -0.0009887013584375381, 0.019299834966659546, -1.1936845112359151e-05, -1.0021520853042603]]","[[0.00729292631149292, 6.057322025299072e-05, -0.011471584439277649, -0.002758832648396492, 0.020322516560554504, -4.399403042043559e-05, -1.0026212930679321], [0.01162402331829071, -0.002905000001192093, 0.0006451830267906189, -0.0013201789697632194, 0.02343231439590454, 1.0866720913327299e-05, -1.0013809204101562], [0.029906295239925385, 0.0012132525444030762, 0.0005638226866722107, -0.001809573732316494, 0.02507127821445465, -6.521126488223672e-05, -0.9973410367965698], [-0.010698158293962479, 0.0017872452735900879, -0.011938400566577911, -2.879386011045426e-05, 0.01275014877319336, 0.0008808833663351834, -0.9981027245521545], [0.0031756237149238586, 0.0008070096373558044, -0.00558905303478241, -0.0013761845184490085, 0.016917765140533447, 0.00038751112879253924, -1.0013328790664673], [0.004302822053432465, -0.003321915864944458, -0.0066708773374557495, -0.0009887013584375381, 0.019299834966659546, -1.1936845112359151e-05, -1.0021520853042603]]","[-0.0007793245341149932, -0.0008455375615279137, 0.002843254293684542, -0.001313489345236475, -0.0009464329748251169, 0.001041530122020115]","[-0.0007793245341149932, -0.0008455375615279137, 0.002843254293684542, -0.001313489345236475, -0.0009464329748251169, 0.001041530122020115]","[0.2916669249534607, 0.28852370381355286, 0.29468321800231934, 0.29213663935661316, 0.28854477405548096, 0.29186081886291504]","[0.2916669249534607, 0.28852370381355286, 0.29468321800231934, 0.29213663935661316, 0.28854477405548096, 0.29186081886291504]",2.0,2.0,6.0,6.0,086dfebd71040c3b8512d9e9cc25151dd95fdc19d68b60a3a990f563924cfbbb,086dfebd71040c3b8512d9e9cc25151dd95fdc19d68b60a3a990f563924cfbbb,2.0,2.0,0.0,True,0.0,True,0.0,True,True,True,False
Object,frozen_closed_loop__Object,libero_object_object,9,9,5190000,"[[0.025926008820533752, -0.009139124304056168, -0.06572563201189041, -0.002080855891108513, 0.007581666111946106, -0.003432427765801549, -1.0010838508605957], [0.024871453642845154, -0.011413190513849258, -0.05712876096367836, -0.0014461686369031668, 0.0036133378744125366, -0.002648866269737482, -1.0013911724090576], [0.02855435013771057, -0.010321028530597687, -0.0761975347995758, -0.00018290526350028813, 0.0024097859859466553, -0.0029008511919528246, -0.999843418598175], [0.011557415127754211, -0.011699851602315903, -0.06850495934486389, -0.001490171765908599, 0.004730343818664551, -0.002233576960861683, -0.9979709386825562], [0.013513527810573578, -0.006625223904848099, -0.05636757239699364, -0.002580642933025956, 0.0032392144203186035, -0.0034092715941369534, -0.9994381070137024], [0.014896988868713379, -0.01744871959090233, -0.0641551986336708, -0.0013896141899749637, 0.0018562227487564087, -0.0030551443342119455, -0.9962561130523682]]","[[0.025926008820533752, -0.009139124304056168, -0.06572563201189041, -0.002080855891108513, 0.007581666111946106, -0.003432427765801549, -1.0010838508605957], [0.024871453642845154, -0.011413190513849258, -0.05712876096367836, -0.0014461686369031668, 0.0036133378744125366, -0.002648866269737482, -1.0013911724090576], [0.02855435013771057, -0.010321028530597687, -0.0761975347995758, -0.00018290526350028813, 0.0024097859859466553, -0.0029008511919528246, -0.999843418598175], [0.011557415127754211, -0.011699851602315903, -0.06850495934486389, -0.001490171765908599, 0.004730343818664551, -0.002233576960861683, -0.9979709386825562], [0.013513527810573578, -0.006625223904848099, -0.05636757239699364, -0.002580642933025956, 0.0032392144203186035, -0.0034092715941369534, -0.9994381070137024], [0.014896988868713379, -0.01744871959090233, -0.0641551986336708, -0.0013896141899749637, 0.0018562227487564087, -0.0030551443342119455, -0.9962561130523682]]","[-0.0003889553133268254, -3.002201252963894e-05, 0.0028756149956967853, -0.00019953075952536942, -0.0008641378475596675, -0.0013929690627551717]","[-0.0003889553133268254, -3.002201252963894e-05, 0.0028756149956967853, -0.00019953075952536942, -0.0008641378475596675, -0.0013929690627551717]","[0.3086462616920471, 0.3063916265964508, 0.31099045276641846, 0.3104582130908966, 0.3082313537597656, 0.30987364053726196]","[0.3086462616920471, 0.3063916265964508, 0.31099045276641846, 0.3104582130908966, 0.3082313537597656, 0.30987364053726196]",2.0,2.0,6.0,6.0,086dfebd71040c3b8512d9e9cc25151dd95fdc19d68b60a3a990f563924cfbbb,086dfebd71040c3b8512d9e9cc25151dd95fdc19d68b60a3a990f563924cfbbb,2.0,2.0,0.0,True,0.0,True,0.0,True,True,True,False
Object,frozen_closed_loop__Object,libero_object_object,9,9,5190097,"[[0.0160202756524086, -0.0122053362429142, -0.05663987249135971, -0.001818923163227737, 0.008002504706382751, -0.0030437095556408167, -0.9978463053703308], [0.0018401071429252625, -0.01069268211722374, -0.06347911059856415, -0.0014584272867068648, 0.003832787275314331, -0.003824494779109955, -0.9942317008972168], [0.016981177031993866, -0.008748024702072144, -0.0711299479007721, -0.0006674331380054355, 0.0036269724369049072, -0.002638048492372036, -1.0022739171981812], [0.015928298234939575, -0.009825155138969421, -0.07415318489074707, -0.0015961267054080963, 0.00670015811920166, -0.002668276894837618, -0.9992387294769287], [0.005166828632354736, -0.009708646684885025, -0.06753897666931152, -0.002644442953169346, 0.00129014253616333, -0.0017660708399489522, -0.995941698551178], [0.03212001174688339, -0.007815510034561157, -0.06101265549659729, -0.000755256274715066, 0.004482105374336243, -0.002251401310786605, -0.999205470085144]]","[[0.0160202756524086, -0.0122053362429142, -0.05663987249135971, -0.001818923163227737, 0.008002504706382751, -0.0030437095556408167, -0.9978463053703308], [0.0018401071429252625, -0.01069268211722374, -0.06347911059856415, -0.0014584272867068648, 0.003832787275314331, -0.003824494779109955, -0.9942317008972168], [0.016981177031993866, -0.008748024702072144, -0.0711299479007721, -0.0006674331380054355, 0.0036269724369049072, -0.002638048492372036, -1.0022739171981812], [0.015928298234939575, -0.009825155138969421, -0.07415318489074707, -0.0015961267054080963, 0.00670015811920166, -0.002668276894837618, -0.9992387294769287], [0.005166828632354736, -0.009708646684885025, -0.06753897666931152, -0.002644442953169346, 0.00129014253616333, -0.0017660708399489522, -0.995941698551178], [0.03212001174688339, -0.007815510034561157, -0.06101265549659729, -0.000755256274715066, 0.004482105374336243, -0.002251401310786605, -0.999205470085144]]","[0.0013046874011553987, -0.0025386707288772635, 0.00415073863377936, -0.0014329423968366475, -0.002974968909186312, 0.0014911559999657032]","[0.0013046874011553987, -0.0025386707288772635, 0.00415073863377936, -0.0014329423968366475, -0.002974968909186312, 0.0014911559999657032]","[0.31066346168518066, 0.3077388107776642, 0.3094606399536133, 0.3089617192745209, 0.3093074858188629, 0.3100113272666931]","[0.31066346168518066, 0.3077388107776642, 0.3094606399536133, 0.3089617192745209, 0.3093074858188629, 0.3100113272666931]",0.0,0.0,6.0,6.0,086dfebd71040c3b8512d9e9cc25151dd95fdc19d68b60a3a990f563924cfbbb,086dfebd71040c3b8512d9e9cc25151dd95fdc19d68b60a3a990f563924cfbbb,2.0,0.0,0.0,True,0.0,True,0.0,True,True,True,True
Object,frozen_closed_loop__Object,libero_object_object,9,9,5190194,"[[0.021581165492534637, -0.013418812304735184, -0.06404545158147812, -0.0007513042655773461, 0.0040678828954696655, -0.0016791969537734985, -0.9976480603218079], [0.005775578320026398, -0.010175183415412903, -0.0683583915233612, -0.000733282184228301, -0.0006971508264541626, -0.002434336580336094, -0.9963622093200684], [0.018520765006542206, -0.010602548718452454, -0.05733394995331764, -0.0006495940033346415, 0.004789218306541443, -0.0031703519634902477, -1.0002292394638062], [0.015586093068122864, -0.008709132671356201, -0.06953062117099762, -0.0017329113325104117, 0.005774885416030884, -0.0033811142202466726, -1.0000861883163452], [0.030754879117012024, -0.011874809861183167, -0.06974548101425171, -0.002012006239965558, 0.0014496445655822754, -0.005136460065841675, -0.9978459477424622], [0.014814287424087524, -0.009832195937633514, -0.06169287487864494, -0.0012563790660351515, 0.0033194124698638916, -0.0014099166728556156, -1.000301480293274]]","[[0.021581165492534637, -0.013418812304735184, -0.06404545158147812, -0.0007513042655773461, 0.0040678828954696655, -0.0016791969537734985, -0.9976480603218079], [0.005775578320026398, -0.010175183415412903, -0.0683583915233612, -0.000733282184228301, -0.0006971508264541626, -0.002434336580336094, -0.9963622093200684], [0.018520765006542206, -0.010602548718452454, -0.05733394995331764, -0.0006495940033346415, 0.004789218306541443, -0.0031703519634902477, -1.0002292394638062], [0.015586093068122864, -0.008709132671356201, -0.06953062117099762, -0.0017329113325104117, 0.005774885416030884, -0.0033811142202466726, -1.0000861883163452], [0.030754879117012024, -0.011874809861183167, -0.06974548101425171, -0.002012006239965558, 0.0014496445655822754, -0.005136460065841675, -0.9978459477424622], [0.014814287424087524, -0.009832195937633514, -0.06169287487864494, -0.0012563790660351515, 0.0033194124698638916, -0.0014099166728556156, -1.000301480293274]]","[0.00028664325840396636, -0.0036387140435641106, -0.0030074266032112445, 0.0010734724208228677, 0.003050147986325541, 0.002235876981223103]","[0.00028664325840396636, -0.0036387140435641106, -0.0030074266032112445, 0.0010734724208228677, 0.003050147986325541, 0.002235876981223103]","[0.31049972772598267, 0.30789071321487427, 0.30713939666748047, 0.3075482249259949, 0.3087615966796875, 0.310263454914093]","[0.31049972772598267, 0.30789071321487427, 0.30713939666748047, 0.3075482249259949, 0.3087615966796875, 0.310263454914093]",0.0,0.0,6.0,6.0,086dfebd71040c3b8512d9e9cc25151dd95fdc19d68b60a3a990f563924cfbbb,086dfebd71040c3b8512d9e9cc25151dd95fdc19d68b60a3a990f563924cfbbb,4.0,0.0,0.0,True,0.0,True,0.0,True,True,True,True
Object,frozen_closed_loop__Object,libero_object_object,9,9,5190291,"[[0.014825798571109772, -0.013799238950014114, -0.07479283958673477, -0.0009829195914790034, 0.003849327564239502, -0.0017820884240791202, -0.9995836019515991], [0.006306096911430359, -0.009298939257860184, -0.07919937372207642, -0.0007379844319075346, 0.0025341957807540894, -0.003153078490868211, -0.9955894351005554], [0.029029883444309235, -0.005650687962770462, -0.05892354995012283, -0.0014473944902420044, 0.010393515229225159, -0.002580852247774601, -1.0001068115234375], [0.019922778010368347, -0.012134145945310593, -0.05809027701616287, -0.0011896883370354772, 0.006340518593788147, -0.002222340553998947, -0.999354898929596], [0.022800900042057037, -0.016268547624349594, -0.06723777949810028, -0.001117764855735004, 0.005972608923912048, -0.003118024906143546, -0.9990930557250977], [0.01984577625989914, -0.011031199246644974, -0.0661640614271164, -0.0013161353999748826, 0.005675822496414185, -0.004073703661561012, -0.9964975118637085]]","[[0.014825798571109772, -0.013799238950014114, -0.07479283958673477, -0.0009829195914790034, 0.003849327564239502, -0.0017820884240791202, -0.9995836019515991], [0.006306096911430359, -0.009298939257860184, -0.07919937372207642, -0.0007379844319075346, 0.0025341957807540894, -0.003153078490868211, -0.9955894351005554], [0.029029883444309235, -0.005650687962770462, -0.05892354995012283, -0.0014473944902420044, 0.010393515229225159, -0.002580852247774601, -1.0001068115234375], [0.019922778010368347, -0.012134145945310593, -0.05809027701616287, -0.0011896883370354772, 0.006340518593788147, -0.002222340553998947, -0.999354898929596], [0.022800900042057037, -0.016268547624349594, -0.06723777949810028, -0.001117764855735004, 0.005972608923912048, -0.003118024906143546, -0.9990930557250977], [0.01984577625989914, -0.011031199246644974, -0.0661640614271164, -0.0013161353999748826, 0.005675822496414185, -0.004073703661561012, -0.9964975118637085]]","[-0.00041017803786520715, -0.00311956275482958, 0.0036395462037814557, -0.0028150004069425437, 0.001980028954092207, 0.0007251660417638603]","[-0.00041017803786520715, -0.00311956275482958, 0.0036395462037814557, -0.0028150004069425437, 0.001980028954092207, 0.0007251660417638603]","[0.30905023217201233, 0.30883294343948364, 0.30971091985702515, 0.3077731132507324, 0.30990779399871826, 0.309054434299469]","[0.30905023217201233, 0.30883294343948364, 0.30971091985702515, 0.3077731132507324, 0.30990779399871826, 0.309054434299469]",4.0,4.0,6.0,6.0,086dfebd71040c3b8512d9e9cc25151dd95fdc19d68b60a3a990f563924cfbbb,086dfebd71040c3b8512d9e9cc25151dd95fdc19d68b60a3a990f563924cfbbb,2.0,4.0,0.0,True,0.0,True,0.0,True,True,True,True
Object,frozen_closed_loop__Object,libero_object_object,9,9,5190388,"[[0.010079964995384216, -0.013697594404220581, -0.06454339623451233, -0.0009595549781806767, 0.003492996096611023, -0.004161172546446323, -0.9968403577804565], [0.011131279170513153, -0.009920317679643631, -0.06370760500431061, -0.0017844343092292547, 0.002093017101287842, -0.002567522693425417, -0.997700035572052], [0.016606785356998444, -0.01264963299036026, -0.0749610960483551, -0.0018249975983053446, 0.001854032278060913, -0.0026058810763061047, -0.9966273307800293], [0.026594549417495728, -0.007837805896997452, -0.07102751731872559, -0.0008630409720353782, 0.008123740553855896, -0.003381312359124422, -1.0015554428100586], [0.01012120395898819, -0.010713860392570496, -0.06918825209140778, -0.0014061175752431154, 0.004633292555809021, -0.002465049736201763, -0.9977277517318726], [0.03800254315137863, -0.010238494724035263, -0.0635131448507309, -0.0005525677115656435, 0.011216863989830017, -0.003404931165277958, -1.0011180639266968]]","[[0.010079964995384216, -0.013697594404220581, -0.06454339623451233, -0.0009595549781806767, 0.003492996096611023, -0.004161172546446323, -0.9968403577804565], [0.011131279170513153, -0.009920317679643631, -0.06370760500431061, -0.0017844343092292547, 0.002093017101287842, -0.002567522693425417, -0.997700035572052], [0.016606785356998444, -0.01264963299036026, -0.0749610960483551, -0.0018249975983053446, 0.001854032278060913, -0.0026058810763061047, -0.9966273307800293], [0.026594549417495728, -0.007837805896997452, -0.07102751731872559, -0.0008630409720353782, 0.008123740553855896, -0.003381312359124422, -1.0015554428100586], [0.01012120395898819, -0.010713860392570496, -0.06918825209140778, -0.0014061175752431154, 0.004633292555809021, -0.002465049736201763, -0.9977277517318726], [0.03800254315137863, -0.010238494724035263, -0.0635131448507309, -0.0005525677115656435, 0.011216863989830017, -0.003404931165277958, -1.0011180639266968]]","[-0.0010091404656088604, -0.0013460829402895795, 0.0009297158680865307, 0.0013973694305938296, -0.0021795965964145044, 0.0022077347036328185]","[-0.0010091404656088604, -0.0013460829402895795, 0.0009297158680865307, 0.0013973694305938296, -0.0021795965964145044, 0.0022077347036328185]","[0.3098284602165222, 0.3099640905857086, 0.3082650899887085, 0.31032848358154297, 0.30862295627593994, 0.3097144365310669]","[0.3098284602165222, 0.3099640905857086, 0.3082650899887085, 0.31032848358154297, 0.30862295627593994, 0.3097144365310669]",3.0,3.0,6.0,6.0,086dfebd71040c3b8512d9e9cc25151dd95fdc19d68b60a3a990f563924cfbbb,086dfebd71040c3b8512d9e9cc25151dd95fdc19d68b60a3a990f563924cfbbb,5.0,3.0,0.0,True,0.0,True,0.0,True,True,True,True
Object,frozen_closed_loop__Object,libero_object_object,9,9,5190485,"[[0.008323900401592255, -0.013925023376941681, -0.05483977496623993, -0.0019859885796904564, -0.0004488900303840637, -0.0031317512039095163, -0.9957796931266785], [0.01616779714822769, -0.01119755208492279, -0.06995737552642822, -0.0005690345424227417, 0.003617227077484131, -0.0020568768959492445, -1.0011227130889893], [0.009708143770694733, -0.00842386856675148, -0.058421697467565536, -0.0005947960307821631, 0.0030873119831085205, -0.001648990553803742, -0.9970864057540894], [0.009651929140090942, -0.01436205580830574, -0.06641165912151337, -0.0009678798960521817, 0.0077071040868759155, -0.002602245658636093, -0.9967896342277527], [0.008064284920692444, -0.013758838176727295, -0.06457188725471497, -0.0015779216773808002, 0.005876138806343079, -0.0031592475716024637, -0.9955456256866455], [0.015297532081604004, -0.013463348150253296, -0.06303676962852478, -0.0011311761336401105, 0.0026447921991348267, -0.0020418288186192513, -0.9991093277931213]]","[[0.008323900401592255, -0.013925023376941681, -0.05483977496623993, -0.0019859885796904564, -0.0004488900303840637, -0.0031317512039095163, -0.9957796931266785], [0.01616779714822769, -0.01119755208492279, -0.06995737552642822, -0.0005690345424227417, 0.003617227077484131, -0.0020568768959492445, -1.0011227130889893], [0.009708143770694733, -0.00842386856675148, -0.058421697467565536, -0.0005947960307821631, 0.0030873119831085205, -0.001648990553803742, -0.9970864057540894], [0.009651929140090942, -0.01436205580830574, -0.06641165912151337, -0.0009678798960521817, 0.0077071040868759155, -0.002602245658636093, -0.9967896342277527], [0.008064284920692444, -0.013758838176727295, -0.06457188725471497, -0.0015779216773808002, 0.005876138806343079, -0.0031592475716024637, -0.9955456256866455], [0.015297532081604004, -0.013463348150253296, -0.06303676962852478, -0.0011311761336401105, 0.0026447921991348267, -0.0020418288186192513, -0.9991093277931213]]","[0.004594394631940662, 5.9920595587096876e-05, -0.0014007852709615643, -0.0030360539969865566, -0.0018314135737777684, 0.0016139376141982046]","[0.004594394631940662, 5.9920595587096876e-05, -0.0014007852709615643, -0.0030360539969865566, -0.0018314135737777684, 0.0016139376141982046]","[0.3081568479537964, 0.30746376514434814, 0.3072401285171509, 0.3091162443161011, 0.30719220638275146, 0.3082318902015686]","[0.3081568479537964, 0.30746376514434814, 0.3072401285171509, 0.3091162443161011, 0.30719220638275146, 0.3082318902015686]",3.0,3.0,6.0,6.0,086dfebd71040c3b8512d9e9cc25151dd95fdc19d68b60a3a990f563924cfbbb,086dfebd71040c3b8512d9e9cc25151dd95fdc19d68b60a3a990f563924cfbbb,0.0,3.0,0.0,True,0.0,True,0.0,True,True,True,True
Object,frozen_closed_loop__Object,libero_object_object,9,9,5190582,"[[0.007364004850387573, -0.015140287578105927, -0.07322676479816437, -0.0007919041672721505, 0.004997357726097107, -0.00163414073176682, -0.9983565807342529], [0.04144113510847092, -0.013524368405342102, -0.0666877031326294, -0.0016899146139621735, 0.004555597901344299, -0.0041108280420303345, -1.0008617639541626], [0.020699836313724518, -0.011582784354686737, -0.06519226729869843, -0.0012706685811281204, 0.0029438138008117676, -0.0025736475363373756, -0.9988869428634644], [0.008301995694637299, -0.01214928925037384, -0.06924111396074295, -0.0005176214035600424, 0.005980163812637329, -0.002480252180248499, -0.9949232339859009], [0.014748908579349518, -0.009627845138311386, -0.06449058651924133, -0.0007039529155008495, 0.004690513014793396, -0.0025072197895497084, -1.0003446340560913], [1.4416873455047607e-05, -0.007485765963792801, -0.06319546699523926, -0.0014795414172112942, 0.0019057095050811768, -0.0034951979760080576, -0.9972754120826721]]","[[0.007364004850387573, -0.015140287578105927, -0.07322676479816437, -0.0007919041672721505, 0.004997357726097107, -0.00163414073176682, -0.9983565807342529], [0.04144113510847092, -0.013524368405342102, -0.0666877031326294, -0.0016899146139621735, 0.004555597901344299, -0.0041108280420303345, -1.0008617639541626], [0.020699836313724518, -0.011582784354686737, -0.06519226729869843, -0.0012706685811281204, 0.0029438138008117676, -0.0025736475363373756, -0.9988869428634644], [0.008301995694637299, -0.01214928925037384, -0.06924111396074295, -0.0005176214035600424, 0.005980163812637329, -0.002480252180248499, -0.9949232339859009], [0.014748908579349518, -0.009627845138311386, -0.06449058651924133, -0.0007039529155008495, 0.004690513014793396, -0.0025072197895497084, -1.0003446340560913], [1.4416873455047607e-05, -0.007485765963792801, -0.06319546699523926, -0.0014795414172112942, 0.0019057095050811768, -0.0034951979760080576, -0.9972754120826721]]","[0.00021726000876000695, 0.0035120609271641727, -0.0021189660311696206, -0.0030567055058228886, -0.0003006368914870172, 0.0017469874925554664]","[0.00021726000876000695, 0.0035120609271641727, -0.0021189660311696206, -0.0030567055058228886, -0.0003006368914870172, 0.0017469874925554664]","[0.30934494733810425, 0.30958446860313416, 0.3089979290962219, 0.30832844972610474, 0.30908799171447754, 0.31026196479797363]","[0.30934494733810425, 0.30958446860313416, 0.3089979290962219, 0.30832844972610474, 0.30908799171447754, 0.31026196479797363]",5.0,5.0,6.0,6.0,086dfebd71040c3b8512d9e9cc25151dd95fdc19d68b60a3a990f563924cfbbb,086dfebd71040c3b8512d9e9cc25151dd95fdc19d68b60a3a990f563924cfbbb,1.0,5.0,0.0,True,0.0,True,0.0,True,True,True,True
Object,frozen_closed_loop__Object,libero_object_object,9,9,5190679,"[[0.019991286098957062, -0.01082422211766243, -0.06748868525028229, -0.0013474224833771586, 0.001863330602645874, -0.0026475663762539625, -0.9985477328300476], [0.021197721362113953, -0.005132295191287994, -0.057881902903318405, -0.0016109102871268988, 0.006048336625099182, -0.003256829222664237, -0.9994419813156128], [0.020034871995449066, -0.006683282554149628, -0.06686350703239441, -0.0013376155402511358, 0.00578346848487854, -0.003364832140505314, -0.998600959777832], [0.014202743768692017, -0.011652130633592606, -0.07220657169818878, -0.0014836947666481137, 0.0034071654081344604, -0.004382488317787647, -1.0004249811172485], [-0.0061622075736522675, -0.0069421157240867615, -0.07044011354446411, -0.0008697009179741144, 0.004751533269882202, -0.00206588814035058, -0.9953147768974304], [0.021585971117019653, -0.013236980885267258, -0.057478342205286026, -0.0008983532316051424, 0.004715368151664734, -0.003920732531696558, -1.0010011196136475]]","[[0.019991286098957062, -0.01082422211766243, -0.06748868525028229, -0.0013474224833771586, 0.001863330602645874, -0.0026475663762539625, -0.9985477328300476], [0.021197721362113953, -0.005132295191287994, -0.057881902903318405, -0.0016109102871268988, 0.006048336625099182, -0.003256829222664237, -0.9994419813156128], [0.020034871995449066, -0.006683282554149628, -0.06686350703239441, -0.0013376155402511358, 0.00578346848487854, -0.003364832140505314, -0.998600959777832], [0.014202743768692017, -0.011652130633592606, -0.07220657169818878, -0.0014836947666481137, 0.0034071654081344604, -0.004382488317787647, -1.0004249811172485], [-0.0061622075736522675, -0.0069421157240867615, -0.07044011354446411, -0.0008697009179741144, 0.004751533269882202, -0.00206588814035058, -0.9953147768974304], [0.021585971117019653, -0.013236980885267258, -0.057478342205286026, -0.0008983532316051424, 0.004715368151664734, -0.003920732531696558, -1.0010011196136475]]","[0.0001680822512482728, -0.0007595838480891655, 0.0012959871670267641, -0.0018529290540517176, -0.0022753513540360454, 0.0034237948379020056]","[0.0001680822512482728, -0.0007595838480891655, 0.0012959871670267641, -0.0018529290540517176, -0.0022753513540360454, 0.0034237948379020056]","[0.3088054955005646, 0.3094547390937805, 0.3095417618751526, 0.30856853723526, 0.30770352482795715, 0.31105053424835205]","[0.3088054955005646, 0.3094547390937805, 0.3095417618751526, 0.30856853723526, 0.30770352482795715, 0.31105053424835205]",5.0,5.0,6.0,6.0,086dfebd71040c3b8512d9e9cc25151dd95fdc19d68b60a3a990f563924cfbbb,086dfebd71040c3b8512d9e9cc25151dd95fdc19d68b60a3a990f563924cfbbb,5.0,5.0,0.0,True,0.0,True,0.0,True,True,True,False
Object,frozen_closed_loop__Object,libero_object_object,9,9,5190776,"[[0.013023465871810913, -0.012303628027439117, -0.05701689049601555, -0.0009201992070302367, 0.008136659860610962, -0.001963040791451931, -0.9972949624061584], [0.007915869355201721, -0.010495036840438843, -0.06612500548362732, -0.0009881890146061778, 0.004781350493431091, -0.003257534233853221, -0.9992027282714844], [0.019032955169677734, -0.010931957513093948, -0.0707143172621727, -0.0012380459811538458, 0.0049247145652771, -0.002073290990665555, -1.0020049810409546], [0.023517049849033356, -0.008826367557048798, -0.08167432248592377, -0.0013109026476740837, 0.0023325830698013306, -0.0034375833347439766, -1.0016252994537354], [0.01336120069026947, -0.010201167315244675, -0.0711432471871376, -0.0014567440375685692, 0.004515990614891052, -0.003635941306129098, -0.9979830384254456], [0.00234067440032959, -0.00155741348862648, -0.06748108565807343, -0.0018495515687391162, 0.006747186183929443, -0.001647205906920135, -0.994705319404602]]","[[0.013023465871810913, -0.012303628027439117, -0.05701689049601555, -0.0009201992070302367, 0.008136659860610962, -0.001963040791451931, -0.9972949624061584], [0.007915869355201721, -0.010495036840438843, -0.06612500548362732, -0.0009881890146061778, 0.004781350493431091, -0.003257534233853221, -0.9992027282714844], [0.019032955169677734, -0.010931957513093948, -0.0707143172621727, -0.0012380459811538458, 0.0049247145652771, -0.002073290990665555, -1.0020049810409546], [0.023517049849033356, -0.008826367557048798, -0.08167432248592377, -0.0013109026476740837, 0.0023325830698013306, -0.0034375833347439766, -1.0016252994537354], [0.01336120069026947, -0.010201167315244675, -0.0711432471871376, -0.0014567440375685692, 0.004515990614891052, -0.003635941306129098, -0.9979830384254456], [0.00234067440032959, -0.00155741348862648, -0.06748108565807343, -0.0018495515687391162, 0.006747186183929443, -0.001647205906920135, -0.994705319404602]]","[-0.002386120090150989, -0.0023428236893912164, 8.549288622172063e-07, 0.0037144443116059493, 0.0010815108335048655, -6.786629443064239e-05]","[-0.002386120090150989, -0.0023428236893912164, 8.549288622172063e-07, 0.0037144443116059493, 0.0010815108335048655, -6.786629443064239e-05]","[0.30740880966186523, 0.31000426411628723, 0.30686694383621216, 0.3103448748588562, 0.3095656633377075, 0.3087007403373718]","[0.30740880966186523, 0.31000426411628723, 0.30686694383621216, 0.3103448748588562, 0.3095656633377075, 0.3087007403373718]",3.0,3.0,6.0,6.0,086dfebd71040c3b8512d9e9cc25151dd95fdc19d68b60a3a990f563924cfbbb,086dfebd71040c3b8512d9e9cc25151dd95fdc19d68b60a3a990f563924cfbbb,3.0,3.0,0.0,True,0.0,True,0.0,True,True,True,False
Object,frozen_closed_loop__Object,libero_object_object,9,9,5190873,"[[0.015205778181552887, -0.011804234236478806, -0.05651475861668587, -0.002552832243964076, 0.005859822034835815, -0.002998102456331253, -0.9993506073951721], [0.017648935317993164, -0.010304432362318039, -0.0688498467206955, -0.0004994529881514609, 0.004419431090354919, -0.0027274780441075563, -0.9998435974121094], [0.02197176218032837, -0.01187145709991455, -0.057223252952098846, -0.0016718559199944139, 0.00507393479347229, -0.0034847105853259563, -0.9974344968795776], [0.014446265995502472, -0.009523965418338776, -0.0660550445318222, -0.0006438855198211968, 0.0047482699155807495, -0.0035496181808412075, -1.0010862350463867], [0.006613880395889282, -0.010266825556755066, -0.06166471168398857, -0.0007241705316118896, 0.002043977379798889, -0.002389037748798728, -0.9966895580291748], [-0.0008273497223854065, -0.006738211959600449, -0.06260287016630173, -0.0015499829314649105, 0.0021167099475860596, -0.0020905425772070885, -0.9948203563690186]]","[[0.015205778181552887, -0.011804234236478806, -0.05651475861668587, -0.002552832243964076, 0.005859822034835815, -0.002998102456331253, -0.9993506073951721], [0.017648935317993164, -0.010304432362318039, -0.0688498467206955, -0.0004994529881514609, 0.004419431090354919, -0.0027274780441075563, -0.9998435974121094], [0.02197176218032837, -0.01187145709991455, -0.057223252952098846, -0.0016718559199944139, 0.00507393479347229, -0.0034847105853259563, -0.9974344968795776], [0.014446265995502472, -0.009523965418338776, -0.0660550445318222, -0.0006438855198211968, 0.0047482699155807495, -0.0035496181808412075, -1.0010862350463867], [0.006613880395889282, -0.010266825556755066, -0.06166471168398857, -0.0007241705316118896, 0.002043977379798889, -0.002389037748798728, -0.9966895580291748], [-0.0008273497223854065, -0.006738211959600449, -0.06260287016630173, -0.0015499829314649105, 0.0021167099475860596, -0.0020905425772070885, -0.9948203563690186]]","[0.0022721723514773323, -0.00012496644357109414, 0.0021137496784738355, 0.0008574018385285926, -0.002421181219706834, -0.0026971762052015974]","[0.0022721723514773323, -0.00012496644357109414, 0.0021137496784738355, 0.0008574018385285926, -0.002421181219706834, -0.0026971762052015974]","[0.30967652797698975, 0.30842649936676025, 0.31066179275512695, 0.3101460337638855, 0.30918294191360474, 0.3076024651527405]","[0.30967652797698975, 0.30842649936676025, 0.31066179275512695, 0.3101460337638855, 0.30918294191360474, 0.3076024651527405]",2.0,2.0,6.0,6.0,086dfebd71040c3b8512d9e9cc25151dd95fdc19d68b60a3a990f563924cfbbb,086dfebd71040c3b8512d9e9cc25151dd95fdc19d68b60a3a990f563924cfbbb,0.0,2.0,0.0,True,0.0,True,0.0,True,True,True,True
Object,frozen_closed_loop__Object,libero_object_object,9,9,5190970,"[[0.025764405727386475, -0.01297038048505783, -0.07197043299674988, -0.0008706157095730305, 0.002887040376663208, -0.0017272938275709748, -1.0010318756103516], [0.02620439976453781, -0.008339211344718933, -0.06762687116861343, -0.0012428030604496598, 0.0017103999853134155, -0.002391659654676914, -1.0018928050994873], [0.014397650957107544, -0.009568501263856888, -0.07084177434444427, -0.0012280012015253305, 0.007453635334968567, -0.002126984065398574, -0.9980394840240479], [0.015759654343128204, -0.007200669497251511, -0.07055182009935379, -0.0013359322911128402, 0.001843079924583435, -0.0028352385852485895, -0.9988091588020325], [0.007786005735397339, -0.006901826709508896, -0.08332410454750061, -0.0014564329758286476, 0.004554525017738342, -0.0017844238318502903, -0.9968671798706055], [0.032266080379486084, -0.01299278810620308, -0.07131032645702362, -0.0006363839493133128, 0.007433384656906128, -0.0025086740497499704, -0.9982515573501587]]","[[0.025764405727386475, -0.01297038048505783, -0.07197043299674988, -0.0008706157095730305, 0.002887040376663208, -0.0017272938275709748, -1.0010318756103516], [0.02620439976453781, -0.008339211344718933, -0.06762687116861343, -0.0012428030604496598, 0.0017103999853134155, -0.002391659654676914, -1.0018928050994873], [0.014397650957107544, -0.009568501263856888, -0.07084177434444427, -0.0012280012015253305, 0.007453635334968567, -0.002126984065398574, -0.9980394840240479], [0.015759654343128204, -0.007200669497251511, -0.07055182009935379, -0.0013359322911128402, 0.001843079924583435, -0.0028352385852485895, -0.9988091588020325], [0.007786005735397339, -0.006901826709508896, -0.08332410454750061, -0.0014564329758286476, 0.004554525017738342, -0.0017844238318502903, -0.9968671798706055], [0.032266080379486084, -0.01299278810620308, -0.07131032645702362, -0.0006363839493133128, 0.007433384656906128, -0.0025086740497499704, -0.9982515573501587]]","[0.002290689642911232, 0.0027973855109111557, -0.0034331307302558995, -0.002020136971748316, -0.0020263811005814037, 0.002391573648763342]","[0.002290689642911232, 0.0027973855109111557, -0.0034331307302558995, -0.002020136971748316, -0.0020263811005814037, 0.002391573648763342]","[0.30933478474617004, 0.31197309494018555, 0.3071170151233673, 0.3097231984138489, 0.31028619408607483, 0.3075014054775238]","[0.30933478474617004, 0.31197309494018555, 0.3071170151233673, 0.3097231984138489, 0.31028619408607483, 0.3075014054775238]",1.0,1.0,6.0,6.0,086dfebd71040c3b8512d9e9cc25151dd95fdc19d68b60a3a990f563924cfbbb,086dfebd71040c3b8512d9e9cc25151dd95fdc19d68b60a3a990f563924cfbbb,1.0,1.0,0.0,True,0.0,True,0.0,True,True,True,False
Object,frozen_closed_loop__Object,libero_object_object,9,9,5191067,"[[0.01329280436038971, -0.012340564280748367, -0.07064100354909897, -0.0005993701633997262, 0.0037366747856140137, -0.002084593754261732, -0.9986887574195862], [0.020578019320964813, -0.014501363039016724, -0.06263639777898788, -0.0019641974940896034, 0.0068903714418411255, -0.00485578877851367, -0.9983378052711487], [0.013421215116977692, -0.00810312107205391, -0.06939595937728882, -0.002091467846184969, 0.004523187875747681, -0.00187579239718616, -1.0016316175460815], [0.00403381884098053, -0.011310707777738571, -0.07118397951126099, -0.0007745042094029486, 0.005978822708129883, -0.0018928234931081533, -1.0000948905944824], [0.007258839905261993, -0.010522585362195969, -0.07480904459953308, -0.0011360247153788805, 0.003927290439605713, -0.0021610683761537075, -0.9986071586608887], [0.025536417961120605, -0.008636042475700378, -0.0650726854801178, -0.0014969231560826302, 0.007501870393753052, -0.0026551675982773304, -0.9989811182022095]]","[[0.01329280436038971, -0.012340564280748367, -0.07064100354909897, -0.0005993701633997262, 0.0037366747856140137, -0.002084593754261732, -0.9986887574195862], [0.020578019320964813, -0.014501363039016724, -0.06263639777898788, -0.0019641974940896034, 0.0068903714418411255, -0.00485578877851367, -0.9983378052711487], [0.013421215116977692, -0.00810312107205391, -0.06939595937728882, -0.002091467846184969, 0.004523187875747681, -0.00187579239718616, -1.0016316175460815], [0.00403381884098053, -0.011310707777738571, -0.07118397951126099, -0.0007745042094029486, 0.005978822708129883, -0.0018928234931081533, -1.0000948905944824], [0.007258839905261993, -0.010522585362195969, -0.07480904459953308, -0.0011360247153788805, 0.003927290439605713, -0.0021610683761537075, -0.9986071586608887], [0.025536417961120605, -0.008636042475700378, -0.0650726854801178, -0.0014969231560826302, 0.007501870393753052, -0.0026551675982773304, -0.9989811182022095]]","[-0.0010116146402524456, 0.0030114180677370357, 0.00037658915757629043, -0.003817143842863765, -0.00028790270988340015, 0.0017286539676863329]","[-0.0010116146402524456, 0.0030114180677370357, 0.00037658915757629043, -0.003817143842863765, -0.00028790270988340015, 0.0017286539676863329]","[0.30850493907928467, 0.31117409467697144, 0.3090507984161377, 0.30811184644699097, 0.3092142641544342, 0.3100696802139282]","[0.30850493907928467, 0.31117409467697144, 0.3090507984161377, 0.30811184644699097, 0.3092142641544342, 0.3100696802139282]",1.0,1.0,6.0,6.0,086dfebd71040c3b8512d9e9cc25151dd95fdc19d68b60a3a990f563924cfbbb,086dfebd71040c3b8512d9e9cc25151dd95fdc19d68b60a3a990f563924cfbbb,1.0,1.0,0.0,True,0.0,True,0.0,True,True,True,False
Position,frozen_closed_loop__Position_x0p3,libero_object_temp,4,5,5300000,"[[0.09640127420425415, -0.14508795738220215, 0.000912398099899292, -0.005135767161846161, 0.034902423620224, -0.0057561881840229034, -1.006255865097046], [0.10742660611867905, -0.1305031031370163, -0.0008477456867694855, -0.004609761293977499, 0.039506301283836365, -0.00528506888076663, -1.0050690174102783], [0.10069258511066437, -0.12644284963607788, 0.003800801932811737, -0.005537759512662888, 0.03572697937488556, -0.0061581917107105255, -1.0062024593353271], [0.09538650512695312, -0.15552935004234314, -0.001313779503107071, -0.0035025302786380053, 0.03259715437889099, -0.005147322081029415, -1.0041868686676025], [0.10329511016607285, -0.13378025591373444, -0.0024709850549697876, -0.006105975713580847, 0.03683669865131378, -0.007016994059085846, -1.0041145086288452], [0.10995134711265564, -0.16591352224349976, 0.003108568489551544, -0.0033594700507819653, 0.03652837872505188, -0.006148321554064751, -1.0055501461029053]]","[[0.09640127420425415, -0.14508795738220215, 0.000912398099899292, -0.005135767161846161, 0.034902423620224, -0.0057561881840229034, -1.006255865097046], [0.10742660611867905, -0.1305031031370163, -0.0008477456867694855, -0.004609761293977499, 0.039506301283836365, -0.00528506888076663, -1.0050690174102783], [0.10069258511066437, -0.12644284963607788, 0.003800801932811737, -0.005537759512662888, 0.03572697937488556, -0.0061581917107105255, -1.0062024593353271], [0.09538650512695312, -0.15552935004234314, -0.001313779503107071, -0.0035025302786380053, 0.03259715437889099, -0.005147322081029415, -1.0041868686676025], [0.10329511016607285, -0.13378025591373444, -0.0024709850549697876, -0.006105975713580847, 0.03683669865131378, -0.007016994059085846, -1.0041145086288452], [0.10995134711265564, -0.16591352224349976, 0.003108568489551544, -0.0033594700507819653, 0.03652837872505188, -0.006148321554064751, -1.0055501461029053]]","[0.00012015851700607032, 0.0035963851150315877, 0.0004320669598532939, 0.0038644850834900673, -0.003017368693104016, -0.004995726982276691]","[0.00012015851700607032, 0.0035963851150315877, 0.0004320669598532939, 0.0038644850834900673, -0.003017368693104016, -0.004995726982276691]","[0.27499622106552124, 0.27530717849731445, 0.274983286857605, 0.2747999429702759, 0.27582934498786926, 0.2750726342201233]","[0.27499622106552124, 0.27530717849731445, 0.274983286857605, 0.2747999429702759, 0.27582934498786926, 0.2750726342201233]",4.0,4.0,6.0,6.0,086dfebd71040c3b8512d9e9cc25151dd95fdc19d68b60a3a990f563924cfbbb,086dfebd71040c3b8512d9e9cc25151dd95fdc19d68b60a3a990f563924cfbbb,3.0,4.0,0.0,True,0.0,True,0.0,True,True,True,True
Position,frozen_closed_loop__Position_x0p3,libero_object_temp,4,5,5300097,"[[0.10666452348232269, -0.12436408549547195, 0.003558509051799774, -0.004844541661441326, 0.040738821029663086, -0.005775246303528547, -1.00609290599823], [0.10037653148174286, -0.13468997180461884, -0.0018078647553920746, -0.006683412939310074, 0.03878438472747803, -0.004983268678188324, -1.0057969093322754], [0.09614378213882446, -0.11882157623767853, 0.006593093276023865, -0.0055465782061219215, 0.034713953733444214, -0.005964548792690039, -1.0062617063522339], [0.1111973449587822, -0.12471774220466614, 0.0014283880591392517, -0.0072905090637505054, 0.042826250195503235, -0.005046281032264233, -1.0051047801971436], [0.10456882417201996, -0.12395521998405457, 0.0008162856101989746, -0.0038896475452929735, 0.03707170486450195, -0.006275183986872435, -1.0050690174102783], [0.09494170546531677, -0.13376495242118835, 0.0004334002733230591, -0.005000116769224405, 0.0366598516702652, -0.004881853237748146, -1.0050828456878662]]","[[0.10666452348232269, -0.12436408549547195, 0.003558509051799774, -0.004844541661441326, 0.040738821029663086, -0.005775246303528547, -1.00609290599823], [0.10037653148174286, -0.13468997180461884, -0.0018078647553920746, -0.006683412939310074, 0.03878438472747803, -0.004983268678188324, -1.0057969093322754], [0.09614378213882446, -0.11882157623767853, 0.006593093276023865, -0.0055465782061219215, 0.034713953733444214, -0.005964548792690039, -1.0062617063522339], [0.1111973449587822, -0.12471774220466614, 0.0014283880591392517, -0.0072905090637505054, 0.042826250195503235, -0.005046281032264233, -1.0051047801971436], [0.10456882417201996, -0.12395521998405457, 0.0008162856101989746, -0.0038896475452929735, 0.03707170486450195, -0.006275183986872435, -1.0050690174102783], [0.09494170546531677, -0.13376495242118835, 0.0004334002733230591, -0.005000116769224405, 0.0366598516702652, -0.004881853237748146, -1.0050828456878662]]","[-0.001964987305569166, 0.0033423754632106078, -0.0012386828740540813, 0.003548962508108803, -0.0004730253875473466, -0.0032146424041487507]","[-0.001964987305569166, 0.0033423754632106078, -0.0012386828740540813, 0.003548962508108803, -0.0004730253875473466, -0.0032146424041487507]","[0.27718585729599, 0.2733924388885498, 0.2746180295944214, 0.2757595181465149, 0.2741904854774475, 0.27616751194000244]","[0.27718585729599, 0.2733924388885498, 0.2746180295944214, 0.2757595181465149, 0.2741904854774475, 0.27616751194000244]",0.0,0.0,6.0,6.0,086dfebd71040c3b8512d9e9cc25151dd95fdc19d68b60a3a990f563924cfbbb,086dfebd71040c3b8512d9e9cc25151dd95fdc19d68b60a3a990f563924cfbbb,3.0,0.0,0.0,True,0.0,True,0.0,True,True,True,True
Position,frozen_closed_loop__Position_x0p3,libero_object_temp,4,5,5300194,"[[0.09511113166809082, -0.1376885175704956, -0.001989472657442093, -0.0033884700387716293, 0.034684181213378906, -0.006713629700243473, -1.006906509399414], [0.11029176414012909, -0.1485854983329773, -0.0029125437140464783, -0.005920979660004377, 0.03669923543930054, -0.005124430172145367, -1.0054941177368164], [0.10291725397109985, -0.1292082667350769, -0.0006633438169956207, -0.0069730281829833984, 0.041659533977508545, -0.00595580181106925, -1.0047807693481445], [0.09768549352884293, -0.11417984962463379, -0.0003588572144508362, -0.003807862289249897, 0.03734023869037628, -0.0061484756879508495, -1.0061970949172974], [0.11234264820814133, -0.14839282631874084, -0.0005384534597396851, -0.004960285499691963, 0.036906883120536804, -0.0050095971673727036, -1.0061959028244019], [0.10255392640829086, -0.11131519079208374, -0.0009373202919960022, -0.005302924197167158, 0.03696008026599884, -0.005327966064214706, -1.006544828414917]]","[[0.09511113166809082, -0.1376885175704956, -0.001989472657442093, -0.0033884700387716293, 0.034684181213378906, -0.006713629700243473, -1.006906509399414], [0.11029176414012909, -0.1485854983329773, -0.0029125437140464783, -0.005920979660004377, 0.03669923543930054, -0.005124430172145367, -1.0054941177368164], [0.10291725397109985, -0.1292082667350769, -0.0006633438169956207, -0.0069730281829833984, 0.041659533977508545, -0.00595580181106925, -1.0047807693481445], [0.09768549352884293, -0.11417984962463379, -0.0003588572144508362, -0.003807862289249897, 0.03734023869037628, -0.0061484756879508495, -1.0061970949172974], [0.11234264820814133, -0.14839282631874084, -0.0005384534597396851, -0.004960285499691963, 0.036906883120536804, -0.0050095971673727036, -1.0061959028244019], [0.10255392640829086, -0.11131519079208374, -0.0009373202919960022, -0.005302924197167158, 0.03696008026599884, -0.005327966064214706, -1.006544828414917]]","[-3.656148231572106e-05, -4.637509362945876e-05, 0.0008512163031251477, 0.0013461618250971137, -0.0011061530645650255, -0.0010082884877121593]","[-3.656148231572106e-05, -4.637509362945876e-05, 0.0008512163031251477, 0.0013461618250971137, -0.0011061530645650255, -0.0010082884877121593]","[0.27585428953170776, 0.275646448135376, 0.2755955457687378, 0.2756457030773163, 0.27528852224349976, 0.2748355567455292]","[0.27585428953170776, 0.275646448135376, 0.2755955457687378, 0.2756457030773163, 0.27528852224349976, 0.2748355567455292]",0.0,0.0,6.0,6.0,086dfebd71040c3b8512d9e9cc25151dd95fdc19d68b60a3a990f563924cfbbb,086dfebd71040c3b8512d9e9cc25151dd95fdc19d68b60a3a990f563924cfbbb,3.0,0.0,0.0,True,0.0,True,0.0,True,True,True,True
Position,frozen_closed_loop__Position_x0p3,libero_object_temp,4,5,5300291,"[[0.11835068464279175, -0.1412418782711029, -0.0005653873085975647, -0.006116953678429127, 0.03907786309719086, -0.006238191854208708, -1.0047577619552612], [0.10105535387992859, -0.13282164931297302, 0.000955536961555481, -0.004346017260104418, 0.03692910075187683, -0.005279450677335262, -1.005049228668213], [0.1088419184088707, -0.1489025056362152, 0.002194046974182129, -0.004727956373244524, 0.03304204344749451, -0.005825546104460955, -1.0066803693771362], [0.12413620948791504, -0.13628298044204712, 0.0013111531734466553, -0.0071959528140723705, 0.040888309478759766, -0.006549598183482885, -1.004866361618042], [0.10562505573034286, -0.11851899325847626, 0.0004899501800537109, -0.007007187698036432, 0.03303033113479614, -0.004415228497236967, -1.0048331022262573], [0.1044151559472084, -0.14781682193279266, 0.0018743053078651428, -0.0045041171833872795, 0.035711780190467834, -0.005394481588155031, -1.0053008794784546]]","[[0.11835068464279175, -0.1412418782711029, -0.0005653873085975647, -0.006116953678429127, 0.03907786309719086, -0.006238191854208708, -1.0047577619552612], [0.10105535387992859, -0.13282164931297302, 0.000955536961555481, -0.004346017260104418, 0.03692910075187683, -0.005279450677335262, -1.005049228668213], [0.1088419184088707, -0.1489025056362152, 0.002194046974182129, -0.004727956373244524, 0.03304204344749451, -0.005825546104460955, -1.0066803693771362], [0.12413620948791504, -0.13628298044204712, 0.0013111531734466553, -0.0071959528140723705, 0.040888309478759766, -0.006549598183482885, -1.004866361618042], [0.10562505573034286, -0.11851899325847626, 0.0004899501800537109, -0.007007187698036432, 0.03303033113479614, -0.004415228497236967, -1.0048331022262573], [0.1044151559472084, -0.14781682193279266, 0.0018743053078651428, -0.0045041171833872795, 0.035711780190467834, -0.005394481588155031, -1.0053008794784546]]","[0.001000481064179041, -0.0007806862921783725, 0.0008030046228692542, -0.0012082457781313627, -0.0006255176563914306, 0.0008109640396528971]","[0.001000481064179041, -0.0007806862921783725, 0.0008030046228692542, -0.0012082457781313627, -0.0006255176563914306, 0.0008109640396528971]","[0.27674686908721924, 0.27505695819854736, 0.2733041048049927, 0.27767136693000793, 0.2771915793418884, 0.2755153179168701]","[0.27674686908721924, 0.27505695819854736, 0.2733041048049927, 0.27767136693000793, 0.2771915793418884, 0.2755153179168701]",3.0,3.0,6.0,6.0,086dfebd71040c3b8512d9e9cc25151dd95fdc19d68b60a3a990f563924cfbbb,086dfebd71040c3b8512d9e9cc25151dd95fdc19d68b60a3a990f563924cfbbb,0.0,3.0,0.0,True,0.0,True,0.0,True,True,True,True
Position,frozen_closed_loop__Position_x0p3,libero_object_temp,4,5,5300388,"[[0.11441141366958618, -0.1707281917333603, 3.196299076080322e-05, -0.004552749451249838, 0.03560391068458557, -0.00663777207955718, -1.0037654638290405], [0.10656885802745819, -0.16381250321865082, 0.004493258893489838, -0.003792676143348217, 0.035647183656692505, -0.006689460016787052, -1.005656123161316], [0.09516578167676926, -0.15642252564430237, -0.0016882829368114471, -0.0030589865054935217, 0.036023542284965515, -0.005820192396640778, -1.0052001476287842], [0.09691301733255386, -0.13042978942394257, -0.004148371517658234, -0.0061155627481639385, 0.033185362815856934, -0.004546012729406357, -1.007778286933899], [0.09738575667142868, -0.13558131456375122, -0.0034571439027786255, -0.0038994180504232645, 0.03918059170246124, -0.006414429284632206, -1.0049437284469604], [0.1080164685845375, -0.13813024759292603, 0.00230591744184494, -0.006277907639741898, 0.03307691216468811, -0.008493078872561455, -1.0054690837860107]]","[[0.11441141366958618, -0.1707281917333603, 3.196299076080322e-05, -0.004552749451249838, 0.03560391068458557, -0.00663777207955718, -1.0037654638290405], [0.10656885802745819, -0.16381250321865082, 0.004493258893489838, -0.003792676143348217, 0.035647183656692505, -0.006689460016787052, -1.005656123161316], [0.09516578167676926, -0.15642252564430237, -0.0016882829368114471, -0.0030589865054935217, 0.036023542284965515, -0.005820192396640778, -1.0052001476287842], [0.09691301733255386, -0.13042978942394257, -0.004148371517658234, -0.0061155627481639385, 0.033185362815856934, -0.004546012729406357, -1.007778286933899], [0.09738575667142868, -0.13558131456375122, -0.0034571439027786255, -0.0038994180504232645, 0.03918059170246124, -0.006414429284632206, -1.0049437284469604], [0.1080164685845375, -0.13813024759292603, 0.00230591744184494, -0.006277907639741898, 0.03307691216468811, -0.008493078872561455, -1.0054690837860107]]","[0.002177361661982511, -0.00047312229862121074, -0.0033918676186711857, 0.0013173815620533109, 0.0005863608188303156, -0.00021611412557375116]","[0.002177361661982511, -0.00047312229862121074, -0.0033918676186711857, 0.0013173815620533109, 0.0005863608188303156, -0.00021611412557375116]","[0.27695411443710327, 0.2770155072212219, 0.2752928137779236, 0.2754683196544647, 0.276120662689209, 0.2773110270500183]","[0.27695411443710327, 0.2770155072212219, 0.2752928137779236, 0.2754683196544647, 0.276120662689209, 0.2773110270500183]",5.0,5.0,6.0,6.0,086dfebd71040c3b8512d9e9cc25151dd95fdc19d68b60a3a990f563924cfbbb,086dfebd71040c3b8512d9e9cc25151dd95fdc19d68b60a3a990f563924cfbbb,0.0,5.0,0.0,True,0.0,True,0.0,True,True,True,True
Position,frozen_closed_loop__Position_x0p3,libero_object_temp,4,5,5300485,"[[0.08925765752792358, -0.10958343744277954, -0.0035426393151283264, -0.004588774871081114, 0.03228195011615753, -0.006189345847815275, -1.0051831007003784], [0.10344665497541428, -0.1535731703042984, 0.003046095371246338, -0.0034397002309560776, 0.03792782127857208, -0.006812665145844221, -1.0059436559677124], [0.10388754308223724, -0.13698029518127441, -0.0024657882750034332, -0.005274911876767874, 0.034660711884498596, -0.004563352558761835, -1.004826545715332], [0.09664691984653473, -0.12589293718338013, 0.0022514909505844116, -0.006370524410158396, 0.03373695909976959, -0.00466463528573513, -1.005741834640503], [0.09474590420722961, -0.104636549949646, -0.0009590014815330505, -0.007085076067596674, 0.03717398643493652, -0.004185562487691641, -1.0050101280212402], [0.10873094201087952, -0.144241601228714, 0.002632029354572296, -0.005250412970781326, 0.036241963505744934, -0.004948809742927551, -1.0050569772720337]]","[[0.08925765752792358, -0.10958343744277954, -0.0035426393151283264, -0.004588774871081114, 0.03228195011615753, -0.006189345847815275, -1.0051831007003784], [0.10344665497541428, -0.1535731703042984, 0.003046095371246338, -0.0034397002309560776, 0.03792782127857208, -0.006812665145844221, -1.0059436559677124], [0.10388754308223724, -0.13698029518127441, -0.0024657882750034332, -0.005274911876767874, 0.034660711884498596, -0.004563352558761835, -1.004826545715332], [0.09664691984653473, -0.12589293718338013, 0.0022514909505844116, -0.006370524410158396, 0.03373695909976959, -0.00466463528573513, -1.005741834640503], [0.09474590420722961, -0.104636549949646, -0.0009590014815330505, -0.007085076067596674, 0.03717398643493652, -0.004185562487691641, -1.0050101280212402], [0.10873094201087952, -0.144241601228714, 0.002632029354572296, -0.005250412970781326, 0.036241963505744934, -0.004948809742927551, -1.0050569772720337]]","[0.0033681654256332324, -0.002007188087116386, 0.0008424727544103657, 0.001027454395318085, -0.0018537455194453526, -0.0013771589687999347]","[0.0033681654256332324, -0.002007188087116386, 0.0008424727544103657, 0.001027454395318085, -0.0018537455194453526, -0.0013771589687999347]","[0.2740851640701294, 0.27661263942718506, 0.27543026208877563, 0.2735328674316406, 0.2752244174480438, 0.27591195702552795]","[0.2740851640701294, 0.27661263942718506, 0.27543026208877563, 0.2735328674316406, 0.2752244174480438, 0.27591195702552795]",1.0,1.0,6.0,6.0,086dfebd71040c3b8512d9e9cc25151dd95fdc19d68b60a3a990f563924cfbbb,086dfebd71040c3b8512d9e9cc25151dd95fdc19d68b60a3a990f563924cfbbb,0.0,1.0,0.0,True,0.0,True,0.0,True,True,True,True
Position,frozen_closed_loop__Position_x0p3,libero_object_temp,4,6,5310000,"[[0.06743911653757095, -0.024057012051343918, -0.0009660422801971436, -0.017324363812804222, 0.006073817610740662, -0.001504105282947421, -1.00326669216156], [0.03736082464456558, -0.01561928540468216, -0.0016914121806621552, -0.019971830770373344, 0.009482055902481079, -0.0014396163169294596, -1.0033682584762573], [0.05044151097536087, -0.03448734059929848, 5.587935447692871e-06, -0.024529049172997475, 0.0033687204122543335, -0.0010990169830620289, -1.002724528312683], [0.028225891292095184, -0.0069436803460121155, -0.0001993216574192047, -0.02264675870537758, 0.010490968823432922, -0.0008859413210302591, -1.0025420188903809], [0.05572613328695297, -0.03127584233880043, -0.0012743845582008362, -0.02581225521862507, 0.004788681864738464, -0.0011895702918991446, -1.0032998323440552], [0.05668938159942627, -0.02057807520031929, 0.0010789185762405396, -0.022548580542206764, 0.0050046443939208984, -0.0017864728579297662, -1.0027928352355957]]","[[0.06743911653757095, -0.024057012051343918, -0.0009660422801971436, -0.017324363812804222, 0.006073817610740662, -0.001504105282947421, -1.00326669216156], [0.03736082464456558, -0.01561928540468216, -0.0016914121806621552, -0.019971830770373344, 0.009482055902481079, -0.0014396163169294596, -1.0033682584762573], [0.05044151097536087, -0.03448734059929848, 5.587935447692871e-06, -0.024529049172997475, 0.0033687204122543335, -0.0010990169830620289, -1.002724528312683], [0.028225891292095184, -0.0069436803460121155, -0.0001993216574192047, -0.02264675870537758, 0.010490968823432922, -0.0008859413210302591, -1.0025420188903809], [0.05572613328695297, -0.03127584233880043, -0.0012743845582008362, -0.02581225521862507, 0.004788681864738464, -0.0011895702918991446, -1.0032998323440552], [0.05668938159942627, -0.02057807520031929, 0.0010789185762405396, -0.022548580542206764, 0.0050046443939208984, -0.0017864728579297662, -1.0027928352355957]]","[0.001215208937261031, 0.001534917816950118, -0.0007685480416262501, -0.003181156274802047, 0.0005039293989266107, 0.0006956481632904492]","[0.001215208937261031, 0.001534917816950118, -0.0007685480416262501, -0.003181156274802047, 0.0005039293989266107, 0.0006956481632904492]","[0.25850117206573486, 0.25499892234802246, 0.25755563378334045, 0.258713960647583, 0.2566239833831787, 0.2565056085586548]","[0.25850117206573486, 0.25499892234802246, 0.25755563378334045, 0.258713960647583, 0.2566239833831787, 0.2565056085586548]",3.0,3.0,6.0,6.0,086dfebd71040c3b8512d9e9cc25151dd95fdc19d68b60a3a990f563924cfbbb,086dfebd71040c3b8512d9e9cc25151dd95fdc19d68b60a3a990f563924cfbbb,1.0,3.0,0.0,True,0.0,True,0.0,True,True,True,True
Position,frozen_closed_loop__Position_x0p3,libero_object_temp,4,6,5310097,"[[0.04704907536506653, -0.020304154604673386, -0.0012152642011642456, -0.01982194557785988, 0.011834532022476196, -0.0014826677506789565, -1.0029104948043823], [0.05709785968065262, -0.02749202772974968, -0.0003365613520145416, -0.0209991242736578, 0.009786710143089294, -0.002744266763329506, -1.004082441329956], [0.05259096622467041, -0.0215822272002697, -0.00020876526832580566, -0.021270113065838814, 0.0048735737800598145, -0.0014667382929474115, -1.0033782720565796], [0.040011629462242126, -0.019707921892404556, -0.001530088484287262, -0.019052833318710327, 0.002291545271873474, -0.0008435509516857564, -1.0034637451171875], [0.052382536232471466, -0.02141190692782402, -0.000870823860168457, -0.018316766247153282, 0.0035427510738372803, -0.001474912278354168, -1.0026209354400635], [0.057993270456790924, -0.025017354637384415, 0.0009275972843170166, -0.021383240818977356, 0.005840197205543518, -0.0019650678150355816, -1.0023934841156006]]","[[0.04704907536506653, -0.020304154604673386, -0.0012152642011642456, -0.01982194557785988, 0.011834532022476196, -0.0014826677506789565, -1.0029104948043823], [0.05709785968065262, -0.02749202772974968, -0.0003365613520145416, -0.0209991242736578, 0.009786710143089294, -0.002744266763329506, -1.004082441329956], [0.05259096622467041, -0.0215822272002697, -0.00020876526832580566, -0.021270113065838814, 0.0048735737800598145, -0.0014667382929474115, -1.0033782720565796], [0.040011629462242126, -0.019707921892404556, -0.001530088484287262, -0.019052833318710327, 0.002291545271873474, -0.0008435509516857564, -1.0034637451171875], [0.052382536232471466, -0.02141190692782402, -0.000870823860168457, -0.018316766247153282, 0.0035427510738372803, -0.001474912278354168, -1.0026209354400635], [0.057993270456790924, -0.025017354637384415, 0.0009275972843170166, -0.021383240818977356, 0.005840197205543518, -0.0019650678150355816, -1.0023934841156006]]","[0.0007455098850145832, -0.003127837769502287, -0.001704593001819283, 0.0015566810308286104, 0.0030669100843074234, -0.0005366702288290597]","[0.0007455098850145832, -0.003127837769502287, -0.001704593001819283, 0.0015566810308286104, 0.0030669100843074234, -0.0005366702288290597]","[0.25907033681869507, 0.2585635185241699, 0.25915130972862244, 0.2555999159812927, 0.2554682195186615, 0.25821736454963684]","[0.25907033681869507, 0.2585635185241699, 0.25915130972862244, 0.2555999159812927, 0.2554682195186615, 0.25821736454963684]",2.0,2.0,6.0,6.0,086dfebd71040c3b8512d9e9cc25151dd95fdc19d68b60a3a990f563924cfbbb,086dfebd71040c3b8512d9e9cc25151dd95fdc19d68b60a3a990f563924cfbbb,4.0,2.0,0.0,True,0.0,True,0.0,True,True,True,True
Position,frozen_closed_loop__Position_x0p3,libero_object_temp,4,6,5310194,"[[0.04017546772956848, -0.01585235819220543, 8.538365364074707e-05, -0.022101689130067825, 0.0031553953886032104, -0.0005650169332511723, -1.002028226852417], [0.03971915692090988, -0.022286307066679, 0.0004490464925765991, -0.02054041251540184, 0.0052502453327178955, -0.0005392390303313732, -1.0022635459899902], [0.0658326968550682, -0.044255442917346954, 0.00021714717149734497, -0.02702229470014572, 0.004969283938407898, -0.0024148819502443075, -1.0020893812179565], [0.047048069536685944, -0.0158015638589859, 0.0010618194937705994, -0.022771943360567093, 0.0074693262577056885, -0.001427939161658287, -1.0028250217437744], [0.06141152232885361, -0.037611499428749084, -5.688518285751343e-05, -0.025535721331834793, 0.0071348100900650024, -0.0031696909572929144, -1.0028505325317383], [0.06410568952560425, -0.034044887870550156, 0.00018563121557235718, -0.018906278535723686, 0.010663032531738281, -0.002403292804956436, -1.001993179321289]]","[[0.04017546772956848, -0.01585235819220543, 8.538365364074707e-05, -0.022101689130067825, 0.0031553953886032104, -0.0005650169332511723, -1.002028226852417], [0.03971915692090988, -0.022286307066679, 0.0004490464925765991, -0.02054041251540184, 0.0052502453327178955, -0.0005392390303313732, -1.0022635459899902], [0.0658326968550682, -0.044255442917346954, 0.00021714717149734497, -0.02702229470014572, 0.004969283938407898, -0.0024148819502443075, -1.0020893812179565], [0.047048069536685944, -0.0158015638589859, 0.0010618194937705994, -0.022771943360567093, 0.0074693262577056885, -0.001427939161658287, -1.0028250217437744], [0.06141152232885361, -0.037611499428749084, -5.688518285751343e-05, -0.025535721331834793, 0.0071348100900650024, -0.0031696909572929144, -1.0028505325317383], [0.06410568952560425, -0.034044887870550156, 0.00018563121557235718, -0.018906278535723686, 0.010663032531738281, -0.002403292804956436, -1.001993179321289]]","[0.0017362601476516915, 0.002645887021760534, 0.0014923372107119232, -0.0016735563959112802, -0.003258969298005203, -0.0009419586862076368]","[0.0017362601476516915, 0.002645887021760534, 0.0014923372107119232, -0.0016735563959112802, -0.003258969298005203, -0.0009419586862076368]","[0.257040798664093, 0.2568228840827942, 0.25808513164520264, 0.25720924139022827, 0.2599960267543793, 0.25730830430984497]","[0.257040798664093, 0.2568228840827942, 0.25808513164520264, 0.25720924139022827, 0.2599960267543793, 0.25730830430984497]",4.0,4.0,6.0,6.0,086dfebd71040c3b8512d9e9cc25151dd95fdc19d68b60a3a990f563924cfbbb,086dfebd71040c3b8512d9e9cc25151dd95fdc19d68b60a3a990f563924cfbbb,1.0,4.0,0.0,True,0.0,True,0.0,True,True,True,True
Position,frozen_closed_loop__Position_x0p3,libero_object_temp,4,6,5310291,"[[0.05859151482582092, -0.03161503002047539, -0.0011206604540348053, -0.025493932887911797, 0.007340535521507263, -0.0019010415999218822, -1.00247323513031], [0.05590226501226425, -0.05559174343943596, -0.0020807236433029175, -0.022266961634159088, 0.008421644568443298, -0.002174001419916749, -1.002269983291626], [0.07115308195352554, -0.020835231989622116, -0.001026000827550888, -0.02020437829196453, 0.011911734938621521, -0.0017456026980653405, -1.003434658050537], [0.04271574318408966, -0.03458674997091293, -0.0003850087523460388, -0.021415533497929573, 0.003913387656211853, -0.0016101032961159945, -1.0020313262939453], [0.05238387733697891, -0.021560993045568466, -1.6987323760986328e-05, -0.02291593700647354, 0.008160978555679321, -0.000906872155610472, -1.003258466720581], [0.039548613131046295, -0.008036848157644272, -0.0006648525595664978, -0.018035218119621277, 0.00444522500038147, -0.0018282243981957436, -1.0029767751693726]]","[[0.05859151482582092, -0.03161503002047539, -0.0011206604540348053, -0.025493932887911797, 0.007340535521507263, -0.0019010415999218822, -1.00247323513031], [0.05590226501226425, -0.05559174343943596, -0.0020807236433029175, -0.022266961634159088, 0.008421644568443298, -0.002174001419916749, -1.002269983291626], [0.07115308195352554, -0.020835231989622116, -0.001026000827550888, -0.02020437829196453, 0.011911734938621521, -0.0017456026980653405, -1.003434658050537], [0.04271574318408966, -0.03458674997091293, -0.0003850087523460388, -0.021415533497929573, 0.003913387656211853, -0.0016101032961159945, -1.0020313262939453], [0.05238387733697891, -0.021560993045568466, -1.6987323760986328e-05, -0.02291593700647354, 0.008160978555679321, -0.000906872155610472, -1.003258466720581], [0.039548613131046295, -0.008036848157644272, -0.0006648525595664978, -0.018035218119621277, 0.00444522500038147, -0.0018282243981957436, -1.0029767751693726]]","[0.0009350093236904639, -0.0016300955215582595, -0.00028476758430563253, -0.0032443119283634626, 0.0012207217121440017, 0.003003443998393067]","[0.0009350093236904639, -0.0016300955215582595, -0.00028476758430563253, -0.0032443119283634626, 0.0012207217121440017, 0.003003443998393067]","[0.2583597004413605, 0.25962209701538086, 0.25847482681274414, 0.2592841386795044, 0.25812166929244995, 0.2567164897918701]","[0.2583597004413605, 0.25962209701538086, 0.25847482681274414, 0.2592841386795044, 0.25812166929244995, 0.2567164897918701]",1.0,1.0,6.0,6.0,086dfebd71040c3b8512d9e9cc25151dd95fdc19d68b60a3a990f563924cfbbb,086dfebd71040c3b8512d9e9cc25151dd95fdc19d68b60a3a990f563924cfbbb,5.0,1.0,0.0,True,0.0,True,0.0,True,True,True,True
Position,frozen_closed_loop__Position_x0p3,libero_object_temp,4,6,5310388,"[[0.05131758749485016, -0.024688616394996643, -0.0006173551082611084, -0.02383921481668949, 0.00646229088306427, -0.0014800018398091197, -1.0044740438461304], [0.04826601594686508, -0.013188868761062622, 0.00034611672163009644, -0.020937738940119743, 0.010717704892158508, -0.001082646893337369, -1.0008316040039062], [0.05822695791721344, -0.03675520420074463, -0.00019731000065803528, -0.021316146478056908, 0.004586711525917053, -0.0015213346341624856, -1.0028917789459229], [0.024484433233737946, -0.01036735251545906, -0.0024787522852420807, -0.021963659673929214, 0.0035744905471801758, -0.00046787597239017487, -1.0015568733215332], [0.032967254519462585, -0.016889087855815887, 0.00012304633855819702, -0.02100278250873089, 0.003252267837524414, -0.0011113992659375072, -1.0031616687774658], [0.05346246063709259, -0.020895972847938538, -0.0011321716010570526, -0.020774150267243385, 0.007604554295539856, -0.0019975434988737106, -1.0042914152145386]]","[[0.05131758749485016, -0.024688616394996643, -0.0006173551082611084, -0.02383921481668949, 0.00646229088306427, -0.0014800018398091197, -1.0044740438461304], [0.04826601594686508, -0.013188868761062622, 0.00034611672163009644, -0.020937738940119743, 0.010717704892158508, -0.001082646893337369, -1.0008316040039062], [0.05822695791721344, -0.03675520420074463, -0.00019731000065803528, -0.021316146478056908, 0.004586711525917053, -0.0015213346341624856, -1.0028917789459229], [0.024484433233737946, -0.01036735251545906, -0.0024787522852420807, -0.021963659673929214, 0.0035744905471801758, -0.00046787597239017487, -1.0015568733215332], [0.032967254519462585, -0.016889087855815887, 0.00012304633855819702, -0.02100278250873089, 0.003252267837524414, -0.0011113992659375072, -1.0031616687774658], [0.05346246063709259, -0.020895972847938538, -0.0011321716010570526, -0.020774150267243385, 0.007604554295539856, -0.0019975434988737106, -1.0042914152145386]]","[0.00241831831657513, -0.0021414184156893653, -0.0021011670038497887, 0.0017241006651021328, 0.0024085261591187722, -0.002308359721256909]","[0.00241831831657513, -0.0021414184156893653, -0.0021011670038497887, 0.0017241006651021328, 0.0024085261591187722, -0.002308359721256909]","[0.2572360336780548, 0.25867193937301636, 0.25873225927352905, 0.2596106231212616, 0.2577674388885498, 0.25964099168777466]","[0.2572360336780548, 0.25867193937301636, 0.25873225927352905, 0.2596106231212616, 0.2577674388885498, 0.25964099168777466]",5.0,5.0,6.0,6.0,086dfebd71040c3b8512d9e9cc25151dd95fdc19d68b60a3a990f563924cfbbb,086dfebd71040c3b8512d9e9cc25151dd95fdc19d68b60a3a990f563924cfbbb,0.0,5.0,0.0,True,0.0,True,0.0,True,True,True,True
Position,frozen_closed_loop__Position_x0p3,libero_object_temp,4,6,5310485,"[[0.04942797124385834, -0.03462089225649834, -0.001345127820968628, -0.02502438984811306, 0.00523240864276886, -0.001025010016746819, -1.0028257369995117], [0.05754634737968445, -0.023489948362112045, 0.0007439777255058289, -0.025998203083872795, 0.011080116033554077, -0.0020321125630289316, -1.004354476928711], [0.05114749073982239, -0.014657769352197647, -5.666166543960571e-05, -0.021984262391924858, 0.004714339971542358, -0.0006184896919876337, -1.0018121004104614], [0.0725281611084938, -0.051793232560157776, -0.0008141621947288513, -0.023994753137230873, 0.005361512303352356, -0.0023787047248333693, -1.0012357234954834], [0.04074644297361374, -0.031168218702077866, 0.0007938221096992493, -0.019016899168491364, 0.0025094300508499146, -0.0011467612348496914, -1.0012704133987427], [0.044975727796554565, -0.016807224601507187, -0.00029336661100387573, -0.021009955555200577, 0.006611242890357971, -0.0017016479978337884, -1.0040223598480225]]","[[0.04942797124385834, -0.03462089225649834, -0.001345127820968628, -0.02502438984811306, 0.00523240864276886, -0.001025010016746819, -1.0028257369995117], [0.05754634737968445, -0.023489948362112045, 0.0007439777255058289, -0.025998203083872795, 0.011080116033554077, -0.0020321125630289316, -1.004354476928711], [0.05114749073982239, -0.014657769352197647, -5.666166543960571e-05, -0.021984262391924858, 0.004714339971542358, -0.0006184896919876337, -1.0018121004104614], [0.0725281611084938, -0.051793232560157776, -0.0008141621947288513, -0.023994753137230873, 0.005361512303352356, -0.0023787047248333693, -1.0012357234954834], [0.04074644297361374, -0.031168218702077866, 0.0007938221096992493, -0.019016899168491364, 0.0025094300508499146, -0.0011467612348496914, -1.0012704133987427], [0.044975727796554565, -0.016807224601507187, -0.00029336661100387573, -0.021009955555200577, 0.006611242890357971, -0.0017016479978337884, -1.0040223598480225]]","[-0.00023317001565919442, -0.000602166101144652, 0.0007430773976790728, -0.002045386436136701, 0.0019341787378192733, 0.00020346641744224702]","[-0.00023317001565919442, -0.000602166101144652, 0.0007430773976790728, -0.002045386436136701, 0.0019341787378192733, 0.00020346641744224702]","[0.2570092976093292, 0.2590112090110779, 0.25571489334106445, 0.26049306988716125, 0.257723331451416, 0.2581559121608734]","[0.2570092976093292, 0.2590112090110779, 0.25571489334106445, 0.26049306988716125, 0.257723331451416, 0.2581559121608734]",3.0,3.0,6.0,6.0,086dfebd71040c3b8512d9e9cc25151dd95fdc19d68b60a3a990f563924cfbbb,086dfebd71040c3b8512d9e9cc25151dd95fdc19d68b60a3a990f563924cfbbb,4.0,3.0,0.0,True,0.0,True,0.0,True,True,True,True
Position,frozen_closed_loop__Position_x0p3,libero_object_temp,4,7,5320000,"[[0.036881715059280396, -0.020568855106830597, -0.001144465059041977, -0.010488553903996944, 0.003070548176765442, -0.0007853192510083318, -1.0040197372436523], [0.008903592824935913, -0.00932447612285614, -0.002422872930765152, -0.00687360530719161, -0.0004165247082710266, -0.0008684035274200141, -1.0026096105575562], [0.02819158136844635, -0.02457059919834137, 0.00025659799575805664, -0.009142444469034672, 0.001953989267349243, -0.0005352511652745306, -1.0033705234527588], [0.03282833844423294, -0.023640040308237076, -0.0008486956357955933, -0.009484991431236267, 0.003931671380996704, -0.0010096975602209568, -1.0030245780944824], [0.036987438797950745, -0.02790100872516632, -0.000817570835351944, -0.010374164208769798, 7.465481758117676e-05, -0.0012094435514882207, -1.0043405294418335], [0.01658499240875244, -0.0076193176209926605, -0.0008335523307323456, -0.008104667067527771, 8.07344913482666e-05, -0.00042720409692265093, -1.0029332637786865]]","[[0.036881715059280396, -0.020568855106830597, -0.001144465059041977, -0.010488553903996944, 0.003070548176765442, -0.0007853192510083318, -1.0040197372436523], [0.008903592824935913, -0.00932447612285614, -0.002422872930765152, -0.00687360530719161, -0.0004165247082710266, -0.0008684035274200141, -1.0026096105575562], [0.02819158136844635, -0.02457059919834137, 0.00025659799575805664, -0.009142444469034672, 0.001953989267349243, -0.0005352511652745306, -1.0033705234527588], [0.03282833844423294, -0.023640040308237076, -0.0008486956357955933, -0.009484991431236267, 0.003931671380996704, -0.0010096975602209568, -1.0030245780944824], [0.036987438797950745, -0.02790100872516632, -0.000817570835351944, -0.010374164208769798, 7.465481758117676e-05, -0.0012094435514882207, -1.0043405294418335], [0.01658499240875244, -0.0076193176209926605, -0.0008335523307323456, -0.008104667067527771, 8.07344913482666e-05, -0.00042720409692265093, -1.0029332637786865]]","[-0.0013425522272616486, 0.005456884680592983, 0.0006646310876746437, -0.006514773834173441, 0.0013975639657103083, 0.00033824632745722534]","[-0.0013425522272616486, 0.005456884680592983, 0.0006646310876746437, -0.006514773834173441, 0.0013975639657103083, 0.00033824632745722534]","[0.2551758289337158, 0.2527505159378052, 0.25499504804611206, 0.25766491889953613, 0.2553434371948242, 0.2563331425189972]","[0.2551758289337158, 0.2527505159378052, 0.25499504804611206, 0.25766491889953613, 0.2553434371948242, 0.2563331425189972]",3.0,3.0,6.0,6.0,086dfebd71040c3b8512d9e9cc25151dd95fdc19d68b60a3a990f563924cfbbb,086dfebd71040c3b8512d9e9cc25151dd95fdc19d68b60a3a990f563924cfbbb,1.0,3.0,0.0,True,0.0,True,0.0,True,True,True,True
Position,frozen_closed_loop__Position_x0p3,libero_object_temp,4,7,5320097,"[[0.0463658943772316, -0.04312533885240555, -0.0006970390677452087, -0.009226790629327297, 0.005851373076438904, -0.0008842227980494499, -1.0026687383651733], [-0.0005046464502811432, -0.010526888072490692, 0.0014756619930267334, -0.006979541853070259, 0.0004885196685791016, -0.0003524260246194899, -1.0032613277435303], [0.043873563408851624, -0.01169281080365181, 5.5320560932159424e-05, -0.01517531182616949, 0.0019005686044692993, -0.0006280958186835051, -1.0052417516708374], [0.03064703196287155, -0.01379985362291336, -0.0028176605701446533, -0.011463482864201069, 0.003587767481803894, -0.0010521539952605963, -1.0034081935882568], [0.044248066842556, -0.031330883502960205, -0.0009700655937194824, -0.009381286799907684, 0.0033538788557052612, -0.0011346214450895786, -1.0037727355957031], [0.0032336264848709106, -0.009812302887439728, 0.0016715750098228455, -0.009645048528909683, -0.0005281716585159302, -0.0001324762706644833, -1.0015591382980347]]","[[0.0463658943772316, -0.04312533885240555, -0.0006970390677452087, -0.009226790629327297, 0.005851373076438904, -0.0008842227980494499, -1.0026687383651733], [-0.0005046464502811432, -0.010526888072490692, 0.0014756619930267334, -0.006979541853070259, 0.0004885196685791016, -0.0003524260246194899, -1.0032613277435303], [0.043873563408851624, -0.01169281080365181, 5.5320560932159424e-05, -0.01517531182616949, 0.0019005686044692993, -0.0006280958186835051, -1.0052417516708374], [0.03064703196287155, -0.01379985362291336, -0.0028176605701446533, -0.011463482864201069, 0.003587767481803894, -0.0010521539952605963, -1.0034081935882568], [0.044248066842556, -0.031330883502960205, -0.0009700655937194824, -0.009381286799907684, 0.0033538788557052612, -0.0011346214450895786, -1.0037727355957031], [0.0032336264848709106, -0.009812302887439728, 0.0016715750098228455, -0.009645048528909683, -0.0005281716585159302, -0.0001324762706644833, -1.0015591382980347]]","[-0.0015344294620207035, 0.005470376653230367, 1.1863990373880322e-05, -0.004116124528085619, -0.001382537231906049, 0.0015508505784081238]","[-0.0015344294620207035, 0.005470376653230367, 1.1863990373880322e-05, -0.004116124528085619, -0.001382537231906049, 0.0015508505784081238]","[0.2556420564651489, 0.2539841830730438, 0.2562229037284851, 0.2554163336753845, 0.25645750761032104, 0.2540971636772156]","[0.2556420564651489, 0.2539841830730438, 0.2562229037284851, 0.2554163336753845, 0.25645750761032104, 0.2540971636772156]",4.0,4.0,6.0,6.0,086dfebd71040c3b8512d9e9cc25151dd95fdc19d68b60a3a990f563924cfbbb,086dfebd71040c3b8512d9e9cc25151dd95fdc19d68b60a3a990f563924cfbbb,1.0,4.0,0.0,True,0.0,True,0.0,True,True,True,True
Position,frozen_closed_loop__Position_x0p3,libero_object_temp,4,7,5320194,"[[0.026517659425735474, -0.02633504569530487, -0.0012485124170780182, -0.010268282145261765, 0.002626955509185791, -0.0005778618506155908, -1.0027714967727661], [0.026479549705982208, -0.014891456812620163, -0.00010231509804725647, -0.011996204033493996, 0.0015846937894821167, -0.0003876338596455753, -1.0031192302703857], [0.013008825480937958, -0.011856313794851303, -0.0016678869724273682, -0.007124706171452999, 0.002285018563270569, -0.0003881185839418322, -1.003995418548584], [0.02854619175195694, -0.0156480073928833, -0.0007821433246135712, -0.009411420673131943, 0.004174724221229553, -0.0006243502721190453, -1.004663348197937], [0.037225931882858276, -0.02317707985639572, -0.0011403299868106842, -0.009222930297255516, 0.005504116415977478, -0.0010100279469043016, -1.0055031776428223], [0.01789189875125885, -0.013672281056642532, -0.0006300956010818481, -0.011157876811921597, 0.0016704797744750977, -0.000585220695938915, -1.0029890537261963]]","[[0.026517659425735474, -0.02633504569530487, -0.0012485124170780182, -0.010268282145261765, 0.002626955509185791, -0.0005778618506155908, -1.0027714967727661], [0.026479549705982208, -0.014891456812620163, -0.00010231509804725647, -0.011996204033493996, 0.0015846937894821167, -0.0003876338596455753, -1.0031192302703857], [0.013008825480937958, -0.011856313794851303, -0.0016678869724273682, -0.007124706171452999, 0.002285018563270569, -0.0003881185839418322, -1.003995418548584], [0.02854619175195694, -0.0156480073928833, -0.0007821433246135712, -0.009411420673131943, 0.004174724221229553, -0.0006243502721190453, -1.004663348197937], [0.037225931882858276, -0.02317707985639572, -0.0011403299868106842, -0.009222930297255516, 0.005504116415977478, -0.0010100279469043016, -1.0055031776428223], [0.01789189875125885, -0.013672281056642532, -0.0006300956010818481, -0.011157876811921597, 0.0016704797744750977, -0.000585220695938915, -1.0029890537261963]]","[-0.0032217849370487148, 0.0015327694728895236, -0.0009757759437695755, 0.0009535948683403075, -0.001490302699592974, 0.0032014992391815765]","[-0.0032217849370487148, 0.0015327694728895236, -0.0009757759437695755, 0.0009535948683403075, -0.001490302699592974, 0.0032014992391815765]","[0.25617802143096924, 0.25515544414520264, 0.2567102313041687, 0.25491219758987427, 0.2558453679084778, 0.25489342212677]","[0.25617802143096924, 0.25515544414520264, 0.2567102313041687, 0.25491219758987427, 0.2558453679084778, 0.25489342212677]",2.0,2.0,6.0,6.0,086dfebd71040c3b8512d9e9cc25151dd95fdc19d68b60a3a990f563924cfbbb,086dfebd71040c3b8512d9e9cc25151dd95fdc19d68b60a3a990f563924cfbbb,5.0,2.0,0.0,True,0.0,True,0.0,True,True,True,True
Position,frozen_closed_loop__Position_x0p3,libero_object_temp,4,7,5320291,"[[0.03504931926727295, -0.026258546859025955, -0.0008407607674598694, -0.010634724982082844, 0.0044095516204833984, -0.001051140483468771, -1.0005918741226196], [0.029265470802783966, -0.014482419937849045, -0.0019694119691848755, -0.011496087536215782, 0.0063394904136657715, -0.0013323624152690172, -1.0057220458984375], [0.05404964089393616, -0.028461478650569916, -0.0025879964232444763, -0.008891965262591839, 0.00121307373046875, -0.0007529976428486407, -1.0018519163131714], [0.02026498317718506, -0.0065039657056331635, -0.002199579030275345, -0.010351952165365219, 0.0003109574317932129, -0.0009189459378831089, -1.0028424263000488], [0.0216669961810112, -0.007602553814649582, -0.0023307278752326965, -0.010014344938099384, 0.0017767846584320068, -0.0007194863283075392, -1.0033193826675415], [0.003977827727794647, -0.004892628639936447, 0.00030543655157089233, -0.006879222113639116, 0.0009803473949432373, 1.0800623385875951e-05, -1.0035676956176758]]","[[0.03504931926727295, -0.026258546859025955, -0.0008407607674598694, -0.010634724982082844, 0.0044095516204833984, -0.001051140483468771, -1.0005918741226196], [0.029265470802783966, -0.014482419937849045, -0.0019694119691848755, -0.011496087536215782, 0.0063394904136657715, -0.0013323624152690172, -1.0057220458984375], [0.05404964089393616, -0.028461478650569916, -0.0025879964232444763, -0.008891965262591839, 0.00121307373046875, -0.0007529976428486407, -1.0018519163131714], [0.02026498317718506, -0.0065039657056331635, -0.002199579030275345, -0.010351952165365219, 0.0003109574317932129, -0.0009189459378831089, -1.0028424263000488], [0.0216669961810112, -0.007602553814649582, -0.0023307278752326965, -0.010014344938099384, 0.0017767846584320068, -0.0007194863283075392, -1.0033193826675415], [0.003977827727794647, -0.004892628639936447, 0.00030543655157089233, -0.006879222113639116, 0.0009803473949432373, 1.0800623385875951e-05, -1.0035676956176758]]","[-0.0014941069583076245, -0.0022384340550479455, -0.002714606765933049, -0.0015268269885397006, 0.006175213461221499, 0.0017987613066067763]","[-0.0014941069583076245, -0.0022384340550479455, -0.002714606765933049, -0.0015268269885397006, 0.006175213461221499, 0.0017987613066067763]","[0.2573074698448181, 0.2550938129425049, 0.2546364665031433, 0.253265380859375, 0.25414401292800903, 0.25432801246643066]","[0.2573074698448181, 0.2550938129425049, 0.2546364665031433, 0.253265380859375, 0.25414401292800903, 0.25432801246643066]",0.0,0.0,6.0,6.0,086dfebd71040c3b8512d9e9cc25151dd95fdc19d68b60a3a990f563924cfbbb,086dfebd71040c3b8512d9e9cc25151dd95fdc19d68b60a3a990f563924cfbbb,4.0,0.0,0.0,True,0.0,True,0.0,True,True,True,True
Position,frozen_closed_loop__Position_x0p3,libero_object_temp,4,7,5320388,"[[0.010323934257030487, -0.012239143252372742, -0.00044245272874832153, -0.008955948054790497, 0.0021689236164093018, -0.000203420699108392, -1.0031098127365112], [0.02386663109064102, -0.013404451310634613, -0.0006013736128807068, -0.010446051135659218, 0.003207653760910034, -0.00036685727536678314, -1.0032789707183838], [0.008519589900970459, -0.00754036009311676, -0.0008161738514900208, -0.009163759648799896, -0.00046563148498535156, -0.0007563465624116361, -1.0045907497406006], [0.056951455771923065, -0.01715540885925293, -0.0010403059422969818, -0.010764282196760178, 0.005625441670417786, -0.001061716116964817, -1.0052865743637085], [0.036757662892341614, -0.028034280985593796, -0.003035925328731537, -0.012012066319584846, 0.0029892325401306152, -0.0006597343599423766, -1.002928376197815], [0.03572188317775726, -0.018783286213874817, -0.00023184344172477722, -0.010658400133252144, 0.0016422271728515625, -0.0009608075488358736, -1.0033812522888184]]","[[0.010323934257030487, -0.012239143252372742, -0.00044245272874832153, -0.008955948054790497, 0.0021689236164093018, -0.000203420699108392, -1.0031098127365112], [0.02386663109064102, -0.013404451310634613, -0.0006013736128807068, -0.010446051135659218, 0.003207653760910034, -0.00036685727536678314, -1.0032789707183838], [0.008519589900970459, -0.00754036009311676, -0.0008161738514900208, -0.009163759648799896, -0.00046563148498535156, -0.0007563465624116361, -1.0045907497406006], [0.056951455771923065, -0.01715540885925293, -0.0010403059422969818, -0.010764282196760178, 0.005625441670417786, -0.001061716116964817, -1.0052865743637085], [0.036757662892341614, -0.028034280985593796, -0.003035925328731537, -0.012012066319584846, 0.0029892325401306152, -0.0006597343599423766, -1.002928376197815], [0.03572188317775726, -0.018783286213874817, -0.00023184344172477722, -0.010658400133252144, 0.0016422271728515625, -0.0009608075488358736, -1.0033812522888184]]","[0.0006330305780118026, 0.0004897546816647966, 0.001447706830776427, 0.0003966526539641187, -0.0019503340376637512, -0.0010168107067533476]","[0.0006330305780118026, 0.0004897546816647966, 0.001447706830776427, 0.0003966526539641187, -0.0019503340376637512, -0.0010168107067533476]","[0.25433534383773804, 0.2551979422569275, 0.2536889314651489, 0.25626131892204285, 0.25675666332244873, 0.25543561577796936]","[0.25433534383773804, 0.2551979422569275, 0.2536889314651489, 0.25626131892204285, 0.25675666332244873, 0.25543561577796936]",4.0,4.0,6.0,6.0,086dfebd71040c3b8512d9e9cc25151dd95fdc19d68b60a3a990f563924cfbbb,086dfebd71040c3b8512d9e9cc25151dd95fdc19d68b60a3a990f563924cfbbb,2.0,4.0,0.0,True,0.0,True,0.0,True,True,True,True
Position,frozen_closed_loop__Position_x0p3,libero_object_temp,4,7,5320485,"[[0.01484692096710205, -0.010510515421628952, -0.0020485371351242065, -0.010559014044702053, 0.005783066153526306, -0.001294576795771718, -1.0036900043487549], [0.043639764189720154, -0.024993661791086197, -0.002594534307718277, -0.011589198373258114, 0.0025492608547210693, -0.0008391444571316242, -1.0020216703414917], [0.0418548658490181, -0.026311185210943222, -0.0018775463104248047, -0.011126223020255566, 0.0018969029188156128, -0.0005295227165333927, -1.0029304027557373], [0.019245296716690063, -0.01622132956981659, -0.0018189847469329834, -0.01191791333258152, 0.0046609193086624146, -0.0009149580728262663, -1.0028208494186401], [0.03789592534303665, -0.01646563410758972, -0.00248786062002182, -0.011083300225436687, 0.0016281455755233765, -0.0013600572710856795, -1.0043195486068726], [0.04650905728340149, -0.019870754331350327, -0.001820102334022522, -0.011769693344831467, 0.005850121378898621, -0.0007745233597233891, -1.002528190612793]]","[[0.01484692096710205, -0.010510515421628952, -0.0020485371351242065, -0.010559014044702053, 0.005783066153526306, -0.001294576795771718, -1.0036900043487549], [0.043639764189720154, -0.024993661791086197, -0.002594534307718277, -0.011589198373258114, 0.0025492608547210693, -0.0008391444571316242, -1.0020216703414917], [0.0418548658490181, -0.026311185210943222, -0.0018775463104248047, -0.011126223020255566, 0.0018969029188156128, -0.0005295227165333927, -1.0029304027557373], [0.019245296716690063, -0.01622132956981659, -0.0018189847469329834, -0.01191791333258152, 0.0046609193086624146, -0.0009149580728262663, -1.0028208494186401], [0.03789592534303665, -0.01646563410758972, -0.00248786062002182, -0.011083300225436687, 0.0016281455755233765, -0.0013600572710856795, -1.0043195486068726], [0.04650905728340149, -0.019870754331350327, -0.001820102334022522, -0.011769693344831467, 0.005850121378898621, -0.0007745233597233891, -1.002528190612793]]","[-0.0010462188385165125, -0.003190113192066932, -0.00014452639436247293, 0.0038656001558215474, 0.0006415391331276764, -0.00012628086400328937]","[-0.0010462188385165125, -0.003190113192066932, -0.00014452639436247293, 0.0038656001558215474, 0.0006415391331276764, -0.00012628086400328937]","[0.2556989789009094, 0.2560276687145233, 0.25421851873397827, 0.2546333074569702, 0.25581586360931396, 0.25660836696624756]","[0.2556989789009094, 0.2560276687145233, 0.25421851873397827, 0.2546333074569702, 0.25581586360931396, 0.25660836696624756]",5.0,5.0,6.0,6.0,086dfebd71040c3b8512d9e9cc25151dd95fdc19d68b60a3a990f563924cfbbb,086dfebd71040c3b8512d9e9cc25151dd95fdc19d68b60a3a990f563924cfbbb,3.0,5.0,0.0,True,0.0,True,0.0,True,True,True,True
Position,frozen_closed_loop__Position_x0p3,libero_object_temp,4,8,5330000,"[[0.0877760723233223, -0.08829820901155472, -0.0020319409668445587, -0.004471458029001951, 0.03921443223953247, -0.006917583756148815, -1.005393385887146], [0.08115537464618683, -0.12246876955032349, 0.0007198378443717957, -0.0035960436798632145, 0.03128461539745331, -0.007088379003107548, -1.003453016281128], [0.06859190762042999, -0.08951006829738617, -0.0008056685328483582, -0.0063062855042517185, 0.040005460381507874, -0.007384274620562792, -1.004193663597107], [0.06911907345056534, -0.09586907923221588, -0.0009481608867645264, -0.004853122867643833, 0.03909270465373993, -0.005102331750094891, -1.0058133602142334], [0.06148919463157654, -0.0651891902089119, -0.0003883056342601776, -0.00501120463013649, 0.03660249710083008, -0.00504055293276906, -1.0063294172286987], [0.07481575012207031, -0.10373633354902267, 0.00023771077394485474, -0.004406267311424017, 0.038102567195892334, -0.0057647149078547955, -1.0067265033721924]]","[[0.0877760723233223, -0.08829820901155472, -0.0020319409668445587, -0.004471458029001951, 0.03921443223953247, -0.006917583756148815, -1.005393385887146], [0.08115537464618683, -0.12246876955032349, 0.0007198378443717957, -0.0035960436798632145, 0.03128461539745331, -0.007088379003107548, -1.003453016281128], [0.06859190762042999, -0.08951006829738617, -0.0008056685328483582, -0.0063062855042517185, 0.040005460381507874, -0.007384274620562792, -1.004193663597107], [0.06911907345056534, -0.09586907923221588, -0.0009481608867645264, -0.004853122867643833, 0.03909270465373993, -0.005102331750094891, -1.0058133602142334], [0.06148919463157654, -0.0651891902089119, -0.0003883056342601776, -0.00501120463013649, 0.03660249710083008, -0.00504055293276906, -1.0063294172286987], [0.07481575012207031, -0.10373633354902267, 0.00023771077394485474, -0.004406267311424017, 0.038102567195892334, -0.0057647149078547955, -1.0067265033721924]]","[0.0016061257630276395, -0.0025665308029505386, 0.0014356246826918084, -0.0017304976979554572, 0.0005079451675268091, 0.000747332887659671]","[0.0016061257630276395, -0.0025665308029505386, 0.0014356246826918084, -0.0017304976979554572, 0.0005079451675268091, 0.000747332887659671]","[0.27397510409355164, 0.2732032835483551, 0.2725173830986023, 0.2730351686477661, 0.27233535051345825, 0.2735774517059326]","[0.27397510409355164, 0.2732032835483551, 0.2725173830986023, 0.2730351686477661, 0.27233535051345825, 0.2735774517059326]",0.0,0.0,6.0,6.0,086dfebd71040c3b8512d9e9cc25151dd95fdc19d68b60a3a990f563924cfbbb,086dfebd71040c3b8512d9e9cc25151dd95fdc19d68b60a3a990f563924cfbbb,0.0,0.0,0.0,True,0.0,True,0.0,True,True,True,False
Position,frozen_closed_loop__Position_x0p3,libero_object_temp,4,8,5330097,"[[0.086531862616539, -0.08802473545074463, -0.0017003528773784637, -0.004924058448523283, 0.03606945276260376, -0.0059657166711986065, -1.0041861534118652], [0.0787152349948883, -0.0999801754951477, -0.0014377199113368988, -0.0038264149334281683, 0.036181747913360596, -0.005802544299513102, -1.0057110786437988], [0.07006019353866577, -0.09415140748023987, -0.0003355555236339569, -0.005203756969422102, 0.04198184609413147, -0.00504694227129221, -1.0048518180847168], [0.08516538888216019, -0.11114419996738434, -0.002276245504617691, -0.003805374028161168, 0.03575026988983154, -0.006064355839043856, -1.0045875310897827], [0.0732046365737915, -0.0926654040813446, -0.0014656595885753632, -0.004285437520593405, 0.03654742240905762, -0.007068153470754623, -1.0057533979415894], [0.07858056575059891, -0.0946810245513916, -0.002654995769262314, -0.004514619242399931, 0.0412294864654541, -0.006409581750631332, -1.0038104057312012]]","[[0.086531862616539, -0.08802473545074463, -0.0017003528773784637, -0.004924058448523283, 0.03606945276260376, -0.0059657166711986065, -1.0041861534118652], [0.0787152349948883, -0.0999801754951477, -0.0014377199113368988, -0.0038264149334281683, 0.036181747913360596, -0.005802544299513102, -1.0057110786437988], [0.07006019353866577, -0.09415140748023987, -0.0003355555236339569, -0.005203756969422102, 0.04198184609413147, -0.00504694227129221, -1.0048518180847168], [0.08516538888216019, -0.11114419996738434, -0.002276245504617691, -0.003805374028161168, 0.03575026988983154, -0.006064355839043856, -1.0045875310897827], [0.0732046365737915, -0.0926654040813446, -0.0014656595885753632, -0.004285437520593405, 0.03654742240905762, -0.007068153470754623, -1.0057533979415894], [0.07858056575059891, -0.0946810245513916, -0.002654995769262314, -0.004514619242399931, 0.0412294864654541, -0.006409581750631332, -1.0038104057312012]]","[-0.0004808445327964333, 0.0014950533958826512, -0.002059878075599744, 0.0005228288437281311, 0.001229692136796843, -0.0007068517680111984]","[-0.0004808445327964333, 0.0014950533958826512, -0.002059878075599744, 0.0005228288437281311, 0.001229692136796843, -0.0007068517680111984]","[0.2739903926849365, 0.2722678780555725, 0.27340957522392273, 0.2739628553390503, 0.2731371223926544, 0.27298569679260254]","[0.2739903926849365, 0.2722678780555725, 0.27340957522392273, 0.2739628553390503, 0.2731371223926544, 0.27298569679260254]",0.0,0.0,6.0,6.0,086dfebd71040c3b8512d9e9cc25151dd95fdc19d68b60a3a990f563924cfbbb,086dfebd71040c3b8512d9e9cc25151dd95fdc19d68b60a3a990f563924cfbbb,1.0,0.0,0.0,True,0.0,True,0.0,True,True,True,True
Position,frozen_closed_loop__Position_x0p3,libero_object_temp,4,8,5330194,"[[0.06889991462230682, -0.07809334993362427, -0.002134256064891815, -0.004582590889185667, 0.039116621017456055, -0.006278819404542446, -1.0047519207000732], [0.07923480123281479, -0.06855301558971405, -0.00020854175090789795, -0.005476978607475758, 0.03899489343166351, -0.00515939574688673, -1.0038893222808838], [0.0732855498790741, -0.09248687326908112, -0.0026664510369300842, -0.004493212327361107, 0.04026380181312561, -0.005059368442744017, -1.0037769079208374], [0.08344955742359161, -0.11714687943458557, 0.0009721890091896057, -0.004174157977104187, 0.04057520627975464, -0.005630999803543091, -1.0054411888122559], [0.06524283438920975, -0.08282583206892014, -0.0015859678387641907, -0.004295921418815851, 0.03465937077999115, -0.0048882425762712955, -1.0025169849395752], [0.06490431725978851, -0.10699638724327087, -0.003838352859020233, -0.0049623893573880196, 0.03167501091957092, -0.005674139596521854, -1.0039533376693726]]","[[0.06889991462230682, -0.07809334993362427, -0.002134256064891815, -0.004582590889185667, 0.039116621017456055, -0.006278819404542446, -1.0047519207000732], [0.07923480123281479, -0.06855301558971405, -0.00020854175090789795, -0.005476978607475758, 0.03899489343166351, -0.00515939574688673, -1.0038893222808838], [0.0732855498790741, -0.09248687326908112, -0.0026664510369300842, -0.004493212327361107, 0.04026380181312561, -0.005059368442744017, -1.0037769079208374], [0.08344955742359161, -0.11714687943458557, 0.0009721890091896057, -0.004174157977104187, 0.04057520627975464, -0.005630999803543091, -1.0054411888122559], [0.06524283438920975, -0.08282583206892014, -0.0015859678387641907, -0.004295921418815851, 0.03465937077999115, -0.0048882425762712955, -1.0025169849395752], [0.06490431725978851, -0.10699638724327087, -0.003838352859020233, -0.0049623893573880196, 0.03167501091957092, -0.005674139596521854, -1.0039533376693726]]","[0.0012613076618798204, -0.0027691727559430684, 0.0019455767382489308, -0.0017544557550749672, 0.002287046014828256, -0.0009703019039388216]","[0.0012613076618798204, -0.0027691727559430684, 0.0019455767382489308, -0.0017544557550749672, 0.002287046014828256, -0.0009703019039388216]","[0.2726903557777405, 0.27353447675704956, 0.2737964987754822, 0.2741357088088989, 0.27269572019577026, 0.27217137813568115]","[0.2726903557777405, 0.27353447675704956, 0.2737964987754822, 0.2741357088088989, 0.27269572019577026, 0.27217137813568115]",3.0,3.0,6.0,6.0,086dfebd71040c3b8512d9e9cc25151dd95fdc19d68b60a3a990f563924cfbbb,086dfebd71040c3b8512d9e9cc25151dd95fdc19d68b60a3a990f563924cfbbb,4.0,3.0,0.0,True,0.0,True,0.0,True,True,True,True
Position,frozen_closed_loop__Position_x0p3,libero_object_temp,4,8,5330291,"[[0.08270815014839172, -0.11328986287117004, -0.0030245259404182434, -0.0038740772288292646, 0.04230625927448273, -0.007564764469861984, -1.004401683807373], [0.07374968379735947, -0.10135620832443237, -0.001408495008945465, -0.004502451978623867, 0.038475796580314636, -0.008044146001338959, -1.0068129301071167], [0.07254850119352341, -0.09985841810703278, -0.0008415989577770233, -0.0028202722314745188, 0.03483125567436218, -0.007230421993881464, -1.0054991245269775], [0.08147556334733963, -0.10571490973234177, -0.00023379921913146973, -0.0055139376781880856, 0.03548826277256012, -0.005470692180097103, -1.0037016868591309], [0.06380662322044373, -0.111745186150074, -0.0003842264413833618, -0.004044234752655029, 0.04024292528629303, -0.006653172429651022, -1.0041968822479248], [0.07589355111122131, -0.09256386756896973, -0.0009156391024589539, -0.0039947060868144035, 0.039319440722465515, -0.006696884986013174, -1.003657579421997]]","[[0.08270815014839172, -0.11328986287117004, -0.0030245259404182434, -0.0038740772288292646, 0.04230625927448273, -0.007564764469861984, -1.004401683807373], [0.07374968379735947, -0.10135620832443237, -0.001408495008945465, -0.004502451978623867, 0.038475796580314636, -0.008044146001338959, -1.0068129301071167], [0.07254850119352341, -0.09985841810703278, -0.0008415989577770233, -0.0028202722314745188, 0.03483125567436218, -0.007230421993881464, -1.0054991245269775], [0.08147556334733963, -0.10571490973234177, -0.00023379921913146973, -0.0055139376781880856, 0.03548826277256012, -0.005470692180097103, -1.0037016868591309], [0.06380662322044373, -0.111745186150074, -0.0003842264413833618, -0.004044234752655029, 0.04024292528629303, -0.006653172429651022, -1.0041968822479248], [0.07589355111122131, -0.09256386756896973, -0.0009156391024589539, -0.0039947060868144035, 0.039319440722465515, -0.006696884986013174, -1.003657579421997]]","[-0.0011572579116125147, -0.000920690254797621, -0.0037999674254002775, 0.00022669314934972967, 0.004330733196281991, 0.0013204892461788444]","[-0.0011572579116125147, -0.000920690254797621, -0.0037999674254002775, 0.00022669314934972967, 0.004330733196281991, 0.0013204892461788444]","[0.2734397053718567, 0.27353134751319885, 0.27336880564689636, 0.2729283273220062, 0.27239447832107544, 0.27326780557632446]","[0.2734397053718567, 0.27353134751319885, 0.27336880564689636, 0.2729283273220062, 0.27239447832107544, 0.27326780557632446]",1.0,1.0,6.0,6.0,086dfebd71040c3b8512d9e9cc25151dd95fdc19d68b60a3a990f563924cfbbb,086dfebd71040c3b8512d9e9cc25151dd95fdc19d68b60a3a990f563924cfbbb,4.0,1.0,0.0,True,0.0,True,0.0,True,True,True,True
Position,frozen_closed_loop__Position_x0p3,libero_object_temp,4,8,5330388,"[[0.07145281881093979, -0.09023426473140717, -0.00417100265622139, -0.0033669350668787956, 0.03864803910255432, -0.006264079827815294, -1.003797173500061], [0.0754370167851448, -0.10723214596509933, 0.0032526254653930664, -0.005024048965424299, 0.03692811727523804, -0.007116778753697872, -1.0051994323730469], [0.07553167641162872, -0.10248363018035889, -0.00014143064618110657, -0.004570515360683203, 0.041385143995285034, -0.0067599196918308735, -1.0040518045425415], [0.08276883512735367, -0.11319156736135483, -0.0007462687790393829, -0.005384453106671572, 0.035499975085258484, -0.005513104144483805, -1.005456566810608], [0.08178099989891052, -0.09999420493841171, -0.0013986602425575256, -0.004954247735440731, 0.038284823298454285, -0.006576345302164555, -1.0058698654174805], [0.08152652531862259, -0.08471885323524475, 0.0003008544445037842, -0.006182143930345774, 0.03565755486488342, -0.006735243368893862, -1.005305528640747]]","[[0.07145281881093979, -0.09023426473140717, -0.00417100265622139, -0.0033669350668787956, 0.03864803910255432, -0.006264079827815294, -1.003797173500061], [0.0754370167851448, -0.10723214596509933, 0.0032526254653930664, -0.005024048965424299, 0.03692811727523804, -0.007116778753697872, -1.0051994323730469], [0.07553167641162872, -0.10248363018035889, -0.00014143064618110657, -0.004570515360683203, 0.041385143995285034, -0.0067599196918308735, -1.0040518045425415], [0.08276883512735367, -0.11319156736135483, -0.0007462687790393829, -0.005384453106671572, 0.035499975085258484, -0.005513104144483805, -1.005456566810608], [0.08178099989891052, -0.09999420493841171, -0.0013986602425575256, -0.004954247735440731, 0.038284823298454285, -0.006576345302164555, -1.0058698654174805], [0.08152652531862259, -0.08471885323524475, 0.0003008544445037842, -0.006182143930345774, 0.03565755486488342, -0.006735243368893862, -1.005305528640747]]","[0.0007212386006548683, 7.485885101252273e-05, -0.002963886012164587, 0.00016509200133164818, -0.0018342131546282892, 0.003836909713793763]","[0.0007212386006548683, 7.485885101252273e-05, -0.002963886012164587, 0.00016509200133164818, -0.0018342131546282892, 0.003836909713793763]","[0.2723148465156555, 0.2731943726539612, 0.2746424674987793, 0.27324917912483215, 0.27243685722351074, 0.2728853225708008]","[0.2723148465156555, 0.2731943726539612, 0.2746424674987793, 0.27324917912483215, 0.27243685722351074, 0.2728853225708008]",2.0,2.0,6.0,6.0,086dfebd71040c3b8512d9e9cc25151dd95fdc19d68b60a3a990f563924cfbbb,086dfebd71040c3b8512d9e9cc25151dd95fdc19d68b60a3a990f563924cfbbb,5.0,2.0,0.0,True,0.0,True,0.0,True,True,True,True
Position,frozen_closed_loop__Position_x0p3,libero_object_temp,4,8,5330485,"[[0.07636751979589462, -0.09663791954517365, -0.0008849054574966431, -0.004206396639347076, 0.04159453511238098, -0.006958982441574335, -1.0057581663131714], [0.07241271436214447, -0.09163661301136017, -0.0012538768351078033, -0.004938915371894836, 0.03850337862968445, -0.005424401722848415, -1.0050705671310425], [0.07482871413230896, -0.10576419532299042, 0.00041406601667404175, -0.004540289286524057, 0.03325939178466797, -0.006015113089233637, -1.0062373876571655], [0.06396353244781494, -0.09548188745975494, 0.0013440102338790894, -0.00483826594427228, 0.036512866616249084, -0.005290841218084097, -1.0043796300888062], [0.0675099715590477, -0.09129546582698822, -0.0017392449080944061, -0.004982405807822943, 0.035784780979156494, -0.005968756973743439, -1.0033423900604248], [0.07239986211061478, -0.08808284997940063, 0.00038199126720428467, -0.004568795207887888, 0.04270188510417938, -0.005053617991507053, -1.003523349761963]]","[[0.07636751979589462, -0.09663791954517365, -0.0008849054574966431, -0.004206396639347076, 0.04159453511238098, -0.006958982441574335, -1.0057581663131714], [0.07241271436214447, -0.09163661301136017, -0.0012538768351078033, -0.004938915371894836, 0.03850337862968445, -0.005424401722848415, -1.0050705671310425], [0.07482871413230896, -0.10576419532299042, 0.00041406601667404175, -0.004540289286524057, 0.03325939178466797, -0.006015113089233637, -1.0062373876571655], [0.06396353244781494, -0.09548188745975494, 0.0013440102338790894, -0.00483826594427228, 0.036512866616249084, -0.005290841218084097, -1.0043796300888062], [0.0675099715590477, -0.09129546582698822, -0.0017392449080944061, -0.004982405807822943, 0.035784780979156494, -0.005968756973743439, -1.0033423900604248], [0.07239986211061478, -0.08808284997940063, 0.00038199126720428467, -0.004568795207887888, 0.04270188510417938, -0.005053617991507053, -1.003523349761963]]","[-0.0023168448480339284, 0.0030440809217195655, -0.0006600625894842371, 0.0005911396449473413, -0.002535520102761589, 0.001877206973612767]","[-0.0023168448480339284, 0.0030440809217195655, -0.0006600625894842371, 0.0005911396449473413, -0.002535520102761589, 0.001877206973612767]","[0.27281421422958374, 0.27233678102493286, 0.27336961030960083, 0.2715457081794739, 0.2729716897010803, 0.2721753716468811]","[0.27281421422958374, 0.27233678102493286, 0.27336961030960083, 0.2715457081794739, 0.2729716897010803, 0.2721753716468811]",2.0,2.0,6.0,6.0,086dfebd71040c3b8512d9e9cc25151dd95fdc19d68b60a3a990f563924cfbbb,086dfebd71040c3b8512d9e9cc25151dd95fdc19d68b60a3a990f563924cfbbb,1.0,2.0,0.0,True,0.0,True,0.0,True,True,True,True
Position,frozen_closed_loop__Position_x0p3,libero_object_temp,4,9,5340000,"[[0.016859695315361023, -0.02999044954776764, -0.004012305289506912, -0.006265923380851746, 0.0013366341590881348, -0.0005012330948375165, -1.001467227935791], [0.004880167543888092, -0.01728929579257965, -0.002806931734085083, -0.005220754537731409, 0.0017884522676467896, 0.0015368990134447813, -1.0005367994308472], [0.0032361969351768494, -0.014465097337961197, -0.0035729259252548218, -0.008264102041721344, 0.0011891573667526245, 0.0005169076030142605, -1.0011365413665771], [0.009819120168685913, -0.029000211507081985, -0.004746895283460617, -0.006369756069034338, 0.0019632428884506226, 0.00040207456913776696, -1.001725435256958], [-0.007069632411003113, -0.025475062429904938, -0.00426141545176506, -0.006406605243682861, 0.0015877783298492432, 0.0010083409724757075, -1.0013269186019897], [0.010315105319023132, -0.025403201580047607, -0.002438407391309738, -0.008224233984947205, 0.0024107694625854492, -0.0004922217922285199, -1.0027730464935303]]","[[0.016859695315361023, -0.02999044954776764, -0.004012305289506912, -0.006265923380851746, 0.0013366341590881348, -0.0005012330948375165, -1.001467227935791], [0.004880167543888092, -0.01728929579257965, -0.002806931734085083, -0.005220754537731409, 0.0017884522676467896, 0.0015368990134447813, -1.0005367994308472], [0.0032361969351768494, -0.014465097337961197, -0.0035729259252548218, -0.008264102041721344, 0.0011891573667526245, 0.0005169076030142605, -1.0011365413665771], [0.009819120168685913, -0.029000211507081985, -0.004746895283460617, -0.006369756069034338, 0.0019632428884506226, 0.00040207456913776696, -1.001725435256958], [-0.007069632411003113, -0.025475062429904938, -0.00426141545176506, -0.006406605243682861, 0.0015877783298492432, 0.0010083409724757075, -1.0013269186019897], [0.010315105319023132, -0.025403201580047607, -0.002438407391309738, -0.008224233984947205, 0.0024107694625854492, -0.0004922217922285199, -1.0027730464935303]]","[4.711423183153792e-07, 0.004795252589053502, 0.0026900392740883934, -0.0016445656402247857, -0.005588070793750153, -0.0002531265714853122]","[4.711423183153792e-07, 0.004795252589053502, 0.0026900392740883934, -0.0016445656402247857, -0.005588070793750153, -0.0002531265714853122]","[0.24678602814674377, 0.2451813817024231, 0.24298301339149475, 0.24816712737083435, 0.24547460675239563, 0.24684929847717285]","[0.24678602814674377, 0.2451813817024231, 0.24298301339149475, 0.24816712737083435, 0.24547460675239563, 0.24684929847717285]",3.0,3.0,6.0,6.0,086dfebd71040c3b8512d9e9cc25151dd95fdc19d68b60a3a990f563924cfbbb,086dfebd71040c3b8512d9e9cc25151dd95fdc19d68b60a3a990f563924cfbbb,1.0,3.0,0.0,True,0.0,True,0.0,True,True,True,True
Position,frozen_closed_loop__Position_x0p3,libero_object_temp,4,9,5340097,"[[0.013044029474258423, -0.015078429132699966, -0.0036317668855190277, -0.009852292947471142, 0.00473293662071228, 0.0006206583348102868, -1.001132607460022], [0.011117197573184967, -0.035403650254011154, -0.005582738667726517, -0.005223206244409084, 0.004812642931938171, 0.0007786088390275836, -1.0042213201522827], [0.004871785640716553, -0.01946914941072464, -0.00463949516415596, -0.008196643553674221, 0.0024556964635849, 7.231516792671755e-05, -1.001307487487793], [0.009374096989631653, -0.01872137188911438, -0.0036569125950336456, -0.00933322124183178, 0.002254083752632141, -0.00038569499156437814, -1.0029503107070923], [-0.006394106894731522, -0.015876218676567078, -0.004534665495157242, -0.005807358305901289, 0.0011343955993652344, -9.411781502421945e-05, -1.0014336109161377], [0.001878887414932251, -0.01825086772441864, -0.002220701426267624, -0.00675654411315918, 0.004673391580581665, -0.0005049565806984901, -1.0015575885772705]]","[[0.013044029474258423, -0.015078429132699966, -0.0036317668855190277, -0.009852292947471142, 0.00473293662071228, 0.0006206583348102868, -1.001132607460022], [0.011117197573184967, -0.035403650254011154, -0.005582738667726517, -0.005223206244409084, 0.004812642931938171, 0.0007786088390275836, -1.0042213201522827], [0.004871785640716553, -0.01946914941072464, -0.00463949516415596, -0.008196643553674221, 0.0024556964635849, 7.231516792671755e-05, -1.001307487487793], [0.009374096989631653, -0.01872137188911438, -0.0036569125950336456, -0.00933322124183178, 0.002254083752632141, -0.00038569499156437814, -1.0029503107070923], [-0.006394106894731522, -0.015876218676567078, -0.004534665495157242, -0.005807358305901289, 0.0011343955993652344, -9.411781502421945e-05, -1.0014336109161377], [0.001878887414932251, -0.01825086772441864, -0.002220701426267624, -0.00675654411315918, 0.004673391580581665, -0.0005049565806984901, -1.0015575885772705]]","[-3.5545578492505634e-05, -0.0012310270987397022, 0.00219832822208542, -0.0006402699171820417, -0.0007810967070823395, 0.0004896110794111108]","[-3.5545578492505634e-05, -0.0012310270987397022, 0.00219832822208542, -0.0006402699171820417, -0.0007810967070823395, 0.0004896110794111108]","[0.2472206950187683, 0.24902930855751038, 0.24401584267616272, 0.24544262886047363, 0.24586331844329834, 0.2438890039920807]","[0.2472206950187683, 0.24902930855751038, 0.24401584267616272, 0.24544262886047363, 0.24586331844329834, 0.2438890039920807]",1.0,1.0,6.0,6.0,086dfebd71040c3b8512d9e9cc25151dd95fdc19d68b60a3a990f563924cfbbb,086dfebd71040c3b8512d9e9cc25151dd95fdc19d68b60a3a990f563924cfbbb,2.0,1.0,0.0,True,0.0,True,0.0,True,True,True,True
Position,frozen_closed_loop__Position_x0p3,libero_object_temp,4,9,5340194,"[[-0.0014749355614185333, -0.018745679408311844, -0.0052521005272865295, -0.004628825932741165, 0.002141118049621582, 4.512715167948045e-05, -1.0032621622085571], [0.01934196799993515, -0.019793305546045303, -0.0029266253113746643, -0.010284310206770897, 0.001292198896408081, 0.0005452633486129344, -1.0003552436828613], [0.03188878297805786, -0.03450572490692139, -0.00360315665602684, -0.007257337681949139, 0.0013090968132019043, 0.00047958464710973203, -1.0017775297164917], [0.022187232971191406, -0.026229098439216614, -0.004873126745223999, -0.007485934067517519, 0.0033216923475265503, 2.6972427804139443e-05, -1.0001423358917236], [0.00010125339031219482, -0.020829811692237854, -0.0035458803176879883, -0.006790136452764273, 0.0018640458583831787, 0.00014960493717808276, -1.0018236637115479], [-0.004027113318443298, -0.012810509651899338, -0.0033725984394550323, -0.006407355424016714, 0.0018388330936431885, 0.0008881100220605731, -0.9989944100379944]]","[[-0.0014749355614185333, -0.018745679408311844, -0.0052521005272865295, -0.004628825932741165, 0.002141118049621582, 4.512715167948045e-05, -1.0032621622085571], [0.01934196799993515, -0.019793305546045303, -0.0029266253113746643, -0.010284310206770897, 0.001292198896408081, 0.0005452633486129344, -1.0003552436828613], [0.03188878297805786, -0.03450572490692139, -0.00360315665602684, -0.007257337681949139, 0.0013090968132019043, 0.00047958464710973203, -1.0017775297164917], [0.022187232971191406, -0.026229098439216614, -0.004873126745223999, -0.007485934067517519, 0.0033216923475265503, 2.6972427804139443e-05, -1.0001423358917236], [0.00010125339031219482, -0.020829811692237854, -0.0035458803176879883, -0.006790136452764273, 0.0018640458583831787, 0.00014960493717808276, -1.0018236637115479], [-0.004027113318443298, -0.012810509651899338, -0.0033725984394550323, -0.006407355424016714, 0.0018388330936431885, 0.0008881100220605731, -0.9989944100379944]]","[0.00042994693860308095, 0.0005507578170553145, -0.0018225268511139058, 0.001344883752513762, -4.2579934168307e-06, -0.0004988036636414194]","[0.00042994693860308095, 0.0005507578170553145, -0.0018225268511139058, 0.001344883752513762, -4.2579934168307e-06, -0.0004988036636414194]","[0.24575555324554443, 0.24479162693023682, 0.24788877367973328, 0.24360671639442444, 0.2451373040676117, 0.2464796006679535]","[0.24575555324554443, 0.24479162693023682, 0.24788877367973328, 0.24360671639442444, 0.2451373040676117, 0.2464796006679535]",2.0,2.0,6.0,6.0,086dfebd71040c3b8512d9e9cc25151dd95fdc19d68b60a3a990f563924cfbbb,086dfebd71040c3b8512d9e9cc25151dd95fdc19d68b60a3a990f563924cfbbb,3.0,2.0,0.0,True,0.0,True,0.0,True,True,True,True
Position,frozen_closed_loop__Position_x0p3,libero_object_temp,4,9,5340291,"[[0.004033371806144714, -0.027415361255407333, -0.004184134304523468, -0.008429264649748802, 0.0008267909288406372, 0.00023041990061756223, -1.0015230178833008], [0.004000850021839142, -0.022719595581293106, -0.004671569913625717, -0.0051994938403368, 0.0031460970640182495, -5.42391135240905e-05, -1.002254843711853], [0.014283545315265656, -0.014271754771471024, -0.0035348720848560333, -0.0090908482670784, 0.00045937299728393555, 0.000786342192441225, -1.0020681619644165], [-0.006356276571750641, -0.020301584154367447, -0.003252848982810974, -0.005903908982872963, 0.000575825572013855, 0.0003710308810696006, -1.0017143487930298], [0.0018940865993499756, -0.022266525775194168, -0.001961812376976013, -0.007919011637568474, 0.0018762052059173584, 0.0006373809301294386, -1.0018136501312256], [0.00014271587133407593, -0.011385753750801086, -0.004026778042316437, -0.01006866805255413, 0.002069637179374695, 0.0018051437800750136, -1.0016419887542725]]","[[0.004033371806144714, -0.027415361255407333, -0.004184134304523468, -0.008429264649748802, 0.0008267909288406372, 0.00023041990061756223, -1.0015230178833008], [0.004000850021839142, -0.022719595581293106, -0.004671569913625717, -0.0051994938403368, 0.0031460970640182495, -5.42391135240905e-05, -1.002254843711853], [0.014283545315265656, -0.014271754771471024, -0.0035348720848560333, -0.0090908482670784, 0.00045937299728393555, 0.000786342192441225, -1.0020681619644165], [-0.006356276571750641, -0.020301584154367447, -0.003252848982810974, -0.005903908982872963, 0.000575825572013855, 0.0003710308810696006, -1.0017143487930298], [0.0018940865993499756, -0.022266525775194168, -0.001961812376976013, -0.007919011637568474, 0.0018762052059173584, 0.0006373809301294386, -1.0018136501312256], [0.00014271587133407593, -0.011385753750801086, -0.004026778042316437, -0.01006866805255413, 0.002069637179374695, 0.0018051437800750136, -1.0016419887542725]]","[-0.00045107603869953806, 0.003546411839877918, -0.0021295042122180404, 0.0010735460135587087, 0.0016647704386034499, -0.0037041480411225316]","[-0.00045107603869953806, 0.003546411839877918, -0.0021295042122180404, 0.0010735460135587087, 0.0016647704386034499, -0.0037041480411225316]","[0.24591058492660522, 0.2449958622455597, 0.24667853116989136, 0.24571672081947327, 0.24333325028419495, 0.24503299593925476]","[0.24591058492660522, 0.2449958622455597, 0.24667853116989136, 0.24571672081947327, 0.24333325028419495, 0.24503299593925476]",2.0,2.0,6.0,6.0,086dfebd71040c3b8512d9e9cc25151dd95fdc19d68b60a3a990f563924cfbbb,086dfebd71040c3b8512d9e9cc25151dd95fdc19d68b60a3a990f563924cfbbb,1.0,2.0,0.0,True,0.0,True,0.0,True,True,True,True
Position,frozen_closed_loop__Position_x0p3,libero_object_temp,4,9,5340388,"[[-0.013600587844848633, -0.02417720854282379, -0.004043318331241608, -0.005908336956053972, 0.0014010071754455566, 0.0015475406544283032, -1.001599907875061], [0.014810822904109955, -0.022886842489242554, -0.0012073852121829987, -0.0097632622346282, 0.005868136882781982, -0.00012566825898829848, -1.004697322845459], [0.013768114149570465, -0.015544183552265167, -0.0033425912261009216, -0.008438467979431152, 0.003203853964805603, -0.0007981201051734388, -1.0028587579727173], [0.017454810440540314, -0.03391994163393974, -0.0038356706500053406, -0.008104538545012474, 0.0024856477975845337, 0.00045468800817616284, -1.0008642673492432], [0.006714910268783569, -0.017630215734243393, -0.004309471696615219, -0.0059173754416406155, 0.0035865604877471924, 0.0002921106934081763, -1.0017006397247314], [0.0006087496876716614, -0.01738663762807846, -0.004859324544668198, -0.007088131736963987, 0.002577647566795349, 0.00010448251850903034, -1.0012447834014893]]","[[-0.013600587844848633, -0.02417720854282379, -0.004043318331241608, -0.005908336956053972, 0.0014010071754455566, 0.0015475406544283032, -1.001599907875061], [0.014810822904109955, -0.022886842489242554, -0.0012073852121829987, -0.0097632622346282, 0.005868136882781982, -0.00012566825898829848, -1.004697322845459], [0.013768114149570465, -0.015544183552265167, -0.0033425912261009216, -0.008438467979431152, 0.003203853964805603, -0.0007981201051734388, -1.0028587579727173], [0.017454810440540314, -0.03391994163393974, -0.0038356706500053406, -0.008104538545012474, 0.0024856477975845337, 0.00045468800817616284, -1.0008642673492432], [0.006714910268783569, -0.017630215734243393, -0.004309471696615219, -0.0059173754416406155, 0.0035865604877471924, 0.0002921106934081763, -1.0017006397247314], [0.0006087496876716614, -0.01738663762807846, -0.004859324544668198, -0.007088131736963987, 0.002577647566795349, 0.00010448251850903034, -1.0012447834014893]]","[0.0005676833360815909, -0.0014641570404749639, -0.001417010817121881, 0.0016593450627998755, 0.00019044630831787095, 0.00046369315039754174]","[0.0005676833360815909, -0.0014641570404749639, -0.001417010817121881, 0.0016593450627998755, 0.00019044630831787095, 0.00046369315039754174]","[0.24603256583213806, 0.24708348512649536, 0.24746829271316528, 0.24494776129722595, 0.2455052137374878, 0.2443200647830963]","[0.24603256583213806, 0.24708348512649536, 0.24746829271316528, 0.24494776129722595, 0.2455052137374878, 0.2443200647830963]",2.0,2.0,6.0,6.0,086dfebd71040c3b8512d9e9cc25151dd95fdc19d68b60a3a990f563924cfbbb,086dfebd71040c3b8512d9e9cc25151dd95fdc19d68b60a3a990f563924cfbbb,3.0,2.0,0.0,True,0.0,True,0.0,True,True,True,True
Position,frozen_closed_loop__Position_x0p3,libero_object_temp,4,9,5340485,"[[-0.0017544440925121307, -0.01869047060608864, -0.0027000345289707184, -0.005079084541648626, 0.0015493333339691162, 0.0005311626009643078, -1.0027004480361938], [-0.009261108934879303, -0.015955176204442978, -0.003924742341041565, -0.005966025870293379, 0.0011496394872665405, 0.00021424809528980404, -1.0003736019134521], [0.00608883798122406, -0.012634936720132828, -0.0025503896176815033, -0.008582113310694695, 0.0032147616147994995, 0.00016599707305431366, -1.0012059211730957], [0.0018803402781486511, -0.041375309228897095, -0.0049996934831142426, -0.008794590830802917, 0.004653364419937134, -0.0011947478633373976, -0.9995573163032532], [-0.00267980620265007, -0.02141335979104042, -0.003761742264032364, -0.005202457774430513, 0.0009912997484207153, -0.00011670105595840141, -1.0009398460388184], [0.024612396955490112, -0.035771504044532776, -0.0034126080572605133, -0.007724282331764698, 0.0017341375350952148, -6.569597462657839e-05, -1.001905083656311]]","[[-0.0017544440925121307, -0.01869047060608864, -0.0027000345289707184, -0.005079084541648626, 0.0015493333339691162, 0.0005311626009643078, -1.0027004480361938], [-0.009261108934879303, -0.015955176204442978, -0.003924742341041565, -0.005966025870293379, 0.0011496394872665405, 0.00021424809528980404, -1.0003736019134521], [0.00608883798122406, -0.012634936720132828, -0.0025503896176815033, -0.008582113310694695, 0.0032147616147994995, 0.00016599707305431366, -1.0012059211730957], [0.0018803402781486511, -0.041375309228897095, -0.0049996934831142426, -0.008794590830802917, 0.004653364419937134, -0.0011947478633373976, -0.9995573163032532], [-0.00267980620265007, -0.02141335979104042, -0.003761742264032364, -0.005202457774430513, 0.0009912997484207153, -0.00011670105595840141, -1.0009398460388184], [0.024612396955490112, -0.035771504044532776, -0.0034126080572605133, -0.007724282331764698, 0.0017341375350952148, -6.569597462657839e-05, -1.001905083656311]]","[-0.00300942454915898, 0.003371076212586941, 0.0020568132326129326, -0.0016768221464767933, -0.001151298080489162, 0.0004096553309251882]","[-0.00300942454915898, 0.003371076212586941, 0.0020568132326129326, -0.0016768221464767933, -0.001151298080489162, 0.0004096553309251882]","[0.24628308415412903, 0.24417904019355774, 0.24464210867881775, 0.24642562866210938, 0.2444756031036377, 0.24453461170196533]","[0.24628308415412903, 0.24417904019355774, 0.24464210867881775, 0.24642562866210938, 0.2444756031036377, 0.24453461170196533]",3.0,3.0,6.0,6.0,086dfebd71040c3b8512d9e9cc25151dd95fdc19d68b60a3a990f563924cfbbb,086dfebd71040c3b8512d9e9cc25151dd95fdc19d68b60a3a990f563924cfbbb,1.0,3.0,0.0,True,0.0,True,0.0,True,True,True,True
Position,frozen_closed_loop__Position_x0p3,libero_object_temp,5,5,5350000,"[[0.0091552734375, -0.0012309662997722626, -0.010805167257785797, -0.002809349214658141, 0.005751103162765503, -0.0017477619694545865, -1.0022224187850952], [0.005506016314029694, -0.002607777714729309, -0.011642910540103912, -0.002689763205125928, 0.0053064823150634766, -0.0014597539557144046, -1.0026707649230957], [-0.0008812732994556427, -0.0012492947280406952, -0.014579538255929947, -0.002008621348068118, 0.0048674046993255615, -0.0022346344776451588, -1.0022876262664795], [0.012684948742389679, -0.00029342249035835266, -0.014586132019758224, -0.002273865509778261, 0.004505038261413574, -0.0010966595727950335, -1.0000265836715698], [0.0008628889918327332, 0.00015132129192352295, -0.014313999563455582, -0.0024356981739401817, 0.005749404430389404, -0.001600497169420123, -0.999690055847168], [-0.003908984363079071, 0.002072565257549286, -0.01204904168844223, -0.0028971906285732985, 0.0009756535291671753, -0.0005807701381854713, -1.0049831867218018]]","[[0.0091552734375, -0.0012309662997722626, -0.010805167257785797, -0.002809349214658141, 0.005751103162765503, -0.0017477619694545865, -1.0022224187850952], [0.005506016314029694, -0.002607777714729309, -0.011642910540103912, -0.002689763205125928, 0.0053064823150634766, -0.0014597539557144046, -1.0026707649230957], [-0.0008812732994556427, -0.0012492947280406952, -0.014579538255929947, -0.002008621348068118, 0.0048674046993255615, -0.0022346344776451588, -1.0022876262664795], [0.012684948742389679, -0.00029342249035835266, -0.014586132019758224, -0.002273865509778261, 0.004505038261413574, -0.0010966595727950335, -1.0000265836715698], [0.0008628889918327332, 0.00015132129192352295, -0.014313999563455582, -0.0024356981739401817, 0.005749404430389404, -0.001600497169420123, -0.999690055847168], [-0.003908984363079071, 0.002072565257549286, -0.01204904168844223, -0.0028971906285732985, 0.0009756535291671753, -0.0005807701381854713, -1.0049831867218018]]","[-0.0010646198056384582, -0.001188964037934519, 0.0011659937131701693, 0.0026383842149832774, -0.0025267937644074126, 0.0009759996798269644]","[-0.0010646198056384582, -0.001188964037934519, 0.0011659937131701693, 0.0026383842149832774, -0.0025267937644074126, 0.0009759996798269644]","[0.27819329500198364, 0.27719998359680176, 0.2645803689956665, 0.28225424885749817, 0.27216196060180664, 0.2689831256866455]","[0.27819329500198364, 0.27719998359680176, 0.2645803689956665, 0.28225424885749817, 0.27216196060180664, 0.2689831256866455]",3.0,3.0,6.0,6.0,086dfebd71040c3b8512d9e9cc25151dd95fdc19d68b60a3a990f563924cfbbb,086dfebd71040c3b8512d9e9cc25151dd95fdc19d68b60a3a990f563924cfbbb,3.0,3.0,0.0,True,0.0,True,0.0,True,True,True,False
Position,frozen_closed_loop__Position_x0p3,libero_object_temp,5,5,5350097,"[[0.001000910997390747, -0.002235565334558487, -0.013268943876028061, -0.0024553851690143347, 0.001977592706680298, -0.0011570503702387214, -1.001001000404358], [0.005056299269199371, -0.00038042664527893066, -0.013160593807697296, -0.002613302320241928, 0.004784524440765381, -0.0005340393399819732, -1.001524806022644], [0.0028738752007484436, 0.0016379356384277344, -0.0110667385160923, -0.0021506936755031347, 0.005782037973403931, -0.0007084921235218644, -1.0029765367507935], [0.011353902518749237, -0.0036521069705486298, -0.017586462199687958, -0.0015224467497318983, 0.007611528038978577, -0.001269702217541635, -1.0002610683441162], [0.0017603114247322083, -0.0021300092339515686, -0.00845314934849739, -0.0020597234833985567, 0.006966590881347656, -0.0011624263133853674, -1.0003858804702759], [0.0011202692985534668, -0.0021308474242687225, -0.013587232679128647, -0.002291704760864377, 0.003870829939842224, -0.001434020115993917, -1.0000019073486328]]","[[0.001000910997390747, -0.002235565334558487, -0.013268943876028061, -0.0024553851690143347, 0.001977592706680298, -0.0011570503702387214, -1.001001000404358], [0.005056299269199371, -0.00038042664527893066, -0.013160593807697296, -0.002613302320241928, 0.004784524440765381, -0.0005340393399819732, -1.001524806022644], [0.0028738752007484436, 0.0016379356384277344, -0.0110667385160923, -0.0021506936755031347, 0.005782037973403931, -0.0007084921235218644, -1.0029765367507935], [0.011353902518749237, -0.0036521069705486298, -0.017586462199687958, -0.0015224467497318983, 0.007611528038978577, -0.001269702217541635, -1.0002610683441162], [0.0017603114247322083, -0.0021300092339515686, -0.00845314934849739, -0.0020597234833985567, 0.006966590881347656, -0.0011624263133853674, -1.0003858804702759], [0.0011202692985534668, -0.0021308474242687225, -0.013587232679128647, -0.002291704760864377, 0.003870829939842224, -0.001434020115993917, -1.0000019073486328]]","[0.00393441154200304, -0.0006429541306504874, 0.00018861793267300206, -0.005712231622465063, 0.0033277352706643803, -0.0010955789922248971]","[0.00393441154200304, -0.0006429541306504874, 0.00018861793267300206, -0.005712231622465063, 0.0033277352706643803, -0.0010955789922248971]","[0.2748063802719116, 0.2677735388278961, 0.26795679330825806, 0.2897728681564331, 0.2737249433994293, 0.275836706161499]","[0.2748063802719116, 0.2677735388278961, 0.26795679330825806, 0.2897728681564331, 0.2737249433994293, 0.275836706161499]",3.0,3.0,6.0,6.0,086dfebd71040c3b8512d9e9cc25151dd95fdc19d68b60a3a990f563924cfbbb,086dfebd71040c3b8512d9e9cc25151dd95fdc19d68b60a3a990f563924cfbbb,0.0,3.0,0.0,True,0.0,True,0.0,True,True,True,True
Position,frozen_closed_loop__Position_x0p3,libero_object_temp,5,5,5350194,"[[-0.011037010699510574, -0.0011385418474674225, -0.015238635241985321, -0.002206223551183939, 0.004312500357627869, -0.0006355427904054523, -1.0026780366897583], [0.008767470717430115, -0.001878831535577774, -0.008389055728912354, -0.0024844766594469547, 0.004901424050331116, -0.0012435277458280325, -1.001601219177246], [0.01126796007156372, -0.004050415009260178, -0.013864841312170029, -0.0020177329424768686, 0.0038425326347351074, -0.0017110999906435609, -1.000784993171692], [0.014704875648021698, -0.004345625638961792, -0.013429094105958939, -0.0022432554978877306, 0.005654454231262207, -0.0006102275219745934, -1.000725507736206], [-0.001947116106748581, -0.0036011449992656708, -0.012845546007156372, -0.001962056616321206, 0.005649000406265259, -0.00045851219329051673, -1.001386284828186], [0.007925815880298615, -0.0011845864355564117, -0.013856571167707443, -0.0020206603221595287, 0.005531564354896545, -0.0009744015405885875, -0.9997172355651855]]","[[-0.011037010699510574, -0.0011385418474674225, -0.015238635241985321, -0.002206223551183939, 0.004312500357627869, -0.0006355427904054523, -1.0026780366897583], [0.008767470717430115, -0.001878831535577774, -0.008389055728912354, -0.0024844766594469547, 0.004901424050331116, -0.0012435277458280325, -1.001601219177246], [0.01126796007156372, -0.004050415009260178, -0.013864841312170029, -0.0020177329424768686, 0.0038425326347351074, -0.0017110999906435609, -1.000784993171692], [0.014704875648021698, -0.004345625638961792, -0.013429094105958939, -0.0022432554978877306, 0.005654454231262207, -0.0006102275219745934, -1.000725507736206], [-0.001947116106748581, -0.0036011449992656708, -0.012845546007156372, -0.001962056616321206, 0.005649000406265259, -0.00045851219329051673, -1.001386284828186], [0.007925815880298615, -0.0011845864355564117, -0.013856571167707443, -0.0020206603221595287, 0.005531564354896545, -0.0009744015405885875, -0.9997172355651855]]","[0.0021453208001672194, 0.00029289142794998793, -0.0021199461961419566, 7.709796522918937e-05, -0.0005811474287273437, 0.00018578343152279376]","[0.0021453208001672194, 0.00029289142794998793, -0.0021199461961419566, 7.709796522918937e-05, -0.0005811474287273437, 0.00018578343152279376]","[0.26824429631233215, 0.2766377329826355, 0.2740200161933899, 0.2829451560974121, 0.2715032696723938, 0.2774087190628052]","[0.26824429631233215, 0.2766377329826355, 0.2740200161933899, 0.2829451560974121, 0.2715032696723938, 0.2774087190628052]",3.0,3.0,6.0,6.0,086dfebd71040c3b8512d9e9cc25151dd95fdc19d68b60a3a990f563924cfbbb,086dfebd71040c3b8512d9e9cc25151dd95fdc19d68b60a3a990f563924cfbbb,0.0,3.0,0.0,True,0.0,True,0.0,True,True,True,True
Position,frozen_closed_loop__Position_x0p3,libero_object_temp,5,5,5350291,"[[0.000746212899684906, -0.0014966167509555817, -0.016255807131528854, -0.001773602794855833, 0.007061094045639038, -0.0003495397977530956, -1.0026296377182007], [0.0018436834216117859, 0.001916438341140747, -0.01613527536392212, -0.002082301303744316, 0.0036800354719161987, -0.0011600027792155743, -1.0004180669784546], [-0.0006990507245063782, 0.0008210912346839905, -0.013053417205810547, -0.0016256023664027452, 0.004254519939422607, -0.0006025161710567772, -1.0006201267242432], [0.0015854090452194214, 0.0018330663442611694, -0.013188924640417099, -0.0022138897329568863, 0.005602821707725525, -0.0005021364195272326, -1.0015119314193726], [0.002882145345211029, 1.5869736671447754e-05, -0.01277480274438858, -0.002503669587895274, 0.0031290203332901, -0.0013655433431267738, -1.0021162033081055], [0.0020792707800865173, -4.4424086809158325e-05, -0.015784911811351776, -0.002464057644829154, 0.0034251809120178223, -0.0012253510067239404, -1.001409888267517]]","[[0.000746212899684906, -0.0014966167509555817, -0.016255807131528854, -0.001773602794855833, 0.007061094045639038, -0.0003495397977530956, -1.0026296377182007], [0.0018436834216117859, 0.001916438341140747, -0.01613527536392212, -0.002082301303744316, 0.0036800354719161987, -0.0011600027792155743, -1.0004180669784546], [-0.0006990507245063782, 0.0008210912346839905, -0.013053417205810547, -0.0016256023664027452, 0.004254519939422607, -0.0006025161710567772, -1.0006201267242432], [0.0015854090452194214, 0.0018330663442611694, -0.013188924640417099, -0.0022138897329568863, 0.005602821707725525, -0.0005021364195272326, -1.0015119314193726], [0.002882145345211029, 1.5869736671447754e-05, -0.01277480274438858, -0.002503669587895274, 0.0031290203332901, -0.0013655433431267738, -1.0021162033081055], [0.0020792707800865173, -4.4424086809158325e-05, -0.015784911811351776, -0.002464057644829154, 0.0034251809120178223, -0.0012253510067239404, -1.001409888267517]]","[0.001474352487784842, -0.0010529173473630706, 0.0018981083025538226, -0.00377682129920757, 0.0022861331755782126, -0.0008288553193462568]","[0.001474352487784842, -0.0010529173473630706, 0.0018981083025538226, -0.00377682129920757, 0.0022861331755782126, -0.0008288553193462568]","[0.26749587059020996, 0.2675492465496063, 0.2660827338695526, 0.27158597111701965, 0.2642325162887573, 0.26921844482421875]","[0.26749587059020996, 0.2675492465496063, 0.2660827338695526, 0.27158597111701965, 0.2642325162887573, 0.26921844482421875]",3.0,3.0,6.0,6.0,086dfebd71040c3b8512d9e9cc25151dd95fdc19d68b60a3a990f563924cfbbb,086dfebd71040c3b8512d9e9cc25151dd95fdc19d68b60a3a990f563924cfbbb,4.0,3.0,0.0,True,0.0,True,0.0,True,True,True,True
Position,frozen_closed_loop__Position_x0p3,libero_object_temp,5,5,5350388,"[[0.0007918104529380798, -0.0001712702214717865, -0.015214774757623672, -0.002654066774994135, 0.0027554333209991455, -0.0020353072322905064, -1.003867506980896], [0.0068417564034461975, 0.0016305595636367798, -0.014579426497220993, -0.002514226594939828, 0.005109608173370361, 0.0002812266757246107, -1.0022788047790527], [0.0044240802526474, -0.0005252659320831299, -0.012777987867593765, -0.0026135584339499474, 0.003354370594024658, 0.0002489711914677173, -1.0028890371322632], [0.004427991807460785, -0.00048274174332618713, -0.012589003890752792, -0.0023569318000227213, 0.005701705813407898, -0.0001809035602491349, -1.0014657974243164], [0.002641528844833374, -0.003263857215642929, -0.018646549433469772, -0.0023645430337637663, 0.004545450210571289, -0.0012112281983718276, -1.0004428625106812], [0.003927983343601227, -0.0035315193235874176, -0.015079323202371597, -0.00241599278524518, 0.0059670209884643555, -0.0014353861333802342, -1.0025396347045898]]","[[0.0007918104529380798, -0.0001712702214717865, -0.015214774757623672, -0.002654066774994135, 0.0027554333209991455, -0.0020353072322905064, -1.003867506980896], [0.0068417564034461975, 0.0016305595636367798, -0.014579426497220993, -0.002514226594939828, 0.005109608173370361, 0.0002812266757246107, -1.0022788047790527], [0.0044240802526474, -0.0005252659320831299, -0.012777987867593765, -0.0026135584339499474, 0.003354370594024658, 0.0002489711914677173, -1.0028890371322632], [0.004427991807460785, -0.00048274174332618713, -0.012589003890752792, -0.0023569318000227213, 0.005701705813407898, -0.0001809035602491349, -1.0014657974243164], [0.002641528844833374, -0.003263857215642929, -0.018646549433469772, -0.0023645430337637663, 0.004545450210571289, -0.0012112281983718276, -1.0004428625106812], [0.003927983343601227, -0.0035315193235874176, -0.015079323202371597, -0.00241599278524518, 0.0059670209884643555, -0.0014353861333802342, -1.0025396347045898]]","[0.0012333181836723817, -0.002003152984614543, -0.0030670398268195093, 0.0024756611748835166, 0.0015488977727252063, -0.00018768431984708157]","[0.0012333181836723817, -0.002003152984614543, -0.0030670398268195093, 0.0024756611748835166, 0.0015488977727252063, -0.00018768431984708157]","[0.2657131850719452, 0.27269524335861206, 0.2759036719799042, 0.26040077209472656, 0.27073249220848083, 0.2708017826080322]","[0.2657131850719452, 0.27269524335861206, 0.2759036719799042, 0.26040077209472656, 0.27073249220848083, 0.2708017826080322]",2.0,2.0,6.0,6.0,086dfebd71040c3b8512d9e9cc25151dd95fdc19d68b60a3a990f563924cfbbb,086dfebd71040c3b8512d9e9cc25151dd95fdc19d68b60a3a990f563924cfbbb,3.0,2.0,0.0,True,0.0,True,0.0,True,True,True,True
Position,frozen_closed_loop__Position_x0p3,libero_object_temp,5,5,5350485,"[[0.005392357707023621, -0.0001391395926475525, -0.011982601135969162, -0.0027181594632565975, 0.004599049687385559, -5.1617254939628765e-05, -1.000449776649475], [0.0010689720511436462, -0.0016255304217338562, -0.012229643762111664, -0.0020162691362202168, 0.006328672170639038, -8.600988076068461e-05, -1.0008301734924316], [-0.0018277578055858612, 0.0014857202768325806, -0.012949593365192413, -0.0025260462425649166, 0.004386037588119507, -0.0006095004500821233, -1.0014804601669312], [-3.1851232051849365e-05, -0.0015687011182308197, -0.010168757289648056, -0.002142734592780471, 0.003506094217300415, -0.00017345660307910293, -1.0015451908111572], [-0.005762279033660889, 0.0006739050149917603, -0.012403205037117004, -0.001873099128715694, 0.0054750144481658936, -0.0011471137404441833, -1.001365065574646], [-0.001268293708562851, -0.002398453652858734, -0.014757290482521057, -0.0022434203419834375, 0.0016711503267288208, -0.0005746231181547046, -1.0020712614059448]]","[[0.005392357707023621, -0.0001391395926475525, -0.011982601135969162, -0.0027181594632565975, 0.004599049687385559, -5.1617254939628765e-05, -1.000449776649475], [0.0010689720511436462, -0.0016255304217338562, -0.012229643762111664, -0.0020162691362202168, 0.006328672170639038, -8.600988076068461e-05, -1.0008301734924316], [-0.0018277578055858612, 0.0014857202768325806, -0.012949593365192413, -0.0025260462425649166, 0.004386037588119507, -0.0006095004500821233, -1.0014804601669312], [-3.1851232051849365e-05, -0.0015687011182308197, -0.010168757289648056, -0.002142734592780471, 0.003506094217300415, -0.00017345660307910293, -1.0015451908111572], [-0.005762279033660889, 0.0006739050149917603, -0.012403205037117004, -0.001873099128715694, 0.0054750144481658936, -0.0011471137404441833, -1.001365065574646], [-0.001268293708562851, -0.002398453652858734, -0.014757290482521057, -0.0022434203419834375, 0.0016711503267288208, -0.0005746231181547046, -1.0020712614059448]]","[-0.0031888862467073314, 0.002007779994618659, 0.0010783131178895655, -0.0037635657694216553, 0.004671482203427129, -0.0008051232998063983]","[-0.0031888862467073314, 0.002007779994618659, 0.0010783131178895655, -0.0037635657694216553, 0.004671482203427129, -0.0008051232998063983]","[0.2778767943382263, 0.2645910382270813, 0.26538383960723877, 0.2731473445892334, 0.2664318084716797, 0.26572054624557495]","[0.2778767943382263, 0.2645910382270813, 0.26538383960723877, 0.2731473445892334, 0.2664318084716797, 0.26572054624557495]",0.0,0.0,6.0,6.0,086dfebd71040c3b8512d9e9cc25151dd95fdc19d68b60a3a990f563924cfbbb,086dfebd71040c3b8512d9e9cc25151dd95fdc19d68b60a3a990f563924cfbbb,4.0,0.0,0.0,True,0.0,True,0.0,True,True,True,True
Position,frozen_closed_loop__Position_x0p3,libero_object_temp,5,6,5360000,"[[0.003927536308765411, -0.0027815625071525574, -0.018954724073410034, -0.0018595048459246755, 0.0036026984453201294, -0.0016934298910200596, -1.001451849937439], [0.01150723546743393, -0.004282090812921524, -0.019138064235448837, -0.0013507707044482231, 0.006563365459442139, -0.001428291667252779, -1.0001181364059448], [-0.0014782324433326721, 0.00102214515209198, -0.017112772911787033, -0.002166245598345995, 0.006076633930206299, -0.000692254223395139, -1.001267433166504], [0.003377683460712433, -0.003081969916820526, -0.019371695816516876, -0.002363097621127963, 0.003265947103500366, -0.0009639582131057978, -1.0013978481292725], [0.005661807954311371, -0.0016181543469429016, -0.01824377104640007, -0.0022698037791997194, 0.003107428550720215, -0.0016611304599791765, -1.0023877620697021], [0.006683617830276489, -0.003888476639986038, -0.01797923818230629, -0.001524678897112608, 0.0035757869482040405, -0.0007745012990199029, -0.9991804361343384]]","[[0.003927536308765411, -0.0027815625071525574, -0.018954724073410034, -0.0018595048459246755, 0.0036026984453201294, -0.0016934298910200596, -1.001451849937439], [0.01150723546743393, -0.004282090812921524, -0.019138064235448837, -0.0013507707044482231, 0.006563365459442139, -0.001428291667252779, -1.0001181364059448], [-0.0014782324433326721, 0.00102214515209198, -0.017112772911787033, -0.002166245598345995, 0.006076633930206299, -0.000692254223395139, -1.001267433166504], [0.003377683460712433, -0.003081969916820526, -0.019371695816516876, -0.002363097621127963, 0.003265947103500366, -0.0009639582131057978, -1.0013978481292725], [0.005661807954311371, -0.0016181543469429016, -0.01824377104640007, -0.0022698037791997194, 0.003107428550720215, -0.0016611304599791765, -1.0023877620697021], [0.006683617830276489, -0.003888476639986038, -0.01797923818230629, -0.001524678897112608, 0.0035757869482040405, -0.0007745012990199029, -0.9991804361343384]]","[-0.00027636320723568495, -0.0024703972175111988, 0.001999578959745207, 0.002730254296333591, 0.0014267116405428477, -0.003409784471874745]","[-0.00027636320723568495, -0.0024703972175111988, 0.001999578959745207, 0.002730254296333591, 0.0014267116405428477, -0.003409784471874745]","[0.2972205877304077, 0.2994586229324341, 0.2952137887477875, 0.2944414019584656, 0.29575827717781067, 0.30119502544403076]","[0.2972205877304077, 0.2994586229324341, 0.2952137887477875, 0.2944414019584656, 0.29575827717781067, 0.30119502544403076]",5.0,5.0,6.0,6.0,086dfebd71040c3b8512d9e9cc25151dd95fdc19d68b60a3a990f563924cfbbb,086dfebd71040c3b8512d9e9cc25151dd95fdc19d68b60a3a990f563924cfbbb,3.0,5.0,0.0,True,0.0,True,0.0,True,True,True,True
Position,frozen_closed_loop__Position_x0p3,libero_object_temp,5,6,5360097,"[[-0.004906095564365387, -0.0014099478721618652, -0.016959775239229202, -0.002092382637783885, 0.003479987382888794, -0.0013487325049936771, -1.0000908374786377], [0.01006096601486206, -0.003978554159402847, -0.01573406159877777, -0.0028683370910584927, 0.003897920250892639, -0.0010639854008331895, -1.0020347833633423], [0.0012105703353881836, -0.001180507242679596, -0.018033664673566818, -0.0016978186322376132, 0.0019490718841552734, 0.00017547101015225053, -1.001348853111267], [0.008515790104866028, -0.0016720220446586609, -0.01951899379491806, -0.0017841049702838063, 0.0042176395654678345, -0.0013257086975499988, -1.0015881061553955], [0.005847662687301636, -0.003616567701101303, -0.01879362389445305, -0.0012765051797032356, 0.00570756196975708, -0.000918328994885087, -1.0005075931549072], [0.0017282366752624512, -0.0007653795182704926, -0.020347237586975098, -0.0022189212031662464, 0.0047503262758255005, -0.0007134935003705323, -1.0017220973968506]]","[[-0.004906095564365387, -0.0014099478721618652, -0.016959775239229202, -0.002092382637783885, 0.003479987382888794, -0.0013487325049936771, -1.0000908374786377], [0.01006096601486206, -0.003978554159402847, -0.01573406159877777, -0.0028683370910584927, 0.003897920250892639, -0.0010639854008331895, -1.0020347833633423], [0.0012105703353881836, -0.001180507242679596, -0.018033664673566818, -0.0016978186322376132, 0.0019490718841552734, 0.00017547101015225053, -1.001348853111267], [0.008515790104866028, -0.0016720220446586609, -0.01951899379491806, -0.0017841049702838063, 0.0042176395654678345, -0.0013257086975499988, -1.0015881061553955], [0.005847662687301636, -0.003616567701101303, -0.01879362389445305, -0.0012765051797032356, 0.00570756196975708, -0.000918328994885087, -1.0005075931549072], [0.0017282366752624512, -0.0007653795182704926, -0.020347237586975098, -0.0022189212031662464, 0.0047503262758255005, -0.0007134935003705323, -1.0017220973968506]]","[0.0006517780419251722, -0.0015613572496019257, -7.354571159628564e-05, 0.0024026956494101748, -0.0006197289266505735, -0.0007998418034865907]","[0.0006517780419251722, -0.0015613572496019257, -7.354571159628564e-05, 0.0024026956494101748, -0.0006197289266505735, -0.0007998418034865907]","[0.3000110685825348, 0.30176299810409546, 0.2951948046684265, 0.29444563388824463, 0.29720407724380493, 0.299394428730011]","[0.3000110685825348, 0.30176299810409546, 0.2951948046684265, 0.29444563388824463, 0.29720407724380493, 0.299394428730011]",1.0,1.0,6.0,6.0,086dfebd71040c3b8512d9e9cc25151dd95fdc19d68b60a3a990f563924cfbbb,086dfebd71040c3b8512d9e9cc25151dd95fdc19d68b60a3a990f563924cfbbb,3.0,1.0,0.0,True,0.0,True,0.0,True,True,True,True
Position,frozen_closed_loop__Position_x0p3,libero_object_temp,5,6,5360194,"[[0.008282884955406189, -0.004979856312274933, -0.021522101014852524, -0.0020461473613977432, 0.002879530191421509, -0.00012423614680301398, -0.9999215006828308], [0.006216466426849365, -0.001763720065355301, -0.015591457486152649, -0.0021414903458207846, 0.002490118145942688, -0.0006230063154362142, -1.0049521923065186], [-0.0001905485987663269, -0.0022843480110168457, -0.01739099621772766, -0.00187739881221205, 0.005586594343185425, -0.0012244476238265634, -1.0008262395858765], [0.0046462565660476685, -0.003362037241458893, -0.015059709548950195, -0.001630469225347042, 0.004073694348335266, 0.0005132502410560846, -1.0015987157821655], [0.004646815359592438, -0.002320278435945511, -0.01237398013472557, -0.002330145565792918, 0.004979163408279419, -0.0008440797100774944, -1.001868724822998], [0.007169544696807861, -0.001969859004020691, -0.01585995778441429, -0.0033278537448495626, 0.0034963488578796387, -0.0008997556869871914, -1.0016413927078247]]","[[0.008282884955406189, -0.004979856312274933, -0.021522101014852524, -0.0020461473613977432, 0.002879530191421509, -0.00012423614680301398, -0.9999215006828308], [0.006216466426849365, -0.001763720065355301, -0.015591457486152649, -0.0021414903458207846, 0.002490118145942688, -0.0006230063154362142, -1.0049521923065186], [-0.0001905485987663269, -0.0022843480110168457, -0.01739099621772766, -0.00187739881221205, 0.005586594343185425, -0.0012244476238265634, -1.0008262395858765], [0.0046462565660476685, -0.003362037241458893, -0.015059709548950195, -0.001630469225347042, 0.004073694348335266, 0.0005132502410560846, -1.0015987157821655], [0.004646815359592438, -0.002320278435945511, -0.01237398013472557, -0.002330145565792918, 0.004979163408279419, -0.0008440797100774944, -1.001868724822998], [0.007169544696807861, -0.001969859004020691, -0.01585995778441429, -0.0033278537448495626, 0.0034963488578796387, -0.0008997556869871914, -1.0016413927078247]]","[-0.003169372345840524, 0.0006626237134718044, 0.001463829082772288, 0.0010885624708721138, -0.0013151460874692468, 0.0012695031661934704]","[-0.003169372345840524, 0.0006626237134718044, 0.001463829082772288, 0.0010885624708721138, -0.0013151460874692468, 0.0012695031661934704]","[0.3007156252861023, 0.2955799996852875, 0.28997471928596497, 0.30131369829177856, 0.29739734530448914, 0.2983420491218567]","[0.3007156252861023, 0.2955799996852875, 0.28997471928596497, 0.30131369829177856, 0.29739734530448914, 0.2983420491218567]",3.0,3.0,6.0,6.0,086dfebd71040c3b8512d9e9cc25151dd95fdc19d68b60a3a990f563924cfbbb,086dfebd71040c3b8512d9e9cc25151dd95fdc19d68b60a3a990f563924cfbbb,2.0,3.0,0.0,True,0.0,True,0.0,True,True,True,True
Position,frozen_closed_loop__Position_x0p3,libero_object_temp,5,6,5360291,"[[-0.0011364743113517761, -0.002679023891687393, -0.017859768122434616, -0.002205528086051345, 0.002518773078918457, -0.00036857579834759235, -1.002276062965393], [0.004464872181415558, -0.00020015984773635864, -0.016765370965003967, -0.0017695592250674963, 0.005329638719558716, -0.0009556739823892713, -1.0021857023239136], [0.0031482428312301636, -0.0007302314043045044, -0.029470492154359818, -0.002346374560147524, 0.003316551446914673, -0.001440101070329547, -1.0012009143829346], [0.004038512706756592, -0.0017105787992477417, -0.020990297198295593, -0.0019277507672086358, 0.003937214612960815, 0.00042320365901105106, -1.003848671913147], [0.0032399967312812805, -0.0017043761909008026, -0.019014514982700348, -0.002185932593420148, 0.004927396774291992, -0.0004131694440729916, -1.0026249885559082], [0.00489111989736557, 0.00024531036615371704, -0.019030272960662842, -0.0019450958352535963, 0.005459457635879517, -0.0006309159798547626, -1.0024315118789673]]","[[-0.0011364743113517761, -0.002679023891687393, -0.017859768122434616, -0.002205528086051345, 0.002518773078918457, -0.00036857579834759235, -1.002276062965393], [0.004464872181415558, -0.00020015984773635864, -0.016765370965003967, -0.0017695592250674963, 0.005329638719558716, -0.0009556739823892713, -1.0021857023239136], [0.0031482428312301636, -0.0007302314043045044, -0.029470492154359818, -0.002346374560147524, 0.003316551446914673, -0.001440101070329547, -1.0012009143829346], [0.004038512706756592, -0.0017105787992477417, -0.020990297198295593, -0.0019277507672086358, 0.003937214612960815, 0.00042320365901105106, -1.003848671913147], [0.0032399967312812805, -0.0017043761909008026, -0.019014514982700348, -0.002185932593420148, 0.004927396774291992, -0.0004131694440729916, -1.0026249885559082], [0.00489111989736557, 0.00024531036615371704, -0.019030272960662842, -0.0019450958352535963, 0.005459457635879517, -0.0006309159798547626, -1.0024315118789673]]","[0.0017615319213206818, -0.0035733794809126463, -0.0006723918162825564, 0.0010691771351548707, -0.0009683332401107591, 0.00238339548083038]","[0.0017615319213206818, -0.0035733794809126463, -0.0006723918162825564, 0.0010691771351548707, -0.0009683332401107591, 0.00238339548083038]","[0.2957197427749634, 0.29495757818222046, 0.3000156283378601, 0.29456087946891785, 0.29692748188972473, 0.2931033968925476]","[0.2957197427749634, 0.29495757818222046, 0.3000156283378601, 0.29456087946891785, 0.29692748188972473, 0.2931033968925476]",2.0,2.0,6.0,6.0,086dfebd71040c3b8512d9e9cc25151dd95fdc19d68b60a3a990f563924cfbbb,086dfebd71040c3b8512d9e9cc25151dd95fdc19d68b60a3a990f563924cfbbb,5.0,2.0,0.0,True,0.0,True,0.0,True,True,True,True
Position,frozen_closed_loop__Position_x0p3,libero_object_temp,5,6,5360388,"[[0.006177574396133423, -0.0038049928843975067, -0.01644076779484749, -0.002280909800902009, 0.003009617328643799, -0.0012703852262347937, -1.0029293298721313], [0.00601205974817276, -0.0043516606092453, -0.021754056215286255, -0.0022462562192231417, 0.004520148038864136, 0.00021911725343670696, -1.0034760236740112], [0.002488642930984497, -0.003730170428752899, -0.025042053312063217, -0.0021202664356678724, 0.005100712180137634, -0.0009616888710297644, -1.001540184020996], [0.007492527365684509, -1.0337680578231812e-05, -0.018243100494146347, -0.002920829690992832, 0.0032984018325805664, -0.0014592913212254643, -1.0012654066085815], [0.007947497069835663, -0.0033240392804145813, -0.012070387601852417, -0.001864572986960411, 0.008165940642356873, -0.0007432593265548348, -0.9990504384040833], [0.0028590112924575806, -0.0015093572437763214, -0.022406112402677536, -0.0021911105141043663, 0.004441738128662109, -0.0004611560725606978, -1.0029925107955933]]","[[0.006177574396133423, -0.0038049928843975067, -0.01644076779484749, -0.002280909800902009, 0.003009617328643799, -0.0012703852262347937, -1.0029293298721313], [0.00601205974817276, -0.0043516606092453, -0.021754056215286255, -0.0022462562192231417, 0.004520148038864136, 0.00021911725343670696, -1.0034760236740112], [0.002488642930984497, -0.003730170428752899, -0.025042053312063217, -0.0021202664356678724, 0.005100712180137634, -0.0009616888710297644, -1.001540184020996], [0.007492527365684509, -1.0337680578231812e-05, -0.018243100494146347, -0.002920829690992832, 0.0032984018325805664, -0.0014592913212254643, -1.0012654066085815], [0.007947497069835663, -0.0033240392804145813, -0.012070387601852417, -0.001864572986960411, 0.008165940642356873, -0.0007432593265548348, -0.9990504384040833], [0.0028590112924575806, -0.0015093572437763214, -0.022406112402677536, -0.0021911105141043663, 0.004441738128662109, -0.0004611560725606978, -1.0029925107955933]]","[0.0003422307193321982, 0.00552750492226315, 0.0007273835350675229, -0.003725497770563705, -0.0028248070367545113, -4.681436934462856e-05]","[0.0003422307193321982, 0.00552750492226315, 0.0007273835350675229, -0.003725497770563705, -0.0028248070367545113, -4.681436934462856e-05]","[0.2978496253490448, 0.2907000184059143, 0.2899504005908966, 0.2954581379890442, 0.299885094165802, 0.29152828454971313]","[0.2978496253490448, 0.2907000184059143, 0.2899504005908966, 0.2954581379890442, 0.299885094165802, 0.29152828454971313]",4.0,4.0,6.0,6.0,086dfebd71040c3b8512d9e9cc25151dd95fdc19d68b60a3a990f563924cfbbb,086dfebd71040c3b8512d9e9cc25151dd95fdc19d68b60a3a990f563924cfbbb,1.0,4.0,0.0,True,0.0,True,0.0,True,True,True,True
Position,frozen_closed_loop__Position_x0p3,libero_object_temp,5,6,5360485,"[[0.001606084406375885, -0.00034360215067863464, -0.017117466777563095, -0.0012967227958142757, 0.0037508904933929443, -0.0008907444425858557, -1.001024842262268], [0.0037003308534622192, -0.0030619092285633087, -0.01680951565504074, -0.0023251690436154604, 0.005625665187835693, -0.0019204081036150455, -1.0026286840438843], [0.0005859509110450745, -0.003478657454252243, -0.014316961169242859, -0.0015909854555502534, 0.0014584511518478394, -0.0007937796763144433, -1.001587152481079], [0.004601664841175079, -0.0020720064640045166, -0.01858580857515335, -0.0026884276885539293, 0.003349095582962036, 0.0010329511715099216, -1.0024038553237915], [0.008626431226730347, -0.0018206611275672913, -0.020558517426252365, -0.0021334034390747547, 0.002416938543319702, -0.0007932068547233939, -1.0032172203063965], [-0.005666892975568771, 0.00037282705307006836, -0.019275415688753128, -0.0019504750380292535, 0.006146639585494995, -0.0006334497011266649, -0.9997437596321106]]","[[0.001606084406375885, -0.00034360215067863464, -0.017117466777563095, -0.0012967227958142757, 0.0037508904933929443, -0.0008907444425858557, -1.001024842262268], [0.0037003308534622192, -0.0030619092285633087, -0.01680951565504074, -0.0023251690436154604, 0.005625665187835693, -0.0019204081036150455, -1.0026286840438843], [0.0005859509110450745, -0.003478657454252243, -0.014316961169242859, -0.0015909854555502534, 0.0014584511518478394, -0.0007937796763144433, -1.001587152481079], [0.004601664841175079, -0.0020720064640045166, -0.01858580857515335, -0.0026884276885539293, 0.003349095582962036, 0.0010329511715099216, -1.0024038553237915], [0.008626431226730347, -0.0018206611275672913, -0.020558517426252365, -0.0021334034390747547, 0.002416938543319702, -0.0007932068547233939, -1.0032172203063965], [-0.005666892975568771, 0.00037282705307006836, -0.019275415688753128, -0.0019504750380292535, 0.006146639585494995, -0.0006334497011266649, -0.9997437596321106]]","[-0.003113428516807332, 0.0010849986829292763, -0.002908980554201107, 0.0034115949646105963, 0.001515574181445426, 1.0241242023120213e-05]","[-0.003113428516807332, 0.0010849986829292763, -0.002908980554201107, 0.0034115949646105963, 0.001515574181445426, 1.0241242023120213e-05]","[0.29409918189048767, 0.29577526450157166, 0.2983604371547699, 0.29482367634773254, 0.2974158525466919, 0.29615098237991333]","[0.29409918189048767, 0.29577526450157166, 0.2983604371547699, 0.29482367634773254, 0.2974158525466919, 0.29615098237991333]",2.0,2.0,6.0,6.0,086dfebd71040c3b8512d9e9cc25151dd95fdc19d68b60a3a990f563924cfbbb,086dfebd71040c3b8512d9e9cc25151dd95fdc19d68b60a3a990f563924cfbbb,3.0,2.0,0.0,True,0.0,True,0.0,True,True,True,True
Position,frozen_closed_loop__Position_x0p3,libero_object_temp,5,7,5370000,"[[-0.005038473755121231, -0.0013480335474014282, -0.020327288657426834, -0.003314661793410778, 0.00436815619468689, -0.0009983287891373038, -1.0019631385803223], [0.005966797471046448, -0.003913622349500656, -0.021577589213848114, -0.0036391685716807842, 0.0028928518295288086, -0.0005955759552307427, -0.999799370765686], [-0.0009160302579402924, -0.004967339336872101, -0.02239331603050232, -0.0029102542903274298, 0.002622172236442566, -0.0012914702529087663, -1.001867651939392], [0.0038348883390426636, -0.005143862217664719, -0.01330297440290451, -0.0029769267421215773, 0.008249133825302124, -0.0015994175337255, -1.0023292303085327], [0.0056863948702812195, -0.007543768733739853, -0.023089628666639328, -0.002947103464975953, 0.0069736093282699585, -0.0015543391928076744, -1.0003955364227295], [-0.0018085353076457977, -0.0017563439905643463, -0.01816190779209137, -0.0026192485820502043, 0.001008734107017517, -0.0008291197009384632, -1.0023634433746338]]","[[-0.005038473755121231, -0.0013480335474014282, -0.020327288657426834, -0.003314661793410778, 0.00436815619468689, -0.0009983287891373038, -1.0019631385803223], [0.005966797471046448, -0.003913622349500656, -0.021577589213848114, -0.0036391685716807842, 0.0028928518295288086, -0.0005955759552307427, -0.999799370765686], [-0.0009160302579402924, -0.004967339336872101, -0.02239331603050232, -0.0029102542903274298, 0.002622172236442566, -0.0012914702529087663, -1.001867651939392], [0.0038348883390426636, -0.005143862217664719, -0.01330297440290451, -0.0029769267421215773, 0.008249133825302124, -0.0015994175337255, -1.0023292303085327], [0.0056863948702812195, -0.007543768733739853, -0.023089628666639328, -0.002947103464975953, 0.0069736093282699585, -0.0015543391928076744, -1.0003955364227295], [-0.0018085353076457977, -0.0017563439905643463, -0.01816190779209137, -0.0026192485820502043, 0.001008734107017517, -0.0008291197009384632, -1.0023634433746338]]","[0.002929883265638219, 0.004009640806520647, -0.0015424252656143426, -0.0045628235624883984, 0.001290522430100333, -0.0021247976741565187]","[0.002929883265638219, 0.004009640806520647, -0.0015424252656143426, -0.0045628235624883984, 0.001290522430100333, -0.0021247976741565187]","[0.28411924839019775, 0.2921636700630188, 0.29803937673568726, 0.29416510462760925, 0.3009241223335266, 0.28956252336502075]","[0.28411924839019775, 0.2921636700630188, 0.29803937673568726, 0.29416510462760925, 0.3009241223335266, 0.28956252336502075]",4.0,4.0,6.0,6.0,086dfebd71040c3b8512d9e9cc25151dd95fdc19d68b60a3a990f563924cfbbb,086dfebd71040c3b8512d9e9cc25151dd95fdc19d68b60a3a990f563924cfbbb,1.0,4.0,0.0,True,0.0,True,0.0,True,True,True,True
Position,frozen_closed_loop__Position_x0p3,libero_object_temp,5,7,5370097,"[[0.006315708160400391, -0.0028495118021965027, -0.021632853895425797, -0.00345237972214818, 0.004638612270355225, -0.0017887202557176352, -1.0017473697662354], [0.009710825979709625, -0.004657097160816193, -0.018869563937187195, -0.0031303062569350004, 0.006461486220359802, -0.0009213254088535905, -1.0030677318572998], [0.005644597113132477, -0.003671441227197647, -0.02077041193842888, -0.0030917739495635033, 0.01023128628730774, -0.0011670091189444065, -1.0018724203109741], [-0.0016698427498340607, -0.0014405138790607452, -0.020496714860200882, -0.0025251496117562056, 0.0011089593172073364, 0.0010193351190537214, -0.9993022680282593], [0.0017444416880607605, -0.004130043089389801, -0.025143418461084366, -0.002449329011142254, 0.00328083336353302, -0.0001241039572050795, -1.0010879039764404], [0.008040480315685272, -0.003736484795808792, -0.02856658771634102, -0.0032283023465424776, 0.006686612963676453, -0.001651061582379043, -1.0000617504119873]]","[[0.006315708160400391, -0.0028495118021965027, -0.021632853895425797, -0.00345237972214818, 0.004638612270355225, -0.0017887202557176352, -1.0017473697662354], [0.009710825979709625, -0.004657097160816193, -0.018869563937187195, -0.0031303062569350004, 0.006461486220359802, -0.0009213254088535905, -1.0030677318572998], [0.005644597113132477, -0.003671441227197647, -0.02077041193842888, -0.0030917739495635033, 0.01023128628730774, -0.0011670091189444065, -1.0018724203109741], [-0.0016698427498340607, -0.0014405138790607452, -0.020496714860200882, -0.0025251496117562056, 0.0011089593172073364, 0.0010193351190537214, -0.9993022680282593], [0.0017444416880607605, -0.004130043089389801, -0.025143418461084366, -0.002449329011142254, 0.00328083336353302, -0.0001241039572050795, -1.0010879039764404], [0.008040480315685272, -0.003736484795808792, -0.02856658771634102, -0.0032283023465424776, 0.006686612963676453, -0.001651061582379043, -1.0000617504119873]]","[-0.0001844134214918072, 0.0008560638441211999, 0.0009004530318536788, -0.00016234871990722355, -0.0009162766360166736, -0.0004934780985591908]","[-0.0001844134214918072, 0.0008560638441211999, 0.0009004530318536788, -0.00016234871990722355, -0.0009162766360166736, -0.0004934780985591908]","[0.29362964630126953, 0.29021155834198, 0.2819371819496155, 0.29066866636276245, 0.2918342649936676, 0.29350072145462036]","[0.29362964630126953, 0.29021155834198, 0.2819371819496155, 0.29066866636276245, 0.2918342649936676, 0.29350072145462036]",0.0,0.0,6.0,6.0,086dfebd71040c3b8512d9e9cc25151dd95fdc19d68b60a3a990f563924cfbbb,086dfebd71040c3b8512d9e9cc25151dd95fdc19d68b60a3a990f563924cfbbb,2.0,0.0,0.0,True,0.0,True,0.0,True,True,True,True
Position,frozen_closed_loop__Position_x0p3,libero_object_temp,5,7,5370194,"[[0.003846287727355957, -0.0043303705751895905, -0.014573335647583008, -0.0035199851263314486, 0.004905223846435547, -0.0012352655176073313, -1.0009584426879883], [0.0018698349595069885, -0.003353431820869446, -0.026869866997003555, -0.002869874006137252, 0.0013205856084823608, -0.0002923435822594911, -1.0014302730560303], [-0.005611628293991089, -0.0035243667662143707, -0.021940413862466812, -0.002810264006257057, 0.004854306578636169, -0.0015044136671349406, -1.0033735036849976], [0.0013727322220802307, -0.0025644712150096893, -0.016361363232135773, -0.0032278997823596, 0.007726773619651794, -0.0012600079644471407, -1.0007396936416626], [9.689480066299438e-05, -0.0025674887001514435, -0.014177095144987106, -0.003044660435989499, 0.003249138593673706, -0.0009669986902736127, -1.0032285451889038], [0.003085993230342865, -0.003948435187339783, -0.015098880976438522, -0.00327766640111804, 0.003127768635749817, -0.0001969872391782701, -1.0032095909118652]]","[[0.003846287727355957, -0.0043303705751895905, -0.014573335647583008, -0.0035199851263314486, 0.004905223846435547, -0.0012352655176073313, -1.0009584426879883], [0.0018698349595069885, -0.003353431820869446, -0.026869866997003555, -0.002869874006137252, 0.0013205856084823608, -0.0002923435822594911, -1.0014302730560303], [-0.005611628293991089, -0.0035243667662143707, -0.021940413862466812, -0.002810264006257057, 0.004854306578636169, -0.0015044136671349406, -1.0033735036849976], [0.0013727322220802307, -0.0025644712150096893, -0.016361363232135773, -0.0032278997823596, 0.007726773619651794, -0.0012600079644471407, -1.0007396936416626], [9.689480066299438e-05, -0.0025674887001514435, -0.014177095144987106, -0.003044660435989499, 0.003249138593673706, -0.0009669986902736127, -1.0032285451889038], [0.003085993230342865, -0.003948435187339783, -0.015098880976438522, -0.00327766640111804, 0.003127768635749817, -0.0001969872391782701, -1.0032095909118652]]","[-0.0021928849292317384, 0.002291086233995753, -0.0021938753773088904, 0.002360743827187488, 0.001269498759372697, -0.0015345685140152904]","[-0.0021928849292317384, 0.002291086233995753, -0.0021938753773088904, 0.002360743827187488, 0.001269498759372697, -0.0015345685140152904]","[0.2956085801124573, 0.28632423281669617, 0.29080700874328613, 0.2894718050956726, 0.28772735595703125, 0.2973402738571167]","[0.2956085801124573, 0.28632423281669617, 0.29080700874328613, 0.2894718050956726, 0.28772735595703125, 0.2973402738571167]",5.0,5.0,6.0,6.0,086dfebd71040c3b8512d9e9cc25151dd95fdc19d68b60a3a990f563924cfbbb,086dfebd71040c3b8512d9e9cc25151dd95fdc19d68b60a3a990f563924cfbbb,3.0,5.0,0.0,True,0.0,True,0.0,True,True,True,True
Position,frozen_closed_loop__Position_x0p3,libero_object_temp,5,7,5370291,"[[-0.00238688662648201, -0.004608146846294403, -0.021316520869731903, -0.002518233610317111, 0.0041437894105911255, -0.00018815223302226514, -1.0023891925811768], [-0.0019523687660694122, -0.003837794065475464, -0.020352881401777267, -0.0024097170680761337, 0.006999537348747253, -0.0002613880205899477, -1.0025813579559326], [0.00667031854391098, -0.005590282380580902, -0.024480577558279037, -0.002610777271911502, 0.007225155830383301, -0.0013036321615800261, -1.002112627029419], [0.009281560778617859, -0.004642680287361145, -0.018190406262874603, -0.002498546615242958, 0.005394011735916138, -0.001270054723136127, -1.0008032321929932], [0.003955140709877014, -0.004123225808143616, -0.017019398510456085, -0.002696770941838622, 0.004629805684089661, -0.0012210767017677426, -1.0028703212738037], [-0.0004611164331436157, -0.00390591099858284, -0.018346253782510757, -0.0026627941988408566, 0.006067514419555664, -0.0005615578847937286, -1.0008779764175415]]","[[-0.00238688662648201, -0.004608146846294403, -0.021316520869731903, -0.002518233610317111, 0.0041437894105911255, -0.00018815223302226514, -1.0023891925811768], [-0.0019523687660694122, -0.003837794065475464, -0.020352881401777267, -0.0024097170680761337, 0.006999537348747253, -0.0002613880205899477, -1.0025813579559326], [0.00667031854391098, -0.005590282380580902, -0.024480577558279037, -0.002610777271911502, 0.007225155830383301, -0.0013036321615800261, -1.002112627029419], [0.009281560778617859, -0.004642680287361145, -0.018190406262874603, -0.002498546615242958, 0.005394011735916138, -0.001270054723136127, -1.0008032321929932], [0.003955140709877014, -0.004123225808143616, -0.017019398510456085, -0.002696770941838622, 0.004629805684089661, -0.0012210767017677426, -1.0028703212738037], [-0.0004611164331436157, -0.00390591099858284, -0.018346253782510757, -0.0026627941988408566, 0.006067514419555664, -0.0005615578847937286, -1.0008779764175415]]","[-0.0007523120140604208, -0.0018090928646423445, 0.0002890014106707072, -0.0028169183261208207, 0.00013621128400514732, 0.004953110510147712]","[-0.0007523120140604208, -0.0018090928646423445, 0.0002890014106707072, -0.0028169183261208207, 0.00013621128400514732, 0.004953110510147712]","[0.29256919026374817, 0.28972160816192627, 0.2942795753479004, 0.29796093702316284, 0.29248571395874023, 0.2835019826889038]","[0.29256919026374817, 0.28972160816192627, 0.2942795753479004, 0.29796093702316284, 0.29248571395874023, 0.2835019826889038]",3.0,3.0,6.0,6.0,086dfebd71040c3b8512d9e9cc25151dd95fdc19d68b60a3a990f563924cfbbb,086dfebd71040c3b8512d9e9cc25151dd95fdc19d68b60a3a990f563924cfbbb,5.0,3.0,0.0,True,0.0,True,0.0,True,True,True,True
Position,frozen_closed_loop__Position_x0p3,libero_object_temp,5,7,5370388,"[[0.00897478312253952, -0.005883816629648209, -0.02305537462234497, -0.0024203655775636435, 0.004961773753166199, -0.001365741598419845, -1.0007269382476807], [0.010067448019981384, -0.0055382587015628815, -0.01986617222428322, -0.0027033942751586437, 0.006004437804222107, -0.0017903506522998214, -1.0025832653045654], [0.0014545395970344543, -0.006527602672576904, -0.03063797950744629, -0.0031610261648893356, 0.0042254626750946045, -0.000403761601774022, -1.0016999244689941], [-0.0007714144885540009, -0.0030501186847686768, -0.024203192442655563, -0.003571544773876667, 0.0021242648363113403, -1.539593722554855e-05, -1.0032581090927124], [0.0057694315910339355, -0.001305118203163147, -0.01978715881705284, -0.003332043532282114, 0.005969211459159851, -0.0011315809097141027, -1.0028139352798462], [0.002109333872795105, -0.0012171640992164612, -0.01900395378470421, -0.003189605427905917, 0.003704845905303955, -0.00039124718750827014, -1.0031287670135498]]","[[0.00897478312253952, -0.005883816629648209, -0.02305537462234497, -0.0024203655775636435, 0.004961773753166199, -0.001365741598419845, -1.0007269382476807], [0.010067448019981384, -0.0055382587015628815, -0.01986617222428322, -0.0027033942751586437, 0.006004437804222107, -0.0017903506522998214, -1.0025832653045654], [0.0014545395970344543, -0.006527602672576904, -0.03063797950744629, -0.0031610261648893356, 0.0042254626750946045, -0.000403761601774022, -1.0016999244689941], [-0.0007714144885540009, -0.0030501186847686768, -0.024203192442655563, -0.003571544773876667, 0.0021242648363113403, -1.539593722554855e-05, -1.0032581090927124], [0.0057694315910339355, -0.001305118203163147, -0.01978715881705284, -0.003332043532282114, 0.005969211459159851, -0.0011315809097141027, -1.0028139352798462], [0.002109333872795105, -0.0012171640992164612, -0.01900395378470421, -0.003189605427905917, 0.003704845905303955, -0.00039124718750827014, -1.0031287670135498]]","[0.0020904165782023145, -0.0031840231264271173, 4.657952046733453e-05, 0.0007742280473446135, 0.0008106714182652219, -0.0005378724378523794]","[0.0020904165782023145, -0.0031840231264271173, 4.657952046733453e-05, 0.0007742280473446135, 0.0008106714182652219, -0.0005378724378523794]","[0.2945007383823395, 0.2983151376247406, 0.2928144931793213, 0.2949378490447998, 0.29187822341918945, 0.2921261489391327]","[0.2945007383823395, 0.2983151376247406, 0.2928144931793213, 0.2949378490447998, 0.29187822341918945, 0.2921261489391327]",1.0,1.0,6.0,6.0,086dfebd71040c3b8512d9e9cc25151dd95fdc19d68b60a3a990f563924cfbbb,086dfebd71040c3b8512d9e9cc25151dd95fdc19d68b60a3a990f563924cfbbb,0.0,1.0,0.0,True,0.0,True,0.0,True,True,True,True
Position,frozen_closed_loop__Position_x0p3,libero_object_temp,5,7,5370485,"[[-0.0034777075052261353, -0.005020815879106522, -0.02662450075149536, -0.0031746388413012028, 0.003419816493988037, -9.035026596393436e-05, -1.001151204109192], [0.009148567914962769, -0.004033204168081284, -0.021378491073846817, -0.0028170703444629908, 0.009006902575492859, -0.0014155348762869835, -1.0008008480072021], [0.003070347011089325, -0.0037047453224658966, -0.02083735540509224, -0.0033408075105398893, 0.003303050994873047, -0.0009002844453789294, -1.0024240016937256], [0.002419576048851013, -0.003651883453130722, -0.020425133407115936, -0.0023299993481487036, 0.002483949065208435, -0.0011407464044168591, -1.0020089149475098], [0.004941411316394806, -0.0037150271236896515, -0.025946293026208878, -0.00262449961155653, 0.0038891583681106567, -0.0007391172111965716, -1.0039564371109009], [0.0077133625745773315, -0.002596992999315262, -0.020199548453092575, -0.0031286596786230803, 0.003086686134338379, -0.001347212353721261, -1.0005987882614136]]","[[-0.0034777075052261353, -0.005020815879106522, -0.02662450075149536, -0.0031746388413012028, 0.003419816493988037, -9.035026596393436e-05, -1.001151204109192], [0.009148567914962769, -0.004033204168081284, -0.021378491073846817, -0.0028170703444629908, 0.009006902575492859, -0.0014155348762869835, -1.0008008480072021], [0.003070347011089325, -0.0037047453224658966, -0.02083735540509224, -0.0033408075105398893, 0.003303050994873047, -0.0009002844453789294, -1.0024240016937256], [0.002419576048851013, -0.003651883453130722, -0.020425133407115936, -0.0023299993481487036, 0.002483949065208435, -0.0011407464044168591, -1.0020089149475098], [0.004941411316394806, -0.0037150271236896515, -0.025946293026208878, -0.00262449961155653, 0.0038891583681106567, -0.0007391172111965716, -1.0039564371109009], [0.0077133625745773315, -0.002596992999315262, -0.020199548453092575, -0.0031286596786230803, 0.003086686134338379, -0.001347212353721261, -1.0005987882614136]]","[0.0017303615939912773, 0.0035414205748626453, -0.003534089435567549, -0.0010903915381752444, 0.0017760483995101965, -0.0024233495946213088]","[0.0017303615939912773, 0.0035414205748626453, -0.003534089435567549, -0.0010903915381752444, 0.0017760483995101965, -0.0024233495946213088]","[0.29965364933013916, 0.28887939453125, 0.2963915467262268, 0.29065001010894775, 0.29161250591278076, 0.2899625897407532]","[0.29965364933013916, 0.28887939453125, 0.2963915467262268, 0.29065001010894775, 0.29161250591278076, 0.2899625897407532]",0.0,0.0,6.0,6.0,086dfebd71040c3b8512d9e9cc25151dd95fdc19d68b60a3a990f563924cfbbb,086dfebd71040c3b8512d9e9cc25151dd95fdc19d68b60a3a990f563924cfbbb,1.0,0.0,0.0,True,0.0,True,0.0,True,True,True,True
Position,frozen_closed_loop__Position_x0p3,libero_object_temp,5,8,5380000,"[[0.0016497820615768433, -0.009930096566677094, -0.025521330535411835, -0.00016400497406721115, 0.004788145422935486, -0.000814600323792547, -0.9966510534286499], [0.013696029782295227, -0.008234996348619461, -0.033528562635183334, -0.0003292955516371876, 0.0035357773303985596, -0.00023243740724865347, -1.0008950233459473], [0.005238130688667297, -0.010913852602243423, -0.035590846091508865, -0.0005797013873234391, 0.0037718117237091064, -0.0009449001518078148, -0.9990542531013489], [0.007744543254375458, -0.010224524885416031, -0.032154880464076996, -0.0002798583882395178, 0.005526646971702576, 0.0003185055684298277, -0.9958657026290894], [0.04481300711631775, -0.013208258897066116, -0.03232620656490326, 0.00012767779116984457, 0.004679962992668152, -9.784129360923544e-05, -1.0028624534606934], [-0.003862157464027405, -0.009923726320266724, -0.028270091861486435, -0.00020943518029525876, 0.006853938102722168, -0.0002118150587193668, -0.997571587562561]]","[[0.0016497820615768433, -0.009930096566677094, -0.025521330535411835, -0.00016400497406721115, 0.004788145422935486, -0.000814600323792547, -0.9966510534286499], [0.013696029782295227, -0.008234996348619461, -0.033528562635183334, -0.0003292955516371876, 0.0035357773303985596, -0.00023243740724865347, -1.0008950233459473], [0.005238130688667297, -0.010913852602243423, -0.035590846091508865, -0.0005797013873234391, 0.0037718117237091064, -0.0009449001518078148, -0.9990542531013489], [0.007744543254375458, -0.010224524885416031, -0.032154880464076996, -0.0002798583882395178, 0.005526646971702576, 0.0003185055684298277, -0.9958657026290894], [0.04481300711631775, -0.013208258897066116, -0.03232620656490326, 0.00012767779116984457, 0.004679962992668152, -9.784129360923544e-05, -1.0028624534606934], [-0.003862157464027405, -0.009923726320266724, -0.028270091861486435, -0.00020943518029525876, 0.006853938102722168, -0.0002118150587193668, -0.997571587562561]]","[0.004637350180851882, 0.0007429395178958938, 0.005480023889711613, -0.0055275159840954425, -0.004380476969888409, -0.0009523206344754513]","[0.004637350180851882, 0.0007429395178958938, 0.005480023889711613, -0.0055275159840954425, -0.004380476969888409, -0.0009523206344754513]","[0.30444490909576416, 0.3039320707321167, 0.30360329151153564, 0.3077748715877533, 0.30561116337776184, 0.3052772581577301]","[0.30444490909576416, 0.3039320707321167, 0.30360329151153564, 0.3077748715877533, 0.30561116337776184, 0.3052772581577301]",3.0,3.0,6.0,6.0,086dfebd71040c3b8512d9e9cc25151dd95fdc19d68b60a3a990f563924cfbbb,086dfebd71040c3b8512d9e9cc25151dd95fdc19d68b60a3a990f563924cfbbb,2.0,3.0,0.0,True,0.0,True,0.0,True,True,True,True
Position,frozen_closed_loop__Position_x0p3,libero_object_temp,5,8,5380097,"[[0.0029516592621803284, -0.014063157141208649, -0.03988271579146385, -0.00022178531798999757, 0.005530714988708496, -0.0005308446707203984, -0.9957617521286011], [0.038273781538009644, -0.010505039244890213, -0.03552630543708801, -0.000777486537117511, 0.004882648587226868, -0.001224337494932115, -1.0019758939743042], [0.03780987113714218, -0.011888332664966583, -0.03114502876996994, -1.0753514288808219e-05, 0.00562150776386261, -4.666142558562569e-06, -1.0019640922546387], [0.048490315675735474, -0.011599101126194, -0.03381974995136261, -0.00038266641786322, 0.0034978240728378296, 0.00021744279365520924, -1.0010699033737183], [0.007021017372608185, -0.00889437273144722, -0.04246300086379051, -0.0001572352775838226, 0.003504127264022827, -0.0005097596440464258, -0.9992185235023499], [0.01428890973329544, -0.011995062232017517, -0.033860933035612106, -0.00036321725929155946, 0.0036452561616897583, -0.0006129374960437417, -1.001927375793457]]","[[0.0029516592621803284, -0.014063157141208649, -0.03988271579146385, -0.00022178531798999757, 0.005530714988708496, -0.0005308446707203984, -0.9957617521286011], [0.038273781538009644, -0.010505039244890213, -0.03552630543708801, -0.000777486537117511, 0.004882648587226868, -0.001224337494932115, -1.0019758939743042], [0.03780987113714218, -0.011888332664966583, -0.03114502876996994, -1.0753514288808219e-05, 0.00562150776386261, -4.666142558562569e-06, -1.0019640922546387], [0.048490315675735474, -0.011599101126194, -0.03381974995136261, -0.00038266641786322, 0.0034978240728378296, 0.00021744279365520924, -1.0010699033737183], [0.007021017372608185, -0.00889437273144722, -0.04246300086379051, -0.0001572352775838226, 0.003504127264022827, -0.0005097596440464258, -0.9992185235023499], [0.01428890973329544, -0.011995062232017517, -0.033860933035612106, -0.00036321725929155946, 0.0036452561616897583, -0.0006129374960437417, -1.001927375793457]]","[0.004504895638297553, -0.0017796236675482688, -0.0018758214933729265, -0.005206016346018999, 0.0030410878560472956, 0.0013154780125952932]","[0.004504895638297553, -0.0017796236675482688, -0.0018758214933729265, -0.005206016346018999, 0.0030410878560472956, 0.0013154780125952932]","[0.30468857288360596, 0.3070244789123535, 0.3071829080581665, 0.3062320947647095, 0.30529263615608215, 0.3021929860115051]","[0.30468857288360596, 0.3070244789123535, 0.3071829080581665, 0.3062320947647095, 0.30529263615608215, 0.3021929860115051]",2.0,2.0,6.0,6.0,086dfebd71040c3b8512d9e9cc25151dd95fdc19d68b60a3a990f563924cfbbb,086dfebd71040c3b8512d9e9cc25151dd95fdc19d68b60a3a990f563924cfbbb,0.0,2.0,0.0,True,0.0,True,0.0,True,True,True,True
Position,frozen_closed_loop__Position_x0p3,libero_object_temp,5,8,5380194,"[[0.010807067155838013, -0.011730529367923737, -0.03277290612459183, -0.000875775353051722, 0.005525752902030945, -0.00014232477406039834, -0.9969198107719421], [0.01864023506641388, -0.00901591032743454, -0.03365714102983475, -0.00033579079899936914, 0.005585700273513794, -0.0006404339801520109, -1.0006595849990845], [0.019188635051250458, -0.007686037570238113, -0.030276160687208176, -0.0001950541336555034, 0.004364222288131714, -0.0005531855276785791, -1.0015277862548828], [0.02792324870824814, -0.012796036899089813, -0.037589818239212036, -0.00012527129729278386, 0.006247714161872864, -0.0004330206720624119, -0.997418224811554], [0.0025250762701034546, -0.011131949722766876, -0.037544164806604385, -0.000858302169945091, 0.002887129783630371, -0.000914297066628933, -0.9992976188659668], [0.013908818364143372, -0.00934632495045662, -0.0469786673784256, -0.00023247046920005232, 0.005236297845840454, -0.00040140413329936564, -1.000877857208252]]","[[0.010807067155838013, -0.011730529367923737, -0.03277290612459183, -0.000875775353051722, 0.005525752902030945, -0.00014232477406039834, -0.9969198107719421], [0.01864023506641388, -0.00901591032743454, -0.03365714102983475, -0.00033579079899936914, 0.005585700273513794, -0.0006404339801520109, -1.0006595849990845], [0.019188635051250458, -0.007686037570238113, -0.030276160687208176, -0.0001950541336555034, 0.004364222288131714, -0.0005531855276785791, -1.0015277862548828], [0.02792324870824814, -0.012796036899089813, -0.037589818239212036, -0.00012527129729278386, 0.006247714161872864, -0.0004330206720624119, -0.997418224811554], [0.0025250762701034546, -0.011131949722766876, -0.037544164806604385, -0.000858302169945091, 0.002887129783630371, -0.000914297066628933, -0.9992976188659668], [0.013908818364143372, -0.00934632495045662, -0.0469786673784256, -0.00023247046920005232, 0.005236297845840454, -0.00040140413329936564, -1.000877857208252]]","[-0.005794536217860078, -0.0007847625188142004, 0.0030064983693181844, 0.0015060646358534457, 0.0017864160129260809, 0.00028031971857644684]","[-0.005794536217860078, -0.0007847625188142004, 0.0030064983693181844, 0.0015060646358534457, 0.0017864160129260809, 0.00028031971857644684]","[0.308040589094162, 0.30582988262176514, 0.3013227581977844, 0.3056965470314026, 0.3040451109409332, 0.30423039197921753]","[0.308040589094162, 0.30582988262176514, 0.3013227581977844, 0.3056965470314026, 0.3040451109409332, 0.30423039197921753]",0.0,0.0,6.0,6.0,086dfebd71040c3b8512d9e9cc25151dd95fdc19d68b60a3a990f563924cfbbb,086dfebd71040c3b8512d9e9cc25151dd95fdc19d68b60a3a990f563924cfbbb,2.0,0.0,0.0,True,0.0,True,0.0,True,True,True,True
Position,frozen_closed_loop__Position_x0p3,libero_object_temp,5,8,5380291,"[[0.03168672323226929, -0.011244937777519226, -0.029325541108846664, -0.0006776974187232554, 0.00730016827583313, -0.00045897485688328743, -1.000638723373413], [0.044070929288864136, -0.012646950781345367, -0.02537006512284279, 0.00030090901418589056, 0.005330890417098999, -0.0004567275755107403, -1.0010398626327515], [0.00743374228477478, -0.009043067693710327, -0.03311365842819214, -0.0007865432999096811, 0.0046577006578445435, -9.228911949321628e-05, -0.9993091821670532], [0.005174316465854645, -0.010649319738149643, -0.037662237882614136, -0.00024584520724602044, 0.004755064845085144, -0.001061892369762063, -0.9968464970588684], [0.04062887281179428, -0.008728019893169403, -0.023386571556329727, -0.0002553410886321217, 0.009822919964790344, -0.00010760166333056986, -0.9999920129776001], [0.055843815207481384, -0.013462565839290619, -0.035143252462148666, -0.0006789233302697539, 0.008386999368667603, -0.00047521275701001287, -0.9998594522476196]]","[[0.03168672323226929, -0.011244937777519226, -0.029325541108846664, -0.0006776974187232554, 0.00730016827583313, -0.00045897485688328743, -1.000638723373413], [0.044070929288864136, -0.012646950781345367, -0.02537006512284279, 0.00030090901418589056, 0.005330890417098999, -0.0004567275755107403, -1.0010398626327515], [0.00743374228477478, -0.009043067693710327, -0.03311365842819214, -0.0007865432999096811, 0.0046577006578445435, -9.228911949321628e-05, -0.9993091821670532], [0.005174316465854645, -0.010649319738149643, -0.037662237882614136, -0.00024584520724602044, 0.004755064845085144, -0.001061892369762063, -0.9968464970588684], [0.04062887281179428, -0.008728019893169403, -0.023386571556329727, -0.0002553410886321217, 0.009822919964790344, -0.00010760166333056986, -0.9999920129776001], [0.055843815207481384, -0.013462565839290619, -0.035143252462148666, -0.0006789233302697539, 0.008386999368667603, -0.00047521275701001287, -0.9998594522476196]]","[0.0008605877477821935, -0.002777027153184527, -0.00025708930364720835, 0.00046379987667448895, 0.0016670449248256383, 4.2683907549519e-05]","[0.0008605877477821935, -0.002777027153184527, -0.00025708930364720835, 0.00046379987667448895, 0.0016670449248256383, 4.2683907549519e-05]","[0.30611279606819153, 0.3084087073802948, 0.30781641602516174, 0.3074584901332855, 0.3066219389438629, 0.30664169788360596]","[0.30611279606819153, 0.3084087073802948, 0.30781641602516174, 0.3074584901332855, 0.3066219389438629, 0.30664169788360596]",1.0,1.0,6.0,6.0,086dfebd71040c3b8512d9e9cc25151dd95fdc19d68b60a3a990f563924cfbbb,086dfebd71040c3b8512d9e9cc25151dd95fdc19d68b60a3a990f563924cfbbb,4.0,1.0,0.0,True,0.0,True,0.0,True,True,True,True
Position,frozen_closed_loop__Position_x0p3,libero_object_temp,5,8,5380388,"[[0.014989413321018219, -0.009997989982366562, -0.03003956750035286, -0.00021172224660404027, 0.004475846886634827, -0.00033231041743420064, -1.0023233890533447], [-0.0020954199135303497, -0.008217617869377136, -0.03156406804919243, 1.0452126844029408e-05, 0.005113810300827026, -0.0010959544451907277, -0.9983498454093933], [0.030437931418418884, -0.009540393948554993, -0.03153657540678978, -6.707013380946591e-05, 0.005484044551849365, -0.0008496319060213864, -1.0027530193328857], [0.03024023026227951, -0.011550094932317734, -0.025267861783504486, 0.00010853965068235993, 0.00471089780330658, -0.00014587199257221073, -0.9972689151763916], [0.013484247028827667, -0.010550357401371002, -0.036943573504686356, -0.0006774961948394775, 0.0031045228242874146, -0.0013502747751772404, -0.9993594288825989], [0.052355267107486725, -0.012116711586713791, -0.03019854426383972, -0.0005366863333620131, 0.006536900997161865, -0.0007696321699768305, -0.9973708391189575]]","[[0.014989413321018219, -0.009997989982366562, -0.03003956750035286, -0.00021172224660404027, 0.004475846886634827, -0.00033231041743420064, -1.0023233890533447], [-0.0020954199135303497, -0.008217617869377136, -0.03156406804919243, 1.0452126844029408e-05, 0.005113810300827026, -0.0010959544451907277, -0.9983498454093933], [0.030437931418418884, -0.009540393948554993, -0.03153657540678978, -6.707013380946591e-05, 0.005484044551849365, -0.0008496319060213864, -1.0027530193328857], [0.03024023026227951, -0.011550094932317734, -0.025267861783504486, 0.00010853965068235993, 0.00471089780330658, -0.00014587199257221073, -0.9972689151763916], [0.013484247028827667, -0.010550357401371002, -0.036943573504686356, -0.0006774961948394775, 0.0031045228242874146, -0.0013502747751772404, -0.9993594288825989], [0.052355267107486725, -0.012116711586713791, -0.03019854426383972, -0.0005366863333620131, 0.006536900997161865, -0.0007696321699768305, -0.9973708391189575]]","[-0.0008230501556250307, 0.004597864976476794, -0.0010925012006568094, -0.003498429880211427, -0.0016263375000230911, 0.002442453760039487]","[-0.0008230501556250307, 0.004597864976476794, -0.0010925012006568094, -0.003498429880211427, -0.0016263375000230911, 0.002442453760039487]","[0.30367255210876465, 0.3009187579154968, 0.3044593334197998, 0.30924540758132935, 0.3066079020500183, 0.3080516457557678]","[0.30367255210876465, 0.3009187579154968, 0.3044593334197998, 0.30924540758132935, 0.3066079020500183, 0.3080516457557678]",3.0,3.0,6.0,6.0,086dfebd71040c3b8512d9e9cc25151dd95fdc19d68b60a3a990f563924cfbbb,086dfebd71040c3b8512d9e9cc25151dd95fdc19d68b60a3a990f563924cfbbb,1.0,3.0,0.0,True,0.0,True,0.0,True,True,True,True
Position,frozen_closed_loop__Position_x0p3,libero_object_temp,5,8,5380485,"[[0.023455359041690826, -0.009057987481355667, -0.037573669105768204, -0.0004540227528195828, 0.004250273108482361, -0.0012031643418595195, -1.0045126676559448], [0.026315264403820038, -0.0125812366604805, -0.03329923376441002, -0.000745723838917911, 0.004020676016807556, -0.00041768609662540257, -1.0016670227050781], [0.03472454845905304, -0.013650711625814438, -0.034488458186388016, -0.0005583128076978028, 0.005942746996879578, -0.00038272063829936087, -1.0016345977783203], [0.010396912693977356, -0.010668430477380753, -0.03702973946928978, -0.0001180075851152651, 0.004699766635894775, -3.588609615690075e-05, -0.9995148777961731], [0.016778111457824707, -0.009179860353469849, -0.030856188386678696, -0.00010293126979377121, 0.006156519055366516, -0.0007529095164500177, -0.9997016191482544], [0.0472424179315567, -0.014495160430669785, -0.03613835200667381, -0.0009756741928867996, 0.005099549889564514, -0.0010317519772797823, -0.998390257358551]]","[[0.023455359041690826, -0.009057987481355667, -0.037573669105768204, -0.0004540227528195828, 0.004250273108482361, -0.0012031643418595195, -1.0045126676559448], [0.026315264403820038, -0.0125812366604805, -0.03329923376441002, -0.000745723838917911, 0.004020676016807556, -0.00041768609662540257, -1.0016670227050781], [0.03472454845905304, -0.013650711625814438, -0.034488458186388016, -0.0005583128076978028, 0.005942746996879578, -0.00038272063829936087, -1.0016345977783203], [0.010396912693977356, -0.010668430477380753, -0.03702973946928978, -0.0001180075851152651, 0.004699766635894775, -3.588609615690075e-05, -0.9995148777961731], [0.016778111457824707, -0.009179860353469849, -0.030856188386678696, -0.00010293126979377121, 0.006156519055366516, -0.0007529095164500177, -0.9997016191482544], [0.0472424179315567, -0.014495160430669785, -0.03613835200667381, -0.0009756741928867996, 0.005099549889564514, -0.0010317519772797823, -0.998390257358551]]","[0.002835959599803553, -8.988396771413172e-06, 0.0017464979389869824, 0.0015044131840674143, -0.0029816083727673996, -0.003096273953319177]","[0.002835959599803553, -8.988396771413172e-06, 0.0017464979389869824, 0.0015044131840674143, -0.0029816083727673996, -0.003096273953319177]","[0.3036611080169678, 0.30185818672180176, 0.3064400851726532, 0.30345627665519714, 0.3066139817237854, 0.30441784858703613]","[0.3036611080169678, 0.30185818672180176, 0.3064400851726532, 0.30345627665519714, 0.3066139817237854, 0.30441784858703613]",4.0,4.0,6.0,6.0,086dfebd71040c3b8512d9e9cc25151dd95fdc19d68b60a3a990f563924cfbbb,086dfebd71040c3b8512d9e9cc25151dd95fdc19d68b60a3a990f563924cfbbb,0.0,4.0,0.0,True,0.0,True,0.0,True,True,True,True
Position,frozen_closed_loop__Position_x0p3,libero_object_temp,5,9,5390000,"[[-0.005646776407957077, -0.006158687174320221, -0.008493997156620026, -0.002113441936671734, 0.0046952515840530396, -0.0025908108800649643, -1.0014455318450928], [0.0004696100950241089, -0.00430673360824585, -0.006184391677379608, -0.0022652114275842905, 0.007204413414001465, -0.0025160987861454487, -1.0005605220794678], [0.0020910054445266724, -0.003045313060283661, -0.005624592304229736, -0.0017207441851496696, 0.003274083137512207, -0.002582262270152569, -1.0013550519943237], [-0.006028544157743454, -0.006014462560415268, -0.007380545139312744, -0.0017300387844443321, 0.0035589784383773804, -0.0027438702527433634, -0.9989593625068665], [0.005363859236240387, -0.005188845098018646, -0.009092520922422409, -0.002452585846185684, 0.003633365035057068, -0.0029555356595665216, -1.0013924837112427], [-0.007195807993412018, -0.002993345260620117, -0.01091865822672844, -0.0020152628421783447, 0.003266841173171997, -0.002394876442849636, -0.9996665120124817]]","[[-0.005646776407957077, -0.006158687174320221, -0.008493997156620026, -0.002113441936671734, 0.0046952515840530396, -0.0025908108800649643, -1.0014455318450928], [0.0004696100950241089, -0.00430673360824585, -0.006184391677379608, -0.0022652114275842905, 0.007204413414001465, -0.0025160987861454487, -1.0005605220794678], [0.0020910054445266724, -0.003045313060283661, -0.005624592304229736, -0.0017207441851496696, 0.003274083137512207, -0.002582262270152569, -1.0013550519943237], [-0.006028544157743454, -0.006014462560415268, -0.007380545139312744, -0.0017300387844443321, 0.0035589784383773804, -0.0027438702527433634, -0.9989593625068665], [0.005363859236240387, -0.005188845098018646, -0.009092520922422409, -0.002452585846185684, 0.003633365035057068, -0.0029555356595665216, -1.0013924837112427], [-0.007195807993412018, -0.002993345260620117, -0.01091865822672844, -0.0020152628421783447, 0.003266841173171997, -0.002394876442849636, -0.9996665120124817]]","[0.0005933389848273478, -0.003718055534355091, -0.002879608349499306, 0.0022928238797865316, -0.0008943318653134943, 0.0046058328845539785]","[0.0005933389848273478, -0.003718055534355091, -0.002879608349499306, 0.0022928238797865316, -0.0008943318653134943, 0.0046058328845539785]","[0.2793683409690857, 0.28522372245788574, 0.2819575071334839, 0.2761828899383545, 0.281751811504364, 0.28121569752693176]","[0.2793683409690857, 0.28522372245788574, 0.2819575071334839, 0.2761828899383545, 0.281751811504364, 0.28121569752693176]",1.0,1.0,6.0,6.0,086dfebd71040c3b8512d9e9cc25151dd95fdc19d68b60a3a990f563924cfbbb,086dfebd71040c3b8512d9e9cc25151dd95fdc19d68b60a3a990f563924cfbbb,5.0,1.0,0.0,True,0.0,True,0.0,True,True,True,True
Position,frozen_closed_loop__Position_x0p3,libero_object_temp,5,9,5390097,"[[0.0022023171186447144, -0.00818716362118721, -0.004589371383190155, -0.001649973331950605, 0.005225881934165955, -0.002514798892661929, -1.0017261505126953], [-0.005545690655708313, -0.005327928811311722, -0.0066419318318367004, -0.0016916344175115228, 0.0037246495485305786, -0.0024433257058262825, -1.0020285844802856], [-0.006899144500494003, -0.004352554678916931, -0.006047375500202179, -0.001161145861260593, 0.004057466983795166, -0.0025697918608784676, -1.001138687133789], [-0.0008920580148696899, -0.003841649740934372, -0.00786496326327324, -0.0016413374105468392, 0.0024253875017166138, -0.0031818088609725237, -1.0009348392486572], [-0.0036399811506271362, -0.006273128092288971, -0.0043334998190402985, -0.0015949740773066878, 0.005028471350669861, -0.0026831929571926594, -1.0013850927352905], [-0.001962091773748398, -0.007053986191749573, -0.00730494037270546, -0.0013054868904873729, 0.003207653760910034, -0.003006298327818513, -1.0011451244354248]]","[[0.0022023171186447144, -0.00818716362118721, -0.004589371383190155, -0.001649973331950605, 0.005225881934165955, -0.002514798892661929, -1.0017261505126953], [-0.005545690655708313, -0.005327928811311722, -0.0066419318318367004, -0.0016916344175115228, 0.0037246495485305786, -0.0024433257058262825, -1.0020285844802856], [-0.006899144500494003, -0.004352554678916931, -0.006047375500202179, -0.001161145861260593, 0.004057466983795166, -0.0025697918608784676, -1.001138687133789], [-0.0008920580148696899, -0.003841649740934372, -0.00786496326327324, -0.0016413374105468392, 0.0024253875017166138, -0.0031818088609725237, -1.0009348392486572], [-0.0036399811506271362, -0.006273128092288971, -0.0043334998190402985, -0.0015949740773066878, 0.005028471350669861, -0.0026831929571926594, -1.0013850927352905], [-0.001962091773748398, -0.007053986191749573, -0.00730494037270546, -0.0013054868904873729, 0.003207653760910034, -0.003006298327818513, -1.0011451244354248]]","[0.0008197812426330884, 0.0013626818457529231, 0.001471813825599761, -0.005887873665086517, 0.003588993666801358, -0.0013553969157007592]","[0.0008197812426330884, 0.0013626818457529231, 0.001471813825599761, -0.005887873665086517, 0.003588993666801358, -0.0013553969157007592]","[0.2792516350746155, 0.27912214398384094, 0.2738252878189087, 0.2840907573699951, 0.2762162387371063, 0.2767563462257385]","[0.2792516350746155, 0.27912214398384094, 0.2738252878189087, 0.2840907573699951, 0.2762162387371063, 0.2767563462257385]",3.0,3.0,6.0,6.0,086dfebd71040c3b8512d9e9cc25151dd95fdc19d68b60a3a990f563924cfbbb,086dfebd71040c3b8512d9e9cc25151dd95fdc19d68b60a3a990f563924cfbbb,4.0,3.0,0.0,True,0.0,True,0.0,True,True,True,True
Position,frozen_closed_loop__Position_x0p3,libero_object_temp,5,9,5390194,"[[-0.012107044458389282, -0.003575272858142853, -0.008838213980197906, -0.001849844236858189, 0.0036237984895706177, -0.0019245501607656479, -1.0008208751678467], [-0.0003281235694885254, -0.005958583205938339, -0.006040278822183609, -0.0011708246311172843, 0.003318607807159424, -0.0027453904040157795, -1.001388430595398], [0.004374571144580841, -0.00700727105140686, -0.005748756229877472, -0.0022384985350072384, 0.004231184720993042, -0.003120889188721776, -0.9997006058692932], [0.005951710045337677, -0.007565449923276901, -0.005650017410516739, -0.0019645632710307837, 0.0028655827045440674, -0.0018575054127722979, -0.9994421005249023], [-0.0003040395677089691, -0.002105254679918289, -0.0053195469081401825, -0.0010140236699953675, 0.0033183395862579346, -0.002295135520398617, -1.0025033950805664], [-0.0011707283556461334, -0.0034837424755096436, -0.005749035626649857, -0.0019305135356262326, 0.004252418875694275, -0.0026481833774596453, -1.000901699066162]]","[[-0.012107044458389282, -0.003575272858142853, -0.008838213980197906, -0.001849844236858189, 0.0036237984895706177, -0.0019245501607656479, -1.0008208751678467], [-0.0003281235694885254, -0.005958583205938339, -0.006040278822183609, -0.0011708246311172843, 0.003318607807159424, -0.0027453904040157795, -1.001388430595398], [0.004374571144580841, -0.00700727105140686, -0.005748756229877472, -0.0022384985350072384, 0.004231184720993042, -0.003120889188721776, -0.9997006058692932], [0.005951710045337677, -0.007565449923276901, -0.005650017410516739, -0.0019645632710307837, 0.0028655827045440674, -0.0018575054127722979, -0.9994421005249023], [-0.0003040395677089691, -0.002105254679918289, -0.0053195469081401825, -0.0010140236699953675, 0.0033183395862579346, -0.002295135520398617, -1.0025033950805664], [-0.0011707283556461334, -0.0034837424755096436, -0.005749035626649857, -0.0019305135356262326, 0.004252418875694275, -0.0026481833774596453, -1.000901699066162]]","[0.0046942160865962295, -0.00171480435899998, -0.0034638607439230334, -0.0016550110300368255, 0.0023882204616777767, -0.0002487604153140802]","[0.0046942160865962295, -0.00171480435899998, -0.0034638607439230334, -0.0016550110300368255, 0.0023882204616777767, -0.0002487604153140802]","[0.27805131673812866, 0.2797059118747711, 0.2855626046657562, 0.2885960638523102, 0.2786163091659546, 0.2821834683418274]","[0.27805131673812866, 0.2797059118747711, 0.2855626046657562, 0.2885960638523102, 0.2786163091659546, 0.2821834683418274]",3.0,3.0,6.0,6.0,086dfebd71040c3b8512d9e9cc25151dd95fdc19d68b60a3a990f563924cfbbb,086dfebd71040c3b8512d9e9cc25151dd95fdc19d68b60a3a990f563924cfbbb,0.0,3.0,0.0,True,0.0,True,0.0,True,True,True,True
Position,frozen_closed_loop__Position_x0p3,libero_object_temp,5,9,5390291,"[[-0.006176624447107315, -0.004168767482042313, -0.006543975323438644, -0.0015954497503116727, 0.003501802682876587, -0.0025735595263540745, -1.0020211935043335], [0.00608392059803009, -0.008074119687080383, -0.007949061691761017, -0.0020288939122110605, 0.0033569633960723877, -0.002286741277202964, -1.002882719039917], [0.0023581087589263916, -0.0057365186512470245, -0.007824506610631943, -0.001388205331750214, 0.004536375403404236, -0.002712055342271924, -1.0011041164398193], [0.0016989558935165405, -0.006708092987537384, -0.0053282082080841064, -0.0022560996003448963, 0.0052773356437683105, -0.0022669562604278326, -1.001682162284851], [0.0016425177454948425, -0.005507972091436386, -0.009051728993654251, -0.0019096372416242957, 0.00602133572101593, -0.002963996259495616, -1.0008138418197632], [-0.004471521824598312, -0.003812480717897415, -0.007654856890439987, -0.0021640134509652853, 0.004082143306732178, -0.0026597504038363695, -1.0004721879959106]]","[[-0.006176624447107315, -0.004168767482042313, -0.006543975323438644, -0.0015954497503116727, 0.003501802682876587, -0.0025735595263540745, -1.0020211935043335], [0.00608392059803009, -0.008074119687080383, -0.007949061691761017, -0.0020288939122110605, 0.0033569633960723877, -0.002286741277202964, -1.002882719039917], [0.0023581087589263916, -0.0057365186512470245, -0.007824506610631943, -0.001388205331750214, 0.004536375403404236, -0.002712055342271924, -1.0011041164398193], [0.0016989558935165405, -0.006708092987537384, -0.0053282082080841064, -0.0022560996003448963, 0.0052773356437683105, -0.0022669562604278326, -1.001682162284851], [0.0016425177454948425, -0.005507972091436386, -0.009051728993654251, -0.0019096372416242957, 0.00602133572101593, -0.002963996259495616, -1.0008138418197632], [-0.004471521824598312, -0.003812480717897415, -0.007654856890439987, -0.0021640134509652853, 0.004082143306732178, -0.0026597504038363695, -1.0004721879959106]]","[-0.003159135043780338, -0.0010320601970721004, 0.0023619818786526545, 0.0006013984774436399, 0.0012286264049551853, -8.115201991760286e-07]","[-0.003159135043780338, -0.0010320601970721004, 0.0023619818786526545, 0.0006013984774436399, 0.0012286264049551853, -8.115201991760286e-07]","[0.28414463996887207, 0.2877953052520752, 0.2778296172618866, 0.27964186668395996, 0.2799050211906433, 0.2861011326313019]","[0.28414463996887207, 0.2877953052520752, 0.2778296172618866, 0.27964186668395996, 0.2799050211906433, 0.2861011326313019]",1.0,1.0,6.0,6.0,086dfebd71040c3b8512d9e9cc25151dd95fdc19d68b60a3a990f563924cfbbb,086dfebd71040c3b8512d9e9cc25151dd95fdc19d68b60a3a990f563924cfbbb,2.0,1.0,0.0,True,0.0,True,0.0,True,True,True,True
Position,frozen_closed_loop__Position_x0p3,libero_object_temp,5,9,5390388,"[[0.0007735937833786011, -0.004833173006772995, -0.00667814165353775, -0.001447339658625424, 0.004500836133956909, -0.002264113863930106, -1.000469446182251], [-0.0015994347631931305, -0.0020596012473106384, -0.00835217535495758, -0.0014604581519961357, 0.004936784505844116, -0.0020651831291615963, -1.0017600059509277], [-0.005041938275098801, -0.0063769519329071045, -0.006910599768161774, -0.001952798687852919, 0.006880402565002441, -0.0026837217155843973, -1.0029356479644775], [0.0029125437140464783, -0.004269629716873169, -0.0035525858402252197, -0.0020647915080189705, 0.007989227771759033, -0.002855949103832245, -1.0020246505737305], [-0.0061676837503910065, -0.0021473877131938934, -0.00824667513370514, -0.001713206060230732, 0.002863660454750061, -0.0028468938544392586, -1.0006622076034546], [-0.006504077464342117, -0.008974727243185043, -0.007635634392499924, -0.0012971436372026801, 0.004686400294303894, -0.002052073832601309, -1.0003104209899902]]","[[0.0007735937833786011, -0.004833173006772995, -0.00667814165353775, -0.001447339658625424, 0.004500836133956909, -0.002264113863930106, -1.000469446182251], [-0.0015994347631931305, -0.0020596012473106384, -0.00835217535495758, -0.0014604581519961357, 0.004936784505844116, -0.0020651831291615963, -1.0017600059509277], [-0.005041938275098801, -0.0063769519329071045, -0.006910599768161774, -0.001952798687852919, 0.006880402565002441, -0.0026837217155843973, -1.0029356479644775], [0.0029125437140464783, -0.004269629716873169, -0.0035525858402252197, -0.0020647915080189705, 0.007989227771759033, -0.002855949103832245, -1.0020246505737305], [-0.0061676837503910065, -0.0021473877131938934, -0.00824667513370514, -0.001713206060230732, 0.002863660454750061, -0.0028468938544392586, -1.0006622076034546], [-0.006504077464342117, -0.008974727243185043, -0.007635634392499924, -0.0012971436372026801, 0.004686400294303894, -0.002052073832601309, -1.0003104209899902]]","[0.0013803213583140862, -0.0011905332018344859, -0.00015330780953231714, -0.002547412569270861, 0.0022771675758236033, 0.00023376464650011735]","[0.0013803213583140862, -0.0011905332018344859, -0.00015330780953231714, -0.002547412569270861, 0.0022771675758236033, 0.00023376464650011735]","[0.27440616488456726, 0.27855992317199707, 0.27580970525741577, 0.278705894947052, 0.2780880928039551, 0.2820851802825928]","[0.27440616488456726, 0.27855992317199707, 0.27580970525741577, 0.278705894947052, 0.2780880928039551, 0.2820851802825928]",5.0,5.0,6.0,6.0,086dfebd71040c3b8512d9e9cc25151dd95fdc19d68b60a3a990f563924cfbbb,086dfebd71040c3b8512d9e9cc25151dd95fdc19d68b60a3a990f563924cfbbb,4.0,5.0,0.0,True,0.0,True,0.0,True,True,True,True
Position,frozen_closed_loop__Position_x0p3,libero_object_temp,5,9,5390485,"[[-0.0029735639691352844, -0.00527210533618927, -0.00916292890906334, -0.002554588718339801, 0.002375766634941101, -0.0027462055440992117, -1.0005849599838257], [0.001354403793811798, -0.006268545985221863, -0.008725728839635849, -0.0015793305356055498, 0.005865946412086487, -0.003164491383358836, -1.0021294355392456], [0.00212252140045166, -0.00413132831454277, -0.006306879222393036, -0.0012576598674058914, 0.003535151481628418, -0.0028352385852485895, -1.0006524324417114], [-0.005496293306350708, 0.0003186240792274475, -0.010034255683422089, -0.0017942412523552775, 0.002419576048851013, -0.0025485085789114237, -1.0000075101852417], [-0.001548919826745987, -0.004456881433725357, -0.004392508417367935, -0.0017109555192291737, 0.004886850714683533, -0.0028968413826078176, -1.0020551681518555], [-0.008730199187994003, -0.0035293400287628174, -0.007676146924495697, -0.0013438545865938067, 0.004762306809425354, -0.0026933057233691216, -0.9997513890266418]]","[[-0.0029735639691352844, -0.00527210533618927, -0.00916292890906334, -0.002554588718339801, 0.002375766634941101, -0.0027462055440992117, -1.0005849599838257], [0.001354403793811798, -0.006268545985221863, -0.008725728839635849, -0.0015793305356055498, 0.005865946412086487, -0.003164491383358836, -1.0021294355392456], [0.00212252140045166, -0.00413132831454277, -0.006306879222393036, -0.0012576598674058914, 0.003535151481628418, -0.0028352385852485895, -1.0006524324417114], [-0.005496293306350708, 0.0003186240792274475, -0.010034255683422089, -0.0017942412523552775, 0.002419576048851013, -0.0025485085789114237, -1.0000075101852417], [-0.001548919826745987, -0.004456881433725357, -0.004392508417367935, -0.0017109555192291737, 0.004886850714683533, -0.0028968413826078176, -1.0020551681518555], [-0.008730199187994003, -0.0035293400287628174, -0.007676146924495697, -0.0013438545865938067, 0.004762306809425354, -0.0026933057233691216, -0.9997513890266418]]","[-0.0013826716275584852, 0.0018054074134898923, -0.0017417145523020343, -0.0009586730281194752, -0.00017501846929408437, 0.0024526702637840936]","[-0.0013826716275584852, 0.0018054074134898923, -0.0017417145523020343, -0.0009586730281194752, -0.00017501846929408437, 0.0024526702637840936]","[0.2803979218006134, 0.28167372941970825, 0.278165340423584, 0.28431546688079834, 0.2784978747367859, 0.2721211910247803]","[0.2803979218006134, 0.28167372941970825, 0.278165340423584, 0.28431546688079834, 0.2784978747367859, 0.2721211910247803]",3.0,3.0,6.0,6.0,086dfebd71040c3b8512d9e9cc25151dd95fdc19d68b60a3a990f563924cfbbb,086dfebd71040c3b8512d9e9cc25151dd95fdc19d68b60a3a990f563924cfbbb,5.0,3.0,0.0,True,0.0,True,0.0,True,True,True,True
Position,frozen_closed_loop__Position_y0p3,libero_object_temp,8,5,5400000,"[[0.08122455328702927, -0.0472395122051239, 0.0022940710186958313, -0.03558644652366638, 0.029240727424621582, -0.0008826144621707499, -1.0021312236785889], [0.06758976727724075, -0.04997933283448219, 0.0018431246280670166, -0.035368662327528, 0.03265061974525452, -0.0007529315771535039, -1.002976894378662], [0.05314774811267853, -0.029247254133224487, 0.002462714910507202, -0.03462044522166252, 0.03326636552810669, -0.0010716747492551804, -1.004709005355835], [0.08339278399944305, -0.056155286729335785, 0.0025133416056632996, -0.03798491507768631, 0.03200992941856384, -0.0004997789510525763, -1.0040167570114136], [0.08209358900785446, -0.03550529479980469, 0.001617930829524994, -0.0391862615942955, 0.03819854557514191, -0.00010004453361034393, -1.0023455619812012], [0.06347157061100006, -0.058039650321006775, 0.0005545467138290405, -0.03468453884124756, 0.028682202100753784, -0.0007616563816554844, -1.0015572309494019]]","[[0.08122455328702927, -0.0472395122051239, 0.0022940710186958313, -0.03558644652366638, 0.029240727424621582, -0.0008826144621707499, -1.0021312236785889], [0.06758976727724075, -0.04997933283448219, 0.0018431246280670166, -0.035368662327528, 0.03265061974525452, -0.0007529315771535039, -1.002976894378662], [0.05314774811267853, -0.029247254133224487, 0.002462714910507202, -0.03462044522166252, 0.03326636552810669, -0.0010716747492551804, -1.004709005355835], [0.08339278399944305, -0.056155286729335785, 0.0025133416056632996, -0.03798491507768631, 0.03200992941856384, -0.0004997789510525763, -1.0040167570114136], [0.08209358900785446, -0.03550529479980469, 0.001617930829524994, -0.0391862615942955, 0.03819854557514191, -0.00010004453361034393, -1.0023455619812012], [0.06347157061100006, -0.058039650321006775, 0.0005545467138290405, -0.03468453884124756, 0.028682202100753784, -0.0007616563816554844, -1.0015572309494019]]","[-0.0025183564833871214, -0.0012995509207974444, 0.0037618532515554534, -0.0004928401915348662, 0.002943784130215134, -0.0023948897860512418]","[-0.0025183564833871214, -0.0012995509207974444, 0.0037618532515554534, -0.0004928401915348662, 0.002943784130215134, -0.0023948897860512418]","[0.23174408078193665, 0.2322639524936676, 0.23110035061836243, 0.23153090476989746, 0.23164954781532288, 0.2326110601425171]","[0.23174408078193665, 0.2322639524936676, 0.23110035061836243, 0.23153090476989746, 0.23164954781532288, 0.2326110601425171]",5.0,5.0,6.0,6.0,086dfebd71040c3b8512d9e9cc25151dd95fdc19d68b60a3a990f563924cfbbb,086dfebd71040c3b8512d9e9cc25151dd95fdc19d68b60a3a990f563924cfbbb,2.0,5.0,0.0,True,0.0,True,0.0,True,True,True,True
Position,frozen_closed_loop__Position_y0p3,libero_object_temp,8,5,5400097,"[[0.058929696679115295, -0.033059511333703995, 0.0022294744849205017, -0.03588107228279114, 0.03155095875263214, -0.00010912189463851973, -1.003000020980835], [0.07258862257003784, -0.02577340230345726, 0.0017073377966880798, -0.03931162878870964, 0.03554673492908478, -0.0005056175286881626, -1.0027904510498047], [0.052492618560791016, -0.027480237185955048, 0.0037724152207374573, -0.03576399385929108, 0.03482307493686676, -0.00024266046239063144, -1.0020242929458618], [0.049292296171188354, -0.02369435504078865, 0.0029067322611808777, -0.037079330533742905, 0.03293989598751068, -3.7187483030720614e-06, -1.0025291442871094], [0.08434485644102097, -0.03567533567547798, 0.002358667552471161, -0.0372571162879467, 0.03589823842048645, -0.00017508699966128916, -1.0018603801727295], [0.06379164755344391, -0.040797069668769836, 0.0007256492972373962, -0.03459029272198677, 0.029830679297447205, -0.0009308654698543251, -1.0026063919067383]]","[[0.058929696679115295, -0.033059511333703995, 0.0022294744849205017, -0.03588107228279114, 0.03155095875263214, -0.00010912189463851973, -1.003000020980835], [0.07258862257003784, -0.02577340230345726, 0.0017073377966880798, -0.03931162878870964, 0.03554673492908478, -0.0005056175286881626, -1.0027904510498047], [0.052492618560791016, -0.027480237185955048, 0.0037724152207374573, -0.03576399385929108, 0.03482307493686676, -0.00024266046239063144, -1.0020242929458618], [0.049292296171188354, -0.02369435504078865, 0.0029067322611808777, -0.037079330533742905, 0.03293989598751068, -3.7187483030720614e-06, -1.0025291442871094], [0.08434485644102097, -0.03567533567547798, 0.002358667552471161, -0.0372571162879467, 0.03589823842048645, -0.00017508699966128916, -1.0018603801727295], [0.06379164755344391, -0.040797069668769836, 0.0007256492972373962, -0.03459029272198677, 0.029830679297447205, -0.0009308654698543251, -1.0026063919067383]]","[0.0016384791303448532, 0.0005250211233129016, -0.001032906606439992, 0.0025171297931844004, -0.00033730256948394464, -0.003310420870918234]","[0.0016384791303448532, 0.0005250211233129016, -0.001032906606439992, 0.0025171297931844004, -0.00033730256948394464, -0.003310420870918234]","[0.23152852058410645, 0.23219504952430725, 0.23187747597694397, 0.23051470518112183, 0.2325936257839203, 0.23376458883285522]","[0.23152852058410645, 0.23219504952430725, 0.23187747597694397, 0.23051470518112183, 0.2325936257839203, 0.23376458883285522]",5.0,5.0,6.0,6.0,086dfebd71040c3b8512d9e9cc25151dd95fdc19d68b60a3a990f563924cfbbb,086dfebd71040c3b8512d9e9cc25151dd95fdc19d68b60a3a990f563924cfbbb,3.0,5.0,0.0,True,0.0,True,0.0,True,True,True,True
Position,frozen_closed_loop__Position_y0p3,libero_object_temp,8,5,5400194,"[[0.05749739706516266, -0.03141408786177635, 0.001976229250431061, -0.037994135171175, 0.03269907832145691, -0.0002911318151745945, -1.0028939247131348], [0.08416537195444107, -0.03913549706339836, 0.0006100907921791077, -0.04120590165257454, 0.028781265020370483, -0.001210721442475915, -1.0012803077697754], [0.054680295288562775, -0.02749202772974968, 0.0015132129192352295, -0.0367964468896389, 0.03187143802642822, -0.0009079957962967455, -1.0038917064666748], [0.07465112954378128, -0.032472386956214905, 0.0016266480088233948, -0.03714887425303459, 0.03283216059207916, -0.0006865258328616619, -1.0022015571594238], [0.08911024779081345, -0.04738926887512207, 0.0020745769143104553, -0.040276624262332916, 0.03460201621055603, -0.001055811415426433, -1.004717469215393], [0.08426874876022339, -0.04036378115415573, 0.0025535747408866882, -0.038580521941185, 0.032843202352523804, -0.0008575195097364485, -1.0002766847610474]]","[[0.05749739706516266, -0.03141408786177635, 0.001976229250431061, -0.037994135171175, 0.03269907832145691, -0.0002911318151745945, -1.0028939247131348], [0.08416537195444107, -0.03913549706339836, 0.0006100907921791077, -0.04120590165257454, 0.028781265020370483, -0.001210721442475915, -1.0012803077697754], [0.054680295288562775, -0.02749202772974968, 0.0015132129192352295, -0.0367964468896389, 0.03187143802642822, -0.0009079957962967455, -1.0038917064666748], [0.07465112954378128, -0.032472386956214905, 0.0016266480088233948, -0.03714887425303459, 0.03283216059207916, -0.0006865258328616619, -1.0022015571594238], [0.08911024779081345, -0.04738926887512207, 0.0020745769143104553, -0.040276624262332916, 0.03460201621055603, -0.001055811415426433, -1.004717469215393], [0.08426874876022339, -0.04036378115415573, 0.0025535747408866882, -0.038580521941185, 0.032843202352523804, -0.0008575195097364485, -1.0002766847610474]]","[-4.3650936871132435e-05, 0.00021530130115125475, 0.005121902480250213, -0.0015798244474036314, -0.0029005039153255424, -0.0008132244818013377]","[-4.3650936871132435e-05, 0.00021530130115125475, 0.005121902480250213, -0.0015798244474036314, -0.0029005039153255424, -0.0008132244818013377]","[0.2319028377532959, 0.23264417052268982, 0.230679452419281, 0.23130559921264648, 0.23431918025016785, 0.2322787344455719]","[0.2319028377532959, 0.23264417052268982, 0.230679452419281, 0.23130559921264648, 0.23431918025016785, 0.2322787344455719]",4.0,4.0,6.0,6.0,086dfebd71040c3b8512d9e9cc25151dd95fdc19d68b60a3a990f563924cfbbb,086dfebd71040c3b8512d9e9cc25151dd95fdc19d68b60a3a990f563924cfbbb,2.0,4.0,0.0,True,0.0,True,0.0,True,True,True,True
Position,frozen_closed_loop__Position_y0p3,libero_object_temp,8,5,5400291,"[[0.0780387595295906, -0.03359142690896988, 0.0014419108629226685, -0.0373893640935421, 0.029210686683654785, -0.0005533177172765136, -1.003326416015625], [0.07052063941955566, -0.046911612153053284, 0.0028001144528388977, -0.03633224591612816, 0.03429020941257477, -0.001061275484971702, -0.9998756051063538], [0.07790867239236832, -0.04140464588999748, 0.002438463270664215, -0.04125872626900673, 0.03087012469768524, -0.0005232214462012053, -1.0024399757385254], [0.06094437092542648, -0.030869711190462112, 0.0031560659408569336, -0.03641672059893608, 0.03341567516326904, -0.0008496539085172117, -1.0021089315414429], [0.06279788911342621, -0.02627849578857422, 0.0020390376448631287, -0.03699055686593056, 0.03461824357509613, -5.225619315751828e-05, -1.0019879341125488], [0.07111184298992157, -0.039490219205617905, 0.0026630982756614685, -0.037406597286462784, 0.03228038549423218, -0.0006283161346800625, -0.9992505311965942]]","[[0.0780387595295906, -0.03359142690896988, 0.0014419108629226685, -0.0373893640935421, 0.029210686683654785, -0.0005533177172765136, -1.003326416015625], [0.07052063941955566, -0.046911612153053284, 0.0028001144528388977, -0.03633224591612816, 0.03429020941257477, -0.001061275484971702, -0.9998756051063538], [0.07790867239236832, -0.04140464588999748, 0.002438463270664215, -0.04125872626900673, 0.03087012469768524, -0.0005232214462012053, -1.0024399757385254], [0.06094437092542648, -0.030869711190462112, 0.0031560659408569336, -0.03641672059893608, 0.03341567516326904, -0.0008496539085172117, -1.0021089315414429], [0.06279788911342621, -0.02627849578857422, 0.0020390376448631287, -0.03699055686593056, 0.03461824357509613, -5.225619315751828e-05, -1.0019879341125488], [0.07111184298992157, -0.039490219205617905, 0.0026630982756614685, -0.037406597286462784, 0.03228038549423218, -0.0006283161346800625, -0.9992505311965942]]","[-0.0007496969180307489, -0.00023493506531512172, -0.003339528859274438, 0.003244694060228748, 0.0025994489313615277, -0.0015199821489699273]","[-0.0007496969180307489, -0.00023493506531512172, -0.003339528859274438, 0.003244694060228748, 0.0025994489313615277, -0.0015199821489699273]","[0.23306900262832642, 0.23283055424690247, 0.232733815908432, 0.2301371693611145, 0.23214811086654663, 0.23262286186218262]","[0.23306900262832642, 0.23283055424690247, 0.232733815908432, 0.2301371693611145, 0.23214811086654663, 0.23262286186218262]",0.0,0.0,6.0,6.0,086dfebd71040c3b8512d9e9cc25151dd95fdc19d68b60a3a990f563924cfbbb,086dfebd71040c3b8512d9e9cc25151dd95fdc19d68b60a3a990f563924cfbbb,3.0,0.0,0.0,True,0.0,True,0.0,True,True,True,True
Position,frozen_closed_loop__Position_y0p3,libero_object_temp,8,5,5400388,"[[0.0736146792769432, -0.03834402188658714, 0.0010374560952186584, -0.03647677227854729, 0.028638839721679688, -0.00013701495481655002, -1.00383460521698], [0.07773220539093018, -0.037214476615190506, 0.0017645582556724548, -0.04070081189274788, 0.032279714941978455, -0.0007535484619438648, -1.0020986795425415], [0.08201703429222107, -0.04095274955034256, 0.0024129822850227356, -0.036223895847797394, 0.03134988248348236, -0.00048576630069874227, -1.0013073682785034], [0.07747292518615723, -0.044104065746068954, 0.0011402741074562073, -0.041782937943935394, 0.026224404573440552, -0.0013295202516019344, -1.0032103061676025], [0.0704464316368103, -0.04536157473921776, 0.0028842687606811523, -0.042317360639572144, 0.03077852725982666, -0.0011080943513661623, -1.000934362411499], [0.0740433856844902, -0.03243193030357361, 0.0007155910134315491, -0.03698508441448212, 0.029048636555671692, -0.0006156034069135785, -1.001780390739441]]","[[0.0736146792769432, -0.03834402188658714, 0.0010374560952186584, -0.03647677227854729, 0.028638839721679688, -0.00013701495481655002, -1.00383460521698], [0.07773220539093018, -0.037214476615190506, 0.0017645582556724548, -0.04070081189274788, 0.032279714941978455, -0.0007535484619438648, -1.0020986795425415], [0.08201703429222107, -0.04095274955034256, 0.0024129822850227356, -0.036223895847797394, 0.03134988248348236, -0.00048576630069874227, -1.0013073682785034], [0.07747292518615723, -0.044104065746068954, 0.0011402741074562073, -0.041782937943935394, 0.026224404573440552, -0.0013295202516019344, -1.0032103061676025], [0.0704464316368103, -0.04536157473921776, 0.0028842687606811523, -0.042317360639572144, 0.03077852725982666, -0.0011080943513661623, -1.000934362411499], [0.0740433856844902, -0.03243193030357361, 0.0007155910134315491, -0.03698508441448212, 0.029048636555671692, -0.0006156034069135785, -1.001780390739441]]","[-0.0010810656315290454, -0.002628517104378068, 0.0007646226810778233, 0.0032598383658735183, 0.0006289342710072142, -0.0009438125820516686]","[-0.0010810656315290454, -0.002628517104378068, 0.0007646226810778233, 0.0032598383658735183, 0.0006289342710072142, -0.0009438125820516686]","[0.23081162571907043, 0.2325391173362732, 0.23084744811058044, 0.23322787880897522, 0.23289766907691956, 0.23104748129844666]","[0.23081162571907043, 0.2325391173362732, 0.23084744811058044, 0.23322787880897522, 0.23289766907691956, 0.23104748129844666]",3.0,3.0,6.0,6.0,086dfebd71040c3b8512d9e9cc25151dd95fdc19d68b60a3a990f563924cfbbb,086dfebd71040c3b8512d9e9cc25151dd95fdc19d68b60a3a990f563924cfbbb,3.0,3.0,0.0,True,0.0,True,0.0,True,True,True,False
Position,frozen_closed_loop__Position_y0p3,libero_object_temp,8,5,5400485,"[[0.05958281457424164, -0.032675787806510925, 0.0023643672466278076, -0.03902097046375275, 0.02739429473876953, -0.0008308382239192724, -0.9999687075614929], [0.07751908153295517, -0.04312897101044655, 0.0009460374712944031, -0.03884086012840271, 0.034489408135414124, -0.00011073026689700782, -1.000520944595337], [0.07761206477880478, -0.04520237445831299, 0.003019273281097412, -0.036486104130744934, 0.036793604493141174, -0.0013439074391499162, -1.0024049282073975], [0.06922636181116104, -0.03322681412100792, 0.0009853765368461609, -0.04111742228269577, 0.030744194984436035, -0.0011778270127251744, -1.004087209701538], [0.0696147233247757, -0.040998514741659164, 0.0017635524272918701, -0.04105444625020027, 0.03372032940387726, -0.0010174529161304235, -1.0021733045578003], [0.050131380558013916, -0.03009762614965439, 0.00264778733253479, -0.03601925075054169, 0.03122784197330475, -0.0003281462995801121, -1.0042263269424438]]","[[0.05958281457424164, -0.032675787806510925, 0.0023643672466278076, -0.03902097046375275, 0.02739429473876953, -0.0008308382239192724, -0.9999687075614929], [0.07751908153295517, -0.04312897101044655, 0.0009460374712944031, -0.03884086012840271, 0.034489408135414124, -0.00011073026689700782, -1.000520944595337], [0.07761206477880478, -0.04520237445831299, 0.003019273281097412, -0.036486104130744934, 0.036793604493141174, -0.0013439074391499162, -1.0024049282073975], [0.06922636181116104, -0.03322681412100792, 0.0009853765368461609, -0.04111742228269577, 0.030744194984436035, -0.0011778270127251744, -1.004087209701538], [0.0696147233247757, -0.040998514741659164, 0.0017635524272918701, -0.04105444625020027, 0.03372032940387726, -0.0010174529161304235, -1.0021733045578003], [0.050131380558013916, -0.03009762614965439, 0.00264778733253479, -0.03601925075054169, 0.03122784197330475, -0.0003281462995801121, -1.0042263269424438]]","[0.003089087288387712, -0.002012373191293636, 0.0027771723184527057, -0.0007099324162856066, -0.0027292122198596166, -0.00041474177940174653]","[0.003089087288387712, -0.002012373191293636, 0.0027771723184527057, -0.0007099324162856066, -0.0027292122198596166, -0.00041474177940174653]","[0.23268231749534607, 0.23265159130096436, 0.2318131923675537, 0.23290973901748657, 0.2330688238143921, 0.23211893439292908]","[0.23268231749534607, 0.23265159130096436, 0.2318131923675537, 0.23290973901748657, 0.2330688238143921, 0.23211893439292908]",4.0,4.0,6.0,6.0,086dfebd71040c3b8512d9e9cc25151dd95fdc19d68b60a3a990f563924cfbbb,086dfebd71040c3b8512d9e9cc25151dd95fdc19d68b60a3a990f563924cfbbb,0.0,4.0,0.0,True,0.0,True,0.0,True,True,True,True
Position,frozen_closed_loop__Position_y0p3,libero_object_temp,8,6,5410000,"[[0.028395876288414, -0.055750440806150436, 0.004137977957725525, -0.01668841391801834, 0.03605067729949951, -0.0022252046037465334, -0.999529242515564], [0.047823116183280945, -0.08305191993713379, 0.005288310348987579, -0.02336305007338524, 0.03862997889518738, -0.002196298213675618, -0.9999901056289673], [0.036668144166469574, -0.06328621506690979, 0.002205893397331238, -0.01663685403764248, 0.03493264317512512, -0.00168979458976537, -1.0001699924468994], [0.02623133361339569, -0.04487961530685425, 0.0013305991888046265, -0.022275449708104134, 0.03490631282329559, -0.0024022352881729603, -1.0004905462265015], [0.03478143364191055, -0.08252224326133728, 0.0013640150427818298, -0.01631428673863411, 0.039116889238357544, -0.002490387065336108, -0.9974689483642578], [0.011497288942337036, -0.03278598189353943, 0.004819370806217194, -0.019889989867806435, 0.04045365750789642, -0.0013397212605923414, -0.9987934827804565]]","[[0.028395876288414, -0.055750440806150436, 0.004137977957725525, -0.01668841391801834, 0.03605067729949951, -0.0022252046037465334, -0.999529242515564], [0.047823116183280945, -0.08305191993713379, 0.005288310348987579, -0.02336305007338524, 0.03862997889518738, -0.002196298213675618, -0.9999901056289673], [0.036668144166469574, -0.06328621506690979, 0.002205893397331238, -0.01663685403764248, 0.03493264317512512, -0.00168979458976537, -1.0001699924468994], [0.02623133361339569, -0.04487961530685425, 0.0013305991888046265, -0.022275449708104134, 0.03490631282329559, -0.0024022352881729603, -1.0004905462265015], [0.03478143364191055, -0.08252224326133728, 0.0013640150427818298, -0.01631428673863411, 0.039116889238357544, -0.002490387065336108, -0.9974689483642578], [0.011497288942337036, -0.03278598189353943, 0.004819370806217194, -0.019889989867806435, 0.04045365750789642, -0.0013397212605923414, -0.9987934827804565]]","[0.0013210090610576066, -0.002963709907208518, -0.000985705752480596, 0.0048529130334546014, -0.0038194310477027192, 0.0015949246128795832]","[0.0013210090610576066, -0.002963709907208518, -0.000985705752480596, 0.0048529130334546014, -0.0038194310477027192, 0.0015949246128795832]","[0.23454120755195618, 0.23488080501556396, 0.2344958782196045, 0.23384249210357666, 0.23513033986091614, 0.2339377999305725]","[0.23454120755195618, 0.23488080501556396, 0.2344958782196045, 0.23384249210357666, 0.23513033986091614, 0.2339377999305725]",4.0,4.0,6.0,6.0,086dfebd71040c3b8512d9e9cc25151dd95fdc19d68b60a3a990f563924cfbbb,086dfebd71040c3b8512d9e9cc25151dd95fdc19d68b60a3a990f563924cfbbb,3.0,4.0,0.0,True,0.0,True,0.0,True,True,True,True
Position,frozen_closed_loop__Position_y0p3,libero_object_temp,8,6,5410097,"[[0.020593106746673584, -0.047467947006225586, 0.003567337989807129, -0.018505549058318138, 0.037830814719200134, -0.0013064303202554584, -0.9986363053321838], [0.022174380719661713, -0.03422459587454796, 0.0020362436771392822, -0.019151121377944946, 0.03275008499622345, -0.0015165095683187246, -1.00005042552948], [0.019984468817710876, -0.03794543445110321, 0.002775639295578003, -0.02001158893108368, 0.044279202818870544, -0.0021489064674824476, -0.999878466129303], [0.022336430847644806, -0.06003711372613907, 0.002195611596107483, -0.019005537033081055, 0.035322725772857666, -0.0014250528765842319, -1.0011545419692993], [0.039974525570869446, -0.06839179992675781, 0.00269327312707901, -0.01923418790102005, 0.03601200878620148, -0.0013397653819993138, -0.9998407959938049], [0.027430616319179535, -0.034770481288433075, 0.0016403943300247192, -0.01970667764544487, 0.03717827796936035, -0.0017715349094942212, -1.00100839138031]]","[[0.020593106746673584, -0.047467947006225586, 0.003567337989807129, -0.018505549058318138, 0.037830814719200134, -0.0013064303202554584, -0.9986363053321838], [0.022174380719661713, -0.03422459587454796, 0.0020362436771392822, -0.019151121377944946, 0.03275008499622345, -0.0015165095683187246, -1.00005042552948], [0.019984468817710876, -0.03794543445110321, 0.002775639295578003, -0.02001158893108368, 0.044279202818870544, -0.0021489064674824476, -0.999878466129303], [0.022336430847644806, -0.06003711372613907, 0.002195611596107483, -0.019005537033081055, 0.035322725772857666, -0.0014250528765842319, -1.0011545419692993], [0.039974525570869446, -0.06839179992675781, 0.00269327312707901, -0.01923418790102005, 0.03601200878620148, -0.0013397653819993138, -0.9998407959938049], [0.027430616319179535, -0.034770481288433075, 0.0016403943300247192, -0.01970667764544487, 0.03717827796936035, -0.0017715349094942212, -1.00100839138031]]","[-0.0022008857230086352, 0.0028911578687382147, 0.0023666539343741738, -0.0014951708487674078, -0.0026888603810158638, 0.0011271051496797096]","[-0.0022008857230086352, 0.0028911578687382147, 0.0023666539343741738, -0.0014951708487674078, -0.0026888603810158638, 0.0011271051496797096]","[0.23568013310432434, 0.23409739136695862, 0.23445144295692444, 0.23569715023040771, 0.23545363545417786, 0.23436617851257324]","[0.23568013310432434, 0.23409739136695862, 0.23445144295692444, 0.23569715023040771, 0.23545363545417786, 0.23436617851257324]",3.0,3.0,6.0,6.0,086dfebd71040c3b8512d9e9cc25151dd95fdc19d68b60a3a990f563924cfbbb,086dfebd71040c3b8512d9e9cc25151dd95fdc19d68b60a3a990f563924cfbbb,1.0,3.0,0.0,True,0.0,True,0.0,True,True,True,True
Position,frozen_closed_loop__Position_y0p3,libero_object_temp,8,6,5410194,"[[0.010123886168003082, -0.02713412046432495, 0.0016673281788825989, -0.018183110281825066, 0.03027297556400299, -0.002421095035970211, -1.0002250671386719], [0.03169812262058258, -0.059031229466199875, 0.001987852156162262, -0.019149933010339737, 0.03675524890422821, -0.002040793187916279, -0.9999778270721436], [0.04163011908531189, -0.04505719989538193, 0.0037724152207374573, -0.01963217370212078, 0.04223710298538208, -0.0022969862911850214, -0.9984824061393738], [0.016552582383155823, -0.03952832892537117, 0.004207715392112732, -0.01926328055560589, 0.03823654353618622, -0.002290949458256364, -0.9990444779396057], [0.014697723090648651, -0.04363222047686577, 0.0030259788036346436, -0.018292540684342384, 0.034696295857429504, -0.0021573889534920454, -0.9996465444564819], [0.023681670427322388, -0.04943652078509331, 0.001983046531677246, -0.021488646045327187, 0.03404335677623749, -0.0016126810805872083, -0.9989899396896362]]","[[0.010123886168003082, -0.02713412046432495, 0.0016673281788825989, -0.018183110281825066, 0.03027297556400299, -0.002421095035970211, -1.0002250671386719], [0.03169812262058258, -0.059031229466199875, 0.001987852156162262, -0.019149933010339737, 0.03675524890422821, -0.002040793187916279, -0.9999778270721436], [0.04163011908531189, -0.04505719989538193, 0.0037724152207374573, -0.01963217370212078, 0.04223710298538208, -0.0022969862911850214, -0.9984824061393738], [0.016552582383155823, -0.03952832892537117, 0.004207715392112732, -0.01926328055560589, 0.03823654353618622, -0.002290949458256364, -0.9990444779396057], [0.014697723090648651, -0.04363222047686577, 0.0030259788036346436, -0.018292540684342384, 0.034696295857429504, -0.0021573889534920454, -0.9996465444564819], [0.023681670427322388, -0.04943652078509331, 0.001983046531677246, -0.021488646045327187, 0.03404335677623749, -0.0016126810805872083, -0.9989899396896362]]","[0.0035736419732120333, -0.002455220297074142, -0.00017097367199259703, -0.003960006779795816, 0.001651393129407699, 0.0013611656462425938]","[0.0035736419732120333, -0.002455220297074142, -0.00017097367199259703, -0.003960006779795816, 0.001651393129407699, 0.0013611656462425938]","[0.2340172529220581, 0.23450660705566406, 0.2334863841533661, 0.23447471857070923, 0.23441603779792786, 0.23474887013435364]","[0.2340172529220581, 0.23450660705566406, 0.2334863841533661, 0.23447471857070923, 0.23441603779792786, 0.23474887013435364]",5.0,5.0,6.0,6.0,086dfebd71040c3b8512d9e9cc25151dd95fdc19d68b60a3a990f563924cfbbb,086dfebd71040c3b8512d9e9cc25151dd95fdc19d68b60a3a990f563924cfbbb,0.0,5.0,0.0,True,0.0,True,0.0,True,True,True,True
Position,frozen_closed_loop__Position_y0p3,libero_object_temp,8,6,5410291,"[[0.01976810395717621, -0.04286477342247963, 0.00218857079744339, -0.01995360665023327, 0.027924522757530212, -0.002604471053928137, -1.0015342235565186], [0.01899629831314087, -0.04364021122455597, 0.0016991794109344482, -0.01573752611875534, 0.034583866596221924, -0.0015763716073706746, -0.9985399842262268], [0.029605887830257416, -0.03943193703889847, 0.0030316784977912903, -0.01967264525592327, 0.035091742873191833, -0.002071572467684746, -1.001766562461853], [0.04098080098628998, -0.06080087274312973, 0.0035709142684936523, -0.016706161201000214, 0.038058310747146606, -0.0020384136587381363, -1.0000678300857544], [0.029310062527656555, -0.047125741839408875, 0.002800561487674713, -0.02016322873532772, 0.03235240280628204, -0.0018861035350710154, -0.9985526204109192], [0.0469251349568367, -0.08300207555294037, 0.0044564902782440186, -0.017527857795357704, 0.041078612208366394, -0.0016645895084366202, -0.9989851713180542]]","[[0.01976810395717621, -0.04286477342247963, 0.00218857079744339, -0.01995360665023327, 0.027924522757530212, -0.002604471053928137, -1.0015342235565186], [0.01899629831314087, -0.04364021122455597, 0.0016991794109344482, -0.01573752611875534, 0.034583866596221924, -0.0015763716073706746, -0.9985399842262268], [0.029605887830257416, -0.03943193703889847, 0.0030316784977912903, -0.01967264525592327, 0.035091742873191833, -0.002071572467684746, -1.001766562461853], [0.04098080098628998, -0.06080087274312973, 0.0035709142684936523, -0.016706161201000214, 0.038058310747146606, -0.0020384136587381363, -1.0000678300857544], [0.029310062527656555, -0.047125741839408875, 0.002800561487674713, -0.02016322873532772, 0.03235240280628204, -0.0018861035350710154, -0.9985526204109192], [0.0469251349568367, -0.08300207555294037, 0.0044564902782440186, -0.017527857795357704, 0.041078612208366394, -0.0016645895084366202, -0.9989851713180542]]","[0.0027187359280204434, -0.00037645101312662314, 7.538328919098197e-05, -0.0022465434725585914, 0.0011114372639298496, -0.0012825619954561895]","[0.0027187359280204434, -0.00037645101312662314, 7.538328919098197e-05, -0.0022465434725585914, 0.0011114372639298496, -0.0012825619954561895]","[0.23351436853408813, 0.2346426248550415, 0.23395079374313354, 0.2343144714832306, 0.23428300023078918, 0.23580273985862732]","[0.23351436853408813, 0.2346426248550415, 0.23395079374313354, 0.2343144714832306, 0.23428300023078918, 0.23580273985862732]",5.0,5.0,6.0,6.0,086dfebd71040c3b8512d9e9cc25151dd95fdc19d68b60a3a990f563924cfbbb,086dfebd71040c3b8512d9e9cc25151dd95fdc19d68b60a3a990f563924cfbbb,0.0,5.0,0.0,True,0.0,True,0.0,True,True,True,True
Position,frozen_closed_loop__Position_y0p3,libero_object_temp,8,6,5410388,"[[0.04516381770372391, -0.07997319102287292, 0.0020218268036842346, -0.018711786717176437, 0.03347459435462952, -0.0022079753689467907, -0.9998883008956909], [0.03980398178100586, -0.06504032760858536, 0.0038224831223487854, -0.01932590827345848, 0.034374117851257324, -0.002369274850934744, -0.9998295307159424], [0.04372201859951019, -0.06177227944135666, 0.002571679651737213, -0.019473763182759285, 0.036797404289245605, -0.0018887915648519993, -1.000619888305664], [0.023800916969776154, -0.05056645721197128, 0.0038558989763259888, -0.02083507739007473, 0.038988322019577026, -0.0024511252995580435, -0.9985038042068481], [0.018644370138645172, -0.040261074900627136, 0.0018665939569473267, -0.01899733953177929, 0.03479258716106415, -0.0014364216476678848, -0.9988397359848022], [0.022234618663787842, -0.04154272377490997, 0.004559755325317383, -0.01613481715321541, 0.032663494348526, -0.0020645882468670607, -0.9996546506881714]]","[[0.04516381770372391, -0.07997319102287292, 0.0020218268036842346, -0.018711786717176437, 0.03347459435462952, -0.0022079753689467907, -0.9998883008956909], [0.03980398178100586, -0.06504032760858536, 0.0038224831223487854, -0.01932590827345848, 0.034374117851257324, -0.002369274850934744, -0.9998295307159424], [0.04372201859951019, -0.06177227944135666, 0.002571679651737213, -0.019473763182759285, 0.036797404289245605, -0.0018887915648519993, -1.000619888305664], [0.023800916969776154, -0.05056645721197128, 0.0038558989763259888, -0.02083507739007473, 0.038988322019577026, -0.0024511252995580435, -0.9985038042068481], [0.018644370138645172, -0.040261074900627136, 0.0018665939569473267, -0.01899733953177929, 0.03479258716106415, -0.0014364216476678848, -0.9988397359848022], [0.022234618663787842, -0.04154272377490997, 0.004559755325317383, -0.01613481715321541, 0.032663494348526, -0.0020645882468670607, -0.9996546506881714]]","[-0.0016160135665942068, 0.0006672992777576896, -0.0018336411761788482, -0.0014342460100468957, 0.0022895501200946764, 0.0019270513549675774]","[-0.0016160135665942068, 0.0006672992777576896, -0.0018336411761788482, -0.0014342460100468957, 0.0022895501200946764, 0.0019270513549675774]","[0.2346491515636444, 0.23520740866661072, 0.23532551527023315, 0.2338641881942749, 0.23412251472473145, 0.23513400554656982]","[0.2346491515636444, 0.23520740866661072, 0.23532551527023315, 0.2338641881942749, 0.23412251472473145, 0.23513400554656982]",2.0,2.0,6.0,6.0,086dfebd71040c3b8512d9e9cc25151dd95fdc19d68b60a3a990f563924cfbbb,086dfebd71040c3b8512d9e9cc25151dd95fdc19d68b60a3a990f563924cfbbb,4.0,2.0,0.0,True,0.0,True,0.0,True,True,True,True
Position,frozen_closed_loop__Position_y0p3,libero_object_temp,8,6,5410485,"[[0.01878160983324051, -0.047967396676540375, 0.004678554832935333, -0.01668480969965458, 0.03232294321060181, -0.0018005295423790812, -0.9987143278121948], [0.006032176315784454, -0.02893153578042984, 0.005077868700027466, -0.02346375398337841, 0.028066188097000122, -0.001321170013397932, -0.9993494749069214], [0.032971613109111786, -0.059153493493795395, 0.0017300248146057129, -0.020030982792377472, 0.03891107439994812, -0.002169220242649317, -1.0014969110488892], [0.019029714167118073, -0.03738675266504288, 0.0032955408096313477, -0.01963694952428341, 0.034353822469711304, -0.0017251345561817288, -1.0006881952285767], [0.030760131776332855, -0.0566251203417778, 0.0023259222507476807, -0.018908986821770668, 0.032632067799568176, -0.002351913135498762, -0.9977625608444214], [0.04454243928194046, -0.06972502917051315, 0.0030709058046340942, -0.019385574385523796, 0.034294188022613525, -0.001981217646971345, -0.9982115030288696]]","[[0.01878160983324051, -0.047967396676540375, 0.004678554832935333, -0.01668480969965458, 0.03232294321060181, -0.0018005295423790812, -0.9987143278121948], [0.006032176315784454, -0.02893153578042984, 0.005077868700027466, -0.02346375398337841, 0.028066188097000122, -0.001321170013397932, -0.9993494749069214], [0.032971613109111786, -0.059153493493795395, 0.0017300248146057129, -0.020030982792377472, 0.03891107439994812, -0.002169220242649317, -1.0014969110488892], [0.019029714167118073, -0.03738675266504288, 0.0032955408096313477, -0.01963694952428341, 0.034353822469711304, -0.0017251345561817288, -1.0006881952285767], [0.030760131776332855, -0.0566251203417778, 0.0023259222507476807, -0.018908986821770668, 0.032632067799568176, -0.002351913135498762, -0.9977625608444214], [0.04454243928194046, -0.06972502917051315, 0.0030709058046340942, -0.019385574385523796, 0.034294188022613525, -0.001981217646971345, -0.9982115030288696]]","[0.0017792446969948335, 0.00046582401752821607, -0.00122225537098584, 0.0011655556989828013, -0.0016295456958353369, -0.0005588233466847684]","[0.0017792446969948335, 0.00046582401752821607, -0.00122225537098584, 0.0011655556989828013, -0.0016295456958353369, -0.0005588233466847684]","[0.23498907685279846, 0.23385748267173767, 0.23471364378929138, 0.2340894341468811, 0.23380228877067566, 0.2350754737854004]","[0.23498907685279846, 0.23385748267173767, 0.23471364378929138, 0.2340894341468811, 0.23380228877067566, 0.2350754737854004]",5.0,5.0,6.0,6.0,086dfebd71040c3b8512d9e9cc25151dd95fdc19d68b60a3a990f563924cfbbb,086dfebd71040c3b8512d9e9cc25151dd95fdc19d68b60a3a990f563924cfbbb,0.0,5.0,0.0,True,0.0,True,0.0,True,True,True,True
Position,frozen_closed_loop__Position_y0p3,libero_object_temp,8,7,5420000,"[[0.05899764597415924, -0.00849008560180664, 0.003395676612854004, -0.019677091389894485, 0.0491563081741333, -0.00037269588210619986, -1.0032700300216675], [0.06654147058725357, -0.013641547411680222, 0.006977543234825134, -0.0208011195063591, 0.0507839173078537, -0.0005345240933820605, -1.0052411556243896], [0.07197294384241104, -0.013174228370189667, 0.007701180875301361, -0.02148202247917652, 0.04753643274307251, -0.0009914105758070946, -1.0024480819702148], [0.054164305329322815, -0.004080701619386673, 0.00525791198015213, -0.020371919497847557, 0.04722793400287628, -0.0014674213016405702, -1.0039055347442627], [0.04524271935224533, -0.004551541060209274, 0.0010914355516433716, -0.018920239061117172, 0.04784537851810455, -0.0003910268424078822, -1.0043357610702515], [0.056904517114162445, -0.007645078003406525, 0.0034996122121810913, -0.018448134884238243, 0.048248112201690674, -0.0011961580021306872, -1.002745509147644]]","[[0.05899764597415924, -0.00849008560180664, 0.003395676612854004, -0.019677091389894485, 0.0491563081741333, -0.00037269588210619986, -1.0032700300216675], [0.06654147058725357, -0.013641547411680222, 0.006977543234825134, -0.0208011195063591, 0.0507839173078537, -0.0005345240933820605, -1.0052411556243896], [0.07197294384241104, -0.013174228370189667, 0.007701180875301361, -0.02148202247917652, 0.04753643274307251, -0.0009914105758070946, -1.0024480819702148], [0.054164305329322815, -0.004080701619386673, 0.00525791198015213, -0.020371919497847557, 0.04722793400287628, -0.0014674213016405702, -1.0039055347442627], [0.04524271935224533, -0.004551541060209274, 0.0010914355516433716, -0.018920239061117172, 0.04784537851810455, -0.0003910268424078822, -1.0043357610702515], [0.056904517114162445, -0.007645078003406525, 0.0034996122121810913, -0.018448134884238243, 0.048248112201690674, -0.0011961580021306872, -1.002745509147644]]","[-0.002208651687007993, 0.0050232017511932115, -0.0026571971575003075, -0.001946036236067168, -0.00043712226165900855, 0.002225805591041282]","[-0.002208651687007993, 0.0050232017511932115, -0.0026571971575003075, -0.001946036236067168, -0.00043712226165900855, 0.002225805591041282]","[0.21490436792373657, 0.20127660036087036, 0.21507012844085693, 0.20438450574874878, 0.19881406426429749, 0.2149237096309662]","[0.21490436792373657, 0.20127660036087036, 0.21507012844085693, 0.20438450574874878, 0.19881406426429749, 0.2149237096309662]",2.0,2.0,6.0,6.0,086dfebd71040c3b8512d9e9cc25151dd95fdc19d68b60a3a990f563924cfbbb,086dfebd71040c3b8512d9e9cc25151dd95fdc19d68b60a3a990f563924cfbbb,1.0,2.0,0.0,True,0.0,True,0.0,True,True,True,True
Position,frozen_closed_loop__Position_y0p3,libero_object_temp,8,7,5420097,"[[0.08047688752412796, -0.012807827442884445, 0.003971122205257416, -0.02026234194636345, 0.04810421168804169, -0.0012780525721609592, -1.0035417079925537], [0.09987663477659225, -0.018439292907714844, 0.010649487376213074, -0.02537083439528942, 0.04786817729473114, -0.0011353044537827373, -1.002706527709961], [0.09175345301628113, -0.02751605585217476, 0.004421398043632507, -0.02400939166545868, 0.05331064760684967, -0.001336835091933608, -1.0045523643493652], [0.05477350205183029, -0.009494069963693619, 0.0021019577980041504, -0.015502727590501308, 0.041410401463508606, -0.0002832882746588439, -1.0042293071746826], [0.08183643221855164, -0.012385156005620956, 0.003272518515586853, -0.026226121932268143, 0.04898254573345184, -0.0013677245005965233, -1.0042457580566406], [0.07759362459182739, -0.017285551875829697, 0.005268305540084839, -0.01988949626684189, 0.04624146223068237, -0.0007803399348631501, -1.0041801929473877]]","[[0.08047688752412796, -0.012807827442884445, 0.003971122205257416, -0.02026234194636345, 0.04810421168804169, -0.0012780525721609592, -1.0035417079925537], [0.09987663477659225, -0.018439292907714844, 0.010649487376213074, -0.02537083439528942, 0.04786817729473114, -0.0011353044537827373, -1.002706527709961], [0.09175345301628113, -0.02751605585217476, 0.004421398043632507, -0.02400939166545868, 0.05331064760684967, -0.001336835091933608, -1.0045523643493652], [0.05477350205183029, -0.009494069963693619, 0.0021019577980041504, -0.015502727590501308, 0.041410401463508606, -0.0002832882746588439, -1.0042293071746826], [0.08183643221855164, -0.012385156005620956, 0.003272518515586853, -0.026226121932268143, 0.04898254573345184, -0.0013677245005965233, -1.0042457580566406], [0.07759362459182739, -0.017285551875829697, 0.005268305540084839, -0.01988949626684189, 0.04624146223068237, -0.0007803399348631501, -1.0041801929473877]]","[0.0026613261760460643, -0.0026265830890500113, -0.0010501898139685328, 0.0019589757248847776, -0.002560129528534283, 0.001616600530621967]","[0.0026613261760460643, -0.0026265830890500113, -0.0010501898139685328, 0.0019589757248847776, -0.002560129528534283, 0.001616600530621967]","[0.2048909068107605, 0.20457905530929565, 0.20545315742492676, 0.20628952980041504, 0.21139520406723022, 0.19682639837265015]","[0.2048909068107605, 0.20457905530929565, 0.20545315742492676, 0.20628952980041504, 0.21139520406723022, 0.19682639837265015]",4.0,4.0,6.0,6.0,086dfebd71040c3b8512d9e9cc25151dd95fdc19d68b60a3a990f563924cfbbb,086dfebd71040c3b8512d9e9cc25151dd95fdc19d68b60a3a990f563924cfbbb,0.0,4.0,0.0,True,0.0,True,0.0,True,True,True,True
Position,frozen_closed_loop__Position_y0p3,libero_object_temp,8,7,5420194,"[[0.05718883126974106, -0.007730461657047272, 0.004689842462539673, -0.01747336983680725, 0.04938206076622009, -0.0007005604566074908, -1.0026886463165283], [0.052970387041568756, -0.008961819112300873, 0.0028575584292411804, -0.018752222880721092, 0.049298062920570374, -0.0007809127564541996, -1.0042264461517334], [0.0882340595126152, -0.014859326183795929, 0.008257739245891571, -0.02416536957025528, 0.05052374303340912, -0.001351773040369153, -1.005193829536438], [0.057819709181785583, -0.00869734212756157, 0.0026717036962509155, -0.01827552542090416, 0.05316728353500366, -0.00028842181200161576, -1.0031626224517822], [0.0763741135597229, -0.014268346130847931, 0.006429813802242279, -0.022664140909910202, 0.04644423723220825, -0.001210082438774407, -1.0046476125717163], [0.07545769214630127, -0.017552990466356277, 0.006732344627380371, -0.022492721676826477, 0.052053630352020264, -0.001585448975674808, -1.0043692588806152]]","[[0.05718883126974106, -0.007730461657047272, 0.004689842462539673, -0.01747336983680725, 0.04938206076622009, -0.0007005604566074908, -1.0026886463165283], [0.052970387041568756, -0.008961819112300873, 0.0028575584292411804, -0.018752222880721092, 0.049298062920570374, -0.0007809127564541996, -1.0042264461517334], [0.0882340595126152, -0.014859326183795929, 0.008257739245891571, -0.02416536957025528, 0.05052374303340912, -0.001351773040369153, -1.005193829536438], [0.057819709181785583, -0.00869734212756157, 0.0026717036962509155, -0.01827552542090416, 0.05316728353500366, -0.00028842181200161576, -1.0031626224517822], [0.0763741135597229, -0.014268346130847931, 0.006429813802242279, -0.022664140909910202, 0.04644423723220825, -0.001210082438774407, -1.0046476125717163], [0.07545769214630127, -0.017552990466356277, 0.006732344627380371, -0.022492721676826477, 0.052053630352020264, -0.001585448975674808, -1.0043692588806152]]","[0.0017583985860672477, -0.0004193125991849944, -0.0005259713166855587, 0.004551920167062037, -0.0016723200776971145, -0.0036927147595616156]","[0.0017583985860672477, -0.0004193125991849944, -0.0005259713166855587, 0.004551920167062037, -0.0016723200776971145, -0.0036927147595616156]","[0.20935937762260437, 0.20287328958511353, 0.2073163390159607, 0.19823452830314636, 0.20484259724617004, 0.21512991189956665]","[0.20935937762260437, 0.20287328958511353, 0.2073163390159607, 0.19823452830314636, 0.20484259724617004, 0.21512991189956665]",5.0,5.0,6.0,6.0,086dfebd71040c3b8512d9e9cc25151dd95fdc19d68b60a3a990f563924cfbbb,086dfebd71040c3b8512d9e9cc25151dd95fdc19d68b60a3a990f563924cfbbb,3.0,5.0,0.0,True,0.0,True,0.0,True,True,True,True
Position,frozen_closed_loop__Position_y0p3,libero_object_temp,8,7,5420291,"[[0.07761608809232712, -0.014903191477060318, 0.004782155156135559, -0.01962176337838173, 0.04809585213661194, -0.0009733660263009369, -1.0041860342025757], [0.07519584149122238, -0.010882169008255005, 0.0026719272136688232, -0.022638581693172455, 0.04834190011024475, -0.0008002351969480515, -1.003483533859253], [0.08324671536684036, -0.015621017664670944, 0.0023017823696136475, -0.02170531265437603, 0.048212483525276184, -0.0016321137081831694, -1.00296151638031], [0.08204430341720581, -0.020511746406555176, 0.000792481005191803, -0.021277761086821556, 0.04690544307231903, -0.0012776339426636696, -1.0029613971710205], [0.06592780351638794, -0.010003913193941116, 0.005176439881324768, -0.024492163211107254, 0.04820072650909424, -0.0008391665178351104, -1.0034501552581787], [0.08214633911848068, -0.01883765682578087, 0.005486011505126953, -0.01780126243829727, 0.049454569816589355, -0.0015887318877503276, -1.0038959980010986]]","[[0.07761608809232712, -0.014903191477060318, 0.004782155156135559, -0.01962176337838173, 0.04809585213661194, -0.0009733660263009369, -1.0041860342025757], [0.07519584149122238, -0.010882169008255005, 0.0026719272136688232, -0.022638581693172455, 0.04834190011024475, -0.0008002351969480515, -1.003483533859253], [0.08324671536684036, -0.015621017664670944, 0.0023017823696136475, -0.02170531265437603, 0.048212483525276184, -0.0016321137081831694, -1.00296151638031], [0.08204430341720581, -0.020511746406555176, 0.000792481005191803, -0.021277761086821556, 0.04690544307231903, -0.0012776339426636696, -1.0029613971710205], [0.06592780351638794, -0.010003913193941116, 0.005176439881324768, -0.024492163211107254, 0.04820072650909424, -0.0008391665178351104, -1.0034501552581787], [0.08214633911848068, -0.01883765682578087, 0.005486011505126953, -0.01780126243829727, 0.049454569816589355, -0.0015887318877503276, -1.0038959980010986]]","[-0.0013346923832888602, 0.0012987255428095366, -0.0004711979502814575, 0.0010200403351748304, -0.004665696602529849, 0.00415282105811584]","[-0.0013346923832888602, 0.0012987255428095366, -0.0004711979502814575, 0.0010200403351748304, -0.004665696602529849, 0.00415282105811584]","[0.20785227417945862, 0.20652323961257935, 0.21053948998451233, 0.20601820945739746, 0.20927119255065918, 0.20371845364570618]","[0.20785227417945862, 0.20652323961257935, 0.21053948998451233, 0.20601820945739746, 0.20927119255065918, 0.20371845364570618]",2.0,2.0,6.0,6.0,086dfebd71040c3b8512d9e9cc25151dd95fdc19d68b60a3a990f563924cfbbb,086dfebd71040c3b8512d9e9cc25151dd95fdc19d68b60a3a990f563924cfbbb,5.0,2.0,0.0,True,0.0,True,0.0,True,True,True,True
Position,frozen_closed_loop__Position_y0p3,libero_object_temp,8,7,5420388,"[[0.0498904287815094, -0.00945746898651123, 0.001810714602470398, -0.019635522738099098, 0.046473339200019836, -0.0001468854898121208, -1.0034117698669434], [0.05597032606601715, -0.005202032625675201, 0.0034414976835250854, -0.021430572494864464, 0.04783809185028076, -0.0010858415625989437, -1.0049792528152466], [0.07712189108133316, -0.0052451156079769135, 0.002370402216911316, -0.020911812782287598, 0.051467522978782654, -0.0009160376503132284, -1.0031912326812744], [0.06410647183656693, -0.013286769390106201, 0.004687607288360596, -0.018184883520007133, 0.04643802344799042, -0.0009667342528700829, -1.0036438703536987], [0.07787279784679413, -0.026624668389558792, 0.005551949143409729, -0.024062925949692726, 0.04827725887298584, -0.0008571890066377819, -1.0033438205718994], [0.0598888099193573, -0.006684064865112305, 0.001009628176689148, -0.020370565354824066, 0.04589956998825073, -0.0012182565405964851, -1.0035250186920166]]","[[0.0498904287815094, -0.00945746898651123, 0.001810714602470398, -0.019635522738099098, 0.046473339200019836, -0.0001468854898121208, -1.0034117698669434], [0.05597032606601715, -0.005202032625675201, 0.0034414976835250854, -0.021430572494864464, 0.04783809185028076, -0.0010858415625989437, -1.0049792528152466], [0.07712189108133316, -0.0052451156079769135, 0.002370402216911316, -0.020911812782287598, 0.051467522978782654, -0.0009160376503132284, -1.0031912326812744], [0.06410647183656693, -0.013286769390106201, 0.004687607288360596, -0.018184883520007133, 0.04643802344799042, -0.0009667342528700829, -1.0036438703536987], [0.07787279784679413, -0.026624668389558792, 0.005551949143409729, -0.024062925949692726, 0.04827725887298584, -0.0008571890066377819, -1.0033438205718994], [0.0598888099193573, -0.006684064865112305, 0.001009628176689148, -0.020370565354824066, 0.04589956998825073, -0.0012182565405964851, -1.0035250186920166]]","[0.001870382300724359, 0.0006514401894020447, -0.0011738799856868638, -0.0007651569729658092, 0.0005853166135052093, -0.0011681021449789289]","[0.001870382300724359, 0.0006514401894020447, -0.0011738799856868638, -0.0007651569729658092, 0.0005853166135052093, -0.0011681021449789289]","[0.20015087723731995, 0.19929862022399902, 0.21342813968658447, 0.2079479992389679, 0.19606807827949524, 0.20704489946365356]","[0.20015087723731995, 0.19929862022399902, 0.21342813968658447, 0.2079479992389679, 0.19606807827949524, 0.20704489946365356]",2.0,2.0,6.0,6.0,086dfebd71040c3b8512d9e9cc25151dd95fdc19d68b60a3a990f563924cfbbb,086dfebd71040c3b8512d9e9cc25151dd95fdc19d68b60a3a990f563924cfbbb,0.0,2.0,0.0,True,0.0,True,0.0,True,True,True,True
Position,frozen_closed_loop__Position_y0p3,libero_object_temp,8,7,5420485,"[[0.06152797490358353, -0.007419660687446594, 0.0016410648822784424, -0.01670561172068119, 0.047644615173339844, -0.0015275918412953615, -1.0015430450439453], [0.06952621042728424, -0.017111096531152725, 0.002430528402328491, -0.020566081628203392, 0.045836761593818665, -0.0013275373494252563, -1.0018112659454346], [0.08595116436481476, -0.02448633313179016, 0.0035494565963745117, -0.022693507373332977, 0.0444292277097702, -0.0011113992659375072, -1.0014084577560425], [0.08163683116436005, -0.02346748486161232, 0.007332153618335724, -0.027940303087234497, 0.04842737317085266, -0.0019449963001534343, -1.0035364627838135], [0.07971122860908508, -0.015166494995355606, 0.002322569489479065, -0.01936592347919941, 0.0495879203081131, -0.0005747332470491529, -1.0034782886505127], [0.05101986229419708, -0.0006011500954627991, 0.0013886019587516785, -0.020145682618021965, 0.04960311949253082, -0.001392400823533535, -1.006018042564392]]","[[0.06152797490358353, -0.007419660687446594, 0.0016410648822784424, -0.01670561172068119, 0.047644615173339844, -0.0015275918412953615, -1.0015430450439453], [0.06952621042728424, -0.017111096531152725, 0.002430528402328491, -0.020566081628203392, 0.045836761593818665, -0.0013275373494252563, -1.0018112659454346], [0.08595116436481476, -0.02448633313179016, 0.0035494565963745117, -0.022693507373332977, 0.0444292277097702, -0.0011113992659375072, -1.0014084577560425], [0.08163683116436005, -0.02346748486161232, 0.007332153618335724, -0.027940303087234497, 0.04842737317085266, -0.0019449963001534343, -1.0035364627838135], [0.07971122860908508, -0.015166494995355606, 0.002322569489479065, -0.01936592347919941, 0.0495879203081131, -0.0005747332470491529, -1.0034782886505127], [0.05101986229419708, -0.0006011500954627991, 0.0013886019587516785, -0.020145682618021965, 0.04960311949253082, -0.001392400823533535, -1.006018042564392]]","[3.5950473865203024e-05, 0.00036310672242538414, 0.002054737407271394, -0.002422607233193994, 0.0027440803910877857, -0.0027752677614558165]","[3.5950473865203024e-05, 0.00036310672242538414, 0.002054737407271394, -0.002422607233193994, 0.0027440803910877857, -0.0027752677614558165]","[0.21017146110534668, 0.21298497915267944, 0.20092570781707764, 0.2127847969532013, 0.20263323187828064, 0.2123568058013916]","[0.21017146110534668, 0.21298497915267944, 0.20092570781707764, 0.2127847969532013, 0.20263323187828064, 0.2123568058013916]",1.0,1.0,6.0,6.0,086dfebd71040c3b8512d9e9cc25151dd95fdc19d68b60a3a990f563924cfbbb,086dfebd71040c3b8512d9e9cc25151dd95fdc19d68b60a3a990f563924cfbbb,4.0,1.0,0.0,True,0.0,True,0.0,True,True,True,True
Position,frozen_closed_loop__Position_y0p3,libero_object_temp,8,8,5430000,"[[0.06525300443172455, -0.060695819556713104, -0.0016364268958568573, -0.02768007107079029, 0.044011473655700684, -0.002150558866560459, -0.9994502663612366], [0.06512604653835297, -0.08475758135318756, -0.0009757652878761292, -0.02533125877380371, 0.04245521128177643, -0.0022603904362767935, -1.001440405845642], [0.02382751554250717, -0.04520215094089508, -0.0015813857316970825, -0.025899162515997887, 0.03525499999523163, -0.0009887887863442302, -1.001285433769226], [0.026014186441898346, -0.03231218084692955, -0.0019409693777561188, -0.023727186024188995, 0.03866802155971527, -0.0012264085235074162, -1.0019327402114868], [0.04810083657503128, -0.06143661215901375, -0.0030691176652908325, -0.02432657964527607, 0.03865934908390045, -0.001592697692103684, -1.0003604888916016], [0.05491778254508972, -0.05582638084888458, -0.0011301599442958832, -0.03000508062541485, 0.04088839888572693, -0.0010893888538703322, -0.999798595905304]]","[[0.06525300443172455, -0.060695819556713104, -0.0016364268958568573, -0.02768007107079029, 0.044011473655700684, -0.002150558866560459, -0.9994502663612366], [0.06512604653835297, -0.08475758135318756, -0.0009757652878761292, -0.02533125877380371, 0.04245521128177643, -0.0022603904362767935, -1.001440405845642], [0.02382751554250717, -0.04520215094089508, -0.0015813857316970825, -0.025899162515997887, 0.03525499999523163, -0.0009887887863442302, -1.001285433769226], [0.026014186441898346, -0.03231218084692955, -0.0019409693777561188, -0.023727186024188995, 0.03866802155971527, -0.0012264085235074162, -1.0019327402114868], [0.04810083657503128, -0.06143661215901375, -0.0030691176652908325, -0.02432657964527607, 0.03865934908390045, -0.001592697692103684, -1.0003604888916016], [0.05491778254508972, -0.05582638084888458, -0.0011301599442958832, -0.03000508062541485, 0.04088839888572693, -0.0010893888538703322, -0.999798595905304]]","[-0.00265852348756026, -0.0022402333396151757, 0.002583058814452999, 0.0031608971281734018, -0.0003981538866838848, -0.0004470452287671947]","[-0.00265852348756026, -0.0022402333396151757, 0.002583058814452999, 0.0031608971281734018, -0.0003981538866838848, -0.0004470452287671947]","[0.23560181260108948, 0.23510128259658813, 0.23449325561523438, 0.23415198922157288, 0.23539718985557556, 0.23508116602897644]","[0.23560181260108948, 0.23510128259658813, 0.23449325561523438, 0.23415198922157288, 0.23539718985557556, 0.23508116602897644]",0.0,0.0,6.0,6.0,086dfebd71040c3b8512d9e9cc25151dd95fdc19d68b60a3a990f563924cfbbb,086dfebd71040c3b8512d9e9cc25151dd95fdc19d68b60a3a990f563924cfbbb,3.0,0.0,0.0,True,0.0,True,0.0,True,True,True,True
Position,frozen_closed_loop__Position_y0p3,libero_object_temp,8,8,5430097,"[[0.062109678983688354, -0.07465319335460663, -0.003003627061843872, -0.03031366877257824, 0.041818588972091675, -0.0030339050572365522, -0.9990970492362976], [0.051159895956516266, -0.06489917635917664, -0.003138408064842224, -0.028051728382706642, 0.041711390018463135, -0.0019510111305862665, -0.9984802007675171], [0.05858570337295532, -0.0766296535730362, -0.0017751194536685944, -0.02294173650443554, 0.04466651380062103, -0.002063839230686426, -0.9996396899223328], [0.06440486758947372, -0.05425538867712021, -0.001131165772676468, -0.026528142392635345, 0.04372537136077881, -0.0024524470791220665, -1.0012540817260742], [0.07205072790384293, -0.08069347590208054, -0.002026353031396866, -0.026238800957798958, 0.03916691243648529, -0.001672278856858611, -0.9993725419044495], [0.05540773272514343, -0.08461548388004303, -0.0031570158898830414, -0.028102556243538857, 0.04391375184059143, -0.002555492799729109, -0.999157726764679]]","[[0.062109678983688354, -0.07465319335460663, -0.003003627061843872, -0.03031366877257824, 0.041818588972091675, -0.0030339050572365522, -0.9990970492362976], [0.051159895956516266, -0.06489917635917664, -0.003138408064842224, -0.028051728382706642, 0.041711390018463135, -0.0019510111305862665, -0.9984802007675171], [0.05858570337295532, -0.0766296535730362, -0.0017751194536685944, -0.02294173650443554, 0.04466651380062103, -0.002063839230686426, -0.9996396899223328], [0.06440486758947372, -0.05425538867712021, -0.001131165772676468, -0.026528142392635345, 0.04372537136077881, -0.0024524470791220665, -1.0012540817260742], [0.07205072790384293, -0.08069347590208054, -0.002026353031396866, -0.026238800957798958, 0.03916691243648529, -0.001672278856858611, -0.9993725419044495], [0.05540773272514343, -0.08461548388004303, -0.0031570158898830414, -0.028102556243538857, 0.04391375184059143, -0.002555492799729109, -0.999157726764679]]","[0.0035993485377201493, 0.002428836739455615, -0.0012238180260704472, -0.0010152434730527652, -0.0019226712677441395, -0.0018664525103085131]","[0.0035993485377201493, 0.002428836739455615, -0.0012238180260704472, -0.0010152434730527652, -0.0019226712677441395, -0.0018664525103085131]","[0.23511818051338196, 0.23554828763008118, 0.2350778579711914, 0.23545846343040466, 0.23654550313949585, 0.23615199327468872]","[0.23511818051338196, 0.23554828763008118, 0.2350778579711914, 0.23545846343040466, 0.23654550313949585, 0.23615199327468872]",4.0,4.0,6.0,6.0,086dfebd71040c3b8512d9e9cc25151dd95fdc19d68b60a3a990f563924cfbbb,086dfebd71040c3b8512d9e9cc25151dd95fdc19d68b60a3a990f563924cfbbb,0.0,4.0,0.0,True,0.0,True,0.0,True,True,True,True
Position,frozen_closed_loop__Position_y0p3,libero_object_temp,8,8,5430194,"[[0.053633227944374084, -0.08305108547210693, -0.0022674724459648132, -0.02387981489300728, 0.041786402463912964, -0.0016651843907311559, -0.9987505674362183], [0.05360841751098633, -0.054123010486364365, -0.0022062845528125763, -0.02662326581776142, 0.04454272985458374, -0.002365419175475836, -1.0005300045013428], [0.055221766233444214, -0.06485888361930847, -0.0014401786029338837, -0.02823333814740181, 0.03942686319351196, -0.0013588013825938106, -1.0015400648117065], [0.06105199456214905, -0.0699537992477417, -0.0012273341417312622, -0.02925821766257286, 0.03672082722187042, -0.0025214527267962694, -1.0006052255630493], [0.0565033033490181, -0.04633516073226929, -0.0016560405492782593, -0.026747023686766624, 0.04130266606807709, -0.0021351140458136797, -1.0015677213668823], [0.06890159100294113, -0.08167248219251633, -0.0020870380103588104, -0.024840857833623886, 0.03804472088813782, -0.002857579616829753, -0.9996304512023926]]","[[0.053633227944374084, -0.08305108547210693, -0.0022674724459648132, -0.02387981489300728, 0.041786402463912964, -0.0016651843907311559, -0.9987505674362183], [0.05360841751098633, -0.054123010486364365, -0.0022062845528125763, -0.02662326581776142, 0.04454272985458374, -0.002365419175475836, -1.0005300045013428], [0.055221766233444214, -0.06485888361930847, -0.0014401786029338837, -0.02823333814740181, 0.03942686319351196, -0.0013588013825938106, -1.0015400648117065], [0.06105199456214905, -0.0699537992477417, -0.0012273341417312622, -0.02925821766257286, 0.03672082722187042, -0.0025214527267962694, -1.0006052255630493], [0.0565033033490181, -0.04633516073226929, -0.0016560405492782593, -0.026747023686766624, 0.04130266606807709, -0.0021351140458136797, -1.0015677213668823], [0.06890159100294113, -0.08167248219251633, -0.0020870380103588104, -0.024840857833623886, 0.03804472088813782, -0.002857579616829753, -0.9996304512023926]]","[0.00011200566835246764, 0.00035886815087580765, -0.0028230946483662, 0.0006656605943743468, 0.002054295084838398, -0.00036773485007457745]","[0.00011200566835246764, 0.00035886815087580765, -0.0028230946483662, 0.0006656605943743468, 0.002054295084838398, -0.00036773485007457745]","[0.23572218418121338, 0.23551124334335327, 0.23569616675376892, 0.2354370355606079, 0.23529142141342163, 0.23519468307495117]","[0.23572218418121338, 0.23551124334335327, 0.23569616675376892, 0.2354370355606079, 0.23529142141342163, 0.23519468307495117]",0.0,0.0,6.0,6.0,086dfebd71040c3b8512d9e9cc25151dd95fdc19d68b60a3a990f563924cfbbb,086dfebd71040c3b8512d9e9cc25151dd95fdc19d68b60a3a990f563924cfbbb,4.0,0.0,0.0,True,0.0,True,0.0,True,True,True,True
Position,frozen_closed_loop__Position_y0p3,libero_object_temp,8,8,5430291,"[[0.04764329642057419, -0.061195213347673416, -0.0012599118053913116, -0.025357110425829887, 0.037504568696022034, -0.002117884811013937, -1.0019947290420532], [0.05829222500324249, -0.07403863966464996, -0.002473779022693634, -0.023194702342152596, 0.04238292574882507, -0.002577282954007387, -0.9991365671157837], [0.03707908093929291, -0.05388401448726654, -0.0024342723190784454, -0.023174557834863663, 0.04277515411376953, -0.0019352579256519675, -1.0002689361572266], [0.033876970410346985, -0.04488436505198479, -0.0014580599963665009, -0.029816625639796257, 0.03815469145774841, -0.0012157888850197196, -1.0015596151351929], [0.048497579991817474, -0.05357377231121063, -0.0026805326342582703, -0.024065470322966576, 0.03812626004219055, -0.0012429548660293221, -0.9991104602813721], [0.06204061210155487, -0.09124724566936493, -0.0018166936933994293, -0.022810770198702812, 0.04099032282829285, -0.0020956320222467184, -0.9982816576957703]]","[[0.04764329642057419, -0.061195213347673416, -0.0012599118053913116, -0.025357110425829887, 0.037504568696022034, -0.002117884811013937, -1.0019947290420532], [0.05829222500324249, -0.07403863966464996, -0.002473779022693634, -0.023194702342152596, 0.04238292574882507, -0.002577282954007387, -0.9991365671157837], [0.03707908093929291, -0.05388401448726654, -0.0024342723190784454, -0.023174557834863663, 0.04277515411376953, -0.0019352579256519675, -1.0002689361572266], [0.033876970410346985, -0.04488436505198479, -0.0014580599963665009, -0.029816625639796257, 0.03815469145774841, -0.0012157888850197196, -1.0015596151351929], [0.048497579991817474, -0.05357377231121063, -0.0026805326342582703, -0.024065470322966576, 0.03812626004219055, -0.0012429548660293221, -0.9991104602813721], [0.06204061210155487, -0.09124724566936493, -0.0018166936933994293, -0.022810770198702812, 0.04099032282829285, -0.0020956320222467184, -0.9982816576957703]]","[0.00027279214140968734, 0.0008228987153622855, 0.0018549983282657877, -0.001016390138414324, 0.00025675124565643264, -0.0021910502922799515]","[0.00027279214140968734, 0.0008228987153622855, 0.0018549983282657877, -0.001016390138414324, 0.00025675124565643264, -0.0021910502922799515]","[0.23510625958442688, 0.23466399312019348, 0.23511627316474915, 0.23523974418640137, 0.23471853137016296, 0.23717889189720154]","[0.23510625958442688, 0.23466399312019348, 0.23511627316474915, 0.23523974418640137, 0.23471853137016296, 0.23717889189720154]",5.0,5.0,6.0,6.0,086dfebd71040c3b8512d9e9cc25151dd95fdc19d68b60a3a990f563924cfbbb,086dfebd71040c3b8512d9e9cc25151dd95fdc19d68b60a3a990f563924cfbbb,2.0,5.0,0.0,True,0.0,True,0.0,True,True,True,True
Position,frozen_closed_loop__Position_y0p3,libero_object_temp,8,8,5430388,"[[0.06384406238794327, -0.0722774863243103, -0.002102963626384735, -0.02773728407919407, 0.038784340023994446, -0.0016517004696652293, -1.0005204677581787], [0.05393721163272858, -0.0769953802227974, -0.002355314791202545, -0.027276432141661644, 0.04323349893093109, -0.0019718757830560207, -0.999789297580719], [0.049530453979969025, -0.06100902333855629, -0.0016274303197860718, -0.025366514921188354, 0.04459275305271149, -0.0018740297527983785, -0.9999483823776245], [0.04215717315673828, -0.04510520026087761, -0.001280028373003006, -0.02705497108399868, 0.03902614116668701, -0.0012722579995170236, -1.0014292001724243], [0.050069019198417664, -0.0639558732509613, -0.001748800277709961, -0.026796935126185417, 0.036924853920936584, -0.002036056248471141, -1.000054121017456], [0.05616243928670883, -0.07756239175796509, -0.0007140263915061951, -0.027395231649279594, 0.039476796984672546, -0.0017817359184846282, -0.9992470741271973]]","[[0.06384406238794327, -0.0722774863243103, -0.002102963626384735, -0.02773728407919407, 0.038784340023994446, -0.0016517004696652293, -1.0005204677581787], [0.05393721163272858, -0.0769953802227974, -0.002355314791202545, -0.027276432141661644, 0.04323349893093109, -0.0019718757830560207, -0.999789297580719], [0.049530453979969025, -0.06100902333855629, -0.0016274303197860718, -0.025366514921188354, 0.04459275305271149, -0.0018740297527983785, -0.9999483823776245], [0.04215717315673828, -0.04510520026087761, -0.001280028373003006, -0.02705497108399868, 0.03902614116668701, -0.0012722579995170236, -1.0014292001724243], [0.050069019198417664, -0.0639558732509613, -0.001748800277709961, -0.026796935126185417, 0.036924853920936584, -0.002036056248471141, -1.000054121017456], [0.05616243928670883, -0.07756239175796509, -0.0007140263915061951, -0.027395231649279594, 0.039476796984672546, -0.0017817359184846282, -0.9992470741271973]]","[-0.003929974421928609, 0.0005627438095394487, 0.001056124827142522, 0.003179564679158674, 0.0016883967161391436, -0.0025568556100512975]","[-0.003929974421928609, 0.0005627438095394487, 0.001056124827142522, 0.003179564679158674, 0.0016883967161391436, -0.0025568556100512975]","[0.23531419038772583, 0.23510614037513733, 0.23571202158927917, 0.23414170742034912, 0.23572349548339844, 0.23617249727249146]","[0.23531419038772583, 0.23510614037513733, 0.23571202158927917, 0.23414170742034912, 0.23572349548339844, 0.23617249727249146]",5.0,5.0,6.0,6.0,086dfebd71040c3b8512d9e9cc25151dd95fdc19d68b60a3a990f563924cfbbb,086dfebd71040c3b8512d9e9cc25151dd95fdc19d68b60a3a990f563924cfbbb,3.0,5.0,0.0,True,0.0,True,0.0,True,True,True,True
Position,frozen_closed_loop__Position_y0p3,libero_object_temp,8,8,5430485,"[[0.05801606923341751, -0.07187643647193909, -0.0016832537949085236, -0.02853197418153286, 0.03841137886047363, -0.0018779075471684337, -0.9997115731239319], [0.047585293650627136, -0.05724398419260979, -0.0009376555681228638, -0.025446197018027306, 0.040560945868492126, -0.0014863471733406186, -0.9994790554046631], [0.05934935063123703, -0.08431999385356903, -0.0011458620429039001, -0.024694429710507393, 0.038952961564064026, -0.0014002444222569466, -0.9994171261787415], [0.02275172621011734, -0.04161246120929718, -0.0012677907943725586, -0.024302739650011063, 0.036055371165275574, -0.0013375621056184173, -0.9993257522583008], [0.051973722875118256, -0.050069019198417664, -0.0037069804966449738, -0.028644351288676262, 0.0394696444272995, -0.0013640450779348612, -1.0000462532043457], [0.04764720797538757, -0.04434144124388695, -0.0024812109768390656, -0.026130467653274536, 0.042535364627838135, -0.002343496773391962, -1.0003998279571533]]","[[0.05801606923341751, -0.07187643647193909, -0.0016832537949085236, -0.02853197418153286, 0.03841137886047363, -0.0018779075471684337, -0.9997115731239319], [0.047585293650627136, -0.05724398419260979, -0.0009376555681228638, -0.025446197018027306, 0.040560945868492126, -0.0014863471733406186, -0.9994790554046631], [0.05934935063123703, -0.08431999385356903, -0.0011458620429039001, -0.024694429710507393, 0.038952961564064026, -0.0014002444222569466, -0.9994171261787415], [0.02275172621011734, -0.04161246120929718, -0.0012677907943725586, -0.024302739650011063, 0.036055371165275574, -0.0013375621056184173, -0.9993257522583008], [0.051973722875118256, -0.050069019198417664, -0.0037069804966449738, -0.028644351288676262, 0.0394696444272995, -0.0013640450779348612, -1.0000462532043457], [0.04764720797538757, -0.04434144124388695, -0.0024812109768390656, -0.026130467653274536, 0.042535364627838135, -0.002343496773391962, -1.0003998279571533]]","[-0.0014262044333365892, -0.002616887127654832, -0.0016632205559501626, 0.004252692341761254, -0.000978087942167106, 0.0024317077173475468]","[-0.0014262044333365892, -0.002616887127654832, -0.0016632205559501626, 0.004252692341761254, -0.000978087942167106, 0.0024317077173475468]","[0.23563218116760254, 0.2349892556667328, 0.23546648025512695, 0.23431086540222168, 0.23594540357589722, 0.23455312848091125]","[0.23563218116760254, 0.2349892556667328, 0.23546648025512695, 0.23431086540222168, 0.23594540357589722, 0.23455312848091125]",4.0,4.0,6.0,6.0,086dfebd71040c3b8512d9e9cc25151dd95fdc19d68b60a3a990f563924cfbbb,086dfebd71040c3b8512d9e9cc25151dd95fdc19d68b60a3a990f563924cfbbb,3.0,4.0,0.0,True,0.0,True,0.0,True,True,True,True
Position,frozen_closed_loop__Position_y0p3,libero_object_temp,8,9,5440000,"[[0.04516761749982834, 0.006662607192993164, -0.0026216916739940643, -0.03457441180944443, 0.03755222260951996, -0.001187278889119625, -1.0022739171981812], [0.07946446537971497, -0.0036191940307617188, -0.001446269452571869, -0.036082956939935684, 0.03873087465763092, -0.0015438076807186007, -1.001380205154419], [0.04101097583770752, 0.0027798861265182495, -0.00012209638953208923, -0.03325142711400986, 0.04321713745594025, -0.001196488505229354, -1.0021840333938599], [0.05819354206323624, -0.00411132350564003, -0.0021262094378471375, -0.03602662310004234, 0.039924994111061096, -0.0013107486302033067, -1.0019983053207397], [0.05864907056093216, -0.000950004905462265, -0.00018188729882240295, -0.03327031061053276, 0.03767019510269165, -0.0012819963740184903, -1.0032522678375244], [0.04460882395505905, 0.003676861524581909, -0.0012774020433425903, -0.03419748321175575, 0.039857178926467896, -0.001688472693786025, -1.0003938674926758]]","[[0.04516761749982834, 0.006662607192993164, -0.0026216916739940643, -0.03457441180944443, 0.03755222260951996, -0.001187278889119625, -1.0022739171981812], [0.07946446537971497, -0.0036191940307617188, -0.001446269452571869, -0.036082956939935684, 0.03873087465763092, -0.0015438076807186007, -1.001380205154419], [0.04101097583770752, 0.0027798861265182495, -0.00012209638953208923, -0.03325142711400986, 0.04321713745594025, -0.001196488505229354, -1.0021840333938599], [0.05819354206323624, -0.00411132350564003, -0.0021262094378471375, -0.03602662310004234, 0.039924994111061096, -0.0013107486302033067, -1.0019983053207397], [0.05864907056093216, -0.000950004905462265, -0.00018188729882240295, -0.03327031061053276, 0.03767019510269165, -0.0012819963740184903, -1.0032522678375244], [0.04460882395505905, 0.003676861524581909, -0.0012774020433425903, -0.03419748321175575, 0.039857178926467896, -0.001688472693786025, -1.0003938674926758]]","[0.0007667421450380388, 0.0011971304129976034, -0.0018349289341537457, -0.0032456089008780086, 0.0005515053272547637, 0.0025651599497414253]","[0.0007667421450380388, 0.0011971304129976034, -0.0018349289341537457, -0.0032456089008780086, 0.0005515053272547637, 0.0025651599497414253]","[0.23606225848197937, 0.2395557463169098, 0.24407827854156494, 0.2431737184524536, 0.2402353584766388, 0.2410191297531128]","[0.23606225848197937, 0.2395557463169098, 0.24407827854156494, 0.2431737184524536, 0.2402353584766388, 0.2410191297531128]",2.0,2.0,6.0,6.0,086dfebd71040c3b8512d9e9cc25151dd95fdc19d68b60a3a990f563924cfbbb,086dfebd71040c3b8512d9e9cc25151dd95fdc19d68b60a3a990f563924cfbbb,5.0,2.0,0.0,True,0.0,True,0.0,True,True,True,True
Position,frozen_closed_loop__Position_y0p3,libero_object_temp,8,9,5440097,"[[0.07139168679714203, -0.01681264489889145, 0.000116787850856781, -0.03242874518036842, 0.04109559953212738, -0.0015332321636378765, -1.001857042312622], [0.06146170198917389, -0.008731652051210403, -0.0021716393530368805, -0.034532126039266586, 0.0380309522151947, -0.0015037747798487544, -1.000774621963501], [0.06264567375183105, 0.0008109211921691895, 0.0006107613444328308, -0.03554811328649521, 0.04405367374420166, -0.0019334512762725353, -1.0019077062606812], [0.0714576244354248, -0.007059071213006973, -0.0009985081851482391, -0.03384438157081604, 0.03593793511390686, -0.00150536117143929, -1.0013000965118408], [0.07941741496324539, -0.004259515553712845, -0.0011019408702850342, -0.03610169142484665, 0.03672364354133606, -0.001753798802383244, -1.0012871026992798], [0.060928165912628174, -0.0026374496519565582, -0.0018016621470451355, -0.03470945730805397, 0.038938432931900024, -0.0013053726870566607, -1.0016536712646484]]","[[0.07139168679714203, -0.01681264489889145, 0.000116787850856781, -0.03242874518036842, 0.04109559953212738, -0.0015332321636378765, -1.001857042312622], [0.06146170198917389, -0.008731652051210403, -0.0021716393530368805, -0.034532126039266586, 0.0380309522151947, -0.0015037747798487544, -1.000774621963501], [0.06264567375183105, 0.0008109211921691895, 0.0006107613444328308, -0.03554811328649521, 0.04405367374420166, -0.0019334512762725353, -1.0019077062606812], [0.0714576244354248, -0.007059071213006973, -0.0009985081851482391, -0.03384438157081604, 0.03593793511390686, -0.00150536117143929, -1.0013000965118408], [0.07941741496324539, -0.004259515553712845, -0.0011019408702850342, -0.03610169142484665, 0.03672364354133606, -0.001753798802383244, -1.0012871026992798], [0.060928165912628174, -0.0026374496519565582, -0.0018016621470451355, -0.03470945730805397, 0.038938432931900024, -0.0013053726870566607, -1.0016536712646484]]","[-0.0003303325932474126, 0.0013254235920234273, 4.748057758841365e-05, 0.0007021741340892799, -0.0034972862328058315, 0.0017525405223521658]","[-0.0003303325932474126, 0.0013254235920234273, 4.748057758841365e-05, 0.0007021741340892799, -0.0034972862328058315, 0.0017525405223521658]","[0.23984643816947937, 0.24310818314552307, 0.23892104625701904, 0.2409180998802185, 0.2424629032611847, 0.24103930592536926]","[0.23984643816947937, 0.24310818314552307, 0.23892104625701904, 0.2409180998802185, 0.2424629032611847, 0.24103930592536926]",1.0,1.0,6.0,6.0,086dfebd71040c3b8512d9e9cc25151dd95fdc19d68b60a3a990f563924cfbbb,086dfebd71040c3b8512d9e9cc25151dd95fdc19d68b60a3a990f563924cfbbb,5.0,1.0,0.0,True,0.0,True,0.0,True,True,True,True
Position,frozen_closed_loop__Position_y0p3,libero_object_temp,8,9,5440194,"[[0.06812497973442078, -0.003348682075738907, -0.001591220498085022, -0.0355619452893734, 0.037914857268333435, -0.0016390319215133786, -1.0038517713546753], [0.07069353014230728, -0.01151667907834053, -0.0019100680947303772, -0.03361937031149864, 0.039190202951431274, -0.0013891400303691626, -1.0007888078689575], [0.06222814321517944, -0.005461536347866058, -0.0011261366307735443, -0.03280587121844292, 0.039418190717697144, -0.0013556507183238864, -1.0023998022079468], [0.06805524230003357, 0.005162470042705536, -0.00033371150493621826, -0.03559217229485512, 0.038188040256500244, -0.0019334512762725353, -1.0024528503417969], [0.07557068020105362, -0.008239243179559708, -0.0017938949167728424, -0.03446356952190399, 0.03885515034198761, -0.0013835878344252706, -1.0026471614837646], [0.05139894783496857, 8.147209882736206e-05, -0.00011555850505828857, -0.033509187400341034, 0.040018513798713684, -0.0009302926482632756, -1.0022037029266357]]","[[0.06812497973442078, -0.003348682075738907, -0.001591220498085022, -0.0355619452893734, 0.037914857268333435, -0.0016390319215133786, -1.0038517713546753], [0.07069353014230728, -0.01151667907834053, -0.0019100680947303772, -0.03361937031149864, 0.039190202951431274, -0.0013891400303691626, -1.0007888078689575], [0.06222814321517944, -0.005461536347866058, -0.0011261366307735443, -0.03280587121844292, 0.039418190717697144, -0.0013556507183238864, -1.0023998022079468], [0.06805524230003357, 0.005162470042705536, -0.00033371150493621826, -0.03559217229485512, 0.038188040256500244, -0.0019334512762725353, -1.0024528503417969], [0.07557068020105362, -0.008239243179559708, -0.0017938949167728424, -0.03446356952190399, 0.03885515034198761, -0.0013835878344252706, -1.0026471614837646], [0.05139894783496857, 8.147209882736206e-05, -0.00011555850505828857, -0.033509187400341034, 0.040018513798713684, -0.0009302926482632756, -1.0022037029266357]]","[0.0025571057295279624, 0.004107774354094395, -0.006115543947044444, -0.004103669596789626, 0.0005647999943844883, 0.0029895334658274052]","[0.0025571057295279624, 0.004107774354094395, -0.006115543947044444, -0.004103669596789626, 0.0005647999943844883, 0.0029895334658274052]","[0.2412627637386322, 0.2372148633003235, 0.2397666871547699, 0.24010813236236572, 0.24074748158454895, 0.2426072657108307]","[0.2412627637386322, 0.2372148633003235, 0.2397666871547699, 0.24010813236236572, 0.24074748158454895, 0.2426072657108307]",5.0,5.0,6.0,6.0,086dfebd71040c3b8512d9e9cc25151dd95fdc19d68b60a3a990f563924cfbbb,086dfebd71040c3b8512d9e9cc25151dd95fdc19d68b60a3a990f563924cfbbb,1.0,5.0,0.0,True,0.0,True,0.0,True,True,True,True
Position,frozen_closed_loop__Position_y0p3,libero_object_temp,8,9,5440291,"[[0.06026666611433029, -0.005530882626771927, -0.0003178417682647705, -0.03673403710126877, 0.03676217794418335, -0.00172819709405303, -1.0025403499603271], [0.07282689213752747, -0.005359835922718048, -0.002192538231611252, -0.03591613098978996, 0.03930602967739105, -0.0013671957422047853, -1.0016549825668335], [0.09140968322753906, -0.01125415787100792, 0.00011533498764038086, -0.03751983493566513, 0.036630794405937195, -0.0012209004489704967, -1.0028376579284668], [0.07229123264551163, -0.009235013276338577, -0.0006978213787078857, -0.03534110635519028, 0.03900660574436188, -0.0012568573001772165, -1.0007225275039673], [0.03080282360315323, 0.0002973899245262146, -0.0030039623379707336, -0.029520314186811447, 0.04101164638996124, -0.0014523069839924574, -1.0020509958267212], [0.050623565912246704, 0.004233755171298981, -0.000987667590379715, -0.0337960422039032, 0.04030457139015198, -0.0012897077249363065, -1.0052536725997925]]","[[0.06026666611433029, -0.005530882626771927, -0.0003178417682647705, -0.03673403710126877, 0.03676217794418335, -0.00172819709405303, -1.0025403499603271], [0.07282689213752747, -0.005359835922718048, -0.002192538231611252, -0.03591613098978996, 0.03930602967739105, -0.0013671957422047853, -1.0016549825668335], [0.09140968322753906, -0.01125415787100792, 0.00011533498764038086, -0.03751983493566513, 0.036630794405937195, -0.0012209004489704967, -1.0028376579284668], [0.07229123264551163, -0.009235013276338577, -0.0006978213787078857, -0.03534110635519028, 0.03900660574436188, -0.0012568573001772165, -1.0007225275039673], [0.03080282360315323, 0.0002973899245262146, -0.0030039623379707336, -0.029520314186811447, 0.04101164638996124, -0.0014523069839924574, -1.0020509958267212], [0.050623565912246704, 0.004233755171298981, -0.000987667590379715, -0.0337960422039032, 0.04030457139015198, -0.0012897077249363065, -1.0052536725997925]]","[0.0012955827535109548, 0.0023051860189860873, -0.0037200784946015537, -0.0005016712980530202, 0.0014381102366318257, -0.0008171292164742931]","[0.0012955827535109548, 0.0023051860189860873, -0.0037200784946015537, -0.0005016712980530202, 0.0014381102366318257, -0.0008171292164742931]","[0.238864928483963, 0.23816576600074768, 0.2415366768836975, 0.24299708008766174, 0.23789837956428528, 0.23912417888641357]","[0.238864928483963, 0.23816576600074768, 0.2415366768836975, 0.24299708008766174, 0.23789837956428528, 0.23912417888641357]",3.0,3.0,6.0,6.0,086dfebd71040c3b8512d9e9cc25151dd95fdc19d68b60a3a990f563924cfbbb,086dfebd71040c3b8512d9e9cc25151dd95fdc19d68b60a3a990f563924cfbbb,1.0,3.0,0.0,True,0.0,True,0.0,True,True,True,True
Position,frozen_closed_loop__Position_y0p3,libero_object_temp,8,9,5440388,"[[0.058503225445747375, 0.0013891607522964478, -0.0025727413594722748, -0.034392762929201126, 0.04215444624423981, -0.0014094539219513535, -1.0017565488815308], [0.0475914403796196, 0.003697425127029419, -0.003515537828207016, -0.03369451314210892, 0.035988450050354004, -0.0013839624589309096, -1.0006930828094482], [0.06402511149644852, 0.0011260807514190674, -0.0007235817611217499, -0.03597551956772804, 0.03787162899971008, -0.001462485990487039, -1.0020031929016113], [0.0608782097697258, 0.0008571892976760864, 0.0009492784738540649, -0.0341976135969162, 0.03997966647148132, -0.0009330687462352216, -1.0028523206710815], [0.049423836171627045, 0.001868605613708496, -0.00043960288166999817, -0.032965727150440216, 0.038085490465164185, -0.0010502372169867158, -1.0033462047576904], [0.06194818764925003, 0.0005035847425460815, -0.00011846423149108887, -0.03466208651661873, 0.04135134816169739, -0.0013469699770212173, -1.0030362606048584]]","[[0.058503225445747375, 0.0013891607522964478, -0.0025727413594722748, -0.034392762929201126, 0.04215444624423981, -0.0014094539219513535, -1.0017565488815308], [0.0475914403796196, 0.003697425127029419, -0.003515537828207016, -0.03369451314210892, 0.035988450050354004, -0.0013839624589309096, -1.0006930828094482], [0.06402511149644852, 0.0011260807514190674, -0.0007235817611217499, -0.03597551956772804, 0.03787162899971008, -0.001462485990487039, -1.0020031929016113], [0.0608782097697258, 0.0008571892976760864, 0.0009492784738540649, -0.0341976135969162, 0.03997966647148132, -0.0009330687462352216, -1.0028523206710815], [0.049423836171627045, 0.001868605613708496, -0.00043960288166999817, -0.032965727150440216, 0.038085490465164185, -0.0010502372169867158, -1.0033462047576904], [0.06194818764925003, 0.0005035847425460815, -0.00011846423149108887, -0.03466208651661873, 0.04135134816169739, -0.0013469699770212173, -1.0030362606048584]]","[0.002149368258564919, 0.0007666232102824357, 0.0015311908073637327, -0.004612072956299243, -5.792452622330982e-05, 0.00022281520631158274]","[0.002149368258564919, 0.0007666232102824357, 0.0015311908073637327, -0.004612072956299243, -5.792452622330982e-05, 0.00022281520631158274]","[0.2388160228729248, 0.23980796337127686, 0.23739662766456604, 0.2422773540019989, 0.24070116877555847, 0.23972713947296143]","[0.2388160228729248, 0.23980796337127686, 0.23739662766456604, 0.2422773540019989, 0.24070116877555847, 0.23972713947296143]",3.0,3.0,6.0,6.0,086dfebd71040c3b8512d9e9cc25151dd95fdc19d68b60a3a990f563924cfbbb,086dfebd71040c3b8512d9e9cc25151dd95fdc19d68b60a3a990f563924cfbbb,0.0,3.0,0.0,True,0.0,True,0.0,True,True,True,True
Position,frozen_closed_loop__Position_y0p3,libero_object_temp,8,9,5440485,"[[0.04747476428747177, 0.0026794150471687317, 5.2303075790405273e-05, -0.03264716640114784, 0.03893101215362549, -0.0013176448410376906, -1.003618597984314], [0.05792655050754547, -0.002977028489112854, -0.00023195520043373108, -0.03637445718050003, 0.038901373744010925, -0.0014328083489090204, -1.0025489330291748], [0.061160288751125336, -0.0037198327481746674, 0.0009944289922714233, -0.03430834412574768, 0.03846864402294159, -0.0011753813596442342, -1.0020750761032104], [0.04914321005344391, 0.002598501741886139, -0.0006076879799365997, -0.03156690672039986, 0.0412241667509079, -0.0017811630386859179, -1.003566026687622], [0.05911096930503845, -0.0011042319238185883, -0.0032087042927742004, -0.03780408948659897, 0.02889789640903473, -0.0007247741450555623, -1.0021909475326538], [0.08076388388872147, -0.008345916867256165, 0.001125521957874298, -0.032846104353666306, 0.03766854107379913, -0.0020100800320506096, -1.0012766122817993]]","[[0.04747476428747177, 0.0026794150471687317, 5.2303075790405273e-05, -0.03264716640114784, 0.03893101215362549, -0.0013176448410376906, -1.003618597984314], [0.05792655050754547, -0.002977028489112854, -0.00023195520043373108, -0.03637445718050003, 0.038901373744010925, -0.0014328083489090204, -1.0025489330291748], [0.061160288751125336, -0.0037198327481746674, 0.0009944289922714233, -0.03430834412574768, 0.03846864402294159, -0.0011753813596442342, -1.0020750761032104], [0.04914321005344391, 0.002598501741886139, -0.0006076879799365997, -0.03156690672039986, 0.0412241667509079, -0.0017811630386859179, -1.003566026687622], [0.05911096930503845, -0.0011042319238185883, -0.0032087042927742004, -0.03780408948659897, 0.02889789640903473, -0.0007247741450555623, -1.0021909475326538], [0.08076388388872147, -0.008345916867256165, 0.001125521957874298, -0.032846104353666306, 0.03766854107379913, -0.0020100800320506096, -1.0012766122817993]]","[-0.003952688849290598, 0.001771401504597358, -0.0024431006857791922, 0.002432946813932668, 0.0027390464432478826, -0.0005476052267082122]","[-0.003952688849290598, 0.001771401504597358, -0.0024431006857791922, 0.002432946813932668, 0.0027390464432478826, -0.0005476052267082122]","[0.24109086394309998, 0.23906895518302917, 0.24019885063171387, 0.23653125762939453, 0.2364158034324646, 0.24028384685516357]","[0.24109086394309998, 0.23906895518302917, 0.24019885063171387, 0.23653125762939453, 0.2364158034324646, 0.24028384685516357]",0.0,0.0,6.0,6.0,086dfebd71040c3b8512d9e9cc25151dd95fdc19d68b60a3a990f563924cfbbb,086dfebd71040c3b8512d9e9cc25151dd95fdc19d68b60a3a990f563924cfbbb,4.0,0.0,0.0,True,0.0,True,0.0,True,True,True,True
Position,frozen_closed_loop__Position_y0p3,libero_object_temp,9,5,5450000,"[[0.028699077665805817, -0.006939880549907684, -0.01354806125164032, -0.0013916267780587077, 0.009538516402244568, -0.0003201926010660827, -1.0018318891525269], [0.008879117667675018, -0.008264947682619095, -0.010981298983097076, -0.0011935123475268483, 0.004803836345672607, -0.0012482866877689958, -1.0023975372314453], [0.025761611759662628, -0.0067343562841415405, -0.006793476641178131, -0.001098370528779924, 0.00871346890926361, -0.0004934336175210774, -1.0022902488708496], [0.02284415066242218, -0.010154284536838531, -0.00613778829574585, -0.0014049466699361801, 0.011437520384788513, -0.0008711796253919601, -1.0012764930725098], [0.009449198842048645, -0.005973111838102341, -0.004095621407032013, -0.0018696411279961467, 0.011394426226615906, -0.0009676596382632852, -1.0019720792770386], [0.020169205963611603, -0.011817589402198792, -0.011778976768255234, -0.001939826412126422, 0.006457462906837463, -0.0013701480347663164, -1.003842830657959]]","[[0.028699077665805817, -0.006939880549907684, -0.01354806125164032, -0.0013916267780587077, 0.009538516402244568, -0.0003201926010660827, -1.0018318891525269], [0.008879117667675018, -0.008264947682619095, -0.010981298983097076, -0.0011935123475268483, 0.004803836345672607, -0.0012482866877689958, -1.0023975372314453], [0.025761611759662628, -0.0067343562841415405, -0.006793476641178131, -0.001098370528779924, 0.00871346890926361, -0.0004934336175210774, -1.0022902488708496], [0.02284415066242218, -0.010154284536838531, -0.00613778829574585, -0.0014049466699361801, 0.011437520384788513, -0.0008711796253919601, -1.0012764930725098], [0.009449198842048645, -0.005973111838102341, -0.004095621407032013, -0.0018696411279961467, 0.011394426226615906, -0.0009676596382632852, -1.0019720792770386], [0.020169205963611603, -0.011817589402198792, -0.011778976768255234, -0.001939826412126422, 0.006457462906837463, -0.0013701480347663164, -1.003842830657959]]","[0.0017059399457491067, 0.0011240335405805308, -0.00043803495080417336, -0.002486442515507026, 0.0026765640562462297, -0.002582060076264746]","[0.0017059399457491067, 0.0011240335405805308, -0.00043803495080417336, -0.002486442515507026, 0.0026765640562462297, -0.002582060076264746]","[0.32247215509414673, 0.3226301670074463, 0.3234547972679138, 0.3234848380088806, 0.3213523030281067, 0.32268762588500977]","[0.32247215509414673, 0.3226301670074463, 0.3234547972679138, 0.3234848380088806, 0.3213523030281067, 0.32268762588500977]",3.0,3.0,6.0,6.0,086dfebd71040c3b8512d9e9cc25151dd95fdc19d68b60a3a990f563924cfbbb,086dfebd71040c3b8512d9e9cc25151dd95fdc19d68b60a3a990f563924cfbbb,4.0,3.0,0.0,True,0.0,True,0.0,True,True,True,True
Position,frozen_closed_loop__Position_y0p3,libero_object_temp,9,5,5450097,"[[0.0045812129974365234, -0.007750131189823151, -0.004816018044948578, -0.0008118839468806982, 0.004884883761405945, -0.0001904215750982985, -1.0005016326904297], [0.04327889531850815, -0.0093131884932518, -0.00859072431921959, -0.0010677787940949202, 0.0116347074508667, -0.000876092875842005, -1.0002297163009644], [0.017879270017147064, -0.009587164968252182, -0.009720325469970703, -0.0022639306262135506, 0.012815460562705994, -0.0004842901253141463, -0.9991054534912109], [0.016629360616207123, -0.0069538503885269165, -0.00889655202627182, -0.0017967295134440064, 0.009530782699584961, -0.0012102146865800023, -1.002357840538025], [0.031276680529117584, -0.010806899517774582, -0.003354214131832123, -0.0015602107159793377, 0.005704835057258606, -0.0009041401208378375, -1.001908302307129], [0.02976503223180771, -0.008232314139604568, -0.002392977476119995, -0.001367255812510848, 0.010783955454826355, -0.0005608528153970838, -1.0031789541244507]]","[[0.0045812129974365234, -0.007750131189823151, -0.004816018044948578, -0.0008118839468806982, 0.004884883761405945, -0.0001904215750982985, -1.0005016326904297], [0.04327889531850815, -0.0093131884932518, -0.00859072431921959, -0.0010677787940949202, 0.0116347074508667, -0.000876092875842005, -1.0002297163009644], [0.017879270017147064, -0.009587164968252182, -0.009720325469970703, -0.0022639306262135506, 0.012815460562705994, -0.0004842901253141463, -0.9991054534912109], [0.016629360616207123, -0.0069538503885269165, -0.00889655202627182, -0.0017967295134440064, 0.009530782699584961, -0.0012102146865800023, -1.002357840538025], [0.031276680529117584, -0.010806899517774582, -0.003354214131832123, -0.0015602107159793377, 0.005704835057258606, -0.0009041401208378375, -1.001908302307129], [0.02976503223180771, -0.008232314139604568, -0.002392977476119995, -0.001367255812510848, 0.010783955454826355, -0.0005608528153970838, -1.0031789541244507]]","[0.0023528785102938806, -0.0036561598464843114, 0.0021071815198776245, 0.004315702678159361, -0.002902685459929117, -0.002216917401917396]","[0.0023528785102938806, -0.0036561598464843114, 0.0021071815198776245, 0.004315702678159361, -0.002902685459929117, -0.002216917401917396]","[0.32284945249557495, 0.3236950635910034, 0.3230792284011841, 0.3216167092323303, 0.3249787986278534, 0.32271647453308105]","[0.32284945249557495, 0.3236950635910034, 0.3230792284011841, 0.3216167092323303, 0.3249787986278534, 0.32271647453308105]",4.0,4.0,6.0,6.0,086dfebd71040c3b8512d9e9cc25151dd95fdc19d68b60a3a990f563924cfbbb,086dfebd71040c3b8512d9e9cc25151dd95fdc19d68b60a3a990f563924cfbbb,3.0,4.0,0.0,True,0.0,True,0.0,True,True,True,True
Position,frozen_closed_loop__Position_y0p3,libero_object_temp,9,5,5450194,"[[0.02143118530511856, -0.005042776465415955, -0.006619524210691452, -0.001359461573883891, 0.012460380792617798, -0.0007118851644918323, -1.0020250082015991], [0.010332092642784119, -0.007123500108718872, -0.004974883049726486, -0.0011954151559621096, 0.009329885244369507, -0.0006283381953835487, -0.9993842244148254], [0.0227389857172966, -0.01157473772764206, -0.008575189858675003, -0.0017128217732533813, 0.009833648800849915, -0.0007099683280102909, -1.0031521320343018], [0.031374916434288025, -0.009996425360441208, -0.003659036010503769, -0.0017765301745384932, 0.010610237717628479, -0.0005430285818874836, -1.0003224611282349], [0.018354244530200958, -0.005355309695005417, -0.010684691369533539, -0.0020558445248752832, 0.013630583882331848, -0.00028976579778827727, -1.0014185905456543], [0.021892748773097992, -0.004359763115644455, -0.006596557796001434, -0.002059467136859894, 0.01092347502708435, -0.00038584924186579883, -1.0012959241867065]]","[[0.02143118530511856, -0.005042776465415955, -0.006619524210691452, -0.001359461573883891, 0.012460380792617798, -0.0007118851644918323, -1.0020250082015991], [0.010332092642784119, -0.007123500108718872, -0.004974883049726486, -0.0011954151559621096, 0.009329885244369507, -0.0006283381953835487, -0.9993842244148254], [0.0227389857172966, -0.01157473772764206, -0.008575189858675003, -0.0017128217732533813, 0.009833648800849915, -0.0007099683280102909, -1.0031521320343018], [0.031374916434288025, -0.009996425360441208, -0.003659036010503769, -0.0017765301745384932, 0.010610237717628479, -0.0005430285818874836, -1.0003224611282349], [0.018354244530200958, -0.005355309695005417, -0.010684691369533539, -0.0020558445248752832, 0.013630583882331848, -0.00028976579778827727, -1.0014185905456543], [0.021892748773097992, -0.004359763115644455, -0.006596557796001434, -0.002059467136859894, 0.01092347502708435, -0.00038584924186579883, -1.0012959241867065]]","[0.0008650990814832063, -0.0019299187832279511, 0.0016041086066004595, 0.0008156160626912549, 0.002766615325555657, -0.00412152029310262]","[0.0008650990814832063, -0.0019299187832279511, 0.0016041086066004595, 0.0008156160626912549, 0.002766615325555657, -0.00412152029310262]","[0.3229718804359436, 0.3239000737667084, 0.32183945178985596, 0.3217289447784424, 0.3233200013637543, 0.32507896423339844]","[0.3229718804359436, 0.3239000737667084, 0.32183945178985596, 0.3217289447784424, 0.3233200013637543, 0.32507896423339844]",5.0,5.0,6.0,6.0,086dfebd71040c3b8512d9e9cc25151dd95fdc19d68b60a3a990f563924cfbbb,086dfebd71040c3b8512d9e9cc25151dd95fdc19d68b60a3a990f563924cfbbb,4.0,5.0,0.0,True,0.0,True,0.0,True,True,True,True
Position,frozen_closed_loop__Position_y0p3,libero_object_temp,9,5,5450291,"[[0.009363032877445221, -0.005961041897535324, -0.008133351802825928, -0.001336224959231913, 0.0065299272537231445, -0.0008611768716946244, -1.002038836479187], [0.032089054584503174, -0.008494444191455841, -0.009091291576623917, -0.0018436051905155182, 0.00874793529510498, -0.0007550466689281166, -1.0022001266479492], [0.018514618277549744, -0.008612684905529022, -0.004580598324537277, -0.0016328843776136637, 0.008781194686889648, -0.0005883933627046645, -0.9975205063819885], [0.0034938007593154907, -0.008734054863452911, -0.0063526444137096405, -0.0014397831400856376, 0.0057948678731918335, -0.0009513115510344505, -1.0016196966171265], [0.030757784843444824, -0.00960465520620346, -0.008479636162519455, -0.0010741276200860739, 0.0027023255825042725, -0.0009435781976208091, -1.0039734840393066], [0.015307366847991943, -0.009109564125537872, -0.00788424164056778, -0.0016153746983036399, 0.004816800355911255, -0.0009391717030666769, -1.0031919479370117]]","[[0.009363032877445221, -0.005961041897535324, -0.008133351802825928, -0.001336224959231913, 0.0065299272537231445, -0.0008611768716946244, -1.002038836479187], [0.032089054584503174, -0.008494444191455841, -0.009091291576623917, -0.0018436051905155182, 0.00874793529510498, -0.0007550466689281166, -1.0022001266479492], [0.018514618277549744, -0.008612684905529022, -0.004580598324537277, -0.0016328843776136637, 0.008781194686889648, -0.0005883933627046645, -0.9975205063819885], [0.0034938007593154907, -0.008734054863452911, -0.0063526444137096405, -0.0014397831400856376, 0.0057948678731918335, -0.0009513115510344505, -1.0016196966171265], [0.030757784843444824, -0.00960465520620346, -0.008479636162519455, -0.0010741276200860739, 0.0027023255825042725, -0.0009435781976208091, -1.0039734840393066], [0.015307366847991943, -0.009109564125537872, -0.00788424164056778, -0.0016153746983036399, 0.004816800355911255, -0.0009391717030666769, -1.0031919479370117]]","[0.004029185156163011, -0.006290218992872098, 0.0014080297487611545, 0.0008898136594726791, -0.0030401667129774383, 0.0030033571414530497]","[0.004029185156163011, -0.006290218992872098, 0.0014080297487611545, 0.0008898136594726791, -0.0030401667129774383, 0.0030033571414530497]","[0.3234935998916626, 0.3240292966365814, 0.32360532879829407, 0.3239743709564209, 0.3244677186012268, 0.3233017921447754]","[0.3234935998916626, 0.3240292966365814, 0.32360532879829407, 0.3239743709564209, 0.3244677186012268, 0.3233017921447754]",4.0,4.0,6.0,6.0,086dfebd71040c3b8512d9e9cc25151dd95fdc19d68b60a3a990f563924cfbbb,086dfebd71040c3b8512d9e9cc25151dd95fdc19d68b60a3a990f563924cfbbb,0.0,4.0,0.0,True,0.0,True,0.0,True,True,True,True
Position,frozen_closed_loop__Position_y0p3,libero_object_temp,9,5,5450388,"[[0.018288083374500275, -0.009319055825471878, -0.005374085158109665, -0.0014832922024652362, 0.005450114607810974, -0.000798670866061002, -1.0035333633422852], [0.01942276954650879, -0.003185402601957321, -0.007394850254058838, -0.0023102390114217997, 0.011645346879959106, -0.0014611640945076942, -1.004288911819458], [0.022465623915195465, -0.010758060961961746, -0.008080210536718369, -0.0015158234164118767, 0.007912740111351013, -0.0010730847716331482, -1.0035061836242676], [0.03641601651906967, -0.006365887820720673, 0.0004192069172859192, -0.0015036562690511346, 0.00978018343448639, -0.000974357477389276, -0.999255895614624], [0.024432800710201263, -0.008430350571870804, -0.010871216654777527, -0.0016028964892029762, 0.012094438076019287, -0.0009980644099414349, -1.0008254051208496], [0.008680187165737152, -0.008475836366415024, -0.01347346231341362, -0.0015732561005279422, 0.008448198437690735, -0.0008396071498282254, -1.0014060735702515]]","[[0.018288083374500275, -0.009319055825471878, -0.005374085158109665, -0.0014832922024652362, 0.005450114607810974, -0.000798670866061002, -1.0035333633422852], [0.01942276954650879, -0.003185402601957321, -0.007394850254058838, -0.0023102390114217997, 0.011645346879959106, -0.0014611640945076942, -1.004288911819458], [0.022465623915195465, -0.010758060961961746, -0.008080210536718369, -0.0015158234164118767, 0.007912740111351013, -0.0010730847716331482, -1.0035061836242676], [0.03641601651906967, -0.006365887820720673, 0.0004192069172859192, -0.0015036562690511346, 0.00978018343448639, -0.000974357477389276, -0.999255895614624], [0.024432800710201263, -0.008430350571870804, -0.010871216654777527, -0.0016028964892029762, 0.012094438076019287, -0.0009980644099414349, -1.0008254051208496], [0.008680187165737152, -0.008475836366415024, -0.01347346231341362, -0.0015732561005279422, 0.008448198437690735, -0.0008396071498282254, -1.0014060735702515]]","[-0.0006419007707865753, -0.0009750783507115307, -0.0011692487284836876, -0.0042849509749914244, 0.005200578178432155, 0.0018706006465411787]","[-0.0006419007707865753, -0.0009750783507115307, -0.0011692487284836876, -0.0042849509749914244, 0.005200578178432155, 0.0018706006465411787]","[0.3228103518486023, 0.32276251912117004, 0.32278338074684143, 0.3239690065383911, 0.32176125049591064, 0.3210717439651489]","[0.3228103518486023, 0.32276251912117004, 0.32278338074684143, 0.3239690065383911, 0.32176125049591064, 0.3210717439651489]",3.0,3.0,6.0,6.0,086dfebd71040c3b8512d9e9cc25151dd95fdc19d68b60a3a990f563924cfbbb,086dfebd71040c3b8512d9e9cc25151dd95fdc19d68b60a3a990f563924cfbbb,4.0,3.0,0.0,True,0.0,True,0.0,True,True,True,True
Position,frozen_closed_loop__Position_y0p3,libero_object_temp,9,5,5450485,"[[0.004121661186218262, -0.008545015007257462, -0.005184374749660492, -0.0019829878583550453, 0.009730160236358643, -0.000628624577075243, -1.0013628005981445], [0.013582706451416016, -0.006603710353374481, -0.009000319987535477, -0.0014106550952419639, 0.007970139384269714, -0.0007917086477391422, -0.9999402761459351], [0.011263489723205566, -0.003206580877304077, -0.0038130395114421844, -0.0017580690328031778, 0.008927330374717712, -0.0007031603017821908, -1.001881718635559], [0.02407841384410858, -0.010211560875177383, -0.017856694757938385, -0.0010355403646826744, 0.006386026740074158, -0.0008788909763097763, -1.0026066303253174], [0.00986739993095398, -0.005755126476287842, -0.006172992289066315, -0.0010382116306573153, 0.0064382851123809814, -0.00027425496955402195, -1.0035250186920166], [0.014404579997062683, -0.009847506880760193, -0.011559706181287766, -0.001157760969363153, 0.004226312041282654, -0.0004580054373946041, -0.9999976754188538]]","[[0.004121661186218262, -0.008545015007257462, -0.005184374749660492, -0.0019829878583550453, 0.009730160236358643, -0.000628624577075243, -1.0013628005981445], [0.013582706451416016, -0.006603710353374481, -0.009000319987535477, -0.0014106550952419639, 0.007970139384269714, -0.0007917086477391422, -0.9999402761459351], [0.011263489723205566, -0.003206580877304077, -0.0038130395114421844, -0.0017580690328031778, 0.008927330374717712, -0.0007031603017821908, -1.001881718635559], [0.02407841384410858, -0.010211560875177383, -0.017856694757938385, -0.0010355403646826744, 0.006386026740074158, -0.0008788909763097763, -1.0026066303253174], [0.00986739993095398, -0.005755126476287842, -0.006172992289066315, -0.0010382116306573153, 0.0064382851123809814, -0.00027425496955402195, -1.0035250186920166], [0.014404579997062683, -0.009847506880760193, -0.011559706181287766, -0.001157760969363153, 0.004226312041282654, -0.0004580054373946041, -0.9999976754188538]]","[0.0001527013336048511, -0.002773200858754992, -0.0004895221197446162, 0.003383891135303796, 0.0006390173135541792, -0.0009128868039631387]","[0.0001527013336048511, -0.002773200858754992, -0.0004895221197446162, 0.003383891135303796, 0.0006390173135541792, -0.0009128868039631387]","[0.3215563893318176, 0.3231913447380066, 0.3235132098197937, 0.3207821846008301, 0.32251304388046265, 0.32194983959198]","[0.3215563893318176, 0.3231913447380066, 0.3235132098197937, 0.3207821846008301, 0.32251304388046265, 0.32194983959198]",2.0,2.0,6.0,6.0,086dfebd71040c3b8512d9e9cc25151dd95fdc19d68b60a3a990f563924cfbbb,086dfebd71040c3b8512d9e9cc25151dd95fdc19d68b60a3a990f563924cfbbb,3.0,2.0,0.0,True,0.0,True,0.0,True,True,True,True
Position,frozen_closed_loop__Position_y0p3,libero_object_temp,9,6,5460000,"[[0.025871358811855316, -0.007958337664604187, -0.00706695020198822, -0.0017793478909879923, 0.00012677907943725586, -0.0007825872162356973, -1.0014262199401855], [0.017103105783462524, -0.004084780812263489, -0.006308667361736298, -0.002945548389106989, 0.001299351453781128, -0.0002316442405572161, -0.9987745881080627], [0.0145658478140831, -0.003242120146751404, -0.011451691389083862, -0.0013391157845035195, -0.003052622079849243, -0.0007753164973109961, -0.9993403553962708], [0.026216916739940643, -0.0052521564066410065, -0.0043444521725177765, -0.0018286568811163306, 0.00046782195568084717, -0.00010795417620101944, -0.9991236329078674], [0.01770816743373871, -0.0032488256692886353, -0.0032981112599372864, -0.00200801738537848, 9.714066982269287e-05, -0.0004122661193832755, -1.0020540952682495], [0.026444122195243835, -0.0017262250185012817, -0.008707456290721893, -0.0015601192135363817, 0.00036357343196868896, -0.00018050697690341622, -1.000774621963501]]","[[0.025871358811855316, -0.007958337664604187, -0.00706695020198822, -0.0017793478909879923, 0.00012677907943725586, -0.0007825872162356973, -1.0014262199401855], [0.017103105783462524, -0.004084780812263489, -0.006308667361736298, -0.002945548389106989, 0.001299351453781128, -0.0002316442405572161, -0.9987745881080627], [0.0145658478140831, -0.003242120146751404, -0.011451691389083862, -0.0013391157845035195, -0.003052622079849243, -0.0007753164973109961, -0.9993403553962708], [0.026216916739940643, -0.0052521564066410065, -0.0043444521725177765, -0.0018286568811163306, 0.00046782195568084717, -0.00010795417620101944, -0.9991236329078674], [0.01770816743373871, -0.0032488256692886353, -0.0032981112599372864, -0.00200801738537848, 9.714066982269287e-05, -0.0004122661193832755, -1.0020540952682495], [0.026444122195243835, -0.0017262250185012817, -0.008707456290721893, -0.0015601192135363817, 0.00036357343196868896, -0.00018050697690341622, -1.000774621963501]]","[0.0007981787024023937, 0.003095220909174393, 0.002605493147902529, -0.0014938880074929805, -0.0021863366355229317, -0.0028186681164633796]","[0.0007981787024023937, 0.003095220909174393, 0.002605493147902529, -0.0014938880074929805, -0.0021863366355229317, -0.0028186681164633796]","[0.3266938328742981, 0.32640963792800903, 0.32539454102516174, 0.3266160488128662, 0.3260011672973633, 0.3277699649333954]","[0.3266938328742981, 0.32640963792800903, 0.32539454102516174, 0.3266160488128662, 0.3260011672973633, 0.3277699649333954]",5.0,5.0,6.0,6.0,086dfebd71040c3b8512d9e9cc25151dd95fdc19d68b60a3a990f563924cfbbb,086dfebd71040c3b8512d9e9cc25151dd95fdc19d68b60a3a990f563924cfbbb,1.0,5.0,0.0,True,0.0,True,0.0,True,True,True,True
Position,frozen_closed_loop__Position_y0p3,libero_object_temp,9,6,5460097,"[[0.024639107286930084, -0.004646535962820053, -0.007418040186166763, -0.001233636518009007, -0.0017690509557724, -0.0005488010938279331, -1.0033800601959229], [0.03724683076143265, -0.0072219036519527435, -0.0022688694298267365, -0.0012590503320097923, -0.0012375041842460632, -0.0006232706946320832, -1.0017907619476318], [0.01837112009525299, -0.0069083645939826965, -0.003592371940612793, -0.0012301967944949865, 0.00047801434993743896, -0.000723760633263737, -1.002886176109314], [0.016359910368919373, -0.0074358657002449036, -0.0062978267669677734, -0.001674307626672089, -0.00020898878574371338, -0.00022038567112758756, -1.000827431678772], [0.022071897983551025, -0.005729701370000839, -0.004919897764921188, -0.002384962048381567, -0.0004784390330314636, -0.0008357294136658311, -1.001528024673462], [0.020868033170700073, -0.005486682057380676, -0.007206816226243973, -0.0013880040496587753, 0.00024117529392242432, -0.00028976579778827727, -1.0022090673446655]]","[[0.024639107286930084, -0.004646535962820053, -0.007418040186166763, -0.001233636518009007, -0.0017690509557724, -0.0005488010938279331, -1.0033800601959229], [0.03724683076143265, -0.0072219036519527435, -0.0022688694298267365, -0.0012590503320097923, -0.0012375041842460632, -0.0006232706946320832, -1.0017907619476318], [0.01837112009525299, -0.0069083645939826965, -0.003592371940612793, -0.0012301967944949865, 0.00047801434993743896, -0.000723760633263737, -1.002886176109314], [0.016359910368919373, -0.0074358657002449036, -0.0062978267669677734, -0.001674307626672089, -0.00020898878574371338, -0.00022038567112758756, -1.000827431678772], [0.022071897983551025, -0.005729701370000839, -0.004919897764921188, -0.002384962048381567, -0.0004784390330314636, -0.0008357294136658311, -1.001528024673462], [0.020868033170700073, -0.005486682057380676, -0.007206816226243973, -0.0013880040496587753, 0.00024117529392242432, -0.00028976579778827727, -1.0022090673446655]]","[-0.0021477656204857394, 0.001498628021193439, 0.0026910075413890777, 0.003081282428493807, -0.0030757756236472725, -0.0020473767469434607]","[-0.0021477656204857394, 0.001498628021193439, 0.0026910075413890777, 0.003081282428493807, -0.0030757756236472725, -0.0020473767469434607]","[0.32550835609436035, 0.3261042833328247, 0.3231966495513916, 0.3254906237125397, 0.3261033296585083, 0.32554128766059875]","[0.32550835609436035, 0.3261042833328247, 0.3231966495513916, 0.3254906237125397, 0.3261033296585083, 0.32554128766059875]",1.0,1.0,6.0,6.0,086dfebd71040c3b8512d9e9cc25151dd95fdc19d68b60a3a990f563924cfbbb,086dfebd71040c3b8512d9e9cc25151dd95fdc19d68b60a3a990f563924cfbbb,3.0,1.0,0.0,True,0.0,True,0.0,True,True,True,True
Position,frozen_closed_loop__Position_y0p3,libero_object_temp,9,6,5460194,"[[0.03649793565273285, -0.0071929581463336945, 0.000589415431022644, -0.002688555745407939, 0.0007112324237823486, -0.000811559846624732, -0.9993349313735962], [0.01975022256374359, -0.008029583841562271, -0.014872066676616669, -0.0016255840891972184, -0.0010135173797607422, -0.00014825149264652282, -1.0017642974853516], [0.03129009157419205, -0.004791151732206345, -0.00293780118227005, -0.0019724308513104916, -0.0008854866027832031, -0.0007044161320663989, -1.0021722316741943], [0.03392860293388367, -0.005546193569898605, -0.004022195935249329, -0.0014994296943768859, -0.0010230392217636108, -0.0010242830030620098, -1.0017889738082886], [0.019143149256706238, -0.005061272531747818, -0.009370241314172745, -0.0015476044500246644, -0.00024202466011047363, -0.00027443122235126793, -1.003031849861145], [0.013603158295154572, -0.00706057995557785, -0.011005047708749771, -0.0019231034675613046, 0.0022919028997421265, -0.0006722487742081285, -1.0003623962402344]]","[[0.03649793565273285, -0.0071929581463336945, 0.000589415431022644, -0.002688555745407939, 0.0007112324237823486, -0.000811559846624732, -0.9993349313735962], [0.01975022256374359, -0.008029583841562271, -0.014872066676616669, -0.0016255840891972184, -0.0010135173797607422, -0.00014825149264652282, -1.0017642974853516], [0.03129009157419205, -0.004791151732206345, -0.00293780118227005, -0.0019724308513104916, -0.0008854866027832031, -0.0007044161320663989, -1.0021722316741943], [0.03392860293388367, -0.005546193569898605, -0.004022195935249329, -0.0014994296943768859, -0.0010230392217636108, -0.0010242830030620098, -1.0017889738082886], [0.019143149256706238, -0.005061272531747818, -0.009370241314172745, -0.0015476044500246644, -0.00024202466011047363, -0.00027443122235126793, -1.003031849861145], [0.013603158295154572, -0.00706057995557785, -0.011005047708749771, -0.0019231034675613046, 0.0022919028997421265, -0.0006722487742081285, -1.0003623962402344]]","[-0.0014510384159842319, -0.00010841421812079447, -0.0011729111523749295, -0.001812719485235556, 0.00142602362386376, 0.0031190596478515996]","[-0.0014510384159842319, -0.00010841421812079447, -0.0011729111523749295, -0.001812719485235556, 0.00142602362386376, 0.0031190596478515996]","[0.3269272446632385, 0.3255390226840973, 0.3263212740421295, 0.32515212893486023, 0.3248598575592041, 0.32523438334465027]","[0.3269272446632385, 0.3255390226840973, 0.3263212740421295, 0.32515212893486023, 0.3248598575592041, 0.32523438334465027]",0.0,0.0,6.0,6.0,086dfebd71040c3b8512d9e9cc25151dd95fdc19d68b60a3a990f563924cfbbb,086dfebd71040c3b8512d9e9cc25151dd95fdc19d68b60a3a990f563924cfbbb,5.0,0.0,0.0,True,0.0,True,0.0,True,True,True,True
Position,frozen_closed_loop__Position_y0p3,libero_object_temp,9,6,5460291,"[[0.032862983644008636, -0.002808663994073868, -0.009879916906356812, -0.0018797407392412424, -0.0007224529981613159, -0.0004755652917083353, -1.0012744665145874], [0.020746774971485138, -0.0027877092361450195, -0.004301201552152634, -0.0020828319247812033, -0.0007286891341209412, -0.0005346782854758203, -1.0011932849884033], [0.02453293651342392, -0.006965752691030502, -0.0111326202750206, -0.0015475312247872353, -0.001330062747001648, -0.00024411460617557168, -1.0012625455856323], [0.017546676099300385, -0.009798724204301834, -0.0095391646027565, -0.001979163847863674, 0.0007326006889343262, -0.00021329123410396278, -1.0002001523971558], [0.017889440059661865, -0.006477534770965576, -0.010798685252666473, -0.0011296209413558245, -0.0008660852909088135, -6.135558942332864e-05, -1.0022194385528564], [0.015353523194789886, -0.00819772481918335, -0.00912543386220932, -0.002034913282841444, 0.0013684630393981934, 0.00010256569657940418, -1.0011109113693237]]","[[0.032862983644008636, -0.002808663994073868, -0.009879916906356812, -0.0018797407392412424, -0.0007224529981613159, -0.0004755652917083353, -1.0012744665145874], [0.020746774971485138, -0.0027877092361450195, -0.004301201552152634, -0.0020828319247812033, -0.0007286891341209412, -0.0005346782854758203, -1.0011932849884033], [0.02453293651342392, -0.006965752691030502, -0.0111326202750206, -0.0015475312247872353, -0.001330062747001648, -0.00024411460617557168, -1.0012625455856323], [0.017546676099300385, -0.009798724204301834, -0.0095391646027565, -0.001979163847863674, 0.0007326006889343262, -0.00021329123410396278, -1.0002001523971558], [0.017889440059661865, -0.006477534770965576, -0.010798685252666473, -0.0011296209413558245, -0.0008660852909088135, -6.135558942332864e-05, -1.0022194385528564], [0.015353523194789886, -0.00819772481918335, -0.00912543386220932, -0.002034913282841444, 0.0013684630393981934, 0.00010256569657940418, -1.0011109113693237]]","[0.0007249580872810692, 0.002106538818167698, 0.00028807407986860493, 0.0014042793051500114, -0.0007403117444236629, -0.003783538546044252]","[0.0007249580872810692, 0.002106538818167698, 0.00028807407986860493, 0.0014042793051500114, -0.0007403117444236629, -0.003783538546044252]","[0.32635682821273804, 0.3260843753814697, 0.3259924054145813, 0.32631438970565796, 0.3267258405685425, 0.32651811838150024]","[0.32635682821273804, 0.3260843753814697, 0.3259924054145813, 0.32631438970565796, 0.3267258405685425, 0.32651811838150024]",4.0,4.0,6.0,6.0,086dfebd71040c3b8512d9e9cc25151dd95fdc19d68b60a3a990f563924cfbbb,086dfebd71040c3b8512d9e9cc25151dd95fdc19d68b60a3a990f563924cfbbb,1.0,4.0,0.0,True,0.0,True,0.0,True,True,True,True
Position,frozen_closed_loop__Position_y0p3,libero_object_temp,9,6,5460388,"[[0.03158982843160629, -0.005610566586256027, -0.005232039839029312, -0.0019124182872474194, 9.678304195404053e-05, -0.00011890429595950991, -1.0005711317062378], [0.04027180373668671, -0.0016780570149421692, 0.0017635524272918701, -0.001891029649414122, 0.0009625554084777832, -0.0005730367847718298, -1.002231478691101], [0.015442147850990295, -0.005944725126028061, -0.004139598459005356, -0.0013190446188673377, -0.0014436766505241394, -0.00033473398070782423, -1.002571940422058], [0.03363423049449921, -0.003972798585891724, -0.006870534271001816, -0.002514318097382784, 0.0010971128940582275, -0.00039750439464114606, -1.0011135339736938], [0.03078550100326538, -0.006790291517972946, -0.015530772507190704, -0.0010855264263227582, -0.00037032365798950195, -0.000769940612372011, -1.0020750761032104], [0.043578632175922394, -0.008637774735689163, -0.0020194798707962036, -0.0027845939621329308, -0.0009328052401542664, -0.0003761329280678183, -1.0022188425064087]]","[[0.03158982843160629, -0.005610566586256027, -0.005232039839029312, -0.0019124182872474194, 9.678304195404053e-05, -0.00011890429595950991, -1.0005711317062378], [0.04027180373668671, -0.0016780570149421692, 0.0017635524272918701, -0.001891029649414122, 0.0009625554084777832, -0.0005730367847718298, -1.002231478691101], [0.015442147850990295, -0.005944725126028061, -0.004139598459005356, -0.0013190446188673377, -0.0014436766505241394, -0.00033473398070782423, -1.002571940422058], [0.03363423049449921, -0.003972798585891724, -0.006870534271001816, -0.002514318097382784, 0.0010971128940582275, -0.00039750439464114606, -1.0011135339736938], [0.03078550100326538, -0.006790291517972946, -0.015530772507190704, -0.0010855264263227582, -0.00037032365798950195, -0.000769940612372011, -1.0020750761032104], [0.043578632175922394, -0.008637774735689163, -0.0020194798707962036, -0.0027845939621329308, -0.0009328052401542664, -0.0003761329280678183, -1.0022188425064087]]","[-0.0017198124347452828, 0.001870482501525151, 0.0006859145902275523, -0.00023418723229167186, 0.001613293094462316, -0.0022156905191781035]","[-0.0017198124347452828, 0.001870482501525151, 0.0006859145902275523, -0.00023418723229167186, 0.001613293094462316, -0.0022156905191781035]","[0.3261656165122986, 0.3269048035144806, 0.32452815771102905, 0.32713547348976135, 0.32486966252326965, 0.3283054828643799]","[0.3261656165122986, 0.3269048035144806, 0.32452815771102905, 0.32713547348976135, 0.32486966252326965, 0.3283054828643799]",5.0,5.0,6.0,6.0,086dfebd71040c3b8512d9e9cc25151dd95fdc19d68b60a3a990f563924cfbbb,086dfebd71040c3b8512d9e9cc25151dd95fdc19d68b60a3a990f563924cfbbb,1.0,5.0,0.0,True,0.0,True,0.0,True,True,True,True
Position,frozen_closed_loop__Position_y0p3,libero_object_temp,9,6,5460485,"[[0.02610761672258377, -0.0069648027420043945, -0.003941953182220459, -0.0011915911454707384, -0.0014147311449050903, -0.00024400443362537771, -1.0016697645187378], [0.013972632586956024, -0.011854637414216995, -0.010944418609142303, -0.001601451076567173, -0.0003895014524459839, -0.000682229467201978, -1.0005817413330078], [0.020563267171382904, -0.00393228605389595, -0.0017335452139377594, -0.0018961344612762332, 0.0021184533834457397, -1.4934727232684963e-06, -1.000806212425232], [0.03600116819143295, -0.0025610066950321198, -0.003771856427192688, -0.0024098269641399384, -0.0003312304615974426, -0.0007236504461616278, -0.9986840486526489], [0.007696375250816345, -0.003588292747735977, -0.003748387098312378, -0.0009974103886634111, -0.0010103210806846619, -0.0008189186919480562, -1.0000666379928589], [0.02661433070898056, -0.003738217055797577, -0.0008877553045749664, -0.0016969587886705995, 0.0001211017370223999, -0.00019491618149913847, -0.9992789030075073]]","[[0.02610761672258377, -0.0069648027420043945, -0.003941953182220459, -0.0011915911454707384, -0.0014147311449050903, -0.00024400443362537771, -1.0016697645187378], [0.013972632586956024, -0.011854637414216995, -0.010944418609142303, -0.001601451076567173, -0.0003895014524459839, -0.000682229467201978, -1.0005817413330078], [0.020563267171382904, -0.00393228605389595, -0.0017335452139377594, -0.0018961344612762332, 0.0021184533834457397, -1.4934727232684963e-06, -1.000806212425232], [0.03600116819143295, -0.0025610066950321198, -0.003771856427192688, -0.0024098269641399384, -0.0003312304615974426, -0.0007236504461616278, -0.9986840486526489], [0.007696375250816345, -0.003588292747735977, -0.003748387098312378, -0.0009974103886634111, -0.0010103210806846619, -0.0008189186919480562, -1.0000666379928589], [0.02661433070898056, -0.003738217055797577, -0.0008877553045749664, -0.0016969587886705995, 0.0001211017370223999, -0.00019491618149913847, -0.9992789030075073]]","[-0.0013169365119704273, 0.0032211486176011465, -0.0015215356019417183, 0.00027164453194393956, 0.002549573544877971, -0.0032038945805109636]","[-0.0013169365119704273, 0.0032211486176011465, -0.0015215356019417183, 0.00027164453194393956, 0.002549573544877971, -0.0032038945805109636]","[0.32587742805480957, 0.32640665769577026, 0.328487753868103, 0.3269810974597931, 0.325726181268692, 0.3276742696762085]","[0.32587742805480957, 0.32640665769577026, 0.328487753868103, 0.3269810974597931, 0.325726181268692, 0.3276742696762085]",2.0,2.0,6.0,6.0,086dfebd71040c3b8512d9e9cc25151dd95fdc19d68b60a3a990f563924cfbbb,086dfebd71040c3b8512d9e9cc25151dd95fdc19d68b60a3a990f563924cfbbb,1.0,2.0,0.0,True,0.0,True,0.0,True,True,True,True
Position,frozen_closed_loop__Position_y0p3,libero_object_temp,9,7,5470000,"[[0.028960369527339935, -0.006772074848413467, -0.0029946863651275635, -0.0019248782191425562, 0.006296887993812561, -0.0008935204823501408, -0.9993753433227539], [0.020022690296173096, -0.010160878300666809, -0.007832720875740051, -0.0012887455523014069, 0.0074813514947891235, -0.0008212320972234011, -1.0034383535385132], [0.01194298267364502, -0.009872596710920334, -0.009471718221902847, -0.0017398822819814086, 0.005838632583618164, -0.001008816179819405, -1.0043522119522095], [0.03088831901550293, -0.006288271397352219, -0.0005252659320831299, -0.0029369124677032232, 0.007007986307144165, -0.0014707260997965932, -1.001854419708252], [-0.002620294690132141, -0.007974375039339066, -0.015542283654212952, -0.00104545708745718, 0.005039691925048828, -0.0005306463572196662, -1.0020769834518433], [0.006021223962306976, -0.010369140654802322, -0.009178351610898972, -0.0015379805117845535, 0.004306599497795105, -0.0007117970380932093, -0.9998058080673218]]","[[0.028960369527339935, -0.006772074848413467, -0.0029946863651275635, -0.0019248782191425562, 0.006296887993812561, -0.0008935204823501408, -0.9993753433227539], [0.020022690296173096, -0.010160878300666809, -0.007832720875740051, -0.0012887455523014069, 0.0074813514947891235, -0.0008212320972234011, -1.0034383535385132], [0.01194298267364502, -0.009872596710920334, -0.009471718221902847, -0.0017398822819814086, 0.005838632583618164, -0.001008816179819405, -1.0043522119522095], [0.03088831901550293, -0.006288271397352219, -0.0005252659320831299, -0.0029369124677032232, 0.007007986307144165, -0.0014707260997965932, -1.001854419708252], [-0.002620294690132141, -0.007974375039339066, -0.015542283654212952, -0.00104545708745718, 0.005039691925048828, -0.0005306463572196662, -1.0020769834518433], [0.006021223962306976, -0.010369140654802322, -0.009178351610898972, -0.0015379805117845535, 0.004306599497795105, -0.0007117970380932093, -0.9998058080673218]]","[-0.0012052062490559962, 0.0023993410223691245, -0.0012137827216085768, -3.5321370649453454e-05, 0.00027552244635889976, -0.00022055312741386013]","[-0.0012052062490559962, 0.0023993410223691245, -0.0012137827216085768, -3.5321370649453454e-05, 0.00027552244635889976, -0.00022055312741386013]","[0.3281523585319519, 0.3247963786125183, 0.3249843418598175, 0.32638031244277954, 0.32520291209220886, 0.32537364959716797]","[0.3281523585319519, 0.3247963786125183, 0.3249843418598175, 0.32638031244277954, 0.32520291209220886, 0.32537364959716797]",0.0,0.0,6.0,6.0,086dfebd71040c3b8512d9e9cc25151dd95fdc19d68b60a3a990f563924cfbbb,086dfebd71040c3b8512d9e9cc25151dd95fdc19d68b60a3a990f563924cfbbb,1.0,0.0,0.0,True,0.0,True,0.0,True,True,True,True
Position,frozen_closed_loop__Position_y0p3,libero_object_temp,9,7,5470097,"[[0.026594214141368866, -0.008199233561754227, -0.005737803876399994, -0.0016438988968729973, 0.006929084658622742, -0.0013715361710637808, -1.0030057430267334], [0.009342916309833527, -0.007612388581037521, -0.00315885990858078, -0.0024997908622026443, 0.005508095026016235, -0.00039113700040616095, -0.9996877312660217], [0.013562925159931183, -0.005381740629673004, -0.00964142382144928, -0.0025691711343824863, 0.00711938738822937, -0.0005447471048682928, -1.0014480352401733], [0.02935454249382019, -0.008996967226266861, -0.008753109723329544, -0.001758965547196567, 0.006657510995864868, -0.0006689439178444445, -0.999514639377594], [0.004566796123981476, -0.008879676461219788, -0.007936488837003708, -0.0016067203832790256, 0.003945082426071167, -0.0006334497011266649, -0.9993215799331665], [0.02070654183626175, -0.008725561201572418, -0.006431937217712402, -0.002046513371169567, 0.004737943410873413, -0.0007099903305061162, -1.0014584064483643]]","[[0.026594214141368866, -0.008199233561754227, -0.005737803876399994, -0.0016438988968729973, 0.006929084658622742, -0.0013715361710637808, -1.0030057430267334], [0.009342916309833527, -0.007612388581037521, -0.00315885990858078, -0.0024997908622026443, 0.005508095026016235, -0.00039113700040616095, -0.9996877312660217], [0.013562925159931183, -0.005381740629673004, -0.00964142382144928, -0.0025691711343824863, 0.00711938738822937, -0.0005447471048682928, -1.0014480352401733], [0.02935454249382019, -0.008996967226266861, -0.008753109723329544, -0.001758965547196567, 0.006657510995864868, -0.0006689439178444445, -0.999514639377594], [0.004566796123981476, -0.008879676461219788, -0.007936488837003708, -0.0016067203832790256, 0.003945082426071167, -0.0006334497011266649, -0.9993215799331665], [0.02070654183626175, -0.008725561201572418, -0.006431937217712402, -0.002046513371169567, 0.004737943410873413, -0.0007099903305061162, -1.0014584064483643]]","[0.0009013330859170775, -0.0017804979226772825, 0.0008840633422822701, -0.001800339883145063, -0.0006249588414567631, 0.002420400219079934]","[0.0009013330859170775, -0.0017804979226772825, 0.0008840633422822701, -0.001800339883145063, -0.0006249588414567631, 0.002420400219079934]","[0.32610565423965454, 0.32754290103912354, 0.3268180787563324, 0.32774144411087036, 0.327766478061676, 0.3264790177345276]","[0.32610565423965454, 0.32754290103912354, 0.3268180787563324, 0.32774144411087036, 0.327766478061676, 0.3264790177345276]",4.0,4.0,6.0,6.0,086dfebd71040c3b8512d9e9cc25151dd95fdc19d68b60a3a990f563924cfbbb,086dfebd71040c3b8512d9e9cc25151dd95fdc19d68b60a3a990f563924cfbbb,5.0,4.0,0.0,True,0.0,True,0.0,True,True,True,True
Position,frozen_closed_loop__Position_y0p3,libero_object_temp,9,7,5470194,"[[0.02947915345430374, -0.011625085026025772, -0.011837761849164963, -0.0018300291849300265, 0.007655516266822815, -0.00113195541780442, -0.9998380541801453], [0.013065151870250702, -0.00743446871638298, -0.011156704276800156, -0.001115843653678894, 0.004546612501144409, -0.0007500452920794487, -1.001832365989685], [0.017042867839336395, -0.010596122592687607, -0.002783406525850296, -0.0014587931800633669, 0.004806607961654663, -0.0011655549751594663, -0.9999057650566101], [0.015045851469039917, -0.009497590363025665, -0.009083636105060577, -0.0014340747147798538, 0.0021957457065582275, -0.0004963198443874717, -1.0006701946258545], [0.013258606195449829, -0.007710177451372147, -0.007633678615093231, -0.0014012507162988186, 0.002617165446281433, -0.0007573160110041499, -1.001071810722351], [0.008991099894046783, -0.00894114375114441, -0.0076075829565525055, -0.0014318424509838223, 0.0032503455877304077, -0.000807439791969955, -1.0033689737319946]]","[[0.02947915345430374, -0.011625085026025772, -0.011837761849164963, -0.0018300291849300265, 0.007655516266822815, -0.00113195541780442, -0.9998380541801453], [0.013065151870250702, -0.00743446871638298, -0.011156704276800156, -0.001115843653678894, 0.004546612501144409, -0.0007500452920794487, -1.001832365989685], [0.017042867839336395, -0.010596122592687607, -0.002783406525850296, -0.0014587931800633669, 0.004806607961654663, -0.0011655549751594663, -0.9999057650566101], [0.015045851469039917, -0.009497590363025665, -0.009083636105060577, -0.0014340747147798538, 0.0021957457065582275, -0.0004963198443874717, -1.0006701946258545], [0.013258606195449829, -0.007710177451372147, -0.007633678615093231, -0.0014012507162988186, 0.002617165446281433, -0.0007573160110041499, -1.001071810722351], [0.008991099894046783, -0.00894114375114441, -0.0076075829565525055, -0.0014318424509838223, 0.0032503455877304077, -0.000807439791969955, -1.0033689737319946]]","[0.0015793521416127391, 0.0033349010433871553, -0.001983982119377779, -0.0018614597420058257, -0.002119769152097787, 0.001050957828481456]","[0.0015793521416127391, 0.0033349010433871553, -0.001983982119377779, -0.0018614597420058257, -0.002119769152097787, 0.001050957828481456]","[0.3246089220046997, 0.3248285949230194, 0.32707008719444275, 0.3256191909313202, 0.3265184760093689, 0.3253658413887024]","[0.3246089220046997, 0.3248285949230194, 0.32707008719444275, 0.3256191909313202, 0.3265184760093689, 0.3253658413887024]",2.0,2.0,6.0,6.0,086dfebd71040c3b8512d9e9cc25151dd95fdc19d68b60a3a990f563924cfbbb,086dfebd71040c3b8512d9e9cc25151dd95fdc19d68b60a3a990f563924cfbbb,1.0,2.0,0.0,True,0.0,True,0.0,True,True,True,True
Position,frozen_closed_loop__Position_y0p3,libero_object_temp,9,7,5470291,"[[0.008221752941608429, -0.008735395967960358, -0.01152707263827324, -0.0013949384447187185, 0.0018723160028457642, -0.0009074229747056961, -1.0016474723815918], [0.012520663440227509, -0.008637942373752594, -0.012915786355733871, -0.0018101957393810153, 0.004764720797538757, -0.0017549224430695176, -1.0049397945404053], [0.008671581745147705, -0.014430452138185501, -0.01069502905011177, -0.0018816802185028791, 0.004984930157661438, -0.0011172598460689187, -1.0050432682037354], [0.04525948315858841, -0.008662529289722443, -0.007295943796634674, -0.0012388327158987522, 0.005006119608879089, -0.0010249440092593431, -1.0042787790298462], [0.014592446386814117, -0.007892511785030365, -0.011403299868106842, -0.0017166457837447524, 0.008689194917678833, -0.0003531971597112715, -1.002298355102539], [0.010242238640785217, -0.0017538852989673615, -0.004094112664461136, -0.0012944175396114588, 0.004900753498077393, -0.0006552617996931076, -0.9972565174102783]]","[[0.008221752941608429, -0.008735395967960358, -0.01152707263827324, -0.0013949384447187185, 0.0018723160028457642, -0.0009074229747056961, -1.0016474723815918], [0.012520663440227509, -0.008637942373752594, -0.012915786355733871, -0.0018101957393810153, 0.004764720797538757, -0.0017549224430695176, -1.0049397945404053], [0.008671581745147705, -0.014430452138185501, -0.01069502905011177, -0.0018816802185028791, 0.004984930157661438, -0.0011172598460689187, -1.0050432682037354], [0.04525948315858841, -0.008662529289722443, -0.007295943796634674, -0.0012388327158987522, 0.005006119608879089, -0.0010249440092593431, -1.0042787790298462], [0.014592446386814117, -0.007892511785030365, -0.011403299868106842, -0.0017166457837447524, 0.008689194917678833, -0.0003531971597112715, -1.002298355102539], [0.010242238640785217, -0.0017538852989673615, -0.004094112664461136, -0.0012944175396114588, 0.004900753498077393, -0.0006552617996931076, -0.9972565174102783]]","[-0.001197773308256725, 0.0034987433657246037, 0.0013901623580317888, -0.002942917755219456, -0.00038282866976701983, -0.0003653859905132575]","[-0.001197773308256725, 0.0034987433657246037, 0.0013901623580317888, -0.002942917755219456, -0.00038282866976701983, -0.0003653859905132575]","[0.32558730244636536, 0.32351255416870117, 0.3248100280761719, 0.327958881855011, 0.32733049988746643, 0.3270074725151062]","[0.32558730244636536, 0.32351255416870117, 0.3248100280761719, 0.327958881855011, 0.32733049988746643, 0.3270074725151062]",3.0,3.0,6.0,6.0,086dfebd71040c3b8512d9e9cc25151dd95fdc19d68b60a3a990f563924cfbbb,086dfebd71040c3b8512d9e9cc25151dd95fdc19d68b60a3a990f563924cfbbb,1.0,3.0,0.0,True,0.0,True,0.0,True,True,True,True
Position,frozen_closed_loop__Position_y0p3,libero_object_temp,9,7,5470388,"[[0.030090585350990295, -0.008099768310785294, -0.006691496819257736, -0.0013616937212646008, 0.007320821285247803, -0.0006300126551650465, -1.0017852783203125], [0.018547698855400085, -0.0115157850086689, -0.009396225214004517, -0.0015908024506643414, 0.004550725221633911, -0.001098223845474422, -1.0008376836776733], [0.010650046169757843, -0.01108858734369278, -0.009978711605072021, -0.0014139484846964478, 0.005584895610809326, -0.00040570044075138867, -1.0029526948928833], [0.028413981199264526, -0.0090777687728405, -0.0009135715663433075, -0.0025805148761719465, 0.010123863816261292, -0.0011629550717771053, -1.0001311302185059], [0.024576522409915924, -0.008111279457807541, -0.010730903595685959, -0.0013849668903276324, 0.012948095798492432, -0.0006087953806854784, -1.0025873184204102], [-0.0017988122999668121, -0.010331589728593826, -0.014190450310707092, -0.00110815919470042, 0.0038914382457733154, -0.0005058819078840315, -1.000919222831726]]","[[0.030090585350990295, -0.008099768310785294, -0.006691496819257736, -0.0013616937212646008, 0.007320821285247803, -0.0006300126551650465, -1.0017852783203125], [0.018547698855400085, -0.0115157850086689, -0.009396225214004517, -0.0015908024506643414, 0.004550725221633911, -0.001098223845474422, -1.0008376836776733], [0.010650046169757843, -0.01108858734369278, -0.009978711605072021, -0.0014139484846964478, 0.005584895610809326, -0.00040570044075138867, -1.0029526948928833], [0.028413981199264526, -0.0090777687728405, -0.0009135715663433075, -0.0025805148761719465, 0.010123863816261292, -0.0011629550717771053, -1.0001311302185059], [0.024576522409915924, -0.008111279457807541, -0.010730903595685959, -0.0013849668903276324, 0.012948095798492432, -0.0006087953806854784, -1.0025873184204102], [-0.0017988122999668121, -0.010331589728593826, -0.014190450310707092, -0.00110815919470042, 0.0038914382457733154, -0.0005058819078840315, -1.000919222831726]]","[0.00010119657777977877, -0.002026882654299665, -0.00021389007206132783, -0.0021582574110679304, 0.0035932084267701475, 0.0007046251328789465]","[0.00010119657777977877, -0.002026882654299665, -0.00021389007206132783, -0.0021582574110679304, 0.0035932084267701475, 0.0007046251328789465]","[0.3262570798397064, 0.32641011476516724, 0.3270837068557739, 0.32704630494117737, 0.32476627826690674, 0.32656237483024597]","[0.3262570798397064, 0.32641011476516724, 0.3270837068557739, 0.32704630494117737, 0.32476627826690674, 0.32656237483024597]",2.0,2.0,6.0,6.0,086dfebd71040c3b8512d9e9cc25151dd95fdc19d68b60a3a990f563924cfbbb,086dfebd71040c3b8512d9e9cc25151dd95fdc19d68b60a3a990f563924cfbbb,4.0,2.0,0.0,True,0.0,True,0.0,True,True,True,True
Position,frozen_closed_loop__Position_y0p3,libero_object_temp,9,7,5470485,"[[0.019229985773563385, -0.011474043130874634, -0.006649810820817947, -0.0013515939936041832, 0.006994754076004028, -0.00042436193325556815, -1.000892996788025], [0.02720654010772705, -0.009403377771377563, -0.012786537408828735, -0.002251196186989546, 0.004812464118003845, -0.001284552039578557, -1.0003944635391235], [0.021585188806056976, -0.006694123148918152, -0.007193349301815033, -0.0012808048631995916, 0.0063982754945755005, -0.0006755536887794733, -1.0023201704025269], [0.025298260152339935, -0.010371319949626923, -0.008685216307640076, -0.001483950880356133, 0.0072555989027023315, -0.0012711563613265753, -1.0033420324325562], [8.650124073028564e-05, -0.012918133288621902, -0.01247132197022438, -0.002000845270231366, 0.006594568490982056, -0.0009235286852344871, -1.0020556449890137], [0.020733587443828583, -0.009268093854188919, -0.012562181800603867, -0.0018922921735793352, 0.004647865891456604, -0.001164365210570395, -1.0034409761428833]]","[[0.019229985773563385, -0.011474043130874634, -0.006649810820817947, -0.0013515939936041832, 0.006994754076004028, -0.00042436193325556815, -1.000892996788025], [0.02720654010772705, -0.009403377771377563, -0.012786537408828735, -0.002251196186989546, 0.004812464118003845, -0.001284552039578557, -1.0003944635391235], [0.021585188806056976, -0.006694123148918152, -0.007193349301815033, -0.0012808048631995916, 0.0063982754945755005, -0.0006755536887794733, -1.0023201704025269], [0.025298260152339935, -0.010371319949626923, -0.008685216307640076, -0.001483950880356133, 0.0072555989027023315, -0.0012711563613265753, -1.0033420324325562], [8.650124073028564e-05, -0.012918133288621902, -0.01247132197022438, -0.002000845270231366, 0.006594568490982056, -0.0009235286852344871, -1.0020556449890137], [0.020733587443828583, -0.009268093854188919, -0.012562181800603867, -0.0018922921735793352, 0.004647865891456604, -0.001164365210570395, -1.0034409761428833]]","[-0.0010943347262449043, 0.0009055455418920766, -0.002989194422717769, 0.0024084920564120442, 0.0005122098177359788, 0.0002572817329228273]","[-0.0010943347262449043, 0.0009055455418920766, -0.002989194422717769, 0.0024084920564120442, 0.0005122098177359788, 0.0002572817329228273]","[0.3258340358734131, 0.32586362957954407, 0.3266397714614868, 0.32481732964515686, 0.3249598741531372, 0.32502514123916626]","[0.3258340358734131, 0.32586362957954407, 0.3266397714614868, 0.32481732964515686, 0.3249598741531372, 0.32502514123916626]",2.0,2.0,6.0,6.0,086dfebd71040c3b8512d9e9cc25151dd95fdc19d68b60a3a990f563924cfbbb,086dfebd71040c3b8512d9e9cc25151dd95fdc19d68b60a3a990f563924cfbbb,3.0,2.0,0.0,True,0.0,True,0.0,True,True,True,True
Position,frozen_closed_loop__Position_y0p3,libero_object_temp,9,8,5480000,"[[0.03632538020610809, -0.005947519093751907, -0.002417284995317459, -0.0016026952071115375, 0.00712662935256958, -0.00034420794690959156, -1.0000650882720947], [0.029384717345237732, -0.008461251854896545, -0.008776187896728516, -0.0011671653483062983, 0.004178300499916077, -0.0006755536887794733, -1.0030635595321655], [0.01623116433620453, -0.0101475790143013, -0.0005676783621311188, -0.0016301216091960669, 0.0019143372774124146, -0.0008898190571926534, -1.0016149282455444], [0.030540525913238525, -0.007169879972934723, -0.009066648781299591, -0.0017525252187624574, 0.006504669785499573, -0.00042167396168224514, -1.00299870967865], [0.021785013377666473, -0.005517583340406418, -0.0005276128649711609, -0.0014281648909673095, 0.007540851831436157, -0.0002012615295825526, -1.0015653371810913], [0.018124692142009735, -0.008036680519580841, -0.005123745650053024, -0.0015450429636985064, 0.0021661967039108276, -0.0007611496839672327, -1.0009980201721191]]","[[0.03632538020610809, -0.005947519093751907, -0.002417284995317459, -0.0016026952071115375, 0.00712662935256958, -0.00034420794690959156, -1.0000650882720947], [0.029384717345237732, -0.008461251854896545, -0.008776187896728516, -0.0011671653483062983, 0.004178300499916077, -0.0006755536887794733, -1.0030635595321655], [0.01623116433620453, -0.0101475790143013, -0.0005676783621311188, -0.0016301216091960669, 0.0019143372774124146, -0.0008898190571926534, -1.0016149282455444], [0.030540525913238525, -0.007169879972934723, -0.009066648781299591, -0.0017525252187624574, 0.006504669785499573, -0.00042167396168224514, -1.00299870967865], [0.021785013377666473, -0.005517583340406418, -0.0005276128649711609, -0.0014281648909673095, 0.007540851831436157, -0.0002012615295825526, -1.0015653371810913], [0.018124692142009735, -0.008036680519580841, -0.005123745650053024, -0.0015450429636985064, 0.0021661967039108276, -0.0007611496839672327, -1.0009980201721191]]","[-0.001333365599517892, 0.003207412960758563, 7.599743355276033e-05, 0.00044628562135086284, -0.002531881854571118, 0.00013555143842677457]","[-0.001333365599517892, 0.003207412960758563, 7.599743355276033e-05, 0.00044628562135086284, -0.002531881854571118, 0.00013555143842677457]","[0.3276170492172241, 0.32600733637809753, 0.32771527767181396, 0.32779133319854736, 0.32873356342315674, 0.3283713459968567]","[0.3276170492172241, 0.32600733637809753, 0.32771527767181396, 0.32779133319854736, 0.32873356342315674, 0.3283713459968567]",4.0,4.0,6.0,6.0,086dfebd71040c3b8512d9e9cc25151dd95fdc19d68b60a3a990f563924cfbbb,086dfebd71040c3b8512d9e9cc25151dd95fdc19d68b60a3a990f563924cfbbb,1.0,4.0,0.0,True,0.0,True,0.0,True,True,True,True
Position,frozen_closed_loop__Position_y0p3,libero_object_temp,9,8,5480097,"[[0.031142011284828186, -0.004700012505054474, -0.0013994984328746796, -0.001834475202485919, 0.0031395256519317627, -0.0002551308134570718, -1.0007667541503906], [0.021209679543972015, -0.006738882511854172, -0.0001274608075618744, -0.001322228112258017, 0.0038335472345352173, -0.00037291619810275733, -1.0022820234298706], [0.02198740839958191, -0.00696597620844841, -0.007905587553977966, -0.0012845556484535336, 0.0023435354232788086, -0.0008044654387049377, -1.000594139099121], [0.012930482625961304, -0.008815973997116089, -0.007782429456710815, -0.0017289044335484505, 0.006017223000526428, -0.0007072583539411426, -1.0022963285446167], [0.031852126121520996, -0.0075370632112026215, 0.00014472752809524536, -0.0018099944572895765, 0.004947826266288757, -0.00025709171313792467, -1.0012047290802002], [0.025179237127304077, -0.005748197436332703, -0.003283582627773285, -0.0013605044223368168, 0.0034001916646957397, -0.00042429580935277045, -1.0018545389175415]]","[[0.031142011284828186, -0.004700012505054474, -0.0013994984328746796, -0.001834475202485919, 0.0031395256519317627, -0.0002551308134570718, -1.0007667541503906], [0.021209679543972015, -0.006738882511854172, -0.0001274608075618744, -0.001322228112258017, 0.0038335472345352173, -0.00037291619810275733, -1.0022820234298706], [0.02198740839958191, -0.00696597620844841, -0.007905587553977966, -0.0012845556484535336, 0.0023435354232788086, -0.0008044654387049377, -1.000594139099121], [0.012930482625961304, -0.008815973997116089, -0.007782429456710815, -0.0017289044335484505, 0.006017223000526428, -0.0007072583539411426, -1.0022963285446167], [0.031852126121520996, -0.0075370632112026215, 0.00014472752809524536, -0.0018099944572895765, 0.004947826266288757, -0.00025709171313792467, -1.0012047290802002], [0.025179237127304077, -0.005748197436332703, -0.003283582627773285, -0.0013605044223368168, 0.0034001916646957397, -0.00042429580935277045, -1.0018545389175415]]","[-0.0037561657189408627, 0.002411647595654244, 0.0014797255531468283, 0.0026968886215317824, -0.0005788616343291321, -0.002253234417063105]","[-0.0037561657189408627, 0.002411647595654244, 0.0014797255531468283, 0.0026968886215317824, -0.0005788616343291321, -0.002253234417063105]","[0.3283289074897766, 0.3264967203140259, 0.3274419903755188, 0.3273218274116516, 0.32700854539871216, 0.3278583586215973]","[0.3283289074897766, 0.3264967203140259, 0.3274419903755188, 0.3273218274116516, 0.32700854539871216, 0.3278583586215973]",0.0,0.0,6.0,6.0,086dfebd71040c3b8512d9e9cc25151dd95fdc19d68b60a3a990f563924cfbbb,086dfebd71040c3b8512d9e9cc25151dd95fdc19d68b60a3a990f563924cfbbb,3.0,0.0,0.0,True,0.0,True,0.0,True,True,True,True
Position,frozen_closed_loop__Position_y0p3,libero_object_temp,9,8,5480194,"[[0.024625137448310852, -0.006150584667921066, -0.008472651243209839, -0.0010845566866919398, 0.0025955289602279663, 1.674937993811909e-05, -1.0007685422897339], [0.005467012524604797, -0.0038271211087703705, -0.008212421089410782, -0.00125121942255646, 0.0010457038879394531, -0.0003244228137191385, -1.0024535655975342], [0.01978151500225067, -0.005782898515462875, -0.0051165372133255005, -0.0009905309416353703, 0.001526176929473877, -0.0005662066978402436, -1.0038455724716187], [0.00538364052772522, -0.00837838277220726, -0.007637254893779755, -0.0015976636204868555, 0.0004445314407348633, -0.0003773006610572338, -1.00137197971344], [0.026018768548965454, -0.007710792124271393, -0.0028716959059238434, -0.0018292241729795933, 0.00592920184135437, -0.0007311414810828865, -1.001734972000122], [0.006363876163959503, -0.005221813917160034, -0.0034319981932640076, -0.001673392835073173, 0.006221026182174683, 1.4788493899686728e-05, -1.0027687549591064]]","[[0.024625137448310852, -0.006150584667921066, -0.008472651243209839, -0.0010845566866919398, 0.0025955289602279663, 1.674937993811909e-05, -1.0007685422897339], [0.005467012524604797, -0.0038271211087703705, -0.008212421089410782, -0.00125121942255646, 0.0010457038879394531, -0.0003244228137191385, -1.0024535655975342], [0.01978151500225067, -0.005782898515462875, -0.0051165372133255005, -0.0009905309416353703, 0.001526176929473877, -0.0005662066978402436, -1.0038455724716187], [0.00538364052772522, -0.00837838277220726, -0.007637254893779755, -0.0015976636204868555, 0.0004445314407348633, -0.0003773006610572338, -1.00137197971344], [0.026018768548965454, -0.007710792124271393, -0.0028716959059238434, -0.0018292241729795933, 0.00592920184135437, -0.0007311414810828865, -1.001734972000122], [0.006363876163959503, -0.005221813917160034, -0.0034319981932640076, -0.001673392835073173, 0.006221026182174683, 1.4788493899686728e-05, -1.0027687549591064]]","[-0.0029123474328862455, 0.0009579044301646022, 0.0012913918598985398, 0.002728752650391115, 3.8905177634950255e-05, -0.0021046066852028317]","[-0.0029123474328862455, 0.0009579044301646022, 0.0012913918598985398, 0.002728752650391115, 3.8905177634950255e-05, -0.0021046066852028317]","[0.327701210975647, 0.3264942765235901, 0.32706910371780396, 0.32732391357421875, 0.32660818099975586, 0.3284769356250763]","[0.327701210975647, 0.3264942765235901, 0.32706910371780396, 0.32732391357421875, 0.32660818099975586, 0.3284769356250763]",5.0,5.0,6.0,6.0,086dfebd71040c3b8512d9e9cc25151dd95fdc19d68b60a3a990f563924cfbbb,086dfebd71040c3b8512d9e9cc25151dd95fdc19d68b60a3a990f563924cfbbb,3.0,5.0,0.0,True,0.0,True,0.0,True,True,True,True
Position,frozen_closed_loop__Position_y0p3,libero_object_temp,9,8,5480291,"[[0.023820362985134125, -0.008279308676719666, -0.0033646076917648315, -0.0018668783595785499, 0.0013317614793777466, -0.0004043564840685576, -1.0018088817596436], [0.025533735752105713, -0.005824863910675049, -0.003332924097776413, -0.0014943249989300966, 0.0036601871252059937, 7.79114052420482e-05, -1.0031540393829346], [0.026271454989910126, -0.007229950278997421, -0.0005757249891757965, -0.0019375210395082831, 0.005640015006065369, -0.0011429496807977557, -1.0037107467651367], [0.030948221683502197, -0.008158553391695023, -0.008946508169174194, -0.001767290523275733, 0.00445711612701416, -0.0012277745408937335, -1.0030020475387573], [0.009996145963668823, -0.0033354945480823517, -0.015649739652872086, -0.0006790331099182367, 0.0006633549928665161, -0.0007696101092733443, -1.0032451152801514], [0.012666508555412292, -0.007903911173343658, -0.006988663226366043, -0.0010210128966718912, 0.0037518739700317383, -0.0005173608078621328, -1.0004347562789917]]","[[0.023820362985134125, -0.008279308676719666, -0.0033646076917648315, -0.0018668783595785499, 0.0013317614793777466, -0.0004043564840685576, -1.0018088817596436], [0.025533735752105713, -0.005824863910675049, -0.003332924097776413, -0.0014943249989300966, 0.0036601871252059937, 7.79114052420482e-05, -1.0031540393829346], [0.026271454989910126, -0.007229950278997421, -0.0005757249891757965, -0.0019375210395082831, 0.005640015006065369, -0.0011429496807977557, -1.0037107467651367], [0.030948221683502197, -0.008158553391695023, -0.008946508169174194, -0.001767290523275733, 0.00445711612701416, -0.0012277745408937335, -1.0030020475387573], [0.009996145963668823, -0.0033354945480823517, -0.015649739652872086, -0.0006790331099182367, 0.0006633549928665161, -0.0007696101092733443, -1.0032451152801514], [0.012666508555412292, -0.007903911173343658, -0.006988663226366043, -0.0010210128966718912, 0.0037518739700317383, -0.0005173608078621328, -1.0004347562789917]]","[-0.0030678482569535437, -0.0005431752277238625, -0.0014030894611441378, 0.0003358748459987631, 0.0034904931700805264, 0.0011877449297423295]","[-0.0030678482569535437, -0.0005431752277238625, -0.0014030894611441378, 0.0003358748459987631, 0.0034904931700805264, 0.0011877449297423295]","[0.32831740379333496, 0.32838356494903564, 0.3270624279975891, 0.3268958330154419, 0.3254503309726715, 0.32727736234664917]","[0.32831740379333496, 0.32838356494903564, 0.3270624279975891, 0.3268958330154419, 0.3254503309726715, 0.32727736234664917]",1.0,1.0,6.0,6.0,086dfebd71040c3b8512d9e9cc25151dd95fdc19d68b60a3a990f563924cfbbb,086dfebd71040c3b8512d9e9cc25151dd95fdc19d68b60a3a990f563924cfbbb,4.0,1.0,0.0,True,0.0,True,0.0,True,True,True,True
Position,frozen_closed_loop__Position_y0p3,libero_object_temp,9,8,5480388,"[[0.028820224106311798, -0.006207190454006195, -0.014783665537834167, -0.0014580613933503628, 0.0018382072448730469, -0.0007477098843082786, -1.0014249086380005], [0.022038482129573822, -0.0065580010414123535, -0.004613623023033142, -0.0018424891168251634, 0.002014338970184326, -0.0009088550577871501, -0.9993406534194946], [0.016667023301124573, -0.003999453037977219, -0.004193466156721115, -0.002011768287047744, 0.0016352981328964233, 2.1067737179691903e-05, -1.0012348890304565], [0.020929723978042603, -0.0075644440948963165, -0.007960963994264603, -0.0013056515017524362, 0.0005334019660949707, 0.0002649667439982295, -1.0004432201385498], [0.019351355731487274, -0.009307600557804108, -0.006828289479017258, -0.0019030687399208546, 0.0016585886478424072, -0.00035346156801097095, -0.9978128671646118], [0.016202889382839203, -0.006144661456346512, -0.011928007006645203, -0.0016569625586271286, 0.0007848143577575684, -0.00025951527641154826, -1.0002970695495605]]","[[0.028820224106311798, -0.006207190454006195, -0.014783665537834167, -0.0014580613933503628, 0.0018382072448730469, -0.0007477098843082786, -1.0014249086380005], [0.022038482129573822, -0.0065580010414123535, -0.004613623023033142, -0.0018424891168251634, 0.002014338970184326, -0.0009088550577871501, -0.9993406534194946], [0.016667023301124573, -0.003999453037977219, -0.004193466156721115, -0.002011768287047744, 0.0016352981328964233, 2.1067737179691903e-05, -1.0012348890304565], [0.020929723978042603, -0.0075644440948963165, -0.007960963994264603, -0.0013056515017524362, 0.0005334019660949707, 0.0002649667439982295, -1.0004432201385498], [0.019351355731487274, -0.009307600557804108, -0.006828289479017258, -0.0019030687399208546, 0.0016585886478424072, -0.00035346156801097095, -0.9978128671646118], [0.016202889382839203, -0.006144661456346512, -0.011928007006645203, -0.0016569625586271286, 0.0007848143577575684, -0.00025951527641154826, -1.0002970695495605]]","[-0.002291320250510522, 0.0011152621074014524, -0.0010727228125423584, 0.002596421953995318, -0.003835587324865509, 0.0034879463265215507]","[-0.002291320250510522, 0.0011152621074014524, -0.0010727228125423584, 0.002596421953995318, -0.003835587324865509, 0.0034879463265215507]","[0.32800596952438354, 0.3260639011859894, 0.3277609348297119, 0.32724982500076294, 0.32934704422950745, 0.327045202255249]","[0.32800596952438354, 0.3260639011859894, 0.3277609348297119, 0.32724982500076294, 0.32934704422950745, 0.327045202255249]",4.0,4.0,6.0,6.0,086dfebd71040c3b8512d9e9cc25151dd95fdc19d68b60a3a990f563924cfbbb,086dfebd71040c3b8512d9e9cc25151dd95fdc19d68b60a3a990f563924cfbbb,5.0,4.0,0.0,True,0.0,True,0.0,True,True,True,True
Position,frozen_closed_loop__Position_y0p3,libero_object_temp,9,8,5480485,"[[0.06363563239574432, -0.0033554434776306152, -0.002378839999437332, -0.0019805545452982187, 0.005139380693435669, -0.00023444237012881786, -1.0010274648666382], [0.010549351572990417, -0.0073220394551754, -0.00819699838757515, -0.0016940678469836712, 0.0033761411905288696, -0.00030397670343518257, -1.000899076461792], [0.03878507763147354, -0.006477199494838715, -0.005055572837591171, -0.0016323172021657228, 0.0010233521461486816, -0.00022664287826046348, -1.0015393495559692], [0.022627785801887512, -0.00407729297876358, -0.006040167063474655, -0.001980298198759556, 0.0030179768800735474, -0.00013227798626758158, -1.0018527507781982], [0.00973440706729889, -0.010360199958086014, -0.00647619366645813, -0.001713114557787776, 0.0025236010551452637, -8.036957297008485e-05, -1.0014079809188843], [0.017465651035308838, -0.002036411315202713, -0.0028357096016407013, -0.0014594702515751123, 0.0014042258262634277, -3.518105950206518e-05, -1.002088189125061]]","[[0.06363563239574432, -0.0033554434776306152, -0.002378839999437332, -0.0019805545452982187, 0.005139380693435669, -0.00023444237012881786, -1.0010274648666382], [0.010549351572990417, -0.0073220394551754, -0.00819699838757515, -0.0016940678469836712, 0.0033761411905288696, -0.00030397670343518257, -1.000899076461792], [0.03878507763147354, -0.006477199494838715, -0.005055572837591171, -0.0016323172021657228, 0.0010233521461486816, -0.00022664287826046348, -1.0015393495559692], [0.022627785801887512, -0.00407729297876358, -0.006040167063474655, -0.001980298198759556, 0.0030179768800735474, -0.00013227798626758158, -1.0018527507781982], [0.00973440706729889, -0.010360199958086014, -0.00647619366645813, -0.001713114557787776, 0.0025236010551452637, -8.036957297008485e-05, -1.0014079809188843], [0.017465651035308838, -0.002036411315202713, -0.0028357096016407013, -0.0014594702515751123, 0.0014042258262634277, -3.518105950206518e-05, -1.002088189125061]]","[0.0015393236410090622, 0.0029011942484138127, -0.002026498882225859, -0.000277902138106767, 0.0007446652729061534, -0.00288078214199635]","[0.0015393236410090622, 0.0029011942484138127, -0.002026498882225859, -0.000277902138106767, 0.0007446652729061534, -0.00288078214199635]","[0.32788020372390747, 0.3278244733810425, 0.32927483320236206, 0.3267456591129303, 0.3279803395271301, 0.32807350158691406]","[0.32788020372390747, 0.3278244733810425, 0.32927483320236206, 0.3267456591129303, 0.3279803395271301, 0.32807350158691406]",2.0,2.0,6.0,6.0,086dfebd71040c3b8512d9e9cc25151dd95fdc19d68b60a3a990f563924cfbbb,086dfebd71040c3b8512d9e9cc25151dd95fdc19d68b60a3a990f563924cfbbb,1.0,2.0,0.0,True,0.0,True,0.0,True,True,True,True
Position,frozen_closed_loop__Position_y0p3,libero_object_temp,9,9,5490000,"[[0.020716488361358643, -0.0016621872782707214, -0.009805876761674881, -0.0009947025682777166, 7.925927639007568e-05, 0.00011029907909687608, -1.0007622241973877], [0.02165481448173523, -0.0053218938410282135, -0.006277710199356079, -0.0021360747050493956, 0.0020957887172698975, -0.0003836019313894212, -1.0053232908248901], [0.024774670600891113, -0.004492253065109253, -0.0035894103348255157, -0.002247244119644165, 0.0012607723474502563, -0.00036348632420413196, -1.0003715753555298], [0.01651603728532791, -0.008280538022518158, -0.00015210360288619995, -0.0016984042013064027, 0.00023066997528076172, 0.00017833523452281952, -1.0031523704528809], [0.02751968801021576, -0.006694737821817398, -0.007632449269294739, -0.0007770474185235798, -0.0006389692425727844, -0.0005726622184738517, -1.003150463104248], [0.033356621861457825, -0.003668535500764847, -0.0015960261225700378, -0.002006279304623604, 0.0019888579845428467, -4.9524172936799005e-05, -1.0024147033691406]]","[[0.020716488361358643, -0.0016621872782707214, -0.009805876761674881, -0.0009947025682777166, 7.925927639007568e-05, 0.00011029907909687608, -1.0007622241973877], [0.02165481448173523, -0.0053218938410282135, -0.006277710199356079, -0.0021360747050493956, 0.0020957887172698975, -0.0003836019313894212, -1.0053232908248901], [0.024774670600891113, -0.004492253065109253, -0.0035894103348255157, -0.002247244119644165, 0.0012607723474502563, -0.00036348632420413196, -1.0003715753555298], [0.01651603728532791, -0.008280538022518158, -0.00015210360288619995, -0.0016984042013064027, 0.00023066997528076172, 0.00017833523452281952, -1.0031523704528809], [0.02751968801021576, -0.006694737821817398, -0.007632449269294739, -0.0007770474185235798, -0.0006389692425727844, -0.0005726622184738517, -1.003150463104248], [0.033356621861457825, -0.003668535500764847, -0.0015960261225700378, -0.002006279304623604, 0.0019888579845428467, -4.9524172936799005e-05, -1.0024147033691406]]","[-0.0035561946398462684, -0.0010087345698863495, 0.00015343649412928465, 0.0018462066974528728, 0.002905056702252955, -0.00033977068410240914]","[-0.0035561946398462684, -0.0010087345698863495, 0.00015343649412928465, 0.0018462066974528728, 0.002905056702252955, -0.00033977068410240914]","[0.3287216126918793, 0.32688799500465393, 0.32858651876449585, 0.3253939151763916, 0.3256129026412964, 0.3266758620738983]","[0.3287216126918793, 0.32688799500465393, 0.32858651876449585, 0.3253939151763916, 0.3256129026412964, 0.3266758620738983]",0.0,0.0,6.0,6.0,086dfebd71040c3b8512d9e9cc25151dd95fdc19d68b60a3a990f563924cfbbb,086dfebd71040c3b8512d9e9cc25151dd95fdc19d68b60a3a990f563924cfbbb,4.0,0.0,0.0,True,0.0,True,0.0,True,True,True,True
Position,frozen_closed_loop__Position_y0p3,libero_object_temp,9,9,5490097,"[[0.012517645955085754, -0.0068668462336063385, -0.005382131785154343, -0.002001778455451131, 0.0016258656978607178, -0.00017550561460666358, -1.0045433044433594], [0.022788718342781067, -0.003989953547716141, -0.001803617924451828, -0.0009383127326145768, -0.001254156231880188, -0.00040091940900310874, -0.998794674873352], [0.009557381272315979, -0.008253157138824463, -0.01260923221707344, -0.0012582087656483054, -0.0015594139695167542, -0.00033473398070782423, -1.0023894309997559], [0.02415742725133896, -0.005786195397377014, -0.00018971040844917297, -0.0020437140483409166, 0.0016189813613891602, 0.00019303086446598172, -0.9995487332344055], [0.010131262242794037, -0.007093492895364761, -0.00898115336894989, -0.0010370955569669604, -0.0012046918272972107, -0.00048757297918200493, -0.9992324709892273], [0.015405826270580292, -0.00786367803812027, -0.011408999562263489, -0.0016680503031238914, -0.0005095973610877991, -0.0007810670067556202, -1.0048185586929321]]","[[0.012517645955085754, -0.0068668462336063385, -0.005382131785154343, -0.002001778455451131, 0.0016258656978607178, -0.00017550561460666358, -1.0045433044433594], [0.022788718342781067, -0.003989953547716141, -0.001803617924451828, -0.0009383127326145768, -0.001254156231880188, -0.00040091940900310874, -0.998794674873352], [0.009557381272315979, -0.008253157138824463, -0.01260923221707344, -0.0012582087656483054, -0.0015594139695167542, -0.00033473398070782423, -1.0023894309997559], [0.02415742725133896, -0.005786195397377014, -0.00018971040844917297, -0.0020437140483409166, 0.0016189813613891602, 0.00019303086446598172, -0.9995487332344055], [0.010131262242794037, -0.007093492895364761, -0.00898115336894989, -0.0010370955569669604, -0.0012046918272972107, -0.00048757297918200493, -0.9992324709892273], [0.015405826270580292, -0.00786367803812027, -0.011408999562263489, -0.0016680503031238914, -0.0005095973610877991, -0.0007810670067556202, -1.0048185586929321]]","[-0.0003430002045007633, -0.0034134070284090037, 0.002315938073398478, -0.0016948682183526127, -0.0011591202030463812, 0.0042944575809101175]","[-0.0003430002045007633, -0.0034134070284090037, 0.002315938073398478, -0.0016948682183526127, -0.0011591202030463812, 0.0042944575809101175]","[0.32743436098098755, 0.3274677097797394, 0.32631152868270874, 0.32669001817703247, 0.32734349370002747, 0.32650959491729736]","[0.32743436098098755, 0.3274677097797394, 0.32631152868270874, 0.32669001817703247, 0.32734349370002747, 0.32650959491729736]",1.0,1.0,6.0,6.0,086dfebd71040c3b8512d9e9cc25151dd95fdc19d68b60a3a990f563924cfbbb,086dfebd71040c3b8512d9e9cc25151dd95fdc19d68b60a3a990f563924cfbbb,5.0,1.0,0.0,True,0.0,True,0.0,True,True,True,True
Position,frozen_closed_loop__Position_y0p3,libero_object_temp,9,9,5490194,"[[0.03386545926332474, -0.006578341126441956, 0.0019669532775878906, -0.00187593512237072, 0.0011549144983291626, -0.0004051055875606835, -1.0014817714691162], [0.023896805942058563, -0.007220171391963959, -0.009560119360685349, -0.0010124867549166083, -0.0004474148154258728, 6.125489016994834e-05, -0.9996951818466187], [0.02594243735074997, -0.00990249216556549, -0.0025722384452819824, -0.0017862273380160332, 0.0018891692161560059, -0.0004692860529758036, -1.0020298957824707], [0.007853060960769653, -0.00723252072930336, -0.0032245181500911713, -0.0012312396429479122, 0.0031307190656661987, -0.00021595715952571481, -1.000183343887329], [0.030716322362422943, -0.010479111224412918, -0.0092393159866333, -0.0014663496986031532, 0.002579614520072937, -0.0008017334039323032, -1.0010074377059937], [0.015359781682491302, -0.0057091377675533295, -0.0071953050792217255, -0.002056594705209136, 0.0013515204191207886, -0.00027253644657321274, -0.9998902082443237]]","[[0.03386545926332474, -0.006578341126441956, 0.0019669532775878906, -0.00187593512237072, 0.0011549144983291626, -0.0004051055875606835, -1.0014817714691162], [0.023896805942058563, -0.007220171391963959, -0.009560119360685349, -0.0010124867549166083, -0.0004474148154258728, 6.125489016994834e-05, -0.9996951818466187], [0.02594243735074997, -0.00990249216556549, -0.0025722384452819824, -0.0017862273380160332, 0.0018891692161560059, -0.0004692860529758036, -1.0020298957824707], [0.007853060960769653, -0.00723252072930336, -0.0032245181500911713, -0.0012312396429479122, 0.0031307190656661987, -0.00021595715952571481, -1.000183343887329], [0.030716322362422943, -0.010479111224412918, -0.0092393159866333, -0.0014663496986031532, 0.002579614520072937, -0.0008017334039323032, -1.0010074377059937], [0.015359781682491302, -0.0057091377675533295, -0.0071953050792217255, -0.002056594705209136, 0.0013515204191207886, -0.00027253644657321274, -0.9998902082443237]]","[-0.0045998959319719125, -0.0020197703605248354, 0.006272161997861489, 0.0025919895213401094, -0.002094097525371264, -0.0001503877013336024]","[-0.0045998959319719125, -0.0020197703605248354, 0.006272161997861489, 0.0025919895213401094, -0.002094097525371264, -0.0001503877013336024]","[0.32735902070999146, 0.3275960385799408, 0.3254847526550293, 0.3274081349372864, 0.3272821307182312, 0.3256235420703888]","[0.32735902070999146, 0.3275960385799408, 0.3254847526550293, 0.3274081349372864, 0.3272821307182312, 0.3256235420703888]",1.0,1.0,6.0,6.0,086dfebd71040c3b8512d9e9cc25151dd95fdc19d68b60a3a990f563924cfbbb,086dfebd71040c3b8512d9e9cc25151dd95fdc19d68b60a3a990f563924cfbbb,2.0,1.0,0.0,True,0.0,True,0.0,True,True,True,True
Position,frozen_closed_loop__Position_y0p3,libero_object_temp,9,9,5490291,"[[0.007318966090679169, -0.008465833961963654, -0.006600525230169296, -0.0008426586864516139, 0.0009275078773498535, -0.00030818491359241307, -1.0040420293807983], [0.021893754601478577, -0.008551888167858124, -0.00897260382771492, -0.0013700552517548203, -3.732740879058838e-05, -0.0003451333031989634, -1.0031747817993164], [0.01864202320575714, -0.008412189781665802, -0.007384791970252991, -0.0019775538239628077, -0.0004747733473777771, -0.0003471162053756416, -1.0033915042877197], [0.008760876953601837, -0.007690396159887314, -0.010718777775764465, -0.0006976955337449908, 0.0010780245065689087, -0.0005454741767607629, -1.000617504119873], [0.011066347360610962, -0.007672570645809174, -0.012745298445224762, -0.0008595097460784018, -0.0005684718489646912, -5.194920959183946e-06, -1.0021884441375732], [0.023865625262260437, -0.005926173180341721, -0.008784011006355286, -0.0014105819864198565, -0.0008617490530014038, 0.00014057164662517607, -1.0035587549209595]]","[[0.007318966090679169, -0.008465833961963654, -0.006600525230169296, -0.0008426586864516139, 0.0009275078773498535, -0.00030818491359241307, -1.0040420293807983], [0.021893754601478577, -0.008551888167858124, -0.00897260382771492, -0.0013700552517548203, -3.732740879058838e-05, -0.0003451333031989634, -1.0031747817993164], [0.01864202320575714, -0.008412189781665802, -0.007384791970252991, -0.0019775538239628077, -0.0004747733473777771, -0.0003471162053756416, -1.0033915042877197], [0.008760876953601837, -0.007690396159887314, -0.010718777775764465, -0.0006976955337449908, 0.0010780245065689087, -0.0005454741767607629, -1.000617504119873], [0.011066347360610962, -0.007672570645809174, -0.012745298445224762, -0.0008595097460784018, -0.0005684718489646912, -5.194920959183946e-06, -1.0021884441375732], [0.023865625262260437, -0.005926173180341721, -0.008784011006355286, -0.0014105819864198565, -0.0008617490530014038, 0.00014057164662517607, -1.0035587549209595]]","[0.000940262361115005, -0.0013264532953429686, 0.0031105972163508657, -0.0013090693192997866, 0.001306594165153557, -0.0027219311279764002]","[0.000940262361115005, -0.0013264532953429686, 0.0031105972163508657, -0.0013090693192997866, 0.001306594165153557, -0.0027219311279764002]","[0.32695090770721436, 0.32741522789001465, 0.32752498984336853, 0.3279576599597931, 0.3269842863082886, 0.32700514793395996]","[0.32695090770721436, 0.32741522789001465, 0.32752498984336853, 0.3279576599597931, 0.3269842863082886, 0.32700514793395996]",3.0,3.0,6.0,6.0,086dfebd71040c3b8512d9e9cc25151dd95fdc19d68b60a3a990f563924cfbbb,086dfebd71040c3b8512d9e9cc25151dd95fdc19d68b60a3a990f563924cfbbb,2.0,3.0,0.0,True,0.0,True,0.0,True,True,True,True
Position,frozen_closed_loop__Position_y0p3,libero_object_temp,9,9,5490388,"[[0.015356093645095825, -0.007539857178926468, -0.013549122959375381, -0.002295638434588909, 0.0018542110919952393, 0.00013867685629520565, -1.0038583278656006], [0.012591741979122162, -0.008459743112325668, -0.015894323587417603, -0.001396731473505497, 0.00017099082469940186, 0.0006851472426205873, -1.0019911527633667], [0.027514547109603882, -0.009782295674085617, -0.008043944835662842, -0.0011949028121307492, 0.0015051662921905518, -0.0006477267015725374, -1.0022343397140503], [0.016690045595169067, -0.009277760982513428, -0.007305443286895752, -0.0010327226482331753, -0.0007611215114593506, -0.00038465947727672756, -1.0013936758041382], [0.016178414225578308, -0.004902631044387817, -0.011791884899139404, -0.0021485162433236837, 0.0003216862678527832, 2.0302445591369178e-07, -1.002794623374939], [0.01203104853630066, -0.010300017893314362, -0.007558632642030716, -0.0016204793937504292, -0.0007782429456710815, -0.0005839428049512208, -1.0033715963363647]]","[[0.015356093645095825, -0.007539857178926468, -0.013549122959375381, -0.002295638434588909, 0.0018542110919952393, 0.00013867685629520565, -1.0038583278656006], [0.012591741979122162, -0.008459743112325668, -0.015894323587417603, -0.001396731473505497, 0.00017099082469940186, 0.0006851472426205873, -1.0019911527633667], [0.027514547109603882, -0.009782295674085617, -0.008043944835662842, -0.0011949028121307492, 0.0015051662921905518, -0.0006477267015725374, -1.0022343397140503], [0.016690045595169067, -0.009277760982513428, -0.007305443286895752, -0.0010327226482331753, -0.0007611215114593506, -0.00038465947727672756, -1.0013936758041382], [0.016178414225578308, -0.004902631044387817, -0.011791884899139404, -0.0021485162433236837, 0.0003216862678527832, 2.0302445591369178e-07, -1.002794623374939], [0.01203104853630066, -0.010300017893314362, -0.007558632642030716, -0.0016204793937504292, -0.0007782429456710815, -0.0005839428049512208, -1.0033715963363647]]","[-0.0018856570800319106, 0.000988706530904509, -0.002210242925218695, 0.0005476837395000647, -0.0017104756697500383, 0.004269985404596197]","[-0.0018856570800319106, 0.000988706530904509, -0.002210242925218695, 0.0005476837395000647, -0.0017104756697500383, 0.004269985404596197]","[0.327256441116333, 0.32625824213027954, 0.32683539390563965, 0.32662642002105713, 0.327361524105072, 0.3257182836532593]","[0.327256441116333, 0.32625824213027954, 0.32683539390563965, 0.32662642002105713, 0.327361524105072, 0.3257182836532593]",4.0,4.0,6.0,6.0,086dfebd71040c3b8512d9e9cc25151dd95fdc19d68b60a3a990f563924cfbbb,086dfebd71040c3b8512d9e9cc25151dd95fdc19d68b60a3a990f563924cfbbb,5.0,4.0,0.0,True,0.0,True,0.0,True,True,True,True
Position,frozen_closed_loop__Position_y0p3,libero_object_temp,9,9,5490485,"[[0.013250671327114105, -0.006581246852874756, -0.01863168552517891, -0.0010839345632120967, 0.0005860626697540283, -0.0005071377381682396, -1.0007823705673218], [0.025719590485095978, -0.003728717565536499, 0.0024993717670440674, -0.0015034732641652226, 0.001388266682624817, -0.0004156811337452382, -1.0006790161132812], [0.017651841044425964, -0.009562578052282333, -0.011092331260442734, -0.0008798371418379247, -0.0002777203917503357, -0.0008030112949199975, -1.005129337310791], [0.017703808844089508, -0.005256570875644684, -0.0006461329758167267, -0.002092840149998665, 0.00028762221336364746, 0.0002066909655695781, -1.0014339685440063], [0.018466897308826447, -0.007118247449398041, -0.0029265135526657104, -0.0017559283878654242, 0.0009054690599441528, -0.0005443725967779756, -1.0024354457855225], [0.008227787911891937, -0.011478736996650696, -0.004589147865772247, -0.001590473111718893, -0.0005351901054382324, 5.757547478424385e-05, -0.9981738924980164]]","[[0.013250671327114105, -0.006581246852874756, -0.01863168552517891, -0.0010839345632120967, 0.0005860626697540283, -0.0005071377381682396, -1.0007823705673218], [0.025719590485095978, -0.003728717565536499, 0.0024993717670440674, -0.0015034732641652226, 0.001388266682624817, -0.0004156811337452382, -1.0006790161132812], [0.017651841044425964, -0.009562578052282333, -0.011092331260442734, -0.0008798371418379247, -0.0002777203917503357, -0.0008030112949199975, -1.005129337310791], [0.017703808844089508, -0.005256570875644684, -0.0006461329758167267, -0.002092840149998665, 0.00028762221336364746, 0.0002066909655695781, -1.0014339685440063], [0.018466897308826447, -0.007118247449398041, -0.0029265135526657104, -0.0017559283878654242, 0.0009054690599441528, -0.0005443725967779756, -1.0024354457855225], [0.008227787911891937, -0.011478736996650696, -0.004589147865772247, -0.001590473111718893, -0.0005351901054382324, 5.757547478424385e-05, -0.9981738924980164]]","[0.005642113297356077, 2.065639617995275e-06, 0.0034866512559299577, -0.0029299862529029662, -0.0028543816804743587, -0.0033464622595268654]","[0.005642113297356077, 2.065639617995275e-06, 0.0034866512559299577, -0.0029299862529029662, -0.0028543816804743587, -0.0033464622595268654]","[0.32703158259391785, 0.32867497205734253, 0.3272751569747925, 0.32870709896087646, 0.3276844322681427, 0.3276815414428711]","[0.32703158259391785, 0.32867497205734253, 0.3272751569747925, 0.32870709896087646, 0.3276844322681427, 0.3276815414428711]",3.0,3.0,6.0,6.0,086dfebd71040c3b8512d9e9cc25151dd95fdc19d68b60a3a990f563924cfbbb,086dfebd71040c3b8512d9e9cc25151dd95fdc19d68b60a3a990f563924cfbbb,0.0,3.0,0.0,True,0.0,True,0.0,True,True,True,True
