suite,task_id,episode_id,pair_id,rollout_id,rollout_seed,init_state_id,base_seed,query_idx,t,task_description,task_level,task_level_id,intervention_mode,intervention_start_t,intervention_end_t,intervention_start_query,intervention_end_query,num_samples,action_std_mean,action_std_max,action_first_step_l2_std,action_xyz_std_mean,action_rot_std_mean,action_gripper_std_mean,action_pairwise_l2_mean,value_mean,value_std,value_range,future_proprio_std_mean,future_proprio_std_max,future_image_pixel_std_mean,future_image_pixel_std_p95,future_image_pixel_std_max,future_wrist_pixel_std_mean,future_wrist_pixel_std_p95,future_wrist_pixel_std_max,latent_action_across_seed_std_mean,latent_action_across_seed_std_p95,latent_action_across_seed_std_max,latent_future_proprio_across_seed_std_mean,latent_future_proprio_across_seed_std_p95,latent_future_proprio_across_seed_std_max,latent_value_across_seed_std_mean,latent_value_across_seed_std_p95,latent_value_across_seed_std_max,latent_action_copy_std_mean_mean_over_samples,latent_action_copy_std_mean_max_over_samples,latent_action_copy_std_max_mean_over_samples,latent_action_copy_std_max_max_over_samples,latent_action_first_step_copy_l2_std_mean_over_samples,latent_action_first_step_copy_l2_std_max_over_samples,latent_future_proprio_copy_std_mean_mean_over_samples,latent_future_proprio_copy_std_mean_max_over_samples,latent_future_proprio_copy_std_max_mean_over_samples,latent_future_proprio_copy_std_max_max_over_samples,latent_value_element_std_mean_mean_over_samples,latent_value_element_std_mean_max_over_samples,latent_value_element_std_max_mean_over_samples,latent_value_element_std_max_max_over_samples,planning_strategy,planning_risk_lambda,selected_sample_idx,selected_value,selected_value_z,selected_risk,selected_planning_score,max_value_sample_idx,max_value,max_value_selected,candidate_value_mean,candidate_value_std,candidate_value_range,candidate_action_internal_consistency_mean,candidate_action_internal_consistency_std,candidate_value_internal_consistency_mean,candidate_value_internal_consistency_std,selected_seed,max_value_seed,t_after,executed_steps,intervention_steps,intervention_applied,chunk_success,observed_goal_progress_end,observed_goal_progress_delta,observed_target_lift_max,observed_target_eef_distance_min,observed_non_target_displacement_max,observed_non_target_lift_max,observed_target_drop_candidate,observed_wrong_object_interaction_candidate,observed_official_safety_violation,observed_official_safety_cost_sum,observed_robot_contact_count_sum,observed_robot_contact_count_max,observed_robot_target_contact_count_sum,observed_action_motion_norm_mean,observed_action_motion_norm_max,observed_action_sign_flip_rate,observed_eef_path_length,observed_eef_net_displacement,observed_eef_speed_mean,observed_eef_acceleration_mean,observed_eef_jerk_mean,observed_eef_jerk_max,observed_eef_dimensionless_jerk_proxy,prediction_error_future_image_mse,prediction_error_future_image_mae,prediction_error_future_image_psnr,prediction_error_future_image_ssim_global,prediction_error_future_wrist_mse,prediction_error_future_wrist_mae,prediction_error_future_wrist_psnr,prediction_error_future_wrist_ssim_global,prediction_error_future_proprio_l2,prediction_error_future_proprio_mae,prediction_error_future_proprio_max_abs,prediction_error_future_proprio_eef_pos_l2,prediction_error_future_proprio_eef_quat_l2,prediction_error_value_abs_chunk_success,prediction_value_executed_sample,actual_object_state_delta_l2_mean,actual_object_state_delta_l2_max,actual_object_state_num_keys,actual_object_state_delta_l2__akita_black_bowl_1_pos,actual_object_state_delta_l2__akita_black_bowl_1_quat,actual_object_state_delta_l2__akita_black_bowl_2_pos,actual_object_state_delta_l2__akita_black_bowl_2_quat,actual_object_state_delta_l2__cookies_1_pos,actual_object_state_delta_l2__cookies_1_quat,actual_object_state_delta_l2__glazed_rim_porcelain_ramekin_1_pos,actual_object_state_delta_l2__glazed_rim_porcelain_ramekin_1_quat,actual_object_state_delta_l2__plate_1_pos,actual_object_state_delta_l2__plate_1_quat,actual_object_state_delta_l2__milk_1_pos,actual_object_state_delta_l2__milk_1_quat,success,final_t,num_queries,failure_type,failure_event_t,safe_task_success,safety_terminated,official_safety_violation,official_safety_violation_t,official_safety_cost_types,target_objects,target_drop_candidate,target_drop_candidate_t,wrong_object_interaction_candidate,wrong_object_interaction_candidate_t,kinematic_deadlock_candidate,episode_goal_progress_initial,episode_goal_progress_max,episode_time_to_first_goal_progress,episode_time_to_first_target_lift,episode_target_lift_max,episode_eef_path_length,episode_eef_net_displacement,episode_eef_jerk_mean,episode_eef_dimensionless_jerk_proxy,prediction_error_value_abs_final_success,video_path,video_num_frames,video_expected_frames,steps_to_failure_event,query_is_pre_failure,failure_event_in_executed_chunk
libero_spatial_with_milk,5,2,0,2,130194,0,130194,0,0,pick the akita black bowl next to the ramekin and place it on the plate,-1,-1,none,-1,-1,-1,-1,4.0,0.0014139601262286,0.0156975239515304,0.0061788288876414,0.0025806159246712,0.0005013268091715,0.0006518926238641,0.0087448237463831,0.3312445282936096,0.0008529450860805,0.0022865533828735,0.0005283104255795,0.0007959582144394,0.4775265157222748,1.4790199995040894,12.53744411468506,0.9643433094024658,3.960744857788086,29.44061851501465,0.0061668013222515,0.0113888215273618,0.0273571573197841,0.0056316968984901,0.0099381953477859,0.0173320360481739,0.005741280503571,0.010190637782216,0.0187875553965568,0.007740995963104,0.0079419631510972,0.010081390151754,0.0109059438109397,0.0222369381226599,0.0227419696748256,0.0074494474101811,0.0074860174208879,0.0077652841573581,0.007805495057255,0.0070856697857379,0.0071845306083559,0.0070856697857379,0.0071845306083559,first,1.0,0.0,0.3315439224243164,0.3510122001171112,0.0,0.3315439224243164,1.0,0.3324594497680664,False,0.3312445282936096,0.0008529450860805,0.0022865533828735,0.0222369376569986,0.0004824920906685,0.0070856697857379,6.118617602623999e-05,130194,130195,16,16,0,False,False,0.0,0.0,2.786076397365278e-07,0.3208764495623311,2.786076407285072e-07,2.786076397365278e-07,0.0,0.0,0.0,0.0,0.0,0.0,0.0,0.721823836113075,0.8413457593058563,0.0888888888888888,0.1411426967808928,0.1410962593946671,0.176428370976116,0.2816051715483613,1.6719746594822469,6.1249272850821495,67.20779808967258,609.4232177734375,10.44091510772705,20.28161364937924,0.8816085537189955,788.8150024414062,12.060925483703612,19.16105199026593,0.8613319860192961,0.0059988326393067,0.001648228848353,0.0035594701766967,0.0030917436815798,0.0043598841875791,0.3315439224243164,0.3315439224243164,1.1638961072368449e-07,2.934624683612667e-07,12.0,2.934624683612516e-07,5.883756819888234e-09,2.934624683612667e-07,5.883756828729941e-09,2.530519738197512e-07,5.337361916521204e-17,2.6346862755526685e-07,3.5684441995748182e-09,2.673608637928073e-07,9.187799774917416e-09,1.3438404960466898e-09,1.3286213395511305e-12,False,220,14,timeout_no_goal,220,False,False,False,-1,,akita_black_bowl_1,False,-1,False,-1,False,0.0,0.0,-1,71,0.1792016654419119,1.4201456403309691,0.4692591531695314,5.114664021680177,42266612.98007256,0.3315439224243164,/home/jovyan/shares/SR006.nfs2/spiridonov/malnev_world_model/YSDA_WORD_MODELS_PP/experiments/campaigns/phase1_boundary_20260724/videos/phase1_boundary_20260724__known_boundary_milk/libero_spatial_with_milk__task5__init0__pair0__rollout2__seed130194__successFalse__t220__frames220of220__pick_the_akita_black_bowl_next_to_the_ramekin_and_.mp4,220,220,220.0,True,False
libero_spatial_with_milk,5,2,0,2,130194,0,130194,1,16,pick the akita black bowl next to the ramekin and place it on the plate,-1,-1,none,-1,-1,-1,-1,4.0,0.0010870444821193,0.0043476209975779,0.0023938396479934,0.0018291719025,0.0004910308052785,0.000648703193292,0.0057104476727545,0.3524064719676971,0.0004042375658173,0.0009949505329132,0.000529445707798,0.0008117910474538,0.4020659923553467,1.2247449159622192,14.254384994506836,0.5446019172668457,1.785357117652893,12.871965408325195,0.0058620837517082,0.010406537912786,0.0211623813956975,0.0056995605118572,0.0101765785366296,0.0170995537191629,0.0055501335300505,0.0097882766276597,0.0199099630117416,0.0076134289847686,0.0076501807197928,0.0093669886700809,0.0095759965479373,0.020188040100038,0.0205533169209957,0.0074765878962352,0.0075201177969574,0.0077562285587191,0.0078563317656517,0.007056541275233,0.0072888070717453,0.007056541275233,0.0072888070717453,first,1.0,0.0,0.3521557152271271,-0.6203202605247498,0.0,0.3521557152271271,1.0,0.3530991971492767,False,0.3524064719676971,0.0004042375658173,0.0009949505329132,0.0201880410313606,0.0003632759617175,0.0070565417408943,0.000142715871334,131194,131195,32,16,0,False,False,0.0,0.0,2.786076397365278e-07,0.2364227180151892,2.786076407285072e-07,2.786076397365278e-07,0.0,0.0,0.0,0.0,0.0,0.0,0.0,0.8506340819726628,0.8794717628830964,0.0222222222222222,0.1686766868437651,0.1661105438491478,0.2108458585547064,0.1609076079520027,1.0056644303348434,2.6746756097160627,10.974507802227864,695.0098876953125,11.474456787109377,19.710893776577,0.8698101130383336,826.3064575195312,11.091192245483398,18.95939214121219,0.8264158579798188,0.0098046185448765,0.0020549711771309,0.0080333836376667,0.0022435772698372,0.0094635635614395,0.3521557152271271,0.3521557152271271,7.303178012581801e-18,3.7577372790261885e-17,12.0,0.0,3.7577372790261885e-17,0.0,3.718810600142099e-17,0.0,6.937986371986855e-18,0.0,1.5743306466728653e-18,0.0,4.360340340639012e-18,0.0,0.0,False,220,14,timeout_no_goal,220,False,False,False,-1,,akita_black_bowl_1,False,-1,False,-1,False,0.0,0.0,-1,71,0.1792016654419119,1.4201456403309691,0.4692591531695314,5.114664021680177,42266612.98007256,0.3521557152271271,/home/jovyan/shares/SR006.nfs2/spiridonov/malnev_world_model/YSDA_WORD_MODELS_PP/experiments/campaigns/phase1_boundary_20260724/videos/phase1_boundary_20260724__known_boundary_milk/libero_spatial_with_milk__task5__init0__pair0__rollout2__seed130194__successFalse__t220__frames220of220__pick_the_akita_black_bowl_next_to_the_ramekin_and_.mp4,220,220,204.0,True,False
libero_spatial_with_milk,5,2,0,2,130194,0,130194,2,32,pick the akita black bowl next to the ramekin and place it on the plate,-1,-1,none,-1,-1,-1,-1,4.0,0.0017040827078744,0.0088238790631294,0.0088144410401582,0.0032200205605477,0.0005420257220976,0.0006424396415241,0.0095491139218211,0.4114308357238769,0.0004943699459545,0.0011866092681884,0.0005300008342601,0.0010233274661004,0.4599672555923462,1.4790199995040894,9.604686737060549,0.6936290264129639,2.7386128902435303,19.511215209960938,0.0061325090937316,0.0109693109989166,0.0208274107426404,0.0056198262609541,0.0099626537412405,0.0173519030213356,0.0053703347221016,0.0095960665494203,0.0186569280922412,0.0077546696411445,0.0078189326450228,0.0100418876390904,0.0107892714440822,0.0202802778221666,0.0205511413514614,0.0074419261654838,0.0075213555246591,0.0077828586800023,0.0078411679714918,0.0067945690825581,0.0068689635954797,0.0067945690825581,0.0068689635954797,first,1.0,0.0,0.4121544361114502,1.463681936264038,0.0,0.4121544361114502,0.0,0.4121544361114502,True,0.4114308357238769,0.0004943699459545,0.0011866092681884,0.0202802792191505,0.0001976647617993,0.0067945690825581,0.0001054029853548,132194,132194,48,16,0,False,False,0.0,0.0,2.786076397365278e-07,0.0816561704770354,2.786076407285072e-07,2.786076397365278e-07,0.0,0.0,0.0,0.0,0.0,0.0,0.0,0.8792198019075126,0.955574893115264,0.0888888888888888,0.1815201408165401,0.1683277199167436,0.2269001760206752,0.4274627414204556,2.704731272855299,4.623261539552666,57.16390822059896,802.6046142578125,12.395082473754885,19.08578708658546,0.8526107001002899,314.8303527832031,7.79377269744873,23.1500376484672,0.9312365178439296,0.0110150836408138,0.0028939181938767,0.0062768682837486,0.0086894538253545,0.0066537307575345,0.4121544361114502,0.4121544361114502,8.528363101772548e-19,3.5832183725538575e-18,12.0,0.0,7.512825324351018e-19,0.0,1.5776802114354909e-18,0.0,3.5832183725538575e-18,0.0,1.947919381722492e-18,0.0,2.3739352239801162e-18,0.0,0.0,False,220,14,timeout_no_goal,220,False,False,False,-1,,akita_black_bowl_1,False,-1,False,-1,False,0.0,0.0,-1,71,0.1792016654419119,1.4201456403309691,0.4692591531695314,5.114664021680177,42266612.98007256,0.4121544361114502,/home/jovyan/shares/SR006.nfs2/spiridonov/malnev_world_model/YSDA_WORD_MODELS_PP/experiments/campaigns/phase1_boundary_20260724/videos/phase1_boundary_20260724__known_boundary_milk/libero_spatial_with_milk__task5__init0__pair0__rollout2__seed130194__successFalse__t220__frames220of220__pick_the_akita_black_bowl_next_to_the_ramekin_and_.mp4,220,220,188.0,True,False
libero_spatial_with_milk,5,2,0,2,130194,0,130194,3,48,pick the akita black bowl next to the ramekin and place it on the plate,-1,-1,none,-1,-1,-1,-1,4.0,0.0122753595933318,0.9955820441246032,0.012441431172192,0.0062861782498657,0.0008719182224012,0.0644532293081283,0.1039786115288734,0.5268337726593018,0.0011193379759788,0.0028184056282043,0.0036484950687736,0.0129728568717837,0.634876012802124,2.0463380813598637,28.600698471069336,1.2505881786346436,5.024937629699707,45.76775741577149,0.0163852907717227,0.018940569832921,1.0308115482330322,0.0076318299397826,0.0170400142669677,0.0285517629235982,0.005661632400006,0.0099680265411734,0.0177280325442552,0.0081511093303561,0.0084002036601305,0.0202475693076849,0.0244204979389905,0.0222620978020131,0.0236735939979553,0.0077887466177344,0.0079703666269779,0.008205940015614,0.00876444298774,0.0067335660569369,0.0068188137374818,0.0067335660569369,0.0068188137374818,first,1.0,0.0,0.5276603698730469,0.7384697198867798,0.0,0.5276603698730469,2.0,0.5281140804290771,False,0.5268337726593018,0.0011193379759788,0.0028184056282043,0.0222621001303195,0.0009309176821261,0.0067335660569369,8.03305083536543e-05,133194,133196,64,16,0,False,False,0.0,0.0,0.0050305955359548,0.0486222018290929,2.786076407285072e-07,2.786076397365278e-07,0.0,0.0,0.0,0.0,54.0,6.0,54.0,0.3144599969740312,0.8599015568070769,0.1,0.0744464538855708,0.0549783397884603,0.0930580673569635,0.4137775921725656,4.688643076604664,11.758706950476572,1253.0513697975653,762.0970458984375,11.93553352355957,19.310700826850177,0.861142238142669,413.0724182128906,9.07647705078125,21.97054163755893,0.9146100902475366,0.0832275226712226,0.0175360012799501,0.0573002099990844,0.0089791165664792,0.022273389622569,0.5276603698730469,0.5276603698730469,0.0094984208485998,0.108375782800106,12.0,0.0056052673830923,0.108375782800106,0.0,1.892325443453232e-18,0.0,4.811858094505511e-18,0.0,1.3102334777167956e-18,0.0,4.679603683383765e-18,0.0,0.0,False,220,14,timeout_no_goal,220,False,False,False,-1,,akita_black_bowl_1,False,-1,False,-1,False,0.0,0.0,-1,71,0.1792016654419119,1.4201456403309691,0.4692591531695314,5.114664021680177,42266612.98007256,0.5276603698730469,/home/jovyan/shares/SR006.nfs2/spiridonov/malnev_world_model/YSDA_WORD_MODELS_PP/experiments/campaigns/phase1_boundary_20260724/videos/phase1_boundary_20260724__known_boundary_milk/libero_spatial_with_milk__task5__init0__pair0__rollout2__seed130194__successFalse__t220__frames220of220__pick_the_akita_black_bowl_next_to_the_ramekin_and_.mp4,220,220,172.0,True,False
libero_spatial_with_milk,5,2,0,2,130194,0,130194,4,64,pick the akita black bowl next to the ramekin and place it on the plate,-1,-1,none,-1,-1,-1,-1,4.0,0.0019230834441259,0.0109075373038649,0.005974396597594,0.0031459771562367,0.0010306173935532,0.0009317998774349,0.0102001698687672,0.6076809167861938,0.0004388311062939,0.0010894536972045,0.001049221609719,0.0018950657686218,0.4925477802753448,1.4790199995040894,12.070107460021973,0.9390662312507628,3.6314597129821777,32.065364837646484,0.0065782740712165,0.0119559820741415,0.0226193256676197,0.0057347384281456,0.0101512391120195,0.0179261490702629,0.0055374330841004,0.0098122274503111,0.0173819754272699,0.0083578424528241,0.0084054516628384,0.0109854449983686,0.0113439820706844,0.0215873485431075,0.0225282758474349,0.0076226762030273,0.0077679199166595,0.0078522418625652,0.0080692777410149,0.0070156232686713,0.0070421667769551,0.0070156232686713,0.0070421667769551,first,1.0,0.0,0.6079831719398499,0.6887733340263367,0.0,0.6079831719398499,1.0,0.6080291271209717,False,0.6076809167861938,0.0004388311062939,0.0010894536972045,0.02158734947443,0.000781150360126,0.007015623152256,3.8723093894077465e-05,134194,134195,80,16,0,False,False,0.0,0.0,0.1292328954951778,0.0490991614121301,2.786076407285072e-07,2.786076397365278e-07,0.0,0.0,0.0,0.0,122.0,8.0,122.0,0.9417364493001716,1.217922462593872,0.0444444444444444,0.1663511821869353,0.158158332088852,0.2079389777336691,0.4879505477263837,3.506140036520882,7.619500868863193,123.03664398888388,738.741943359375,11.836468696594238,19.445876033219427,0.8627064958826388,1020.0949096679688,15.197783470153809,18.044397804515597,0.8167906507989604,0.0542428530752658,0.0119401551783084,0.0412498116493225,0.009160341694951,0.0128052644431591,0.6079831719398499,0.6079831719398499,0.0185058087162229,0.1509245463268977,12.0,0.1509245463268977,0.0711451582677773,0.0,1.2881002029966549e-18,0.0,2.545555079740341e-18,0.0,2.3752816145847545e-18,0.0,1.4807531421398838e-18,0.0,0.0,False,220,14,timeout_no_goal,220,False,False,False,-1,,akita_black_bowl_1,False,-1,False,-1,False,0.0,0.0,-1,71,0.1792016654419119,1.4201456403309691,0.4692591531695314,5.114664021680177,42266612.98007256,0.6079831719398499,/home/jovyan/shares/SR006.nfs2/spiridonov/malnev_world_model/YSDA_WORD_MODELS_PP/experiments/campaigns/phase1_boundary_20260724/videos/phase1_boundary_20260724__known_boundary_milk/libero_spatial_with_milk__task5__init0__pair0__rollout2__seed130194__successFalse__t220__frames220of220__pick_the_akita_black_bowl_next_to_the_ramekin_and_.mp4,220,220,156.0,True,False
libero_spatial_with_milk,5,2,0,2,130194,0,130194,5,80,pick the akita black bowl next to the ramekin and place it on the plate,-1,-1,none,-1,-1,-1,-1,4.0,0.0014831880107522,0.0081186508759856,0.0055905380286276,0.0027388727758079,0.0004759664589073,0.0007377977599389,0.008310567587614,0.7085790038108826,0.0003845004539471,0.000981867313385,0.0005511796916835,0.0009715013438835,0.4546365141868591,1.4790199995040894,8.558621406555176,0.6202552318572998,1.9202864170074463,18.34904670715332,0.0060438667424023,0.0108904363587498,0.0206925012171268,0.0056359427981078,0.0100724129006266,0.0191255006939172,0.0054748496040701,0.0097683640196919,0.0178987309336662,0.0079206568188965,0.0079726502299308,0.0100068966858088,0.0102214217185974,0.021841277834028,0.0221607089042663,0.0075615698006004,0.0076069924980401,0.0078155979281291,0.0078730871900916,0.0070351667236536,0.0071933297440409,0.0070351667236536,0.0071933297440409,first,1.0,0.0,0.7082521319389343,-0.8501209020614624,0.0,0.7082521319389343,2.0,0.7092339992523193,False,0.7085790038108826,0.0003845004539471,0.000981867313385,0.0218412764370441,0.0004112779861316,0.007035166490823,0.0001268523919861,135194,135196,96,16,0,False,False,0.0,0.0,0.1792016654419119,0.049336692707215,2.786076407285072e-07,2.786076397365278e-07,0.0,0.0,0.0,0.0,156.0,10.0,156.0,1.0105313426182188,1.1002193215980955,0.0888888888888888,0.2177980179964834,0.1954566705091961,0.2722475224956042,0.5246591485195408,3.269196696642221,5.269519091871793,58.1715853913392,908.5057373046876,14.238859176635742,18.54752686602064,0.8381110017894077,1342.26025390625,16.860477447509766,16.85243630521409,0.7528116112591775,0.0238875728100538,0.0057817436754703,0.017271876335144,0.0182360876351594,0.0150055475533008,0.7082521319389343,0.7082521319389343,0.0191104160014756,0.1960302266858751,12.0,0.1960302266858751,0.0332947653318321,0.0,1.4669329281985954e-19,0.0,9.454470817391885e-19,0.0,1.2165326595747692e-18,0.0,2.2190788943811004e-18,0.0,0.0,False,220,14,timeout_no_goal,220,False,False,False,-1,,akita_black_bowl_1,False,-1,False,-1,False,0.0,0.0,-1,71,0.1792016654419119,1.4201456403309691,0.4692591531695314,5.114664021680177,42266612.98007256,0.7082521319389343,/home/jovyan/shares/SR006.nfs2/spiridonov/malnev_world_model/YSDA_WORD_MODELS_PP/experiments/campaigns/phase1_boundary_20260724/videos/phase1_boundary_20260724__known_boundary_milk/libero_spatial_with_milk__task5__init0__pair0__rollout2__seed130194__successFalse__t220__frames220of220__pick_the_akita_black_bowl_next_to_the_ramekin_and_.mp4,220,220,140.0,True,False
libero_spatial_with_milk,5,2,0,2,130194,0,130194,6,96,pick the akita black bowl next to the ramekin and place it on the plate,-1,-1,none,-1,-1,-1,-1,4.0,0.0020460984669625,0.0108862705528736,0.0157819278538227,0.0039105871692299,0.0006231367005966,0.0007215181249193,0.0118406740948557,0.833642840385437,0.0005976304528303,0.0016373991966247,0.0010630539618432,0.0024219648912549,0.5747150182723999,1.8708287477493288,12.349088668823242,1.312502145767212,5.700877189636231,35.787567138671875,0.0063436687923967,0.0117441797628998,0.0231757443398237,0.0055782380513846,0.0099079515784978,0.0183135718107223,0.0056592659093439,0.0100368997082114,0.0192645099014043,0.0082621690817177,0.0083187585696578,0.0115282284095883,0.011702018789947,0.0225147302262485,0.0232690256088972,0.0074792944360524,0.0076510938815772,0.0077443122863769,0.0081302439793944,0.007226328132674,0.0073111020028591,0.007226328132674,0.0073111020028591,first,1.0,0.0,0.8336805105209351,0.0630324929952621,0.0,0.8336805105209351,1.0,0.8343291282653809,False,0.833642840385437,0.0005976304528303,0.0016373991966247,0.0225147306919097,0.0005166722112335,0.0072263283655047,6.645209214184433e-05,136194,136195,112,16,0,False,False,0.0,0.0,0.1392314811865789,0.0491129035027857,0.0059280914315997,2.786076397365278e-07,0.0,0.0,0.0,0.0,181.0,15.0,181.0,0.8729255246048142,1.1200412879272903,0.0333333333333333,0.110757182438916,0.104459379687625,0.138446478048645,0.4276810453485986,4.140212834898518,12.428252679026604,503.68187204580505,1040.9111328125,15.098187446594238,17.95666707415587,0.8242603970707032,1846.345703125,22.272022247314453,15.467673408285398,0.6419059216701891,0.187232419848442,0.0386761650443077,0.166323184967041,0.0829482227563858,0.0165236443281173,0.8336805105209351,0.8336805105209351,0.0268182049657091,0.1912186531363408,12.0,0.0933579515096082,0.1912186531363408,0.0,5.939247409614857e-19,0.0,1.0026306234213992e-18,0.0,1.9234527330218457e-18,0.0,1.0909639680135365e-18,0.0049959986152953,0.0322458563272653,False,220,14,timeout_no_goal,220,False,False,False,-1,,akita_black_bowl_1,False,-1,False,-1,False,0.0,0.0,-1,71,0.1792016654419119,1.4201456403309691,0.4692591531695314,5.114664021680177,42266612.98007256,0.8336805105209351,/home/jovyan/shares/SR006.nfs2/spiridonov/malnev_world_model/YSDA_WORD_MODELS_PP/experiments/campaigns/phase1_boundary_20260724/videos/phase1_boundary_20260724__known_boundary_milk/libero_spatial_with_milk__task5__init0__pair0__rollout2__seed130194__successFalse__t220__frames220of220__pick_the_akita_black_bowl_next_to_the_ramekin_and_.mp4,220,220,124.0,True,False
libero_spatial_with_milk,5,2,0,2,130194,0,130194,7,112,pick the akita black bowl next to the ramekin and place it on the plate,-1,-1,none,-1,-1,-1,-1,4.0,0.0054787611588835,0.038921795785427,0.0218877512961626,0.0109354676678776,0.0013971900334581,0.0013533552410081,0.0344784669578075,0.8371546864509583,0.001013204222545,0.0026172995567321,0.001793633098714,0.0032354693394154,1.1834447383880615,4.548351287841797,66.79446411132812,3.5513339042663574,17.1318416595459,72.57539367675781,0.009706400334835,0.0262901484966278,0.0514238886535167,0.005866025108844,0.0103442445397377,0.0177579186856746,0.0059246188029646,0.0104926452040672,0.0183700416237115,0.0095096414443105,0.0095836799591779,0.013702084776014,0.0150358621031045,0.0254120221361517,0.0259615071117877,0.0081246616318821,0.0083140358328819,0.0085300649516284,0.0085620293393731,0.0074581783264875,0.0075006750412285,0.0074581783264875,0.0075006750412285,first,1.0,0.0,0.8387969136238098,1.6208254098892212,0.0,0.8387969136238098,0.0,0.8387969136238098,True,0.8371546864509583,0.001013204222545,0.0026172995567321,0.0254120212048292,0.0005868616281077,0.0074581783264875,3.0599232559325173e-05,137194,137194,128,16,0,False,False,0.0,0.0,0.0887154503265212,0.0496824302245955,0.0119263334680013,0.0008287558166928,0.0,0.0,0.0,0.0,182.0,14.0,182.0,0.5437750390731666,0.7415202404341923,0.0777777777777777,0.0465620387720898,0.0113949144555604,0.0582025484651123,0.3955871153280826,5.200795349208808,12.492822341160092,3787.1139619089545,955.3695678710938,14.55665397644043,18.329089576197088,0.8381457684460928,1647.3978271484375,21.93032455444336,15.962818720368446,0.6928612802063657,0.1718747317790985,0.0438882447779178,0.111696720123291,0.0708924159407615,0.1033020168542862,0.8387969136238098,0.8387969136238098,0.0108311168426217,0.0815292281900788,12.0,0.0103123608770215,0.0292189666904814,0.0,5.926931095437092e-19,0.0,1.4113348834211673e-18,0.0,4.577246905994192e-19,0.0,4.6055729225359496e-18,0.008912846353879,0.0815292281900788,False,220,14,timeout_no_goal,220,False,False,False,-1,,akita_black_bowl_1,False,-1,False,-1,False,0.0,0.0,-1,71,0.1792016654419119,1.4201456403309691,0.4692591531695314,5.114664021680177,42266612.98007256,0.8387969136238098,/home/jovyan/shares/SR006.nfs2/spiridonov/malnev_world_model/YSDA_WORD_MODELS_PP/experiments/campaigns/phase1_boundary_20260724/videos/phase1_boundary_20260724__known_boundary_milk/libero_spatial_with_milk__task5__init0__pair0__rollout2__seed130194__successFalse__t220__frames220of220__pick_the_akita_black_bowl_next_to_the_ramekin_and_.mp4,220,220,108.0,True,False
libero_spatial_with_milk,5,2,0,2,130194,0,130194,8,128,pick the akita black bowl next to the ramekin and place it on the plate,-1,-1,none,-1,-1,-1,-1,4.0,0.0066446005366742,0.0436671674251556,0.0131814451888203,0.0135245574638247,0.0015877332771196,0.0011753335129469,0.0419568084180355,0.8536797761917114,0.0004917853511869,0.0011841654777526,0.001254376838915,0.0039625433273613,0.9740442037582396,3.640054941177368,39.78064727783203,2.960862874984741,12.678722381591797,69.28338623046875,0.0109781995415687,0.0340643525123596,0.0554150082170963,0.0058134165592491,0.0104303723201155,0.0197305083274841,0.0058945841155946,0.0105400858446955,0.0205786116421222,0.0094767797272652,0.0096705183386802,0.0142688048072159,0.0149815315380692,0.0264218361116945,0.027593845501542,0.0080305691808462,0.0081083523109555,0.0082453356590121,0.0084015158936381,0.0077448275405913,0.0082678897306323,0.0077448275405913,0.0082678897306323,first,1.0,0.0,0.8534074425697327,-0.5537652373313904,0.0,0.8534074425697327,1.0,0.8541956543922424,False,0.8536797761917114,0.0004917853511869,0.0011841654777526,0.0264218356460332,0.0012499163858592,0.0077448273077607,0.0003245476109441,138194,138195,144,16,0,False,False,0.0,0.0,0.0871796949058367,0.0494557340604586,0.0100465109829217,0.0041283642104588,0.0,0.0,0.0,0.0,146.0,10.0,146.0,0.5110439112640702,0.6459707937944785,0.0888888888888888,0.0664348975271564,0.035547590584981,0.0830436219089455,0.5414046498418584,6.97837949907886,15.11891878935441,3097.40938108679,967.3688354492188,15.24499797821045,18.274882687297254,0.835233969241313,2851.741455078125,30.068931579589844,13.579702119611266,0.5711950398949115,0.0525527372956275,0.0131100807338953,0.0354183316230773,0.0450115129351615,0.0229538790881633,0.8534074425697327,0.8534074425697327,0.0146109742548798,0.0927735182637459,12.0,0.0380898660193317,0.0364422499729059,0.0,2.13922375767186e-18,0.0,3.31242360426859e-18,0.0,5.452170663228788e-19,0.0,1.0243865182079639e-17,0.0080260568025748,0.0927735182637459,False,220,14,timeout_no_goal,220,False,False,False,-1,,akita_black_bowl_1,False,-1,False,-1,False,0.0,0.0,-1,71,0.1792016654419119,1.4201456403309691,0.4692591531695314,5.114664021680177,42266612.98007256,0.8534074425697327,/home/jovyan/shares/SR006.nfs2/spiridonov/malnev_world_model/YSDA_WORD_MODELS_PP/experiments/campaigns/phase1_boundary_20260724/videos/phase1_boundary_20260724__known_boundary_milk/libero_spatial_with_milk__task5__init0__pair0__rollout2__seed130194__successFalse__t220__frames220of220__pick_the_akita_black_bowl_next_to_the_ramekin_and_.mp4,220,220,92.0,True,False
libero_spatial_with_milk,5,2,0,2,130194,0,130194,9,144,pick the akita black bowl next to the ramekin and place it on the plate,-1,-1,none,-1,-1,-1,-1,4.0,0.0115663176402449,0.0810796618461608,0.0592255257070064,0.0240489933639764,0.0024111012462526,0.0015839487314224,0.0702734366059303,0.8509573936462402,0.0010932356817647,0.0030634403228759,0.0009979486931115,0.0020137021783739,1.1726969480514526,4.5552167892456055,47.97394943237305,2.6539225578308105,12.774486541748049,65.10136413574219,0.0163739137351512,0.0528648905456066,0.0979245454072952,0.0057382341474294,0.010240314528346,0.0182720907032489,0.0059755649417638,0.0106124989688396,0.0178688205778598,0.0097964645829051,0.0099440859630703,0.0148718268610537,0.0154615929350256,0.0284573668614029,0.030631611123681,0.0081119476817548,0.0082238093018531,0.0085212471894919,0.0087551893666386,0.0076239496702328,0.0076914685778319,0.0076239496702328,0.0076914685778319,first,1.0,0.0,0.8511934876441956,0.2159589231014251,0.0,0.8511934876441956,2.0,0.8524588346481323,False,0.8509573936462402,0.0010932356817647,0.0030634403228759,0.0284573659300804,0.0018791225738823,0.0076239495538175,5.598630377789959e-05,139194,139196,160,16,0,False,False,0.0,0.0,0.0564039165209956,0.0496166424886516,0.0125594391863735,0.0041323896762831,0.0,0.0,0.0,0.0,165.0,13.0,165.0,0.3962324033973616,0.5789542644643698,0.1333333333333333,0.04980133093817,0.0220626747062311,0.0622516636727125,0.5037616645302972,5.740405877604883,23.91331855539856,5727.691426685043,998.6009521484376,15.717414855957031,18.13688385056475,0.8273231501430887,3325.294677734375,33.983890533447266,12.912502236368034,0.5122487595678858,0.0560966990888118,0.0151030952110886,0.0361401736736297,0.0419858731329441,0.0102807767689228,0.8511934876441956,0.8511934876441956,0.013481551272908,0.0929476405204302,12.0,0.0199595874426579,0.0367117697303365,0.0,3.3548947745881163e-19,0.0,2.28642778621122e-18,0.0,1.0360315587150772e-18,0.0,6.470747415299813e-18,0.0121596175814718,0.0929476405204302,False,220,14,timeout_no_goal,220,False,False,False,-1,,akita_black_bowl_1,False,-1,False,-1,False,0.0,0.0,-1,71,0.1792016654419119,1.4201456403309691,0.4692591531695314,5.114664021680177,42266612.98007256,0.8511934876441956,/home/jovyan/shares/SR006.nfs2/spiridonov/malnev_world_model/YSDA_WORD_MODELS_PP/experiments/campaigns/phase1_boundary_20260724/videos/phase1_boundary_20260724__known_boundary_milk/libero_spatial_with_milk__task5__init0__pair0__rollout2__seed130194__successFalse__t220__frames220of220__pick_the_akita_black_bowl_next_to_the_ramekin_and_.mp4,220,220,76.0,True,False
libero_spatial_with_milk,5,2,0,2,130194,0,130194,10,160,pick the akita black bowl next to the ramekin and place it on the plate,-1,-1,none,-1,-1,-1,-1,4.0,0.0047758659347891,0.0212623439729213,0.025468485429883,0.0092251924797892,0.001367344520986,0.0016534538008272,0.0267041604965925,0.8606550693511963,0.0006171105778776,0.0014728307723999,0.0017876997590065,0.005374610889703,1.2298271656036377,4.8218255043029785,46.5778923034668,3.013321876525879,13.583077430725098,69.0593032836914,0.0090276170521974,0.019423883408308,0.0315673574805259,0.0060112136416137,0.0107395378872752,0.0202452763915061,0.0058855647221207,0.0104720927774906,0.0215889792889356,0.0099534748587757,0.0100781405344605,0.0189745631068944,0.0235487446188926,0.0328242359682917,0.0347600802779197,0.0080439660232514,0.0080818738788366,0.0083825092297047,0.0084626516327261,0.0077294448856264,0.0078930836170911,0.0077294448856264,0.0078930836170911,first,1.0,0.0,0.8609651327133179,0.502443790435791,0.0,0.8609651327133179,2.0,0.8615156412124634,False,0.8606550693511963,0.0006171105778776,0.0014728307723999,0.0328242368996143,0.0012849940685555,0.007729445118457,0.000114404982014,140194,140196,176,16,0,False,False,0.0,0.0,0.0526457758547274,0.0497201082786881,0.0272618677097814,0.0047774562663135,0.0,0.0,0.0,0.0,172.0,13.0,172.0,0.4635400679229026,0.7926505243286498,0.1022727272727272,0.0624330664524959,0.0311757923711353,0.0780413330656199,0.5341280388267254,8.076683796027412,26.24060971023945,5767.337469409413,1229.261962890625,17.938085556030273,17.234359174325725,0.7863085065183816,3985.52294921875,39.24224853515625,12.12595046664184,0.4229474156604361,0.0663326382637023,0.012229673564434,0.0480409860610961,0.0661252737045288,0.0035026059485971,0.8609651327133179,0.8609651327133179,0.0289354973257861,0.259445841787487,12.0,0.0302980406216929,0.0293263086032981,0.0,2.0349920724524572e-18,0.0,2.301129401014273e-18,0.0,2.228937222862888e-18,0.0002030750260282,0.0023170732266751,0.0256356286442523,0.259445841787487,False,220,14,timeout_no_goal,220,False,False,False,-1,,akita_black_bowl_1,False,-1,False,-1,False,0.0,0.0,-1,71,0.1792016654419119,1.4201456403309691,0.4692591531695314,5.114664021680177,42266612.98007256,0.8609651327133179,/home/jovyan/shares/SR006.nfs2/spiridonov/malnev_world_model/YSDA_WORD_MODELS_PP/experiments/campaigns/phase1_boundary_20260724/videos/phase1_boundary_20260724__known_boundary_milk/libero_spatial_with_milk__task5__init0__pair0__rollout2__seed130194__successFalse__t220__frames220of220__pick_the_akita_black_bowl_next_to_the_ramekin_and_.mp4,220,220,60.0,True,False
libero_spatial_with_milk,5,2,0,2,130194,0,130194,11,176,pick the akita black bowl next to the ramekin and place it on the plate,-1,-1,none,-1,-1,-1,-1,4.0,0.0381433293223381,0.844971239566803,0.0281402431428432,0.0250386241823434,0.0029286432545632,0.1831014901399612,0.2823198139667511,0.861440122127533,0.0084038963541388,0.0219075083732604,0.0189168825745582,0.0776958465576171,2.093878507614136,9.202581405639648,65.98674011230469,4.455348014831543,18.204673767089844,61.25510025024414,0.0431596711277961,0.0799780935049057,0.8953133225440979,0.0222306940704584,0.0813933908939361,0.0990405231714248,0.0176209136843681,0.0235514864325523,0.0346966572105884,0.012871021637693,0.0147782564163208,0.079568869434297,0.1584222763776779,0.0381126999855041,0.0418265201151371,0.0102054474409669,0.0121263144537806,0.0135676204226911,0.017769830301404,0.008060515159741,0.0082455538213253,0.008060515159741,0.0082455538213253,first,1.0,0.0,0.8534078001976013,-0.9557854533195496,0.0,0.8534078001976013,1.0,0.8753153085708618,False,0.861440122127533,0.0084038963541388,0.0219075083732604,0.0381126999855041,0.0022166615817695,0.0080605149269104,0.0001700923312455,141194,141195,192,16,0,False,False,0.0,0.0,0.054598641377593,0.0494493967624688,0.0909624800039379,2.786076397365278e-07,0.0,0.0,0.0,0.0,176.0,13.0,176.0,0.4083973912480422,0.655783601435426,0.125,0.0469596755781,0.0216867572985876,0.058699594472625,0.5099917575042333,6.177910416982966,8.835211941525957,4482.019014989902,1337.6796875,18.68488311767578,16.86728228456367,0.7634246657128405,1815.0006103515625,23.79888153076172,15.542035854504505,0.6652941996289727,0.0913043990731239,0.0249768979847431,0.0518006086349487,0.0692553222179412,0.0261898431926965,0.8534078001976013,0.8534078001976013,0.0473564099563457,0.4542542881940133,12.0,0.0224935433674994,0.0232051335413057,0.0,1.3365112351241622e-18,0.0,2.2041887580849625e-18,0.0,2.690561476606985e-18,6.068555472016521e-11,1.7595023616074067e-09,0.0683239525531429,0.4542542881940133,False,220,14,timeout_no_goal,220,False,False,False,-1,,akita_black_bowl_1,False,-1,False,-1,False,0.0,0.0,-1,71,0.1792016654419119,1.4201456403309691,0.4692591531695314,5.114664021680177,42266612.98007256,0.8534078001976013,/home/jovyan/shares/SR006.nfs2/spiridonov/malnev_world_model/YSDA_WORD_MODELS_PP/experiments/campaigns/phase1_boundary_20260724/videos/phase1_boundary_20260724__known_boundary_milk/libero_spatial_with_milk__task5__init0__pair0__rollout2__seed130194__successFalse__t220__frames220of220__pick_the_akita_black_bowl_next_to_the_ramekin_and_.mp4,220,220,44.0,True,False
libero_spatial_with_milk,5,2,0,2,130194,0,130194,12,192,pick the akita black bowl next to the ramekin and place it on the plate,-1,-1,none,-1,-1,-1,-1,4.0,0.0055085932835936,0.0282120965421199,0.016733193770051,0.0105371875688433,0.0016900430200621,0.0018784645944833,0.030744494870305,0.8472216129302979,0.0006568715907633,0.0017945170402526,0.0019110871944576,0.0070366780273616,1.3021609783172607,5.214163303375244,47.21956634521485,3.243042230606079,15.64249038696289,55.79594421386719,0.0097847357392311,0.0221396721899509,0.0450379587709903,0.0061756810173392,0.0112464986741542,0.0228739194571971,0.0061543220654129,0.0109223835170269,0.0220118481665849,0.0099857377354055,0.0100971516221761,0.0153148637618869,0.0167654603719711,0.0308472053147852,0.0318741016089916,0.0085465153679251,0.0087002851068973,0.009170307777822,0.0093745896592736,0.0081706976052373,0.0083145955577492,0.0081706976052373,0.0083145955577492,first,1.0,0.0,0.8474814891815186,0.3956271708011627,0.0,0.8474814891815186,3.0,0.8480978608131409,False,0.8472216129302979,0.0006568715907633,0.0017945170402526,0.0308472067117691,0.0006533546256832,0.008170697838068,0.0001492843148298,142194,142197,208,16,0,False,False,0.0,0.0,0.0482205906766363,0.0495438749737227,0.0891121851682276,2.786076397365278e-07,0.0,0.0,0.0,0.0,123.0,10.0,123.0,0.4055440773640043,0.7761910215598846,0.1,0.057509359735678,0.0202419114783679,0.0718866996695975,0.5846730205473171,6.370296716221518,22.048975100080117,4600.284204744484,1198.833740234375,17.787952423095703,17.343214035450842,0.7879004882134216,1956.71240234375,23.52179718017578,15.21553363137208,0.6434803865748596,0.0813723504543304,0.0222781561315059,0.0426973104476928,0.0645704939961433,0.0250335559248924,0.8474814891815186,0.8474814891815186,0.0079127166702885,0.0669946630188779,12.0,0.0279579340089502,0.0669946630188779,0.0,3.797148183359153e-19,0.0,1.5674164887663269e-18,0.0,3.8519941001958535e-18,0.0,3.444268858473849e-18,4.35056432418456e-10,2.580577438695694e-09,False,220,14,timeout_no_goal,220,False,False,False,-1,,akita_black_bowl_1,False,-1,False,-1,False,0.0,0.0,-1,71,0.1792016654419119,1.4201456403309691,0.4692591531695314,5.114664021680177,42266612.98007256,0.8474814891815186,/home/jovyan/shares/SR006.nfs2/spiridonov/malnev_world_model/YSDA_WORD_MODELS_PP/experiments/campaigns/phase1_boundary_20260724/videos/phase1_boundary_20260724__known_boundary_milk/libero_spatial_with_milk__task5__init0__pair0__rollout2__seed130194__successFalse__t220__frames220of220__pick_the_akita_black_bowl_next_to_the_ramekin_and_.mp4,220,220,28.0,True,False
libero_spatial_with_milk,5,2,0,2,130194,0,130194,13,208,pick the akita black bowl next to the ramekin and place it on the plate,-1,-1,none,-1,-1,-1,-1,4.0,0.0097164278849959,0.4786330461502075,0.0224248450249433,0.0096934223547577,0.0021755697671324,0.032408021390438,0.0682333558797836,0.9761509895324708,0.0061770183965563,0.0168362855911254,0.0042773536406457,0.0168066900223493,1.3885101079940796,5.244044303894043,48.41745376586914,4.022342205047607,18.69491958618164,67.07225799560547,0.0143581302836537,0.0220037922263145,0.5590881109237671,0.0082203913480043,0.0195910353213548,0.0304290410131216,0.013534196652472,0.019591549411416,0.0274418592453002,0.0110869947820901,0.0122048063203692,0.0512796728871762,0.1370753198862075,0.0341612892225384,0.0356250889599323,0.0103048016317188,0.0106020085513591,0.0139980872627347,0.0146881081163883,0.0087485348340123,0.0089499969035387,0.0087485348340123,0.0089499969035387,first,1.0,0.0,0.978216588497162,0.3344006538391113,0.0,0.978216588497162,3.0,0.9848119020462036,False,0.9761509895324708,0.0061770183965563,0.0168362855911254,0.0341612882912159,0.0009117587469518,0.008748535066843,0.0001198321697302,143194,143197,220,12,0,False,False,0.0,0.0,0.0247293943876786,0.0500834598269256,0.0891137516567461,0.0114273648588572,0.0,0.0,0.0,0.0,30.0,6.0,30.0,0.3540281945473117,0.5578436832186451,0.0909090909090909,0.029752910378175,0.0040749625806686,0.049588183963625,0.3923307558161936,4.221860680858343,9.543465056497734,1078.2958766680772,1303.332763671875,18.77960205078125,16.980250480133545,0.7694263754674079,1819.9527587890625,23.36360740661621,15.530202458847612,0.6520524298597474,0.2522900700569153,0.0591964460909366,0.1672630310058593,0.0806260406970977,0.0456792004406452,0.978216588497162,0.978216588497162,0.0169122927054834,0.1316010837393589,12.0,0.0088733677007213,0.1316010837393589,0.0,1.5469486340372614e-19,0.0,2.898512578311512e-18,0.0,1.374796286107834e-18,0.0046464468616873,0.0577970033023127,1.96056631909579e-06,2.7650295401829752e-05,False,220,14,timeout_no_goal,220,False,False,False,-1,,akita_black_bowl_1,False,-1,False,-1,False,0.0,0.0,-1,71,0.1792016654419119,1.4201456403309691,0.4692591531695314,5.114664021680177,42266612.98007256,0.978216588497162,/home/jovyan/shares/SR006.nfs2/spiridonov/malnev_world_model/YSDA_WORD_MODELS_PP/experiments/campaigns/phase1_boundary_20260724/videos/phase1_boundary_20260724__known_boundary_milk/libero_spatial_with_milk__task5__init0__pair0__rollout2__seed130194__successFalse__t220__frames220of220__pick_the_akita_black_bowl_next_to_the_ramekin_and_.mp4,220,220,12.0,True,True
libero_spatial_with_milk,5,4,0,4,130388,0,130388,0,0,pick the akita black bowl next to the ramekin and place it on the plate,-1,-1,none,-1,-1,-1,-1,4.0,0.0015830139163881,0.0173980165272951,0.0113344425335526,0.0028414484113454,0.0006228838465176,0.0006881006993353,0.0097522363066673,0.3307272493839264,0.0006729986635036,0.0017859041690826,0.0006413921364583,0.0013555741170421,0.49337899684906,1.5,13.665650367736816,1.013051986694336,4.085033893585205,31.44340133666992,0.0063841645605862,0.0119704566895961,0.0297288112342357,0.0056838896125555,0.0100883226841688,0.0177424810826778,0.0056843683123588,0.0101602217182517,0.0180785991251468,0.0078069701557978,0.0080414684489369,0.0102848322130739,0.0108396532014012,0.0225647096522152,0.0239130686968565,0.0074436222203075,0.0075153792276978,0.0076832337072119,0.0077575338073074,0.0071043608477339,0.0071973213925957,0.0071043608477339,0.0071973213925957,first,1.0,0.0,0.3313884735107422,0.9825043678283693,0.0,0.3313884735107422,0.0,0.3313884735107422,True,0.3307272493839264,0.0006729986635036,0.0017859041690826,0.0225647091865539,0.0007870226399973,0.0071043604984879,7.142676622606814e-05,130388,130388,16,16,0,False,False,0.0,0.0,2.786076397365278e-07,0.3220143478065791,2.786076407285072e-07,2.786076397365278e-07,0.0,0.0,0.0,0.0,0.0,0.0,0.0,0.71291886995217,0.838167212755987,0.1111111111111111,0.1393350263082673,0.1392797241278781,0.1741687828853341,0.285778861140281,1.8378072780936503,6.008973212716524,76.73631009551245,610.028564453125,10.436848640441896,20.277301896375917,0.8812640517249352,802.3806762695312,12.13641357421875,19.08699899841797,0.858626491015364,0.0054258550517261,0.0012282314710319,0.0042711496353149,0.0021529560908675,0.0042936350218951,0.3313884735107422,0.3313884735107422,1.1638961072383197e-07,2.934624683612667e-07,12.0,2.934624683612516e-07,5.883756820891324e-09,2.934624683612667e-07,5.883756828693582e-09,2.530519738197512e-07,5.017847765055985e-17,2.6346862755526685e-07,3.5684441993507842e-09,2.673608637928073e-07,9.18779977913953e-09,1.3438404960466898e-09,1.3286213395511305e-12,False,220,14,timeout_no_goal,220,False,False,False,-1,,akita_black_bowl_1,False,-1,False,-1,False,0.0,0.0,-1,71,0.168450447180154,1.4358810380702354,0.3760523656653083,3.735214027745031,31225599.147636544,0.3313884735107422,/home/jovyan/shares/SR006.nfs2/spiridonov/malnev_world_model/YSDA_WORD_MODELS_PP/experiments/campaigns/phase1_boundary_20260724/videos/phase1_boundary_20260724__known_boundary_milk/libero_spatial_with_milk__task5__init0__pair0__rollout4__seed130388__successFalse__t220__frames220of220__pick_the_akita_black_bowl_next_to_the_ramekin_and_.mp4,220,220,220.0,True,False
libero_spatial_with_milk,5,4,0,4,130388,0,130388,1,16,pick the akita black bowl next to the ramekin and place it on the plate,-1,-1,none,-1,-1,-1,-1,4.0,0.0011172363301739,0.0051715956069529,0.0037926509976387,0.0017018523067235,0.0006475081318058,0.0007725728210061,0.0056639853864908,0.3493175804615021,0.0003766400623135,0.0010278820991516,0.0004464563389774,0.0007913376903161,0.4233161807060241,1.299038052558899,11.053845405578612,0.5583978891372681,1.8027756214141848,16.51514434814453,0.0059400741010904,0.0104920864105224,0.0211934987455606,0.0056644543074071,0.0100156879052519,0.0185478068888187,0.0055830553174018,0.0099173597991466,0.0191727597266435,0.0076396233635023,0.0077656358480453,0.0096650545019656,0.0099812550470232,0.0206322311423718,0.0218361336737871,0.0074541986687108,0.0075096613727509,0.0077934585278853,0.0078992554917931,0.0070700017968192,0.0072120344266295,0.0070700017968192,0.0072120344266295,first,1.0,0.0,0.3487798571586609,-1.4276847839355469,0.0,0.3487798571586609,2.0,0.3498077392578125,False,0.3493175804615021,0.0003766400623135,0.0010278820991516,0.0206322316080331,0.0007836404256522,0.0070700021460652,0.0001311654195887,131388,131390,32,16,0,False,False,0.0,0.0,2.786076397365278e-07,0.2381765965509284,2.786076407285072e-07,2.786076397365278e-07,0.0,0.0,0.0,0.0,0.0,0.0,0.0,0.8487727590603358,0.8728644246746169,0.0222222222222222,0.1681051888923125,0.165951943127577,0.2101314861153907,0.1505639570742579,1.004553076075415,2.5824066811628943,10.86157417083121,694.8472290039062,11.483909606933594,19.711910309450563,0.8697880967398046,838.49365234375,11.223346710205078,18.89580581656893,0.823644164512707,0.0085606640204787,0.0020762821659445,0.0068483054637908,0.0025426130741834,0.00811811350286,0.3487798571586609,0.3487798571586609,7.899447145046026e-18,3.757523390994593e-17,12.0,0.0,3.67578993981669e-17,0.0,3.757523390994593e-17,0.0,1.1536936816258522e-17,0.0,3.418306045659888e-18,0.0,5.5049895705210666e-18,0.0,0.0,False,220,14,timeout_no_goal,220,False,False,False,-1,,akita_black_bowl_1,False,-1,False,-1,False,0.0,0.0,-1,71,0.168450447180154,1.4358810380702354,0.3760523656653083,3.735214027745031,31225599.147636544,0.3487798571586609,/home/jovyan/shares/SR006.nfs2/spiridonov/malnev_world_model/YSDA_WORD_MODELS_PP/experiments/campaigns/phase1_boundary_20260724/videos/phase1_boundary_20260724__known_boundary_milk/libero_spatial_with_milk__task5__init0__pair0__rollout4__seed130388__successFalse__t220__frames220of220__pick_the_akita_black_bowl_next_to_the_ramekin_and_.mp4,220,220,204.0,True,False
libero_spatial_with_milk,5,4,0,4,130388,0,130388,2,32,pick the akita black bowl next to the ramekin and place it on the plate,-1,-1,none,-1,-1,-1,-1,4.0,0.0016461588675156,0.0064947525970637,0.0082553094252944,0.0030864251311868,0.0005466935108415,0.000623756670393,0.0088998591527342,0.4113426208496094,0.0003302551340311,0.0008423328399658,0.0005893521010875,0.0009602871723473,0.4721823036670685,1.4790199995040894,9.565563201904297,0.7576713562011719,3.031088829040528,22.982330322265625,0.0060714799910783,0.0107768317684531,0.0191705059260129,0.0056151654571294,0.0099698035046458,0.0180905759334564,0.0053727203048765,0.0095670167356729,0.0165095049887895,0.0077909586252644,0.0079683382064104,0.0101070676464587,0.0105198770761489,0.0210905340500175,0.0216434840112924,0.007393428008072,0.007608107291162,0.0077491889242082,0.0081388726830482,0.0068540648790076,0.00708419829607,0.0068540648790076,0.00708419829607,first,1.0,0.0,0.4118473529815674,1.52830970287323,0.0,0.4118473529815674,0.0,0.4118473529815674,True,0.4113426208496094,0.0003302551340311,0.0008423328399658,0.0210905335843563,0.0006522395997308,0.0068540652282536,0.0001588370942045,132388,132388,48,16,0,False,False,0.0,0.0,2.786076397365278e-07,0.0840264720650996,2.786076407285072e-07,2.786076397365278e-07,0.0,0.0,0.0,0.0,0.0,0.0,0.0,0.8781417778648843,0.9560601205924056,0.0888888888888888,0.1814331190198427,0.1681411675433788,0.2267913987748033,0.4290357123680023,2.6741262516028392,5.721996318430697,60.44929457621018,792.5794677734375,12.35433292388916,19.140375433721324,0.8543013504103681,320.5556335449219,7.943253040313721,23.071769471540897,0.9302406017269468,0.0113410111516714,0.0030844288412481,0.007536306977272,0.0089982850477099,0.0066857561469078,0.4118473529815674,0.4118473529815674,1.0767657157385062e-18,5.1806798006340895e-18,12.0,0.0,8.361276058748038e-19,0.0,1.0944971060699305e-18,0.0,1.936684870940726e-18,0.0,3.873199205342524e-18,0.0,5.1806798006340895e-18,0.0,0.0,False,220,14,timeout_no_goal,220,False,False,False,-1,,akita_black_bowl_1,False,-1,False,-1,False,0.0,0.0,-1,71,0.168450447180154,1.4358810380702354,0.3760523656653083,3.735214027745031,31225599.147636544,0.4118473529815674,/home/jovyan/shares/SR006.nfs2/spiridonov/malnev_world_model/YSDA_WORD_MODELS_PP/experiments/campaigns/phase1_boundary_20260724/videos/phase1_boundary_20260724__known_boundary_milk/libero_spatial_with_milk__task5__init0__pair0__rollout4__seed130388__successFalse__t220__frames220of220__pick_the_akita_black_bowl_next_to_the_ramekin_and_.mp4,220,220,188.0,True,False
libero_spatial_with_milk,5,4,0,4,130388,0,130388,3,48,pick the akita black bowl next to the ramekin and place it on the plate,-1,-1,none,-1,-1,-1,-1,4.0,0.0014576043467968,0.0048966105096042,0.006696737371385,0.0022322321310639,0.0007669609040021,0.0012056513223797,0.0074105192907154,0.523307204246521,0.0002845576382242,0.0007326006889343,0.0007994772749952,0.0017194838728755,0.4647507965564728,1.4142135381698608,13.518506050109863,0.8535923361778259,3.3447721004486084,39.67603302001953,0.0059516495093703,0.0106122642755508,0.0186377018690109,0.0056259278208017,0.0099872592836618,0.0179104525595903,0.0053373728878796,0.0095337526872754,0.0167820993810892,0.0078951730392873,0.0079973759129643,0.0107363937422633,0.010973204858601,0.021689367480576,0.0228124782443046,0.0075773083372041,0.0076256673783063,0.0078177823452278,0.007912416011095,0.006837157998234,0.0071179904043674,0.006837157998234,0.0071179904043674,first,1.0,0.0,0.5236414074897766,1.174465894699097,0.0,0.5236414074897766,0.0,0.5236414074897766,True,0.523307204246521,0.0002845576382242,0.0007326006889343,0.0216893665492534,0.0007533886819146,0.006837157998234,0.000166667450685,133388,133388,64,16,0,False,False,0.0,0.0,0.0050552790176275,0.0481424749241505,2.786076407285072e-07,2.786076397365278e-07,0.0,0.0,0.0,0.0,54.0,7.0,52.0,0.3297784634152965,0.8811470826673745,0.1,0.0759150675040358,0.0576271119150802,0.0948938343800447,0.4373207830351833,5.784213554911405,20.13084375103634,2326.036354057782,759.112060546875,11.8966703414917,19.32774469445652,0.8620926130907359,392.6502380371094,9.178305625915527,22.190744957963098,0.919304096478691,0.0729328021407127,0.0162317529320716,0.05311781167984,0.0134126506745815,0.0219072289764881,0.5236414074897766,0.5236414074897766,0.0085294261249313,0.0972985466293511,12.0,0.0050545668698245,0.0972985466293511,0.0,7.597370878463481e-19,0.0,2.35511644026798e-18,0.0,1.2260083378370393e-18,0.0,4.238834525933297e-18,0.0,0.0,False,220,14,timeout_no_goal,220,False,False,False,-1,,akita_black_bowl_1,False,-1,False,-1,False,0.0,0.0,-1,71,0.168450447180154,1.4358810380702354,0.3760523656653083,3.735214027745031,31225599.147636544,0.5236414074897766,/home/jovyan/shares/SR006.nfs2/spiridonov/malnev_world_model/YSDA_WORD_MODELS_PP/experiments/campaigns/phase1_boundary_20260724/videos/phase1_boundary_20260724__known_boundary_milk/libero_spatial_with_milk__task5__init0__pair0__rollout4__seed130388__successFalse__t220__frames220of220__pick_the_akita_black_bowl_next_to_the_ramekin_and_.mp4,220,220,172.0,True,False
libero_spatial_with_milk,5,4,0,4,130388,0,130388,4,64,pick the akita black bowl next to the ramekin and place it on the plate,-1,-1,none,-1,-1,-1,-1,4.0,0.0019670543260872,0.0093428092077374,0.00803511030972,0.0035725776106119,0.0008114602533169,0.000617267913185,0.0108224162831902,0.6003062129020691,0.0004905430250801,0.0013157129287719,0.0009305051062256,0.001879874500446,0.4717811048030853,1.4790199995040894,12.05197048187256,0.9753093123435974,3.570714235305786,31.63364601135254,0.0065450384281575,0.0119235888123512,0.0224970541894435,0.0056955562904477,0.010113731957972,0.0197971016168594,0.0054960870184004,0.0098412968218326,0.0191206242889165,0.0083894685376435,0.0084195118397474,0.0111763237509876,0.0114318989217281,0.0219329264946281,0.023064162582159,0.0076969356741756,0.0077518206089735,0.0079636930022388,0.0080474456772208,0.0069648042554035,0.0070435656234622,0.0069648042554035,0.0070435656234622,first,1.0,0.0,0.6004931926727295,0.3811689615249634,0.0,0.6004931926727295,2.0,0.6009933352470398,False,0.6003062129020691,0.0004905430250801,0.0013157129287719,0.0219329260289669,0.0008303952636197,0.0069648041389882,9.0721070591826e-05,134388,134390,80,16,0,False,False,0.0,0.0,0.1172299139114878,0.0497137640416556,2.786076407285072e-07,2.786076397365278e-07,0.0,0.0,0.0,0.0,112.0,11.0,112.0,0.897094507324395,1.22502349565082,0.0888888888888888,0.1561529628100728,0.147482117974558,0.195191203512591,0.4896483586907267,3.654241254915444,7.769405185995502,164.04636232258792,754.5386352539062,11.983797073364258,19.35398878654254,0.8598861238846649,1498.7203369140625,18.947843551635746,16.373597603520146,0.7216364782604106,0.12289609760046,0.0237856972962617,0.085838496685028,0.0108977379277348,0.0186777003109455,0.6004931926727295,0.6004931926727295,0.0203744432916619,0.1329377985484758,12.0,0.1329377985484758,0.1115555209514672,0.0,1.0878439228095676e-19,0.0,2.767440910370427e-18,0.0,2.9634296524938763e-18,0.0,3.2195190835987333e-18,0.0,0.0,False,220,14,timeout_no_goal,220,False,False,False,-1,,akita_black_bowl_1,False,-1,False,-1,False,0.0,0.0,-1,71,0.168450447180154,1.4358810380702354,0.3760523656653083,3.735214027745031,31225599.147636544,0.6004931926727295,/home/jovyan/shares/SR006.nfs2/spiridonov/malnev_world_model/YSDA_WORD_MODELS_PP/experiments/campaigns/phase1_boundary_20260724/videos/phase1_boundary_20260724__known_boundary_milk/libero_spatial_with_milk__task5__init0__pair0__rollout4__seed130388__successFalse__t220__frames220of220__pick_the_akita_black_bowl_next_to_the_ramekin_and_.mp4,220,220,156.0,True,False
libero_spatial_with_milk,5,4,0,4,130388,0,130388,5,80,pick the akita black bowl next to the ramekin and place it on the plate,-1,-1,none,-1,-1,-1,-1,4.0,0.0016967478441074,0.0088075073435902,0.0072507299482822,0.0031756479293107,0.0005562961450777,0.0006814030930399,0.0095225218683481,0.7515352368354797,0.0004392477858345,0.0012414455413818,0.0004856200539506,0.001004493329674,0.481967031955719,1.4790199995040894,9.43398094177246,0.5902979373931885,1.8708287477493288,13.442005157470703,0.0061721429228782,0.0112040843814611,0.0228428058326244,0.0055949972011148,0.0099107306450605,0.0174684077501297,0.0055688205175101,0.0098443375900387,0.0180965196341276,0.0079658210743218,0.0080748293548822,0.0106089524924755,0.0110645899549126,0.0220473953522741,0.0229867435991764,0.0075515586649999,0.0076435250230133,0.0079055180540308,0.0080068865790963,0.0071520750643685,0.0072249774821102,0.0071520750643685,0.0072249774821102,first,1.0,0.0,0.7521603107452393,1.4230552911758425,0.0,0.7521603107452393,0.0,0.7521603107452393,True,0.7515352368354797,0.0004392477858345,0.0012414455413818,0.022047396749258,0.0005633071414195,0.0071520749479532,5.350513674784452e-05,135388,135388,96,16,0,False,False,0.0,0.0,0.168450447180154,0.0518688988886897,2.786076407285072e-07,2.786076397365278e-07,0.0,0.0,0.0,0.0,176.0,11.0,176.0,1.03090263897839,1.130981076385592,0.1222222222222222,0.2237996772812848,0.1972363217487751,0.279749596601606,0.6069113870588573,3.0289783027388606,5.660218241605005,48.87960216797539,900.6376342773438,14.108318328857422,18.585302703201755,0.8398075074130233,1500.27294921875,17.662141799926758,16.36910082108438,0.7191650430235622,0.0213019382208585,0.005566269159317,0.0134201049804687,0.0186478681862354,0.0039362637326121,0.7521603107452393,0.7521603107452393,0.0190055071328018,0.1973330090313568,12.0,0.1973330090313568,0.0307330765622648,0.0,5.250553915391745e-19,0.0,1.3591651868506897e-18,0.0,1.3889466403015877e-18,0.0,5.1053539147692914e-18,0.0,0.0,False,220,14,timeout_no_goal,220,False,False,False,-1,,akita_black_bowl_1,False,-1,False,-1,False,0.0,0.0,-1,71,0.168450447180154,1.4358810380702354,0.3760523656653083,3.735214027745031,31225599.147636544,0.7521603107452393,/home/jovyan/shares/SR006.nfs2/spiridonov/malnev_world_model/YSDA_WORD_MODELS_PP/experiments/campaigns/phase1_boundary_20260724/videos/phase1_boundary_20260724__known_boundary_milk/libero_spatial_with_milk__task5__init0__pair0__rollout4__seed130388__successFalse__t220__frames220of220__pick_the_akita_black_bowl_next_to_the_ramekin_and_.mp4,220,220,140.0,True,False
libero_spatial_with_milk,5,4,0,4,130388,0,130388,6,96,pick the akita black bowl next to the ramekin and place it on the plate,-1,-1,none,-1,-1,-1,-1,4.0,0.001903313328512,0.0087119108065962,0.0096575189381837,0.0035339761525392,0.0006608283729292,0.0007387801306322,0.010429423302412,0.8552265167236328,0.0005617492133751,0.0013225078582763,0.0008734512375667,0.0029425569809973,0.933171570301056,2.915475845336914,21.189620971679688,3.67283296585083,14.618053436279297,66.9043197631836,0.006260703317821,0.01123483851552,0.0204102005809545,0.0056039057672023,0.0098839355632662,0.0161426272243261,0.0057149045169353,0.0102178128436207,0.0178784318268299,0.0081644242163747,0.0082177566364407,0.0110457316040992,0.0115922093391418,0.0230782842263579,0.023581052199006,0.0074310100171715,0.007502943277359,0.0076775479828938,0.0077695897780358,0.0073511481750756,0.007467667106539,0.0073511481750756,0.007467667106539,first,1.0,0.0,0.8555265069007874,0.5340286493301392,0.0,0.8555265069007874,3.0,0.8559989929199219,False,0.8552265167236328,0.0005617492133751,0.0013225078582763,0.0230782832950353,0.0004958559293299,0.0073511484079062,8.320451161125675e-05,136388,136391,112,16,0,False,False,0.0,0.0,0.1197897592619787,0.0486717878015789,0.002249125707798,2.786076397365278e-07,0.0,0.0,0.0,0.0,174.0,12.0,174.0,0.8892414067069234,0.9980756182878768,0.1222222222222222,0.1526833157186518,0.1381385550371711,0.1908541446483148,0.5315300334207016,5.339597788228588,18.20731382301101,562.2773930021433,957.8748779296876,15.00475025177002,18.317715776490807,0.8344696225955667,2780.15771484375,30.16571044921875,13.690109272723124,0.6112561946235,0.0713632777333259,0.0167062748223543,0.0587626695632934,0.0212962981313467,0.0164632443338632,0.8555265069007874,0.8555265069007874,0.0222516340852783,0.1276434706797633,12.0,0.127549546301865,0.1276434706797633,0.0,3.3117607176868828e-19,0.0,1.1531243571893426e-18,0.0,2.532757693478412e-18,0.0022449976793471,0.0095815943623644,0.0,0.0,False,220,14,timeout_no_goal,220,False,False,False,-1,,akita_black_bowl_1,False,-1,False,-1,False,0.0,0.0,-1,71,0.168450447180154,1.4358810380702354,0.3760523656653083,3.735214027745031,31225599.147636544,0.8555265069007874,/home/jovyan/shares/SR006.nfs2/spiridonov/malnev_world_model/YSDA_WORD_MODELS_PP/experiments/campaigns/phase1_boundary_20260724/videos/phase1_boundary_20260724__known_boundary_milk/libero_spatial_with_milk__task5__init0__pair0__rollout4__seed130388__successFalse__t220__frames220of220__pick_the_akita_black_bowl_next_to_the_ramekin_and_.mp4,220,220,124.0,True,False
libero_spatial_with_milk,5,4,0,4,130388,0,130388,7,112,pick the akita black bowl next to the ramekin and place it on the plate,-1,-1,none,-1,-1,-1,-1,4.0,0.0151238720864057,0.7706047296524048,0.0687265172600746,0.0154444249346852,0.0029014011379331,0.0508296228945255,0.108073242008686,0.9472917318344116,0.0099230809137225,0.0225092768669128,0.0030038531403988,0.0072837504558265,1.4513946771621704,5.873670101165772,53.43863296508789,2.40024471282959,10.6858549118042,56.11316680908203,0.0204460956156253,0.0466648563742637,0.8046956658363342,0.006742482073605,0.0123871564865112,0.02174430526793,0.0208124872297048,0.027716850861907,0.03708141669631,0.0110024558380246,0.0124845076352357,0.0417306083254516,0.0672453418374061,0.0320590753108263,0.0362083949148654,0.0088437802623957,0.0093733249232172,0.0097963036969304,0.0105007663369178,0.0112968273460865,0.0118509232997894,0.0112968273460865,0.0118509232997894,first,1.0,0.0,0.9548059701919556,0.7572485208511353,0.0,0.9548059701919556,1.0,0.959339439868927,False,0.9472917318344116,0.0099230809137225,0.0225092768669128,0.0320590734481811,0.0026356305461376,0.0112968273460865,0.0004797761503141,137388,137389,128,16,0,False,False,0.0,0.0,0.0142533867699667,0.0491196631639374,0.002259539896928,2.786076397365278e-07,0.0,0.0,0.0,0.0,22.0,6.0,22.0,0.4913456207673988,0.6849138103190949,0.0555555555555555,0.0708076987100849,0.0662241791528675,0.0885096233876062,0.2665099560582598,2.753937162596459,4.562586535051416,395.9960143468533,932.8787231445312,14.878554344177246,18.43255172954829,0.8344887681101874,2542.665283203125,27.9597225189209,14.07791167513059,0.5637183125974612,0.0692192837595939,0.0188340581953525,0.0436219573020935,0.0531875044107437,0.0331200622022151,0.9548059701919556,0.9548059701919556,0.0039927547763329,0.0363991383908027,12.0,0.0006404813106433,0.0363991383908027,0.0,9.436418439333444e-19,0.0,3.1386067230806845e-18,0.0,1.7215115159541618e-18,0.0014436047978246,0.0094298328167242,0.0,0.0,False,220,14,timeout_no_goal,220,False,False,False,-1,,akita_black_bowl_1,False,-1,False,-1,False,0.0,0.0,-1,71,0.168450447180154,1.4358810380702354,0.3760523656653083,3.735214027745031,31225599.147636544,0.9548059701919556,/home/jovyan/shares/SR006.nfs2/spiridonov/malnev_world_model/YSDA_WORD_MODELS_PP/experiments/campaigns/phase1_boundary_20260724/videos/phase1_boundary_20260724__known_boundary_milk/libero_spatial_with_milk__task5__init0__pair0__rollout4__seed130388__successFalse__t220__frames220of220__pick_the_akita_black_bowl_next_to_the_ramekin_and_.mp4,220,220,108.0,True,False
libero_spatial_with_milk,5,4,0,4,130388,0,130388,8,128,pick the akita black bowl next to the ramekin and place it on the plate,-1,-1,none,-1,-1,-1,-1,4.0,0.0022926530800759,0.0097581651061773,0.013371611945331,0.0039634318090975,0.000873053621035,0.0015391139313578,0.0129684908315539,0.7622156739234924,0.0007700749556533,0.0017568469047546,0.001894848421216,0.0049191862344741,0.7819178104400635,2.4874684810638428,21.360010147094727,3.208369255065918,14.042346954345703,79.3567886352539,0.0066136703826487,0.0123209543526172,0.0228172969073057,0.0060055875219404,0.0108070708811283,0.0195760447531938,0.005850039422512,0.0104899117723107,0.0192818380892276,0.008327686227858,0.0083990516141057,0.0122444829903543,0.0133590139448642,0.0234982478432357,0.0248473212122917,0.0083828668575733,0.008489110507071,0.0096958831418305,0.0101120304316282,0.0077621497912332,0.0078404359519481,0.0077621497912332,0.0078404359519481,first,1.0,0.0,0.7612065076828003,-1.3104779720306396,0.0,0.7612065076828003,2.0,0.7629633545875549,False,0.7622156739234924,0.0007700749556533,0.0017568469047546,0.023498248308897,0.0010492672445252,0.0077621494419872,8.590859215473756e-05,138388,138390,144,16,0,False,False,0.0,0.0,0.0124895528316506,0.0677142522693174,0.0018154391681418,2.786076397365278e-07,0.0,0.0,0.0,0.0,6.0,4.0,6.0,0.4063199544564128,0.7402932348028369,0.1222222222222222,0.0639747879528752,0.0490495414302952,0.079968484941094,0.5225561536380167,3.7171606744809553,8.533226613324741,1187.4932805739609,721.0474243164062,12.759140968322754,19.551165310422533,0.8736083335873113,1689.3148193359375,23.285873413085938,15.85369768988028,0.7751521005522066,0.1515202522277832,0.0334304571151733,0.1184048056602478,0.0123856216669082,0.0752660557627677,0.7612065076828003,0.7612065076828003,0.0024391774445837,0.0259369343793436,12.0,0.0031618104942112,0.0259369343793436,0.0,1.2996974673947494e-18,0.0,1.2343414523162485e-18,0.0,2.640353752265085e-18,2.966739220075056e-05,0.0001417170692489,0.0,0.0,False,220,14,timeout_no_goal,220,False,False,False,-1,,akita_black_bowl_1,False,-1,False,-1,False,0.0,0.0,-1,71,0.168450447180154,1.4358810380702354,0.3760523656653083,3.735214027745031,31225599.147636544,0.7612065076828003,/home/jovyan/shares/SR006.nfs2/spiridonov/malnev_world_model/YSDA_WORD_MODELS_PP/experiments/campaigns/phase1_boundary_20260724/videos/phase1_boundary_20260724__known_boundary_milk/libero_spatial_with_milk__task5__init0__pair0__rollout4__seed130388__successFalse__t220__frames220of220__pick_the_akita_black_bowl_next_to_the_ramekin_and_.mp4,220,220,92.0,True,False
libero_spatial_with_milk,5,4,0,4,130388,0,130388,9,144,pick the akita black bowl next to the ramekin and place it on the plate,-1,-1,none,-1,-1,-1,-1,4.0,0.004526219330728,0.0187163259834051,0.0227437503635883,0.0081902528181672,0.0014413385652005,0.002788757905364,0.0250704940408468,0.9598987102508544,0.0014287753729149,0.0032007098197937,0.008697485551238,0.0369551479816436,1.9531328678131104,8.276473045349121,65.08599853515625,4.17878007888794,17.740562438964844,68.9288558959961,0.008776425383985,0.0174675956368446,0.0320474877953529,0.0122226309031248,0.0381711833178997,0.0485166981816291,0.0063586449250578,0.0111796399578452,0.0201488975435495,0.0098553909920156,0.0100753828883171,0.018139855004847,0.0209277011454105,0.0253186663612723,0.0263107437640428,0.0090110674500465,0.009324830956757,0.0113676136825233,0.0118613680824637,0.0077045271173119,0.0078500034287571,0.0077045271173119,0.0078500034287571,first,1.0,0.0,0.9588273763656616,-0.7498266696929932,0.0,0.9588273763656616,2.0,0.9613540172576904,False,0.9598987102508544,0.0014287753729149,0.0032007098197937,0.0253186672925949,0.000795638829004,0.0077045271173119,0.000100602301245,139388,139390,160,16,0,False,False,0.0,0.0,0.0220110583436431,0.0631942548196352,0.0025961726036988,0.0004343229126565,0.0,0.0,0.0,0.0,61.0,7.0,61.0,0.4048921950475665,0.9247917811806752,0.1,0.0371099362238453,0.0210053278451683,0.0463874202798066,0.3639326104547086,5.17302886503886,19.45784632133256,8264.465195584118,796.3651733398438,13.55580997467041,19.119681016735733,0.857035047871758,1582.642333984375,22.4993953704834,16.136975824096226,0.7947241974657593,0.2351284921169281,0.0448652245104312,0.1645585000514984,0.022155350074172,0.0260816738009452,0.9588273763656616,0.9588273763656616,0.0134869321852685,0.1565417732036378,12.0,0.0043040010599322,0.1565417732036378,0.0,3.025141143587386e-19,0.0,3.886631690012432e-18,0.0,2.3217585246483786e-19,0.0006860792476745,0.0003113327119777,0.0,0.0,False,220,14,timeout_no_goal,220,False,False,False,-1,,akita_black_bowl_1,False,-1,False,-1,False,0.0,0.0,-1,71,0.168450447180154,1.4358810380702354,0.3760523656653083,3.735214027745031,31225599.147636544,0.9588273763656616,/home/jovyan/shares/SR006.nfs2/spiridonov/malnev_world_model/YSDA_WORD_MODELS_PP/experiments/campaigns/phase1_boundary_20260724/videos/phase1_boundary_20260724__known_boundary_milk/libero_spatial_with_milk__task5__init0__pair0__rollout4__seed130388__successFalse__t220__frames220of220__pick_the_akita_black_bowl_next_to_the_ramekin_and_.mp4,220,220,76.0,True,False
libero_spatial_with_milk,5,4,0,4,130388,0,130388,10,160,pick the akita black bowl next to the ramekin and place it on the plate,-1,-1,none,-1,-1,-1,-1,4.0,0.0013666873564943,0.0077007771469652,0.0081959664821624,0.0022426734212785,0.0006848066113889,0.0007843717467039,0.0074544786475598,0.9885777831077576,0.0011486845323815,0.0028557181358337,0.0007726065232418,0.0019200325477868,0.8274681568145752,2.861380815505981,26.1282901763916,3.019599437713623,13.45362377166748,77.69974517822266,0.0058554885908961,0.0105601223185658,0.0193051975220441,0.00571666425094,0.0101005593314766,0.0218105260282754,0.0063372729346156,0.0111856153234839,0.0199356749653816,0.0075931034516543,0.0076557151041924,0.0113896366674453,0.0121856136247515,0.0208167470991611,0.0214064344763755,0.0076903157168999,0.0077875694260001,0.0080020492896437,0.008110255934298,0.0079209886025637,0.0080570643767714,0.0079209886025637,0.0080570643767714,first,1.0,0.0,0.9901294112205504,1.3507869243621826,0.0,0.9901294112205504,0.0,0.9901294112205504,True,0.9885777831077576,0.0011486845323815,0.0028557181358337,0.0208167470991611,0.0004795366548933,0.0079209888353943,9.411075006937608e-05,140388,140388,176,16,0,False,False,0.0,0.0,0.0144524048288989,0.0742986242807736,0.0024495763699681,2.786076397365278e-07,0.0,0.0,0.0,0.0,0.0,0.0,0.0,0.2368251683440773,0.2984342342100858,0.0666666666666666,0.0527436830969888,0.0526256567378489,0.065929603871236,0.0774723542997609,1.0737027109720034,4.907124495537174,203.7127680877246,765.8468627929688,12.983763694763184,19.289384232102574,0.8622167766003728,2464.218505859375,27.911518096923828,14.214011461411122,0.6811053590242786,0.0874801948666572,0.0229179169982671,0.0575454235076904,0.074433222413063,0.0330696813762187,0.9901294112205504,0.9901294112205504,0.0119334938840867,0.1387979290648177,12.0,0.0043364197673669,0.1387979290648177,0.0,2.090923605871748e-19,0.0,2.6594018134150377e-18,0.0,1.4139522433567244e-18,6.900105203876614e-06,6.06776716523816e-05,0.0,0.0,False,220,14,timeout_no_goal,220,False,False,False,-1,,akita_black_bowl_1,False,-1,False,-1,False,0.0,0.0,-1,71,0.168450447180154,1.4358810380702354,0.3760523656653083,3.735214027745031,31225599.147636544,0.9901294112205504,/home/jovyan/shares/SR006.nfs2/spiridonov/malnev_world_model/YSDA_WORD_MODELS_PP/experiments/campaigns/phase1_boundary_20260724/videos/phase1_boundary_20260724__known_boundary_milk/libero_spatial_with_milk__task5__init0__pair0__rollout4__seed130388__successFalse__t220__frames220of220__pick_the_akita_black_bowl_next_to_the_ramekin_and_.mp4,220,220,60.0,True,False
libero_spatial_with_milk,5,4,0,4,130388,0,130388,11,176,pick the akita black bowl next to the ramekin and place it on the plate,-1,-1,none,-1,-1,-1,-1,4.0,0.0027817988302558,0.006168358027935,0.0099102519452571,0.0037418287247419,0.0025018448941409,0.0007415707223117,0.0127184195443987,0.9980388879776,0.0001015577436191,0.0002616643905639,0.0006212388980202,0.0011588151101022,0.4318460822105407,1.2247449159622192,6.184658527374268,0.5477951765060425,1.6393595933914185,16.603839874267578,0.0076382402330636,0.0143159143626689,0.0256137866526842,0.0057185608893632,0.010101300664246,0.0199705138802528,0.0058132326230406,0.0103407818824052,0.0176521707326173,0.0087797369342297,0.0090280668810009,0.0154880092013627,0.0159393306821584,0.0275271022692322,0.0281390212476253,0.0085194970015436,0.0087541788816452,0.0092705893330276,0.0096089541912078,0.0076786748832091,0.0077886525541543,0.0076786748832091,0.0077886525541543,first,1.0,0.0,0.9979673624038696,-0.7042847871780396,0.0,0.9979673624038696,2.0,0.9981993436813354,False,0.9980388879776,0.0001015577436191,0.0002616643905639,0.0275271032005548,0.000466022407636,0.0076786745339632,7.56226945668459e-05,141388,141390,192,16,0,False,False,0.0,0.0,0.0121441253527889,0.1025465348210283,0.002449576385901,2.786076397365278e-07,0.0,0.0,0.0,0.0,0.0,0.0,0.0,0.2416243998500184,0.2770049116599481,0.0,0.052620605056612,0.0523191096430303,0.065775756320765,0.0638878203784446,1.3887483069372382,5.144912320579414,276.1441168972186,906.2477416992188,14.741828918457031,18.558334235164903,0.8363717903526926,4221.849609375,40.47944641113281,11.875776020483,0.4292356020503107,0.1389990746974945,0.0363302417099475,0.0868556499481201,0.0886528566479682,0.1037476882338523,0.9979673624038696,0.9979673624038696,5.383839239909433e-08,5.488932577135806e-07,12.0,9.360501457263097e-08,5.488932577135806e-07,0.0,4.799508729251412e-19,0.0,1.6076299424659242e-18,0.0,2.1353372776998962e-18,4.512141298272671e-11,3.517315085714714e-09,0.0,0.0,False,220,14,timeout_no_goal,220,False,False,False,-1,,akita_black_bowl_1,False,-1,False,-1,False,0.0,0.0,-1,71,0.168450447180154,1.4358810380702354,0.3760523656653083,3.735214027745031,31225599.147636544,0.9979673624038696,/home/jovyan/shares/SR006.nfs2/spiridonov/malnev_world_model/YSDA_WORD_MODELS_PP/experiments/campaigns/phase1_boundary_20260724/videos/phase1_boundary_20260724__known_boundary_milk/libero_spatial_with_milk__task5__init0__pair0__rollout4__seed130388__successFalse__t220__frames220of220__pick_the_akita_black_bowl_next_to_the_ramekin_and_.mp4,220,220,44.0,True,False
libero_spatial_with_milk,5,4,0,4,130388,0,130388,12,192,pick the akita black bowl next to the ramekin and place it on the plate,-1,-1,none,-1,-1,-1,-1,4.0,0.0022080861963331,0.0087205553427338,0.0073854895308613,0.0038130648899823,0.001064128940925,0.0008250210667029,0.0124970162287354,0.9987725615501404,0.0001157084698206,0.0002944469451904,0.0003449184005148,0.0006050629890523,0.4209669530391693,1.2247449159622192,11.090536117553713,0.525234043598175,1.5,10.497023582458496,0.0066794236190617,0.0121622504666447,0.0221500918269157,0.0056073982268571,0.0099602909758687,0.020070781931281,0.0058013256639242,0.0103451162576675,0.016897652298212,0.0084276846610009,0.0085893226787447,0.0121291307732462,0.012661300599575,0.0247543943114578,0.0256982930004596,0.0084004544187337,0.0084781711921095,0.0095101413317024,0.0096566518768668,0.0077146524563431,0.0077705667354166,0.0077146524563431,0.0077705667354166,first,1.0,0.0,0.9985748529434204,-1.7086787223815918,0.0,0.9985748529434204,1.0,0.9988692998886108,False,0.9987725615501404,0.0001157084698206,0.0002944469451904,0.0247543938457965,0.0005916388472542,0.0077146524563431,6.446026236517355e-05,142388,142389,208,16,0,False,False,0.0,0.0,0.0121441087954518,0.1120877614590702,0.0024495763865817,2.786076397365278e-07,0.0,0.0,0.0,0.0,0.0,0.0,0.0,0.2556879014420838,0.276617574572987,0.0,0.0330473567624786,0.0310915863563677,0.0413091959530982,0.1063588338389492,1.9046056660890007,11.928430616953912,2441.014565860162,960.0127563476562,15.343949317932127,18.308033570214786,0.8244804370375649,2563.9013671875,27.89863586425781,14.041790469283589,0.6394412658445375,0.0499841943383216,0.0128361405804753,0.0354729890823364,0.042203851044178,0.0244383830577135,0.9985748529434204,0.9985748529434204,5.366463085321741e-08,5.50130052930375e-07,12.0,9.358839010480037e-08,5.50130052930375e-07,0.0,3.69869571862577e-19,0.0,9.55134001764802e-19,0.0,2.4864871890900896e-18,2.5385805995855048e-12,2.545886190224682e-10,0.0,0.0,False,220,14,timeout_no_goal,220,False,False,False,-1,,akita_black_bowl_1,False,-1,False,-1,False,0.0,0.0,-1,71,0.168450447180154,1.4358810380702354,0.3760523656653083,3.735214027745031,31225599.147636544,0.9985748529434204,/home/jovyan/shares/SR006.nfs2/spiridonov/malnev_world_model/YSDA_WORD_MODELS_PP/experiments/campaigns/phase1_boundary_20260724/videos/phase1_boundary_20260724__known_boundary_milk/libero_spatial_with_milk__task5__init0__pair0__rollout4__seed130388__successFalse__t220__frames220of220__pick_the_akita_black_bowl_next_to_the_ramekin_and_.mp4,220,220,28.0,True,False
libero_spatial_with_milk,5,4,0,4,130388,0,130388,13,208,pick the akita black bowl next to the ramekin and place it on the plate,-1,-1,none,-1,-1,-1,-1,4.0,0.0022696435917168,0.005783712491393,0.007252347189933,0.0041336198337376,0.0008752176654525,0.0008609911310486,0.0121461562812328,0.9993529319763184,0.0002024351997533,0.0005111098289489,0.0004945874679833,0.0010560025693848,0.4347616732120514,1.2247449159622192,8.200610160827637,0.5950259566307068,1.8027756214141848,14.603081703186035,0.0065356567502021,0.0116681717336177,0.0270094592124223,0.0058172247372567,0.0103314416483044,0.019704982638359,0.0057529467158019,0.0101467333734035,0.017648285254836,0.0084535460919141,0.0087707797065377,0.01630584243685,0.0165287181735038,0.0261540557257831,0.0269450172781944,0.0103832848835736,0.0105982730165123,0.015787242911756,0.015926694497466,0.0075939027592539,0.0077120796777307,0.0075939027592539,0.0077120796777307,first,1.0,0.0,0.9992223978042604,-0.6448195576667786,0.0,0.9992223978042604,3.0,0.9996939897537231,False,0.9993529319763184,0.0002024351997533,0.0005111098289489,0.0261540543287992,0.0007886301609687,0.0075939027592539,9.196389146381988e-05,143388,143391,220,12,0,False,False,0.0,0.0,0.0121440921982481,0.1115318503030906,0.0024495763870922,2.786076397365278e-07,0.0,0.0,0.0,0.0,0.0,0.0,0.0,0.200419479074884,0.2187036489027082,0.0,0.028152612732882,0.0266241803526421,0.0469210212214701,0.1270653935694078,2.2453307121927333,12.357766413897831,823.8630602138998,893.0167846679688,14.332669258117676,18.62220739134824,0.8362154894008231,3104.3515625,32.2167854309082,13.21109462390007,0.5730560106897314,0.078258492052555,0.0215929131954908,0.0492105484008789,0.0549292005598545,0.0484264008700847,0.9992223978042604,0.9992223978042604,4.0248594311483444e-08,4.125989352417818e-07,12.0,7.019135107213356e-08,4.125989352417818e-07,0.0,1.5300215349997237e-18,0.0,1.7301127909736705e-18,0.0,1.791508500926595e-18,1.903982261318139e-12,1.9094143657287778e-10,0.0,0.0,False,220,14,timeout_no_goal,220,False,False,False,-1,,akita_black_bowl_1,False,-1,False,-1,False,0.0,0.0,-1,71,0.168450447180154,1.4358810380702354,0.3760523656653083,3.735214027745031,31225599.147636544,0.9992223978042604,/home/jovyan/shares/SR006.nfs2/spiridonov/malnev_world_model/YSDA_WORD_MODELS_PP/experiments/campaigns/phase1_boundary_20260724/videos/phase1_boundary_20260724__known_boundary_milk/libero_spatial_with_milk__task5__init0__pair0__rollout4__seed130388__successFalse__t220__frames220of220__pick_the_akita_black_bowl_next_to_the_ramekin_and_.mp4,220,220,12.0,True,True
libero_spatial_with_milk,5,5,0,5,130485,0,130485,0,0,pick the akita black bowl next to the ramekin and place it on the plate,-1,-1,none,-1,-1,-1,-1,4.0,0.001233100076206,0.0059158680960536,0.0049714930355548,0.0020676578860729,0.0005637836293317,0.0007373765693046,0.0071022412739694,0.3311348259449005,0.0009892882080748,0.0027825832366943,0.0007433706778101,0.0019469851395115,0.4896077215671539,1.4790199995040894,17.991317749023438,1.0980305671691897,4.9749369621276855,37.17105865478516,0.0060503031127154,0.0108996760100126,0.0212406404316425,0.0057082162238657,0.0101254088804125,0.0198172442615032,0.0058183288201689,0.0102922199293971,0.0170657765120267,0.0078068512957543,0.0078482180833816,0.0109180561266839,0.0117279617115855,0.0212114746682345,0.0216709300875663,0.0075026460690423,0.0076310583390295,0.00779893505387,0.0080550936982035,0.0070726230042055,0.0071608773432672,0.0070726230042055,0.0071608773432672,first,1.0,0.0,0.3296509981155395,-1.499894380569458,0.0,0.3296509981155395,2.0,0.3324335813522339,False,0.3311348259449005,0.0009892882080748,0.0027825832366943,0.0212114751338958,0.0003118046734016,0.0070726233534514,7.196952356025577e-05,130485,130487,16,16,0,False,False,0.0,0.0,2.786076397365278e-07,0.3211752094235045,2.786076407285072e-07,2.786076397365278e-07,0.0,0.0,0.0,0.0,0.0,0.0,0.0,0.7183060711133216,0.8385299811375955,0.1,0.1404519473959106,0.1403995103427306,0.1755649342448882,0.2829564033492652,1.7404349804543566,6.111027867902075,71.01936306119656,611.807373046875,10.466012954711914,20.264656543940166,0.8810960083334745,803.7381591796875,12.099875450134276,19.07965772995728,0.8585609453291705,0.0076249758712947,0.0019406607607379,0.006120353937149,0.0022755833342671,0.0064933882094919,0.3296509981155395,0.3296509981155395,1.1638961072406261e-07,2.934624683612667e-07,12.0,2.934624683612516e-07,5.883756821119453e-09,2.934624683612667e-07,5.883756829051107e-09,2.530519738197512e-07,5.248930677263492e-17,2.6346862755526685e-07,3.568444201909502e-09,2.673608637928073e-07,9.187799776451898e-09,1.3438404960466898e-09,1.3286213395511305e-12,False,220,14,timeout_no_goal,220,False,False,False,-1,,akita_black_bowl_1,False,-1,False,-1,False,0.0,0.0,-1,71,0.1678010472987807,1.4999242443656484,0.4345116331807573,5.097603021979313,36212558.97682382,0.3296509981155395,/home/jovyan/shares/SR006.nfs2/spiridonov/malnev_world_model/YSDA_WORD_MODELS_PP/experiments/campaigns/phase1_boundary_20260724/videos/phase1_boundary_20260724__known_boundary_milk/libero_spatial_with_milk__task5__init0__pair0__rollout5__seed130485__successFalse__t220__frames220of220__pick_the_akita_black_bowl_next_to_the_ramekin_and_.mp4,220,220,220.0,True,False
libero_spatial_with_milk,5,5,0,5,130485,0,130485,1,16,pick the akita black bowl next to the ramekin and place it on the plate,-1,-1,none,-1,-1,-1,-1,4.0,0.0011865969281643,0.0057969996705651,0.0041108755394816,0.0017866427078843,0.0007936879992485,0.0005651859100908,0.0060284151695668,0.3515800833702087,0.0002401731035206,0.0005799829959869,0.0004824465722776,0.0009252629242837,0.4172105193138122,1.2247449159622192,22.151466369628903,0.5146419405937195,1.5811388492584229,12.754900932312012,0.0059979022480547,0.0107161020860075,0.0169139355421066,0.0056329253129661,0.0099455621093511,0.0159995816648006,0.0054849837906658,0.009822966530919,0.0170151758939027,0.0076287755509838,0.0076516312547028,0.009448128985241,0.0097266128286719,0.0195647245272994,0.0200086440891027,0.007391145452857,0.0074534299783408,0.0076270872959867,0.0078965360298752,0.0070172999985516,0.0070668887346982,0.0070172999985516,0.0070668887346982,first,1.0,0.0,0.3517708778381347,0.7944039702415466,0.0,0.3517708778381347,3.0,0.3518547415733337,False,0.3515800833702087,0.0002401731035206,0.0005799829959869,0.0195647254586219,0.0002996119728777,0.0070172999985516,5.749086994910613e-05,131485,131488,32,16,0,False,False,0.0,0.0,2.786076397365278e-07,0.2368150450546043,2.786076407285072e-07,2.786076397365278e-07,0.0,0.0,0.0,0.0,0.0,0.0,0.0,0.8507442552429016,0.8805739496099999,0.0444444444444444,0.1688211170335851,0.1663937715247749,0.2110263962919814,0.1569939497299372,1.051037632187269,2.2390728933438977,10.991417144916229,693.6287231445312,11.45420742034912,19.71953291905972,0.8700051457811966,820.2872314453125,11.07506275177002,18.991144094729812,0.8277585426882595,0.0101889846846461,0.0023944689892232,0.0069331303238868,0.0020545010920614,0.0097582479938864,0.3517708778381347,0.3517708778381347,7.381399124224149e-18,3.778771297600114e-17,12.0,0.0,3.577093995642149e-17,0.0,3.778771297600114e-17,0.0,8.760514391568006e-18,0.0,2.0414123996516172e-18,0.0,4.2162097670475386e-18,0.0,0.0,False,220,14,timeout_no_goal,220,False,False,False,-1,,akita_black_bowl_1,False,-1,False,-1,False,0.0,0.0,-1,71,0.1678010472987807,1.4999242443656484,0.4345116331807573,5.097603021979313,36212558.97682382,0.3517708778381347,/home/jovyan/shares/SR006.nfs2/spiridonov/malnev_world_model/YSDA_WORD_MODELS_PP/experiments/campaigns/phase1_boundary_20260724/videos/phase1_boundary_20260724__known_boundary_milk/libero_spatial_with_milk__task5__init0__pair0__rollout5__seed130485__successFalse__t220__frames220of220__pick_the_akita_black_bowl_next_to_the_ramekin_and_.mp4,220,220,204.0,True,False
libero_spatial_with_milk,5,5,0,5,130485,0,130485,2,32,pick the akita black bowl next to the ramekin and place it on the plate,-1,-1,none,-1,-1,-1,-1,4.0,0.001511333277449,0.0064604058861732,0.0065552894957363,0.0028110619168728,0.0004370470996946,0.0008350061252713,0.0083053102716803,0.4127812385559082,0.0005980982678011,0.0015673637390136,0.0005998234264552,0.0010657481616362,0.4578287005424499,1.4790199995040894,10.615436553955078,0.7044262290000916,2.861380815505981,21.74137687683105,0.0059280130080878,0.0107269920408725,0.0169191360473632,0.0055872239172458,0.0098942322656512,0.0194399747997522,0.0054523255676031,0.0096171544864773,0.0178174059838056,0.0077458905288949,0.0078485216945409,0.010277681518346,0.0104714063927531,0.0209805350750684,0.0214072372764349,0.0073621347546577,0.0074384212493896,0.0076293328311294,0.0078287320211529,0.0068430588580667,0.0068780756555497,0.0068430588580667,0.0068780756555497,first,1.0,0.0,0.4120826125144958,-1.1680790185928345,0.0,0.4120826125144958,2.0,0.4136499762535095,False,0.4127812385559082,0.0005980982678011,0.0015673637390136,0.0209805369377136,0.0004429050604812,0.0068430588580667,3.3931366488104686e-05,132485,132487,48,16,0,False,False,0.0,0.0,2.786076397365278e-07,0.0818579481490578,2.786076407285072e-07,2.786076397365278e-07,0.0,0.0,0.0,0.0,0.0,0.0,0.0,0.8810084534675506,0.9632830614454158,0.0666666666666666,0.1815872716776747,0.1683241822992001,0.2269840895970934,0.4268282907578004,2.737205349894008,5.256099679360824,59.90118530258836,800.755615234375,12.414494514465332,19.09580368066234,0.8528119352852903,308.87408447265625,7.697823524475098,23.232988897392403,0.9326511157557532,0.0110942097380757,0.0030302116647362,0.0074518918991088,0.0086145503446459,0.0069256597198545,0.4120826125144958,0.4120826125144958,1.286901135126882e-18,9.86715773377576e-18,12.0,0.0,1.3315791677922158e-18,0.0,4.300694577479929e-19,0.0,2.787788442317432e-18,0.0,1.0262188198891869e-18,0.0,9.86715773377576e-18,0.0,0.0,False,220,14,timeout_no_goal,220,False,False,False,-1,,akita_black_bowl_1,False,-1,False,-1,False,0.0,0.0,-1,71,0.1678010472987807,1.4999242443656484,0.4345116331807573,5.097603021979313,36212558.97682382,0.4120826125144958,/home/jovyan/shares/SR006.nfs2/spiridonov/malnev_world_model/YSDA_WORD_MODELS_PP/experiments/campaigns/phase1_boundary_20260724/videos/phase1_boundary_20260724__known_boundary_milk/libero_spatial_with_milk__task5__init0__pair0__rollout5__seed130485__successFalse__t220__frames220of220__pick_the_akita_black_bowl_next_to_the_ramekin_and_.mp4,220,220,188.0,True,False
libero_spatial_with_milk,5,5,0,5,130485,0,130485,3,48,pick the akita black bowl next to the ramekin and place it on the plate,-1,-1,none,-1,-1,-1,-1,4.0,0.0017984254518523,0.0240863226354122,0.0055648619309067,0.002552964258939,0.0008197549614124,0.002470820210874,0.0102813579142093,0.5272940397262573,0.0005473684868775,0.0013715028762817,0.000817431253381,0.0018632118590176,0.4725298285484314,1.4790199995040894,11.388042449951172,0.8249591588973999,3.278719186782837,39.08564376831055,0.0063097742386162,0.0113605102524161,0.0379529073834419,0.0056415922008454,0.0099778324365615,0.0187133830040693,0.0053609940223395,0.0095729334279894,0.0158784501254558,0.0080437923315912,0.0081398179754614,0.0129092552233487,0.0163105372339487,0.0225723534822464,0.0231648180633783,0.0078128892928361,0.0079342583194375,0.0082299611531198,0.00854017958045,0.0067200701450929,0.0068109664134681,0.0067200701450929,0.0068109664134681,first,1.0,0.0,0.5263545513153076,-1.716372847557068,0.0,0.5263545513153076,3.0,0.5277260541915894,False,0.5272940397262573,0.0005473684868775,0.0013715028762817,0.0225723534822464,0.0005723534268327,0.0067200702615082,9.781165863387288e-05,133485,133488,64,16,0,False,False,0.0,0.0,0.0050016412897458,0.0476507427903888,2.786076407285072e-07,2.786076397365278e-07,0.0,0.0,0.0,0.0,51.0,7.0,49.0,0.3260999563546682,0.8798622889136803,0.1111111111111111,0.0746066937894675,0.0554351337413888,0.0932583672368344,0.4517668828608717,5.952288471899903,20.07258761583149,2529.4398707147816,758.8465576171875,11.905280113220217,19.32926392504803,0.8614943642141941,400.2679748535156,9.229106903076172,22.1072951695512,0.9183295919063852,0.0694527849555015,0.0160399116575717,0.0506123900413513,0.0144235491752624,0.0236650928854942,0.5263545513153076,0.5263545513153076,0.0082381555269768,0.09374529404368,12.0,0.0051125722800423,0.09374529404368,0.0,4.81760180962597e-19,0.0,2.7982334361920632e-18,0.0,2.504302714602992e-19,0.0,6.456751647375148e-18,0.0,0.0,False,220,14,timeout_no_goal,220,False,False,False,-1,,akita_black_bowl_1,False,-1,False,-1,False,0.0,0.0,-1,71,0.1678010472987807,1.4999242443656484,0.4345116331807573,5.097603021979313,36212558.97682382,0.5263545513153076,/home/jovyan/shares/SR006.nfs2/spiridonov/malnev_world_model/YSDA_WORD_MODELS_PP/experiments/campaigns/phase1_boundary_20260724/videos/phase1_boundary_20260724__known_boundary_milk/libero_spatial_with_milk__task5__init0__pair0__rollout5__seed130485__successFalse__t220__frames220of220__pick_the_akita_black_bowl_next_to_the_ramekin_and_.mp4,220,220,172.0,True,False
libero_spatial_with_milk,5,5,0,5,130485,0,130485,4,64,pick the akita black bowl next to the ramekin and place it on the plate,-1,-1,none,-1,-1,-1,-1,4.0,0.0020012038294225,0.0124121131375432,0.0042574708350002,0.0035753718111664,0.0008609971846453,0.0006993187707848,0.0109245060011744,0.602164626121521,0.0007633565110154,0.0020760893821716,0.0008883647969923,0.0014999044360592,0.4841328263282776,1.4790199995040894,16.813312530517578,1.1905264854431152,4.205650806427002,37.205509185791016,0.0065785725601017,0.0121080186218023,0.023479551076889,0.0057055903598666,0.0100697753950953,0.0169196370989084,0.0055757677182555,0.0098941233009099,0.0165863092988729,0.0083576224278658,0.0084853675216436,0.0110304697882384,0.0116117987781763,0.0216021444648504,0.0223982483148574,0.0076815028442069,0.0077270492911338,0.0079791233874857,0.0080014914274215,0.0069399920757859,0.0070380461402237,0.0069399920757859,0.0070380461402237,first,1.0,0.0,0.6019471287727356,-0.2849223613739013,0.0,0.6019471287727356,3.0,0.6034122109413147,False,0.602164626121521,0.0007633565110154,0.0020760893821716,0.0216021444648504,0.0005558531265705,0.0069399918429553,7.216350786620751e-05,134485,134488,80,16,0,False,False,0.0,0.0,0.1203180046181435,0.0496826666577588,2.786076407285072e-07,2.786076397365278e-07,0.0,0.0,0.0,0.0,122.0,11.0,122.0,0.9016732247748358,1.2301296963134571,0.0666666666666666,0.1592606728653423,0.1509331874673332,0.1990758410816779,0.4869094624911921,3.5898933048301838,7.558755404138637,147.44646487374706,722.009033203125,11.658369064331056,19.54537729716928,0.8656508387154124,1450.9134521484375,18.681367874145508,16.51438853582058,0.7315348820629524,0.1070701330900192,0.0206786599010229,0.0751317143440246,0.0064963125623762,0.0184264909476041,0.6019471287727356,0.6019471287727356,0.020540916348615,0.1368734155556599,12.0,0.1368734155556599,0.1096175806277208,0.0,3.5480697641626535e-19,0.0,1.2201262370836921e-18,0.0,4.2218587906950696e-18,0.0,2.329399126490544e-18,0.0,0.0,False,220,14,timeout_no_goal,220,False,False,False,-1,,akita_black_bowl_1,False,-1,False,-1,False,0.0,0.0,-1,71,0.1678010472987807,1.4999242443656484,0.4345116331807573,5.097603021979313,36212558.97682382,0.6019471287727356,/home/jovyan/shares/SR006.nfs2/spiridonov/malnev_world_model/YSDA_WORD_MODELS_PP/experiments/campaigns/phase1_boundary_20260724/videos/phase1_boundary_20260724__known_boundary_milk/libero_spatial_with_milk__task5__init0__pair0__rollout5__seed130485__successFalse__t220__frames220of220__pick_the_akita_black_bowl_next_to_the_ramekin_and_.mp4,220,220,156.0,True,False
libero_spatial_with_milk,5,5,0,5,130485,0,130485,5,80,pick the akita black bowl next to the ramekin and place it on the plate,-1,-1,none,-1,-1,-1,-1,4.0,0.0015056726988404,0.0073156976141035,0.0085622016340494,0.0027807746082544,0.0004922056104987,0.000720769399777,0.0085127837955951,0.7513167858123779,0.0001652787614148,0.0004324316978454,0.0006980940233916,0.0011537246173247,0.5475897789001465,1.785357117652893,18.102140426635746,0.6301441192626953,1.9202864170074463,15.303186416625977,0.0060757780447602,0.0110376132652163,0.0215962398797273,0.0056395391002297,0.0099805574864149,0.0167575422674417,0.0056713446974754,0.0102872597053647,0.0197231732308864,0.007948599406518,0.0080467564985156,0.0104820209089666,0.0109342103824019,0.0223565301857888,0.0228166487067937,0.0075835258467122,0.0076814922504127,0.0078932084143161,0.0079789049923419,0.0074290611082687,0.0075242077000439,0.0074290611082687,0.0075242077000439,first,1.0,0.0,0.7515434622764587,1.371479630470276,0.0,0.7515434622764587,0.0,0.7515434622764587,True,0.7513167858123779,0.0001652787614148,0.0004324316978454,0.0223565306514501,0.0002989711938425,0.0074290609918534,5.548705667024478e-05,135485,135485,96,16,0,False,False,0.0,0.0,0.1678010472987807,0.0516626871061671,2.786076407285072e-07,2.786076397365278e-07,0.0,0.0,0.0,0.0,176.0,11.0,176.0,1.0257703683983093,1.120610423589854,0.1222222222222222,0.2219503129928852,0.1950201958946465,0.2774378912411065,0.6067778709524682,3.1005921909811027,4.829132962233398,49.79065400937336,897.8927612304688,14.03629207611084,18.59855890555785,0.8398663536461437,1579.55126953125,18.297964096069336,16.145466339422548,0.7093280669167408,0.0236866977065801,0.0060432176105678,0.0161338448524475,0.020894106477499,0.0034527974203228,0.7515434622764587,0.7515434622764587,0.018906344635764,0.1951022789675113,12.0,0.1951022789675113,0.0317738566616574,0.0,3.5672156765288293e-19,0.0,2.5900534511494e-18,0.0,1.4437888669836937e-18,0.0,3.4101946196440084e-18,0.0,0.0,False,220,14,timeout_no_goal,220,False,False,False,-1,,akita_black_bowl_1,False,-1,False,-1,False,0.0,0.0,-1,71,0.1678010472987807,1.4999242443656484,0.4345116331807573,5.097603021979313,36212558.97682382,0.7515434622764587,/home/jovyan/shares/SR006.nfs2/spiridonov/malnev_world_model/YSDA_WORD_MODELS_PP/experiments/campaigns/phase1_boundary_20260724/videos/phase1_boundary_20260724__known_boundary_milk/libero_spatial_with_milk__task5__init0__pair0__rollout5__seed130485__successFalse__t220__frames220of220__pick_the_akita_black_bowl_next_to_the_ramekin_and_.mp4,220,220,140.0,True,False
libero_spatial_with_milk,5,5,0,5,130485,0,130485,6,96,pick the akita black bowl next to the ramekin and place it on the plate,-1,-1,none,-1,-1,-1,-1,4.0,0.0020361870992928,0.0121715804561972,0.0099853193387389,0.0039056409150362,0.0006063788314349,0.0007172501645982,0.011601242236793,0.8558916449546814,0.00068268366158,0.0018281936645507,0.0007678235997445,0.0016788174398243,0.8183224201202393,2.586019992828369,28.044607162475582,3.2940468788146973,14.042346954345703,55.24943542480469,0.0063841855153441,0.0119488751515746,0.0264712907373905,0.0055295610800385,0.0098561961203813,0.0165683422237634,0.0057637896388769,0.0102770086377859,0.0187010634690523,0.0081665033940225,0.0082429256290197,0.0114238993264734,0.012555499561131,0.0234332117252051,0.0240138638764619,0.0074066494125872,0.0074910852126777,0.0076714564347639,0.007701386231929,0.0074045938672497,0.0075351353734731,0.0074045938672497,0.0075351353734731,first,1.0,0.0,0.8560410737991333,0.2188844531774521,0.0,0.8560410737991333,1.0,0.856590986251831,False,0.8558916449546814,0.00068268366158,0.0018281936645507,0.0234332121908664,0.0004258766130078,0.0074045937508344,0.0001007967439363,136485,136486,112,16,0,False,False,0.0,0.0,0.1165485414109397,0.0483449131311864,0.0019983700238392,2.786076397365278e-07,0.0,0.0,0.0,0.0,179.0,12.0,179.0,0.8905115492356398,1.0009371669256877,0.0888888888888888,0.1481874330456893,0.1361163861207873,0.1852342913071116,0.5617466600578311,6.145606515200565,20.010903801241483,724.5364149238957,969.17578125,15.234435081481934,18.266778078590043,0.8322631300686224,1954.8609619140625,24.16388320922852,15.219644869216062,0.7393844467785536,0.0470640771090984,0.0113992849364876,0.0370310544967651,0.0196413900703191,0.0098285293206572,0.8560410737991333,0.8560410737991333,0.0219328615987948,0.1267721018612175,12.0,0.1234940025504578,0.1267721018612175,0.0,5.314185075087646e-19,0.0,2.832485165303449e-18,0.0,1.4463375195407248e-18,0.0019987006754639,0.0109295340983983,0.0,0.0,False,220,14,timeout_no_goal,220,False,False,False,-1,,akita_black_bowl_1,False,-1,False,-1,False,0.0,0.0,-1,71,0.1678010472987807,1.4999242443656484,0.4345116331807573,5.097603021979313,36212558.97682382,0.8560410737991333,/home/jovyan/shares/SR006.nfs2/spiridonov/malnev_world_model/YSDA_WORD_MODELS_PP/experiments/campaigns/phase1_boundary_20260724/videos/phase1_boundary_20260724__known_boundary_milk/libero_spatial_with_milk__task5__init0__pair0__rollout5__seed130485__successFalse__t220__frames220of220__pick_the_akita_black_bowl_next_to_the_ramekin_and_.mp4,220,220,124.0,True,False
libero_spatial_with_milk,5,5,0,5,130485,0,130485,7,112,pick the akita black bowl next to the ramekin and place it on the plate,-1,-1,none,-1,-1,-1,-1,4.0,0.1456182152032852,1.0052311420440674,0.0987603068351745,0.0517663769423961,0.006523985415697,0.8444563746452332,1.1548781394958496,0.8513138294219971,0.0342472083866596,0.0771504044532775,0.1619595885276794,0.7467025518417358,3.677450895309448,20.40067481994629,79.85729217529297,6.7141523361206055,33.65542221069336,100.2605972290039,0.1531627774238586,0.9966453909873962,1.0294073820114136,0.1646936237812042,0.7475649118423462,0.7712548971176147,0.06871297955513,0.0772545412182807,0.088859274983406,0.0107884120661765,0.0114750042557716,0.0330265806987881,0.06600371748209,0.0293521657586097,0.0315446890890598,0.0097644422203302,0.0107871098443865,0.0125863219145685,0.0155119355767965,0.0095070884563028,0.0119299991056323,0.0095070884563028,0.0119299991056323,first,1.0,0.0,0.8200867176055908,-0.91181480884552,0.0,0.8200867176055908,1.0,0.8919792175292969,False,0.8513138294219971,0.0342472083866596,0.0771504044532775,0.0293521657586097,0.0019761782605201,0.0095070889219641,0.0017105382867157,137485,137486,128,16,0,False,False,0.0,0.0,0.0609784889713775,0.048709450434191,0.0054045038039205,0.0018726004151096,0.0,0.0,0.0,0.0,139.0,12.0,139.0,0.5130257607632698,0.8136293238569788,0.0777777777777777,0.0690500289542892,0.0606594615476537,0.0863125361928615,0.4151778201409303,4.920468574294604,9.857051681031908,1406.444647363145,1012.56396484375,15.733783721923828,18.07657893226909,0.8221654502544988,2829.046142578125,30.436397552490234,13.614403298818864,0.5518903210950162,0.1652945727109909,0.037354651838541,0.11378675699234,0.051854096353054,0.0150184240192174,0.8200867176055908,0.8200867176055908,0.0122033971662439,0.0576981424731691,12.0,0.0576981424731691,0.0268607673145904,0.0,6.680298134122102e-19,0.0,2.4677766773085093e-18,0.0,3.2003678491469304e-18,0.0017740042135445,0.0108818824235329,0.0053691494311355,0.0438568201389542,False,220,14,timeout_no_goal,220,False,False,False,-1,,akita_black_bowl_1,False,-1,False,-1,False,0.0,0.0,-1,71,0.1678010472987807,1.4999242443656484,0.4345116331807573,5.097603021979313,36212558.97682382,0.8200867176055908,/home/jovyan/shares/SR006.nfs2/spiridonov/malnev_world_model/YSDA_WORD_MODELS_PP/experiments/campaigns/phase1_boundary_20260724/videos/phase1_boundary_20260724__known_boundary_milk/libero_spatial_with_milk__task5__init0__pair0__rollout5__seed130485__successFalse__t220__frames220of220__pick_the_akita_black_bowl_next_to_the_ramekin_and_.mp4,220,220,108.0,True,False
libero_spatial_with_milk,5,5,0,5,130485,0,130485,8,128,pick the akita black bowl next to the ramekin and place it on the plate,-1,-1,none,-1,-1,-1,-1,4.0,0.0065861260518431,0.0343047641217708,0.0365713350474834,0.0135832531377673,0.0015603597275912,0.0006720420205965,0.0403586514294147,0.8577514886856079,0.0007869648979976,0.0020586252212524,0.0008537826361134,0.0016012203413993,0.7378222346305847,2.4874684810638428,31.570358276367188,1.5053094625473022,6.609652042388916,49.084110260009766,0.0109148528426885,0.0280828215181827,0.0484556145966053,0.0056386031210422,0.0100023075938224,0.0207829307764768,0.005966106429696,0.0106133027002215,0.0201605446636676,0.0097372834570705,0.0097851203754544,0.0181383225135505,0.0186135414987802,0.028878922574222,0.0306084193289279,0.0077441334724426,0.0078590158373117,0.0080788063351064,0.0081912539899349,0.0075634588720276,0.0076880608685314,0.0075634588720276,0.0076880608685314,first,1.0,0.0,0.8570059537887573,-0.9473546743392944,0.0,0.8570059537887573,3.0,0.8590645790100098,False,0.8577514886856079,0.0007869648979976,0.0020586252212524,0.0288789235055446,0.0013835659483447,0.0075634587556123,0.0001269263448193,138485,138488,144,16,0,False,False,0.0,0.0,0.061789377591184,0.0495109222869841,0.082666879938565,0.0047813764569074,0.0,0.0,0.0,0.0,133.0,11.0,133.0,0.4370854487927545,0.734997024830776,0.1666666666666666,0.0625840647593117,0.0359227270591023,0.0782300809491396,0.6350926848809422,7.66598186489554,14.045682434578836,4477.4229493559,1379.9366455078125,19.04067611694336,16.732212129724438,0.7620408122827773,2018.682861328125,23.71780014038086,15.080122650018168,0.6169202179511628,0.0692928731441497,0.0168393347412347,0.044684886932373,0.0433371849358081,0.012710828334093,0.8570059537887573,0.8570059537887573,0.0616332100490191,0.5440258048795165,12.0,0.0366345520083441,0.0814444879448917,0.0,4.289600982012314e-19,0.0,1.7596148248760305e-18,0.0,1.6537306176916858e-18,7.128935122342225e-11,7.55724963011423e-10,0.0774936749284629,0.5440258048795165,False,220,14,timeout_no_goal,220,False,False,False,-1,,akita_black_bowl_1,False,-1,False,-1,False,0.0,0.0,-1,71,0.1678010472987807,1.4999242443656484,0.4345116331807573,5.097603021979313,36212558.97682382,0.8570059537887573,/home/jovyan/shares/SR006.nfs2/spiridonov/malnev_world_model/YSDA_WORD_MODELS_PP/experiments/campaigns/phase1_boundary_20260724/videos/phase1_boundary_20260724__known_boundary_milk/libero_spatial_with_milk__task5__init0__pair0__rollout5__seed130485__successFalse__t220__frames220of220__pick_the_akita_black_bowl_next_to_the_ramekin_and_.mp4,220,220,92.0,True,False
libero_spatial_with_milk,5,5,0,5,130485,0,130485,9,144,pick the akita black bowl next to the ramekin and place it on the plate,-1,-1,none,-1,-1,-1,-1,4.0,0.0049269930459558,0.0246341545134782,0.0212225262075662,0.0094939200207591,0.0015015356475487,0.0015025801258161,0.0288795623928308,0.8313059210777283,0.0011145676253363,0.0028217434883117,0.001914138207212,0.0064460579305887,0.9948638081550598,3.535533905029297,45.790283203125,2.610396385192871,12.29837417602539,63.53886795043945,0.0092289634048938,0.0209994278848171,0.0368137955665588,0.0062027000822126,0.0113143846392631,0.0209966767579317,0.0062174759805202,0.0110147120431065,0.0192148871719837,0.009868558961898,0.0101220775395631,0.0177891161292791,0.0191527176648378,0.0302941366098821,0.0318183936178684,0.0086860610172152,0.0087075792253017,0.0105497275944799,0.0107786227017641,0.0078493994660675,0.0084304185584187,0.0078493994660675,0.0084304185584187,first,1.0,0.0,0.8314039707183838,0.0879710093140602,0.0,0.8314039707183838,2.0,0.8330872654914856,False,0.8313059210777283,0.0011145676253363,0.0028217434883117,0.0302941370755434,0.0014681912725791,0.0078493999317288,0.0003828348999377,139485,139487,160,16,0,False,False,0.0,0.0,0.032011288349331,0.049877166384609,0.106926508617142,0.0152758803063453,0.0,0.0,0.0,0.0,156.0,12.0,156.0,0.5070463817457087,0.8323293913425479,0.0888888888888888,0.0544727759918556,0.0179720798002889,0.0680909699898195,0.5835660915032318,7.593105684530073,24.605570221291146,6595.658006443797,1299.254638671875,18.48635482788086,16.993860848276967,0.7768867153111633,1940.990478515625,23.099336624145508,15.250569558959649,0.6377711425148204,0.1120519936084747,0.029253764078021,0.0687957406044006,0.0602231323719024,0.0213931482285261,0.8314039707183838,0.8314039707183838,0.0292013660286271,0.19401283935733,12.0,0.0153428191352973,0.0489138167296379,0.0,1.01912707793588e-18,0.0,1.7451567991231845e-18,0.0,1.0954520079037617e-18,0.0125336148241043,0.0501537674139859,0.0294595348831701,0.19401283935733,False,220,14,timeout_no_goal,220,False,False,False,-1,,akita_black_bowl_1,False,-1,False,-1,False,0.0,0.0,-1,71,0.1678010472987807,1.4999242443656484,0.4345116331807573,5.097603021979313,36212558.97682382,0.8314039707183838,/home/jovyan/shares/SR006.nfs2/spiridonov/malnev_world_model/YSDA_WORD_MODELS_PP/experiments/campaigns/phase1_boundary_20260724/videos/phase1_boundary_20260724__known_boundary_milk/libero_spatial_with_milk__task5__init0__pair0__rollout5__seed130485__successFalse__t220__frames220of220__pick_the_akita_black_bowl_next_to_the_ramekin_and_.mp4,220,220,76.0,True,False
libero_spatial_with_milk,5,5,0,5,130485,0,130485,10,160,pick the akita black bowl next to the ramekin and place it on the plate,-1,-1,none,-1,-1,-1,-1,4.0,0.0049284226261079,0.0305217392742633,0.0119381127879023,0.0092908972874283,0.0013230737531557,0.0026570458430796,0.0287081990391016,0.8274534940719604,0.0011687627993524,0.0031559467315673,0.0015462812734767,0.0048867627047002,1.2225285768508911,4.3011627197265625,36.05897903442383,3.578359603881836,16.422164916992188,70.92733764648438,0.0091552510857582,0.0206590071320533,0.0445361882448196,0.0058523165062069,0.0104309972375631,0.0180564671754837,0.0061906673945486,0.0110281454399228,0.0204574521631002,0.0102693834342062,0.0105280624702572,0.0187900206074118,0.0202822405844926,0.0332679562270641,0.035023845732212,0.0081664551980793,0.0083746518939733,0.0087776235304772,0.0088931238278746,0.0079027899773791,0.0080386074259877,0.0079027899773791,0.0080386074259877,first,1.0,0.0,0.8268954753875732,-0.4774439036846161,0.0,0.8268954753875732,2.0,0.8293246030807495,False,0.8274534940719604,0.0011687627993524,0.0031559467315673,0.0332679562270641,0.0013108119601383,0.0079027898609638,0.0001022104115691,140485,140487,176,16,0,False,False,0.0,0.0,0.0389853904465948,0.0498012710046589,0.105303991439799,0.0112433305254784,0.0,0.0,0.0,0.0,176.0,11.0,176.0,0.4761747357516812,0.7123034436103824,0.1111111111111111,0.0549318824792041,0.0192687668506018,0.0686648530990052,0.5362585245965207,5.428943839897015,9.600832682119,2674.343940033936,1344.0888671875,18.859355926513672,16.84652376931914,0.7679579648568551,1614.0047607421875,20.67634010314941,16.051755494651225,0.69451519487694,0.0702643990516662,0.0186519548296928,0.0400311946868896,0.0655667781829834,0.0200790949165821,0.8268954753875732,0.8268954753875732,0.0084170447805569,0.0544980421895404,12.0,0.020703027701511,0.0196856381713489,0.0,1.6565388180894638e-18,0.0,8.52489054878789e-19,0.0,2.7996542315494188e-18,0.0061178292189406,0.0544980421895404,1.1591776377185948e-11,7.375058033618628e-11,False,220,14,timeout_no_goal,220,False,False,False,-1,,akita_black_bowl_1,False,-1,False,-1,False,0.0,0.0,-1,71,0.1678010472987807,1.4999242443656484,0.4345116331807573,5.097603021979313,36212558.97682382,0.8268954753875732,/home/jovyan/shares/SR006.nfs2/spiridonov/malnev_world_model/YSDA_WORD_MODELS_PP/experiments/campaigns/phase1_boundary_20260724/videos/phase1_boundary_20260724__known_boundary_milk/libero_spatial_with_milk__task5__init0__pair0__rollout5__seed130485__successFalse__t220__frames220of220__pick_the_akita_black_bowl_next_to_the_ramekin_and_.mp4,220,220,60.0,True,False
libero_spatial_with_milk,5,5,0,5,130485,0,130485,11,176,pick the akita black bowl next to the ramekin and place it on the plate,-1,-1,none,-1,-1,-1,-1,4.0,0.1275091022253036,1.0105735063552856,0.0569789633154869,0.0522628128528595,0.0066278739832341,0.7158917188644409,0.9993918538093568,0.893418550491333,0.0562065802514553,0.1167333126068115,0.1561085432767868,0.7157221436500549,4.219944000244141,22.214859008789062,81.40139770507812,9.094548225402832,42.51470184326172,91.3656768798828,0.135365217924118,1.0033360719680786,1.0598936080932615,0.1593983918428421,0.7173003554344177,0.7358281016349792,0.1125351339578628,0.1196534037590026,0.1309009939432144,0.0115656983107328,0.0133026605471968,0.0593155841343104,0.125844269990921,0.0348463081754744,0.0430595017969608,0.0097015067003667,0.0105946576222777,0.0118934314232319,0.0139610692858695,0.0084560243412852,0.0090614594519138,0.0084560243412852,0.0090614594519138,first,1.0,0.0,0.8368796110153198,-1.0059131383895874,0.0,0.8368796110153198,1.0,0.9536129236221312,False,0.893418550491333,0.0562065802514553,0.1167333126068115,0.0348463095724582,0.0048822960816323,0.0084560243412852,0.0004776441783178,141485,141486,192,16,0,False,False,0.0,0.0,0.0303793607776857,0.0497786036084549,0.1053039914377313,0.0018787963102147,0.0,0.0,0.0,0.0,173.0,11.0,173.0,0.4404782365383979,0.8116679543838645,0.0777777777777777,0.0548919099101081,0.0165918306346546,0.0686148873876351,0.5343488626480096,5.93894061643602,12.215262813529352,3221.409730302016,1190.238037109375,17.77570343017578,17.37446535723248,0.791719639219048,1965.7430419921875,23.626693725585938,15.195536137697196,0.6463725672269331,0.1000952795147895,0.0275121387094259,0.0545835494995117,0.0621400661766529,0.0257711838930845,0.8368796110153198,0.8368796110153198,0.0112374673841801,0.082188953716154,12.0,0.0140290646328974,0.0310320000430325,0.0,1.6016083347845108e-18,0.0,4.0126420569251625e-19,0.0,1.4926139542673871e-18,0.0075995902180771,0.082188953716154,0.0,1.371026901302472e-18,False,220,14,timeout_no_goal,220,False,False,False,-1,,akita_black_bowl_1,False,-1,False,-1,False,0.0,0.0,-1,71,0.1678010472987807,1.4999242443656484,0.4345116331807573,5.097603021979313,36212558.97682382,0.8368796110153198,/home/jovyan/shares/SR006.nfs2/spiridonov/malnev_world_model/YSDA_WORD_MODELS_PP/experiments/campaigns/phase1_boundary_20260724/videos/phase1_boundary_20260724__known_boundary_milk/libero_spatial_with_milk__task5__init0__pair0__rollout5__seed130485__successFalse__t220__frames220of220__pick_the_akita_black_bowl_next_to_the_ramekin_and_.mp4,220,220,44.0,True,False
libero_spatial_with_milk,5,5,0,5,130485,0,130485,12,192,pick the akita black bowl next to the ramekin and place it on the plate,-1,-1,none,-1,-1,-1,-1,4.0,0.1036754921078682,0.984172821044922,0.0520824678242206,0.046168103814125,0.0045040999539196,0.5737118124961853,0.8032553791999817,0.935563325881958,0.0354309268295764,0.0847775340080261,0.1160817146301269,0.5389009714126587,3.510892152786255,16.560495376586914,76.13311004638672,8.17702865600586,35.32969665527344,93.25334930419922,0.1098745688796043,0.8515517711639404,1.0307906866073608,0.1192004904150962,0.5401023030281067,0.5577892065048218,0.0710562169551849,0.0773829743266105,0.086739681661129,0.0128955729305744,0.0166199151426553,0.0536207696422934,0.1175471395254135,0.035159773658961,0.0404992625117301,0.0107111716642975,0.0111328363418579,0.014729683054611,0.0158280711621046,0.0081678617279976,0.0082258656620979,0.0081678617279976,0.0082258656620979,first,1.0,0.0,0.964755654335022,0.8239222168922424,0.0,0.964755654335022,1.0,0.9751918315887452,False,0.935563325881958,0.0354309268295764,0.0847775340080261,0.0351597741246223,0.0038252456579357,0.0081678610295057,4.477390757529065e-05,142485,142486,208,16,0,False,False,0.0,0.0,0.0174675321523624,0.0498477195258988,0.1053039914377313,0.0026833556217534,0.0,0.0,0.0,0.0,60.0,11.0,60.0,0.4308714213835376,0.7471103792416848,0.1555555555555555,0.0431550070336378,0.0115036586971638,0.0539437587920473,0.3334879821412466,4.645131788637963,9.680584292791815,3361.6327744446457,1121.94775390625,17.386146545410156,17.631077274045584,0.7990767548217013,2098.41455078125,26.840295791625977,14.91189071799674,0.5829593178317707,0.3394558429718017,0.067045196890831,0.255796730518341,0.0739874318242073,0.0266198385506868,0.964755654335022,0.964755654335022,0.0146030990030629,0.1341755774800511,12.0,0.022065043874191,0.1341755774800511,0.0,5.898197929104692e-19,0.0,1.6977770643976244e-18,0.0,2.076241137609832e-18,0.0054975393832995,0.0134990272992137,0.0,1.2800739000132897e-18,False,220,14,timeout_no_goal,220,False,False,False,-1,,akita_black_bowl_1,False,-1,False,-1,False,0.0,0.0,-1,71,0.1678010472987807,1.4999242443656484,0.4345116331807573,5.097603021979313,36212558.97682382,0.964755654335022,/home/jovyan/shares/SR006.nfs2/spiridonov/malnev_world_model/YSDA_WORD_MODELS_PP/experiments/campaigns/phase1_boundary_20260724/videos/phase1_boundary_20260724__known_boundary_milk/libero_spatial_with_milk__task5__init0__pair0__rollout5__seed130485__successFalse__t220__frames220of220__pick_the_akita_black_bowl_next_to_the_ramekin_and_.mp4,220,220,28.0,True,False
libero_spatial_with_milk,5,5,0,5,130485,0,130485,13,208,pick the akita black bowl next to the ramekin and place it on the plate,-1,-1,none,-1,-1,-1,-1,4.0,0.001577720278874,0.0072873020544648,0.0049388580955564,0.0026625155005604,0.0007297691772691,0.0008671880932524,0.0092997215688228,0.9990848302841188,0.0001299612049479,0.0003342628479003,0.0009245029068551,0.0023150430060923,0.4634173512458801,1.4142135381698608,6.977643013000488,0.6148402690887451,1.9202864170074463,17.949583053588867,0.0061612781137228,0.0112030981108546,0.0207501761615276,0.0058139567263424,0.010399991646409,0.0199646595865488,0.0058382875286042,0.0103746345266699,0.0181074179708957,0.008435397176072,0.0085734380409121,0.0193248302675783,0.0203008670359849,0.0232740114443004,0.0234087202697992,0.0140217586886137,0.0149180721491575,0.027008528355509,0.0297021120786666,0.0076279534259811,0.0076942886225879,0.0076279534259811,0.0076942886225879,first,1.0,0.0,0.999115526676178,0.2361965775489807,0.0,0.999115526676178,2.0,0.9991999864578248,False,0.9990848302841188,0.0001299612049479,0.0003342628479003,0.0232740119099617,0.0002158445859095,0.007627953775227,6.022891830070876e-05,143485,143487,220,12,0,False,False,0.0,0.0,2.786076389593717e-07,0.0636409340961371,0.1053039914377313,2.786076397365278e-07,0.0,0.0,0.0,0.0,0.0,0.0,0.0,0.4454503341076157,0.4680382939527406,0.1515151515151515,0.0659731264366868,0.0657220993082729,0.1099552107278113,0.1180896335069903,2.353427458005421,12.651820151125602,160.67328383925684,1120.018310546875,17.318519592285156,17.638552381044562,0.8045973059075776,2823.55224609375,30.998498916625977,13.622845326766171,0.5121672660066983,0.2079244554042816,0.0513224005699157,0.1267287731170654,0.1019298583269119,0.0642749965190887,0.999115526676178,0.999115526676178,3.0196856868036336e-08,2.7401486620596604e-07,12.0,1.1270163789333994e-08,2.7401486620596604e-07,0.0,5.728762861678185e-19,0.0,1.6980277163428977e-18,0.0,7.628817271129986e-19,6.107786125957385e-09,7.096946628991528e-08,0.0,2.229613406203141e-18,False,220,14,timeout_no_goal,220,False,False,False,-1,,akita_black_bowl_1,False,-1,False,-1,False,0.0,0.0,-1,71,0.1678010472987807,1.4999242443656484,0.4345116331807573,5.097603021979313,36212558.97682382,0.999115526676178,/home/jovyan/shares/SR006.nfs2/spiridonov/malnev_world_model/YSDA_WORD_MODELS_PP/experiments/campaigns/phase1_boundary_20260724/videos/phase1_boundary_20260724__known_boundary_milk/libero_spatial_with_milk__task5__init0__pair0__rollout5__seed130485__successFalse__t220__frames220of220__pick_the_akita_black_bowl_next_to_the_ramekin_and_.mp4,220,220,12.0,True,True
libero_spatial_with_milk,5,6,0,6,130582,0,130582,0,0,pick the akita black bowl next to the ramekin and place it on the plate,-1,-1,none,-1,-1,-1,-1,4.0,0.0012467878405004,0.0126440655440092,0.0100970510393381,0.002171860076487,0.0005137530970387,0.0006706756539642,0.0074831000529229,0.3309387266635895,0.0007109839352779,0.0018530189990997,0.0004794214328285,0.0007629141327925,0.4645986258983612,1.4790199995040894,12.597123146057127,1.0634139776229858,4.27200174331665,40.04606628417969,0.0061171171255409,0.0114478450268507,0.0226477235555648,0.0056399144232273,0.0099812792614102,0.0180908013135194,0.005658044014126,0.0100121088325977,0.0187957491725683,0.0077528195688501,0.007781786378473,0.0102717520203441,0.0107732256874442,0.021828977856785,0.0227590985596179,0.0074201566167175,0.0074807247146964,0.0077471625991165,0.0077888099476695,0.0070507558993995,0.0070995832793414,0.0070507558993995,0.0070995832793414,first,1.0,0.0,0.3314043581485748,0.6549113988876343,0.0,0.3314043581485748,3.0,0.3317617774009704,False,0.3309387266635895,0.0007109839352779,0.0018530189990997,0.0218289773911237,0.0005571987130679,0.0070507563650608,4.228002580930479e-05,130582,130585,16,16,0,False,False,0.0,0.0,2.786076397365278e-07,0.321206572242248,2.786076407285072e-07,2.786076397365278e-07,0.0,0.0,0.0,0.0,0.0,0.0,0.0,0.718693810208255,0.8361724190768871,0.0777777777777777,0.1405576631372953,0.1405094272567883,0.1756970789216191,0.2800536614800514,1.6721732130706584,6.099067619093846,67.74449037404722,610.345947265625,10.45008945465088,20.2750429569126,0.8814028427506582,789.6171264648438,12.012921333312988,19.1566380143871,0.8609630139009278,0.0056897928006947,0.0016231234185397,0.0035858750343322,0.0023552251514047,0.0043552452698349,0.3314043581485748,0.3314043581485748,1.1638961072371985e-07,2.934624683612667e-07,12.0,2.934624683612516e-07,5.8837568208359014e-09,2.934624683612667e-07,5.88375682885389e-09,2.530519738197512e-07,5.3373519117957026e-17,2.6346862755526685e-07,3.56844419900874e-09,2.673608637928073e-07,9.187799774836492e-09,1.3438404960466898e-09,1.3286213395511305e-12,False,220,14,target_drop_candidate,187,False,False,False,-1,,akita_black_bowl_1,True,199,True,187,False,0.0,0.0,-1,71,0.1721580358267289,1.579158469952762,0.4419344397051464,5.118161403398728,44833277.80468359,0.3314043581485748,/home/jovyan/shares/SR006.nfs2/spiridonov/malnev_world_model/YSDA_WORD_MODELS_PP/experiments/campaigns/phase1_boundary_20260724/videos/phase1_boundary_20260724__known_boundary_milk/libero_spatial_with_milk__task5__init0__pair0__rollout6__seed130582__successFalse__t220__frames220of220__pick_the_akita_black_bowl_next_to_the_ramekin_and_.mp4,220,220,187.0,True,False
libero_spatial_with_milk,5,6,0,6,130582,0,130582,1,16,pick the akita black bowl next to the ramekin and place it on the plate,-1,-1,none,-1,-1,-1,-1,4.0,0.0013954865280538,0.0068937349133193,0.005555207375437,0.0022521810606122,0.0007877612370066,0.0006485794438049,0.0072938851080834,0.3533478379249573,0.0002059425751212,0.0004934668540954,0.0004653498763218,0.000783760799095,0.4076482057571411,1.2247449159622192,15.690362930297852,0.5044506192207336,1.5811388492584229,13.064743041992188,0.0060879592783749,0.0109538258984684,0.0203764159232378,0.0056614326313138,0.0100404946133494,0.0167883448302745,0.0055026020854711,0.0097785172984004,0.0160242598503828,0.0076396334916353,0.0076985275372862,0.0100294235162436,0.0106522487476468,0.0201442744582891,0.0206536948680877,0.0074432000983506,0.0075283921323716,0.0077298816759139,0.0078560123220086,0.0070216219173744,0.0070303319953382,0.0070216219173744,0.0070303319953382,first,1.0,0.0,0.3535763621330261,1.1096501350402832,0.0,0.3535763621330261,0.0,0.3535763621330261,True,0.3533478379249573,0.0002059425751212,0.0004934668540954,0.0201442744582891,0.0005089847254566,0.0070216222666203,1.3779219443676992e-05,131582,131582,32,16,0,False,False,0.0,0.0,2.786076397365278e-07,0.2374721522810569,2.786076407285072e-07,2.786076397365278e-07,0.0,0.0,0.0,0.0,0.0,0.0,0.0,0.8489630360601945,0.8744953619388687,0.0222222222222222,0.1683622677629978,0.1660049744961532,0.2104528347037473,0.1547596810704721,0.9677485047314892,2.38488975153408,9.726383709802112,690.4712524414062,11.426206588745115,19.73934759294266,0.8706711362147761,827.2517700195312,11.15769863128662,18.954426558019392,0.8261246550362953,0.0088934181258082,0.0021170247346162,0.0066996328532695,0.0022096945904195,0.0084937755018472,0.3535763621330261,0.3535763621330261,7.766476598513396e-18,3.69004371419096e-17,12.0,0.0,3.6216727032163455e-17,0.0,3.69004371419096e-17,0.0,7.018145813343566e-18,0.0,2.9257285545665697e-18,0.0,1.0136680640177554e-17,0.0,0.0,False,220,14,target_drop_candidate,187,False,False,False,-1,,akita_black_bowl_1,True,199,True,187,False,0.0,0.0,-1,71,0.1721580358267289,1.579158469952762,0.4419344397051464,5.118161403398728,44833277.80468359,0.3535763621330261,/home/jovyan/shares/SR006.nfs2/spiridonov/malnev_world_model/YSDA_WORD_MODELS_PP/experiments/campaigns/phase1_boundary_20260724/videos/phase1_boundary_20260724__known_boundary_milk/libero_spatial_with_milk__task5__init0__pair0__rollout6__seed130582__successFalse__t220__frames220of220__pick_the_akita_black_bowl_next_to_the_ramekin_and_.mp4,220,220,171.0,True,False
libero_spatial_with_milk,5,6,0,6,130582,0,130582,2,32,pick the akita black bowl next to the ramekin and place it on the plate,-1,-1,none,-1,-1,-1,-1,4.0,0.0014165836619213,0.0069741117767989,0.0078954305499792,0.0025712747592478,0.0005351426661945,0.0005968332407064,0.0076999031007289,0.4139906764030456,0.0003770941402763,0.0009982287883758,0.0004553684266284,0.0007216892554424,0.4538691639900207,1.4790199995040894,9.630680084228516,0.6783140301704407,2.586019992828369,23.027158737182617,0.0059215282090008,0.0106095960363745,0.0191647019237279,0.0055426359176635,0.0098717343062162,0.0191972609609365,0.0053219753317534,0.0094280689954757,0.0165843926370143,0.0077551153954118,0.0077914544381201,0.0101538221351802,0.0108867352828383,0.0215380112640559,0.0221163239330053,0.0073764114640653,0.007439755834639,0.00771887274459,0.0080280946567654,0.0067693303572013,0.006858620326966,0.0067693303572013,0.006858620326966,first,1.0,0.0,0.4143789410591125,1.0296226739883425,0.0,0.4143789410591125,0.0,0.4143789410591125,True,0.4139906764030456,0.0003770941402763,0.0009982287883758,0.0215380117297172,0.0005760947242379,0.0067693307064473,5.5779215472284704e-05,132582,132582,48,16,0,False,False,0.0,0.0,2.786076397365278e-07,0.082690642891559,2.786076407285072e-07,2.786076397365278e-07,0.0,0.0,0.0,0.0,0.0,0.0,0.0,0.8828259461174673,0.9653645618151198,0.1111111111111111,0.1818793051758897,0.168255055267376,0.2273491314698622,0.4347243847304955,2.7615369623822965,5.607829332976846,61.90998866922502,802.3901977539062,12.416852951049805,19.08694746298459,0.8526561313692573,310.9198913574219,7.779423236846924,23.204318535869387,0.9322648276946436,0.012122587300837,0.0030266349203884,0.0081002712249755,0.0086336573585867,0.0084610655903816,0.4143789410591125,0.4143789410591125,9.889358289981533e-19,7.251091232891796e-18,12.0,0.0,1.4301129796807512e-19,0.0,1.0307611417737157e-18,0.0,1.775041498751166e-18,0.0,1.6673247765930841e-18,0.0,7.251091232891796e-18,0.0,0.0,False,220,14,target_drop_candidate,187,False,False,False,-1,,akita_black_bowl_1,True,199,True,187,False,0.0,0.0,-1,71,0.1721580358267289,1.579158469952762,0.4419344397051464,5.118161403398728,44833277.80468359,0.4143789410591125,/home/jovyan/shares/SR006.nfs2/spiridonov/malnev_world_model/YSDA_WORD_MODELS_PP/experiments/campaigns/phase1_boundary_20260724/videos/phase1_boundary_20260724__known_boundary_milk/libero_spatial_with_milk__task5__init0__pair0__rollout6__seed130582__successFalse__t220__frames220of220__pick_the_akita_black_bowl_next_to_the_ramekin_and_.mp4,220,220,155.0,True,False
libero_spatial_with_milk,5,6,0,6,130582,0,130582,3,48,pick the akita black bowl next to the ramekin and place it on the plate,-1,-1,none,-1,-1,-1,-1,4.0,0.0013228812022134,0.0048236530274152,0.0051407101564109,0.0019183686235919,0.0008271345868706,0.001023659016937,0.0067268279381096,0.5262351036071777,0.0006480086012743,0.0016137957572937,0.0008742639329284,0.0017806342802941,0.4613057374954223,1.4790199995040894,9.78199863433838,0.8450477123260498,3.391165018081665,24.84954643249512,0.005896137561649,0.0104939388111233,0.0195033084601163,0.0055881771259009,0.0098939193412661,0.0180937238037586,0.0053878221660852,0.0095786843448877,0.0193433314561843,0.0078563330462202,0.0080223875120282,0.0118639210704714,0.0153914438560605,0.0220906296744942,0.0226128604263067,0.007638790179044,0.0078342072665691,0.0079863261198624,0.0082230009138584,0.0067332691978663,0.0067944223992526,0.0067332691978663,0.0067944223992526,first,1.0,0.0,0.5267469882965088,0.7899350523948669,0.0,0.5267469882965088,0.0,0.5267469882965088,True,0.5262351036071777,0.0006480086012743,0.0016137957572937,0.0220906306058168,0.0004082732775714,0.0067332689650356,4.930814247927629e-05,133582,133582,64,16,0,False,False,0.0,0.0,0.0051402280751808,0.0474032153486313,2.786076407285072e-07,2.786076397365278e-07,0.0,0.0,0.0,0.0,50.0,7.0,48.0,0.3332306475541579,0.8885608010798174,0.1022727272727272,0.0756839807453441,0.055918167275651,0.0946049759316802,0.4476933788243689,5.903362955326967,18.999025176809745,2371.9938418939428,754.60595703125,11.877564430236816,19.353601315698715,0.8624236234098639,416.6769104003906,9.479232788085938,21.932809255978896,0.9148779727142275,0.0679004043340683,0.0156359896063804,0.0553278923034668,0.0164853669703006,0.023134596645832,0.5267469882965088,0.5267469882965088,0.0082376188821131,0.0935511298207799,12.0,0.0053002967645774,0.0935511298207799,0.0,3.2510427701994177e-19,0.0,1.8848777047516013e-18,0.0,5.259864473064272e-19,0.0,1.1245863357376689e-17,0.0,0.0,False,220,14,target_drop_candidate,187,False,False,False,-1,,akita_black_bowl_1,True,199,True,187,False,0.0,0.0,-1,71,0.1721580358267289,1.579158469952762,0.4419344397051464,5.118161403398728,44833277.80468359,0.5267469882965088,/home/jovyan/shares/SR006.nfs2/spiridonov/malnev_world_model/YSDA_WORD_MODELS_PP/experiments/campaigns/phase1_boundary_20260724/videos/phase1_boundary_20260724__known_boundary_milk/libero_spatial_with_milk__task5__init0__pair0__rollout6__seed130582__successFalse__t220__frames220of220__pick_the_akita_black_bowl_next_to_the_ramekin_and_.mp4,220,220,139.0,True,False
libero_spatial_with_milk,5,6,0,6,130582,0,130582,4,64,pick the akita black bowl next to the ramekin and place it on the plate,-1,-1,none,-1,-1,-1,-1,4.0,0.0021259046625345,0.0107267489656806,0.0063737276941537,0.0037473207339644,0.0009581951308064,0.0007647866150364,0.0118011077865958,0.6035126447677612,0.0004790966340806,0.0011935234069824,0.0008702134364284,0.0017488759476691,0.4766725897789001,1.4790199995040894,15.319513320922852,1.072648286819458,4.062019348144531,30.63494682312012,0.0067346291616559,0.0124035701155662,0.021653251722455,0.0056397058069705,0.0099865393713116,0.0207843743264675,0.0054256217554211,0.0096517456695437,0.0178171936422586,0.0083623195532709,0.0084296707063913,0.0112869890872389,0.0123475035652518,0.0220263050869107,0.0221152547746896,0.0075799785554409,0.007658140733838,0.0079045265447348,0.0080575291067361,0.0068877154262736,0.0069649666547775,0.0068877154262736,0.0069649666547775,first,1.0,0.0,0.6032753586769104,-0.4952781498432159,0.0,0.6032753586769104,2.0,0.604336142539978,False,0.6035126447677612,0.0004790966340806,0.0011935234069824,0.0220263060182333,5.4217402066569775e-05,0.0068877153098583,6.548911915160716e-05,134582,134584,80,16,0,False,False,0.0,0.0,0.1244568605702478,0.0497849548826733,2.786076407285072e-07,2.786076397365278e-07,0.0,0.0,0.0,0.0,119.0,8.0,119.0,0.91385828148907,1.2230219307632946,0.0666666666666666,0.161605970685342,0.1528964040188742,0.2020074633566774,0.488032750014319,3.65655031383073,7.802729741561886,146.29151977692723,729.7139892578125,11.725068092346191,19.49927688728937,0.8643450459087384,1511.081787109375,19.02533721923828,16.33792389759179,0.7211619424781561,0.0886486023664474,0.0181552488356828,0.0618674159049987,0.0093858558684587,0.0178628377616405,0.6032753586769104,0.6032753586769104,0.0218647496750655,0.1406844096815749,12.0,0.1406844096815749,0.121692586419212,0.0,5.69047457316642e-19,0.0,2.1800784227974597e-18,0.0,1.42628250951295e-18,0.0,6.155695843909006e-18,0.0,0.0,False,220,14,target_drop_candidate,187,False,False,False,-1,,akita_black_bowl_1,True,199,True,187,False,0.0,0.0,-1,71,0.1721580358267289,1.579158469952762,0.4419344397051464,5.118161403398728,44833277.80468359,0.6032753586769104,/home/jovyan/shares/SR006.nfs2/spiridonov/malnev_world_model/YSDA_WORD_MODELS_PP/experiments/campaigns/phase1_boundary_20260724/videos/phase1_boundary_20260724__known_boundary_milk/libero_spatial_with_milk__task5__init0__pair0__rollout6__seed130582__successFalse__t220__frames220of220__pick_the_akita_black_bowl_next_to_the_ramekin_and_.mp4,220,220,123.0,True,False
libero_spatial_with_milk,5,6,0,6,130582,0,130582,5,80,pick the akita black bowl next to the ramekin and place it on the plate,-1,-1,none,-1,-1,-1,-1,4.0,0.0015781020047143,0.0078006172552704,0.0072186435572803,0.0029951788019388,0.0004313023237045,0.0007672713836655,0.0087669873610138,0.7447218894958496,0.0004706718027591,0.0011446475982666,0.0005872641340829,0.0011129301274195,0.5260319113731384,1.6393595933914185,13.435029029846191,0.6330949068069458,1.9202864170074463,14.543039321899414,0.0060521778650581,0.010832761414349,0.0270459484308958,0.005649272352457,0.0100494315847754,0.0210625994950532,0.0056265746243298,0.0100239049643278,0.0189702436327934,0.0079202400520443,0.0080141397193074,0.0103849903680384,0.0107102487236261,0.022389983292669,0.0236449092626571,0.0076178924646228,0.0076658395119011,0.0078409267589449,0.0078864516690373,0.0072614463279023,0.0074053383432328,0.0072614463279023,0.0074053383432328,first,1.0,0.0,0.7444323897361755,-0.6150777339935303,0.0,0.7444323897361755,3.0,0.7452497482299805,False,0.7447218894958496,0.0004706718027591,0.0011446475982666,0.0223899837583303,0.0008047569426707,0.007261446211487,8.877654909156263e-05,135582,135585,96,16,0,False,False,0.0,0.0,0.1721580358267289,0.0502732091932297,2.786076407285072e-07,2.786076397365278e-07,0.0,0.0,0.0,0.0,176.0,12.0,176.0,1.0249938449327405,1.1195714146514637,0.1222222222222222,0.2220283012067283,0.1945852777145576,0.2775353765084104,0.6092127424436244,3.2160061997955087,5.556720644207899,53.972644902673736,882.3793334960938,13.88801383972168,18.67425033074164,0.8426854968543728,1587.2052001953125,18.343889236450195,16.124472831669113,0.707225134023931,0.0244377851486206,0.0060251941904425,0.0171390175819396,0.021499216556549,0.004251810722053,0.7444323897361755,0.7444323897361755,0.0188443772732334,0.1952345764860797,12.0,0.1952345764860797,0.0308979507927218,0.0,1.4267897261934611e-18,0.0,2.7509653671503348e-18,0.0,1.9201166921121883e-18,0.0,8.513763061993019e-18,0.0,0.0,False,220,14,target_drop_candidate,187,False,False,False,-1,,akita_black_bowl_1,True,199,True,187,False,0.0,0.0,-1,71,0.1721580358267289,1.579158469952762,0.4419344397051464,5.118161403398728,44833277.80468359,0.7444323897361755,/home/jovyan/shares/SR006.nfs2/spiridonov/malnev_world_model/YSDA_WORD_MODELS_PP/experiments/campaigns/phase1_boundary_20260724/videos/phase1_boundary_20260724__known_boundary_milk/libero_spatial_with_milk__task5__init0__pair0__rollout6__seed130582__successFalse__t220__frames220of220__pick_the_akita_black_bowl_next_to_the_ramekin_and_.mp4,220,220,107.0,True,False
libero_spatial_with_milk,5,6,0,6,130582,0,130582,6,96,pick the akita black bowl next to the ramekin and place it on the plate,-1,-1,none,-1,-1,-1,-1,4.0,0.0019621832761913,0.007834093645215,0.0106354942545294,0.0037359092384576,0.0005652133841067,0.0008319148328155,0.010925255715847,0.8432824015617371,0.0005927197635173,0.0015867948532104,0.0007861207704991,0.0014178319834172,0.8750394582748413,2.692582368850708,24.779024124145508,3.659832000732422,14.652217864990234,60.70626068115234,0.0062152184545993,0.0112186018377542,0.022609207779169,0.0055266497656702,0.0098804263398051,0.0183083731681108,0.005770331248641,0.0102634755894541,0.0185783728957176,0.0081398347392678,0.0081726508215069,0.0114349885843694,0.0122600030153989,0.0228713168762624,0.0238523948937654,0.0073908736230805,0.0074257338419556,0.0076389890164136,0.0077500594779849,0.0074105444364249,0.0074899313040077,0.0074105444364249,0.0074899313040077,first,1.0,0.0,0.843946099281311,1.1197495460510254,0.0,0.843946099281311,0.0,0.843946099281311,True,0.8432824015617371,0.0005927197635173,0.0015867948532104,0.0228713173419237,0.0008094765362329,0.0074105444364249,5.5816813983256e-05,136582,136582,112,16,0,False,False,0.0,0.0,0.119831797057246,0.0480063154797185,0.0017647691041136,2.786076397365278e-07,0.0,0.0,0.0,0.0,171.0,12.0,171.0,0.8973322782222835,1.014035127326934,0.0786516853932584,0.1492529140104224,0.1370211749483701,0.1865661425130281,0.5473352430254128,5.745368620497779,19.678211632597414,697.396478020355,1001.00146484375,15.587930679321287,18.12645647851037,0.8264353754624597,2365.90869140625,27.428571701049805,14.390823811776954,0.6769393676534574,0.0332097001373767,0.0086486050859093,0.0212888121604919,0.0205832719802856,0.0085825752466917,0.843946099281311,0.843946099281311,0.0207750296686072,0.1271592248596274,12.0,0.1271592248596274,0.1097058200103918,0.0,8.274679558416487e-19,0.0,3.6112790918102195e-18,0.0,6.859774577232534e-19,0.0017630446718068,0.0106722664814611,0.0,0.0,False,220,14,target_drop_candidate,187,False,False,False,-1,,akita_black_bowl_1,True,199,True,187,False,0.0,0.0,-1,71,0.1721580358267289,1.579158469952762,0.4419344397051464,5.118161403398728,44833277.80468359,0.843946099281311,/home/jovyan/shares/SR006.nfs2/spiridonov/malnev_world_model/YSDA_WORD_MODELS_PP/experiments/campaigns/phase1_boundary_20260724/videos/phase1_boundary_20260724__known_boundary_milk/libero_spatial_with_milk__task5__init0__pair0__rollout6__seed130582__successFalse__t220__frames220of220__pick_the_akita_black_bowl_next_to_the_ramekin_and_.mp4,220,220,91.0,True,False
libero_spatial_with_milk,5,6,0,6,130582,0,130582,7,112,pick the akita black bowl next to the ramekin and place it on the plate,-1,-1,none,-1,-1,-1,-1,4.0,0.1509987264871597,1.0067051649093628,0.1328333169221878,0.0576195418834686,0.007691478356719,0.8610581159591675,1.1850767135620115,0.8660420179367065,0.0476163327693939,0.103964626789093,0.1653769165277481,0.763209342956543,4.5440850257873535,26.06780242919922,90.58421325683594,7.328044414520264,35.25886535644531,102.88919830322266,0.159452885389328,1.0018171072006226,1.0276464223861694,0.1681035161018371,0.7644178867340088,0.7884172201156616,0.0953993573784828,0.1046491488814354,0.1152652129530906,0.0109150288626551,0.0117990309372544,0.0319676254875958,0.0561133995652198,0.0298887719400227,0.0310981683433055,0.0095410605426877,0.0107683902606368,0.0122011213097721,0.0140342684462666,0.0100782772060483,0.0127883944660425,0.0100782772060483,0.0127883944660425,first,1.0,0.0,0.8192671537399292,-0.9823281764984132,0.0,0.8192671537399292,1.0,0.9224523305892944,False,0.8660420179367065,0.0476163327693939,0.103964626789093,0.0298887714743614,0.0012470202054828,0.010078277438879,0.00207972060889,137582,137583,128,16,0,False,False,0.0,0.0,0.0355122375239492,0.0481756019740047,0.0023228645753688,0.0009709746760467,0.0,0.0,0.0,0.0,143.0,12.0,143.0,0.4893966855709393,0.7403775913653088,0.0666666666666666,0.0603575111584833,0.0492858847652818,0.0754468889481042,0.383354138656293,4.670152289004432,8.932851142416343,1636.770510733734,978.6148071289062,15.453962326049805,18.224685782139414,0.8287719016134385,3350.238525390625,34.28940963745117,12.880046324659247,0.500753478448135,0.2005872875452041,0.0441187880933284,0.1377080082893371,0.0513692200183868,0.0199734456837177,0.8192671537399292,0.8192671537399292,0.0125312733701832,0.0737619910681613,12.0,0.0344874196369233,0.0737619910681613,0.0,4.196757636921429e-19,0.0,2.8690291832240174e-18,0.0,1.285108034169344e-18,0.0020041161697608,0.0105641403182911,0.0022572705334935,0.0273003427155686,False,220,14,target_drop_candidate,187,False,False,False,-1,,akita_black_bowl_1,True,199,True,187,False,0.0,0.0,-1,71,0.1721580358267289,1.579158469952762,0.4419344397051464,5.118161403398728,44833277.80468359,0.8192671537399292,/home/jovyan/shares/SR006.nfs2/spiridonov/malnev_world_model/YSDA_WORD_MODELS_PP/experiments/campaigns/phase1_boundary_20260724/videos/phase1_boundary_20260724__known_boundary_milk/libero_spatial_with_milk__task5__init0__pair0__rollout6__seed130582__successFalse__t220__frames220of220__pick_the_akita_black_bowl_next_to_the_ramekin_and_.mp4,220,220,75.0,True,False
libero_spatial_with_milk,5,6,0,6,130582,0,130582,8,128,pick the akita black bowl next to the ramekin and place it on the plate,-1,-1,none,-1,-1,-1,-1,4.0,0.0051545850001275,0.0221363063901662,0.02545134909451,0.0103105949237942,0.0014044363051652,0.0009370051557198,0.0296888351440429,0.8577451705932617,0.0004375861317384,0.0010855197906494,0.0007217738311737,0.0015746434219181,0.7317853569984436,2.4874684810638428,24.49872398376465,1.678938388824463,7.822243690490723,46.92747116088867,0.0093351071700453,0.0200636368244886,0.0386795848608017,0.0055281217209994,0.0099336095154285,0.0185453090816736,0.0056864763610064,0.0101909013465046,0.0168484989553689,0.0099119381047785,0.0100481119006872,0.020898048300296,0.023494703695178,0.0317673697136342,0.0329232290387153,0.0077006447827443,0.0077220774255692,0.0079989866353571,0.0081143993884325,0.0074181290110573,0.0076089152134954,0.0074181290110573,0.0076089152134954,first,1.0,0.0,0.8578294515609741,0.1926042884588241,0.0,0.8578294515609741,2.0,0.8584268093109131,False,0.8577451705932617,0.0004375861317384,0.0010855197906494,0.0317673683166503,0.0008928337483666,0.0074181291274726,0.0001207908644573,138582,138584,144,16,0,False,False,0.0,0.0,0.0342180559162125,0.0557204827739452,0.0292357182194517,0.0137410919568382,0.0,0.0,0.0,0.0,133.0,11.0,133.0,0.4876360815044416,0.7503964323359887,0.1111111111111111,0.0626259309501608,0.031568201309169,0.0782824136877009,0.6030868580681763,8.27957107838876,29.47654898255219,6634.178601168753,1258.7484130859375,18.001461029052734,17.13141424824373,0.7844085568827153,4609.38623046875,40.29851531982422,11.494372607421816,0.3760231005937241,0.0682226866483688,0.0176117084920406,0.0417166650295257,0.0478824228048324,0.0409867689013481,0.8578294515609741,0.8578294515609741,0.0261718688450159,0.1625303553198741,12.0,0.0301392090295013,0.0615682555737311,0.0,1.4362771809853389e-18,0.0,1.2625522646161702e-18,0.0,1.1707349184176003e-18,0.002858201570129,0.029837730692,0.0271286739549558,0.1625303553198741,False,220,14,target_drop_candidate,187,False,False,False,-1,,akita_black_bowl_1,True,199,True,187,False,0.0,0.0,-1,71,0.1721580358267289,1.579158469952762,0.4419344397051464,5.118161403398728,44833277.80468359,0.8578294515609741,/home/jovyan/shares/SR006.nfs2/spiridonov/malnev_world_model/YSDA_WORD_MODELS_PP/experiments/campaigns/phase1_boundary_20260724/videos/phase1_boundary_20260724__known_boundary_milk/libero_spatial_with_milk__task5__init0__pair0__rollout6__seed130582__successFalse__t220__frames220of220__pick_the_akita_black_bowl_next_to_the_ramekin_and_.mp4,220,220,59.0,True,False
libero_spatial_with_milk,5,6,0,6,130582,0,130582,9,144,pick the akita black bowl next to the ramekin and place it on the plate,-1,-1,none,-1,-1,-1,-1,4.0,0.0039268308319151,0.0195782650262117,0.0232090391218662,0.0072057261131703,0.0015210873680189,0.0013073744485154,0.0217545628547668,0.8248428106307983,0.0006740566459484,0.0015023946762084,0.0011065939906984,0.0017799094785004,1.2912087440490725,5.494315147399902,50.82014846801758,1.8719087839126587,8.042854309082031,46.54769134521485,0.008296919055283,0.0175268035382032,0.0318549945950508,0.0057171010412275,0.0101787522435188,0.0181559883058071,0.0060213976539671,0.0107677215710282,0.0177041888236999,0.0099534164182841,0.010037918575108,0.0152815037872642,0.0159593429416418,0.0309009505435824,0.0324012413620948,0.0080583982635289,0.0081795370206236,0.0084109164308756,0.008803479373455,0.0078680762089788,0.0081524923443794,0.0078680762089788,0.0081524923443794,first,1.0,0.0,0.8241758346557617,-0.9894954562187196,0.0,0.8241758346557617,2.0,0.8256782293319702,False,0.8248428106307983,0.0006740566459484,0.0015023946762084,0.030900951474905,0.0010344589827582,0.0078680757433176,0.000288085109787,139582,139584,160,16,0,False,False,0.0,0.0,0.0528668136262043,0.0559042196286881,0.0401839447866743,0.0047127337022003,0.0,0.0,0.0,0.0,131.0,9.0,131.0,0.4898993638314597,0.711738199801097,0.1333333333333333,0.0605848013829083,0.0425657626605813,0.0757310017286354,0.4702531384912829,5.485578511923935,16.978918518240846,3025.9239953832434,1192.3743896484375,17.82907485961914,17.366677213786765,0.7945913646867395,2538.414794921875,28.63796806335449,14.085177705219278,0.5882592389366743,0.0639048293232917,0.0172008350491523,0.0437294542789459,0.0557776317000389,0.0171597134321928,0.8241758346557617,0.8241758346557617,0.0126783364881638,0.0441587737198739,12.0,0.0377422113939648,0.0441587737198739,0.0,1.326656143051279e-18,0.0,1.684743591577384e-18,0.0,3.063473030142313e-18,0.0014535462326924,0.0240572146173166,0.0103791346732274,0.0343491572208904,False,220,14,target_drop_candidate,187,False,False,False,-1,,akita_black_bowl_1,True,199,True,187,False,0.0,0.0,-1,71,0.1721580358267289,1.579158469952762,0.4419344397051464,5.118161403398728,44833277.80468359,0.8241758346557617,/home/jovyan/shares/SR006.nfs2/spiridonov/malnev_world_model/YSDA_WORD_MODELS_PP/experiments/campaigns/phase1_boundary_20260724/videos/phase1_boundary_20260724__known_boundary_milk/libero_spatial_with_milk__task5__init0__pair0__rollout6__seed130582__successFalse__t220__frames220of220__pick_the_akita_black_bowl_next_to_the_ramekin_and_.mp4,220,220,43.0,True,False
libero_spatial_with_milk,5,6,0,6,130582,0,130582,10,160,pick the akita black bowl next to the ramekin and place it on the plate,-1,-1,none,-1,-1,-1,-1,4.0,0.005984493996948,0.035169206559658,0.0196726024150848,0.0118484208360314,0.0016122935339808,0.0015093169640749,0.034124556928873,0.8501706123352051,0.0002655178832355,0.0007424354553222,0.0014450179878622,0.0044329557567834,1.4323999881744385,5.678908348083496,63.70390319824219,3.3182373046875,15.68438720703125,65.92988586425781,0.0101823741570115,0.0231386478990316,0.0497052036225795,0.0059263948351144,0.010515890084207,0.0192867405712604,0.0058799963444471,0.0104237785562872,0.0197750329971313,0.0103562108706682,0.0106324758380651,0.0208790064789354,0.0232992433011531,0.0291911116801202,0.0305518712848424,0.0094850899185985,0.0099153025075793,0.0134125282056629,0.0140821104869246,0.0079072302905842,0.0080768382176756,0.0079072302905842,0.0080768382176756,first,1.0,0.0,0.8501104116439819,-0.2267293334007263,0.0,0.8501104116439819,2.0,0.8505457639694214,False,0.8501706123352051,0.0002655178832355,0.0007424354553222,0.0291911102831363,0.0009757349034771,0.0079072304069995,0.0001401790941599,140582,140584,176,16,0,False,False,0.0,0.0,0.0506760318851013,0.0561868112239193,0.0483254174352604,0.0047502326028785,0.0,0.0,0.0,0.0,135.0,11.0,135.0,0.5091152840739839,0.816733636323614,0.1222222222222222,0.0554563734727392,0.0238837237340915,0.069320466840924,0.5871235917323122,7.403862628423335,26.25192054028616,6419.6206789109365,1303.106689453125,18.762901306152344,16.98100386641177,0.7776973654088918,3702.716064453125,37.00830459594727,12.445599505654457,0.4677451738379545,0.1423195898532867,0.0312101636081933,0.1147007346153259,0.0670225545763969,0.0042510470375418,0.8501104116439819,0.8501104116439819,0.0162817743334586,0.1195556295513136,12.0,0.0247271723794664,0.0402452612731694,0.0,4.581657507959137e-19,0.0,1.6118885699897769e-18,0.0,2.512661672201032e-18,5.228564364062843e-10,4.773528361298684e-09,0.0108532235011699,0.1195556295513136,False,220,14,target_drop_candidate,187,False,False,False,-1,,akita_black_bowl_1,True,199,True,187,False,0.0,0.0,-1,71,0.1721580358267289,1.579158469952762,0.4419344397051464,5.118161403398728,44833277.80468359,0.8501104116439819,/home/jovyan/shares/SR006.nfs2/spiridonov/malnev_world_model/YSDA_WORD_MODELS_PP/experiments/campaigns/phase1_boundary_20260724/videos/phase1_boundary_20260724__known_boundary_milk/libero_spatial_with_milk__task5__init0__pair0__rollout6__seed130582__successFalse__t220__frames220of220__pick_the_akita_black_bowl_next_to_the_ramekin_and_.mp4,220,220,27.0,True,False
libero_spatial_with_milk,5,6,0,6,130582,0,130582,11,176,pick the akita black bowl next to the ramekin and place it on the plate,-1,-1,none,-1,-1,-1,-1,4.0,0.0042868615128099,0.0191847085952758,0.0120008746162056,0.0078588491305708,0.0015844561858102,0.0016781172016635,0.0230237413197755,0.9790736436843872,0.0030679104384034,0.0069628953933715,0.0014578545233234,0.0043475902639329,1.4825870990753174,5.760859489440918,53.92123794555664,3.711257934570313,15.658464431762695,60.63414764404297,0.0086789764463901,0.0172449238598346,0.0340984351933002,0.0060522789135575,0.0108212558552622,0.0193511825054883,0.0083712367340922,0.0139030860736966,0.0227526854723691,0.0100939858239144,0.0102171748876571,0.016860416624695,0.0173729788511991,0.0301875150762498,0.0314203165471553,0.0100397150963544,0.0103301266208291,0.0129742508288472,0.0132869826629757,0.0091324693057686,0.0093095386400818,0.0091324693057686,0.0093095386400818,first,1.0,0.0,0.982782244682312,1.2088360786437988,0.0,0.982782244682312,0.0,0.982782244682312,True,0.9790736436843872,0.0030679104384034,0.0069628953933715,0.0301875174045562,0.0008709865505807,0.0091324690729379,0.0001829765096772,141582,141582,192,16,0,False,False,0.0,0.0,0.0363677308849834,0.056134843681264,0.1203831145114408,0.0045202900827745,0.0,1.0,0.0,0.0,29.0,9.0,29.0,0.448648790752146,0.6160321023128057,0.0444444444444444,0.0467245968245146,0.0297761181822638,0.0584057460306433,0.365875800277687,4.34586223119659,10.228271964240658,2606.5716927931194,1219.61083984375,18.411285400390625,17.268590851684962,0.7890532082404398,2242.817138671875,28.402183532714844,14.62286494731723,0.5036031777796838,0.0791475847363472,0.0205889232456684,0.0549286007881164,0.0685901418328285,0.0134941907599568,0.982782244682312,0.982782244682312,0.071726973434228,0.5650778078709326,12.0,0.0396638874617731,0.1728329375583526,0.0,1.7072494855162848e-20,0.0,3.3545288186888553e-19,0.0,5.950786309578958e-19,4.0289396797899314e-05,0.0009518761381689,0.0821568827847115,0.5650778078709326,False,220,14,target_drop_candidate,187,False,False,False,-1,,akita_black_bowl_1,True,199,True,187,False,0.0,0.0,-1,71,0.1721580358267289,1.579158469952762,0.4419344397051464,5.118161403398728,44833277.80468359,0.982782244682312,/home/jovyan/shares/SR006.nfs2/spiridonov/malnev_world_model/YSDA_WORD_MODELS_PP/experiments/campaigns/phase1_boundary_20260724/videos/phase1_boundary_20260724__known_boundary_milk/libero_spatial_with_milk__task5__init0__pair0__rollout6__seed130582__successFalse__t220__frames220of220__pick_the_akita_black_bowl_next_to_the_ramekin_and_.mp4,220,220,11.0,True,True
libero_spatial_with_milk,5,7,0,7,130679,0,130679,0,0,pick the akita black bowl next to the ramekin and place it on the plate,-1,-1,none,-1,-1,-1,-1,4.0,0.0013093658490106,0.0120366048067808,0.0045173442922532,0.002300614491105,0.0005441572866402,0.0006312458426691,0.0077519095502793,0.3308343887329101,0.0007488558767363,0.0019859075546264,0.0007279376150108,0.0010901304194703,0.4549154043197632,1.4142135381698608,11.467345237731934,0.816017746925354,3.2015621662139893,25.01999282836914,0.0061311065219342,0.0110917091369628,0.023634223267436,0.0057277414016425,0.0101914098486304,0.017936548218131,0.0056310296058654,0.0099058346822857,0.0170555580407381,0.0078639758285135,0.0080136228352785,0.0104681891389191,0.010804533958435,0.0220239432528615,0.0226548556238412,0.0074804690666496,0.0075871627777814,0.0078126048902049,0.0079622212797403,0.0070227921241894,0.0070740957744419,0.0070227921241894,0.0070740957744419,first,1.0,0.0,0.3317384719848633,1.20728600025177,0.0,0.3317384719848633,0.0,0.3317384719848633,True,0.3308343887329101,0.0007488558767363,0.0019859075546264,0.0220239423215389,0.0004916276084259,0.0070227920077741,3.636449400801212e-05,130679,130679,16,16,0,False,False,0.0,0.0,2.786076397365278e-07,0.3206730400723023,2.786076407285072e-07,2.786076397365278e-07,0.0,0.0,0.0,0.0,0.0,0.0,0.0,0.7217361264355389,0.8406692481121544,0.0888888888888888,0.1411330504068496,0.141081281917456,0.1764163130085621,0.2822358618248712,1.584227802874355,5.80651486856602,61.21780034836729,610.1802978515625,10.455967903137209,20.27622180295852,0.881483501176142,777.6582641601562,11.91650104522705,19.22291569269507,0.8630260776064819,0.0056438543833792,0.0014810777502134,0.003648430109024,0.0020600797142833,0.0045749996788799,0.3317384719848633,0.3317384719848633,1.1638961072383727e-07,2.934624683612667e-07,12.0,2.934624683612516e-07,5.883756821224027e-09,2.934624683612667e-07,5.883756828769486e-09,2.530519738197512e-07,4.663011959262849e-17,2.6346862755526685e-07,3.568444200772326e-09,2.673608637928073e-07,9.187799780921432e-09,1.3438404960466898e-09,1.3286213395511305e-12,False,220,14,timeout_no_goal,220,False,False,False,-1,,akita_black_bowl_1,False,-1,False,-1,False,0.0,0.0,-1,71,0.181095168365948,1.4587971902733037,0.4322011821615933,4.466033178927731,31550143.23494757,0.3317384719848633,/home/jovyan/shares/SR006.nfs2/spiridonov/malnev_world_model/YSDA_WORD_MODELS_PP/experiments/campaigns/phase1_boundary_20260724/videos/phase1_boundary_20260724__known_boundary_milk/libero_spatial_with_milk__task5__init0__pair0__rollout7__seed130679__successFalse__t220__frames220of220__pick_the_akita_black_bowl_next_to_the_ramekin_and_.mp4,220,220,220.0,True,False
libero_spatial_with_milk,5,7,0,7,130679,0,130679,1,16,pick the akita black bowl next to the ramekin and place it on the plate,-1,-1,none,-1,-1,-1,-1,4.0,0.0010694741504266,0.0050643007270991,0.0028973566368222,0.0016984954709187,0.0005888020386919,0.0006244259420782,0.0053066499531269,0.3529568612575531,0.0003757037047762,0.00090754032135,0.0005150731303729,0.0008706572116352,0.4036678373813629,1.2247449159622192,7.562241554260254,0.5157943367958069,1.5811388492584229,10.894379615783691,0.0059031150303781,0.0104429805651307,0.0186156444251537,0.0056316521950066,0.009958129376173,0.0169215928763151,0.0055619562044739,0.009784092195332,0.0175188276916742,0.0076433954527601,0.007693797815591,0.0094877753872424,0.009923699311912,0.0201314464211463,0.0207681916654109,0.0073933938983827,0.0074296039529144,0.0076643797801807,0.0077295745722949,0.0070541752502322,0.007101871073246,0.0070541752502322,0.007101871073246,first,1.0,0.0,0.3531396389007568,0.4864941239356994,0.0,0.3531396389007568,2.0,0.3534840643405914,False,0.3529568612575531,0.0003757037047762,0.00090754032135,0.0201314464211463,0.0004853514546994,0.0070541752502322,3.541418845998123e-05,131679,131681,32,16,0,False,False,0.0,0.0,2.786076397365278e-07,0.2365811391866136,2.786076407285072e-07,2.786076397365278e-07,0.0,0.0,0.0,0.0,0.0,0.0,0.0,0.8504867502250744,0.8802833612737399,0.0222222222222222,0.1685302017827354,0.1661878911885052,0.2106627522284193,0.1553567221642252,1.0131037591559284,2.330940775670308,10.50721545014388,691.0491333007812,11.422844886779783,19.735714342421687,0.8704721208876022,832.7356567382812,11.139083862304688,18.9257319984461,0.8249022277986102,0.0095757599920034,0.0020707054063677,0.0079863145947456,0.0015470430953428,0.0092820907011628,0.3531396389007568,0.3531396389007568,7.667550014239151e-18,3.652686576802992e-17,12.0,0.0,3.652686576802992e-17,0.0,3.6425976076090003e-17,0.0,1.2346819254644626e-17,0.0,1.1711736750158325e-18,0.0,5.5397653970894374e-18,0.0,0.0,False,220,14,timeout_no_goal,220,False,False,False,-1,,akita_black_bowl_1,False,-1,False,-1,False,0.0,0.0,-1,71,0.181095168365948,1.4587971902733037,0.4322011821615933,4.466033178927731,31550143.23494757,0.3531396389007568,/home/jovyan/shares/SR006.nfs2/spiridonov/malnev_world_model/YSDA_WORD_MODELS_PP/experiments/campaigns/phase1_boundary_20260724/videos/phase1_boundary_20260724__known_boundary_milk/libero_spatial_with_milk__task5__init0__pair0__rollout7__seed130679__successFalse__t220__frames220of220__pick_the_akita_black_bowl_next_to_the_ramekin_and_.mp4,220,220,204.0,True,False
libero_spatial_with_milk,5,7,0,7,130679,0,130679,2,32,pick the akita black bowl next to the ramekin and place it on the plate,-1,-1,none,-1,-1,-1,-1,4.0,0.0015452158404514,0.0053846789523959,0.0070757702924311,0.0028153995517641,0.0004744769248645,0.000946880725678,0.0083360439166426,0.4117938876152038,0.0005641871248371,0.0015871524810791,0.0004738770949188,0.0008063997374847,0.4600668251514435,1.4790199995040894,16.03901481628418,0.6104502081871033,2.2776083946228027,21.12314987182617,0.0059435330331325,0.0106165688484907,0.0182081330567598,0.0055267736315727,0.0097817629575729,0.0181361623108387,0.0053474879823625,0.0095363445580005,0.0186683870851993,0.0077327729668468,0.0077685830183327,0.0099181400146335,0.0103867845609784,0.0210296683944761,0.0215506963431835,0.0073482452426105,0.0074144238606095,0.0076552981045097,0.0078568318858742,0.0067329599987715,0.0067846295423805,0.0067329599987715,0.0067846295423805,first,1.0,0.0,0.4125357270240783,1.3148818016052246,0.0,0.4125357270240783,0.0,0.4125357270240783,True,0.4117938876152038,0.0005641871248371,0.0015871524810791,0.02102966979146,0.0003595730813685,0.0067329602316021,4.783698386745528e-05,132679,132679,48,16,0,False,False,0.0,0.0,2.786076397365278e-07,0.0814418253474542,2.786076407285072e-07,2.786076397365278e-07,0.0,0.0,0.0,0.0,0.0,0.0,0.0,0.8829321785613815,0.968105920957008,0.0454545454545454,0.1820450863778513,0.168711554620682,0.2275563579723142,0.4279423965461962,2.749044035031955,5.484524873637821,59.661150704832245,805.08203125,12.446215629577637,19.07240227202933,0.8521102608695187,312.97344970703125,7.758211135864258,23.17572864007729,0.9316941668859732,0.012790591455996,0.0031143550295382,0.0075588226318359,0.0091642709448933,0.0088169053196907,0.4125357270240783,0.4125357270240783,8.2016208530067e-19,3.516120894892146e-18,12.0,0.0,1.8490993085695948e-19,0.0,1.2662607134657232e-18,0.0,3.516120894892146e-18,0.0,2.5905073048730083e-18,0.0,2.2841461795202025e-18,0.0,0.0,False,220,14,timeout_no_goal,220,False,False,False,-1,,akita_black_bowl_1,False,-1,False,-1,False,0.0,0.0,-1,71,0.181095168365948,1.4587971902733037,0.4322011821615933,4.466033178927731,31550143.23494757,0.4125357270240783,/home/jovyan/shares/SR006.nfs2/spiridonov/malnev_world_model/YSDA_WORD_MODELS_PP/experiments/campaigns/phase1_boundary_20260724/videos/phase1_boundary_20260724__known_boundary_milk/libero_spatial_with_milk__task5__init0__pair0__rollout7__seed130679__successFalse__t220__frames220of220__pick_the_akita_black_bowl_next_to_the_ramekin_and_.mp4,220,220,188.0,True,False
libero_spatial_with_milk,5,7,0,7,130679,0,130679,3,48,pick the akita black bowl next to the ramekin and place it on the plate,-1,-1,none,-1,-1,-1,-1,4.0,0.0072956853546202,0.5493443012237549,0.0103852245956659,0.0041416040621697,0.0010366480564698,0.0355350337922573,0.0518912635743618,0.5265786647796631,0.0010060997446998,0.0024747848510742,0.0018471026560291,0.0067280954681336,0.5220237970352173,1.5811388492584229,13.162446975708008,0.9764316082000732,3.90512490272522,23.123310089111328,0.0116619896143674,0.0137761244550347,0.6046364307403564,0.0062072351574897,0.0113897807896137,0.0209438558667898,0.0055807074531912,0.0098898150026798,0.0165006890892982,0.0081992479972541,0.0087944557890295,0.0280031936708837,0.0724480897188186,0.0220071915537118,0.0227246973663568,0.0077525740489363,0.0080099739134311,0.0081611690111458,0.0086622107774019,0.0067586943041533,0.0067801629193127,0.0067586943041533,0.0067801629193127,first,1.0,0.0,0.5274330973625183,0.8492523431777954,0.0,0.5274330973625183,2.0,0.5274843573570251,False,0.5265786647796631,0.0010060997446998,0.0024747848510742,0.0220071915537118,0.0005500079714693,0.0067586940713226,2.1578280211542733e-05,133679,133681,64,16,0,False,False,0.0,0.0,0.0049459280778633,0.0477515900890586,2.786076407285072e-07,2.786076397365278e-07,0.0,0.0,0.0,0.0,51.0,7.0,50.0,0.3237176636847236,0.8730475340006499,0.1,0.0739126900159033,0.0541217532795904,0.0923908625198791,0.4385429565044594,5.824609387043522,17.708616028568425,2340.772039914198,762.1731567382812,11.947982788085938,19.310267117423496,0.8609926908002408,400.5727844238281,9.291427612304688,22.103989215919924,0.9179697541270632,0.0569381304085254,0.0129605513066053,0.0475473403930664,0.0149684799835085,0.016728438436985,0.5274330973625183,0.5274330973625183,0.0079686151462903,0.0905139018141221,12.0,0.0051094799413618,0.0905139018141221,0.0,6.090402500372616e-19,0.0,1.510326635873918e-18,0.0,2.351245876522884e-18,0.0,1.0831827655474845e-17,0.0,0.0,False,220,14,timeout_no_goal,220,False,False,False,-1,,akita_black_bowl_1,False,-1,False,-1,False,0.0,0.0,-1,71,0.181095168365948,1.4587971902733037,0.4322011821615933,4.466033178927731,31550143.23494757,0.5274330973625183,/home/jovyan/shares/SR006.nfs2/spiridonov/malnev_world_model/YSDA_WORD_MODELS_PP/experiments/campaigns/phase1_boundary_20260724/videos/phase1_boundary_20260724__known_boundary_milk/libero_spatial_with_milk__task5__init0__pair0__rollout7__seed130679__successFalse__t220__frames220of220__pick_the_akita_black_bowl_next_to_the_ramekin_and_.mp4,220,220,172.0,True,False
libero_spatial_with_milk,5,7,0,7,130679,0,130679,4,64,pick the akita black bowl next to the ramekin and place it on the plate,-1,-1,none,-1,-1,-1,-1,4.0,0.0019223695853725,0.0109501294791698,0.0039371908642351,0.0034905632492154,0.0007507086265832,0.000732771703042,0.0106504149734973,0.6047909259796143,0.0003338081587571,0.0008288621902465,0.0008382857777178,0.0014279469614848,0.5075856447219849,1.5,21.27792358398437,1.1353607177734375,3.90512490272522,40.25776290893555,0.0065532899461686,0.0120419152081012,0.0259322859346866,0.005668741185218,0.0100196246057748,0.0182272288948297,0.0054788771085441,0.0097074583172798,0.0192524902522563,0.0083851153030991,0.0085303112864494,0.0115584225859493,0.0122178066521883,0.022515108808875,0.0233586002141237,0.0076358125079423,0.007700037676841,0.0079228562535718,0.0080429995432496,0.0069915865315124,0.0071653197519481,0.0069915865315124,0.0071653197519481,first,1.0,0.0,0.6042553782463074,-1.6043578386306765,0.0,0.6042553782463074,2.0,0.605084240436554,False,0.6047909259796143,0.0003338081587571,0.0008288621902465,0.022515108808875,0.0006393523653969,0.0069915866479277,0.0001075832406058,134679,134681,80,16,0,False,False,0.0,0.0,0.1283322038910666,0.0498950582846704,2.786076407285072e-07,2.786076397365278e-07,0.0,0.0,0.0,0.0,125.0,8.0,125.0,0.9126751278769984,1.2306309745586397,0.0888888888888888,0.1609198152872728,0.1522035067252253,0.201149769109091,0.4908024179441138,3.642876309771927,7.080901307768446,143.48416749831998,719.822021484375,11.636512756347656,19.55855231995234,0.8663998121924463,1003.2970581054688,14.872455596923828,18.11650822069568,0.8171208061774704,0.0339849442243576,0.0083386339247226,0.0216891765594482,0.0074729546904563,0.0175486039370298,0.6042553782463074,0.6042553782463074,0.016100600314587,0.1472482160188168,12.0,0.1472482160188168,0.0459589877562273,0.0,8.412026592651056e-19,0.0,1.8418245442454707e-18,0.0,2.243093950644588e-18,0.0,7.88518088568203e-18,0.0,0.0,False,220,14,timeout_no_goal,220,False,False,False,-1,,akita_black_bowl_1,False,-1,False,-1,False,0.0,0.0,-1,71,0.181095168365948,1.4587971902733037,0.4322011821615933,4.466033178927731,31550143.23494757,0.6042553782463074,/home/jovyan/shares/SR006.nfs2/spiridonov/malnev_world_model/YSDA_WORD_MODELS_PP/experiments/campaigns/phase1_boundary_20260724/videos/phase1_boundary_20260724__known_boundary_milk/libero_spatial_with_milk__task5__init0__pair0__rollout7__seed130679__successFalse__t220__frames220of220__pick_the_akita_black_bowl_next_to_the_ramekin_and_.mp4,220,220,156.0,True,False
libero_spatial_with_milk,5,7,0,7,130679,0,130679,5,80,pick the akita black bowl next to the ramekin and place it on the plate,-1,-1,none,-1,-1,-1,-1,4.0,0.0013607905711978,0.0051034088246524,0.0059667285531759,0.0025458424352109,0.0003712666220963,0.000774206011556,0.0074151414446532,0.7018537521362305,0.0001302594901062,0.0002873539924621,0.0005015305359847,0.0007388028316199,0.4486430585384369,1.4790199995040894,12.132085800170898,0.6540752053260803,2.2776083946228027,20.99255752563477,0.005945760756731,0.0105663407593965,0.0183745622634887,0.005713359452784,0.010175323113799,0.019341567531228,0.0055714887566864,0.0099051231518387,0.0183176435530185,0.0078594274818897,0.0078849885612726,0.0100338589400053,0.0103764282539486,0.0211732378229498,0.0217706300318241,0.0076094417599961,0.0077077564783394,0.008042741799727,0.0084906117990612,0.007215290563181,0.0075105312280356,0.007215290563181,0.0075105312280356,first,1.0,0.0,0.7019814848899841,0.9806022644042968,0.0,0.7019814848899841,2.0,0.7019831538200378,False,0.7018537521362305,0.0001302594901062,0.0002873539924621,0.0211732387542724,0.000455099332612,0.0072152907960116,0.0001752958633005,135679,135681,96,16,0,False,False,0.0,0.0,0.181095168365948,0.0501248390483166,2.786076407285072e-07,2.786076397365278e-07,0.0,0.0,0.0,0.0,156.0,11.0,156.0,1.028034955936691,1.1561558757037935,0.1222222222222222,0.220408938035834,0.2002020856931653,0.2755111725447926,0.4973056569878755,2.646199652348876,4.899396135002338,38.871946724957,867.0198974609375,13.795207977294922,18.75051296542413,0.8452241862083572,1716.1231689453125,19.7302360534668,15.785319062167297,0.6723997737886632,0.060811374336481,0.0132423853501677,0.0420342683792114,0.0178049020469188,0.0094015812501311,0.7019814848899841,0.7019814848899841,0.0229533698457178,0.1938157556457437,12.0,0.1938157556457437,0.0816246825028706,0.0,2.547542240198661e-19,0.0,2.925081364404454e-18,0.0,1.6019069912968976e-18,0.0,4.715754893554077e-18,0.0,0.0,False,220,14,timeout_no_goal,220,False,False,False,-1,,akita_black_bowl_1,False,-1,False,-1,False,0.0,0.0,-1,71,0.181095168365948,1.4587971902733037,0.4322011821615933,4.466033178927731,31550143.23494757,0.7019814848899841,/home/jovyan/shares/SR006.nfs2/spiridonov/malnev_world_model/YSDA_WORD_MODELS_PP/experiments/campaigns/phase1_boundary_20260724/videos/phase1_boundary_20260724__known_boundary_milk/libero_spatial_with_milk__task5__init0__pair0__rollout7__seed130679__successFalse__t220__frames220of220__pick_the_akita_black_bowl_next_to_the_ramekin_and_.mp4,220,220,140.0,True,False
libero_spatial_with_milk,5,7,0,7,130679,0,130679,6,96,pick the akita black bowl next to the ramekin and place it on the plate,-1,-1,none,-1,-1,-1,-1,4.0,0.0022366989869624,0.0107177076861262,0.0154298795387148,0.0043427320197224,0.0006115350406616,0.00079409009777,0.0122721446678042,0.8238495588302612,0.0010666924063116,0.0023795962333679,0.0009964301716536,0.0022582102101296,0.8751797080039978,3.041381359100342,19.35684585571289,3.654705762863159,18.9934196472168,58.22531509399414,0.00647386116907,0.0117544308304786,0.0220338031649589,0.0055939834564924,0.009888157248497,0.0169268064200878,0.0059385993517935,0.0104878917336463,0.0197126977145671,0.0081160455010831,0.0082106832414865,0.0108050473500043,0.0110968584194779,0.0224745604209601,0.0229650419205427,0.0074509797850623,0.0075286054052412,0.0077132756123319,0.0078946324065327,0.0072884844848886,0.0074331951327621,0.0072884844848886,0.0074331951327621,first,1.0,0.0,0.8251587152481079,1.2273045778274536,0.0,0.8251587152481079,0.0,0.8251587152481079,True,0.8238495588302612,0.0010666924063116,0.0023795962333679,0.0224745590239763,0.000357420038199,0.0072884843684732,0.000111970162834,136679,136679,112,16,0,False,False,0.0,0.0,0.1471380135867313,0.0508970178170952,0.0087524533386773,0.0025891812904844,0.0,0.0,0.0,0.0,174.0,12.0,174.0,0.9320015315075162,1.0759023255714646,0.0909090909090909,0.1637406127959454,0.1473657780378041,0.2046757659949317,0.4203257504912001,2.8138935907876106,8.404799842949052,101.8385215780324,1031.6998291015625,15.73131275177002,17.995270022659984,0.821483954252506,2994.13232421875,31.52305793762207,13.368093710037863,0.5735146347118886,0.0331108793616294,0.008701448328793,0.0196528434753417,0.0187968183308839,0.01620982773602,0.8251587152481079,0.8251587152481079,0.0165238480572268,0.1463967162119456,12.0,0.1463967162119456,0.0278774048220475,0.0,3.7172323410424724e-19,0.0,1.1729429492554988e-18,0.0,2.1185209183642197e-18,0.0,1.9957476752598904e-18,0.003101280597863,0.0209107750548655,False,220,14,timeout_no_goal,220,False,False,False,-1,,akita_black_bowl_1,False,-1,False,-1,False,0.0,0.0,-1,71,0.181095168365948,1.4587971902733037,0.4322011821615933,4.466033178927731,31550143.23494757,0.8251587152481079,/home/jovyan/shares/SR006.nfs2/spiridonov/malnev_world_model/YSDA_WORD_MODELS_PP/experiments/campaigns/phase1_boundary_20260724/videos/phase1_boundary_20260724__known_boundary_milk/libero_spatial_with_milk__task5__init0__pair0__rollout7__seed130679__successFalse__t220__frames220of220__pick_the_akita_black_bowl_next_to_the_ramekin_and_.mp4,220,220,124.0,True,False
libero_spatial_with_milk,5,7,0,7,130679,0,130679,7,112,pick the akita black bowl next to the ramekin and place it on the plate,-1,-1,none,-1,-1,-1,-1,4.0,0.0073276427574455,0.0447700731456279,0.031289055943489,0.0139637170359492,0.0025607086718082,0.0017202282324433,0.0410652793943882,0.8524895310401917,0.0017086510779336,0.0041229724884033,0.0026880982331931,0.0071931909769773,1.4146836996078491,5.402545928955078,47.1301383972168,4.521377086639404,18.102140426635746,56.9533805847168,0.0120332045480608,0.027007833123207,0.0586156956851482,0.0065132267773151,0.0119001222774386,0.021377857774496,0.0065058106556534,0.0113676534965634,0.0182652827352285,0.0107075499836355,0.010983875952661,0.0176641521975398,0.0184447187930345,0.0299612809903919,0.0306479334831237,0.0087897507473826,0.0090005528181791,0.0092190485447645,0.009473206475377,0.0079089843202382,0.0079442663118243,0.0079089843202382,0.0079442663118243,first,1.0,0.0,0.8519269824028015,-0.3292355239391327,0.0,0.8519269824028015,2.0,0.8540607690811157,False,0.8524895310401917,0.0017086510779336,0.0041229724884033,0.0299612823873758,0.0007858654134906,0.0079089850187301,2.1263474991428662e-05,137679,137681,128,16,0,False,False,0.0,0.0,0.0141804967188273,0.0478740680558007,0.0043242932682021,0.0032244089077797,0.0,0.0,0.0,0.0,163.0,12.0,155.0,0.4116448887176456,0.8414238850695508,0.0888888888888888,0.0376728792944617,0.0195376098637353,0.0470910991180772,0.3785646957993618,5.691826989010183,21.131857427216367,10347.733724884183,1017.2214965820312,15.966597557067873,18.05664831475613,0.8219409362492799,4379.12744140625,40.18030548095703,11.716927766499484,0.421165282998281,0.1352395415306091,0.0296117588877677,0.1092040538787841,0.0433764569461345,0.0388382449746131,0.8519269824028015,0.8519269824028015,0.0134598120487142,0.1010487894182489,12.0,0.0091624516474633,0.1010487894182489,0.0,6.34996964089903e-19,0.0,1.248239732820481e-18,0.0,2.5106988663932175e-18,0.0037836133950293,0.0235652118647124,0.0030469047493415,0.0209107735097751,False,220,14,timeout_no_goal,220,False,False,False,-1,,akita_black_bowl_1,False,-1,False,-1,False,0.0,0.0,-1,71,0.181095168365948,1.4587971902733037,0.4322011821615933,4.466033178927731,31550143.23494757,0.8519269824028015,/home/jovyan/shares/SR006.nfs2/spiridonov/malnev_world_model/YSDA_WORD_MODELS_PP/experiments/campaigns/phase1_boundary_20260724/videos/phase1_boundary_20260724__known_boundary_milk/libero_spatial_with_milk__task5__init0__pair0__rollout7__seed130679__successFalse__t220__frames220of220__pick_the_akita_black_bowl_next_to_the_ramekin_and_.mp4,220,220,108.0,True,False
libero_spatial_with_milk,5,7,0,7,130679,0,130679,8,128,pick the akita black bowl next to the ramekin and place it on the plate,-1,-1,none,-1,-1,-1,-1,4.0,0.02671979367733,0.8038618564605713,0.0670421794056892,0.0180487167090177,0.0033818900119513,0.1227467283606529,0.1880440711975097,0.9531208872795104,0.0264350064098835,0.0609717369079589,0.0314785428345203,0.1327376812696457,1.5392049551010132,6.219927787780762,57.83759689331055,2.8706419467926025,12.04937744140625,68.40504455566406,0.0320161841809749,0.0567582994699478,0.8362553119659424,0.0348261408507823,0.1364819109439849,0.1593070775270462,0.0531641840934753,0.0598329491913318,0.0711115598678588,0.0124644176103174,0.0150145608931779,0.128107079770416,0.2456878572702407,0.042300852946937,0.0695599466562271,0.01033994439058,0.0112908510491251,0.0135413657408207,0.0158087592571973,0.0093922510277479,0.0098138712346553,0.0093922510277479,0.0098138712346553,first,1.0,0.0,0.9763836860656738,0.8799997568130493,0.0,0.9763836860656738,3.0,0.981837511062622,False,0.9531208872795104,0.0264350064098835,0.0609717369079589,0.0423008538782596,0.0157437641173601,0.009392250329256,0.0002588868956081,138679,138682,144,16,0,False,False,0.0,0.0,0.0143815681364288,0.048336566381133,0.0048591040914869,0.0015209056024242,0.0,0.0,0.0,0.0,22.0,9.0,21.0,0.4703166257899669,0.6645648706888283,0.0555555555555555,0.0774390744068075,0.0750708735773073,0.0967988430085093,0.2914647410517522,3.26433087993952,7.819384523183234,535.7029800207931,934.4332275390624,15.029854774475098,18.425320877345484,0.8347428308724729,1286.083984375,19.33948516845703,17.038110308802636,0.7732745762638475,0.1038540229201316,0.028009520843625,0.0576733946800231,0.0644331350922584,0.050788540393114,0.9763836860656738,0.9763836860656738,0.0054512984144916,0.0321766626620717,12.0,0.0032534940345537,0.0281261070426509,0.0,1.779495270958186e-18,0.0,1.1703943843220404e-18,0.0,1.1785236617456132e-18,0.0018593172260074,0.0321766626620717,3.628511928668021e-12,4.98729492460846e-12,False,220,14,timeout_no_goal,220,False,False,False,-1,,akita_black_bowl_1,False,-1,False,-1,False,0.0,0.0,-1,71,0.181095168365948,1.4587971902733037,0.4322011821615933,4.466033178927731,31550143.23494757,0.9763836860656738,/home/jovyan/shares/SR006.nfs2/spiridonov/malnev_world_model/YSDA_WORD_MODELS_PP/experiments/campaigns/phase1_boundary_20260724/videos/phase1_boundary_20260724__known_boundary_milk/libero_spatial_with_milk__task5__init0__pair0__rollout7__seed130679__successFalse__t220__frames220of220__pick_the_akita_black_bowl_next_to_the_ramekin_and_.mp4,220,220,92.0,True,False
libero_spatial_with_milk,5,7,0,7,130679,0,130679,9,144,pick the akita black bowl next to the ramekin and place it on the plate,-1,-1,none,-1,-1,-1,-1,4.0,0.017351159825921,0.9521232843399048,0.0457007922232151,0.0124723361805081,0.0014884570846334,0.0795757248997688,0.132525086402893,0.8301156759262085,0.00150691147428,0.0041090846061706,0.0089511107653379,0.0399084091186523,1.4622061252593994,5.049752235412598,63.82006072998047,5.840175628662109,26.91710090637207,68.06246948242188,0.0214940551668405,0.0424421690404415,1.013290286064148,0.0126123195514082,0.0410373210906982,0.0549034178256988,0.0063763163052499,0.0112106213346123,0.020911619067192,0.0104013788513839,0.010794835165143,0.0587450349703431,0.0910957679152488,0.0310735837556421,0.0379818119108676,0.0095473947003483,0.0101276105269789,0.011825953843072,0.0132889235392212,0.0078460628865286,0.0080976001918315,0.0078460628865286,0.0080976001918315,first,1.0,0.0,0.8279903531074524,-1.4103833436965942,0.0,0.8279903531074524,2.0,0.832099437713623,False,0.8301156759262085,0.00150691147428,0.0041090846061706,0.031073585152626,0.0041067525744438,0.0078460630029439,0.0001514049072284,139679,139681,160,16,0,False,False,0.0,0.0,0.014530685281533,0.0646806538762085,0.0051514765941479,2.786076397365278e-07,0.0,0.0,0.0,0.0,2.0,2.0,2.0,0.4402906379393737,0.7094059063169587,0.0888888888888888,0.0573742361798427,0.0496709077788483,0.0717177952248034,0.4003151465884261,3.385520159759936,9.65841888808208,1182.2693244766117,1027.0604248046875,15.811530113220217,18.014843657737664,0.818324108890202,2682.69921875,31.57805824279785,13.84508378080345,0.6358991127194595,0.4205798804759979,0.0863388031721115,0.3065064251422882,0.0301450248807668,0.1344073861837387,0.8279903531074524,0.8279903531074524,0.0007672258657883,0.0070727738540133,12.0,0.0004427031873672,0.0070727738540133,0.0,9.049519405665645e-19,0.0,2.2928188304256145e-18,0.0,1.7945030575446617e-18,0.0003355038053297,0.0013557295427494,0.0,0.0,False,220,14,timeout_no_goal,220,False,False,False,-1,,akita_black_bowl_1,False,-1,False,-1,False,0.0,0.0,-1,71,0.181095168365948,1.4587971902733037,0.4322011821615933,4.466033178927731,31550143.23494757,0.8279903531074524,/home/jovyan/shares/SR006.nfs2/spiridonov/malnev_world_model/YSDA_WORD_MODELS_PP/experiments/campaigns/phase1_boundary_20260724/videos/phase1_boundary_20260724__known_boundary_milk/libero_spatial_with_milk__task5__init0__pair0__rollout7__seed130679__successFalse__t220__frames220of220__pick_the_akita_black_bowl_next_to_the_ramekin_and_.mp4,220,220,76.0,True,False
libero_spatial_with_milk,5,7,0,7,130679,0,130679,10,160,pick the akita black bowl next to the ramekin and place it on the plate,-1,-1,none,-1,-1,-1,-1,4.0,0.0064787035807967,0.152084618806839,0.0159809067845344,0.0094965100288391,0.001803106162697,0.0114520769566297,0.0392786860466003,0.859659731388092,0.0017749578692018,0.0047901272773742,0.00124091678299,0.0029095052741467,0.974472165107727,3.4910600185394287,41.15443420410156,2.5254781246185303,10.712142944335938,62.04433822631836,0.0107466010376811,0.0210485756397247,0.1833948642015457,0.0058063939213752,0.0103451739996671,0.0173004548996686,0.0066740596666932,0.0116779617965221,0.0212891586124897,0.0098996767774224,0.0102925235405564,0.0227518405299633,0.0456142574548721,0.0321242036297917,0.035898882895708,0.0082523743622004,0.0083934804424643,0.0086787410546094,0.008802818134427,0.0081301329191774,0.0083604864776134,0.0081301329191774,0.0083604864776134,first,1.0,0.0,0.8576913475990295,-1.1089749336242676,0.0,0.8576913475990295,2.0,0.8624814748764038,False,0.859659731388092,0.0017749578692018,0.0047901272773742,0.0321242026984691,0.0022909136023372,0.008130133152008,0.000133204186568,140679,140681,176,16,0,False,False,0.0,0.0,0.0312724068849137,0.0614229980589057,0.0060593190475044,0.0001469451504213,0.0,0.0,0.0,0.0,134.0,11.0,134.0,0.3660123313418456,0.7356019705080671,0.0777777777777777,0.0532018678933042,0.0286326485309184,0.0665023348666303,0.4176888967144379,5.043937109711416,13.667006472543072,2928.0076005917635,1031.5526123046875,16.379915237426758,17.995889776611094,0.815022518605677,4656.59423828125,41.9859504699707,11.450119644109884,0.3984103486290002,0.0659306272864341,0.0165345910936594,0.0510269403457641,0.0543087236583232,0.0135676711797714,0.8576913475990295,0.8576913475990295,0.0061256827029138,0.030917137668844,12.0,0.0296258293186607,0.030917137668844,0.0,1.4075134658579816e-18,0.0,1.379177859835454e-18,0.0,4.0980508652954136e-18,0.0010294057380305,0.0041548199043896,0.0005548684799139,0.0072261313251273,False,220,14,timeout_no_goal,220,False,False,False,-1,,akita_black_bowl_1,False,-1,False,-1,False,0.0,0.0,-1,71,0.181095168365948,1.4587971902733037,0.4322011821615933,4.466033178927731,31550143.23494757,0.8576913475990295,/home/jovyan/shares/SR006.nfs2/spiridonov/malnev_world_model/YSDA_WORD_MODELS_PP/experiments/campaigns/phase1_boundary_20260724/videos/phase1_boundary_20260724__known_boundary_milk/libero_spatial_with_milk__task5__init0__pair0__rollout7__seed130679__successFalse__t220__frames220of220__pick_the_akita_black_bowl_next_to_the_ramekin_and_.mp4,220,220,60.0,True,False
libero_spatial_with_milk,5,7,0,7,130679,0,130679,11,176,pick the akita black bowl next to the ramekin and place it on the plate,-1,-1,none,-1,-1,-1,-1,4.0,0.0047137220390141,0.0242474190890789,0.011277106590569,0.0092887608334422,0.0011744135990738,0.001606531208381,0.0270791519433259,0.8705692291259766,0.0007683197618462,0.0021396875381469,0.0014689274830743,0.0049953912384808,1.0653032064437866,3.9370038509368896,33.47666931152344,3.151793956756592,14.067255020141602,54.90673828125,0.008796258829534,0.0186533462256193,0.0368317887187004,0.005926655139774,0.0106346849352121,0.0204945877194404,0.0061071966774761,0.0108284279704093,0.0198619477450847,0.0100928007159382,0.010245538316667,0.0155466184951365,0.015912415459752,0.0267559951171278,0.0287758558988571,0.0084988144226372,0.0086295334622263,0.0092629741411656,0.0095728477463126,0.0081817761529237,0.0083857206627726,0.0081817761529237,0.0083857206627726,first,1.0,0.0,0.8707189559936523,0.1948757171630859,0.0,0.8707189559936523,3.0,0.8715052604675293,False,0.8705692291259766,0.0007683197618462,0.0021396875381469,0.0267559960484504,0.0011737996246665,0.008181775920093,0.0001689217751845,141679,141682,192,16,0,False,False,0.0,0.0,0.0291135327682111,0.0617793904692434,0.0156501321070359,0.01249846047353,0.0,0.0,0.0,0.0,132.0,11.0,132.0,0.3675380521830111,0.5661047423279911,0.1111111111111111,0.0564718680290875,0.0159987300341503,0.0705898350363594,0.5698136793376372,6.770247591346248,20.39786157532341,4856.073423954237,1112.01318359375,17.203350067138672,17.669704247656874,0.8011852415297167,4432.73193359375,43.52016067504883,11.664088924337122,0.3901880169083134,0.0809485390782356,0.0199328418821096,0.0585353076457977,0.067873366177082,0.0180572755634784,0.8707189559936523,0.8707189559936523,0.0154031535434382,0.0782373330133366,12.0,0.0152592168873578,0.0294463875077112,0.0,2.09518971510228e-18,0.0,1.878058979149798e-18,0.0,1.3854613689454826e-18,0.0082904433867823,0.0782373330133366,0.0018971526431708,0.0517073090829004,False,220,14,timeout_no_goal,220,False,False,False,-1,,akita_black_bowl_1,False,-1,False,-1,False,0.0,0.0,-1,71,0.181095168365948,1.4587971902733037,0.4322011821615933,4.466033178927731,31550143.23494757,0.8707189559936523,/home/jovyan/shares/SR006.nfs2/spiridonov/malnev_world_model/YSDA_WORD_MODELS_PP/experiments/campaigns/phase1_boundary_20260724/videos/phase1_boundary_20260724__known_boundary_milk/libero_spatial_with_milk__task5__init0__pair0__rollout7__seed130679__successFalse__t220__frames220of220__pick_the_akita_black_bowl_next_to_the_ramekin_and_.mp4,220,220,44.0,True,False
libero_spatial_with_milk,5,7,0,7,130679,0,130679,12,192,pick the akita black bowl next to the ramekin and place it on the plate,-1,-1,none,-1,-1,-1,-1,4.0,0.0192498136311769,0.8246476054191589,0.0233167894184589,0.0121118128299713,0.0016504760133102,0.0934618189930915,0.1395636796951294,0.878783106803894,0.003414510982111,0.0091580748558044,0.0037550053093582,0.0127469422295689,1.22222101688385,4.636809349060059,46.71455764770508,4.020953178405762,15.221284866333008,67.75507354736328,0.0234484728425741,0.0263471864163875,0.8668906092643738,0.0075706695206463,0.0164992716163396,0.027187181636691,0.0088568720966577,0.0144109353423118,0.0233308393508195,0.0107643017545342,0.0112405000254511,0.0558230536989867,0.0956786498427391,0.0351865449920296,0.0374443940818309,0.008556155487895,0.0086568724364042,0.0094192798715084,0.0104737682268023,0.0081450183643028,0.008705417625606,0.0081450183643028,0.008705417625606,first,1.0,0.0,0.8752334713935852,-1.0395735502243042,0.0,0.8752334713935852,2.0,0.8843915462493896,False,0.878783106803894,0.003414510982111,0.0091580748558044,0.035186544060707,0.0014545093290507,0.0081450184807181,0.0003742973785847,142679,142681,208,16,0,False,False,0.0,0.0,0.0262964425885268,0.0615002755715494,0.0182136325607144,0.0121109741685708,0.0,0.0,0.0,0.0,125.0,10.0,125.0,0.2498439913446347,0.4547553372491895,0.0888888888888888,0.0390047256120917,0.0022974468005522,0.0487559070151146,0.4430389118646073,5.605842874261903,16.3563611250878,6519.764249216535,1062.1488037109375,16.80895233154297,17.868949965673927,0.8102964421265535,3236.03515625,36.15650177001953,13.03067129731618,0.519934285300318,0.1073157414793968,0.0274410564452409,0.0682545900344848,0.0510232746601104,0.0226694010198116,0.8752334713935852,0.8752334713935852,0.0077378920258614,0.0513561484410323,12.0,0.0032948842666631,0.0340132559587041,0.0,4.70470380780894e-19,0.0,2.1847556662003862e-18,0.0,3.586415044187213e-18,0.0041904126320275,0.0513561484410323,3.7815241089284455e-10,2.633758382549852e-09,False,220,14,timeout_no_goal,220,False,False,False,-1,,akita_black_bowl_1,False,-1,False,-1,False,0.0,0.0,-1,71,0.181095168365948,1.4587971902733037,0.4322011821615933,4.466033178927731,31550143.23494757,0.8752334713935852,/home/jovyan/shares/SR006.nfs2/spiridonov/malnev_world_model/YSDA_WORD_MODELS_PP/experiments/campaigns/phase1_boundary_20260724/videos/phase1_boundary_20260724__known_boundary_milk/libero_spatial_with_milk__task5__init0__pair0__rollout7__seed130679__successFalse__t220__frames220of220__pick_the_akita_black_bowl_next_to_the_ramekin_and_.mp4,220,220,28.0,True,False
libero_spatial_with_milk,5,7,0,7,130679,0,130679,13,208,pick the akita black bowl next to the ramekin and place it on the plate,-1,-1,none,-1,-1,-1,-1,4.0,0.0268288347870111,0.866109311580658,0.0454885549843311,0.016992749646306,0.0018079163273796,0.1313998252153396,0.2047055512666702,0.8852275013923645,0.0034012754913419,0.0086728334426879,0.0045614936389029,0.01755185239017,1.8019500970840452,7.088723659515381,62.170631408691406,4.948661804199219,18.47126197814941,63.68820571899414,0.0312584042549133,0.0403820425271987,0.8884870409965515,0.0083483234047889,0.0198323335498571,0.029288925230503,0.0088445711880922,0.014341146685183,0.0238553248345851,0.0109278832096606,0.0121256047859787,0.0672943433746695,0.130906268954277,0.0326631315983831,0.035584419965744,0.0085515491664409,0.0088153714314103,0.0093873031437397,0.0099921710789203,0.0081518443766981,0.0086988024413585,0.0081518443766981,0.0086988024413585,first,1.0,0.0,0.8823620080947876,-0.8424760699272156,0.0,0.8823620080947876,1.0,0.8910348415374756,False,0.8852275013923645,0.0034012754913419,0.0086728334426879,0.0326631292700767,0.0029458822682499,0.0081518441438674,0.0003162649227306,143679,143680,220,12,0,False,False,0.0,0.0,0.0277008312445179,0.0616374783458813,0.0157496259680999,0.0090754900522028,0.0,0.0,0.0,0.0,100.0,11.0,100.0,0.235396823808933,0.375204262264073,0.0757575757575757,0.0269421441553157,0.0116083419905044,0.0449035735921929,0.4610483430287756,5.347050421429695,17.265914328504707,2476.478397107788,948.94580078125,15.570232391357422,18.358389525436888,0.8305348262605685,2829.258544921875,33.4178352355957,13.614077246508243,0.5820235530087957,0.0855805277824401,0.0202905312180519,0.0592671632766723,0.0248541440814733,0.0240282770246267,0.8823620080947876,0.8823620080947876,0.0041903711043753,0.0228009600082808,12.0,0.0102171462249401,0.0228009600082808,0.0,1.841257193910497e-18,0.0,1.7491365422861162e-18,0.0,5.875328553946405e-19,0.0013098998279434,0.0159564471913395,0.0,0.0,False,220,14,timeout_no_goal,220,False,False,False,-1,,akita_black_bowl_1,False,-1,False,-1,False,0.0,0.0,-1,71,0.181095168365948,1.4587971902733037,0.4322011821615933,4.466033178927731,31550143.23494757,0.8823620080947876,/home/jovyan/shares/SR006.nfs2/spiridonov/malnev_world_model/YSDA_WORD_MODELS_PP/experiments/campaigns/phase1_boundary_20260724/videos/phase1_boundary_20260724__known_boundary_milk/libero_spatial_with_milk__task5__init0__pair0__rollout7__seed130679__successFalse__t220__frames220of220__pick_the_akita_black_bowl_next_to_the_ramekin_and_.mp4,220,220,12.0,True,True
libero_spatial_with_milk,5,8,0,8,130776,0,130776,0,0,pick the akita black bowl next to the ramekin and place it on the plate,-1,-1,none,-1,-1,-1,-1,4.0,0.0013077184557914,0.013630948960781,0.0091424845159053,0.0021914429962635,0.0006347697344608,0.0006753918714821,0.0078033567406237,0.3318652510643005,0.0006388634210452,0.0016913414001464,0.0006669227732345,0.0015407425817102,0.4810419976711273,1.4790199995040894,12.557368278503418,0.9372418522834778,3.4910600185394287,30.704235076904297,0.0062285051681101,0.0112773906439542,0.0250721685588359,0.0056433165445923,0.0100418087095022,0.0182538758963346,0.0057322941720485,0.0100448653101921,0.0176740679889917,0.0078408861299976,0.007929129526019,0.0102533872704952,0.0109226433560252,0.0224651764146983,0.0231493674218654,0.007408735807985,0.0074244374409317,0.0076574416598305,0.0077063413336873,0.0071587123675271,0.0073306481353938,0.0071587123675271,0.0073306481353938,first,1.0,0.0,0.3317928314208984,-0.1133570075035095,0.0,0.3317928314208984,1.0,0.3329154849052429,False,0.3318652510643005,0.0006388634210452,0.0016913414001464,0.0224651768803596,0.0006149918190203,0.0071587124839425,0.0001350101811112,130776,130777,16,16,0,False,False,0.0,0.0,2.786076397365278e-07,0.3209467293871321,2.786076407285072e-07,2.786076397365278e-07,0.0,0.0,0.0,0.0,0.0,0.0,0.0,0.7194610286208718,0.8375068209479328,0.0795454545454545,0.1406952141378783,0.1406416738400365,0.1758690176723479,0.2826568840073548,1.6073063884787844,5.672669416319731,61.04164642839645,610.6199951171875,10.468703269958496,20.27309339439692,0.8812931394237936,793.94140625,11.998711585998535,19.13291908669129,0.8604292723961173,0.0065459287725389,0.0015837339451536,0.0049717128276824,0.0026843333616852,0.0052895923145115,0.3317928314208984,0.3317928314208984,1.1638961072348833e-07,2.934624683612667e-07,12.0,2.934624683612516e-07,5.883756820474418e-09,2.934624683612667e-07,5.8837568293582755e-09,2.530519738197512e-07,4.6732607352239655e-17,2.6346862755526685e-07,3.568444198867262e-09,2.673608637928073e-07,9.187799778697398e-09,1.3438404960466898e-09,1.3286213395511305e-12,False,220,14,timeout_no_goal,220,False,False,False,-1,,akita_black_bowl_1,False,-1,False,-1,False,0.0,0.0,-1,72,0.1717741718021028,1.5261180590988876,0.4055039917828398,4.540927599965999,37547057.48171463,0.3317928314208984,/home/jovyan/shares/SR006.nfs2/spiridonov/malnev_world_model/YSDA_WORD_MODELS_PP/experiments/campaigns/phase1_boundary_20260724/videos/phase1_boundary_20260724__known_boundary_milk/libero_spatial_with_milk__task5__init0__pair0__rollout8__seed130776__successFalse__t220__frames220of220__pick_the_akita_black_bowl_next_to_the_ramekin_and_.mp4,220,220,220.0,True,False
libero_spatial_with_milk,5,8,0,8,130776,0,130776,1,16,pick the akita black bowl next to the ramekin and place it on the plate,-1,-1,none,-1,-1,-1,-1,4.0,0.0011225311318412,0.0039084614254534,0.0036635138094425,0.0017576833488419,0.0005992513033561,0.0007869134424254,0.0056463428772985,0.3526262640953064,0.0003004912869073,0.000778317451477,0.000533374317456,0.0010386841604486,0.4218721091747284,1.2247449159622192,14.798648834228516,0.5798719525337219,1.8708287477493288,14.497844696044922,0.0059548350982367,0.0104831736534833,0.0206171255558729,0.0056789238005876,0.0101088192313909,0.0173796657472848,0.0055098850280046,0.0098467739298939,0.0219791755080223,0.0077046350343152,0.0077784052118659,0.009247432462871,0.0094165271148085,0.0201510703191161,0.020901471376419,0.0074541431386023,0.0075150579214096,0.0077138119377195,0.0077407467179,0.0070196831366047,0.0071195634081959,0.0070196831366047,0.0071195634081959,first,1.0,0.0,0.3522406220436096,-1.2833718061447144,0.0,0.3522406220436096,3.0,0.3530189394950866,False,0.3526262640953064,0.0003004912869073,0.000778317451477,0.0201510693877935,0.0004592589393723,0.0070196827873587,8.099812112050131e-05,131776,131779,32,16,0,False,False,0.0,0.0,2.786076397365278e-07,0.2368652064898513,2.786076407285072e-07,2.786076397365278e-07,0.0,0.0,0.0,0.0,0.0,0.0,0.0,0.8497924575700666,0.8764155458492741,0.0444444444444444,0.1685114528675772,0.1662055012541191,0.2106393160844715,0.1558416437682847,0.9818941065889883,2.398876275076688,10.730149742593584,690.85546875,11.439871788024902,19.736931610909984,0.8706480147015127,823.7550048828125,11.017352104187012,18.97282294617729,0.8273277649512569,0.0115635674446821,0.0026250190567225,0.0083680748939514,0.0023850153665989,0.0112527459859848,0.3522406220436096,0.3522406220436096,7.823225925678734e-18,3.816621493275324e-17,12.0,0.0,3.816621493275324e-17,0.0,3.703817670555445e-17,0.0,1.3730146208910608e-17,0.0,1.5895117045545852e-18,0.0,3.354661556371953e-18,0.0,0.0,False,220,14,timeout_no_goal,220,False,False,False,-1,,akita_black_bowl_1,False,-1,False,-1,False,0.0,0.0,-1,72,0.1717741718021028,1.5261180590988876,0.4055039917828398,4.540927599965999,37547057.48171463,0.3522406220436096,/home/jovyan/shares/SR006.nfs2/spiridonov/malnev_world_model/YSDA_WORD_MODELS_PP/experiments/campaigns/phase1_boundary_20260724/videos/phase1_boundary_20260724__known_boundary_milk/libero_spatial_with_milk__task5__init0__pair0__rollout8__seed130776__successFalse__t220__frames220of220__pick_the_akita_black_bowl_next_to_the_ramekin_and_.mp4,220,220,204.0,True,False
libero_spatial_with_milk,5,8,0,8,130776,0,130776,2,32,pick the akita black bowl next to the ramekin and place it on the plate,-1,-1,none,-1,-1,-1,-1,4.0,0.0017039495287463,0.0069448230788111,0.0066835046745836,0.0032488477881997,0.0005288655520416,0.000594506971538,0.0095382677391171,0.4115209579467773,0.0005149277858436,0.0013526082038879,0.0004681152058765,0.0006711867754347,0.4540612399578094,1.4790199995040894,11.166356086730955,0.681473433971405,2.598076105117798,22.242977142333984,0.0061086574569344,0.0110410330817103,0.0185911357402801,0.0055936430580914,0.009922930970788,0.0207236874848604,0.0053593958728015,0.0095122344791889,0.0189347993582487,0.0077728705946356,0.0078253345564007,0.0100897110532969,0.0107815088704228,0.0211781496182084,0.0216682963073253,0.0074074491858482,0.0075562456622719,0.0076766134006902,0.0078811775892972,0.0067852234933525,0.0069204913452267,0.0067852234933525,0.0069204913452267,first,1.0,0.0,0.4121449589729309,1.2118223905563354,0.0,0.4121449589729309,0.0,0.4121449589729309,True,0.4115209579467773,0.0005149277858436,0.0013526082038879,0.0211781486868858,0.000433312554378,0.0067852232605218,8.615255501354113e-05,132776,132776,48,16,0,False,False,0.0,0.0,2.786076397365278e-07,0.0825597510681451,2.786076407285072e-07,2.786076397365278e-07,0.0,0.0,0.0,0.0,0.0,0.0,0.0,0.8831578114127426,0.9700435715237352,0.0666666666666666,0.1818080776369438,0.1681499742500059,0.2272600970461797,0.4313703891989194,2.7180883819879647,5.699155083123726,60.93699378102787,795.8043212890625,12.357853889465332,19.12274067793028,0.8536716680743514,318.13897705078125,7.846673011779785,23.10463480565676,0.930871338870445,0.0114703672006726,0.0030261632055044,0.0065926015377044,0.0080048693343997,0.0080296695232391,0.4121449589729309,0.4121449589729309,1.0513085218844254e-18,7.276243950521168e-18,12.0,0.0,6.584148973698964e-19,0.0,2.9197460363516256e-19,0.0,1.9161363690541334e-18,0.0,2.472932442032744e-18,0.0,7.276243950521168e-18,0.0,0.0,False,220,14,timeout_no_goal,220,False,False,False,-1,,akita_black_bowl_1,False,-1,False,-1,False,0.0,0.0,-1,72,0.1717741718021028,1.5261180590988876,0.4055039917828398,4.540927599965999,37547057.48171463,0.4121449589729309,/home/jovyan/shares/SR006.nfs2/spiridonov/malnev_world_model/YSDA_WORD_MODELS_PP/experiments/campaigns/phase1_boundary_20260724/videos/phase1_boundary_20260724__known_boundary_milk/libero_spatial_with_milk__task5__init0__pair0__rollout8__seed130776__successFalse__t220__frames220of220__pick_the_akita_black_bowl_next_to_the_ramekin_and_.mp4,220,220,188.0,True,False
libero_spatial_with_milk,5,8,0,8,130776,0,130776,3,48,pick the akita black bowl next to the ramekin and place it on the plate,-1,-1,none,-1,-1,-1,-1,4.0,0.0016384124755859,0.005544523242861,0.005675003863871,0.0025362523738294,0.0009190335404127,0.0011030291207134,0.0083183422684669,0.5269891023635864,0.000320343329804,0.0008985996246337,0.0008131192880682,0.0015283857937902,0.4641863703727722,1.4790199995040894,12.00780963897705,0.8078709244728088,3.1124749183654785,31.23599624633789,0.0060675032436847,0.0107805049046874,0.0192297380417585,0.0055855088867247,0.009857079014182,0.0165961328893899,0.0052915532141923,0.0093586463481187,0.0190811417996883,0.0079427263699471,0.0080039594322443,0.0113695252221077,0.012108321301639,0.0220712050795555,0.0227255169302225,0.0076925206230953,0.0078652137890458,0.008036240004003,0.0083676530048251,0.0067485248437151,0.0068382397294044,0.0067485248437151,0.0068382397294044,first,1.0,0.0,0.5265231728553772,-1.4544692039489746,0.0,0.5265231728553772,3.0,0.527421772480011,False,0.5269891023635864,0.000320343329804,0.0008985996246337,0.0220712050795555,0.0005974487285129,0.0067485249601304,6.186691462062299e-05,133776,133779,64,16,0,False,False,0.0,0.0,0.0051989871231078,0.0478845394355446,2.786076407285072e-07,2.786076397365278e-07,0.0,0.0,0.0,0.0,55.0,7.0,53.0,0.3312328771499254,0.8875624197557326,0.1333333333333333,0.0752534495084759,0.0561079921710836,0.0940668118855948,0.4475416304009253,5.787808117035465,16.85580802120121,2204.6435069182835,751.7672119140625,11.857674598693848,19.3699698069166,0.862895681875973,405.7638854980469,9.282512664794922,22.04806970282156,0.9168614755468176,0.0684030205011367,0.0156849659979343,0.0511432886123657,0.0136141553521156,0.0213179439306259,0.5265231728553772,0.5265231728553772,0.0087621507472129,0.099892844379766,12.0,0.0052529645867894,0.099892844379766,0.0,3.503072676110442e-19,0.0,6.701282657317997e-19,0.0,1.8976747743694147e-18,0.0,9.428988151267563e-18,0.0,0.0,False,220,14,timeout_no_goal,220,False,False,False,-1,,akita_black_bowl_1,False,-1,False,-1,False,0.0,0.0,-1,72,0.1717741718021028,1.5261180590988876,0.4055039917828398,4.540927599965999,37547057.48171463,0.5265231728553772,/home/jovyan/shares/SR006.nfs2/spiridonov/malnev_world_model/YSDA_WORD_MODELS_PP/experiments/campaigns/phase1_boundary_20260724/videos/phase1_boundary_20260724__known_boundary_milk/libero_spatial_with_milk__task5__init0__pair0__rollout8__seed130776__successFalse__t220__frames220of220__pick_the_akita_black_bowl_next_to_the_ramekin_and_.mp4,220,220,172.0,True,False
libero_spatial_with_milk,5,8,0,8,130776,0,130776,4,64,pick the akita black bowl next to the ramekin and place it on the plate,-1,-1,none,-1,-1,-1,-1,4.0,0.0020063337869942,0.0077961478382349,0.0030053406953811,0.0035231849178671,0.0008510882616974,0.0009215176105499,0.0105729876086115,0.6042019128799438,0.0002324724482605,0.0005871057510375,0.0006544704665429,0.0011349358828738,0.4563718140125274,1.299038052558899,17.36375617980957,0.9934500455856324,4.085033893585205,38.44720458984375,0.006608392111957,0.0119244558736681,0.0228481534868478,0.0056098676286637,0.0100312959402799,0.0184309892356395,0.0054430896416306,0.009686455130577,0.0191417317837476,0.0083523774519562,0.0084978165104985,0.0108703060541301,0.0111299343407154,0.0215659369714558,0.0223698131740093,0.0076126834610477,0.0076658376492559,0.0078947665169835,0.0080921258777379,0.0069708469090983,0.0071575222536921,0.0069708469090983,0.0071575222536921,first,1.0,0.0,0.6038041710853577,-1.7109200954437256,0.0,0.6038041710853577,1.0,0.6043912768363953,False,0.6042019128799438,0.0002324724482605,0.0005871057510375,0.0215659365057945,0.0005561803700402,0.0069708470255136,0.0001132324032369,134776,134777,80,16,0,False,False,0.0,0.0,0.1227304362792311,0.0494249582551854,2.786076407285072e-07,2.786076397365278e-07,0.0,0.0,0.0,0.0,148.0,12.0,148.0,0.9067538550903366,1.227760607217642,0.0666666666666666,0.1595498686524579,0.1513991252697036,0.1994373358155724,0.4813375656978236,3.625731682922724,7.823818273588398,149.10419044371807,741.0083618164062,11.867559432983398,19.43257252119035,0.8622599152294284,1496.8646240234375,18.84012985229492,16.378978362083153,0.7242955496262129,0.1025067940354347,0.0204699300229549,0.0717685222625732,0.0125847980380058,0.01757731474936,0.6038041710853577,0.6038041710853577,0.0215476612984804,0.1394799942630286,12.0,0.1394799942630286,0.1190919413187365,0.0,1.457936622007143e-19,0.0,1.6492722293180493e-18,0.0,1.3299751381442684e-18,0.0,6.270721693184396e-19,0.0,0.0,False,220,14,timeout_no_goal,220,False,False,False,-1,,akita_black_bowl_1,False,-1,False,-1,False,0.0,0.0,-1,72,0.1717741718021028,1.5261180590988876,0.4055039917828398,4.540927599965999,37547057.48171463,0.6038041710853577,/home/jovyan/shares/SR006.nfs2/spiridonov/malnev_world_model/YSDA_WORD_MODELS_PP/experiments/campaigns/phase1_boundary_20260724/videos/phase1_boundary_20260724__known_boundary_milk/libero_spatial_with_milk__task5__init0__pair0__rollout8__seed130776__successFalse__t220__frames220of220__pick_the_akita_black_bowl_next_to_the_ramekin_and_.mp4,220,220,156.0,True,False
libero_spatial_with_milk,5,8,0,8,130776,0,130776,5,80,pick the akita black bowl next to the ramekin and place it on the plate,-1,-1,none,-1,-1,-1,-1,4.0,0.0012964324560016,0.0053431740961968,0.0058202594518661,0.0024017542600631,0.0004215477965772,0.0006051207892596,0.0070905745960772,0.7292401790618896,0.0004868140094913,0.0012462139129638,0.0004385960055515,0.0007421808550134,0.5080865621566772,1.5811388492584229,12.175795555114746,0.6024019122123718,1.8708287477493288,14.77117156982422,0.0058932714164257,0.0106527265161275,0.0196871943771839,0.0056415740400552,0.0100119421258568,0.0186135359108448,0.0056171747855842,0.0099543770775198,0.0193600244820117,0.0079463871661573,0.0080264844000339,0.0102939237840473,0.0105028618127107,0.0223699533380568,0.0234965905547142,0.0076361348619684,0.0077135530300438,0.0079464399022981,0.0081598861142992,0.0072204882744699,0.0072727333754301,0.0072204882744699,0.0072727333754301,first,1.0,0.0,0.7290185689926147,-0.4552253186702728,0.0,0.7290185689926147,3.0,0.7300699949264526,False,0.7292401790618896,0.0004868140094913,0.0012462139129638,0.0223699528723955,0.0006999034667387,0.0072204885073006,4.467355756787583e-05,135776,135779,96,16,0,False,False,0.0,0.0,0.1717741718021028,0.0500950260572427,2.786076407285072e-07,2.786076397365278e-07,0.0,0.0,0.0,0.0,193.0,13.0,193.0,1.0272502040155709,1.1194338290958383,0.1333333333333333,0.2223099026396885,0.195274083093508,0.2778873782996106,0.6042762118348668,3.1340273257459663,5.686083291096008,51.49725834463189,880.8761596679688,13.933268547058104,18.681655046162334,0.8428621908790674,1533.7196044921875,18.00389289855957,16.273343919671596,0.7173511627438559,0.0235641207545995,0.0057468093000352,0.0151206851005554,0.0209337119013071,0.0103354817256331,0.7290185689926147,0.7290185689926147,0.0188156134336922,0.1954114518072013,12.0,0.1954114518072013,0.0303759093971055,0.0,1.42505584286194e-19,0.0,1.935870472736667e-18,0.0,1.42247288492694e-18,0.0,1.2805132464458025e-18,0.0,0.0,False,220,14,timeout_no_goal,220,False,False,False,-1,,akita_black_bowl_1,False,-1,False,-1,False,0.0,0.0,-1,72,0.1717741718021028,1.5261180590988876,0.4055039917828398,4.540927599965999,37547057.48171463,0.7290185689926147,/home/jovyan/shares/SR006.nfs2/spiridonov/malnev_world_model/YSDA_WORD_MODELS_PP/experiments/campaigns/phase1_boundary_20260724/videos/phase1_boundary_20260724__known_boundary_milk/libero_spatial_with_milk__task5__init0__pair0__rollout8__seed130776__successFalse__t220__frames220of220__pick_the_akita_black_bowl_next_to_the_ramekin_and_.mp4,220,220,140.0,True,False
libero_spatial_with_milk,5,8,0,8,130776,0,130776,6,96,pick the akita black bowl next to the ramekin and place it on the plate,-1,-1,none,-1,-1,-1,-1,4.0,0.0020189799834042,0.0121060498058795,0.0097548579797148,0.0038834027945995,0.0005830624140799,0.0007334639667533,0.0112628238275647,0.836437463760376,0.0003878682036884,0.0010518431663513,0.0007369972881861,0.0021424156147986,0.8466825485229492,2.7386128902435303,14.872373580932615,3.776732206344605,15.221284866333008,55.93467330932617,0.006345076020807,0.0114204054698348,0.0231905411928892,0.005539309233427,0.0098778139799833,0.0183149110525846,0.0057106357999145,0.0101029826328158,0.0188075043261051,0.008177668787539,0.0082507105544209,0.0111555098555982,0.0119904186576604,0.0227544782683253,0.0231629256159067,0.0073829758912324,0.0074674356728792,0.0077263787388801,0.0078826127573847,0.0074132599402219,0.0078019457869231,0.0074132599402219,0.0078019457869231,first,1.0,0.0,0.8363334536552429,-0.2681583762168884,0.0,0.8363334536552429,3.0,0.8370735049247742,False,0.836437463760376,0.0003878682036884,0.0010518431663513,0.0227544791996479,0.0003299193049315,0.0074132597073912,0.0002258219901705,136776,136779,112,16,0,False,False,0.0,0.0,0.1212717388523312,0.047861090973763,0.0016100744786759,2.786076397365278e-07,0.0,0.0,0.0,0.0,191.0,13.0,191.0,0.8940113651564876,1.000881854536973,0.1222222222222222,0.1506770704672463,0.1380787414481189,0.1883463380840579,0.521063732938598,5.535241014336632,22.24987554436389,656.5946971009671,1020.9268798828124,15.712505340576172,18.04085722405461,0.8229217522834669,2483.276123046875,28.10218620300293,14.180553481001873,0.6689595173617364,0.0363124571740627,0.008782279677689,0.0275874137878417,0.0199114810675382,0.0077888392843306,0.8363334536552429,0.8363334536552429,0.0205315805024113,0.1283683166064857,12.0,0.1283683166064857,0.1080821603963021,0.0,3.1855646792143514e-19,0.0,4.570693939456163e-19,0.0,2.486952721187579e-18,0.0016067610480057,0.0083217279781431,0.0,0.0,False,220,14,timeout_no_goal,220,False,False,False,-1,,akita_black_bowl_1,False,-1,False,-1,False,0.0,0.0,-1,72,0.1717741718021028,1.5261180590988876,0.4055039917828398,4.540927599965999,37547057.48171463,0.8363334536552429,/home/jovyan/shares/SR006.nfs2/spiridonov/malnev_world_model/YSDA_WORD_MODELS_PP/experiments/campaigns/phase1_boundary_20260724/videos/phase1_boundary_20260724__known_boundary_milk/libero_spatial_with_milk__task5__init0__pair0__rollout8__seed130776__successFalse__t220__frames220of220__pick_the_akita_black_bowl_next_to_the_ramekin_and_.mp4,220,220,124.0,True,False
libero_spatial_with_milk,5,8,0,8,130776,0,130776,7,112,pick the akita black bowl next to the ramekin and place it on the plate,-1,-1,none,-1,-1,-1,-1,4.0,0.0077968039549887,0.1324191391468048,0.0428685545921325,0.0123551683500409,0.0018236836185678,0.0120410695672035,0.0455241650342941,0.9766759872436525,0.0042035905644297,0.0106434226036071,0.0029286781791597,0.0108968336135149,1.058447241783142,3.8078866004943848,43.27239227294922,2.4386556148529053,10.735455513000488,48.95405960083008,0.01246814802289,0.0346477404236793,0.1881798356771469,0.0069889868609607,0.0138773312792181,0.0247236583381891,0.0102110598236322,0.0162059403955936,0.0255834683775901,0.0108994916081428,0.011574245058,0.026671745814383,0.0438206493854522,0.0326954913325607,0.0355131328105926,0.0091331915464252,0.009596673771739,0.0104633485898375,0.0105938771739602,0.0093192034400999,0.0095869349315762,0.0093192034400999,0.0095869349315762,first,1.0,0.0,0.9803608655929564,0.8766025900840759,0.0,0.9803608655929564,0.0,0.9803608655929564,True,0.9766759872436525,0.0042035905644297,0.0106434226036071,0.0326954945921897,0.0024006916210055,0.0093192029744386,0.0001565400743857,137776,137776,128,16,0,False,False,0.0,0.0,0.0136403316546341,0.047992225806331,0.0026954826213897,2.786076397365278e-07,0.0,0.0,0.0,0.0,43.0,10.0,43.0,0.4664046567715991,0.5957667615300718,0.0666666666666666,0.0605674796162859,0.0548649225626403,0.0757093495203574,0.2437094429932253,3.4784677236746617,6.622048006535826,921.0040555244416,915.8270874023438,14.796834945678713,18.51266876365689,0.8363091624051557,3583.0,35.58803176879883,12.588335527017996,0.4599602698223445,0.0668377503752708,0.0181746501475572,0.0368757247924804,0.0423086173832416,0.0385508351027965,0.9803608655929564,0.9803608655929564,0.0034475269408218,0.0270241012739196,12.0,0.0033424110982535,0.0270241012739196,0.0,1.9657735085133724e-19,0.0,2.3028535784815026e-18,0.0,1.6037742169828606e-19,0.0028623389473517,0.0081414719703369,0.0,0.0,False,220,14,timeout_no_goal,220,False,False,False,-1,,akita_black_bowl_1,False,-1,False,-1,False,0.0,0.0,-1,72,0.1717741718021028,1.5261180590988876,0.4055039917828398,4.540927599965999,37547057.48171463,0.9803608655929564,/home/jovyan/shares/SR006.nfs2/spiridonov/malnev_world_model/YSDA_WORD_MODELS_PP/experiments/campaigns/phase1_boundary_20260724/videos/phase1_boundary_20260724__known_boundary_milk/libero_spatial_with_milk__task5__init0__pair0__rollout8__seed130776__successFalse__t220__frames220of220__pick_the_akita_black_bowl_next_to_the_ramekin_and_.mp4,220,220,108.0,True,False
libero_spatial_with_milk,5,8,0,8,130776,0,130776,8,128,pick the akita black bowl next to the ramekin and place it on the plate,-1,-1,none,-1,-1,-1,-1,4.0,0.0335796773433685,0.8683222532272339,0.0803966149687767,0.0225533973425626,0.0018819946562871,0.1617515683174133,0.2478899955749511,0.8066908121109009,0.0021942714229226,0.0059800148010253,0.0043360935524106,0.0162633657455444,1.3785196542739868,5.024937629699707,59.63639831542969,4.26033878326416,18.089431762695312,86.66710662841797,0.0381420329213142,0.0830098092555999,0.8895612359046936,0.00835264287889,0.0194128900766372,0.0305842347443103,0.0070470073260366,0.0120083130896091,0.0211174078285694,0.0110115227289497,0.0119171869009733,0.0535545339807868,0.0659254789352417,0.0404608738608658,0.0624980814754962,0.0093312470708042,0.010385020636022,0.0115176632534712,0.012455622665584,0.007840123726055,0.0079617062583565,0.007840123726055,0.0079617062583565,first,1.0,0.0,0.809237003326416,1.1603811979293823,0.0,0.809237003326416,0.0,0.809237003326416,True,0.8066908121109009,0.0021942714229226,0.0059800148010253,0.0404608733952045,0.0129466950893402,0.0078401239588856,9.339080861536786e-05,138776,138776,144,16,0,False,False,0.0,0.0,0.0114363970698506,0.0850525857995842,0.0026925305259378,2.786076397365278e-07,0.0,0.0,0.0,0.0,0.0,0.0,0.0,0.2263953050235871,0.3901062181276499,0.0555555555555555,0.0464189997075599,0.0166025008775991,0.0580237496344498,0.39589966888588,4.873960421383508,16.1093606633724,4265.509176617451,778.0435791015625,13.52228832244873,19.220764378714257,0.8613408396676928,2425.6787109375,28.45737648010254,14.282470842497236,0.6676322578629675,0.2106521278619766,0.0476421900093555,0.1491374373435974,0.03901968896389,0.1111136600375175,0.809237003326416,0.809237003326416,7.039791628214173e-08,7.271336836979997e-07,12.0,1.1622290370735248e-07,7.271336836979997e-07,0.0,2.2881964450607924e-19,0.0,3.1673232641978472e-18,0.0,4.5617671397884795e-18,8.964802556832004e-11,1.3287599468222135e-09,0.0,0.0,False,220,14,timeout_no_goal,220,False,False,False,-1,,akita_black_bowl_1,False,-1,False,-1,False,0.0,0.0,-1,72,0.1717741718021028,1.5261180590988876,0.4055039917828398,4.540927599965999,37547057.48171463,0.809237003326416,/home/jovyan/shares/SR006.nfs2/spiridonov/malnev_world_model/YSDA_WORD_MODELS_PP/experiments/campaigns/phase1_boundary_20260724/videos/phase1_boundary_20260724__known_boundary_milk/libero_spatial_with_milk__task5__init0__pair0__rollout8__seed130776__successFalse__t220__frames220of220__pick_the_akita_black_bowl_next_to_the_ramekin_and_.mp4,220,220,92.0,True,False
libero_spatial_with_milk,5,8,0,8,130776,0,130776,9,144,pick the akita black bowl next to the ramekin and place it on the plate,-1,-1,none,-1,-1,-1,-1,4.0,0.0043400251306593,0.0230541825294494,0.0183588843792676,0.008466656319797,0.0011088185710832,0.0016537493793293,0.025231210514903,0.8437262773513794,0.0024186994414776,0.005670428276062,0.0020529343746602,0.0063637252897024,1.3136321306228638,4.636809349060059,44.5666618347168,4.418390274047852,18.090051651000977,80.91778564453125,0.0083767529577016,0.0173774342983961,0.0331003293395042,0.0061362027190625,0.0110531477257609,0.022506458684802,0.0072381561622023,0.0122228367254138,0.0193776600062847,0.0091054656077176,0.0091565549373626,0.0147227661218494,0.015647767111659,0.0229335026815533,0.0238159298896789,0.008111392147839,0.0081660142168402,0.0086548021063208,0.0091000292450189,0.0078867588890716,0.0079356953501701,0.0078867588890716,0.0079356953501701,first,1.0,0.0,0.8409416675567627,-1.1512839794158936,0.0,0.8409416675567627,2.0,0.8466120958328247,False,0.8437262773513794,0.0024186994414776,0.005670428276062,0.0229335017502307,0.0005169868818484,0.0078867590054869,6.838569970568642e-05,139776,139778,160,16,0,False,False,0.0,0.0,0.0166618559238475,0.0374571430430527,0.0030603498415639,2.786076397365278e-07,0.0,0.0,0.0,0.0,30.0,4.0,30.0,0.5593615260819784,0.8395117451039164,0.0888888888888888,0.0710963883695782,0.0501133211239699,0.0888704854619727,0.5952168801373726,7.770228601247155,28.00480467455195,5114.346047702727,1130.94287109375,17.087034225463867,17.59639693515737,0.799091888111668,3755.751708984375,39.07609176635742,12.383834873330104,0.5283954067974975,0.2966745793819427,0.0545510351657867,0.2535727620124817,0.0512620918452739,0.0137005737051367,0.8409416675567627,0.8409416675567627,0.0074656986348464,0.0853345916238806,12.0,0.0034343938553412,0.0853345916238806,0.0,1.6938872140731913e-18,0.0,4.4655034022435536e-18,0.0,4.6447861426757715e-18,0.0002677932097847,0.0005516049291513,0.0,0.0,False,220,14,timeout_no_goal,220,False,False,False,-1,,akita_black_bowl_1,False,-1,False,-1,False,0.0,0.0,-1,72,0.1717741718021028,1.5261180590988876,0.4055039917828398,4.540927599965999,37547057.48171463,0.8409416675567627,/home/jovyan/shares/SR006.nfs2/spiridonov/malnev_world_model/YSDA_WORD_MODELS_PP/experiments/campaigns/phase1_boundary_20260724/videos/phase1_boundary_20260724__known_boundary_milk/libero_spatial_with_milk__task5__init0__pair0__rollout8__seed130776__successFalse__t220__frames220of220__pick_the_akita_black_bowl_next_to_the_ramekin_and_.mp4,220,220,76.0,True,False
libero_spatial_with_milk,5,8,0,8,130776,0,130776,10,160,pick the akita black bowl next to the ramekin and place it on the plate,-1,-1,none,-1,-1,-1,-1,4.0,0.0051406221464276,0.0322825610637664,0.0266628134995698,0.0098596671596169,0.0012510484084486,0.0026522078551352,0.0303549636155366,0.9858223795890808,0.0008788558770902,0.0020372867584228,0.0044848970137536,0.0177796464413404,1.706104040145874,6.51920223236084,58.23658752441406,4.463543891906738,15.819292068481444,46.83147811889648,0.0092775449156761,0.0215279161930084,0.0491856783628463,0.008370672352612,0.0201302990317344,0.0316965952515602,0.0060678012669086,0.0107747409492731,0.020108938217163,0.0101016112603247,0.0102642998099327,0.0204761521890759,0.0220536608248949,0.0277798459865152,0.0298394821584224,0.0104485831689089,0.0110696591436862,0.0119462159927934,0.0122896144166588,0.0079451110213994,0.0080104600638151,0.0079451110213994,0.0080104600638151,first,1.0,0.0,0.9866405725479126,0.9309751391410828,0.0,0.9866405725479126,3.0,0.986710786819458,False,0.9858223795890808,0.0008788558770902,0.0020372867584228,0.0277798455208539,0.0013575410703197,0.0079451110213994,4.527288911049254e-05,140776,140779,176,16,0,False,False,0.0,0.0,0.0495487566490208,0.0268265746381846,0.0045748969239622,0.0006977881616538,0.0,0.0,0.0,0.0,81.0,10.0,81.0,0.3327883853994614,0.4824594108360216,0.0666666666666666,0.0525630116800383,0.0329188864963205,0.0657037646000478,0.3758292766075188,5.592831060349352,34.36416099541981,8336.121112339015,927.6826171875,15.327759742736816,18.456809419553323,0.830052287694701,3673.284912109375,40.65913391113281,12.480257459018356,0.4867243821291631,0.7333886623382568,0.1256861090660095,0.5325544476509094,0.0360926315188407,0.0232752226293087,0.9866405725479126,0.9866405725479126,0.0107655598778588,0.0545351970163591,12.0,0.042663939523685,0.0545351970163591,0.0,6.4837868586463285e-19,0.0,2.861411189783575e-18,0.0,8.371380623090776e-19,0.0045900883829185,0.0273974936113436,0.0,0.0,False,220,14,timeout_no_goal,220,False,False,False,-1,,akita_black_bowl_1,False,-1,False,-1,False,0.0,0.0,-1,72,0.1717741718021028,1.5261180590988876,0.4055039917828398,4.540927599965999,37547057.48171463,0.9866405725479126,/home/jovyan/shares/SR006.nfs2/spiridonov/malnev_world_model/YSDA_WORD_MODELS_PP/experiments/campaigns/phase1_boundary_20260724/videos/phase1_boundary_20260724__known_boundary_milk/libero_spatial_with_milk__task5__init0__pair0__rollout8__seed130776__successFalse__t220__frames220of220__pick_the_akita_black_bowl_next_to_the_ramekin_and_.mp4,220,220,60.0,True,False
libero_spatial_with_milk,5,8,0,8,130776,0,130776,11,176,pick the akita black bowl next to the ramekin and place it on the plate,-1,-1,none,-1,-1,-1,-1,4.0,0.0018224226078018,0.0183592420071363,0.0196110066026449,0.0033375478815287,0.0007012045825831,0.0006407005712389,0.0112183215096592,0.9975990056991576,0.0004497519694268,0.0011401176452636,0.0010005733929574,0.0024813318159431,1.526897668838501,5.584577083587647,59.81220626831055,4.076082706451416,15.105875968933104,67.31037902832031,0.0062957066111266,0.0117746451869606,0.0313892140984535,0.0057157045230269,0.0101320911198854,0.0184089448302984,0.0058798589743673,0.0104630971327424,0.0181763917207717,0.0079233045689761,0.0079594645649194,0.0113478859420865,0.0120267132297158,0.0233753221109509,0.0240862239152193,0.0078572175698354,0.0079832542687654,0.0082472995854914,0.0082992929965257,0.0078674185788258,0.008075512945652,0.0078674185788258,0.008075512945652,first,1.0,0.0,0.9972119331359864,-0.8606356382369995,0.0,0.9972119331359864,3.0,0.99835205078125,False,0.9975990056991576,0.0004497519694268,0.0011401176452636,0.0233753211796283,0.0005280464538373,0.0078674182295799,0.0001412026322213,141776,141779,192,16,0,False,False,0.0,0.0,0.0969714078231206,0.0270714786195309,0.0045748992602477,2.786076397365278e-07,0.0,0.0,0.0,0.0,107.0,7.0,107.0,0.2141877234563172,0.2738901429259243,0.1666666666666666,0.0498261702037513,0.0496941126051144,0.0622827127546891,0.0978490463370294,1.549593437538803,6.8800851974450845,461.0231077131061,814.2384643554688,13.422200202941896,19.023287464123975,0.8516264901606826,2223.53857421875,29.83921241760254,14.660356928238908,0.6877058438580056,0.7798280119895935,0.1387921124696731,0.574750542640686,0.072038434445858,0.0326937064528465,0.9972119331359864,0.9972119331359864,0.0061812399842941,0.0478418017820948,12.0,0.0478418017820948,0.026332448297567,0.0,2.1397085445290025e-18,0.0,1.2169069351834886e-18,0.0,5.5255283007438285e-19,5.114918971212109e-08,5.785826783044022e-07,0.0,0.0,False,220,14,timeout_no_goal,220,False,False,False,-1,,akita_black_bowl_1,False,-1,False,-1,False,0.0,0.0,-1,72,0.1717741718021028,1.5261180590988876,0.4055039917828398,4.540927599965999,37547057.48171463,0.9972119331359864,/home/jovyan/shares/SR006.nfs2/spiridonov/malnev_world_model/YSDA_WORD_MODELS_PP/experiments/campaigns/phase1_boundary_20260724/videos/phase1_boundary_20260724__known_boundary_milk/libero_spatial_with_milk__task5__init0__pair0__rollout8__seed130776__successFalse__t220__frames220of220__pick_the_akita_black_bowl_next_to_the_ramekin_and_.mp4,220,220,44.0,True,False
libero_spatial_with_milk,5,8,0,8,130776,0,130776,12,192,pick the akita black bowl next to the ramekin and place it on the plate,-1,-1,none,-1,-1,-1,-1,4.0,0.0028189090080559,0.019323818385601,0.0165667124092578,0.0051004183478653,0.0012098619481548,0.0008015212370082,0.0181400943547487,0.9999122619628906,0.0001519667421234,0.0003509521484375,0.0006234975880943,0.0009155965526588,1.0724878311157229,3.5619516372680664,32.61134719848633,3.475682020187378,13.423394203186035,53.153079986572266,0.0073501951992511,0.0156830865889787,0.032434593886137,0.0056213955394923,0.010059829801321,0.0173338949680328,0.0067108557559549,0.0119399996474385,0.0201661419123411,0.008898596977815,0.0090143298730254,0.0157673247158527,0.0172522515058517,0.0262069297023117,0.0268419906497001,0.0081213829107582,0.0081635368987917,0.0085913310758769,0.0086807757616043,0.0087500212248414,0.0091119902208447,0.0087500212248414,0.0091119902208447,first,1.0,0.0,1.0,0.5773502588272095,0.0,1.0,0.0,1.0,True,0.9999122619628906,0.0001519667421234,0.0003509521484375,0.0262069310992956,0.0003919788287021,0.0087500205263495,0.0002143181918654,142776,142776,208,16,0,False,False,0.0,0.0,0.1539467251979276,0.0277008880672956,0.0045748992602477,2.786076397365278e-07,0.0,0.0,0.0,0.0,87.0,6.0,87.0,0.2681484278211818,0.3735653375908152,0.0888888888888888,0.0586453020951802,0.058534282728933,0.0733066276189753,0.096374570835315,2.215475117711187,9.498323338812307,684.3117997791772,918.76171875,14.871539115905762,18.498774693405547,0.8290783877133628,2667.48779296875,32.0444221496582,13.86977920197248,0.6070392679432494,0.7534805536270142,0.130553662776947,0.5551332831382751,0.092408575117588,0.0132719557732343,1.0,1.0,0.0058910434733926,0.0572145057638605,12.0,0.0572145057638605,0.0134780159168507,0.0,1.4907304009633906e-18,0.0,3.763331139865204e-18,0.0,1.7891943429502962e-18,0.0,8.778506021054446e-17,0.0,0.0,False,220,14,timeout_no_goal,220,False,False,False,-1,,akita_black_bowl_1,False,-1,False,-1,False,0.0,0.0,-1,72,0.1717741718021028,1.5261180590988876,0.4055039917828398,4.540927599965999,37547057.48171463,1.0,/home/jovyan/shares/SR006.nfs2/spiridonov/malnev_world_model/YSDA_WORD_MODELS_PP/experiments/campaigns/phase1_boundary_20260724/videos/phase1_boundary_20260724__known_boundary_milk/libero_spatial_with_milk__task5__init0__pair0__rollout8__seed130776__successFalse__t220__frames220of220__pick_the_akita_black_bowl_next_to_the_ramekin_and_.mp4,220,220,28.0,True,False
libero_spatial_with_milk,5,8,0,8,130776,0,130776,13,208,pick the akita black bowl next to the ramekin and place it on the plate,-1,-1,none,-1,-1,-1,-1,4.0,0.0039028835017234,0.0193161014467477,0.0185672510415315,0.007364856544882,0.0014987010508775,0.0007295099203474,0.021762566640973,0.827406108379364,0.0021864618174731,0.0056360960006713,0.0037442648317664,0.0173222068697214,1.0740115642547607,3.5619516372680664,34.21257019042969,5.263396739959717,20.499452590942383,68.39727783203125,0.008167564868927,0.0168261304497718,0.0301663726568222,0.007721577771008,0.018652256578207,0.031306929886341,0.0070327883586287,0.0120763843879103,0.0199546795338392,0.0091670353431254,0.0092645855620503,0.0152662619948387,0.0163768716156482,0.0247252960689365,0.0251378808170557,0.0085737572517246,0.0086676329374313,0.0093662429135292,0.0095646986737847,0.008100543403998,0.0082312943413853,0.008100543403998,0.0082312943413853,first,1.0,0.0,0.8308748006820679,1.5864408016204834,0.0,0.8308748006820679,0.0,0.8308748006820679,True,0.827406108379364,0.0021864618174731,0.0056360960006713,0.0247252956032753,0.0002822203096002,0.0081005431711673,7.648601604159921e-05,143776,143776,220,12,0,False,False,0.0,0.0,0.1549515725979617,0.0286088624672831,0.0045763506364756,2.786076397365278e-07,0.0,0.0,0.0,0.0,15.0,5.0,15.0,0.6344755934146443,0.7250268354021767,0.0606060606060606,0.0881956715162256,0.0836231846339924,0.1469927858603761,0.5335443768077766,5.827175902285855,14.43200527389109,224.3598905412618,1103.8724365234375,16.849529266357422,17.701614716367395,0.8007530661118952,4969.94580078125,46.42421340942383,11.167287082613337,0.3038735360417705,1.387191891670227,0.2343356311321258,1.0041266679763794,0.066341184079647,0.0241894107311964,0.8308748006820679,0.8308748006820679,0.0244702344244035,0.1508659164297813,12.0,0.1426488007233574,0.1508659164297813,0.0,4.712427284818753e-19,0.0,3.38779706473752e-18,0.0,1.3110149747138088e-18,7.851007712756918e-06,0.000120244931991,0.0,0.0,False,220,14,timeout_no_goal,220,False,False,False,-1,,akita_black_bowl_1,False,-1,False,-1,False,0.0,0.0,-1,72,0.1717741718021028,1.5261180590988876,0.4055039917828398,4.540927599965999,37547057.48171463,0.8308748006820679,/home/jovyan/shares/SR006.nfs2/spiridonov/malnev_world_model/YSDA_WORD_MODELS_PP/experiments/campaigns/phase1_boundary_20260724/videos/phase1_boundary_20260724__known_boundary_milk/libero_spatial_with_milk__task5__init0__pair0__rollout8__seed130776__successFalse__t220__frames220of220__pick_the_akita_black_bowl_next_to_the_ramekin_and_.mp4,220,220,12.0,True,True
libero_spatial_with_milk,5,9,0,9,130873,0,130873,0,0,pick the akita black bowl next to the ramekin and place it on the plate,-1,-1,none,-1,-1,-1,-1,4.0,0.0014277797890827,0.0132490806281566,0.0053641372360289,0.0026381853967905,0.0004741894081234,0.0006573341088369,0.0086296247318387,0.3314575254917145,0.0005020467215217,0.0013259351253509,0.0005180136067792,0.0013461660128086,0.5036424994468689,1.5,18.97860717773437,1.0966066122055054,4.085033893585205,36.80353164672852,0.0061648283153772,0.0113883558660745,0.0266670566052198,0.0056361630558967,0.0099453646689653,0.0183648653328418,0.0056035942398011,0.0100278509780764,0.0203727148473262,0.0077868605731055,0.0078164953738451,0.0104321849066764,0.0110052926465868,0.0216991370543837,0.0228630546480417,0.0074258421082049,0.0075143817812204,0.0076801324030384,0.0078457165509462,0.00710017059464,0.0071568423882126,0.00710017059464,0.0071568423882126,first,1.0,0.0,0.3309120535850525,-1.086496353149414,0.0,0.3309120535850525,2.0,0.3322379887104034,False,0.3314575254917145,0.0005020467215217,0.0013259351253509,0.0216991361230611,0.0007455445593222,0.007100170943886,4.684233499574475e-05,130873,130875,16,16,0,False,False,0.0,0.0,2.786076397365278e-07,0.3228200217770824,2.786076407285072e-07,2.786076397365278e-07,0.0,0.0,0.0,0.0,0.0,0.0,0.0,0.7066008381637483,0.8362213507093244,0.0909090909090909,0.1380161074207531,0.1379689764128799,0.1725201342759414,0.2822686590888141,1.856029836325943,5.612119581328252,80.07293119041796,611.7223510742188,10.464691162109377,20.265260118547246,0.881085607166689,800.6776123046875,11.95700454711914,19.096226754711005,0.8591470502155374,0.0080660078674554,0.0020298084709793,0.0050520300865173,0.0051422589458525,0.0054440479725599,0.3309120535850525,0.3309120535850525,1.1638961072390043e-07,2.934624683612667e-07,12.0,2.934624683612516e-07,5.8837568210880674e-09,2.934624683612667e-07,5.8837568289804715e-09,2.530519738197512e-07,5.200956188958241e-17,2.6346862755526685e-07,3.568444200616477e-09,2.673608637928073e-07,9.187799776380592e-09,1.3438404960466898e-09,1.3286213395511305e-12,False,220,14,timeout_no_goal,220,False,False,False,-1,,akita_black_bowl_1,False,-1,False,-1,False,0.0,0.0,-1,71,0.1795415587017219,1.4449017191419986,0.4669734322560253,4.916332684415369,35446527.866122894,0.3309120535850525,/home/jovyan/shares/SR006.nfs2/spiridonov/malnev_world_model/YSDA_WORD_MODELS_PP/experiments/campaigns/phase1_boundary_20260724/videos/phase1_boundary_20260724__known_boundary_milk/libero_spatial_with_milk__task5__init0__pair0__rollout9__seed130873__successFalse__t220__frames220of220__pick_the_akita_black_bowl_next_to_the_ramekin_and_.mp4,220,220,220.0,True,False
libero_spatial_with_milk,5,9,0,9,130873,0,130873,1,16,pick the akita black bowl next to the ramekin and place it on the plate,-1,-1,none,-1,-1,-1,-1,4.0,0.0013843580381944,0.004511886741966,0.0048078224062919,0.0021703511010855,0.0007787582580931,0.0008431780734099,0.0070634842850267,0.3496006727218628,0.0003724652051459,0.0007826089859008,0.0007115025655366,0.0010988571448251,0.4317316710948944,1.299038052558899,16.874536514282227,0.558182954788208,1.785357117652893,14.534441947937012,0.0061337524093687,0.0108479047194123,0.0205962378531694,0.005701582878828,0.0101295681670308,0.0169490054249763,0.0056171026080846,0.0099601540714502,0.0174031667411327,0.0077335485257208,0.0078665036708116,0.0094220316968858,0.0098626082763075,0.0205221828073263,0.0209433808922767,0.007497732178308,0.0075898938812315,0.0077541127102449,0.0078578907996416,0.0071325676981359,0.0072459722869098,0.0071325676981359,0.0072459722869098,first,1.0,0.0,0.3499363660812378,0.9012744426727296,0.0,0.3499363660812378,1.0,0.3500081896781921,False,0.3496006727218628,0.0003724652051459,0.0007826089859008,0.0205221828073263,0.0003365713637322,0.0071325674653053,8.110188355203718e-05,131873,131874,32,16,0,False,False,0.0,0.0,2.786076397365278e-07,0.2387656578175196,2.786076407285072e-07,2.786076397365278e-07,0.0,0.0,0.0,0.0,0.0,0.0,0.0,0.8510923455443178,0.8784448613025092,0.0,0.1686753245394386,0.1664690214527751,0.2108441556742982,0.1518296147604563,0.983738425939063,2.373162452732373,10.195561244949465,691.0510864257812,11.42077922821045,19.735702067893435,0.8704796123261658,838.5673828125,11.176923751831056,18.895423949301428,0.8240313274255534,0.0087765473872423,0.001867851242423,0.0063781142234802,0.0015503427712246,0.0086194947361946,0.3499363660812378,0.3499363660812378,7.954103647629447e-18,3.843593113577374e-17,12.0,0.0,3.693027721135062e-17,0.0,3.843593113577374e-17,0.0,9.813775255040628e-18,0.0,1.3555490429602948e-18,0.0,8.913711126428085e-18,0.0,0.0,False,220,14,timeout_no_goal,220,False,False,False,-1,,akita_black_bowl_1,False,-1,False,-1,False,0.0,0.0,-1,71,0.1795415587017219,1.4449017191419986,0.4669734322560253,4.916332684415369,35446527.866122894,0.3499363660812378,/home/jovyan/shares/SR006.nfs2/spiridonov/malnev_world_model/YSDA_WORD_MODELS_PP/experiments/campaigns/phase1_boundary_20260724/videos/phase1_boundary_20260724__known_boundary_milk/libero_spatial_with_milk__task5__init0__pair0__rollout9__seed130873__successFalse__t220__frames220of220__pick_the_akita_black_bowl_next_to_the_ramekin_and_.mp4,220,220,204.0,True,False
libero_spatial_with_milk,5,9,0,9,130873,0,130873,2,32,pick the akita black bowl next to the ramekin and place it on the plate,-1,-1,none,-1,-1,-1,-1,4.0,0.0015333390329033,0.0065357736311852,0.0051993508823215,0.0028247721493244,0.0005092244246043,0.0007313831592909,0.0083100888878107,0.4101569056510925,0.0006509776576422,0.0016576647758483,0.0005194553523324,0.0009886240586638,0.4699485898017883,1.4790199995040894,12.75735092163086,0.7397322654724121,2.861380815505981,31.720458984375,0.0059241410344839,0.0106131276115775,0.0188492368906736,0.0055232723243534,0.0097951116040349,0.0164691340178251,0.0054263886995613,0.0095867989584803,0.0198858845978975,0.0077202410902827,0.0078041148371994,0.0100683306809514,0.0104172527790069,0.0207222388125956,0.0211472325026989,0.007319692056626,0.007354668341577,0.0076345053967088,0.0077303936704993,0.0067740897648036,0.006851028650999,0.0067740897648036,0.006851028650999,first,1.0,0.0,0.4107663035392761,0.9361271858215332,0.0,0.4107663035392761,0.0,0.4107663035392761,True,0.4101569056510925,0.0006509776576422,0.0016576647758483,0.0207222383469343,0.0003309668973088,0.0067740902304649,5.332798900781199e-05,132873,132873,48,16,0,False,False,0.0,0.0,2.786076397365278e-07,0.0855406574655111,2.786076407285072e-07,2.786076397365278e-07,0.0,0.0,0.0,0.0,0.0,0.0,0.0,0.8745322232768704,0.9523885501381378,0.0777777777777777,0.180660678370756,0.1673661496752773,0.225825847963445,0.433391345526747,2.724032533109761,5.468636114992313,61.697304914657686,798.7130126953125,12.39271068572998,19.106896008178943,0.8532292569227867,326.408203125,8.009234428405762,22.99319296180832,0.9288150594920164,0.0145127400755882,0.0034469955135136,0.0100558102130889,0.0117323379963636,0.0085137477144598,0.4107663035392761,0.4107663035392761,1.0759970831231258e-18,3.624779503904765e-18,12.0,0.0,7.760579699662098e-19,0.0,2.349404950185034e-18,0.0,3.624779503904765e-18,0.0,2.829436394882136e-18,0.0,3.3322861785393653e-18,0.0,0.0,False,220,14,timeout_no_goal,220,False,False,False,-1,,akita_black_bowl_1,False,-1,False,-1,False,0.0,0.0,-1,71,0.1795415587017219,1.4449017191419986,0.4669734322560253,4.916332684415369,35446527.866122894,0.4107663035392761,/home/jovyan/shares/SR006.nfs2/spiridonov/malnev_world_model/YSDA_WORD_MODELS_PP/experiments/campaigns/phase1_boundary_20260724/videos/phase1_boundary_20260724__known_boundary_milk/libero_spatial_with_milk__task5__init0__pair0__rollout9__seed130873__successFalse__t220__frames220of220__pick_the_akita_black_bowl_next_to_the_ramekin_and_.mp4,220,220,188.0,True,False
libero_spatial_with_milk,5,9,0,9,130873,0,130873,3,48,pick the akita black bowl next to the ramekin and place it on the plate,-1,-1,none,-1,-1,-1,-1,4.0,0.0014824637910351,0.0080763706937432,0.0089248642325401,0.0022449784446507,0.0008399414364248,0.0011224871268495,0.0076682944782078,0.5274097919464111,0.000404535792768,0.0009981393814086,0.0007453348953276,0.0014763829531148,0.462602823972702,1.4790199995040894,9.443913459777832,0.8192328810691833,3.269174098968506,33.16907501220703,0.0060251867398619,0.0107605811208486,0.0201128367334604,0.0055084130726754,0.0098515665158629,0.0178570449352264,0.0052666552364826,0.0094142109155654,0.0176136177033185,0.0078584993025287,0.0079153040423989,0.0102957654744386,0.0108506986871361,0.0214211898855865,0.0216638669371604,0.0074293408542871,0.0075004994869232,0.0077362633310258,0.0078762350603938,0.0067084743641316,0.0067455181851983,0.0067084743641316,0.0067455181851983,first,1.0,0.0,0.5271020531654358,-0.7607207894325256,0.0,0.5271020531654358,2.0,0.5281001925468445,False,0.5274097919464111,0.000404535792768,0.0009981393814086,0.0214211903512477,0.0002171776577597,0.0067084738984704,3.555639341357164e-05,133873,133875,64,16,0,False,False,0.0,0.0,0.0051429896612036,0.0479518332289228,2.786076407285072e-07,2.786076397365278e-07,0.0,0.0,0.0,0.0,50.0,6.0,48.0,0.335746411868232,0.9017753436889244,0.1333333333333333,0.0773950739021288,0.0589192162843835,0.0967438423776611,0.4412800645678144,6.198089962120286,21.23399305266033,2634.914934533837,759.3997192382812,11.909638404846191,19.326099286294305,0.8616914677556528,438.8543395996094,9.566332817077637,21.70759963644491,0.91024136683686,0.0715267807245254,0.0163118746131658,0.0537625551223754,0.0154443625360727,0.022807428613305,0.5271020531654358,0.5271020531654358,0.0081500063848287,0.0928566635473447,12.0,0.0049434130706007,0.0928566635473447,0.0,2.2890751971704306e-18,0.0,1.8068354730791115e-18,0.0,1.6180399167177929e-18,0.0,4.292637624674961e-18,0.0,0.0,False,220,14,timeout_no_goal,220,False,False,False,-1,,akita_black_bowl_1,False,-1,False,-1,False,0.0,0.0,-1,71,0.1795415587017219,1.4449017191419986,0.4669734322560253,4.916332684415369,35446527.866122894,0.5271020531654358,/home/jovyan/shares/SR006.nfs2/spiridonov/malnev_world_model/YSDA_WORD_MODELS_PP/experiments/campaigns/phase1_boundary_20260724/videos/phase1_boundary_20260724__known_boundary_milk/libero_spatial_with_milk__task5__init0__pair0__rollout9__seed130873__successFalse__t220__frames220of220__pick_the_akita_black_bowl_next_to_the_ramekin_and_.mp4,220,220,172.0,True,False
libero_spatial_with_milk,5,9,0,9,130873,0,130873,4,64,pick the akita black bowl next to the ramekin and place it on the plate,-1,-1,none,-1,-1,-1,-1,4.0,0.0016964144306257,0.0066142119467258,0.0047983080148696,0.0028244268614798,0.0008888456504791,0.0007350832456722,0.0088485833257436,0.6036489009857178,0.0004254533851053,0.0010185837745666,0.0008131291833706,0.0015176844317466,0.4666630327701568,1.4790199995040894,11.43186378479004,0.9080113172531128,3.570714235305786,26.28687858581543,0.0063875657506287,0.0114279612898826,0.0198451969772577,0.0056741992011666,0.0101140234619379,0.021046757698059,0.0055128149688243,0.0098173050209879,0.0203166492283344,0.0083830298390239,0.0085064098238945,0.0112993135116994,0.0124287996441125,0.0221469439566135,0.0222573690116405,0.0076753819594159,0.0077459309250116,0.0079696907196193,0.008009536191821,0.0069875176995992,0.0070078577846288,0.0069875176995992,0.0070078577846288,first,1.0,0.0,0.6041858196258545,1.2619917392730713,0.0,0.6041858196258545,0.0,0.6041858196258545,True,0.6036489009857178,0.0004254533851053,0.0010185837745666,0.0221469439566135,0.0001273443485843,0.0069875176995992,1.5198499568214174e-05,134873,134873,80,16,0,False,False,0.0,0.0,0.128029404211823,0.0498905426549585,2.786076407285072e-07,2.786076397365278e-07,0.0,0.0,0.0,0.0,125.0,8.0,125.0,0.9028295619365452,1.2333757122781486,0.0681818181818181,0.1591912375775918,0.1506767164134611,0.1989890469719898,0.4915350528953561,3.691061897737933,7.421860821922855,156.63328284486738,715.70703125,11.543380737304688,19.58345077036564,0.8671268484536964,962.287109375,14.386998176574709,18.297756927655776,0.8235677300171538,0.027761036530137,0.0073223346844315,0.0182195305824279,0.0085380868986248,0.0143615528941154,0.6041858196258545,0.6041858196258545,0.0158393161611866,0.1459035480546555,12.0,0.1459035480546555,0.0441682458795848,0.0,2.467170126244445e-18,0.0,2.345120429654201e-18,0.0,1.87466546742989e-18,0.0,6.6914344065958996e-18,0.0,0.0,False,220,14,timeout_no_goal,220,False,False,False,-1,,akita_black_bowl_1,False,-1,False,-1,False,0.0,0.0,-1,71,0.1795415587017219,1.4449017191419986,0.4669734322560253,4.916332684415369,35446527.866122894,0.6041858196258545,/home/jovyan/shares/SR006.nfs2/spiridonov/malnev_world_model/YSDA_WORD_MODELS_PP/experiments/campaigns/phase1_boundary_20260724/videos/phase1_boundary_20260724__known_boundary_milk/libero_spatial_with_milk__task5__init0__pair0__rollout9__seed130873__successFalse__t220__frames220of220__pick_the_akita_black_bowl_next_to_the_ramekin_and_.mp4,220,220,156.0,True,False
libero_spatial_with_milk,5,9,0,9,130873,0,130873,5,80,pick the akita black bowl next to the ramekin and place it on the plate,-1,-1,none,-1,-1,-1,-1,4.0,0.0014164000749588,0.0052933329716324,0.0054826322011649,0.0024523623287677,0.0005320342024788,0.0009616111638024,0.0075687342323362,0.702401340007782,0.0002962069120258,0.0007603764533996,0.0005594142130576,0.0009126028162427,0.4998770356178283,1.5811388492584229,24.80927276611328,0.6893375515937805,2.4874684810638428,22.0,0.0059729074127972,0.0105903940275311,0.0189539436250925,0.0056369020603597,0.010066065005958,0.0175930801779031,0.0054950271733105,0.0098217744380235,0.0160468965768814,0.007785938330926,0.0078651970252394,0.0095874248072505,0.0099046928808093,0.0210147029720246,0.0215389747172594,0.0075397524051368,0.0076195173896849,0.0077650969615206,0.0078390268608927,0.0070741386152803,0.0071840081363916,0.0070741386152803,0.0071840081363916,first,1.0,0.0,0.7026150226593018,0.7213965654373169,0.0,0.7026150226593018,2.0,0.7027232050895691,False,0.702401340007782,0.0002962069120258,0.0007603764533996,0.0210147015750408,0.0004809822712559,0.0070741386152803,6.547814700752497e-05,135873,135875,96,16,0,False,False,0.0,0.0,0.1795415587017219,0.0501123381437937,2.786076407285072e-07,2.786076397365278e-07,0.0,0.0,0.0,0.0,145.0,11.0,145.0,1.027296754081737,1.1492957511143438,0.1222222222222222,0.2204549362246336,0.2006530468839485,0.275568670280792,0.496688720249983,2.651629759643563,4.342522331351416,37.64233111469799,869.4437866210938,13.862398147583008,18.7383885267692,0.8448394501468424,1685.2901611328125,19.43685531616211,15.864056755240483,0.6791432795844001,0.0596891269087791,0.0129227386787533,0.0411357879638671,0.0194203350692987,0.0073014488443732,0.7026150226593018,0.7026150226593018,0.0232066467262336,0.1943774495952362,12.0,0.1943774495952362,0.0841023111195675,0.0,2.022172617829871e-18,0.0,1.3287365053672297e-18,0.0,3.79588233879981e-18,0.0,1.4080299280849048e-17,0.0,0.0,False,220,14,timeout_no_goal,220,False,False,False,-1,,akita_black_bowl_1,False,-1,False,-1,False,0.0,0.0,-1,71,0.1795415587017219,1.4449017191419986,0.4669734322560253,4.916332684415369,35446527.866122894,0.7026150226593018,/home/jovyan/shares/SR006.nfs2/spiridonov/malnev_world_model/YSDA_WORD_MODELS_PP/experiments/campaigns/phase1_boundary_20260724/videos/phase1_boundary_20260724__known_boundary_milk/libero_spatial_with_milk__task5__init0__pair0__rollout9__seed130873__successFalse__t220__frames220of220__pick_the_akita_black_bowl_next_to_the_ramekin_and_.mp4,220,220,140.0,True,False
libero_spatial_with_milk,5,9,0,9,130873,0,130873,6,96,pick the akita black bowl next to the ramekin and place it on the plate,-1,-1,none,-1,-1,-1,-1,4.0,0.0020271649118512,0.0131731750443577,0.0140640530735254,0.0039262068457901,0.0005653835833072,0.0007153814076445,0.0118907988071441,0.8250413537025452,0.0006754601490683,0.0016620755195617,0.0008966769673861,0.0033195617143064,0.7090769410133362,2.2360680103302,17.44097137451172,3.004159450531006,14.566657066345217,52.155418395996094,0.0063660321757197,0.0120319388806819,0.0244660638272762,0.0056360629387199,0.0100732026621699,0.018310435116291,0.0057701990008354,0.0102601191028952,0.0192532259970903,0.0080991860013455,0.0081931892782449,0.0107355352956801,0.0112670203670859,0.0221117166802287,0.0229050461202859,0.0074323053704574,0.0075120725668966,0.0077185817062854,0.0078854290768504,0.007336409529671,0.0074688508175313,0.007336409529671,0.0074688508175313,first,1.0,0.0,0.8239998817443848,-1.541870355606079,0.0,0.8239998817443848,3.0,0.8256619572639465,False,0.8250413537025452,0.0006754601490683,0.0016620755195617,0.0221117176115512,0.000561770342756,0.0073364097625017,9.259365469915792e-05,136873,136876,112,16,0,False,False,0.0,0.0,0.1460805453638456,0.050608020001513,0.0029771025621649,0.0009729897663188,0.0,0.0,0.0,0.0,170.0,11.0,170.0,0.9316109312389044,1.0728202375507307,0.1222222222222222,0.1642336609747541,0.1477528827705139,0.2052920762184427,0.4246738746009905,2.813301531317964,8.428090155855148,101.81333157697844,1036.0845947265625,15.79069709777832,17.976851445291008,0.8208137983214765,3095.6142578125,32.42107009887695,13.223335225975791,0.5683420696249133,0.0420566722750663,0.0110560245811939,0.0299533605575561,0.0185463782399892,0.0165520217269659,0.8239998817443848,0.8239998817443848,0.0148351257351244,0.146565234432801,12.0,0.146565234432801,0.0308018158294403,0.0,1.9951357179598848e-19,0.0,1.9765382871302373e-18,0.0,6.190264282616524e-18,0.0,3.4578341671695422e-18,5.9574510779398455e-05,0.0005948840484722,False,220,14,timeout_no_goal,220,False,False,False,-1,,akita_black_bowl_1,False,-1,False,-1,False,0.0,0.0,-1,71,0.1795415587017219,1.4449017191419986,0.4669734322560253,4.916332684415369,35446527.866122894,0.8239998817443848,/home/jovyan/shares/SR006.nfs2/spiridonov/malnev_world_model/YSDA_WORD_MODELS_PP/experiments/campaigns/phase1_boundary_20260724/videos/phase1_boundary_20260724__known_boundary_milk/libero_spatial_with_milk__task5__init0__pair0__rollout9__seed130873__successFalse__t220__frames220of220__pick_the_akita_black_bowl_next_to_the_ramekin_and_.mp4,220,220,124.0,True,False
libero_spatial_with_milk,5,9,0,9,130873,0,130873,7,112,pick the akita black bowl next to the ramekin and place it on the plate,-1,-1,none,-1,-1,-1,-1,4.0,0.0059930495917797,0.0321464650332927,0.0357188768684864,0.0117107303813099,0.0018049407517537,0.0014043317642062,0.0343449227511882,0.8507713079452515,0.0013685927260667,0.0032541155815124,0.0023645656183362,0.0067554293200373,1.6852302551269531,7.495831966400146,64.71234130859375,3.345128536224365,14.788086891174316,54.92267227172852,0.010438903234899,0.0243812203407287,0.0466010309755802,0.0063375537283718,0.0115297297015786,0.0214635245501995,0.0063252495601773,0.0111056426540017,0.020640280097723,0.0105700404383242,0.0107650840654969,0.0188371986150741,0.0199169795960187,0.0313600301742553,0.0331198759377002,0.0083598555065691,0.0084950318560004,0.0088294430170208,0.00892960652709,0.0079038182739168,0.0079902401193976,0.0079038182739168,0.0079902401193976,first,1.0,0.0,0.8514770269393921,0.5156530141830444,0.0,0.8514770269393921,3.0,0.8526687026023865,False,0.8507713079452515,0.0013685927260667,0.0032541155815124,0.0313600301742553,0.0011622643796727,0.0079038180410861,7.534908945672214e-05,137873,137876,128,16,0,False,False,0.0,0.0,0.01571701029144,0.0477805912155327,0.0061179375829108,0.0027177428732274,0.0,0.0,0.0,0.0,175.0,12.0,172.0,0.4390763526468076,0.8837989373539495,0.1,0.0420326370963675,0.0161145172842565,0.0525407963704594,0.4507611506591368,6.13707572039296,11.1883987252295,5857.237646888664,1062.3050537109375,16.45567512512207,17.868311133131787,0.8136567686427523,4698.0791015625,42.10859298706055,11.411600361481415,0.3753489526210997,0.1151072829961776,0.0238435138016939,0.0984476804733276,0.0520809590816497,0.0290713794529438,0.8514770269393921,0.8514770269393921,0.0105821168395158,0.0803312691561904,12.0,0.0093138549337748,0.0803312691561904,0.0,2.0077539829287357e-19,0.0,2.825584773116565e-18,0.0,4.218716911418466e-18,0.0060535845134463,0.0311675278553697,1.5088016338713352e-05,0.0001040775990698,False,220,14,timeout_no_goal,220,False,False,False,-1,,akita_black_bowl_1,False,-1,False,-1,False,0.0,0.0,-1,71,0.1795415587017219,1.4449017191419986,0.4669734322560253,4.916332684415369,35446527.866122894,0.8514770269393921,/home/jovyan/shares/SR006.nfs2/spiridonov/malnev_world_model/YSDA_WORD_MODELS_PP/experiments/campaigns/phase1_boundary_20260724/videos/phase1_boundary_20260724__known_boundary_milk/libero_spatial_with_milk__task5__init0__pair0__rollout9__seed130873__successFalse__t220__frames220of220__pick_the_akita_black_bowl_next_to_the_ramekin_and_.mp4,220,220,108.0,True,False
libero_spatial_with_milk,5,9,0,9,130873,0,130873,8,128,pick the akita black bowl next to the ramekin and place it on the plate,-1,-1,none,-1,-1,-1,-1,4.0,0.0447619259357452,0.8500145673751831,0.0710812583565712,0.0390006564557552,0.0041069188155233,0.1840107589960098,0.2917427122592926,0.8464186191558838,0.0142578678205609,0.0346173048019409,0.0226032994687557,0.0969257876276969,2.978625059127808,15.10794448852539,77.3853988647461,4.498626708984375,19.455076217651367,83.98623657226562,0.0508478619158268,0.1157810091972351,0.872144341468811,0.0257602762430906,0.0988015457987785,0.1126706153154373,0.0289732702076435,0.0353862568736076,0.0449619889259338,0.0129273850470781,0.0156397577375173,0.0528690968640148,0.08487518876791,0.0331622925586998,0.0393407791852951,0.0097898165695369,0.0108255920931696,0.0115221976302564,0.0142283951863646,0.0085144902113825,0.0095359869301319,0.0085144902113825,0.0095359869301319,first,1.0,0.0,0.8401710987091064,-0.4381805658340454,0.0,0.8401710987091064,3.0,0.8710047006607056,False,0.8464186191558838,0.0142578678205609,0.0346173048019409,0.0331622958183288,0.0038285795599222,0.0085144899785518,0.0006090533570386,138873,138876,144,16,0,False,False,0.0,0.0,0.0308140125005094,0.0478373815610245,0.0208788312262652,0.0043367232186034,0.0,0.0,0.0,0.0,145.0,13.0,142.0,0.447358444841652,0.6635490255494908,0.0888888888888888,0.0517341295827769,0.0390347119388536,0.0646676619784711,0.4058261709428227,5.498627665220455,20.66658142350946,4302.547751439023,1081.26904296875,16.28353500366211,17.79146591670489,0.8116712919744309,3445.14599609375,35.38027572631836,12.758727299930896,0.5240777244329908,0.1658318191766739,0.0413087792694568,0.1070282459259033,0.082338161766529,0.0280424188822507,0.8401710987091064,0.8401710987091064,0.0290897816292618,0.1655454963700802,12.0,0.0314427502830879,0.084426043923682,0.0,3.856319244670597e-19,0.0,7.245236837289266e-19,0.0,3.001671012990948e-18,0.0045281702478382,0.0422281610139596,0.0209067577124942,0.1655454963700802,False,220,14,timeout_no_goal,220,False,False,False,-1,,akita_black_bowl_1,False,-1,False,-1,False,0.0,0.0,-1,71,0.1795415587017219,1.4449017191419986,0.4669734322560253,4.916332684415369,35446527.866122894,0.8401710987091064,/home/jovyan/shares/SR006.nfs2/spiridonov/malnev_world_model/YSDA_WORD_MODELS_PP/experiments/campaigns/phase1_boundary_20260724/videos/phase1_boundary_20260724__known_boundary_milk/libero_spatial_with_milk__task5__init0__pair0__rollout9__seed130873__successFalse__t220__frames220of220__pick_the_akita_black_bowl_next_to_the_ramekin_and_.mp4,220,220,92.0,True,False
libero_spatial_with_milk,5,9,0,9,130873,0,130873,9,144,pick the akita black bowl next to the ramekin and place it on the plate,-1,-1,none,-1,-1,-1,-1,4.0,0.0122294379398226,0.7086535692214966,0.0261871609836816,0.0110867731273174,0.0019693670328706,0.0464376360177993,0.0818642973899841,0.8550161123275757,0.0008817993220873,0.0022379755973815,0.0014283447526395,0.003538952441886,1.393181562423706,5.787918567657471,56.21109771728516,2.6303493976593018,11.357816696166992,50.28605651855469,0.0166879724711179,0.0232104305177927,0.7862606644630432,0.0058388020843267,0.0103154433891177,0.0199921298772096,0.0060760723426938,0.0106943389400839,0.0217905435711145,0.0105993412435054,0.0114014232531189,0.0291176391765475,0.0655950903892517,0.033961484208703,0.0410085469484329,0.0082556447014212,0.008375646546483,0.0090656054671853,0.0091910120099782,0.007733971462585,0.0078894291073083,0.007733971462585,0.0078894291073083,first,1.0,0.0,0.8557482361793518,0.8302612900733948,0.0,0.8557482361793518,0.0,0.8557482361793518,True,0.8550161123275757,0.0008817993220873,0.0022379755973815,0.0339614823460578,0.0041346075013279,0.0077339713461697,0.0001402595662511,139873,139873,160,16,0,False,False,0.0,0.0,0.0377084849046066,0.0495570601826571,0.1087468505391329,0.004754940963257,0.0,0.0,0.0,0.0,149.0,12.0,149.0,0.4045311189388055,0.6710522601052546,0.1555555555555555,0.0478224323500464,0.0211641830465643,0.059778040437558,0.5104691847597214,6.837672463135638,29.899174389136,9236.381995621512,1443.617919921875,19.580190658569336,16.536280964615415,0.7459576197452089,2406.561279296875,28.037826538085938,14.31683436088004,0.5546953812139446,0.1194197610020637,0.0325726456940174,0.0770953893661499,0.0694756135344505,0.0358749702572822,0.8557482361793518,0.8557482361793518,0.0695119883831113,0.6619862807931445,12.0,0.0240348758730318,0.0395573785895123,0.0,1.4303039204102087e-18,0.0,9.027334381754153e-19,0.0,3.709316140415344e-18,0.0009899523232593,0.0139762315963976,0.0935991414219901,0.6619862807931445,False,220,14,timeout_no_goal,220,False,False,False,-1,,akita_black_bowl_1,False,-1,False,-1,False,0.0,0.0,-1,71,0.1795415587017219,1.4449017191419986,0.4669734322560253,4.916332684415369,35446527.866122894,0.8557482361793518,/home/jovyan/shares/SR006.nfs2/spiridonov/malnev_world_model/YSDA_WORD_MODELS_PP/experiments/campaigns/phase1_boundary_20260724/videos/phase1_boundary_20260724__known_boundary_milk/libero_spatial_with_milk__task5__init0__pair0__rollout9__seed130873__successFalse__t220__frames220of220__pick_the_akita_black_bowl_next_to_the_ramekin_and_.mp4,220,220,76.0,True,False
libero_spatial_with_milk,5,9,0,9,130873,0,130873,10,160,pick the akita black bowl next to the ramekin and place it on the plate,-1,-1,none,-1,-1,-1,-1,4.0,0.0055505312047898,0.0273132119327783,0.0183778051286935,0.0107734529301524,0.0017259521409869,0.0013555050827562,0.0325735248625278,0.8342912197113037,0.0014990619383752,0.0041999220848083,0.0011512120254337,0.001869460218586,1.5724589824676514,6.179603576660156,54.554447174072266,3.210347414016724,15.286840438842772,64.79582977294922,0.0100584616884589,0.0223047900944948,0.0375897698104381,0.0057096695527434,0.0101769380271434,0.018972247838974,0.0065635028295218,0.0114919682964682,0.0216959286481142,0.0102849707473069,0.0104308081790804,0.015500993002206,0.0168346595019102,0.0308193112723529,0.0312301442027091,0.0083722667768597,0.0086470944806933,0.0091484356671571,0.0094215217977762,0.0082545652985572,0.0086080366745591,0.0082545652985572,0.0086080366745591,first,1.0,0.0,0.8365859985351562,1.5308098793029783,0.0,0.8365859985351562,0.0,0.8365859985351562,True,0.8342912197113037,0.0014990619383752,0.0041999220848083,0.0308193117380142,0.0006284900591708,0.0082545652985572,0.0002051873452728,140873,140873,176,16,0,False,False,0.0,0.0,0.0399875356855156,0.0503323575554274,0.1074605394032989,2.786076397365278e-07,0.0,0.0,0.0,0.0,190.0,12.0,190.0,0.3753384773214708,0.6642410614161977,0.1,0.0520944416151462,0.0192323675044765,0.0651180520189327,0.5235231547734734,5.449496473968416,11.698768588248798,3058.299677492352,1055.71826171875,16.74937629699707,17.895323268615186,0.8115147077785443,2002.3441162109373,23.88188934326172,15.115416449029278,0.622936344701115,0.0768517106771469,0.0218532029539346,0.038620114326477,0.0549103468656539,0.0338183306157588,0.8365859985351562,0.8365859985351562,0.006002977925484,0.0355563842863508,12.0,0.0171545483888446,0.0355563842863508,0.0,1.2102535867664945e-18,0.0,1.866942580458273e-18,0.0,3.4094335850719718e-18,1.5692714567511412e-09,1.2209517452254981e-08,0.0024964576451304,0.0168283310066941,False,220,14,timeout_no_goal,220,False,False,False,-1,,akita_black_bowl_1,False,-1,False,-1,False,0.0,0.0,-1,71,0.1795415587017219,1.4449017191419986,0.4669734322560253,4.916332684415369,35446527.866122894,0.8365859985351562,/home/jovyan/shares/SR006.nfs2/spiridonov/malnev_world_model/YSDA_WORD_MODELS_PP/experiments/campaigns/phase1_boundary_20260724/videos/phase1_boundary_20260724__known_boundary_milk/libero_spatial_with_milk__task5__init0__pair0__rollout9__seed130873__successFalse__t220__frames220of220__pick_the_akita_black_bowl_next_to_the_ramekin_and_.mp4,220,220,60.0,True,False
libero_spatial_with_milk,5,9,0,9,130873,0,130873,11,176,pick the akita black bowl next to the ramekin and place it on the plate,-1,-1,none,-1,-1,-1,-1,4.0,0.0058806301094591,0.0407607890665531,0.0210257694125175,0.0112695172429084,0.0019528991542756,0.0014971618074923,0.0333909094333648,0.8487045764923096,0.0012295356718823,0.0029847025871276,0.0016028030076995,0.0039238226599991,1.0609277486801147,3.8971142768859854,44.352989196777344,2.7641189098358154,13.04559326171875,48.70574951171875,0.010344898328185,0.0235396474599838,0.0516642592847347,0.0059346659108996,0.0106094265356659,0.0178842917084693,0.0064254128374159,0.0115166222676634,0.0204900261014699,0.0100040051620453,0.0103052472695708,0.0159717863425612,0.0162410363554954,0.028920326847583,0.0297008026391267,0.0082781366072595,0.0084892995655536,0.0088651163969188,0.0091634979471564,0.0081513649784028,0.0084983929991722,0.0081513649784028,0.0084983929991722,first,1.0,0.0,0.8474999070167542,-0.9797759652137756,0.0,0.8474999070167542,2.0,0.8504846096038818,False,0.8487045764923096,0.0012295356718823,0.0029847025871276,0.0289203263819217,0.000460442592157,0.0081513654440641,0.0002191262465203,141873,141875,192,16,0,False,False,0.0,0.0,0.0395405213448192,0.050385651558284,0.1068033337921754,2.786076397365278e-07,0.0,0.0,0.0,0.0,176.0,11.0,176.0,0.4022729989466868,0.697590724504801,0.1111111111111111,0.0522335310198273,0.0099932052931828,0.0652919137747841,0.5150412512428685,5.557812588699492,10.183063848599376,3162.272725368096,1269.1212158203125,18.5207462310791,17.09577256623659,0.7761534452967527,2042.3575439453125,24.887470245361328,15.02948586990792,0.6202408705237662,0.0875095948576927,0.0251460596919059,0.0486284494400024,0.0686397552490234,0.0444377399981021,0.8474999070167542,0.8474999070167542,0.0029322022055413,0.0245451693046765,12.0,0.0106412571388673,0.0245451693046765,0.0,3.3678295212173743e-19,0.0,3.4405001693084713e-18,0.0,5.236195363904695e-18,0.0,2.431958003007152e-17,3.1582407783071324e-12,1.979386771507521e-11,False,220,14,timeout_no_goal,220,False,False,False,-1,,akita_black_bowl_1,False,-1,False,-1,False,0.0,0.0,-1,71,0.1795415587017219,1.4449017191419986,0.4669734322560253,4.916332684415369,35446527.866122894,0.8474999070167542,/home/jovyan/shares/SR006.nfs2/spiridonov/malnev_world_model/YSDA_WORD_MODELS_PP/experiments/campaigns/phase1_boundary_20260724/videos/phase1_boundary_20260724__known_boundary_milk/libero_spatial_with_milk__task5__init0__pair0__rollout9__seed130873__successFalse__t220__frames220of220__pick_the_akita_black_bowl_next_to_the_ramekin_and_.mp4,220,220,44.0,True,False
libero_spatial_with_milk,5,9,0,9,130873,0,130873,12,192,pick the akita black bowl next to the ramekin and place it on the plate,-1,-1,none,-1,-1,-1,-1,4.0,0.0398967899382114,0.8697593808174133,0.033359657973051,0.0188548415899276,0.0030741200316697,0.2134906649589538,0.2868812084197998,0.8625829219818115,0.0181257463991642,0.0443599820137023,0.0201998725533485,0.0866699889302253,1.6480944156646729,6.832825183868408,58.91731643676758,4.540561676025391,20.645278930664062,70.28691101074219,0.0446030832827091,0.0731479823589325,0.890492856502533,0.0237619336694479,0.0893483906984329,0.1084936633706092,0.036635048687458,0.0427627526223659,0.055274061858654,0.0112858363427221,0.0137448711320757,0.0453199730254709,0.0855354145169258,0.0341739542782306,0.0410316102206707,0.0087939950171858,0.0093658249825239,0.0098437687847763,0.0116078555583953,0.0080176526680588,0.0082145268097519,0.0080176526680588,0.0082145268097519,first,1.0,0.0,0.8504996299743652,-0.6666369438171387,0.0,0.8504996299743652,2.0,0.8935444951057434,False,0.8625829219818115,0.0181257463991642,0.0443599820137023,0.0341739580035209,0.0044040088541805,0.0080176517367362,0.0001376201544189,142873,142875,208,16,0,False,False,0.0,0.0,0.0319787581130714,0.0503514716251513,0.1068033337916195,0.0081143920023176,0.0,0.0,0.0,0.0,166.0,12.0,166.0,0.3965115612726291,0.7133820350965376,0.1,0.0537748587815876,0.0111888817314725,0.0672185734769845,0.5317641109178669,5.853686766659044,10.333519592830289,3167.4875937974894,1283.9774169921875,18.596660614013672,17.04522975578945,0.7752116231771858,2302.9541015625,26.339284896850582,14.507950784124816,0.5803822452602956,0.0994611606001854,0.0285390354692935,0.0511289834976196,0.0742511302232742,0.0413402579724788,0.8504996299743652,0.8504996299743652,0.0141203149483026,0.1202862470496485,12.0,0.0096717857821932,0.0294760726340116,0.0,5.05941968619257e-19,0.0,2.9644374274957757e-18,0.0,3.936407775961425e-18,0.0100096739137783,0.1202862470496485,0.0,8.932933311141757e-19,False,220,14,timeout_no_goal,220,False,False,False,-1,,akita_black_bowl_1,False,-1,False,-1,False,0.0,0.0,-1,71,0.1795415587017219,1.4449017191419986,0.4669734322560253,4.916332684415369,35446527.866122894,0.8504996299743652,/home/jovyan/shares/SR006.nfs2/spiridonov/malnev_world_model/YSDA_WORD_MODELS_PP/experiments/campaigns/phase1_boundary_20260724/videos/phase1_boundary_20260724__known_boundary_milk/libero_spatial_with_milk__task5__init0__pair0__rollout9__seed130873__successFalse__t220__frames220of220__pick_the_akita_black_bowl_next_to_the_ramekin_and_.mp4,220,220,28.0,True,False
libero_spatial_with_milk,5,9,0,9,130873,0,130873,13,208,pick the akita black bowl next to the ramekin and place it on the plate,-1,-1,none,-1,-1,-1,-1,4.0,0.0063596623949706,0.0290267243981361,0.0187999419867992,0.0122830495238304,0.0021341054234653,0.0012661742512136,0.0364078916609287,0.8547027111053467,0.0013559757499024,0.0034551620483398,0.001353160245344,0.0026556588709354,1.299668312072754,4.9749369621276855,43.91469192504883,3.489264965057373,16.55657196044922,61.23724365234375,0.0108634708449244,0.0262320544570684,0.0418499372899532,0.0057402094826102,0.0102163637056946,0.0178060345351696,0.0064912540838122,0.0114367576315999,0.020201900973916,0.0102819378953427,0.0103145018219947,0.0162076998967677,0.0173179041594266,0.0316099324263632,0.0325671173632144,0.0083894629497081,0.0084516359493136,0.008904238929972,0.0090195694938302,0.0081612321082502,0.0084238424897193,0.0081612321082502,0.0084238424897193,first,1.0,0.0,0.8554282188415527,0.53504478931427,0.0,0.8554282188415527,3.0,0.8565260171890259,False,0.8547027111053467,0.0013559757499024,0.0034551620483398,0.0316099300980567,0.0007233586511574,0.0081612318754196,0.0001746296475175,143873,143876,220,12,0,False,False,0.0,0.0,0.0262648348226568,0.0501879988536532,0.1068033337916195,0.0141874219885785,0.0,0.0,0.0,0.0,94.0,12.0,94.0,0.4372827066662315,0.7068977453769216,0.0909090909090909,0.03658266968619,0.0103000852426357,0.0609711161436499,0.5976208759184035,6.572726844939569,12.53863298149952,1553.6027999183823,1016.2372436523438,16.287620544433594,18.060852537257286,0.8217605039724499,2407.87109375,26.7093563079834,14.314471277719797,0.5640670513404706,0.0701175406575203,0.0212190356105566,0.0354063212871551,0.0386263839900493,0.0426111035048961,0.8554282188415527,0.8554282188415527,0.0122255278007114,0.098943325134291,12.0,0.0097388434173739,0.0320890614866514,0.0,5.493087030892176e-19,0.0,1.5086649620315205e-18,0.0,1.7103316807894782e-18,0.0059351035702213,0.098943325134291,0.0,2.1876452278259362e-18,False,220,14,timeout_no_goal,220,False,False,False,-1,,akita_black_bowl_1,False,-1,False,-1,False,0.0,0.0,-1,71,0.1795415587017219,1.4449017191419986,0.4669734322560253,4.916332684415369,35446527.866122894,0.8554282188415527,/home/jovyan/shares/SR006.nfs2/spiridonov/malnev_world_model/YSDA_WORD_MODELS_PP/experiments/campaigns/phase1_boundary_20260724/videos/phase1_boundary_20260724__known_boundary_milk/libero_spatial_with_milk__task5__init0__pair0__rollout9__seed130873__successFalse__t220__frames220of220__pick_the_akita_black_bowl_next_to_the_ramekin_and_.mp4,220,220,12.0,True,True
libero_spatial_with_milk,5,12,0,12,131164,0,131164,0,0,pick the akita black bowl next to the ramekin and place it on the plate,-1,-1,none,-1,-1,-1,-1,4.0,0.0015555245336145,0.0178771298378705,0.0091672493144869,0.0029089159797877,0.0004878173058386,0.0006984721403568,0.0097079453989863,0.3314196765422821,0.0005315275629982,0.0012950301170349,0.0007967900019139,0.0021804717835038,0.5161420106887817,1.5,20.33930969238281,1.100516438484192,4.607334136962891,34.20891571044922,0.0063329432159662,0.0117712141945958,0.0271308440715074,0.0056986198760569,0.010086984373629,0.0187596045434474,0.0056161559186875,0.0099960519000887,0.0179355032742023,0.0078177971299737,0.0078632608056068,0.0100258612073957,0.0102765876799821,0.0214107199572026,0.02191112190485,0.0074436535360291,0.0075528654269874,0.007720168097876,0.0078152939677238,0.0070727742277085,0.0071362163871526,0.0070727742277085,0.0071362163871526,first,1.0,0.0,0.3318073153495788,0.7292920351028442,0.0,0.3318073153495788,0.0,0.3318073153495788,True,0.3314196765422821,0.0005315275629982,0.0012950301170349,0.0214107204228639,0.0005573043599724,0.0070727742277085,4.028946568723768e-05,131164,131164,16,16,0,False,False,0.0,0.0,2.786076397365278e-07,0.3207877990031674,2.786076407285072e-07,2.786076397365278e-07,0.0,0.0,0.0,0.0,0.0,0.0,0.0,0.7209477850352077,0.8365893029485159,0.0777777777777777,0.1410149935065481,0.1409531557632327,0.1762687418831852,0.2821316390583842,1.6651059000708128,5.883382084668619,66.56257392687183,612.6442260742188,10.481890678405762,20.258720160521037,0.8811547374071147,784.7559814453125,11.925382614135742,19.183457262711816,0.8621661994306502,0.0074925059452652,0.0020249322988092,0.0054238736629486,0.0025577750056982,0.0065210182219743,0.3318073153495788,0.3318073153495788,1.1638961072408373e-07,2.934624683612667e-07,12.0,2.934624683612516e-07,5.883756821353456e-09,2.934624683612667e-07,5.883756828950857e-09,2.530519738197512e-07,5.105730177043572e-17,2.6346862755526685e-07,3.568444202501982e-09,2.673608637928073e-07,9.187799777411357e-09,1.3438404960466898e-09,1.3286213395511305e-12,False,220,14,timeout_no_goal,220,False,False,False,-1,,akita_black_bowl_1,False,-1,False,-1,False,0.0,0.0,-1,71,0.181559919255257,1.449066988205265,0.4634156733152451,4.921242456214192,33967575.488002,0.3318073153495788,/home/jovyan/shares/SR006.nfs2/spiridonov/malnev_world_model/YSDA_WORD_MODELS_PP/experiments/campaigns/phase1_boundary_20260724/videos/phase1_boundary_20260724__known_boundary_milk/libero_spatial_with_milk__task5__init0__pair0__rollout12__seed131164__successFalse__t220__frames220of220__pick_the_akita_black_bowl_next_to_the_ramekin_and_.mp4,220,220,220.0,True,False
libero_spatial_with_milk,5,12,0,12,131164,0,131164,1,16,pick the akita black bowl next to the ramekin and place it on the plate,-1,-1,none,-1,-1,-1,-1,4.0,0.0012817287351936,0.0063089267350733,0.004822910297662,0.0021350171882659,0.0006122761406004,0.0007302203448489,0.0065587735734879,0.3526774942874908,0.0001410453114658,0.0003619194030761,0.000540236767847,0.0009694259497337,0.4117279648780823,1.2247449159622192,14.88917350769043,0.527126669883728,1.7320507764816284,15.943259239196776,0.0059540099464356,0.0106332600116729,0.0205058790743351,0.0056496961042284,0.0099314581602811,0.0208889413625001,0.0055107497610151,0.0097523787990212,0.0187150985002517,0.0075866791885346,0.0076507390476763,0.0091314613819122,0.0093447724357247,0.0197788588702678,0.02028195746243,0.007411916158162,0.0075170611962676,0.0076101450249552,0.0077715395018458,0.0070291807642206,0.0070740245282649,0.0070291807642206,0.0070740245282649,first,1.0,0.0,0.3528828620910644,1.4560413360595703,0.0,0.3528828620910644,0.0,0.3528828620910644,True,0.3526774942874908,0.0001410453114658,0.0003619194030761,0.0197788588702678,0.0004799281887244,0.0070291804149746,3.466165071586147e-05,132164,132164,32,16,0,False,False,0.0,0.0,2.786076397365278e-07,0.2366852578136269,2.786076407285072e-07,2.786076397365278e-07,0.0,0.0,0.0,0.0,0.0,0.0,0.0,0.8493866369235119,0.8775558082858452,0.0222222222222222,0.1682273968864568,0.1658705627863873,0.210284246108071,0.1589574191856644,1.0084497074027874,2.292605595309289,10.830583540950345,694.74609375,11.4708890914917,19.712542472574203,0.8699006402917271,831.8049926757812,11.033489227294922,18.93058838100556,0.8252652633456782,0.0087044080719351,0.0020231055095791,0.005689475685358,0.0032910639420151,0.0079893330112099,0.3528828620910644,0.3528828620910644,7.261230300716894e-18,3.685222368938927e-17,12.0,0.0,3.5964058447388667e-17,0.0,3.685222368938927e-17,0.0,8.525602740230719e-18,0.0,8.630526706531202e-19,0.0,4.9298260609409465e-18,0.0,0.0,False,220,14,timeout_no_goal,220,False,False,False,-1,,akita_black_bowl_1,False,-1,False,-1,False,0.0,0.0,-1,71,0.181559919255257,1.449066988205265,0.4634156733152451,4.921242456214192,33967575.488002,0.3528828620910644,/home/jovyan/shares/SR006.nfs2/spiridonov/malnev_world_model/YSDA_WORD_MODELS_PP/experiments/campaigns/phase1_boundary_20260724/videos/phase1_boundary_20260724__known_boundary_milk/libero_spatial_with_milk__task5__init0__pair0__rollout12__seed131164__successFalse__t220__frames220of220__pick_the_akita_black_bowl_next_to_the_ramekin_and_.mp4,220,220,204.0,True,False
libero_spatial_with_milk,5,12,0,12,131164,0,131164,2,32,pick the akita black bowl next to the ramekin and place it on the plate,-1,-1,none,-1,-1,-1,-1,4.0,0.0014116689562797,0.0061935931444168,0.0059099849313497,0.0025472764391452,0.0005370362778194,0.0006287443684414,0.0076890252530574,0.4119065105915069,0.0005715763545595,0.0015468001365661,0.0004695270908996,0.001143186353147,0.4600447118282318,1.4142135381698608,10.304732322692873,0.7008800506591797,2.692582368850708,26.74883270263672,0.0059061585925519,0.0105149652808904,0.0198542904108762,0.005548607558012,0.0098757557570934,0.0185546483844518,0.0053930394351482,0.0096066007390618,0.0183615628629922,0.0077430986566469,0.007787853013724,0.0099787174258381,0.010340491309762,0.0207648226059973,0.0209429580718278,0.0073600522009655,0.0073876548558473,0.0076665234519168,0.0077652637846767,0.0067615924635902,0.006872119847685,0.0067615924635902,0.006872119847685,first,1.0,0.0,0.4127383828163147,1.455399990081787,0.0,0.4127383828163147,0.0,0.4127383828163147,True,0.4119065105915069,0.0005715763545595,0.0015468001365661,0.020764822140336,0.0001366858632536,0.0067615928128361,7.163915142882615e-05,133164,133164,48,16,0,False,False,0.0,0.0,2.786076397365278e-07,0.0826528440439213,2.786076407285072e-07,2.786076397365278e-07,0.0,0.0,0.0,0.0,0.0,0.0,0.0,0.8798660774144321,0.9591713450385771,0.0666666666666666,0.1815154270276945,0.1681117472853157,0.2268942837846181,0.4284936552338253,2.66457499692074,4.9770398170093095,56.747985947182855,795.6829833984375,12.369745254516602,19.123402905976853,0.8536779633200676,320.3096618652344,7.8611884117126465,23.075103218872925,0.9302341574743724,0.0136009957641363,0.0031758302357047,0.0082714334130287,0.009848790243268,0.0093193287029862,0.4127383828163147,0.4127383828163147,5.87045175451359e-19,3.102419332664403e-18,12.0,0.0,3.3685191507028984e-19,0.0,1.81728110831368e-18,0.0,1.0832573962356185e-18,0.0,7.047323531323171e-19,0.0,3.102419332664403e-18,0.0,0.0,False,220,14,timeout_no_goal,220,False,False,False,-1,,akita_black_bowl_1,False,-1,False,-1,False,0.0,0.0,-1,71,0.181559919255257,1.449066988205265,0.4634156733152451,4.921242456214192,33967575.488002,0.4127383828163147,/home/jovyan/shares/SR006.nfs2/spiridonov/malnev_world_model/YSDA_WORD_MODELS_PP/experiments/campaigns/phase1_boundary_20260724/videos/phase1_boundary_20260724__known_boundary_milk/libero_spatial_with_milk__task5__init0__pair0__rollout12__seed131164__successFalse__t220__frames220of220__pick_the_akita_black_bowl_next_to_the_ramekin_and_.mp4,220,220,188.0,True,False
libero_spatial_with_milk,5,12,0,12,131164,0,131164,3,48,pick the akita black bowl next to the ramekin and place it on the plate,-1,-1,none,-1,-1,-1,-1,4.0,0.0017770044505596,0.00950856693089,0.0115530462935566,0.003080277936533,0.0006828185287304,0.0011497419327497,0.0096925301477313,0.5278104543685913,0.0006474258261732,0.0017356872558593,0.0008395269396714,0.0032637249678373,0.4711239337921142,1.4790199995040894,11.357816696166992,0.8255525827407837,3.278719186782837,32.57683181762695,0.0061586038209497,0.0113961203023791,0.0201664231717586,0.0057419696822762,0.0102477315813303,0.0192528907209634,0.005406267940998,0.0095860995352268,0.0167964305728673,0.0079801229294389,0.0081377159804105,0.0114918791223317,0.0132034998387098,0.022145674098283,0.0232192240655422,0.0078980603720992,0.0080510359257459,0.0082412271294742,0.0085316440090537,0.0067729301517829,0.0068780123256146,0.0067729301517829,0.0068780123256146,first,1.0,0.0,0.5267515778541565,-1.6355178356170654,0.0,0.5267515778541565,2.0,0.5284872651100159,False,0.5278104543685913,0.0006474258261732,0.0017356872558593,0.0221456736326217,0.0008528657490387,0.0067729302681982,0.0001030367347993,134164,134166,64,16,0,False,False,0.0,0.0,0.0050585283185594,0.0477229358276769,2.786076407285072e-07,2.786076397365278e-07,0.0,0.0,0.0,0.0,52.0,7.0,50.0,0.3259742505352304,0.8928103336723141,0.1111111111111111,0.0746689824170055,0.0555262486992035,0.0933362280212568,0.4421179545572845,5.571374915116307,14.39740295334731,2039.828049808023,751.1832275390625,11.834741592407228,19.37334478452978,0.8629766928888807,403.7319030761719,9.346314430236816,22.0698729195674,0.9174115602102064,0.063699297606945,0.0151258893311023,0.0490301847457885,0.0160882733762264,0.0222813505679368,0.5267515778541565,0.5267515778541565,0.0079116660174145,0.08975485432664,12.0,0.0051851378823341,0.08975485432664,0.0,1.9955494029504025e-18,0.0,2.9945363622151146e-18,0.0,7.082654965578254e-19,0.0,5.206187254916464e-19,0.0,0.0,False,220,14,timeout_no_goal,220,False,False,False,-1,,akita_black_bowl_1,False,-1,False,-1,False,0.0,0.0,-1,71,0.181559919255257,1.449066988205265,0.4634156733152451,4.921242456214192,33967575.488002,0.5267515778541565,/home/jovyan/shares/SR006.nfs2/spiridonov/malnev_world_model/YSDA_WORD_MODELS_PP/experiments/campaigns/phase1_boundary_20260724/videos/phase1_boundary_20260724__known_boundary_milk/libero_spatial_with_milk__task5__init0__pair0__rollout12__seed131164__successFalse__t220__frames220of220__pick_the_akita_black_bowl_next_to_the_ramekin_and_.mp4,220,220,172.0,True,False
libero_spatial_with_milk,5,12,0,12,131164,0,131164,4,64,pick the akita black bowl next to the ramekin and place it on the plate,-1,-1,none,-1,-1,-1,-1,4.0,0.0020430614240467,0.012336173094809,0.0054872203618288,0.0037995011080056,0.0007158953230828,0.0007552393362857,0.0119769424200057,0.6035439968109131,0.0004292476805858,0.0011517405509948,0.000797884829808,0.0013498167973011,0.4617248475551605,1.4142135381698608,15.984367370605469,1.0502614974975586,3.960744857788086,36.36189651489258,0.006684192456305,0.0123929753899574,0.0245942212641239,0.005665851291269,0.0100576030090451,0.0191231556236743,0.0055439048446714,0.0098524317145347,0.0172593109309673,0.0084431706927716,0.0085266651585698,0.0112066834699362,0.0114646507427096,0.0220220512710511,0.023060793057084,0.0076570037053897,0.0078713316470384,0.0079119527945294,0.0081013962626457,0.0070358712691813,0.0071461359038949,0.0070358712691813,0.0071461359038949,first,1.0,0.0,0.6042200326919556,1.5749319791793823,0.0,0.6042200326919556,0.0,0.6042200326919556,True,0.6035439968109131,0.0004292476805858,0.0011517405509948,0.0220220498740673,0.0008975796517916,0.0070358710363507,0.0001068041674443,135164,135164,80,16,0,False,False,0.0,0.0,0.1283155362870829,0.0499778088917539,2.786076407285072e-07,2.786076397365278e-07,0.0,0.0,0.0,0.0,127.0,8.0,127.0,0.9054966738130394,1.2248512329470809,0.0666666666666666,0.1597816494085052,0.1510845366981286,0.1997270617606314,0.4932335425654594,3.6504775248884136,7.755393022677776,151.19165213621127,726.74609375,11.709210395812988,19.51697654745884,0.8650931248871188,998.9677734375,14.830862045288086,18.13528882695996,0.8179766722228614,0.0364412106573581,0.0091235302388668,0.0245758891105651,0.0091353179886937,0.017210641875863,0.6042200326919556,0.6042200326919556,0.0159328954104665,0.1462589535195136,12.0,0.1462589535195136,0.0449357914060844,0.0,3.5329524906451934e-19,0.0,9.323815998956648e-19,0.0,2.7400100804112812e-18,0.0,5.649347820970657e-19,0.0,0.0,False,220,14,timeout_no_goal,220,False,False,False,-1,,akita_black_bowl_1,False,-1,False,-1,False,0.0,0.0,-1,71,0.181559919255257,1.449066988205265,0.4634156733152451,4.921242456214192,33967575.488002,0.6042200326919556,/home/jovyan/shares/SR006.nfs2/spiridonov/malnev_world_model/YSDA_WORD_MODELS_PP/experiments/campaigns/phase1_boundary_20260724/videos/phase1_boundary_20260724__known_boundary_milk/libero_spatial_with_milk__task5__init0__pair0__rollout12__seed131164__successFalse__t220__frames220of220__pick_the_akita_black_bowl_next_to_the_ramekin_and_.mp4,220,220,156.0,True,False
libero_spatial_with_milk,5,12,0,12,131164,0,131164,5,80,pick the akita black bowl next to the ramekin and place it on the plate,-1,-1,none,-1,-1,-1,-1,4.0,0.0012777218362316,0.006009695585817,0.0081960130482912,0.0022996962070465,0.0004417138115968,0.0007198230014182,0.0071425065398216,0.7007294297218323,0.0002775964676402,0.000687301158905,0.0004137007053941,0.0009023732854984,0.4781233668327331,1.4790199995040894,14.352700233459473,0.6828026175498962,2.4494898319244385,18.89940452575684,0.0058670686557888,0.0105102509260177,0.0177810918539762,0.0056058508343994,0.0099765369668602,0.0182760693132877,0.0055062496103346,0.0098444614559412,0.0166667848825454,0.0077608788851648,0.0078466087579727,0.0096563789993524,0.0101950243115425,0.0205982918851077,0.0209130365401506,0.0075069149024784,0.0075336266309022,0.0077785205794498,0.0078937038779258,0.0070857276441529,0.0071655083447694,0.0070857276441529,0.0071655083447694,first,1.0,0.0,0.7011317014694214,1.4491242170333862,0.0,0.7011317014694214,0.0,0.7011317014694214,True,0.7007294297218323,0.0002775964676402,0.000687301158905,0.020598292350769,0.0002024356654146,0.0070857275277376,7.577518408652395e-05,136164,136164,96,16,0,False,False,0.0,0.0,0.181559919255257,0.0501766333343405,2.786076407285072e-07,2.786076397365278e-07,0.0,0.0,0.0,0.0,135.0,9.0,135.0,1.0308156616185091,1.165585257319134,0.1,0.2208454723510129,0.2007795604923047,0.2760568404387662,0.4945935817889342,2.592705203532629,4.188784578212094,35.48460625363928,861.601806640625,13.793985366821287,18.77773759931245,0.846074591222578,1692.0859375,19.59214973449707,15.84657944697846,0.6766230499332532,0.063800923526287,0.0137986578047275,0.0435227751731872,0.0178550109267234,0.0080611230805516,0.7011317014694214,0.7011317014694214,0.0230690230559181,0.1945325385636764,12.0,0.1945325385636764,0.0822957381073415,0.0,6.565058621684642e-19,0.0,1.778489145493739e-18,0.0,3.2575698326422468e-18,0.0,4.7868487091330195e-18,0.0,0.0,False,220,14,timeout_no_goal,220,False,False,False,-1,,akita_black_bowl_1,False,-1,False,-1,False,0.0,0.0,-1,71,0.181559919255257,1.449066988205265,0.4634156733152451,4.921242456214192,33967575.488002,0.7011317014694214,/home/jovyan/shares/SR006.nfs2/spiridonov/malnev_world_model/YSDA_WORD_MODELS_PP/experiments/campaigns/phase1_boundary_20260724/videos/phase1_boundary_20260724__known_boundary_milk/libero_spatial_with_milk__task5__init0__pair0__rollout12__seed131164__successFalse__t220__frames220of220__pick_the_akita_black_bowl_next_to_the_ramekin_and_.mp4,220,220,140.0,True,False
libero_spatial_with_milk,5,12,0,12,131164,0,131164,6,96,pick the akita black bowl next to the ramekin and place it on the plate,-1,-1,none,-1,-1,-1,-1,4.0,0.0020882454700767,0.011863674968481,0.0154118407517671,0.004064293578267,0.0005823955289088,0.0006776499794796,0.0117840515449643,0.8246570229530334,0.0002420755045022,0.0006358623504638,0.001230968744494,0.0027687808033078,0.781499981880188,2.549509763717652,16.482946395874023,3.11816930770874,15.944514274597168,57.181182861328125,0.0064245061948895,0.0117663266137242,0.0215792004019022,0.005649350117892,0.0100263254716992,0.0196323301643133,0.0057084914296865,0.0101820435374975,0.0199966523796319,0.0081447423435747,0.0083083994686603,0.0102155900094658,0.0105561008676886,0.0219043996185064,0.0221952255815267,0.0073853527428582,0.0075031071901321,0.0076577760046347,0.0078162821009755,0.0074205215787515,0.0077387462370097,0.0074205215787515,0.0077387462370097,first,1.0,0.0,0.8247030377388,0.1900844424962997,0.0,0.8247030377388,2.0,0.8248895406723022,False,0.8246570229530334,0.0002420755045022,0.0006358623504638,0.0219043996185064,0.0003087765071541,0.0074205212295055,0.0002148034545825,137164,137166,112,16,0,False,False,0.0,0.0,0.147941308706506,0.0508646046193818,0.0027228178595087,0.0008779015680603,0.0,0.0,0.0,0.0,161.0,11.0,161.0,0.9285840982768137,1.076147131298668,0.0804597701149425,0.1638007276819137,0.1473385044084132,0.2047509096023922,0.4229970080703656,2.9880904532845363,8.986652827910467,110.5686815073658,1017.8203735351562,15.561078071594238,18.05409221045766,0.8240452765937838,3185.45361328125,32.89743423461914,13.099090756195771,0.5470142845239769,0.0307160951197147,0.0081481747329235,0.0172372162342071,0.0198639780282974,0.0154819749295711,0.8247030377388,0.8247030377388,0.0146126747376544,0.1464435112004998,12.0,0.1464435112004998,0.0286375002142327,0.0,1.4969686870210274e-18,0.0,7.321789438098389e-19,0.0,2.188463464654846e-18,0.0,5.306632413899566e-18,2.6082680142100763e-05,0.0002450027569787,False,220,14,timeout_no_goal,220,False,False,False,-1,,akita_black_bowl_1,False,-1,False,-1,False,0.0,0.0,-1,71,0.181559919255257,1.449066988205265,0.4634156733152451,4.921242456214192,33967575.488002,0.8247030377388,/home/jovyan/shares/SR006.nfs2/spiridonov/malnev_world_model/YSDA_WORD_MODELS_PP/experiments/campaigns/phase1_boundary_20260724/videos/phase1_boundary_20260724__known_boundary_milk/libero_spatial_with_milk__task5__init0__pair0__rollout12__seed131164__successFalse__t220__frames220of220__pick_the_akita_black_bowl_next_to_the_ramekin_and_.mp4,220,220,124.0,True,False
libero_spatial_with_milk,5,12,0,12,131164,0,131164,7,112,pick the akita black bowl next to the ramekin and place it on the plate,-1,-1,none,-1,-1,-1,-1,4.0,0.0066954237408936,0.0311871115118265,0.0341032445430755,0.0130381742492318,0.0021768817678093,0.0012227958068251,0.0396690405905246,0.8529813289642334,0.0017467363504692,0.0047549605369567,0.001224122592248,0.0026473163161426,1.2766804695129397,5.214163303375244,57.39555740356445,3.5035746097564697,16.32207489013672,64.7803955078125,0.011259495280683,0.0254657622426748,0.0465341694653034,0.0057797478511929,0.0102565754204988,0.0183176528662443,0.0066773062571883,0.0117586888372898,0.0209669210016727,0.0103471889160573,0.0104617867618799,0.0174616477452218,0.0195414349436759,0.0306885885074734,0.0320082493126392,0.0081420107744634,0.00820620264858,0.008523249765858,0.0085687655955553,0.0079188920790329,0.008187404833734,0.0079188920790329,0.008187404833734,first,1.0,0.0,0.8524909019470215,-0.2807676196098327,0.0,0.8524909019470215,2.0,0.8552117347717285,False,0.8529813289642334,0.0017467363504692,0.0047549605369567,0.0306885875761508,0.0010202473495155,0.0079188924282789,0.0002005582500714,138164,138166,128,16,0,False,False,0.0,0.0,0.0179249239523034,0.0481531555678248,0.0135885516299119,0.0099265191689544,0.0,0.0,0.0,0.0,171.0,14.0,169.0,0.4442494133785937,0.8161886378902176,0.1222222222222222,0.0485959036323119,0.0197120777821986,0.0607448795403899,0.4671802299205836,7.103879328651586,20.13220289604344,6787.588265712337,1153.4766845703125,17.15268898010254,17.510715403938,0.800158577703635,4420.3896484375,41.76192474365234,11.676198076482816,0.4083260460057903,0.0973453298211097,0.0228081867098808,0.0743111968040466,0.0559002459049224,0.0268567781895399,0.8524909019470215,0.8524909019470215,0.0202824712663161,0.1281027340711708,12.0,0.0181494716295886,0.0719876892916867,0.0,3.03256722636883e-19,0.0,2.7039089569047773e-18,0.0,1.106533280687903e-18,0.0134692431224348,0.1281027340711708,0.0008154343345117,0.0108650827464014,False,220,14,timeout_no_goal,220,False,False,False,-1,,akita_black_bowl_1,False,-1,False,-1,False,0.0,0.0,-1,71,0.181559919255257,1.449066988205265,0.4634156733152451,4.921242456214192,33967575.488002,0.8524909019470215,/home/jovyan/shares/SR006.nfs2/spiridonov/malnev_world_model/YSDA_WORD_MODELS_PP/experiments/campaigns/phase1_boundary_20260724/videos/phase1_boundary_20260724__known_boundary_milk/libero_spatial_with_milk__task5__init0__pair0__rollout12__seed131164__successFalse__t220__frames220of220__pick_the_akita_black_bowl_next_to_the_ramekin_and_.mp4,220,220,108.0,True,False
libero_spatial_with_milk,5,12,0,12,131164,0,131164,8,128,pick the akita black bowl next to the ramekin and place it on the plate,-1,-1,none,-1,-1,-1,-1,4.0,0.0086670583114027,0.2940176427364349,0.0201867520809173,0.0109828962013125,0.0023844812531024,0.0205672830343246,0.053148727864027,0.8460218906402588,0.0003505199565552,0.0009372234344482,0.001354131498374,0.0021658663172274,1.673383712768555,7.361216068267822,66.55824279785156,3.5289480686187744,16.114822387695312,71.19690704345703,0.0133620547130703,0.0246753338724374,0.3327936828136444,0.0058919191360473,0.0104196947067976,0.0185755044221878,0.0056406292133033,0.0100849457085132,0.0178109481930732,0.0112331209238618,0.011702599003911,0.036862589418888,0.0580974332988262,0.0349615309387445,0.0389480963349342,0.0087855802848935,0.0089975409209728,0.0093574868515133,0.0095366667956113,0.0075705610215663,0.0077662840485572,0.0075705610215663,0.0077662840485572,first,1.0,0.0,0.8460074663162231,-0.0411512218415737,0.0,0.8460074663162231,1.0,0.8465883731842041,False,0.8460218906402588,0.0003505199565552,0.0009372234344482,0.0349615328013896,0.0027545145712792,0.0075705610215663,0.0001294982357649,139164,139165,144,16,0,False,False,0.0,0.0,0.0378694104093088,0.0480386491967771,0.0234395292930598,0.0096334321993978,0.0,0.0,0.0,0.0,216.0,16.0,211.0,0.4615110751283835,0.6992097780454589,0.1333333333333333,0.0506328836812217,0.0350122219239269,0.0632911046015272,0.45811417136604,5.997147257854095,14.371516700848376,4120.297243579798,1175.467041015625,17.382261276245117,17.42869904442865,0.7959306223409021,3630.679443359375,36.75944137573242,12.53092454594992,0.5055798638902833,0.0725980326533317,0.0193127747625112,0.0508913695812225,0.0634337961673736,0.0210233237594366,0.8460074663162231,0.8460074663162231,0.034758300753553,0.190882990656282,12.0,0.0342430276391011,0.0298178927005388,0.0,3.579355684403808e-19,0.0,1.849937627331033e-18,0.0,9.337713585837713e-19,0.0100529157448675,0.1294782767314459,0.0226245055704011,0.190882990656282,False,220,14,timeout_no_goal,220,False,False,False,-1,,akita_black_bowl_1,False,-1,False,-1,False,0.0,0.0,-1,71,0.181559919255257,1.449066988205265,0.4634156733152451,4.921242456214192,33967575.488002,0.8460074663162231,/home/jovyan/shares/SR006.nfs2/spiridonov/malnev_world_model/YSDA_WORD_MODELS_PP/experiments/campaigns/phase1_boundary_20260724/videos/phase1_boundary_20260724__known_boundary_milk/libero_spatial_with_milk__task5__init0__pair0__rollout12__seed131164__successFalse__t220__frames220of220__pick_the_akita_black_bowl_next_to_the_ramekin_and_.mp4,220,220,92.0,True,False
libero_spatial_with_milk,5,12,0,12,131164,0,131164,9,144,pick the akita black bowl next to the ramekin and place it on the plate,-1,-1,none,-1,-1,-1,-1,4.0,0.0052458569407463,0.0228593759238719,0.0196550581604242,0.010325233452022,0.0013616705546155,0.0016602871473878,0.0298184994608163,0.8508831262588501,0.0019122954690828,0.0051194429397583,0.0017777592875063,0.0051770769059658,1.7932209968566897,7.889866828918457,56.79073333740234,3.8765621185302734,16.248077392578125,62.07807540893555,0.0095209470018744,0.0212724544107913,0.0372679829597473,0.0060745114460587,0.0109765455126762,0.019525796175003,0.006819574162364,0.0118821421638131,0.0198925361037254,0.0104689910076558,0.0106685822829604,0.0181638407520949,0.0191919282078742,0.0321521749719977,0.0324449241161346,0.0087969058658927,0.0089197317138314,0.0094588217325508,0.0097271567210555,0.0078571473713964,0.0079539939761161,0.0078571473713964,0.0079539939761161,first,1.0,0.0,0.8482668399810791,-1.368139147758484,0.0,0.8482668399810791,1.0,0.8533862829208374,False,0.8508831262588501,0.0019122954690828,0.0051194429397583,0.0321521759033203,0.0001818639284465,0.007857147604227,8.99211663636379e-05,140164,140165,160,16,0,False,False,0.0,0.0,0.0534487914530021,0.0489728319319075,0.0347701554031126,0.0047735692168037,0.0,0.0,0.0,0.0,173.0,14.0,173.0,0.3980483062312306,0.6861263855928874,0.1333333333333333,0.0470679781933452,0.018980106140094,0.0588349727416816,0.4878912015675732,6.921670426619847,24.47985508768802,8039.079951060183,1083.1683349609375,16.78481674194336,17.783844053842476,0.8102715736858798,2708.65185546875,31.964996337890625,13.80327172359343,0.5914732662691379,0.0875755473971366,0.0200368594378232,0.0667129158973693,0.0548100881278514,0.0128961028531193,0.8482668399810791,0.8482668399810791,0.0108235683652588,0.0802219230335918,12.0,0.0180574882654183,0.01970199030955,0.0,4.515617169539239e-19,0.0,1.1198194808168188e-18,0.0,7.430900494177143e-19,4.902135473771833e-10,7.081008896580786e-09,0.0119014112033235,0.0802219230335918,False,220,14,timeout_no_goal,220,False,False,False,-1,,akita_black_bowl_1,False,-1,False,-1,False,0.0,0.0,-1,71,0.181559919255257,1.449066988205265,0.4634156733152451,4.921242456214192,33967575.488002,0.8482668399810791,/home/jovyan/shares/SR006.nfs2/spiridonov/malnev_world_model/YSDA_WORD_MODELS_PP/experiments/campaigns/phase1_boundary_20260724/videos/phase1_boundary_20260724__known_boundary_milk/libero_spatial_with_milk__task5__init0__pair0__rollout12__seed131164__successFalse__t220__frames220of220__pick_the_akita_black_bowl_next_to_the_ramekin_and_.mp4,220,220,76.0,True,False
libero_spatial_with_milk,5,12,0,12,131164,0,131164,10,160,pick the akita black bowl next to the ramekin and place it on the plate,-1,-1,none,-1,-1,-1,-1,4.0,0.0888216644525528,0.8719168901443481,0.0268229153007268,0.0402975603938102,0.0032949494197964,0.4909741580486297,0.61469566822052,0.877537727355957,0.0364514626562595,0.0850037336349487,0.1007529571652412,0.4576590955257416,2.88919997215271,13.442005157470703,69.93211364746094,6.617236137390137,27.721832275390625,83.1474609375,0.0941956862807273,0.8612567782402039,0.8872994780540466,0.1038611084222793,0.4585134088993072,0.4813093245029449,0.0730817541480064,0.0795768648386001,0.090129405260086,0.0116969079244881,0.0121430456638336,0.0610487638041377,0.0957086458802223,0.031517312861979,0.0319628082215786,0.0097957595717161,0.0109955323860049,0.0139620637055486,0.0158491805195808,0.0080449961824342,0.0088079366832971,0.0080449961824342,0.0088079366832971,first,1.0,0.0,0.8556592464447021,-0.600208580493927,0.0,0.8556592464447021,1.0,0.9406629800796508,False,0.877537727355957,0.0364514626562595,0.0850037336349487,0.0315173119306564,0.0003634522436186,0.0080449962988495,0.0004448078398127,141164,141165,176,16,0,False,False,0.0,0.0,0.0532076000904883,0.0489131241439006,0.1081440974173315,0.0041240231784509,0.0,0.0,0.0,0.0,125.0,11.0,125.0,0.3838313974433087,0.6824874901592973,0.1333333333333333,0.0480522035871761,0.0069956645653619,0.0600652544839701,0.5196071455365892,6.669219927537569,13.127951938542326,5213.222992838018,1216.4625244140625,18.093923568725582,17.279816267139996,0.7836040031183565,2008.0372314453125,26.5437068939209,15.103085999739369,0.6148743409505635,0.1497968286275863,0.0335365682840347,0.1078447103500366,0.0604167468845844,0.0064251101575791,0.8556592464447021,0.8556592464447021,0.0545474745460494,0.5480281774120208,12.0,0.0051346294978824,0.0214379548100504,0.0,2.3027035838158097e-18,0.0,4.967330407520977e-19,0.0,3.979406686624827e-18,0.0,7.008678191040777e-18,0.07996893283264,0.5480281774120208,False,220,14,timeout_no_goal,220,False,False,False,-1,,akita_black_bowl_1,False,-1,False,-1,False,0.0,0.0,-1,71,0.181559919255257,1.449066988205265,0.4634156733152451,4.921242456214192,33967575.488002,0.8556592464447021,/home/jovyan/shares/SR006.nfs2/spiridonov/malnev_world_model/YSDA_WORD_MODELS_PP/experiments/campaigns/phase1_boundary_20260724/videos/phase1_boundary_20260724__known_boundary_milk/libero_spatial_with_milk__task5__init0__pair0__rollout12__seed131164__successFalse__t220__frames220of220__pick_the_akita_black_bowl_next_to_the_ramekin_and_.mp4,220,220,60.0,True,False
libero_spatial_with_milk,5,12,0,12,131164,0,131164,11,176,pick the akita black bowl next to the ramekin and place it on the plate,-1,-1,none,-1,-1,-1,-1,4.0,0.0034522355999797,0.0173890516161918,0.0145522626116871,0.0064869341440498,0.0012745562708005,0.0008811763254925,0.0198805034160614,0.8390499353408813,0.0009191993740387,0.0020557641983032,0.0010375387500971,0.0018614217406138,0.8590881824493408,2.7386128902435303,33.49906539916992,2.693174123764038,12.932517051696776,57.21177673339844,0.0077945385128259,0.0153960064053535,0.0298589151352643,0.0056424676440656,0.0099434703588485,0.0180936865508556,0.0062972260639071,0.0112500227987766,0.0206452496349811,0.0095445476472377,0.0096444636583328,0.0134236507583409,0.0142120011150836,0.0283514778129756,0.0286539681255817,0.0079566289205104,0.008019907400012,0.0085357159841805,0.0086089326068758,0.0083409796934574,0.0085297571495175,0.0083409796934574,0.0085297571495175,first,1.0,0.0,0.8398942947387695,0.9185813665390016,0.0,0.8398942947387695,3.0,0.8400259017944336,False,0.8390499353408813,0.0009191993740387,0.0020557641983032,0.0283514782786369,0.0002196087880292,0.0083409799262881,0.0001128745425376,142164,142167,192,16,0,False,False,0.0,0.0,0.0451275687358306,0.0538796575675418,0.1072045177925856,2.786076397365278e-07,0.0,0.0,0.0,0.0,144.0,9.0,144.0,0.3648317566057517,0.623181931240929,0.1111111111111111,0.0526096664646416,0.0188933044653437,0.0657620830808021,0.5123381284729978,5.116811296144467,10.003868523166314,2609.709006576657,1170.6478271484375,17.58991050720215,17.446540975032615,0.7934649088483153,1924.10986328125,22.87503242492676,15.288504950088292,0.6351371324164259,0.0619375258684158,0.0170939713716506,0.0360061824321746,0.049678236246109,0.0230540540069341,0.8398942947387695,0.8398942947387695,0.0043277812936324,0.0352542075820412,12.0,0.0166788670323812,0.0352542075820412,0.0,1.6564348682416233e-18,0.0,3.23637727560984e-18,0.0,4.964600875977312e-18,0.0,9.717857765245401e-18,4.0626600436776095e-08,2.602825667266269e-07,False,220,14,timeout_no_goal,220,False,False,False,-1,,akita_black_bowl_1,False,-1,False,-1,False,0.0,0.0,-1,71,0.181559919255257,1.449066988205265,0.4634156733152451,4.921242456214192,33967575.488002,0.8398942947387695,/home/jovyan/shares/SR006.nfs2/spiridonov/malnev_world_model/YSDA_WORD_MODELS_PP/experiments/campaigns/phase1_boundary_20260724/videos/phase1_boundary_20260724__known_boundary_milk/libero_spatial_with_milk__task5__init0__pair0__rollout12__seed131164__successFalse__t220__frames220of220__pick_the_akita_black_bowl_next_to_the_ramekin_and_.mp4,220,220,44.0,True,False
libero_spatial_with_milk,5,12,0,12,131164,0,131164,12,192,pick the akita black bowl next to the ramekin and place it on the plate,-1,-1,none,-1,-1,-1,-1,4.0,0.0048092864453792,0.0275963805615901,0.0246745534241199,0.0088962456211447,0.0018217818578705,0.0015109274536371,0.0268021281808614,0.8463846445083618,0.0007191838230937,0.0018078088760375,0.0017979575786739,0.005723217036575,0.9677294492721558,3.278719186782837,27.51817512512207,2.9109044075012207,13.808964729309082,58.0877571105957,0.0093345278874039,0.0202110093086957,0.0410978011786937,0.0061447825282812,0.0110232513397932,0.0205840729176998,0.0063426471315324,0.0113016543909907,0.0205157380551099,0.0100483070127666,0.0101521611213684,0.0175746697932481,0.0206478144973516,0.0295803132466971,0.0297496356070041,0.008276127744466,0.0083629144355654,0.0090141415130347,0.0091263046488165,0.008409080794081,0.0088692270219326,0.008409080794081,0.0088692270219326,first,1.0,0.0,0.8454165458679199,-1.3461073637008667,0.0,0.8454165458679199,1.0,0.8472243547439575,False,0.8463846445083618,0.0007191838230937,0.0018078088760375,0.0295803137123584,0.0001090241494239,0.0084090810269117,0.0004312265955377,143164,143165,208,16,0,False,False,0.0,0.0,0.0441066946998123,0.053898773481614,0.1072045105909296,2.786076397365278e-07,0.0,0.0,0.0,0.0,144.0,9.0,144.0,0.4044912670903107,0.6533315823197818,0.0888888888888888,0.0543901407904406,0.0103745924228294,0.0679876759880508,0.5250837011007614,5.74334641833931,10.136919615581546,3126.9515695086525,1264.2625732421875,18.39952087402344,17.11243079431393,0.7799011256966667,1934.3687744140625,23.61077690124512,15.265410879018347,0.6387594715660662,0.0826667100191116,0.0227303486317396,0.0509995520114898,0.068893052637577,0.0320384763181209,0.8454165458679199,0.8454165458679199,0.0031404439302279,0.026423409130674,12.0,0.0112619180320605,0.026423409130674,0.0,1.6218113098933693e-18,0.0,3.369809143714124e-18,0.0,2.473440026584971e-18,0.0,1.1322133235745845e-17,0.0,2.222786535686554e-16,False,220,14,timeout_no_goal,220,False,False,False,-1,,akita_black_bowl_1,False,-1,False,-1,False,0.0,0.0,-1,71,0.181559919255257,1.449066988205265,0.4634156733152451,4.921242456214192,33967575.488002,0.8454165458679199,/home/jovyan/shares/SR006.nfs2/spiridonov/malnev_world_model/YSDA_WORD_MODELS_PP/experiments/campaigns/phase1_boundary_20260724/videos/phase1_boundary_20260724__known_boundary_milk/libero_spatial_with_milk__task5__init0__pair0__rollout12__seed131164__successFalse__t220__frames220of220__pick_the_akita_black_bowl_next_to_the_ramekin_and_.mp4,220,220,28.0,True,False
libero_spatial_with_milk,5,12,0,12,131164,0,131164,13,208,pick the akita black bowl next to the ramekin and place it on the plate,-1,-1,none,-1,-1,-1,-1,4.0,0.0180165525525808,0.8103089332580566,0.0182297471910715,0.0147351846098899,0.0023906324058771,0.0747384130954742,0.1170135661959648,0.849391520023346,0.00967179518193,0.0235254168510437,0.0113565064966678,0.0471586771309375,1.457503080368042,5.590169906616211,51.814571380615234,3.772172689437866,17.442764282226562,72.2127914428711,0.0226199179887771,0.0391650460660457,0.8699417114257812,0.0152536388486623,0.0506479926407337,0.0633172690868377,0.0201546177268028,0.0263285860419273,0.0338943116366863,0.0106537903193384,0.0127644836902618,0.0455294593703001,0.1334837824106216,0.0300062517635524,0.0314280018210411,0.0088238024618476,0.0099834902212023,0.0099794843699783,0.012479031458497,0.0084482254460453,0.00895282253623,0.0084482254460453,0.00895282253623,first,1.0,0.0,0.8444837331771851,-0.5074328780174255,0.0,0.8444837331771851,1.0,0.8660900592803955,False,0.849391520023346,0.00967179518193,0.0235254168510437,0.0300062522292137,0.0010745823383331,0.0084482254460453,0.0003542160848155,144164,144165,220,12,0,False,False,0.0,0.0,0.0371606192141951,0.0538347420741607,0.1072045105909296,8.799585370455887e-05,0.0,0.0,0.0,0.0,104.0,9.0,104.0,0.4262171200822768,0.643971146250442,0.106060606060606,0.0378635625769906,0.0118538483101991,0.0631059376283177,0.6149078080331495,6.040681082746998,11.197184305185049,1144.7887453907522,982.9056396484376,15.96766757965088,18.20568533927951,0.8292959057265228,1939.2193603515625,23.57430458068848,15.254534225463845,0.6352481679548597,0.0650535747408866,0.0194619745016098,0.036456823348999,0.0313934907317161,0.0339073613286018,0.8444837331771851,0.8444837331771851,0.0047165042005628,0.0285033016680047,12.0,0.0109165769654301,0.0285033016680047,0.0,1.7677640517617571e-19,0.0,3.0477082711318124e-19,0.0,2.31290309477364e-18,0.0023177936445503,0.0148603781287692,0.0,1.759523744701145e-18,False,220,14,timeout_no_goal,220,False,False,False,-1,,akita_black_bowl_1,False,-1,False,-1,False,0.0,0.0,-1,71,0.181559919255257,1.449066988205265,0.4634156733152451,4.921242456214192,33967575.488002,0.8444837331771851,/home/jovyan/shares/SR006.nfs2/spiridonov/malnev_world_model/YSDA_WORD_MODELS_PP/experiments/campaigns/phase1_boundary_20260724/videos/phase1_boundary_20260724__known_boundary_milk/libero_spatial_with_milk__task5__init0__pair0__rollout12__seed131164__successFalse__t220__frames220of220__pick_the_akita_black_bowl_next_to_the_ramekin_and_.mp4,220,220,12.0,True,True
libero_spatial_with_milk,5,15,0,15,131455,0,131455,0,0,pick the akita black bowl next to the ramekin and place it on the plate,-1,-1,none,-1,-1,-1,-1,4.0,0.0016418775776401,0.0151064507663249,0.011558105237782,0.0029920495580881,0.0006145778461359,0.0006732607726007,0.0105895148590207,0.3301160931587219,0.0007768745417706,0.0019776225090026,0.0006043898756615,0.0010085192043334,0.5462062358856201,1.6393595933914185,19.345542907714844,1.3755303621292114,5.804093360900879,48.66402816772461,0.0063816970214247,0.0122621953487396,0.0276177767664194,0.0056931190192699,0.010117957368493,0.0178560093045234,0.005728542804718,0.0102161411195993,0.0205553006380796,0.0077726183226332,0.0079090381041169,0.0101167848333716,0.01065035443753,0.0221588225103914,0.0228391103446483,0.0075097467051818,0.0076164072379469,0.00779794389382,0.0079392911866307,0.0071279105031862,0.0073357974179089,0.0071279105031862,0.0073357974179089,first,1.0,0.0,0.3299451470375061,-0.2200434058904647,0.0,0.3299451470375061,1.0,0.3308973908424377,False,0.3301160931587219,0.0007768745417706,0.0019776225090026,0.0221588220447301,0.0004125767445657,0.0071279103867709,0.0001269755885004,131455,131456,16,16,0,False,False,0.0,0.0,2.786076397365278e-07,0.3205338867549613,2.786076407285072e-07,2.786076397365278e-07,0.0,0.0,0.0,0.0,0.0,0.0,0.0,0.724651072182832,0.8364532177373252,0.0555555555555555,0.1417874572659906,0.1417428904404281,0.1772343215824882,0.2786574428813625,1.6726348493127037,6.588125088529962,70.77248851204936,612.4134521484375,10.480528831481934,20.26035639113288,0.881010952621274,800.6419067382812,12.16048812866211,19.096420429118663,0.858946485135229,0.0076833888888359,0.0021751830354332,0.0043214261531829,0.0047541763633489,0.004810235928744,0.3299451470375061,0.3299451470375061,1.1638961072377601e-07,2.934624683612667e-07,12.0,2.934624683612516e-07,5.883756820990743e-09,2.934624683612667e-07,5.883756829647646e-09,2.530519738197512e-07,5.1443936411052435e-17,2.6346862755526685e-07,3.568444199589987e-09,2.673608637928073e-07,9.187799775910122e-09,1.3438404960466898e-09,1.3286213395511305e-12,False,220,14,timeout_no_goal,220,False,False,False,-1,,akita_black_bowl_1,False,-1,False,-1,False,0.0,0.0,-1,71,0.1677687195149064,1.492232511258006,0.4451886773527685,5.060933770218061,35019506.691597685,0.3299451470375061,/home/jovyan/shares/SR006.nfs2/spiridonov/malnev_world_model/YSDA_WORD_MODELS_PP/experiments/campaigns/phase1_boundary_20260724/videos/phase1_boundary_20260724__known_boundary_milk/libero_spatial_with_milk__task5__init0__pair0__rollout15__seed131455__successFalse__t220__frames220of220__pick_the_akita_black_bowl_next_to_the_ramekin_and_.mp4,220,220,220.0,True,False
libero_spatial_with_milk,5,15,0,15,131455,0,131455,1,16,pick the akita black bowl next to the ramekin and place it on the plate,-1,-1,none,-1,-1,-1,-1,4.0,0.0015254592290148,0.0085081700235605,0.003976930398494,0.0025861810427159,0.0007419732282869,0.0006937511498108,0.0079968720674514,0.352858304977417,0.0001108321666833,0.0002644062042236,0.0003425182367209,0.0007432472193613,0.4159047901630401,1.2247449159622192,12.81600570678711,0.5023663640022278,1.5,12.497499465942385,0.0061565991491079,0.0111003741621971,0.018261244520545,0.0056664068251848,0.0100555103272199,0.0171219408512115,0.0055924323387444,0.0099560972303152,0.0191162675619125,0.0076747031416743,0.0077021983452141,0.0094252466224133,0.0096539398655295,0.0205664015375077,0.0215164795517921,0.0074594080215319,0.007510706782341,0.0077518598409369,0.007956868968904,0.007151645491831,0.00719606410712,0.007151645491831,0.00719606410712,first,1.0,0.0,0.3527434468269348,-1.0363250970840454,0.0,0.3527434468269348,1.0,0.3530078530311584,False,0.352858304977417,0.0001108321666833,0.0002644062042236,0.0205664001405239,0.000677008589264,0.0071516456082463,2.9838372938684188e-05,132455,132456,32,16,0,False,False,0.0,0.0,2.786076397365278e-07,0.2358667283482626,2.786076407285072e-07,2.786076397365278e-07,0.0,0.0,0.0,0.0,0.0,0.0,0.0,0.8496818399792059,0.8780392346518352,0.0222222222222222,0.1686584640705348,0.1661985066020329,0.2108230800881684,0.1615012744297868,1.0376992414776207,2.8152752398152896,11.779838438017467,694.1943969726562,11.473566055297852,19.715992568244754,0.8698960887095204,816.2344970703125,10.993867874145508,19.01265415161509,0.8284915136292417,0.0111493375152349,0.0024959025904536,0.0077231749892234,0.0024376399815082,0.0107178566977381,0.3527434468269348,0.3527434468269348,7.463754130647009e-18,3.717247247453536e-17,12.0,0.0,3.717247247453536e-17,0.0,3.573999795643809e-17,0.0,9.638530288927529e-18,0.0,1.4230913743941524e-18,0.0,5.590957473468992e-18,0.0,0.0,False,220,14,timeout_no_goal,220,False,False,False,-1,,akita_black_bowl_1,False,-1,False,-1,False,0.0,0.0,-1,71,0.1677687195149064,1.492232511258006,0.4451886773527685,5.060933770218061,35019506.691597685,0.3527434468269348,/home/jovyan/shares/SR006.nfs2/spiridonov/malnev_world_model/YSDA_WORD_MODELS_PP/experiments/campaigns/phase1_boundary_20260724/videos/phase1_boundary_20260724__known_boundary_milk/libero_spatial_with_milk__task5__init0__pair0__rollout15__seed131455__successFalse__t220__frames220of220__pick_the_akita_black_bowl_next_to_the_ramekin_and_.mp4,220,220,204.0,True,False
libero_spatial_with_milk,5,15,0,15,131455,0,131455,2,32,pick the akita black bowl next to the ramekin and place it on the plate,-1,-1,none,-1,-1,-1,-1,4.0,0.0017394872847944,0.0072075971402227,0.0105205699801445,0.0032556087244302,0.0005283069913275,0.0008246634388342,0.0096221733838319,0.4089903831481933,0.000347565190168,0.000882476568222,0.0004681011487264,0.0008213177206926,0.4546037018299103,1.299038052558899,21.2485294342041,0.7249862551689148,2.7386128902435303,26.12948608398437,0.0061084073968231,0.011046995408833,0.0194962099194526,0.0055801174603402,0.009947607293725,0.0191841218620538,0.0053162155672907,0.00945889018476,0.0156014813110232,0.0077429736265912,0.0078206928446888,0.0105006485246121,0.010992357507348,0.0211640279740095,0.0214428212493658,0.007388504804112,0.0076491287909448,0.0077531903516501,0.0079603670164942,0.0067956045968458,0.0069479094818234,0.0067956045968458,0.0069479094818234,first,1.0,0.0,0.4092786610126495,0.8294209837913513,0.0,0.4092786610126495,0.0,0.4092786610126495,True,0.4089903831481933,0.000347565190168,0.000882476568222,0.0211640279740095,0.000225241688895,0.0067956042475998,8.799630450084805e-05,133455,133455,48,16,0,False,False,0.0,0.0,2.786076397365278e-07,0.079978216185215,2.786076407285072e-07,2.786076397365278e-07,0.0,0.0,0.0,0.0,0.0,0.0,0.0,0.8873319399225332,0.9717212227015032,0.1333333333333333,0.1826090877918446,0.1694327128761125,0.2282613597398057,0.4255928809497285,2.607726012836772,4.830983903131446,53.42870340601622,802.2481689453125,12.44161891937256,19.0877162633484,0.852520163018193,311.90875244140625,7.880527019500732,23.19052799244227,0.9323599241462496,0.0149647770449519,0.00371436891146,0.0091011822223663,0.0103965755552053,0.0107030253857374,0.4092786610126495,0.4092786610126495,1.478986676310163e-18,9.673037487709557e-18,12.0,0.0,5.119807953118959e-19,0.0,1.8286654699638075e-18,0.0,3.3304935521721416e-18,0.0,2.403662810564552e-18,0.0,9.673037487709557e-18,0.0,0.0,False,220,14,timeout_no_goal,220,False,False,False,-1,,akita_black_bowl_1,False,-1,False,-1,False,0.0,0.0,-1,71,0.1677687195149064,1.492232511258006,0.4451886773527685,5.060933770218061,35019506.691597685,0.4092786610126495,/home/jovyan/shares/SR006.nfs2/spiridonov/malnev_world_model/YSDA_WORD_MODELS_PP/experiments/campaigns/phase1_boundary_20260724/videos/phase1_boundary_20260724__known_boundary_milk/libero_spatial_with_milk__task5__init0__pair0__rollout15__seed131455__successFalse__t220__frames220of220__pick_the_akita_black_bowl_next_to_the_ramekin_and_.mp4,220,220,188.0,True,False
libero_spatial_with_milk,5,15,0,15,131455,0,131455,3,48,pick the akita black bowl next to the ramekin and place it on the plate,-1,-1,none,-1,-1,-1,-1,4.0,0.0065743187442421,0.4725914299488067,0.0103045403957366,0.0034871399402618,0.000982366153039,0.0326117165386676,0.0490890555083751,0.5326204299926758,0.0008038408122956,0.0018233060836791,0.0019157914211973,0.0077290823683142,0.5160999298095703,1.6393595933914185,12.893796920776367,0.9523400664329528,3.90512490272522,32.39598846435547,0.0110136661678552,0.0139286620542407,0.5197501182556152,0.0061935815028846,0.0115211494266986,0.0207675509154796,0.0054100593551993,0.009517247788608,0.017651392146945,0.0083894510753452,0.0087713189423084,0.0331582021899521,0.0514057911932468,0.0213458300568163,0.0224987715482711,0.0075102776754647,0.0076481667347252,0.0078688312787562,0.0081916945055127,0.0066693503176793,0.0067424406297504,0.0066693503176793,0.0067424406297504,first,1.0,0.0,0.5315806865692139,-1.2934693098068235,0.0,0.5315806865692139,2.0,0.5334039926528931,False,0.5326204299926758,0.0008038408122956,0.0018233060836791,0.0213458314538002,0.0007738020503893,0.0066693499684333,4.632828131434508e-05,134455,134457,64,16,0,False,False,0.0,0.0,0.0049931012133914,0.048272873642487,2.786076407285072e-07,2.786076397365278e-07,0.0,0.0,0.0,0.0,53.0,7.0,52.0,0.3187702892159065,0.8717319899887171,0.1111111111111111,0.0732778095363204,0.0529660331131175,0.0915972619204006,0.4442214605682135,5.8810450462963,16.981668370518175,2348.3017694047344,756.6828002929688,11.91143798828125,19.34166498477915,0.8617116517305364,398.3161010742188,9.06330394744873,22.128524986806426,0.9184230319108811,0.0574910044670105,0.01286949403584,0.0460829138755798,0.0092141674831509,0.0215825121849775,0.5315806865692139,0.5315806865692139,0.0083717594563676,0.0947631948679224,12.0,0.0056979186084898,0.0947631948679224,0.0,3.2038482382526044e-19,0.0,2.1836389440810746e-18,0.0,2.2164856357161658e-18,0.0,5.51514203213294e-18,0.0,0.0,False,220,14,timeout_no_goal,220,False,False,False,-1,,akita_black_bowl_1,False,-1,False,-1,False,0.0,0.0,-1,71,0.1677687195149064,1.492232511258006,0.4451886773527685,5.060933770218061,35019506.691597685,0.5315806865692139,/home/jovyan/shares/SR006.nfs2/spiridonov/malnev_world_model/YSDA_WORD_MODELS_PP/experiments/campaigns/phase1_boundary_20260724/videos/phase1_boundary_20260724__known_boundary_milk/libero_spatial_with_milk__task5__init0__pair0__rollout15__seed131455__successFalse__t220__frames220of220__pick_the_akita_black_bowl_next_to_the_ramekin_and_.mp4,220,220,172.0,True,False
libero_spatial_with_milk,5,15,0,15,131455,0,131455,4,64,pick the akita black bowl next to the ramekin and place it on the plate,-1,-1,none,-1,-1,-1,-1,4.0,0.0023675938136875,0.0147291896864771,0.0050502531230449,0.0042315553873777,0.0010454779257997,0.0007420569309033,0.0131898783147335,0.6063046455383301,0.0003129048564005,0.0007232427597045,0.0006969470414333,0.0014277446316555,0.4877327680587768,1.4790199995040894,15.481843948364258,1.1357420682907104,4.023369312286377,38.62884140014648,0.0069031375460326,0.0133450590074062,0.028206018730998,0.0057498957030475,0.0102497152984142,0.0187732838094234,0.0054871891625225,0.0098045011982321,0.0192188173532485,0.0082507450133562,0.0082772010937333,0.0112101037520915,0.0118530457839369,0.022185874171555,0.0234002992510795,0.0077048750827088,0.0077565098181366,0.0079753098543733,0.0080029591917991,0.0070103567559272,0.0071880123578011,0.0070103567559272,0.0071880123578011,first,1.0,0.0,0.6067187190055847,1.3233206272125244,0.0,0.6067187190055847,0.0,0.6067187190055847,True,0.6063046455383301,0.0003129048564005,0.0007232427597045,0.0221858732402324,0.0009855276439338,0.0070103565230965,0.0001101381931221,135455,135455,80,16,0,False,False,0.0,0.0,0.1244436779364523,0.0494733129148138,2.786076407285072e-07,2.786076397365278e-07,0.0,0.0,0.0,0.0,139.0,13.0,139.0,0.9309576916608586,1.2262423771187152,0.0888888888888888,0.1656280568910272,0.1575693418228104,0.207035071113784,0.4796529633321232,3.300816552552526,6.33597141838268,110.9549760086209,731.443603515625,11.76692008972168,19.488995145161745,0.8639595592152545,1568.2135009765625,19.56928253173828,16.176751724276674,0.713723077028224,0.1088560447096824,0.0214896071702241,0.0766669511795044,0.0121241109445691,0.0146764172241091,0.6067187190055847,0.6067187190055847,0.0202894634592228,0.144116415713418,12.0,0.144116415713418,0.0993571457972566,0.0,7.043098056655499e-19,0.0,6.266417863232692e-19,0.0,9.036419538413338e-19,0.0,7.664139275957818e-18,0.0,0.0,False,220,14,timeout_no_goal,220,False,False,False,-1,,akita_black_bowl_1,False,-1,False,-1,False,0.0,0.0,-1,71,0.1677687195149064,1.492232511258006,0.4451886773527685,5.060933770218061,35019506.691597685,0.6067187190055847,/home/jovyan/shares/SR006.nfs2/spiridonov/malnev_world_model/YSDA_WORD_MODELS_PP/experiments/campaigns/phase1_boundary_20260724/videos/phase1_boundary_20260724__known_boundary_milk/libero_spatial_with_milk__task5__init0__pair0__rollout15__seed131455__successFalse__t220__frames220of220__pick_the_akita_black_bowl_next_to_the_ramekin_and_.mp4,220,220,156.0,True,False
libero_spatial_with_milk,5,15,0,15,131455,0,131455,5,80,pick the akita black bowl next to the ramekin and place it on the plate,-1,-1,none,-1,-1,-1,-1,4.0,0.0016732721123844,0.0073353010229766,0.0081017483025789,0.0031690427567809,0.0004656384699046,0.000808861630503,0.0093384021893143,0.7535367012023926,0.0008291454287245,0.0020806789398193,0.0006684949039481,0.0010999822989106,0.5750975608825684,1.8027756214141848,21.406774520874023,0.6060064435005188,1.8708287477493288,13.490737915039062,0.0061948662623763,0.0111987730488181,0.0207892414182424,0.0056620617397129,0.0100019564852118,0.0176549553871154,0.0057716541923582,0.010259942151606,0.0177635960280895,0.0080111054703593,0.0080634215846657,0.0103088566102087,0.0105963451787829,0.0222983499988913,0.0226799324154853,0.0076095559634268,0.0076758391223847,0.0078947560396045,0.0079640550538897,0.0072905018460005,0.0073800082318484,0.0072905018460005,0.0073800082318484,first,1.0,0.0,0.7545429468154907,1.213593602180481,0.0,0.7545429468154907,0.0,0.7545429468154907,True,0.7535367012023926,0.0008291454287245,0.0020806789398193,0.0222983490675687,0.0003015119873452,0.0072905020788311,9.70318287727423e-05,136455,136455,96,16,0,False,False,0.0,0.0,0.1677687195149064,0.0519025321996466,2.786076407285072e-07,2.786076397365278e-07,0.0,0.0,0.0,0.0,176.0,11.0,176.0,1.0141132428303803,1.0991111748641818,0.1222222222222222,0.2192150382860694,0.1918410614543079,0.2740187978575867,0.6008245384910225,3.266758838432645,5.735941606109286,59.95155286899978,878.6539916992188,13.85354232788086,18.69262474507927,0.8432757382707702,1622.4447021484375,18.54247093200684,16.029104572204965,0.7032729831775753,0.0232431609183549,0.0056137237697839,0.0165566802024841,0.0199486780911684,0.0031882708426564,0.7545429468154907,0.7545429468154907,0.0186159500675262,0.1920599595752972,12.0,0.1920599595752972,0.0313314412350174,0.0,1.2943695159987165e-18,0.0,4.048959847140175e-19,0.0,1.2467718273005031e-18,0.0,9.199931602724412e-18,0.0,0.0,False,220,14,timeout_no_goal,220,False,False,False,-1,,akita_black_bowl_1,False,-1,False,-1,False,0.0,0.0,-1,71,0.1677687195149064,1.492232511258006,0.4451886773527685,5.060933770218061,35019506.691597685,0.7545429468154907,/home/jovyan/shares/SR006.nfs2/spiridonov/malnev_world_model/YSDA_WORD_MODELS_PP/experiments/campaigns/phase1_boundary_20260724/videos/phase1_boundary_20260724__known_boundary_milk/libero_spatial_with_milk__task5__init0__pair0__rollout15__seed131455__successFalse__t220__frames220of220__pick_the_akita_black_bowl_next_to_the_ramekin_and_.mp4,220,220,140.0,True,False
libero_spatial_with_milk,5,15,0,15,131455,0,131455,6,96,pick the akita black bowl next to the ramekin and place it on the plate,-1,-1,none,-1,-1,-1,-1,4.0,0.0018075986299663,0.0135808549821376,0.0163894742727279,0.0034486500080674,0.0005339467315934,0.0007054003654047,0.0102054290473461,0.8517801761627197,0.000345923617715,0.0008360147476196,0.00092733069323,0.0015258609782904,0.8639808297157288,2.872281312942505,19.031225204467773,3.47097110748291,14.300349235534668,54.00694274902344,0.0062620821408927,0.0114431008696556,0.0252626799046993,0.00560910301283,0.0099233360961079,0.0192187428474426,0.0057097258977591,0.0101476926356554,0.0183728691190481,0.0082132164388895,0.0083863614127039,0.0109154854435473,0.0113063035532832,0.0227575688622891,0.0233278516680002,0.0074747420148923,0.0076009384356439,0.007764873560518,0.0080259880051016,0.0074724884470924,0.0075335400179028,0.0074724884470924,0.0075335400179028,first,1.0,0.0,0.8520192503929138,0.6911185383796692,0.0,0.8520192503929138,2.0,0.8520245552062988,False,0.8517801761627197,0.000345923617715,0.0008360147476196,0.0227575674653053,0.0007887117099016,0.0074724885635077,6.716076313750818e-05,137455,137457,112,16,0,False,False,0.0,0.0,0.1132652814223449,0.048367949561779,0.0023559745425662,2.786076397365278e-07,0.0,0.0,0.0,0.0,172.0,12.0,172.0,0.8949488094711919,1.003507318897607,0.1111111111111111,0.1443373726025848,0.1326918425259547,0.180421715753231,0.5720289954436754,6.085295150200612,17.96510630281871,704.0033288973307,957.1895141601562,15.26268196105957,18.32082428518786,0.8342792318899688,1844.850341796875,24.35087203979492,15.471192198405896,0.7538187220796995,0.0476363785564899,0.0117085017263889,0.0398611426353454,0.0192109998315572,0.0121824322268366,0.8520192503929138,0.8520192503929138,0.0220836831281354,0.1311270828193828,12.0,0.1192432520764606,0.1311270828193828,0.0,1.749684079791706e-18,0.0,1.518032088578844e-18,0.0,2.0457638971821312e-18,0.0023616270079287,0.0122722356338532,0.0,0.0,False,220,14,timeout_no_goal,220,False,False,False,-1,,akita_black_bowl_1,False,-1,False,-1,False,0.0,0.0,-1,71,0.1677687195149064,1.492232511258006,0.4451886773527685,5.060933770218061,35019506.691597685,0.8520192503929138,/home/jovyan/shares/SR006.nfs2/spiridonov/malnev_world_model/YSDA_WORD_MODELS_PP/experiments/campaigns/phase1_boundary_20260724/videos/phase1_boundary_20260724__known_boundary_milk/libero_spatial_with_milk__task5__init0__pair0__rollout15__seed131455__successFalse__t220__frames220of220__pick_the_akita_black_bowl_next_to_the_ramekin_and_.mp4,220,220,124.0,True,False
libero_spatial_with_milk,5,15,0,15,131455,0,131455,7,112,pick the akita black bowl next to the ramekin and place it on the plate,-1,-1,none,-1,-1,-1,-1,4.0,0.0082615679129958,0.0719464719295501,0.0445850268006324,0.0168168153613805,0.0018291199812665,0.0018931638915091,0.0505849905312061,0.814197301864624,0.0012278717476874,0.0034000277519226,0.0020015204790979,0.0049574538134038,1.5933793783187866,6.4031243324279785,83.50598907470703,2.95046329498291,14.22146224975586,62.00554275512695,0.0126236770302057,0.0363311395049095,0.090472362935543,0.0060285096988081,0.0108138853684067,0.0191913153976202,0.0061621787026524,0.0109870741143822,0.0188138298690319,0.0102533027529716,0.0104273166507482,0.0170166713651269,0.0193415079265832,0.027445790823549,0.0280638691037893,0.0089220146182924,0.0091628152877092,0.0106288183014839,0.0113618243485689,0.0077551592839881,0.0080570168793201,0.0077551592839881,0.0080570168793201,first,1.0,0.0,0.8126552700996399,-1.2558573484420776,0.0,0.8126552700996399,2.0,0.8160552978515625,False,0.814197301864624,0.0012278717476874,0.0034000277519226,0.0274457894265651,0.0005169205251149,0.0077551594004035,0.0001949625293491,138455,138457,128,16,0,False,False,0.0,0.0,0.0597251291859589,0.0487731136039001,0.0066061303448429,0.0023094283250315,0.0,0.0,0.0,0.0,133.0,12.0,133.0,0.5014054620523651,0.7879435725014111,0.1222222222222222,0.0694071135088276,0.0611384119513173,0.0867588918860345,0.4196924094418027,4.887456905711184,8.193298801546051,1359.3961205414398,1029.7396240234375,15.892817497253418,18.00352936303615,0.8197086085294035,3126.339599609375,32.27435302734375,13.180442092494417,0.5241525286646853,0.0485757403075695,0.0118478126823902,0.0315421819686889,0.0473528057336807,0.0088396770879626,0.8126552700996399,0.8126552700996399,0.0140932633003698,0.0579288093588132,12.0,0.0571777527063745,0.0334970773768269,0.0,1.856078280049243e-18,0.0,6.50718340598808e-19,0.0,8.251213384928787e-19,0.0016632960138634,0.012276594612667,0.0065756295358927,0.0579288093588132,False,220,14,timeout_no_goal,220,False,False,False,-1,,akita_black_bowl_1,False,-1,False,-1,False,0.0,0.0,-1,71,0.1677687195149064,1.492232511258006,0.4451886773527685,5.060933770218061,35019506.691597685,0.8126552700996399,/home/jovyan/shares/SR006.nfs2/spiridonov/malnev_world_model/YSDA_WORD_MODELS_PP/experiments/campaigns/phase1_boundary_20260724/videos/phase1_boundary_20260724__known_boundary_milk/libero_spatial_with_milk__task5__init0__pair0__rollout15__seed131455__successFalse__t220__frames220of220__pick_the_akita_black_bowl_next_to_the_ramekin_and_.mp4,220,220,108.0,True,False
libero_spatial_with_milk,5,15,0,15,131455,0,131455,8,128,pick the akita black bowl next to the ramekin and place it on the plate,-1,-1,none,-1,-1,-1,-1,4.0,0.0057167527265846,0.0401894524693489,0.0414399094879627,0.0118549698963761,0.0011586599284783,0.0009763779817149,0.0348781943321228,0.8558220267295837,0.0009638607152737,0.0023778080940246,0.001075436011888,0.0024334986228495,0.891148030757904,3.1622776985168457,27.7252140045166,2.330242395401001,10.307764053344728,60.98770523071289,0.0098823392763733,0.0255864281207323,0.054354790598154,0.0057112332433462,0.0100663350895047,0.0186065007001161,0.005969826132059,0.0104901222512125,0.0207282323390245,0.0099112400785088,0.0099891051650047,0.0174910530913621,0.0186965074390172,0.0288920956663787,0.0304813850671052,0.0077818107092753,0.0078287767246365,0.0081136475782841,0.0082041639834642,0.0074516580207273,0.0075269858352839,0.0074516580207273,0.0075269858352839,first,1.0,0.0,0.8570942878723145,1.3199636936187744,0.0,0.8570942878723145,0.0,0.8570942878723145,True,0.8558220267295837,0.0009638607152737,0.0023778080940246,0.0288920942693948,0.0010059538763016,0.0074516576714813,5.468653398565948e-05,139455,139455,144,16,0,False,False,0.0,0.0,0.0594023134835808,0.0494936884815642,0.0394067237995875,0.0047307000080257,0.0,0.0,0.0,0.0,138.0,12.0,138.0,0.4394229067174906,0.7353189387981016,0.1777777777777777,0.064363840519842,0.0380425731722832,0.0804548006498025,0.6356240946464194,7.652193055250129,13.955455810898108,3913.904829204294,1287.5157470703125,18.375080108642575,17.03327811446782,0.7769941415303867,3784.956298828125,36.95052719116211,12.350194913745836,0.4583388591329887,0.0663856267929077,0.0171648152172565,0.0374102592468261,0.0483569391071796,0.0254528932273387,0.8570942878723145,0.8570942878723145,0.0287285425672649,0.2311396562800014,12.0,0.0359566718184549,0.0445229882885456,0.0,9.652088171136838e-20,0.0,2.77726400233047e-19,0.0,3.878302713381556e-18,3.7737628455874194e-11,4.921657124944874e-10,0.0331231938902746,0.2311396562800014,False,220,14,timeout_no_goal,220,False,False,False,-1,,akita_black_bowl_1,False,-1,False,-1,False,0.0,0.0,-1,71,0.1677687195149064,1.492232511258006,0.4451886773527685,5.060933770218061,35019506.691597685,0.8570942878723145,/home/jovyan/shares/SR006.nfs2/spiridonov/malnev_world_model/YSDA_WORD_MODELS_PP/experiments/campaigns/phase1_boundary_20260724/videos/phase1_boundary_20260724__known_boundary_milk/libero_spatial_with_milk__task5__init0__pair0__rollout15__seed131455__successFalse__t220__frames220of220__pick_the_akita_black_bowl_next_to_the_ramekin_and_.mp4,220,220,92.0,True,False
libero_spatial_with_milk,5,15,0,15,131455,0,131455,9,144,pick the akita black bowl next to the ramekin and place it on the plate,-1,-1,none,-1,-1,-1,-1,4.0,0.0123706115409731,0.6283865571022034,0.0193423777818679,0.012898520566523,0.0017852917080745,0.0425428487360477,0.08057402074337,0.8513111472129822,0.0016308049671351,0.0040388107299804,0.0017898053629323,0.0063801691867411,1.7633291482925415,7.2629194259643555,70.68415832519531,4.2230610847473145,18.145246505737305,62.789329528808594,0.0166569203138351,0.0251649022102355,0.6851822137832642,0.0060089072212576,0.0109748356044292,0.0207686275243759,0.0067005399614572,0.0117819160223007,0.0217101220041513,0.0105942087247967,0.0110950535163283,0.0267615891061723,0.0514400228857994,0.0304632266052067,0.0370880886912345,0.0086989705450832,0.0093222623690962,0.0109676013235002,0.0119402110576629,0.0080082083586603,0.0083736246451735,0.0080082083586603,0.0083736246451735,first,1.0,0.0,0.852604866027832,0.7933007478713989,0.0,0.852604866027832,2.0,0.8526949882507324,False,0.8513111472129822,0.0016308049671351,0.0040388107299804,0.0304632261395454,0.003911062143743,0.0080082081258296,0.0002203159674536,140455,140457,160,16,0,False,False,0.0,0.0,0.0382925928228796,0.0494101084706211,0.1062156083349839,0.0015973678450853,0.0,0.0,0.0,0.0,170.0,16.0,170.0,0.429878198726335,0.8047234328371677,0.1111111111111111,0.0526757061413569,0.013488205708915,0.0658446326766962,0.5910358134924372,7.564823759028899,21.62890035189652,6490.889671721215,1162.4091796875,17.30204963684082,17.47721329887748,0.7963757576991554,1784.0999755859375,23.75469017028809,15.616611735919628,0.6803057227057627,0.1395059674978256,0.0299062728881835,0.1031827330589294,0.0376690477132797,0.0112639758735895,0.852604866027832,0.852604866027832,0.0532698169787487,0.4979838038384627,12.0,0.0192270112995431,0.0487742630375045,0.0,8.848251473411108e-20,0.0,6.648263959097908e-19,0.0,3.6232738805098645e-18,1.3502756386518782e-06,1.0568951715136684e-05,0.073240806342121,0.4979838038384627,False,220,14,timeout_no_goal,220,False,False,False,-1,,akita_black_bowl_1,False,-1,False,-1,False,0.0,0.0,-1,71,0.1677687195149064,1.492232511258006,0.4451886773527685,5.060933770218061,35019506.691597685,0.852604866027832,/home/jovyan/shares/SR006.nfs2/spiridonov/malnev_world_model/YSDA_WORD_MODELS_PP/experiments/campaigns/phase1_boundary_20260724/videos/phase1_boundary_20260724__known_boundary_milk/libero_spatial_with_milk__task5__init0__pair0__rollout15__seed131455__successFalse__t220__frames220of220__pick_the_akita_black_bowl_next_to_the_ramekin_and_.mp4,220,220,76.0,True,False
libero_spatial_with_milk,5,15,0,15,131455,0,131455,10,160,pick the akita black bowl next to the ramekin and place it on the plate,-1,-1,none,-1,-1,-1,-1,4.0,0.0050207348540425,0.0229675602167844,0.0284686647355556,0.0096174962818622,0.0015449154889211,0.0016579101793467,0.0287241116166114,0.8337640762329102,0.0004345128836575,0.0010892152786254,0.0021145164500921,0.0065819360315799,1.6404287815093994,7.123903274536133,59.24683380126953,2.8668301105499268,13.19801139831543,58.52510070800781,0.0091988313943147,0.0211654789745807,0.039334051311016,0.0061691883020102,0.0112753119319677,0.0197099726647138,0.005920663010329,0.0105103245005011,0.0193917620927095,0.0099095348268747,0.0100082410499453,0.0160776821430772,0.0171244051307439,0.0305478223599493,0.0321475714445114,0.0083286410663276,0.0085744857788085,0.0090373987331986,0.0093360980972647,0.0078724493505433,0.0081179682165384,0.0078724493505433,0.0081179682165384,first,1.0,0.0,0.8335696458816528,-0.4474674165248871,0.0,0.8335696458816528,3.0,0.8345098495483398,False,0.8337640762329102,0.0004345128836575,0.0010892152786254,0.030547821894288,0.0011721344199031,0.0078724492341279,0.0001531729503767,141455,141458,176,16,0,False,False,0.0,0.0,0.0287475779233425,0.0557515630830342,0.1048886195370422,0.0136390572090329,0.0,0.0,0.0,0.0,190.0,16.0,190.0,0.4869120472818795,0.7438827239590936,0.1,0.0586864989119485,0.0170954741217481,0.0733581236399356,0.5876955123704525,6.021940775532395,12.857216607568787,2975.488470700308,1328.902587890625,18.828676223754883,16.89587213704026,0.7684325678630795,1791.201904296875,22.210718154907227,15.599358185812235,0.6610048787596176,0.0807105973362922,0.0224955976009368,0.0432512164115905,0.0633693933486938,0.0366838835179805,0.8335696458816528,0.8335696458816528,0.0079132538102765,0.0402899685305091,12.0,0.0185653031741467,0.0321256374550758,0.0,5.06253672344378e-19,0.0,2.9183736950228348e-18,0.0,2.4148377622537456e-18,0.003978128373951,0.0402899685305091,1.1441403042161096e-09,7.0454959403657485e-09,False,220,14,timeout_no_goal,220,False,False,False,-1,,akita_black_bowl_1,False,-1,False,-1,False,0.0,0.0,-1,71,0.1677687195149064,1.492232511258006,0.4451886773527685,5.060933770218061,35019506.691597685,0.8335696458816528,/home/jovyan/shares/SR006.nfs2/spiridonov/malnev_world_model/YSDA_WORD_MODELS_PP/experiments/campaigns/phase1_boundary_20260724/videos/phase1_boundary_20260724__known_boundary_milk/libero_spatial_with_milk__task5__init0__pair0__rollout15__seed131455__successFalse__t220__frames220of220__pick_the_akita_black_bowl_next_to_the_ramekin_and_.mp4,220,220,60.0,True,False
libero_spatial_with_milk,5,15,0,15,131455,0,131455,11,176,pick the akita black bowl next to the ramekin and place it on the plate,-1,-1,none,-1,-1,-1,-1,4.0,0.1336642801761627,0.9107542037963868,0.0646958500146865,0.0500977151095867,0.0069062602706253,0.7646381258964539,0.9392610192298888,0.8774964213371277,0.0648863762617111,0.1540777683258056,0.1435992270708084,0.6603043675422668,3.403642416000366,17.583728790283203,78.89391326904297,7.900131702423096,36.92601013183594,81.19574737548828,0.1415178775787353,0.8724706768989563,0.9603219628334044,0.1464959681034088,0.6616331934928894,0.6788327097892761,0.1298839300870895,0.1368487924337387,0.1463100612163543,0.0110777432564646,0.0124955838546156,0.0465287105180323,0.1287334859371185,0.0321000036783516,0.0367314331233501,0.0100370016880333,0.0117697725072503,0.0123093705624341,0.0155674060806632,0.0084668598137795,0.008814837783575,0.0084668598137795,0.008814837783575,first,1.0,0.0,0.8354141712188721,-0.6485529541969299,0.0,0.8354141712188721,3.0,0.9894919395446776,False,0.8774964213371277,0.0648863762617111,0.1540777683258056,0.0321000032126903,0.0028123809024691,0.0084668602794408,0.000241374829784,142455,142458,192,16,0,False,False,0.0,0.0,0.0231832318794869,0.0556716679278753,0.1048886193348463,0.0160696285713938,0.0,0.0,0.0,0.0,200.0,14.0,200.0,0.4336028516613059,0.7082796193919855,0.0777777777777777,0.0547797077394803,0.011528352074363,0.0684746346743504,0.5551364487372176,5.977332744948227,10.387799283126045,2995.130505275193,1304.3673095703125,18.713428497314453,16.976804550111535,0.7738001144058952,1911.886474609375,23.339902877807617,15.316182600169835,0.6413492775950148,0.1283813118934631,0.0351993776857852,0.0746265053749084,0.0611787214875221,0.044581051915884,0.8354141712188721,0.8354141712188721,0.014461807538942,0.1199863081197876,12.0,0.0115503529328479,0.0311916033744037,0.0,1.0294935451321008e-18,0.0,3.902124934047175e-18,0.0,2.1968978399079975e-18,0.0108134260402656,0.1199863081197876,0.0,1.1482967966834437e-17,False,220,14,timeout_no_goal,220,False,False,False,-1,,akita_black_bowl_1,False,-1,False,-1,False,0.0,0.0,-1,71,0.1677687195149064,1.492232511258006,0.4451886773527685,5.060933770218061,35019506.691597685,0.8354141712188721,/home/jovyan/shares/SR006.nfs2/spiridonov/malnev_world_model/YSDA_WORD_MODELS_PP/experiments/campaigns/phase1_boundary_20260724/videos/phase1_boundary_20260724__known_boundary_milk/libero_spatial_with_milk__task5__init0__pair0__rollout15__seed131455__successFalse__t220__frames220of220__pick_the_akita_black_bowl_next_to_the_ramekin_and_.mp4,220,220,44.0,True,False
libero_spatial_with_milk,5,15,0,15,131455,0,131455,12,192,pick the akita black bowl next to the ramekin and place it on the plate,-1,-1,none,-1,-1,-1,-1,4.0,0.0209594834595918,0.8446376919746399,0.0490486249327659,0.0207999125123024,0.0023740688338875,0.0771944373846054,0.1385424882173538,0.989314079284668,0.0044860024936497,0.0112074017524719,0.0070819132961332,0.0266548227518796,2.288076400756836,9.96242904663086,89.07721710205078,4.223513603210449,18.53375244140625,68.5469741821289,0.0256398692727088,0.0681058540940284,0.873661458492279,0.0105942478403449,0.029137086123228,0.0422024689614772,0.0104736238718032,0.016260901466012,0.0262356381863355,0.0112031958997249,0.0122579168528318,0.0487639117054641,0.0881887227296829,0.0362264541909098,0.039185170084238,0.0107855971436947,0.0111996857449412,0.0150408481713384,0.0154874948784708,0.008131748996675,0.0081857237964868,0.008131748996675,0.0081857237964868,first,1.0,0.0,0.992273449897766,0.6596899032592773,0.0,0.992273449897766,2.0,0.9929299354553224,False,0.989314079284668,0.0044860024936497,0.0112074017524719,0.0362264551222324,0.00219870172441,0.008131748996675,4.553220787784085e-05,143455,143457,208,16,0,False,False,0.0,0.0,0.0096992760145234,0.0549895004075741,0.1050052426518438,0.0149849703360565,0.0,0.0,0.0,0.0,43.0,12.0,43.0,0.4347721659817344,0.5812140738220619,0.0777777777777777,0.0402450641351617,0.0134633694650522,0.0503063301689521,0.3272829016049278,4.420728504842858,10.990978923901816,3723.604097354371,985.7296142578124,15.613726615905762,18.19322556615816,0.8272144225061583,1613.09375,22.32259750366211,16.05420752360218,0.650209538474617,0.1387382745742797,0.0386355742812156,0.0885336399078369,0.0634822621941566,0.0509384498000144,0.992273449897766,0.992273449897766,0.0299963364003637,0.1849592160579138,12.0,0.0089969253243411,0.1849592160579138,0.0,2.8557480598567265e-19,0.0,4.3553082137672986e-18,0.0,9.302808978914977e-19,0.0119369064491456,0.1517414562641705,0.0002079335383037,0.0021135991704904,False,220,14,timeout_no_goal,220,False,False,False,-1,,akita_black_bowl_1,False,-1,False,-1,False,0.0,0.0,-1,71,0.1677687195149064,1.492232511258006,0.4451886773527685,5.060933770218061,35019506.691597685,0.992273449897766,/home/jovyan/shares/SR006.nfs2/spiridonov/malnev_world_model/YSDA_WORD_MODELS_PP/experiments/campaigns/phase1_boundary_20260724/videos/phase1_boundary_20260724__known_boundary_milk/libero_spatial_with_milk__task5__init0__pair0__rollout15__seed131455__successFalse__t220__frames220of220__pick_the_akita_black_bowl_next_to_the_ramekin_and_.mp4,220,220,28.0,True,False
libero_spatial_with_milk,5,15,0,15,131455,0,131455,13,208,pick the akita black bowl next to the ramekin and place it on the plate,-1,-1,none,-1,-1,-1,-1,4.0,0.0023940566461533,0.0117668341845273,0.0108820693567395,0.0048031001351773,0.0004829673853237,0.0009001939906738,0.0163666382431983,0.9992513060569764,0.0002154656685888,0.0005923509597778,0.0004877153551205,0.0008694282150827,0.4698881208896637,1.299038052558899,9.974968910217283,0.6313072443008423,2.061552762985229,11.022704124450684,0.0065927957184612,0.0135434921830892,0.0234255641698837,0.0056748175993561,0.0100914388895034,0.0177889484912157,0.0058654174208641,0.0104031739756464,0.0171534288674592,0.008188874926418,0.0082609327509999,0.012502699624747,0.0132954586297273,0.0241634263657033,0.0251196548342704,0.0084730226080864,0.0086245844140648,0.0094183657784014,0.0095542930066585,0.0076967936474829,0.0077856807038187,0.0076967936474829,0.0077856807038187,first,1.0,0.0,0.9995272755622864,1.280804991722107,0.0,0.9995272755622864,0.0,0.9995272755622864,True,0.9992513060569764,0.0002154656685888,0.0005923509597778,0.0241634268313646,0.0007398386951535,0.0076967934146523,7.338370778597891e-05,144455,144455,220,12,0,False,False,0.0,0.0,0.0093785661558226,0.06247734568237,0.1050057017637095,2.786076397365278e-07,0.0,0.0,0.0,0.0,0.0,0.0,0.0,0.3848500063458999,0.4020357773567844,0.0757575757575757,0.0565612938570163,0.0563340241157999,0.0942688230950272,0.1031988474804559,1.928165911216195,10.255412278385077,147.65360051733347,1123.2216796875,17.088388442993164,17.626148835342942,0.8080584272563208,2530.990478515625,29.170494079589844,14.09789849504955,0.5083716645267331,0.1363402754068374,0.0340453200042247,0.0896345376968383,0.0895041525363922,0.0911087989807128,0.9995272755622864,0.9995272755622864,0.0004900641989123,0.0054732612187906,12.0,0.0002625841203753,0.0054732612187906,0.0,1.2143139043742424e-18,0.0,1.4178941706003677e-18,0.0,3.0693768045691733e-18,5.8096443556813045e-06,6.742298707122462e-05,4.879496849049338e-07,7.120446667095891e-05,False,220,14,timeout_no_goal,220,False,False,False,-1,,akita_black_bowl_1,False,-1,False,-1,False,0.0,0.0,-1,71,0.1677687195149064,1.492232511258006,0.4451886773527685,5.060933770218061,35019506.691597685,0.9995272755622864,/home/jovyan/shares/SR006.nfs2/spiridonov/malnev_world_model/YSDA_WORD_MODELS_PP/experiments/campaigns/phase1_boundary_20260724/videos/phase1_boundary_20260724__known_boundary_milk/libero_spatial_with_milk__task5__init0__pair0__rollout15__seed131455__successFalse__t220__frames220of220__pick_the_akita_black_bowl_next_to_the_ramekin_and_.mp4,220,220,12.0,True,True
libero_spatial_with_milk,5,17,0,17,131649,0,131649,0,0,pick the akita black bowl next to the ramekin and place it on the plate,-1,-1,none,-1,-1,-1,-1,4.0,0.0016443766653537,0.0156415086239576,0.0122199412435293,0.0030939301941543,0.00051979633281,0.000669457600452,0.010089948773384,0.3310052156448364,0.000790924183093,0.0019352734088897,0.0006817267858423,0.0013178872177377,0.5154103636741638,1.5,16.51514434814453,1.3894418478012085,5.873670101165772,49.53975677490234,0.0063161486759781,0.0120707564055919,0.0262709259986877,0.005676076747477,0.0101007558405399,0.0176144354045391,0.0057828584685921,0.0102649172767996,0.0183001235127449,0.0078292180551216,0.0080091739073395,0.0111357369460165,0.0127101745456457,0.0222032587043941,0.0229058917611837,0.0074810734950006,0.0075399363413453,0.0077885278733447,0.0079236747696995,0.0071465159999206,0.0073028225451707,0.0071465159999206,0.0073028225451707,first,1.0,0.0,0.3300522863864898,-1.2048300504684448,0.0,0.3300522863864898,1.0,0.3319875597953796,False,0.3310052156448364,0.000790924183093,0.0019352734088897,0.0222032591700553,0.0004269117489457,0.0071465158835053,0.0001097515341825,131649,131650,16,16,0,False,False,0.0,0.0,2.786076397365278e-07,0.3207465212525006,2.786076407285072e-07,2.786076397365278e-07,0.0,0.0,0.0,0.0,0.0,0.0,0.0,0.7232835526359532,0.838447979402023,0.1,0.1415165686972262,0.1414718135043229,0.1768957108715328,0.2790543503369697,1.6574122186788711,5.951410330913204,65.13578673100898,612.2384643554688,10.453317642211914,20.261597498624404,0.8810823843078769,800.3197631835938,12.17414665222168,19.098168193261905,0.8588279941420578,0.0074419267475605,0.0018618343165144,0.0056198835372924,0.0035837669856846,0.0058502056635916,0.3300522863864898,0.3300522863864898,1.1638961072366739e-07,2.934624683612667e-07,12.0,2.934624683612516e-07,5.883756820938018e-09,2.934624683612667e-07,5.8837568289605596e-09,2.530519738197512e-07,4.616958576425774e-17,2.6346862755526685e-07,3.568444201861377e-09,2.673608637928073e-07,9.187799778349077e-09,1.3438404960466898e-09,1.3286213395511305e-12,False,220,14,target_drop_candidate,156,False,False,False,-1,,akita_black_bowl_1,True,156,False,-1,False,0.0,0.0,-1,72,0.1682317232541899,1.4807707748497072,0.420234456060876,4.258668122989772,36215268.38080267,0.3300522863864898,/home/jovyan/shares/SR006.nfs2/spiridonov/malnev_world_model/YSDA_WORD_MODELS_PP/experiments/campaigns/phase1_boundary_20260724/videos/phase1_boundary_20260724__known_boundary_milk/libero_spatial_with_milk__task5__init0__pair0__rollout17__seed131649__successFalse__t220__frames220of220__pick_the_akita_black_bowl_next_to_the_ramekin_and_.mp4,220,220,156.0,True,False
libero_spatial_with_milk,5,17,0,17,131649,0,131649,1,16,pick the akita black bowl next to the ramekin and place it on the plate,-1,-1,none,-1,-1,-1,-1,4.0,0.0012085399357602,0.0066518075764179,0.0031102960929274,0.0018867342732846,0.0006677712663076,0.0007962629897519,0.0062628001905977,0.3535176813602447,0.0006798023241572,0.0018989443778991,0.0004184500139672,0.000851095363032,0.4067519903182983,1.2247449159622192,10.712142944335938,0.5398730039596558,1.785357117652893,14.404860496520996,0.0059859319590032,0.0105570433661341,0.0208104774355888,0.0056624035350978,0.0100481435656547,0.0176257956773042,0.0056880977936089,0.0100915767252445,0.01895722001791,0.0076125828782096,0.0076943687163293,0.0095493567641824,0.0098240999504923,0.0203574076294899,0.0208490025252103,0.0074282786808907,0.0074803796596825,0.0076502293813973,0.0077588693238794,0.0071007972583174,0.0071457121521234,0.0071007972583174,0.0071457121521234,first,1.0,0.0,0.3526058793067932,-1.341275334358215,0.0,0.3526058793067932,1.0,0.3545048236846924,False,0.3535176813602447,0.0006798023241572,0.0018989443778991,0.0203574076294899,0.0004175698850303,0.0071007972583174,3.077856672462076e-05,132649,132650,32,16,0,False,False,0.0,0.0,2.786076397365278e-07,0.236265486164015,2.786076407285072e-07,2.786076397365278e-07,0.0,0.0,0.0,0.0,0.0,0.0,0.0,0.8503231640153397,0.8772579569424993,0.0222222222222222,0.1684615365661698,0.1659843822974329,0.2105769207077123,0.1595387251745202,0.9862530469683312,2.4191960756116986,10.00710710884907,695.3925170898438,11.461833953857422,19.708503478080942,0.8698283016396828,824.1353759765625,11.035348892211914,18.970818042550885,0.8266865823780537,0.0091444039717316,0.0019101736834272,0.0064013451337814,0.0011523131979629,0.0090073933824896,0.3526058793067932,0.3526058793067932,7.705722870138437e-18,3.710362274321885e-17,12.0,0.0,3.687210844454565e-17,0.0,3.710362274321885e-17,0.0,1.50281123189753e-17,0.0,2.8146781068875616e-18,0.0,6.501528280338779e-19,0.0,0.0,False,220,14,target_drop_candidate,156,False,False,False,-1,,akita_black_bowl_1,True,156,False,-1,False,0.0,0.0,-1,72,0.1682317232541899,1.4807707748497072,0.420234456060876,4.258668122989772,36215268.38080267,0.3526058793067932,/home/jovyan/shares/SR006.nfs2/spiridonov/malnev_world_model/YSDA_WORD_MODELS_PP/experiments/campaigns/phase1_boundary_20260724/videos/phase1_boundary_20260724__known_boundary_milk/libero_spatial_with_milk__task5__init0__pair0__rollout17__seed131649__successFalse__t220__frames220of220__pick_the_akita_black_bowl_next_to_the_ramekin_and_.mp4,220,220,140.0,True,False
libero_spatial_with_milk,5,17,0,17,131649,0,131649,2,32,pick the akita black bowl next to the ramekin and place it on the plate,-1,-1,none,-1,-1,-1,-1,4.0,0.0016123245004564,0.0092716012150049,0.0068528577685356,0.0029324379283934,0.0005883623380213,0.0007238707621581,0.0089473994448781,0.4102154076099396,0.0003788568137679,0.0010147392749786,0.0006221511866897,0.0010641101980581,0.4555093646049499,1.4790199995040894,9.984362602233888,0.7302905321121216,2.915475845336914,21.15419578552246,0.0060919509269297,0.0108921732753515,0.0204118210822343,0.0055492813698947,0.0098526487126946,0.0179331917315721,0.0053546489216387,0.0095503320917487,0.0177524760365486,0.0077610645676031,0.0078745270147919,0.0097410173621028,0.0102424770593643,0.0206775325350463,0.0210913531482219,0.0073852661298587,0.0074666538275778,0.0076260074274614,0.0078852279111742,0.0068127138074487,0.0069300387986004,0.0068127138074487,0.0069300387986004,first,1.0,0.0,0.410279631614685,0.1695205271244049,0.0,0.410279631614685,2.0,0.410796046257019,False,0.4102154076099396,0.0003788568137679,0.0010147392749786,0.0206775330007076,0.0002469019964337,0.0068127135746181,8.898688975023106e-05,133649,133651,48,16,0,False,False,0.0,0.0,2.786076397365278e-07,0.0808151474942831,2.786076407285072e-07,2.786076397365278e-07,0.0,0.0,0.0,0.0,0.0,0.0,0.0,0.8840844399929626,0.9645449780010056,0.0888888888888888,0.1823580461077669,0.1690809990707625,0.2279475576347086,0.4258324033299024,2.661403096651685,4.632546770306929,55.10640200249494,807.4328002929688,12.44325351715088,19.059739731172456,0.8517706701185088,314.6026306152344,7.893295764923096,23.153180111219527,0.931581707704421,0.0133717963472008,0.0032906702253967,0.0075977146625518,0.0097454031929373,0.0090838279575109,0.410279631614685,0.410279631614685,3.617408177739242e-19,3.349184231815669e-18,12.0,0.0,1.1757064458277237e-19,0.0,8.591853972520877e-20,0.0,3.349184231815669e-18,0.0,4.533522296743499e-19,0.0,3.3486416748909133e-19,0.0,0.0,False,220,14,target_drop_candidate,156,False,False,False,-1,,akita_black_bowl_1,True,156,False,-1,False,0.0,0.0,-1,72,0.1682317232541899,1.4807707748497072,0.420234456060876,4.258668122989772,36215268.38080267,0.410279631614685,/home/jovyan/shares/SR006.nfs2/spiridonov/malnev_world_model/YSDA_WORD_MODELS_PP/experiments/campaigns/phase1_boundary_20260724/videos/phase1_boundary_20260724__known_boundary_milk/libero_spatial_with_milk__task5__init0__pair0__rollout17__seed131649__successFalse__t220__frames220of220__pick_the_akita_black_bowl_next_to_the_ramekin_and_.mp4,220,220,124.0,True,False
libero_spatial_with_milk,5,17,0,17,131649,0,131649,3,48,pick the akita black bowl next to the ramekin and place it on the plate,-1,-1,none,-1,-1,-1,-1,4.0,0.0054403021931648,0.3604082465171814,0.0081807794049382,0.0036110933870077,0.0008486762526445,0.0247028060257434,0.0390268675982952,0.5293523669242859,0.0004190317122265,0.001047134399414,0.0014741577906534,0.0047302995808422,0.5198810696601868,1.5811388492584229,13.404756546020508,0.9597601890563964,3.8971142768859854,43.25722503662109,0.0097496304661035,0.0133563634008169,0.4314831495285034,0.0059347762726247,0.0107780834659934,0.0198033396154642,0.005264391656965,0.009399626404047,0.015886727720499,0.0083165667019784,0.0084350751712918,0.0319245485588908,0.0470794439315795,0.0218595680780708,0.0231020562350749,0.0076648622052744,0.0077723106369376,0.0080141982762143,0.0082730874419212,0.0066790059208869,0.0067203594371676,0.0066790059208869,0.0067203594371676,first,1.0,0.0,0.5298551917076111,1.199968338012695,0.0,0.5298551917076111,0.0,0.5298551917076111,True,0.5293523669242859,0.0004190317122265,0.001047134399414,0.0218595676124095,0.0008009238517843,0.0066790059208869,3.390881101950072e-05,134649,134649,64,16,0,False,False,0.0,0.0,0.0049483491936737,0.0481067682016029,2.786076407285072e-07,2.786076397365278e-07,0.0,0.0,0.0,0.0,54.0,7.0,53.0,0.3161076412916896,0.8623955043990322,0.0888888888888888,0.0739279900524926,0.053294403280448,0.0924099875656157,0.4414681326208161,5.851683509164672,19.923306479117624,2407.979547685265,755.9197998046875,11.872222900390623,19.34604639903606,0.8620936233643918,412.8236083984375,9.247827529907228,21.973158352720358,0.915047210486176,0.0661404281854629,0.0148005597293376,0.0481261610984802,0.0093267997726798,0.0205434635281562,0.5298551917076111,0.5298551917076111,0.0090550496561406,0.1029643710312905,12.0,0.0056962248423967,0.1029643710312905,0.0,2.703033964597009e-19,0.0,2.3859364015523146e-18,0.0,2.5938455343408183e-18,0.0,5.81229737428394e-18,0.0,0.0,False,220,14,target_drop_candidate,156,False,False,False,-1,,akita_black_bowl_1,True,156,False,-1,False,0.0,0.0,-1,72,0.1682317232541899,1.4807707748497072,0.420234456060876,4.258668122989772,36215268.38080267,0.5298551917076111,/home/jovyan/shares/SR006.nfs2/spiridonov/malnev_world_model/YSDA_WORD_MODELS_PP/experiments/campaigns/phase1_boundary_20260724/videos/phase1_boundary_20260724__known_boundary_milk/libero_spatial_with_milk__task5__init0__pair0__rollout17__seed131649__successFalse__t220__frames220of220__pick_the_akita_black_bowl_next_to_the_ramekin_and_.mp4,220,220,108.0,True,False
libero_spatial_with_milk,5,17,0,17,131649,0,131649,4,64,pick the akita black bowl next to the ramekin and place it on the plate,-1,-1,none,-1,-1,-1,-1,4.0,0.0020493899937719,0.0078008077107369,0.0060452260076999,0.0035919940564781,0.0009064365294761,0.0008504387806169,0.0109076723456382,0.6081714630126953,0.0005722416681237,0.0014925599098205,0.0009186274837702,0.0018340299138799,0.4842646718025207,1.4790199995040894,12.389512062072754,1.0567861795425415,4.031128883361816,28.59523582458496,0.0066141532734036,0.0119555136188864,0.0217172149568796,0.0057047898881137,0.0101354420185089,0.018800189718604,0.0054573556408286,0.0097053973004221,0.021032964810729,0.0083544664084911,0.008380239829421,0.0116120579186826,0.0121105704456567,0.0224642478860914,0.0237826164811849,0.0076425870647653,0.0077242534607648,0.0079100783914327,0.0080118058249354,0.0069038604851812,0.0070054084062576,0.0069038604851812,0.0070054084062576,first,1.0,0.0,0.6079715490341187,-0.3493523597717285,0.0,0.6079715490341187,3.0,0.6091386079788208,False,0.6081714630126953,0.0005722416681237,0.0014925599098205,0.0224642474204301,0.0011052694171667,0.0069038607180118,6.0278216551523656e-05,135649,135652,80,16,0,False,False,0.0,0.0,0.1243392381495547,0.0494294934996867,2.786076407285072e-07,2.786076397365278e-07,0.0,0.0,0.0,0.0,126.0,10.0,126.0,0.9385845905378788,1.2172354317162553,0.0666666666666666,0.165635826195632,0.1574187796980208,0.20704478274454,0.484644076532388,3.418473824054073,7.10399443081573,119.12282406922203,751.4452514648438,11.950448036193848,19.37183016467748,0.8603844993381876,1513.6826171875,19.089824676513672,16.330455372584957,0.7234374653140109,0.1095201149582862,0.020720399916172,0.078565239906311,0.0091895200312137,0.0127209844067692,0.6079715490341187,0.6079715490341187,0.0202054163205273,0.1437541917046214,12.0,0.1437541917046214,0.0987108041417062,0.0,2.248815048264424e-18,0.0,2.6740120889345026e-18,0.0,1.2404525497326574e-18,0.0,1.45412794396698e-17,0.0,0.0,False,220,14,target_drop_candidate,156,False,False,False,-1,,akita_black_bowl_1,True,156,False,-1,False,0.0,0.0,-1,72,0.1682317232541899,1.4807707748497072,0.420234456060876,4.258668122989772,36215268.38080267,0.6079715490341187,/home/jovyan/shares/SR006.nfs2/spiridonov/malnev_world_model/YSDA_WORD_MODELS_PP/experiments/campaigns/phase1_boundary_20260724/videos/phase1_boundary_20260724__known_boundary_milk/libero_spatial_with_milk__task5__init0__pair0__rollout17__seed131649__successFalse__t220__frames220of220__pick_the_akita_black_bowl_next_to_the_ramekin_and_.mp4,220,220,92.0,True,False
libero_spatial_with_milk,5,17,0,17,131649,0,131649,5,80,pick the akita black bowl next to the ramekin and place it on the plate,-1,-1,none,-1,-1,-1,-1,4.0,0.0016084512462839,0.0071580726653337,0.0064351046457886,0.0030400122050195,0.0004501754010561,0.0007885957602411,0.0088977413251996,0.7553286552429199,0.0004683455917984,0.0013200044631958,0.0004673952062148,0.0007444834336638,0.5341011881828308,1.658312439918518,15.475787162780762,0.6169179081916809,1.9202864170074463,17.25362205505371,0.0060992599464952,0.0109405228868126,0.0199305359274148,0.0056735100224614,0.010055330581963,0.0194762349128723,0.0056155500933527,0.0100355120375752,0.0176955517381429,0.0079957996495068,0.008052404038608,0.0110131744295358,0.0115128299221396,0.0218299194239079,0.0224421843886375,0.0076290844008326,0.0077131250873208,0.0079024099977687,0.0079819494858384,0.0072367584798485,0.0074359527789056,0.0072367584798485,0.0074359527789056,first,1.0,0.0,0.7552939653396606,-0.0740690305829048,0.0,0.7552939653396606,3.0,0.7560278177261353,False,0.7553286552429199,0.0004683455917984,0.0013200044631958,0.0218299198895692,0.0003907328937202,0.0072367582470178,0.0001579275121912,136649,136652,96,16,0,False,False,0.0,0.0,0.1682317232541899,0.0518670244115058,2.786076407285072e-07,2.786076397365278e-07,0.0,0.0,0.0,0.0,160.0,10.0,160.0,1.0166025848386953,1.0986827800717869,0.1222222222222222,0.2203741791473075,0.1924376366000744,0.2754677239341343,0.6078894745177463,3.2769678313131942,5.818809608579352,60.57261154873415,889.311767578125,13.96223258972168,18.64026321829619,0.841722901537341,1608.453857421875,18.345504760742188,16.066717542898527,0.7043221300934385,0.0217913277447223,0.0053143189288675,0.0156948566436767,0.0193618964403867,0.0040822951123118,0.7552939653396606,0.7552939653396606,0.0187330842037113,0.1928062776139227,12.0,0.1928062776139227,0.0319907328306132,0.0,1.3965347028784626e-18,0.0,4.407184118090439e-18,0.0,1.988910425964406e-18,0.0,1.9302891832201548e-17,0.0,0.0,False,220,14,target_drop_candidate,156,False,False,False,-1,,akita_black_bowl_1,True,156,False,-1,False,0.0,0.0,-1,72,0.1682317232541899,1.4807707748497072,0.420234456060876,4.258668122989772,36215268.38080267,0.7552939653396606,/home/jovyan/shares/SR006.nfs2/spiridonov/malnev_world_model/YSDA_WORD_MODELS_PP/experiments/campaigns/phase1_boundary_20260724/videos/phase1_boundary_20260724__known_boundary_milk/libero_spatial_with_milk__task5__init0__pair0__rollout17__seed131649__successFalse__t220__frames220of220__pick_the_akita_black_bowl_next_to_the_ramekin_and_.mp4,220,220,76.0,True,False
libero_spatial_with_milk,5,17,0,17,131649,0,131649,6,96,pick the akita black bowl next to the ramekin and place it on the plate,-1,-1,none,-1,-1,-1,-1,4.0,0.0018538538133725,0.0079870698973536,0.0081611303612589,0.0033664451912045,0.0007128785946406,0.0007390052778646,0.0101646548137068,0.8554715514183044,0.0003206795081496,0.0007416009902954,0.0007075869361869,0.0021328479051589,0.9124314785003662,2.861380815505981,23.47738265991211,3.402982234954834,13.683932304382324,63.572792053222656,0.0062703983858227,0.0113233420997858,0.0196340978145599,0.0055301641114056,0.0099014146253466,0.0197645127773284,0.0056892270222306,0.0101268356665968,0.0180530771613121,0.008192368550226,0.0083345891907811,0.010843192692846,0.0109617933630943,0.0234304727055132,0.0244277752935886,0.0074285587761551,0.0075713116675615,0.0077207369031384,0.0078690666705369,0.0073863824363797,0.0075632408261299,0.0073863824363797,0.0075632408261299,first,1.0,0.0,0.8558288812637329,1.11428964138031,0.0,0.8558288812637329,0.0,0.8558288812637329,True,0.8554715514183044,0.0003206795081496,0.0007416009902954,0.0234304722398519,0.0005995774990878,0.0073863826692104,0.0001491549774073,137649,137649,112,16,0,False,False,0.0,0.0,0.1130576456171341,0.0482901618705041,0.0016817984934733,2.786076397365278e-07,0.0,0.0,0.0,0.0,143.0,11.0,143.0,0.8870743291119573,1.002211829400381,0.1,0.1437981190108415,0.1316035679835648,0.1797476487635518,0.5790216370399027,5.981707035670179,16.704528692758682,675.4765534040093,935.4418334960938,14.984912872314451,18.42063572962452,0.8383348215197273,1989.4576416015625,25.16536521911621,15.14345664037698,0.7284839876159838,0.0394132547080516,0.009535483084619,0.0320772528648376,0.0197934173047542,0.0093110641464591,0.8558288812637329,0.8558288812637329,0.0220140375194792,0.1302756461633678,12.0,0.1184905924202048,0.1302756461633678,0.0,5.884489743784328e-19,0.0,4.463416975308137e-18,0.0,2.102201502586983e-18,0.0016936946833303,0.0137085169668482,0.0,0.0,False,220,14,target_drop_candidate,156,False,False,False,-1,,akita_black_bowl_1,True,156,False,-1,False,0.0,0.0,-1,72,0.1682317232541899,1.4807707748497072,0.420234456060876,4.258668122989772,36215268.38080267,0.8558288812637329,/home/jovyan/shares/SR006.nfs2/spiridonov/malnev_world_model/YSDA_WORD_MODELS_PP/experiments/campaigns/phase1_boundary_20260724/videos/phase1_boundary_20260724__known_boundary_milk/libero_spatial_with_milk__task5__init0__pair0__rollout17__seed131649__successFalse__t220__frames220of220__pick_the_akita_black_bowl_next_to_the_ramekin_and_.mp4,220,220,60.0,True,False
libero_spatial_with_milk,5,17,0,17,131649,0,131649,7,112,pick the akita black bowl next to the ramekin and place it on the plate,-1,-1,none,-1,-1,-1,-1,4.0,0.1166853755712509,0.8698834776878357,0.0412306189537048,0.0383677072823047,0.0034770325291901,0.6912633180618286,0.8827252388000488,0.8352926969528198,0.0275158714503049,0.0665832161903381,0.1303491294384002,0.6068419218063354,3.173187255859375,16.751720428466797,89.7618408203125,6.8364691734313965,33.72551345825195,82.12908935546875,0.1221066713333129,0.8644161820411682,0.9273430705070496,0.1337931901216507,0.6074759364128113,0.6309674978256226,0.0552702471613884,0.0633401349186897,0.0731202140450477,0.0122289273422211,0.0150511777028441,0.0813799072057008,0.155885711312294,0.0304187890142202,0.0328169167041778,0.0106458135414868,0.0117429429665207,0.0156984205823391,0.0193276833742856,0.0085990296211093,0.0107064647600054,0.0085990296211093,0.0107064647600054,first,1.0,0.0,0.8204708099365234,-0.538666844367981,0.0,0.8204708099365234,1.0,0.882824718952179,False,0.8352926969528198,0.0275158714503049,0.0665832161903381,0.0304187890142202,0.0014569049235433,0.00859902985394,0.0012246054830029,138649,138650,128,16,0,False,False,0.0,0.0,0.0157009088219829,0.0488009570514661,0.0014060018499129,2.786076397365278e-07,0.0,0.0,0.0,0.0,44.0,12.0,44.0,0.517674272744771,0.823720517597894,0.1,0.0722223868314185,0.0641589564813082,0.0902779835392731,0.3868938200810782,4.707783828405918,8.333765191830802,1129.923208715933,1083.315673828125,16.383310317993164,17.783253341362453,0.8098085207296236,2530.535400390625,28.244054794311523,14.098679437096608,0.564593522523718,0.4169550836086273,0.0815497860312461,0.2955358624458313,0.0673903077840805,0.0231691990047693,0.8204708099365234,0.8204708099365234,0.0055344880109351,0.0511420005797683,12.0,0.0015345015382607,0.0511420005797683,0.0,1.4046781804848806e-18,0.0,8.233965078142829e-19,0.0,2.7680278343507193e-18,0.0016492095077928,0.0120881445053993,0.0,0.0,False,220,14,target_drop_candidate,156,False,False,False,-1,,akita_black_bowl_1,True,156,False,-1,False,0.0,0.0,-1,72,0.1682317232541899,1.4807707748497072,0.420234456060876,4.258668122989772,36215268.38080267,0.8204708099365234,/home/jovyan/shares/SR006.nfs2/spiridonov/malnev_world_model/YSDA_WORD_MODELS_PP/experiments/campaigns/phase1_boundary_20260724/videos/phase1_boundary_20260724__known_boundary_milk/libero_spatial_with_milk__task5__init0__pair0__rollout17__seed131649__successFalse__t220__frames220of220__pick_the_akita_black_bowl_next_to_the_ramekin_and_.mp4,220,220,44.0,True,False
libero_spatial_with_milk,5,17,0,17,131649,0,131649,8,128,pick the akita black bowl next to the ramekin and place it on the plate,-1,-1,none,-1,-1,-1,-1,4.0,0.0030635411385446,0.0183848589658737,0.019591337069869,0.0053456607274711,0.0013011386618018,0.0015043911989778,0.0169305969029665,0.9555643796920776,0.0006662903469987,0.0018788576126098,0.0019168204162269,0.0059788059443235,0.9379896521568298,3.1124749183654785,35.81462860107422,2.997963190078736,13.152946472167969,64.3792495727539,0.0072877584025263,0.013688619248569,0.0297313500195741,0.00615192996338,0.0112725514918565,0.0202514268457889,0.0060831340961158,0.0109770763665437,0.0183786042034626,0.0085797684732824,0.0087495828047394,0.013541200896725,0.0141697218641638,0.0241618934087455,0.0252482648938894,0.007870529545471,0.0080180624499917,0.0083263816777616,0.0088962651789188,0.0079066146863624,0.0080890776589512,0.0079066146863624,0.0080890776589512,first,1.0,0.0,0.9555466175079346,-0.0266583245247602,0.0,0.9555466175079346,1.0,0.9564683437347412,False,0.9555643796920776,0.0006662903469987,0.0018788576126098,0.0241618938744068,0.0006975376745685,0.0079066148027777,0.0001156637590611,139649,139650,144,16,0,False,False,0.0,0.0,0.0145064789050022,0.0733647698427256,0.0030189854676271,2.786076397365278e-07,0.0,0.0,0.0,0.0,25.0,4.0,25.0,0.4672576210453509,0.7540022102126754,0.0888888888888888,0.040675662864735,0.0169688362729183,0.0508445785809188,0.4054199137769274,5.916271074798472,20.684068675128216,8803.807368385274,730.2479248046875,12.794404029846191,19.496100293848063,0.8712071099590456,2136.229248046875,24.88851928710937,14.834325039817177,0.6840228894829627,0.1017205044627189,0.0268208049237728,0.0671020150184631,0.0723483189940452,0.0576056987047195,0.9555466175079346,0.9555466175079346,0.00275627987799,0.0241099658610786,12.0,0.0039074627815172,0.0241099658610786,0.0,1.6476565904843828e-18,0.0,2.6129438547189533e-18,0.0,1.6446656407701629e-18,0.0030960950540149,0.0019618348392701,0.0,0.0,False,220,14,target_drop_candidate,156,False,False,False,-1,,akita_black_bowl_1,True,156,False,-1,False,0.0,0.0,-1,72,0.1682317232541899,1.4807707748497072,0.420234456060876,4.258668122989772,36215268.38080267,0.9555466175079346,/home/jovyan/shares/SR006.nfs2/spiridonov/malnev_world_model/YSDA_WORD_MODELS_PP/experiments/campaigns/phase1_boundary_20260724/videos/phase1_boundary_20260724__known_boundary_milk/libero_spatial_with_milk__task5__init0__pair0__rollout17__seed131649__successFalse__t220__frames220of220__pick_the_akita_black_bowl_next_to_the_ramekin_and_.mp4,220,220,28.0,True,False
libero_spatial_with_milk,5,17,0,17,131649,0,131649,9,144,pick the akita black bowl next to the ramekin and place it on the plate,-1,-1,none,-1,-1,-1,-1,4.0,0.001974930986762,0.0138816768303513,0.0176676865667104,0.0035011349245905,0.0008148274500854,0.0008766298415139,0.0113885002210736,0.9990792274475098,0.0003602816432248,0.000989019870758,0.0028441110625863,0.0104433400556445,0.7184768319129944,2.291287899017334,26.5988712310791,1.356475591659546,5.760859489440918,35.2136344909668,0.0063106222078204,0.0118063949048519,0.0238482113927602,0.0069855307228863,0.0143163204193115,0.0241696797311306,0.0060650440864264,0.0107855172827839,0.0203677900135517,0.0083978699985891,0.0084861572831869,0.0126157444901764,0.0133605590090155,0.0254515055567026,0.0268831606954336,0.0084931182209402,0.008731435984373,0.0110795609652996,0.0116035025566816,0.0080145066604018,0.0082062650471925,0.0080145066604018,0.0082062650471925,first,1.0,0.0,0.999658703804016,1.608398199081421,0.0,0.999658703804016,0.0,0.999658703804016,True,0.9990792274475098,0.0003602816432248,0.000989019870758,0.0254515055567026,0.0012558383168652,0.0080145066604018,0.0001305805053561,140649,140649,160,16,0,False,False,0.0,0.0,0.0116750230339154,0.0929576378594203,0.0029685347591224,2.786076397365278e-07,1.0,0.0,0.0,0.0,0.0,0.0,0.0,0.3329970491831789,0.4293615230882305,0.1444444444444444,0.0728781174246214,0.0727641936029116,0.0910976467807767,0.0862059407598903,1.6505486606297144,7.691230210326506,265.5944517475289,935.6963500976562,15.057464599609377,18.41945425454948,0.8301742654842004,3285.4208984375,32.669830322265625,12.964893455232833,0.5142068224969384,0.1669113337993621,0.0406820625066757,0.1153028607368469,0.1158550903201103,0.0624564252793788,0.999658703804016,0.999658703804016,7.058224974012091e-06,3.915703144496125e-05,12.0,4.043932846293938e-06,3.9020431274212695e-05,0.0,1.7252978400549145e-18,0.0,1.15687698993935e-18,0.0,9.237748711555022e-19,2.4773041226733966e-06,3.915703144496125e-05,0.0,0.0,False,220,14,target_drop_candidate,156,False,False,False,-1,,akita_black_bowl_1,True,156,False,-1,False,0.0,0.0,-1,72,0.1682317232541899,1.4807707748497072,0.420234456060876,4.258668122989772,36215268.38080267,0.999658703804016,/home/jovyan/shares/SR006.nfs2/spiridonov/malnev_world_model/YSDA_WORD_MODELS_PP/experiments/campaigns/phase1_boundary_20260724/videos/phase1_boundary_20260724__known_boundary_milk/libero_spatial_with_milk__task5__init0__pair0__rollout17__seed131649__successFalse__t220__frames220of220__pick_the_akita_black_bowl_next_to_the_ramekin_and_.mp4,220,220,12.0,True,True
libero_spatial_with_milk,5,20,0,20,131940,0,131940,0,0,pick the akita black bowl next to the ramekin and place it on the plate,-1,-1,none,-1,-1,-1,-1,4.0,0.0015851712087169,0.0169553011655807,0.0170405115932226,0.0028950658161193,0.0005134246312081,0.00087072676979,0.009787849150598,0.3316589593887329,0.0014066620497033,0.0036469101905822,0.0007125118281692,0.0012445758329704,0.4749861657619476,1.4790199995040894,19.75474548339844,0.8324952125549316,3.269174098968506,24.829418182373047,0.0063624600879848,0.0121090076863765,0.0286596752703189,0.00565119786188,0.0100041069090366,0.0195632353425025,0.0061567239463329,0.0107148764654994,0.0199509542435407,0.0078152366913855,0.0079423049464821,0.0104637616313993,0.0110099706798791,0.0216506700962781,0.0219976119697093,0.0074215572094544,0.0075159221887588,0.007761116605252,0.0078542819246649,0.0071222159313037,0.0072284280322492,0.0071222159313037,0.0072284280322492,first,1.0,0.0,0.3323124647140503,0.464578777551651,0.0,0.3323124647140503,3.0,0.3329241275787353,False,0.3316589593887329,0.0014066620497033,0.0036469101905822,0.0216506700962781,0.0003924471966456,0.0071222162805497,6.565784860868007e-05,131940,131943,16,16,0,False,False,0.0,0.0,2.786076397365278e-07,0.322406524652522,2.786076407285072e-07,2.786076397365278e-07,0.0,0.0,0.0,0.0,0.0,0.0,0.0,0.710216556135946,0.8380605672348386,0.1222222222222222,0.1387755182766223,0.1387277365400809,0.1734693978457779,0.2841517231783789,1.7561735785601866,5.918105671429943,72.81329355421596,612.6212768554688,10.46780014038086,20.258882847204767,0.8809370220900493,786.6804809570312,11.869180679321287,19.17281986239415,0.8614820383837347,0.0054236953146755,0.0013983161188662,0.0034896433353424,0.0035298594739288,0.0030129922088235,0.3323124647140503,0.3323124647140503,1.1638961072379118e-07,2.934624683612667e-07,12.0,2.934624683612516e-07,5.883756821061497e-09,2.934624683612667e-07,5.883756828903954e-09,2.530519738197512e-07,4.988534935026621e-17,2.6346862755526685e-07,3.5684442012540793e-09,2.673608637928073e-07,9.187799776659024e-09,1.3438404960466898e-09,1.3286213395511305e-12,False,220,14,timeout_no_goal,220,False,False,False,-1,,akita_black_bowl_1,False,-1,False,-1,False,0.0,0.0,-1,71,0.1709789199592217,1.439302750923347,0.4209925751763032,4.984698270819373,40875811.07791058,0.3323124647140503,/home/jovyan/shares/SR006.nfs2/spiridonov/malnev_world_model/YSDA_WORD_MODELS_PP/experiments/campaigns/phase1_boundary_20260724/videos/phase1_boundary_20260724__known_boundary_milk/libero_spatial_with_milk__task5__init0__pair0__rollout20__seed131940__successFalse__t220__frames220of220__pick_the_akita_black_bowl_next_to_the_ramekin_and_.mp4,220,220,220.0,True,False
libero_spatial_with_milk,5,20,0,20,131940,0,131940,1,16,pick the akita black bowl next to the ramekin and place it on the plate,-1,-1,none,-1,-1,-1,-1,4.0,0.0013842113548889,0.0081342095509171,0.0043490803800523,0.0023780756164342,0.0005648171645589,0.0008608007919974,0.0075832246802747,0.3504595458507538,0.0006651555304415,0.001740276813507,0.0005457221413962,0.0010551351588219,0.4034944474697113,1.2247449159622192,7.5,0.546669602394104,1.7320507764816284,15.660459518432615,0.0060482462868094,0.0108175361528992,0.0206217933446168,0.0057078539393842,0.0101792579516768,0.0180542208254337,0.0056104925461113,0.0100370040163397,0.01807770319283,0.0076822895789518,0.0077666877768933,0.0096773898694664,0.0100717823952436,0.0200040624476969,0.0201963316649198,0.0074842320755124,0.0075339237228035,0.0077609956497326,0.0078208204358816,0.007016148767434,0.0070931683294475,0.007016148767434,0.0070931683294475,first,1.0,0.0,0.3508890271186828,0.6456854939460754,0.0,0.3508890271186828,2.0,0.3512263298034668,False,0.3504595458507538,0.0006651555304415,0.001740276813507,0.0200040638446807,0.000217531909584,0.007016148418188,5.260082252789289e-05,132940,132942,32,16,0,False,False,0.0,0.0,2.786076397365278e-07,0.2383716107003825,2.786076407285072e-07,2.786076397365278e-07,0.0,0.0,0.0,0.0,0.0,0.0,0.0,0.8483158890506803,0.8753214018698494,0.0666666666666666,0.1681674133014443,0.1658532432801705,0.2102092666268054,0.1537418639687493,0.987204722205834,2.1948111089376856,9.885914538424036,693.5150146484375,11.457443237304688,19.720244928509988,0.8700535712482721,832.9608154296875,11.123113632202148,18.924557892845712,0.8252885507779514,0.009827877394855,0.0023831953294575,0.0066436231136322,0.0022770867217332,0.0091566946357488,0.3508890271186828,0.3508890271186828,7.744919883455792e-18,3.788677010150568e-17,12.0,0.0,3.72523575078324e-17,0.0,3.788677010150568e-17,0.0,1.0422210825564281e-17,0.0,3.3907442463914898e-18,0.0,3.986955920175657e-18,0.0,0.0,False,220,14,timeout_no_goal,220,False,False,False,-1,,akita_black_bowl_1,False,-1,False,-1,False,0.0,0.0,-1,71,0.1709789199592217,1.439302750923347,0.4209925751763032,4.984698270819373,40875811.07791058,0.3508890271186828,/home/jovyan/shares/SR006.nfs2/spiridonov/malnev_world_model/YSDA_WORD_MODELS_PP/experiments/campaigns/phase1_boundary_20260724/videos/phase1_boundary_20260724__known_boundary_milk/libero_spatial_with_milk__task5__init0__pair0__rollout20__seed131940__successFalse__t220__frames220of220__pick_the_akita_black_bowl_next_to_the_ramekin_and_.mp4,220,220,204.0,True,False
libero_spatial_with_milk,5,20,0,20,131940,0,131940,2,32,pick the akita black bowl next to the ramekin and place it on the plate,-1,-1,none,-1,-1,-1,-1,4.0,0.0016356384148821,0.0071688252501189,0.0085462490096688,0.0030587005894631,0.0005120789865031,0.0007371315732598,0.0090194260701537,0.4109619855880737,0.0004186602018307,0.0010917484760284,0.0006901461747474,0.0010767406783998,0.4574441611766815,1.4790199995040894,12.316147804260254,0.6524019837379456,2.4874684810638428,21.242645263671875,0.0059884907677769,0.0107402065768837,0.0190404169261455,0.0055969511158764,0.009947245940566,0.0193464625626802,0.0054033501073718,0.0096670649945735,0.0205813162028789,0.0077158365165814,0.0077947368845343,0.0100967457983642,0.010633104480803,0.0201281202025711,0.0210216511040925,0.0074055971344932,0.0076003768481314,0.0079064441379159,0.008021829649806,0.0068684862926602,0.0071994950994849,0.0068684862926602,0.0071994950994849,first,1.0,0.0,0.410681813955307,-0.6692100763320923,0.0,0.410681813955307,3.0,0.4115922451019287,False,0.4109619855880737,0.0004186602018307,0.0010917484760284,0.0201281197369098,0.0005182425375096,0.0068684862926602,0.000193622734514,133940,133943,48,16,0,False,False,0.0,0.0,2.786076397365278e-07,0.0855972574912616,2.786076407285072e-07,2.786076397365278e-07,0.0,0.0,0.0,0.0,0.0,0.0,0.0,0.8746170791143313,0.9599067276012672,0.0777777777777777,0.180322483057143,0.1667067673585949,0.2254031038214287,0.4325152462033354,2.7389727434471287,5.325878379678291,62.45796964430168,798.75830078125,12.376415252685549,19.10664976443537,0.8531042963504226,331.70721435546875,8.09182357788086,22.923254437026685,0.9279035733056878,0.0143599323928356,0.0039544110186398,0.0088378340005874,0.0113919535651803,0.0085818655788898,0.410681813955307,0.410681813955307,1.2323791276643225e-18,7.974625862021268e-18,12.0,0.0,1.7504095198131081e-19,0.0,5.638073295104436e-19,0.0,2.8945197767373213e-18,0.0,3.1805556117215224e-18,0.0,7.974625862021268e-18,0.0,0.0,False,220,14,timeout_no_goal,220,False,False,False,-1,,akita_black_bowl_1,False,-1,False,-1,False,0.0,0.0,-1,71,0.1709789199592217,1.439302750923347,0.4209925751763032,4.984698270819373,40875811.07791058,0.410681813955307,/home/jovyan/shares/SR006.nfs2/spiridonov/malnev_world_model/YSDA_WORD_MODELS_PP/experiments/campaigns/phase1_boundary_20260724/videos/phase1_boundary_20260724__known_boundary_milk/libero_spatial_with_milk__task5__init0__pair0__rollout20__seed131940__successFalse__t220__frames220of220__pick_the_akita_black_bowl_next_to_the_ramekin_and_.mp4,220,220,188.0,True,False
libero_spatial_with_milk,5,20,0,20,131940,0,131940,3,48,pick the akita black bowl next to the ramekin and place it on the plate,-1,-1,none,-1,-1,-1,-1,4.0,0.0014836707850918,0.0051916171796619,0.0056965039111673,0.002439446048811,0.0007103072130121,0.000936436583288,0.0077419043518602,0.5272516012191772,0.0004988744040019,0.0012551546096801,0.0008083262946456,0.001670696074143,0.4715892374515533,1.4790199995040894,12.695963859558104,0.8920658826828003,3.699662208557129,40.165283203125,0.0059283417649567,0.010532340966165,0.0178203731775283,0.0055784848518669,0.0099360765889287,0.0171381626278162,0.0052901841700077,0.0092829149216413,0.0178000796586275,0.0078379431506618,0.0078754061833024,0.0109036874491721,0.0115648191422224,0.0218946738168597,0.0221050381660461,0.0074736779788509,0.007597332354635,0.007830380112864,0.0079785343259572,0.0066816055914387,0.0067248167470097,0.0066816055914387,0.0067248167470097,first,1.0,0.0,0.5268778204917908,-0.7492481470108032,0.0,0.5268778204917908,3.0,0.5280636548995972,False,0.5272516012191772,0.0004988744040019,0.0012551546096801,0.0218946728855371,0.0001228869368787,0.006681605707854,3.766227746382356e-05,134940,134943,64,16,0,False,False,0.0,0.0,0.005203440758185,0.0473858054195146,2.786076407285072e-07,2.786076397365278e-07,0.0,0.0,0.0,0.0,49.0,6.0,47.0,0.3408583776319632,0.9129213781345968,0.1333333333333333,0.0780551431572696,0.0596910405081785,0.097568928946587,0.4415016546274301,6.169701296990746,21.78050553104148,2579.803099320568,756.627685546875,11.87469482421875,19.34198132475478,0.8624064802232132,434.0641784667969,9.517950057983398,21.75526414089605,0.9114764364616318,0.077316515147686,0.0173187553882598,0.0591631531715393,0.0140197398141026,0.0258672498166561,0.5268778204917908,0.5268778204917908,0.0088853537813499,0.1015761212920855,12.0,0.0050481240841136,0.1015761212920855,0.0,9.658241877959697e-19,0.0,2.8119985225476574e-18,0.0,8.739681935281378e-19,0.0,9.576074259543792e-18,0.0,0.0,False,220,14,timeout_no_goal,220,False,False,False,-1,,akita_black_bowl_1,False,-1,False,-1,False,0.0,0.0,-1,71,0.1709789199592217,1.439302750923347,0.4209925751763032,4.984698270819373,40875811.07791058,0.5268778204917908,/home/jovyan/shares/SR006.nfs2/spiridonov/malnev_world_model/YSDA_WORD_MODELS_PP/experiments/campaigns/phase1_boundary_20260724/videos/phase1_boundary_20260724__known_boundary_milk/libero_spatial_with_milk__task5__init0__pair0__rollout20__seed131940__successFalse__t220__frames220of220__pick_the_akita_black_bowl_next_to_the_ramekin_and_.mp4,220,220,172.0,True,False
libero_spatial_with_milk,5,20,0,20,131940,0,131940,4,64,pick the akita black bowl next to the ramekin and place it on the plate,-1,-1,none,-1,-1,-1,-1,4.0,0.0019399287411943,0.0084162289276719,0.0066804699599742,0.0031541942153126,0.0010570554295554,0.0009457521373406,0.0097729200497269,0.6032596826553345,0.0001512976596131,0.0003593564033508,0.0007885791128501,0.0016055053565651,0.4913772642612457,1.4790199995040894,20.512191772460938,1.0517727136611938,3.674234628677368,35.110538482666016,0.0065939230844378,0.011929134838283,0.0202917885035276,0.0056697484105825,0.0101003898307681,0.0174983963370323,0.0054254941642284,0.0096380747854709,0.0182133615016937,0.0083870061207562,0.0085316663607954,0.010886346688494,0.0119051449000835,0.0222502332180738,0.0229595880955457,0.0076297979103401,0.0076625887304544,0.007867774227634,0.0078820148482918,0.0069243245525285,0.0069952132180333,0.0069243245525285,0.0069952132180333,first,1.0,0.0,0.6033424735069275,0.5472050905227661,0.0,0.6033424735069275,3.0,0.603357195854187,False,0.6032596826553345,0.0001512976596131,0.0003593564033508,0.0222502350807189,0.0004616959195118,0.0069243246689438,5.199213410378434e-05,135940,135943,80,16,0,False,False,0.0,0.0,0.1231671849439794,0.0496220821292859,2.786076407285072e-07,2.786076397365278e-07,0.0,0.0,0.0,0.0,126.0,10.0,126.0,0.9106082601370604,1.2252449014768292,0.0888888888888888,0.1603186407638948,0.1519401998378726,0.2003983009548686,0.4868625466385027,3.608904590798755,7.624783755432343,145.80627579367732,725.12548828125,11.69259548187256,19.526671899491863,0.8651676963406616,1432.580078125,18.479433059692383,16.56961453428624,0.7358132584501981,0.1007814109325409,0.0201657153666019,0.0710575580596923,0.00978400465101,0.0192031934857368,0.6033424735069275,0.6033424735069275,0.0214448985035786,0.1399366255534571,12.0,0.1399366255534571,0.1174021564894868,0.0,2.434759335844039e-19,0.0,7.261480932840491e-19,0.0,3.3574121800470618e-18,0.0,8.091369647028894e-18,0.0,0.0,False,220,14,timeout_no_goal,220,False,False,False,-1,,akita_black_bowl_1,False,-1,False,-1,False,0.0,0.0,-1,71,0.1709789199592217,1.439302750923347,0.4209925751763032,4.984698270819373,40875811.07791058,0.6033424735069275,/home/jovyan/shares/SR006.nfs2/spiridonov/malnev_world_model/YSDA_WORD_MODELS_PP/experiments/campaigns/phase1_boundary_20260724/videos/phase1_boundary_20260724__known_boundary_milk/libero_spatial_with_milk__task5__init0__pair0__rollout20__seed131940__successFalse__t220__frames220of220__pick_the_akita_black_bowl_next_to_the_ramekin_and_.mp4,220,220,156.0,True,False
libero_spatial_with_milk,5,20,0,20,131940,0,131940,5,80,pick the akita black bowl next to the ramekin and place it on the plate,-1,-1,none,-1,-1,-1,-1,4.0,0.0017571587814018,0.0114080812782049,0.0096077360212802,0.0034369889181107,0.0004612110496964,0.0006055111880414,0.0099405786022543,0.7362882494926453,0.0005206352216191,0.0014660358428955,0.0005371977458707,0.0008744029910303,0.4797160923480987,1.4790199995040894,11.67261791229248,0.6295691132545471,1.8708287477493288,20.203651428222656,0.006192693952471,0.0113645875826478,0.0235832687467336,0.0055940793827176,0.0098668141290545,0.0197246223688125,0.0056124967522919,0.0098545812070369,0.0202420707792043,0.008003129158169,0.0080926669761538,0.0105260058771818,0.0108990175649523,0.0219158334657549,0.0225362461060285,0.0075584820006042,0.0076065841130912,0.0078674553660675,0.0079297320917248,0.0072110422188416,0.0072759604081511,0.0072110422188416,0.0072759604081511,first,1.0,0.0,0.73622065782547,-0.1298253834247589,0.0,0.73622065782547,1.0,0.7370195984840393,False,0.7362882494926453,0.0005206352216191,0.0014660358428955,0.0219158343970775,0.0005717994645237,0.0072110425680875,3.9309630665229633e-05,136940,136941,96,16,0,False,False,0.0,0.0,0.1709789199592217,0.0501617376532832,2.786076407285072e-07,2.786076397365278e-07,0.0,0.0,0.0,0.0,161.0,11.0,161.0,1.025969850354732,1.116188916765539,0.1111111111111111,0.2223312929444106,0.19511962236039,0.2779141161805133,0.6063645932997185,3.20252194426964,5.301459713300799,53.45668578204384,893.6201171875,14.022335052490234,18.619274238073803,0.8407723271102057,1573.7552490234375,18.31606101989746,16.161431692257878,0.711459153677548,0.0223886184394359,0.0053320284932851,0.0169306397438049,0.021036934107542,0.0059791128151118,0.73622065782547,0.73622065782547,0.0189033889700317,0.1953260699978971,12.0,0.1953260699978971,0.0315145976424843,0.0,6.597719274305739e-19,0.0,1.614882300883428e-18,0.0,1.4808067405449241e-18,0.0,5.272637697951359e-18,0.0,0.0,False,220,14,timeout_no_goal,220,False,False,False,-1,,akita_black_bowl_1,False,-1,False,-1,False,0.0,0.0,-1,71,0.1709789199592217,1.439302750923347,0.4209925751763032,4.984698270819373,40875811.07791058,0.73622065782547,/home/jovyan/shares/SR006.nfs2/spiridonov/malnev_world_model/YSDA_WORD_MODELS_PP/experiments/campaigns/phase1_boundary_20260724/videos/phase1_boundary_20260724__known_boundary_milk/libero_spatial_with_milk__task5__init0__pair0__rollout20__seed131940__successFalse__t220__frames220of220__pick_the_akita_black_bowl_next_to_the_ramekin_and_.mp4,220,220,140.0,True,False
libero_spatial_with_milk,5,20,0,20,131940,0,131940,6,96,pick the akita black bowl next to the ramekin and place it on the plate,-1,-1,none,-1,-1,-1,-1,4.0,0.0018979508895426,0.0076196053996682,0.0098347980529069,0.0036006718873977,0.0005715010920539,0.000769137404859,0.010777304880321,0.8400909304618835,0.0002288005634909,0.0005660653114318,0.0009443271555937,0.0021616474259644,0.8925046324729919,2.8284270763397217,28.234508514404297,3.4539263248443604,13.729530334472656,57.491302490234375,0.0062924777157604,0.0114893391728401,0.0208327900618314,0.0056670857593417,0.0101907262578606,0.0184096228331327,0.0057996893301606,0.01036589872092,0.0190208740532398,0.0082150681409984,0.0083225881680846,0.0110721383243799,0.0112481024116277,0.0235647335648536,0.02443159930408,0.0075293278787285,0.0076705017127096,0.0077434404520317,0.0078993421047925,0.0075679598376154,0.0079305851832032,0.0075679598376154,0.0079305851832032,first,1.0,0.0,0.840324878692627,1.0224984884262085,0.0,0.840324878692627,0.0,0.840324878692627,True,0.8400909304618835,0.0002288005634909,0.0005660653114318,0.0235647335648536,0.0005580664146691,0.0075679598376154,0.0002257417800137,137940,137940,112,16,0,False,False,0.0,0.0,0.1192118498015721,0.0479981372748,0.0018321745787286,2.786076397365278e-07,0.0,0.0,0.0,0.0,176.0,12.0,176.0,0.890682854733073,0.9936466456846312,0.1,0.1481107825993632,0.1360387130208353,0.185138478249204,0.5514479348575636,5.553699358713368,20.390999614707013,662.3830990106457,1002.8821411132812,15.608750343322754,18.11830463213085,0.825719214349217,2247.028564453125,26.712797164916992,14.61471767618554,0.6982408474296878,0.0302242897450923,0.0077264364808797,0.0180033147335052,0.0213706362992525,0.0070340242236852,0.840324878692627,0.840324878692627,0.0206151661499427,0.126111787548817,12.0,0.126111787548817,0.1086100949819118,0.0,1.6067516761363914e-18,0.0,1.6559610096604242e-18,0.0,1.4033917898583549e-18,0.0018319287481918,0.0108281825203918,0.0,0.0,False,220,14,timeout_no_goal,220,False,False,False,-1,,akita_black_bowl_1,False,-1,False,-1,False,0.0,0.0,-1,71,0.1709789199592217,1.439302750923347,0.4209925751763032,4.984698270819373,40875811.07791058,0.840324878692627,/home/jovyan/shares/SR006.nfs2/spiridonov/malnev_world_model/YSDA_WORD_MODELS_PP/experiments/campaigns/phase1_boundary_20260724/videos/phase1_boundary_20260724__known_boundary_milk/libero_spatial_with_milk__task5__init0__pair0__rollout20__seed131940__successFalse__t220__frames220of220__pick_the_akita_black_bowl_next_to_the_ramekin_and_.mp4,220,220,124.0,True,False
libero_spatial_with_milk,5,20,0,20,131940,0,131940,7,112,pick the akita black bowl next to the ramekin and place it on the plate,-1,-1,none,-1,-1,-1,-1,4.0,0.0084947319701313,0.0492387786507606,0.0381271764636039,0.0160853471606969,0.0018961512250825,0.0055186282843351,0.0503650195896625,0.8255136013031006,0.0013596585486084,0.0036459565162658,0.0022999374195933,0.0065046944655478,1.7085165977478027,7.228415966033935,68.01103210449219,2.895266056060791,13.435029029846191,66.59391784667969,0.0128486230969429,0.0373272337019443,0.0653527304530143,0.0062588797882199,0.0111637851223349,0.0228140950202941,0.0062998556531965,0.0110935326665639,0.0186579450964927,0.0106055443175137,0.0107527626678347,0.0208241483196616,0.0233914814889431,0.0277881249785423,0.029869383201003,0.0094062483403831,0.0096197016537189,0.010926695074886,0.0115111479535698,0.0079128498909994,0.0080118225887417,0.0079128498909994,0.0080118225887417,first,1.0,0.0,0.8262614607810974,0.550034761428833,0.0,0.8262614607810974,1.0,0.8270668387413025,False,0.8255136013031006,0.0013596585486084,0.0036459565162658,0.0277881249785423,0.0012044415343552,0.0079128500074148,7.866309897508472e-05,138940,138941,128,16,0,False,False,0.0,0.0,0.0347562957895264,0.0480822427399043,0.0017171287528735,0.0002245807352521,0.0,0.0,0.0,0.0,136.0,12.0,136.0,0.4887118856409513,0.7180746394913629,0.0777777777777777,0.0572417890078365,0.0457268542264166,0.0715522362597956,0.3957992338567245,4.935865262634832,9.12150092480357,2014.1754212252672,958.1201171875,15.20086669921875,18.316604019338342,0.8323869172734953,3528.8125,35.55956268310547,12.654517777073393,0.4820012485416262,0.1153816059231758,0.0278111267834901,0.075229525566101,0.0520531013607978,0.0101404227316379,0.8262614607810974,0.8262614607810974,0.0113449926590367,0.0850539052601637,12.0,0.0316180923762026,0.0850539052601637,0.0,1.9061864387557596e-19,0.0,2.0094957947023044e-18,0.0,3.989225438075717e-18,0.001911537969398,0.0108326633936214,0.0005189343410934,0.0062047785679611,False,220,14,timeout_no_goal,220,False,False,False,-1,,akita_black_bowl_1,False,-1,False,-1,False,0.0,0.0,-1,71,0.1709789199592217,1.439302750923347,0.4209925751763032,4.984698270819373,40875811.07791058,0.8262614607810974,/home/jovyan/shares/SR006.nfs2/spiridonov/malnev_world_model/YSDA_WORD_MODELS_PP/experiments/campaigns/phase1_boundary_20260724/videos/phase1_boundary_20260724__known_boundary_milk/libero_spatial_with_milk__task5__init0__pair0__rollout20__seed131940__successFalse__t220__frames220of220__pick_the_akita_black_bowl_next_to_the_ramekin_and_.mp4,220,220,108.0,True,False
libero_spatial_with_milk,5,20,0,20,131940,0,131940,8,128,pick the akita black bowl next to the ramekin and place it on the plate,-1,-1,none,-1,-1,-1,-1,4.0,0.004923942964524,0.0208270791918039,0.0218740664422512,0.0093673905357718,0.0016540385549888,0.0014033139450475,0.0281409919261932,0.8566014766693115,0.0010357097489759,0.002622902393341,0.0015087018255144,0.0028276061639189,1.195948362350464,4.924428939819336,53.9322509765625,2.35911226272583,10.304732322692873,64.4297103881836,0.0091022821143269,0.0189833473414182,0.0379408821463584,0.0057687675580382,0.0102011347189545,0.018064010888338,0.006076964084059,0.0106530953198671,0.0208844505250453,0.0098685752600431,0.0099333273246884,0.0166283990256488,0.0176224093884229,0.0289855473674833,0.0299324318766593,0.0077602267265319,0.0078047234565019,0.008118727011606,0.0083466256037354,0.0076818668749183,0.007914793677628,0.0076818668749183,0.007914793677628,first,1.0,0.0,0.8553019165992737,-1.2547531127929688,0.0,0.8553019165992737,1.0,0.8579248189926147,False,0.8566014766693115,0.0010357097489759,0.002622902393341,0.028985546901822,0.0008909653988666,0.0076818671077489,0.0001652597711654,139940,139941,144,16,0,False,False,0.0,0.0,0.0326991911894193,0.0531281568692544,0.0166058679734242,0.0145129281642858,0.0,0.0,0.0,0.0,132.0,11.0,132.0,0.4774020279141341,0.7649154245384291,0.1,0.0608098217738111,0.0332388147252074,0.0760122772172639,0.6130839839848294,7.675314151530839,28.404614801057672,6308.843426192544,1306.77587890625,18.36392593383789,16.968792514056453,0.7736113763482609,4279.68310546875,39.61913299560547,11.816687485466703,0.4520121906192159,0.0618199855089187,0.0147512666881084,0.0449233949184417,0.0578370615839958,0.0187587644904851,0.8553019165992737,0.8553019165992737,0.0379533379176188,0.2096542989492509,12.0,0.0304999692944591,0.0586887032329248,0.0,1.7199700107087249e-18,0.0,2.371367015988308e-18,0.0,4.961413369974958e-19,0.0172536767793601,0.2096542989492509,0.0135386903129762,0.1258047164424546,False,220,14,timeout_no_goal,220,False,False,False,-1,,akita_black_bowl_1,False,-1,False,-1,False,0.0,0.0,-1,71,0.1709789199592217,1.439302750923347,0.4209925751763032,4.984698270819373,40875811.07791058,0.8553019165992737,/home/jovyan/shares/SR006.nfs2/spiridonov/malnev_world_model/YSDA_WORD_MODELS_PP/experiments/campaigns/phase1_boundary_20260724/videos/phase1_boundary_20260724__known_boundary_milk/libero_spatial_with_milk__task5__init0__pair0__rollout20__seed131940__successFalse__t220__frames220of220__pick_the_akita_black_bowl_next_to_the_ramekin_and_.mp4,220,220,92.0,True,False
libero_spatial_with_milk,5,20,0,20,131940,0,131940,9,144,pick the akita black bowl next to the ramekin and place it on the plate,-1,-1,none,-1,-1,-1,-1,4.0,0.0051915221847593,0.0222940277308225,0.0154807111248373,0.0097401970997452,0.0018028765916824,0.0017114321235567,0.0286952257156372,0.8524505496025085,0.0013298169942572,0.0036290884017944,0.0014157994883134,0.0024392113555222,1.506474852561951,6.456585884094238,47.86700439453125,2.783911228179932,12.144957542419434,52.8174934387207,0.0095596583560109,0.0199961494654417,0.0335685424506664,0.0056803664192557,0.0100586060434579,0.0172586049884557,0.006307718809694,0.0110740568488836,0.0180972125381231,0.010029723169282,0.0101969260722398,0.0185669991187751,0.0201266333460807,0.03206931008026,0.0340441428124904,0.0078896922059357,0.0079606277868151,0.0082955923862755,0.0084891431033611,0.0077953053405508,0.0078350780531764,0.0077953053405508,0.0078350780531764,first,1.0,0.0,0.8529666066169739,0.3880662024021148,0.0,0.8529666066169739,2.0,0.853943943977356,False,0.8524505496025085,0.0013298169942572,0.0036290884017944,0.0320693105459213,0.0014476106734946,0.0077953054569661,3.11657931888476e-05,140940,140942,160,16,0,False,False,0.0,0.0,0.0262419406973516,0.0524460392241772,0.0200741694793796,0.0131045737386236,0.0,0.0,0.0,0.0,132.0,12.0,132.0,0.4015624054476293,0.700069674644254,0.1333333333333333,0.0444816483023012,0.017372003968033,0.0556020603778765,0.4336901681849411,5.813209702573788,14.75362602662906,5020.270031768872,1171.27587890625,17.46872329711914,17.44421161290522,0.7940656693780135,4441.005859375,42.61658477783203,11.655990146943356,0.4124960950323148,0.053032286465168,0.011849389411509,0.0363948047161102,0.0499495305120945,0.0062830694951117,0.8529666066169739,0.8529666066169739,0.0242252059321932,0.1918843547134494,12.0,0.0154942399065407,0.0168661057454595,0.0,1.4369609384549741e-18,0.0,2.480773886805564e-18,0.0,3.943182087549867e-18,0.0149106141440447,0.1918843547134494,0.0061052926367854,0.0454418640400395,False,220,14,timeout_no_goal,220,False,False,False,-1,,akita_black_bowl_1,False,-1,False,-1,False,0.0,0.0,-1,71,0.1709789199592217,1.439302750923347,0.4209925751763032,4.984698270819373,40875811.07791058,0.8529666066169739,/home/jovyan/shares/SR006.nfs2/spiridonov/malnev_world_model/YSDA_WORD_MODELS_PP/experiments/campaigns/phase1_boundary_20260724/videos/phase1_boundary_20260724__known_boundary_milk/libero_spatial_with_milk__task5__init0__pair0__rollout20__seed131940__successFalse__t220__frames220of220__pick_the_akita_black_bowl_next_to_the_ramekin_and_.mp4,220,220,76.0,True,False
libero_spatial_with_milk,5,20,0,20,131940,0,131940,10,160,pick the akita black bowl next to the ramekin and place it on the plate,-1,-1,none,-1,-1,-1,-1,4.0,0.0180738717317581,0.9204059839248656,0.0397113934159278,0.0158268827944993,0.0023248342331498,0.0720619484782219,0.1332080960273742,0.8517780900001526,0.0018581707263365,0.0049023032188415,0.0014658593572676,0.002773952204734,2.666220426559448,13.388427734375,81.75382232666016,2.8010177612304688,11.691343307495115,51.207298278808594,0.0227885544300079,0.045281808823347,0.9572786688804626,0.0058436198160052,0.0103309201076626,0.0187690518796443,0.0067274668253958,0.0116794910281896,0.0225062165409326,0.0113070253282785,0.0122092561796307,0.0621970777865499,0.1365061402320861,0.0338808596134185,0.0405474826693534,0.008420240599662,0.0084951166063547,0.0092882409226149,0.0097991442307829,0.0078570485347881,0.0079307556152343,0.0078570485347881,0.0079307556152343,first,1.0,0.0,0.8538756370544434,1.1288236379623413,0.0,0.8538756370544434,0.0,0.8538756370544434,True,0.8517780900001526,0.0018581707263365,0.0049023032188415,0.0338808596134185,0.0042358129285275,0.0078570479527115,8.896299550542608e-05,141940,141940,176,16,0,False,False,0.0,0.0,0.0495167487188392,0.0532856882044123,0.0204894137701255,0.0061997260755397,0.0,0.0,0.0,0.0,138.0,12.0,138.0,0.3961874635302042,0.591897726211116,0.1555555555555555,0.0568963344028052,0.02310032710982,0.0711204180035065,0.5244829224489959,5.764473228168952,17.92273389517517,3365.469430426589,1105.733154296875,17.383962631225586,17.694300291967323,0.8043913580091411,2390.75146484375,26.68362617492676,14.345459303218329,0.6362381982848622,0.0702569782733917,0.0165179129689931,0.0541475713253021,0.0634027868509292,0.0154051873832941,0.8538756370544434,0.8538756370544434,0.0128440107645879,0.0702712893977735,12.0,0.0259211409097456,0.0310352940691034,0.0,2.018735952859183e-18,0.0,3.1930150984356283e-18,0.0,1.5898930342150097e-18,0.0058795847133042,0.0702712893977735,0.0012579150125142,0.0197629050726142,False,220,14,timeout_no_goal,220,False,False,False,-1,,akita_black_bowl_1,False,-1,False,-1,False,0.0,0.0,-1,71,0.1709789199592217,1.439302750923347,0.4209925751763032,4.984698270819373,40875811.07791058,0.8538756370544434,/home/jovyan/shares/SR006.nfs2/spiridonov/malnev_world_model/YSDA_WORD_MODELS_PP/experiments/campaigns/phase1_boundary_20260724/videos/phase1_boundary_20260724__known_boundary_milk/libero_spatial_with_milk__task5__init0__pair0__rollout20__seed131940__successFalse__t220__frames220of220__pick_the_akita_black_bowl_next_to_the_ramekin_and_.mp4,220,220,60.0,True,False
libero_spatial_with_milk,5,20,0,20,131940,0,131940,11,176,pick the akita black bowl next to the ramekin and place it on the plate,-1,-1,none,-1,-1,-1,-1,4.0,0.0113764116540551,0.7187638878822327,0.0151276076212525,0.0085821915417909,0.0016631478210911,0.0488988645374774,0.0787928253412246,0.871233344078064,0.000812362297438,0.0021024942398071,0.0024971910752356,0.0102093527093529,1.099604249000549,4.062019348144531,32.69556427001953,2.8457629680633545,13.273564338684082,64.44135284423828,0.0157342553138732,0.0211255270987749,0.82082200050354,0.0065870755352079,0.013006480410695,0.0249181203544139,0.0060412837192416,0.010628911666572,0.0208653472363948,0.0111388671211898,0.011710911989212,0.0510316919535398,0.1100440099835395,0.0288799721747636,0.0322983525693416,0.0087230016943067,0.008926223963499,0.0099083839450031,0.0101106725633144,0.0078264134936034,0.0080246785655617,0.0078264134936034,0.0080246785655617,first,1.0,0.0,0.8711282014846802,-0.1294282078742981,0.0,0.8711282014846802,1.0,0.8720567226409912,False,0.871233344078064,0.000812362297438,0.0021024942398071,0.0288799721747636,0.0021195046138018,0.0078264130279421,0.0001953333121491,142940,142941,192,16,0,False,False,0.0,0.0,0.0482259866608409,0.0534884227165269,0.0249742296719028,0.0026623252244968,0.0,0.0,0.0,0.0,104.0,13.0,104.0,0.3821597497621156,0.554228840354526,0.1222222222222222,0.048903088405037,0.0213804742360495,0.0611288605062962,0.4889725740771178,6.290328388026846,13.636124720798902,4668.306230861996,1295.1605224609375,18.83018493652344,17.007567625675176,0.7746497361449552,3197.294189453125,32.20768737792969,13.082977624510876,0.5122139377553216,0.1317315399646759,0.03403065726161,0.0795978009700775,0.0846912264823913,0.0417474918067455,0.8711282014846802,0.8711282014846802,0.0146954716534162,0.1050544067465804,12.0,0.0273508218143332,0.039011079645278,0.0,1.755918708168843e-18,0.0,1.895131194298049e-18,0.0,2.813559655251128e-18,1.0741527800218532e-05,0.0001570959756831,0.0047615141313203,0.1050544067465804,False,220,14,timeout_no_goal,220,False,False,False,-1,,akita_black_bowl_1,False,-1,False,-1,False,0.0,0.0,-1,71,0.1709789199592217,1.439302750923347,0.4209925751763032,4.984698270819373,40875811.07791058,0.8711282014846802,/home/jovyan/shares/SR006.nfs2/spiridonov/malnev_world_model/YSDA_WORD_MODELS_PP/experiments/campaigns/phase1_boundary_20260724/videos/phase1_boundary_20260724__known_boundary_milk/libero_spatial_with_milk__task5__init0__pair0__rollout20__seed131940__successFalse__t220__frames220of220__pick_the_akita_black_bowl_next_to_the_ramekin_and_.mp4,220,220,44.0,True,False
libero_spatial_with_milk,5,20,0,20,131940,0,131940,12,192,pick the akita black bowl next to the ramekin and place it on the plate,-1,-1,none,-1,-1,-1,-1,4.0,0.0039091454818844,0.036191489547491,0.0147818606346845,0.0061650997959077,0.0016041771741583,0.0040561887435615,0.0210357904434204,0.9819481372833252,0.000567297975067,0.0015389323234558,0.0009794714860618,0.0026638363488018,1.1483900547027588,4.4930500984191895,35.19232940673828,2.1624176502227783,11.031206130981444,59.190372467041016,0.0082848109304904,0.0160696636885404,0.0620765797793865,0.0058176480233669,0.0102844266220927,0.0173270814120769,0.0059448662213981,0.010523784905672,0.018961438909173,0.0095137732569128,0.0098200989887118,0.0188465360552072,0.0267490595579147,0.0268326480872929,0.0280985720455646,0.0095144314691424,0.0096853263676166,0.0109691857360303,0.0110991988331079,0.0080045934300869,0.0081423260271549,0.0080045934300869,0.0081423260271549,first,1.0,0.0,0.981684386730194,-0.4649241864681244,0.0,0.981684386730194,3.0,0.9828471541404724,False,0.9819481372833252,0.000567297975067,0.0015389323234558,0.0268326476216316,0.0010177155490964,0.008004592731595,0.0001204955187859,143940,143943,208,16,0,False,False,0.0,0.0,0.0314003973712331,0.0639846607812213,0.026111842309397,0.0021693918203323,0.0,0.0,0.0,0.0,34.0,11.0,33.0,0.3962581263431937,0.5255195375015992,0.0777777777777777,0.0565399275854138,0.0476087956165517,0.0706749094817673,0.3497699680063225,3.586728103079413,6.616737805679551,1074.326770573265,1091.179443359375,17.103635787963867,17.751841851167995,0.8123123503272686,1394.894287109375,18.811769485473636,16.685390652759992,0.705366813201322,0.0668304115533828,0.0141494888812303,0.0597914159297943,0.062594749033451,0.0216185431927442,0.981684386730194,0.981684386730194,0.0203897958334005,0.1614898395476317,12.0,0.0237832806016085,0.1614898395476317,0.0,3.7158786085230873e-19,0.0,2.130448988637109e-18,0.0,3.2720127567219423e-18,5.83823705258928e-05,0.0005490149387579,0.0077973583307166,0.0509996742115655,False,220,14,timeout_no_goal,220,False,False,False,-1,,akita_black_bowl_1,False,-1,False,-1,False,0.0,0.0,-1,71,0.1709789199592217,1.439302750923347,0.4209925751763032,4.984698270819373,40875811.07791058,0.981684386730194,/home/jovyan/shares/SR006.nfs2/spiridonov/malnev_world_model/YSDA_WORD_MODELS_PP/experiments/campaigns/phase1_boundary_20260724/videos/phase1_boundary_20260724__known_boundary_milk/libero_spatial_with_milk__task5__init0__pair0__rollout20__seed131940__successFalse__t220__frames220of220__pick_the_akita_black_bowl_next_to_the_ramekin_and_.mp4,220,220,28.0,True,False
libero_spatial_with_milk,5,20,0,20,131940,0,131940,13,208,pick the akita black bowl next to the ramekin and place it on the plate,-1,-1,none,-1,-1,-1,-1,4.0,0.0034765633754432,0.0236453730612993,0.0245962906628847,0.0071931802667677,0.000622889783699,0.0008877339423634,0.0223501250147819,0.9887421131134032,0.0004283747402951,0.0011973977088928,0.0006996197043918,0.0015853659715503,0.7985762357711792,2.7386128902435303,34.09820556640625,1.1930586099624634,5.244044303894043,41.8270263671875,0.007570032030344,0.017832662910223,0.0362555645406246,0.0056655565276741,0.0101202065125107,0.0195799656212329,0.0058892089873552,0.0104565490037202,0.0183640960603952,0.0082240353804081,0.0083427531644701,0.0128747418057173,0.0142572186887264,0.025737383402884,0.026787394657731,0.0082126117777079,0.0083313658833503,0.0088019985705614,0.0090795494616031,0.0077156176557764,0.0079267844557762,0.0077156176557764,0.0079267844557762,first,1.0,0.0,0.9881092309951782,-1.477402925491333,0.0,0.9881092309951782,3.0,0.989306628704071,False,0.9887421131134032,0.0004283747402951,0.0011973977088928,0.0257373843342065,0.001075685606338,0.0077156173065304,0.0001230466150445,144940,144943,220,12,0,False,False,0.0,0.0,0.022830013303251,0.1102717887301046,0.0251699969115196,1.528459040889274e-06,0.0,0.0,0.0,0.0,0.0,0.0,0.0,0.1558215519738419,0.2628093578777737,0.2121212121212121,0.0183488673459938,0.0172790924475181,0.0305814455766564,0.1439424009996265,2.9885953779588386,17.121539211060597,3626.754161551452,755.0009765625,12.81592082977295,19.351328474964298,0.8695375086345996,1371.8726806640625,18.32221221923828,16.757665531785154,0.7359006009665588,0.0873138904571533,0.024311389774084,0.058949738740921,0.0388538017868995,0.0638363733887672,0.9881092309951782,0.9881092309951782,8.045051431089681e-05,0.000805027084592,12.0,2.565826573025996e-05,0.000805027084592,0.0,6.751506165585899e-19,0.0,6.24445498924954e-19,0.0,6.177473814462704e-19,2.4839088364366327e-06,8.246369713149011e-05,3.879047263542386e-06,4.58941681769552e-05,False,220,14,timeout_no_goal,220,False,False,False,-1,,akita_black_bowl_1,False,-1,False,-1,False,0.0,0.0,-1,71,0.1709789199592217,1.439302750923347,0.4209925751763032,4.984698270819373,40875811.07791058,0.9881092309951782,/home/jovyan/shares/SR006.nfs2/spiridonov/malnev_world_model/YSDA_WORD_MODELS_PP/experiments/campaigns/phase1_boundary_20260724/videos/phase1_boundary_20260724__known_boundary_milk/libero_spatial_with_milk__task5__init0__pair0__rollout20__seed131940__successFalse__t220__frames220of220__pick_the_akita_black_bowl_next_to_the_ramekin_and_.mp4,220,220,12.0,True,True
libero_spatial_with_milk,5,21,0,21,132037,0,132037,0,0,pick the akita black bowl next to the ramekin and place it on the plate,-1,-1,none,-1,-1,-1,-1,4.0,0.001316844834946,0.0096995709463953,0.0097697116434574,0.0021326576825231,0.0006857200642116,0.0007627800805494,0.0075932848267257,0.3304730057716369,0.0006834972882643,0.0018252730369567,0.0004511417646426,0.0009433916420675,0.4619362354278564,1.4142135381698608,15.927570343017578,0.7978445291519165,3.082206964492798,22.1697998046875,0.006244137417525,0.0112107144668698,0.0227106735110282,0.005666225682944,0.0100557468831539,0.0183301176875829,0.0057516451925039,0.0102802710607647,0.017387906089425,0.0078816829482093,0.0080369859933853,0.0104525964707136,0.0108264656737446,0.0221273531205952,0.0227974485605955,0.0074804489267989,0.0075745191425085,0.0077199396910145,0.0079010985791683,0.0071986929979175,0.0073478808626532,0.0071986929979175,0.0073478808626532,first,1.0,0.0,0.3304377794265747,-0.0515383817255497,0.0,0.3304377794265747,2.0,0.3312142491340637,False,0.3304730057716369,0.0006834972882643,0.0018252730369567,0.0221273526549339,0.0004719499847851,0.0071986932307481,0.0001177116137114,132037,132039,16,16,0,False,False,0.0,0.0,2.786076397365278e-07,0.3218326139159608,2.786076407285072e-07,2.786076397365278e-07,0.0,0.0,0.0,0.0,0.0,0.0,0.0,0.7156870788870264,0.8393387858695813,0.1111111111111111,0.139878077490511,0.1398395018409407,0.1748475968631388,0.2786435586252054,1.662124040891355,6.043845153670038,67.62098694772347,610.6716918945312,10.446694374084473,20.272725724242694,0.8812136020844689,811.4285888671875,12.18957233428955,19.03830055837616,0.8571447173684665,0.0081714177504181,0.0019244663417339,0.0066438317298889,0.0025363024324178,0.0068371198140084,0.3304377794265747,0.3304377794265747,1.16389610723593e-07,2.934624683612667e-07,12.0,2.934624683612516e-07,5.883756821223136e-09,2.934624683612667e-07,5.883756828945271e-09,2.530519738197512e-07,5.400280091796893e-17,2.6346862755526685e-07,3.568444197953375e-09,2.673608637928073e-07,9.187799773261428e-09,1.3438404960466898e-09,1.3286213395511305e-12,False,220,14,target_drop_candidate,216,False,False,False,-1,,akita_black_bowl_1,True,216,False,-1,False,0.0,0.0,-1,71,0.1798734938929331,1.5017685268450045,0.3775818996655274,3.2703292729819875,20660442.56824032,0.3304377794265747,/home/jovyan/shares/SR006.nfs2/spiridonov/malnev_world_model/YSDA_WORD_MODELS_PP/experiments/campaigns/phase1_boundary_20260724/videos/phase1_boundary_20260724__known_boundary_milk/libero_spatial_with_milk__task5__init0__pair0__rollout21__seed132037__successFalse__t220__frames220of220__pick_the_akita_black_bowl_next_to_the_ramekin_and_.mp4,220,220,216.0,True,False
libero_spatial_with_milk,5,21,0,21,132037,0,132037,1,16,pick the akita black bowl next to the ramekin and place it on the plate,-1,-1,none,-1,-1,-1,-1,4.0,0.0013633554335683,0.0069728591479361,0.0035037132911384,0.0022451702971011,0.0006875024992041,0.000745469063986,0.0070831994526088,0.3498120605945587,0.0002179113798774,0.0005750954151153,0.000400977267418,0.0007485357346013,0.4071333706378937,1.2247449159622192,15.658464431762695,0.5289168357849121,1.785357117652893,12.459936141967772,0.0060358485206961,0.0107116252183914,0.0207217149436473,0.0056288396008312,0.010038056410849,0.017956580966711,0.0055055054835975,0.0098325759172439,0.0179568342864513,0.0076585799688473,0.0077194678597152,0.0095786980818957,0.0100099714472889,0.0204664589837193,0.0210749823600053,0.0074628229485824,0.0075488705188035,0.0077593503519892,0.0079642040655016,0.0070289126597344,0.0070893107913434,0.0070289126597344,0.0070893107913434,first,1.0,0.0,0.3499323725700378,0.5521142482757568,0.0,0.3499323725700378,3.0,0.350029855966568,False,0.3498120605945587,0.0002179113798774,0.0005750954151153,0.0204664580523967,0.0003724114212673,0.0070289126597344,7.06350983818993e-05,133037,133040,32,16,0,False,False,0.0,0.0,2.786076397365278e-07,0.2376046789458101,2.786076407285072e-07,2.786076397365278e-07,0.0,0.0,0.0,0.0,0.0,0.0,0.0,0.8492275520695671,0.8772591816541613,0.0222222222222222,0.1684138459181674,0.1660643576718919,0.2105173073977093,0.1563033830701664,1.0237802822557442,2.6072880001483103,11.044786027811028,692.0751342773438,11.442116737365724,19.729271152106488,0.8703278976744727,827.5214233398438,11.116244316101074,18.953011150149056,0.8258529743369384,0.0102781280875206,0.0022985662799328,0.0077522844076156,0.0020206882618367,0.0099713765084743,0.3499323725700378,0.3499323725700378,7.107043546495816e-18,3.7033908944096927e-17,12.0,0.0,3.662818125519754e-17,0.0,3.7033908944096927e-17,0.0,4.4015761419777735e-18,0.0,1.5047191535436416e-18,0.0,5.7161370631339014e-18,0.0,0.0,False,220,14,target_drop_candidate,216,False,False,False,-1,,akita_black_bowl_1,True,216,False,-1,False,0.0,0.0,-1,71,0.1798734938929331,1.5017685268450045,0.3775818996655274,3.2703292729819875,20660442.56824032,0.3499323725700378,/home/jovyan/shares/SR006.nfs2/spiridonov/malnev_world_model/YSDA_WORD_MODELS_PP/experiments/campaigns/phase1_boundary_20260724/videos/phase1_boundary_20260724__known_boundary_milk/libero_spatial_with_milk__task5__init0__pair0__rollout21__seed132037__successFalse__t220__frames220of220__pick_the_akita_black_bowl_next_to_the_ramekin_and_.mp4,220,220,200.0,True,False
libero_spatial_with_milk,5,21,0,21,132037,0,132037,2,32,pick the akita black bowl next to the ramekin and place it on the plate,-1,-1,none,-1,-1,-1,-1,4.0,0.0018609615508466,0.0087839039042592,0.0110156396403908,0.0035971328616142,0.0005058839451521,0.0007176820654422,0.0105038620531558,0.4121948480606079,0.0007524651591666,0.0018604397773742,0.000545623304788,0.0009283539257012,0.4862226247787475,1.4790199995040894,12.132085800170898,0.717129111289978,2.861380815505981,32.68791961669922,0.0061825616285204,0.0112167308107018,0.0218548215925693,0.0055649462155997,0.009884170256555,0.0160972010344266,0.005494134966284,0.0096990037709474,0.0181056763976812,0.0077856553252786,0.0078322170302271,0.009767924901098,0.010082671418786,0.0201932755298912,0.0206700284034013,0.0073793433839455,0.0074707376770675,0.007684335578233,0.0077238529920578,0.0068027154775336,0.0069191800430417,0.0068027154775336,0.0069191800430417,first,1.0,0.0,0.4125311374664306,0.4469169080257416,0.0,0.4125311374664306,2.0,0.4127601683139801,False,0.4121948480606079,0.0007524651591666,0.0018604397773742,0.0201932750642299,0.0003491617972031,0.0068027158267796,7.521864608861506e-05,134037,134039,48,16,0,False,False,0.0,0.0,2.786076397365278e-07,0.0824142272670655,2.786076407285072e-07,2.786076397365278e-07,0.0,0.0,0.0,0.0,0.0,0.0,0.0,0.8820275955700103,0.9685669482841942,0.0888888888888888,0.1817080536902917,0.1684032611419873,0.2271350671128646,0.4260854386873126,2.740955418059992,5.646917248508164,60.8320862329026,798.9098510742188,12.392850875854492,19.105825845449598,0.8531730348606082,309.87030029296875,7.797001361846924,23.219004078522044,0.9325145549003968,0.0117322858422994,0.0032887130510061,0.0059057921171188,0.008618920110166,0.0077862939797341,0.4125311374664306,0.4125311374664306,8.74533577069621e-19,5.394187790356497e-18,12.0,0.0,1.7069435189914229e-18,0.0,5.716311527262597e-19,0.0,2.2330543503547826e-18,0.0,5.885861124064891e-19,0.0,5.394187790356497e-18,0.0,0.0,False,220,14,target_drop_candidate,216,False,False,False,-1,,akita_black_bowl_1,True,216,False,-1,False,0.0,0.0,-1,71,0.1798734938929331,1.5017685268450045,0.3775818996655274,3.2703292729819875,20660442.56824032,0.4125311374664306,/home/jovyan/shares/SR006.nfs2/spiridonov/malnev_world_model/YSDA_WORD_MODELS_PP/experiments/campaigns/phase1_boundary_20260724/videos/phase1_boundary_20260724__known_boundary_milk/libero_spatial_with_milk__task5__init0__pair0__rollout21__seed132037__successFalse__t220__frames220of220__pick_the_akita_black_bowl_next_to_the_ramekin_and_.mp4,220,220,184.0,True,False
libero_spatial_with_milk,5,21,0,21,132037,0,132037,3,48,pick the akita black bowl next to the ramekin and place it on the plate,-1,-1,none,-1,-1,-1,-1,4.0,0.001768511836417,0.008831170387566,0.0093293292447924,0.0028184971306473,0.0009588036336936,0.0010476803872734,0.0092989234253764,0.5248549580574036,0.0002178430004278,0.0005217790603637,0.0008560774149373,0.0019808649085462,0.4730230271816253,1.4790199995040894,11.247221946716309,0.8564823269844055,3.391165018081665,28.41104507446289,0.0062098330818116,0.0112245008349418,0.020168388262391,0.0055672964081168,0.0098686125129461,0.0167092829942703,0.0052131828851997,0.0092695886269211,0.0166898295283317,0.0079084461322054,0.0080053731799125,0.0107528234366327,0.0121763544157147,0.0221837316639721,0.0226911809295415,0.0076293487800285,0.0077679827809333,0.0079477137187495,0.0081272339448332,0.0066874081967398,0.0067638736218214,0.0066874081967398,0.0067638736218214,first,1.0,0.0,0.5247421264648438,-0.517949104309082,0.0,0.5247421264648438,2.0,0.525231659412384,False,0.5248549580574036,0.0002178430004278,0.0005217790603637,0.022183733060956,0.0003321965050417,0.0066874083131551,6.920617306604981e-05,135037,135039,64,16,0,False,False,0.0,0.0,0.0049430032247651,0.0475819683953773,2.786076407285072e-07,2.786076397365278e-07,0.0,0.0,0.0,0.0,53.0,7.0,51.0,0.330165425215798,0.8784039020136072,0.1111111111111111,0.075298528956985,0.0556741342028517,0.0941231611962312,0.4376402344452232,5.5670968200895805,14.380800147703702,1990.3550903255868,758.0733032226562,11.908807754516602,19.333691583415607,0.8618850266130295,416.528076171875,9.42068576812744,21.93436080417872,0.9145242057909314,0.068173624575138,0.0146567039191722,0.0582289099693298,0.0146821150556206,0.0201708227396011,0.5247421264648438,0.5247421264648438,0.0082185982521854,0.0935912301255937,12.0,0.005031948900631,0.0935912301255937,0.0,1.435901047417931e-18,0.0,2.2113183839258564e-18,0.0,6.641124137038203e-19,0.0,9.609449728840774e-18,0.0,0.0,False,220,14,target_drop_candidate,216,False,False,False,-1,,akita_black_bowl_1,True,216,False,-1,False,0.0,0.0,-1,71,0.1798734938929331,1.5017685268450045,0.3775818996655274,3.2703292729819875,20660442.56824032,0.5247421264648438,/home/jovyan/shares/SR006.nfs2/spiridonov/malnev_world_model/YSDA_WORD_MODELS_PP/experiments/campaigns/phase1_boundary_20260724/videos/phase1_boundary_20260724__known_boundary_milk/libero_spatial_with_milk__task5__init0__pair0__rollout21__seed132037__successFalse__t220__frames220of220__pick_the_akita_black_bowl_next_to_the_ramekin_and_.mp4,220,220,168.0,True,False
libero_spatial_with_milk,5,21,0,21,132037,0,132037,4,64,pick the akita black bowl next to the ramekin and place it on the plate,-1,-1,none,-1,-1,-1,-1,4.0,0.0021667776163667,0.0150846634060144,0.0044688531197607,0.0039196796715259,0.0009336252696812,0.0006075272103771,0.0125726098194718,0.6050569415092468,0.0005277202581055,0.0013518333435058,0.0009320267708972,0.001485796761699,0.5144333243370056,1.5,15.827191352844238,1.1271206140518188,4.085033893585205,40.89620971679688,0.0067432825453579,0.0128297433257102,0.0281966459006071,0.0056719025596976,0.0101761631667613,0.0191009379923343,0.0054631037637591,0.0097033735364675,0.0202649105340242,0.0083447915967553,0.0084238545969128,0.0114869023673236,0.0124564776197075,0.0220606876537203,0.0224905908107757,0.0076849355828017,0.0077823349274694,0.0079308798303827,0.0080628143623471,0.0068907742388546,0.0070741507224738,0.0068907742388546,0.0070741507224738,first,1.0,0.0,0.6053932905197144,0.6373623013496399,0.0,0.6053932905197144,2.0,0.6055300235748291,False,0.6050569415092468,0.0005277202581055,0.0013518333435058,0.0220606867223978,0.0003589426924008,0.0068907742388546,0.0001096166524803,136037,136039,80,16,0,False,False,0.0,0.0,0.1252452425894388,0.0497424552526521,2.786076407285072e-07,2.786076397365278e-07,0.0,0.0,0.0,0.0,124.0,8.0,124.0,0.911255043730031,1.228493119276213,0.0666666666666666,0.1599261077064397,0.151243309945611,0.1999076346330496,0.4881320149052517,3.616627978391675,6.984882232655013,146.8608481568183,735.6452026367188,11.785534858703612,19.46411953716024,0.8633885177117407,1001.9175415039062,15.065303802490234,18.122483805976067,0.8169568307072395,0.0419985838234424,0.0097678704187273,0.0265762209892272,0.0083111710846424,0.0172083154320716,0.6053932905197144,0.6053932905197144,0.0176916630845324,0.1440474508985937,12.0,0.1440474508985937,0.068252506115796,0.0,5.00036486255159e-19,0.0,2.7761606051998837e-18,0.0,1.441229753741204e-18,0.0,3.1145321996311733e-18,0.0,0.0,False,220,14,target_drop_candidate,216,False,False,False,-1,,akita_black_bowl_1,True,216,False,-1,False,0.0,0.0,-1,71,0.1798734938929331,1.5017685268450045,0.3775818996655274,3.2703292729819875,20660442.56824032,0.6053932905197144,/home/jovyan/shares/SR006.nfs2/spiridonov/malnev_world_model/YSDA_WORD_MODELS_PP/experiments/campaigns/phase1_boundary_20260724/videos/phase1_boundary_20260724__known_boundary_milk/libero_spatial_with_milk__task5__init0__pair0__rollout21__seed132037__successFalse__t220__frames220of220__pick_the_akita_black_bowl_next_to_the_ramekin_and_.mp4,220,220,152.0,True,False
libero_spatial_with_milk,5,21,0,21,132037,0,132037,5,80,pick the akita black bowl next to the ramekin and place it on the plate,-1,-1,none,-1,-1,-1,-1,4.0,0.0012713932665064,0.0067815682850778,0.0033108138013631,0.0021873738151043,0.0005388887948356,0.0007209657924249,0.0067136194556951,0.7111090421676636,0.0002378558419877,0.0006420016288757,0.0004214145883452,0.0006331138429231,0.4536409378051758,1.4142135381698608,10.735455513000488,0.5947620868682861,1.9202864170074463,19.19635391235352,0.0059611857868731,0.010812715627253,0.0187563113868236,0.0056235427036881,0.0099980598315596,0.0174732822924852,0.0055868444032967,0.0099390679970383,0.0173864625394344,0.0078626122558489,0.0079748351126909,0.0101660024374723,0.0104176811873912,0.0214472427032887,0.022136403247714,0.0075482834363356,0.0076645952649414,0.0078398290788754,0.0079218223690986,0.007207510061562,0.0073640742339193,0.007207510061562,0.0073640742339193,first,1.0,0.0,0.7111930847167969,0.353333979845047,0.0,0.7111930847167969,1.0,0.7113595604896545,False,0.7111090421676636,0.0002378558419877,0.0006420016288757,0.02144724316895,0.0004678211116697,0.007207510061562,9.408812911715358e-05,137037,137038,96,16,0,False,False,0.0,0.0,0.1798734938929331,0.0502615939552729,2.786076407285072e-07,2.786076397365278e-07,0.0,0.0,0.0,0.0,185.0,12.0,185.0,1.023307966297748,1.1440942971588046,0.1666666666666666,0.220497113222212,0.1996546264265881,0.2756213915277651,0.5115477478413971,2.752166877052055,5.555215242849042,43.22462232483285,879.7110595703125,13.924047470092772,18.68740308990152,0.8431541692045437,1602.577392578125,18.831148147583008,16.082613489747015,0.693998119522669,0.0569221414625644,0.0134598528966307,0.0378344655036926,0.0205610189586877,0.0116300741210579,0.7111930847167969,0.7111930847167969,0.0210764400321079,0.195333332251093,12.0,0.195333332251093,0.0575839481342017,0.0,6.353934251333067e-19,0.0,4.0595746058266685e-18,0.0,1.7111573893834376e-18,0.0,8.063766648061644e-18,0.0,0.0,False,220,14,target_drop_candidate,216,False,False,False,-1,,akita_black_bowl_1,True,216,False,-1,False,0.0,0.0,-1,71,0.1798734938929331,1.5017685268450045,0.3775818996655274,3.2703292729819875,20660442.56824032,0.7111930847167969,/home/jovyan/shares/SR006.nfs2/spiridonov/malnev_world_model/YSDA_WORD_MODELS_PP/experiments/campaigns/phase1_boundary_20260724/videos/phase1_boundary_20260724__known_boundary_milk/libero_spatial_with_milk__task5__init0__pair0__rollout21__seed132037__successFalse__t220__frames220of220__pick_the_akita_black_bowl_next_to_the_ramekin_and_.mp4,220,220,136.0,True,False
libero_spatial_with_milk,5,21,0,21,132037,0,132037,6,96,pick the akita black bowl next to the ramekin and place it on the plate,-1,-1,none,-1,-1,-1,-1,4.0,0.0020897255744785,0.0083452863618731,0.0136323794722557,0.003934992942959,0.000701246142853,0.0007193630444817,0.0116191776469349,0.8238708972930908,0.0001309397048316,0.000327706336975,0.0011960515985265,0.0032384872902184,0.7903475165367126,2.586019992828369,12.845232963562012,3.175661563873291,15.827191352844238,48.489044189453125,0.0064453459344804,0.0118645392358303,0.0210895631462335,0.0056589478626847,0.0100953662768006,0.0190223753452301,0.0055405595339834,0.0099093886092305,0.015761287882924,0.0081375311128795,0.0082068983465433,0.0107951508834958,0.0114609710872173,0.0224821516312658,0.0235536489635705,0.0073752101743593,0.0074409819208085,0.0076072567608207,0.0077250842005014,0.0071858607698231,0.0072744307108223,0.0071858607698231,0.0072744307108223,first,1.0,0.0,0.8238115906715393,-0.4529307782649994,0.0,0.8238115906715393,2.0,0.8240957260131836,False,0.8238708972930908,0.0001309397048316,0.000327706336975,0.0224821511656045,0.0007837818702682,0.0071858605369925,6.655194010818377e-05,138037,138039,112,16,0,False,False,0.0,0.0,0.1446776130454319,0.0505096073611431,0.0005319001713727,0.0005202799970992,0.0,0.0,0.0,0.0,197.0,13.0,197.0,0.9281018228648028,1.080456638088395,0.0666666666666666,0.163210296384371,0.1471746132091738,0.2040128704804638,0.4169825405465249,2.923046755977261,8.190281334018946,106.63104792791532,1020.2033081054688,15.595098495483398,18.04393633429632,0.8234918715329592,3165.814697265625,32.88311767578125,13.125948698962794,0.5606686267798106,0.0507693514227867,0.0118348952382802,0.0408152341842651,0.0193121172487735,0.0174910556524992,0.8238115906715393,0.8238115906715393,0.015112445736526,0.1460232729630339,12.0,0.1460232729630339,0.0308199531612163,0.0,2.3654650781107862e-18,0.0,5.422555658580533e-18,0.0,9.669851987714217e-19,0.0003087803458628,0.0041973423681991,0.0,0.0,False,220,14,target_drop_candidate,216,False,False,False,-1,,akita_black_bowl_1,True,216,False,-1,False,0.0,0.0,-1,71,0.1798734938929331,1.5017685268450045,0.3775818996655274,3.2703292729819875,20660442.56824032,0.8238115906715393,/home/jovyan/shares/SR006.nfs2/spiridonov/malnev_world_model/YSDA_WORD_MODELS_PP/experiments/campaigns/phase1_boundary_20260724/videos/phase1_boundary_20260724__known_boundary_milk/libero_spatial_with_milk__task5__init0__pair0__rollout21__seed132037__successFalse__t220__frames220of220__pick_the_akita_black_bowl_next_to_the_ramekin_and_.mp4,220,220,120.0,True,False
libero_spatial_with_milk,5,21,0,21,132037,0,132037,7,112,pick the akita black bowl next to the ramekin and place it on the plate,-1,-1,none,-1,-1,-1,-1,4.0,0.0055481372401118,0.0298735629767179,0.0178751572966575,0.0106479376554489,0.001690040808171,0.0018230264540761,0.032562505453825,0.8513325452804565,0.001147401286289,0.002841830253601,0.0017443357501178,0.0048127663321793,1.3510894775390625,5.356071472167969,59.33538055419922,3.72132420539856,16.19220542907715,67.54627990722656,0.0099547104910016,0.0238465778529644,0.0458697788417339,0.0059720338322222,0.0107142021879553,0.0182472560554742,0.0062360726296901,0.0110825700685381,0.0214795917272567,0.0104400836862623,0.0106986910104751,0.0174410878680646,0.0186999142169952,0.0309165101498365,0.0324711501598358,0.00838283309713,0.0085175121203064,0.0098479501903057,0.0103213060647249,0.0079789306037127,0.0082579217851161,0.0079789306037127,0.0082579217851161,first,1.0,0.0,0.849435031414032,-1.6537491083145142,0.0,0.849435031414032,2.0,0.8522768616676331,False,0.8513325452804565,0.001147401286289,0.002841830253601,0.0309165101498365,0.0009676410700194,0.007978931069374,0.0001965141564141,139037,139039,128,16,0,False,False,0.0,0.0,0.0144577008995167,0.0475204223577604,0.0072306622388757,0.0017895678968964,0.0,0.0,0.0,0.0,167.0,12.0,165.0,0.4293237163265295,0.8888430388681551,0.1,0.042432584888263,0.020150529935568,0.0530407311103287,0.4605531578845904,5.185317024569868,13.544583753529054,5525.399075094837,993.1578369140624,15.84256076812744,18.16062086940926,0.825204472912911,4018.656005859375,37.60944747924805,12.08999528388476,0.4299925146538074,0.1007449924945831,0.0220113359391689,0.083422839641571,0.0467783734202384,0.0314310826361179,0.849435031414032,0.849435031414032,0.0093387215196591,0.0761846722962,12.0,0.0106304812865321,0.0761846722962,0.0,3.4690135856444647e-19,0.0,3.204047129107567e-18,0.0,6.795777168436276e-19,0.0070977368806019,0.0181517677725753,0.0,0.0,False,220,14,target_drop_candidate,216,False,False,False,-1,,akita_black_bowl_1,True,216,False,-1,False,0.0,0.0,-1,71,0.1798734938929331,1.5017685268450045,0.3775818996655274,3.2703292729819875,20660442.56824032,0.849435031414032,/home/jovyan/shares/SR006.nfs2/spiridonov/malnev_world_model/YSDA_WORD_MODELS_PP/experiments/campaigns/phase1_boundary_20260724/videos/phase1_boundary_20260724__known_boundary_milk/libero_spatial_with_milk__task5__init0__pair0__rollout21__seed132037__successFalse__t220__frames220of220__pick_the_akita_black_bowl_next_to_the_ramekin_and_.mp4,220,220,104.0,True,False
libero_spatial_with_milk,5,21,0,21,132037,0,132037,8,128,pick the akita black bowl next to the ramekin and place it on the plate,-1,-1,none,-1,-1,-1,-1,4.0,0.0167117230594158,0.8290287256240845,0.0487237870693206,0.0167558416724205,0.0027353118639439,0.0585085935890674,0.1157195270061492,0.9793514609336852,0.0044686626642942,0.0123909711837768,0.0061835008673369,0.0261478666216135,2.0054712295532227,8.68907356262207,82.36200714111328,3.4976844787597656,14.042346954345703,60.25518798828125,0.0216528642922639,0.0465643741190433,0.8548291325569153,0.0100827179849147,0.0280522461980581,0.0387167446315288,0.0104790246114134,0.0164085831493139,0.0247859805822372,0.0108978871721774,0.0115091558545827,0.0499093518592417,0.1180226728320121,0.0327284787781536,0.0338811315596103,0.0087858699262142,0.009049329906702,0.0102265812456607,0.0110352700576186,0.0081565114669501,0.0083048325031995,0.0081565114669501,0.0083048325031995,first,1.0,0.0,0.9784711599349976,-0.1969942897558212,0.0,0.9784711599349976,3.0,0.9852523803710938,False,0.9793514609336852,0.0044686626642942,0.0123909711837768,0.0327284783124923,0.0010444108629599,0.0081565119326114,0.0001274181122425,140037,140040,144,16,0,False,False,0.0,0.0,0.0138697188218938,0.0477567903882214,0.0067488030769123,0.0004556414007158,0.0,0.0,0.0,0.0,69.0,12.0,67.0,0.4547680567697482,0.7208133366615486,0.0555555555555555,0.0495755229931213,0.0409240382137959,0.0619694037414016,0.2726666673449162,3.490087913129951,14.442495689712649,2104.173108244624,907.0513305664062,14.58006477355957,18.554484961331116,0.8377669922146977,2807.615478515625,30.839258193969727,13.647427328353164,0.5816632312065326,0.1208198890089988,0.025325022637844,0.0968447923660278,0.0665024667978286,0.0982269942760467,0.9784711599349976,0.9784711599349976,0.0018376273935437,0.0098111553937817,12.0,0.0031406154051983,0.0098111553937817,0.0,1.847614000470078e-18,0.0,3.084407853671258e-18,0.0,1.322304545853134e-18,0.0024316996207837,0.0066680583027612,0.0,0.0,False,220,14,target_drop_candidate,216,False,False,False,-1,,akita_black_bowl_1,True,216,False,-1,False,0.0,0.0,-1,71,0.1798734938929331,1.5017685268450045,0.3775818996655274,3.2703292729819875,20660442.56824032,0.9784711599349976,/home/jovyan/shares/SR006.nfs2/spiridonov/malnev_world_model/YSDA_WORD_MODELS_PP/experiments/campaigns/phase1_boundary_20260724/videos/phase1_boundary_20260724__known_boundary_milk/libero_spatial_with_milk__task5__init0__pair0__rollout21__seed132037__successFalse__t220__frames220of220__pick_the_akita_black_bowl_next_to_the_ramekin_and_.mp4,220,220,88.0,True,False
libero_spatial_with_milk,5,21,0,21,132037,0,132037,9,144,pick the akita black bowl next to the ramekin and place it on the plate,-1,-1,none,-1,-1,-1,-1,4.0,0.1513537615537643,0.8708866834640503,0.1022938713431358,0.0583486109972,0.0063714743591845,0.8653160333633423,1.0295748710632324,0.912514626979828,0.0659748539328575,0.158036470413208,0.151213452219963,0.6930192708969116,1.950427770614624,7.790218353271484,68.78726196289062,6.847437858581543,31.93149185180664,85.88473510742188,0.1585777699947357,0.8677315711975098,0.8874050378799438,0.1545099318027496,0.6935412883758545,0.7108758091926575,0.1320700943470001,0.1387011706829071,0.1480530947446823,0.0091954581439495,0.0098528349772095,0.0142193331848829,0.0174875780940055,0.0270197335630655,0.030040118843317,0.0083018677541986,0.0093478560447692,0.0089264302514493,0.010729057714343,0.0086530951084569,0.0091070951893925,0.0086530951084569,0.0091070951893925,first,1.0,0.0,0.9552664756774902,0.6480021476745605,0.0,0.9552664756774902,3.0,0.9569270610809326,False,0.912514626979828,0.0659748539328575,0.158036470413208,0.0270197335630655,0.0017656855052337,0.0086530949920415,0.0005409975419752,141037,141040,160,16,0,False,False,0.0,0.0,0.0129748640774995,0.0833487101921809,0.0055291303691743,2.786076397365278e-07,0.0,0.0,0.0,0.0,0.0,0.0,0.0,0.3104272375986703,0.3859031624037417,0.0454545454545454,0.066519715571109,0.0650529341961944,0.0831496444638862,0.1318069075835594,1.8244002049843495,3.712179233276835,219.29863323921904,902.4022216796876,14.630241394042969,18.57680205010956,0.8374395482196314,3333.060791015625,34.78150939941406,12.90237126126711,0.5506023865992029,0.1496079415082931,0.0388616062700748,0.0967939794063568,0.1072198748588562,0.1002099215984344,0.9552664756774902,0.9552664756774902,6.143177716670327e-08,6.278650961692409e-07,12.0,1.0738014269843523e-07,6.278650961692409e-07,0.0,3.134665698220451e-19,0.0,2.3571492918111416e-18,0.0,2.459826154212696e-19,9.74904826666615e-11,1.838596647179826e-09,0.0,0.0,False,220,14,target_drop_candidate,216,False,False,False,-1,,akita_black_bowl_1,True,216,False,-1,False,0.0,0.0,-1,71,0.1798734938929331,1.5017685268450045,0.3775818996655274,3.2703292729819875,20660442.56824032,0.9552664756774902,/home/jovyan/shares/SR006.nfs2/spiridonov/malnev_world_model/YSDA_WORD_MODELS_PP/experiments/campaigns/phase1_boundary_20260724/videos/phase1_boundary_20260724__known_boundary_milk/libero_spatial_with_milk__task5__init0__pair0__rollout21__seed132037__successFalse__t220__frames220of220__pick_the_akita_black_bowl_next_to_the_ramekin_and_.mp4,220,220,72.0,True,False
libero_spatial_with_milk,5,21,0,21,132037,0,132037,10,160,pick the akita black bowl next to the ramekin and place it on the plate,-1,-1,none,-1,-1,-1,-1,4.0,0.0046595991589128,0.1917399764060974,0.0100753791630268,0.004500990267843,0.0014703302877023,0.0147032309323549,0.0281981285661458,0.774287760257721,0.0033818050287663,0.0078287720680236,0.0080787222832441,0.0329615697264671,0.8784345984458923,2.7386128902435303,30.33974266052246,3.957411050796509,14.87447452545166,70.9696273803711,0.0089732035994529,0.0142951151356101,0.2279205024242401,0.0117015605792403,0.0354147478938102,0.0466683283448219,0.0085946936160326,0.0140107916668057,0.0253373458981513,0.008754433132708,0.0092112850397825,0.0246720504947006,0.0539267547428607,0.023322373162955,0.0240676011890172,0.0085664817597717,0.0090157417580485,0.0098673973698169,0.0107588144019246,0.0078676057746633,0.007976708933711,0.0078676057746633,0.007976708933711,first,1.0,0.0,0.7707685828208923,-1.040621042251587,0.0,0.7707685828208923,1.0,0.778597354888916,False,0.774287760257721,0.0033818050287663,0.0078287720680236,0.0233223717659711,0.0008571681682951,0.0078676063567399,8.934250217862427e-05,142037,142038,176,16,0,False,False,0.0,0.0,0.0129748454068854,0.0518505022462775,0.0055291303702536,2.786076397365278e-07,0.0,0.0,0.0,0.0,0.0,0.0,0.0,0.6814911980390069,0.7930617739175392,0.0777777777777777,0.1044225446603563,0.0960552565371248,0.1305281808254454,0.4242539211057426,3.657934772179268,24.28958618208793,1011.9844399998782,969.3745727539062,15.199935913085938,18.26588737122905,0.8290270898181674,2267.638671875,27.247129440307617,14.575065061110228,0.7224673337743063,0.1073219552636146,0.0227804016321897,0.095618188381195,0.0162102095782756,0.0376180745661258,0.7707685828208923,0.7707685828208923,6.11711716367656e-08,6.263181245992488e-07,12.0,1.0738264738361575e-07,6.263181245992488e-07,0.0,5.679543821953873e-19,0.0,3.1167338975917737e-18,0.0,9.32715710587754e-19,2.0507720020409475e-12,3.5123688170315633e-10,0.0,0.0,False,220,14,target_drop_candidate,216,False,False,False,-1,,akita_black_bowl_1,True,216,False,-1,False,0.0,0.0,-1,71,0.1798734938929331,1.5017685268450045,0.3775818996655274,3.2703292729819875,20660442.56824032,0.7707685828208923,/home/jovyan/shares/SR006.nfs2/spiridonov/malnev_world_model/YSDA_WORD_MODELS_PP/experiments/campaigns/phase1_boundary_20260724/videos/phase1_boundary_20260724__known_boundary_milk/libero_spatial_with_milk__task5__init0__pair0__rollout21__seed132037__successFalse__t220__frames220of220__pick_the_akita_black_bowl_next_to_the_ramekin_and_.mp4,220,220,56.0,True,False
libero_spatial_with_milk,5,21,0,21,132037,0,132037,11,176,pick the akita black bowl next to the ramekin and place it on the plate,-1,-1,none,-1,-1,-1,-1,4.0,0.0016477833269163,0.008127293549478,0.009123021736741,0.0029665706679224,0.0006196557660587,0.0007758038118481,0.0090164458379149,0.9974446296691896,0.0002630405651871,0.0006774067878723,0.0009101093164645,0.0020698003936558,0.909622609615326,3.041381359100342,27.76125907897949,2.34826135635376,9.549214363098145,59.301666259765625,0.0059453193098306,0.0105740809813141,0.0182417705655097,0.0056947884149849,0.0100904610008001,0.0188827253878116,0.0059250551275908,0.0105321994051337,0.0197808314114809,0.0076315713813528,0.0076925796456635,0.0095150039996951,0.0096265925094485,0.0214611934497952,0.0220471732318401,0.0081990368198603,0.0082635506987571,0.0097972380463033,0.0101148132234811,0.0079404916614294,0.0080388700589537,0.0079404916614294,0.0080388700589537,first,1.0,0.0,0.9971580505371094,-1.0894864797592163,0.0,0.9971580505371094,1.0,0.9978354573249816,False,0.9974446296691896,0.0002630405651871,0.0006774067878723,0.0214611925184726,0.0005277236923575,0.0079404916614294,8.352314034709707e-05,143037,143038,192,16,0,False,False,0.0,0.0,0.0129748267883952,0.0535936482773188,0.0055291303719439,2.786076397365278e-07,0.0,0.0,0.0,0.0,0.0,0.0,0.0,0.1878594498690415,0.2163323175908273,0.0222222222222222,0.0355247547553755,0.0335179940010116,0.0444059434442193,0.0945199927025393,1.5738975585267434,12.676392895681406,2233.8874587425685,798.1819458007812,13.186875343322754,19.1097846068196,0.8572418563709204,2156.951904296875,25.82906913757324,14.792398995536573,0.7441556050250704,0.107173353433609,0.0255582220852375,0.0704298615455627,0.0377915911376476,0.0372631177306175,0.9971580505371094,0.9971580505371094,6.117137730042164e-08,6.263204697315769e-07,12.0,1.0738276983953309e-07,6.263204697315769e-07,0.0,5.333590992815231e-19,0.0,2.9082987538171227e-18,0.0,2.240139546538031e-18,2.0507720020409475e-12,3.5123725626583547e-10,0.0,0.0,False,220,14,target_drop_candidate,216,False,False,False,-1,,akita_black_bowl_1,True,216,False,-1,False,0.0,0.0,-1,71,0.1798734938929331,1.5017685268450045,0.3775818996655274,3.2703292729819875,20660442.56824032,0.9971580505371094,/home/jovyan/shares/SR006.nfs2/spiridonov/malnev_world_model/YSDA_WORD_MODELS_PP/experiments/campaigns/phase1_boundary_20260724/videos/phase1_boundary_20260724__known_boundary_milk/libero_spatial_with_milk__task5__init0__pair0__rollout21__seed132037__successFalse__t220__frames220of220__pick_the_akita_black_bowl_next_to_the_ramekin_and_.mp4,220,220,40.0,True,False
libero_spatial_with_milk,5,21,0,21,132037,0,132037,12,192,pick the akita black bowl next to the ramekin and place it on the plate,-1,-1,none,-1,-1,-1,-1,4.0,0.0025037245359271,0.0103500634431838,0.0108772339299321,0.0044539491645991,0.0011411788873374,0.0007406893419101,0.0149113060906529,0.9974992871284484,0.0001876736496342,0.0005242228507995,0.0005605295300483,0.0009572918643243,0.4483487904071808,1.299038052558899,5.309190273284912,0.6179015040397644,1.8708287477493288,12.369317054748535,0.006830477155745,0.0129047092050313,0.0250294636934995,0.005694689694792,0.010105013847351,0.0186307542026042,0.0058805323205888,0.0104824230074882,0.0220064893364906,0.0083670213352888,0.0086197080090641,0.0240336577408015,0.0267159137874841,0.0236938544549047,0.0241958200931549,0.0090399999171495,0.0092319473624229,0.0110108160879462,0.0112863611429929,0.0076473916415125,0.0077105592936277,0.0076473916415125,0.0077105592936277,first,1.0,0.0,0.9977729320526124,1.4580892324447632,0.0,0.9977729320526124,0.0,0.9977729320526124,True,0.9974992871284484,0.0001876736496342,0.0005242228507995,0.0236938558518886,0.0004136922070756,0.0076473914086818,3.873387322528288e-05,144037,144037,208,16,0,False,False,0.0,0.0,0.0129748081698753,0.0810449750162621,0.0055291303736341,2.786076397365278e-07,0.0,0.0,0.0,0.0,0.0,0.0,0.0,0.1813375770029344,0.2046106514371075,0.0,0.037356610434855,0.0373444020280431,0.0466957630435688,0.0225074834281557,0.630757128858788,1.6671901226175954,94.53830915778737,888.89111328125,14.374502182006836,18.642317965201578,0.8398248329998446,3365.515625,33.81853103637695,12.86028749681719,0.5739741031603323,0.0901314169168472,0.0240635443478822,0.0542116463184356,0.0553070418536663,0.0578446611762046,0.9977729320526124,0.9977729320526124,6.117158335212026e-08,6.263228231980678e-07,12.0,1.0738288865992173e-07,6.263228231980678e-07,0.0,1.5144797501884697e-18,0.0,2.115062679979056e-18,0.0,2.572972475209268e-18,2.050736176763234e-12,3.5123762507441776e-10,0.0,0.0,False,220,14,target_drop_candidate,216,False,False,False,-1,,akita_black_bowl_1,True,216,False,-1,False,0.0,0.0,-1,71,0.1798734938929331,1.5017685268450045,0.3775818996655274,3.2703292729819875,20660442.56824032,0.9977729320526124,/home/jovyan/shares/SR006.nfs2/spiridonov/malnev_world_model/YSDA_WORD_MODELS_PP/experiments/campaigns/phase1_boundary_20260724/videos/phase1_boundary_20260724__known_boundary_milk/libero_spatial_with_milk__task5__init0__pair0__rollout21__seed132037__successFalse__t220__frames220of220__pick_the_akita_black_bowl_next_to_the_ramekin_and_.mp4,220,220,24.0,True,False
libero_spatial_with_milk,5,21,0,21,132037,0,132037,13,208,pick the akita black bowl next to the ramekin and place it on the plate,-1,-1,none,-1,-1,-1,-1,4.0,0.0023172684013843,0.0070759109221398,0.0104531738907098,0.0039685163646936,0.0012075904523953,0.0006925576599314,0.0122333439067006,0.9993454217910768,0.0001836005976656,0.0004907250404357,0.00033126125345,0.0009460725123062,0.4311962723731994,1.2247449159622192,11.247221946716309,0.6137959361076355,1.8708287477493288,15.911866188049316,0.0069114011712372,0.0125379469245672,0.0282438900321722,0.0057229492813348,0.010231832973659,0.0177092012017965,0.0058122016489505,0.0102943135425448,0.0175298061221838,0.0094616063870489,0.0096964305266737,0.0183434220962226,0.0191060863435268,0.0305328555405139,0.031273853033781,0.0091466391459107,0.0092107271775603,0.0110536185093224,0.0114103555679321,0.0076843196293339,0.0077678938396275,0.0076843196293339,0.0077678938396275,first,1.0,0.0,0.9992740154266356,-0.3889222741127014,0.0,0.9992740154266356,2.0,0.999578893184662,False,0.9993454217910768,0.0001836005976656,0.0004907250404357,0.0305328555405139,0.0006638782797381,0.0076843192800879,7.129140431061387e-05,145037,145039,220,12,0,False,False,0.0,0.0,0.0129747895513278,0.1140140834332504,0.0055291303749018,2.786076397365278e-07,1.0,0.0,0.0,0.0,0.0,0.0,0.0,0.3829645930027064,0.411752979239377,0.2424242424242424,0.0570047701729459,0.0569642057812897,0.0950079502882433,0.0856597541983823,1.870164326827272,7.475522589741228,88.7638434111269,939.8629760742188,15.060739517211914,18.40015819047547,0.8265779610539113,3540.82373046875,35.48802947998047,12.639760536495334,0.5178708595553149,0.108572818338871,0.0225496031343936,0.0958451330661773,0.0969668328762054,0.0461084470152854,0.9992740154266356,0.9992740154266356,4.5878822939577146e-08,4.697436609469385e-07,12.0,8.053724777609171e-08,4.697436609469385e-07,0.0,3.427944011929536e-19,0.0,1.7098765053695699e-18,0.0,2.2719239894218048e-18,1.53808795874756e-12,2.6342845961220667e-10,0.0,0.0,False,220,14,target_drop_candidate,216,False,False,False,-1,,akita_black_bowl_1,True,216,False,-1,False,0.0,0.0,-1,71,0.1798734938929331,1.5017685268450045,0.3775818996655274,3.2703292729819875,20660442.56824032,0.9992740154266356,/home/jovyan/shares/SR006.nfs2/spiridonov/malnev_world_model/YSDA_WORD_MODELS_PP/experiments/campaigns/phase1_boundary_20260724/videos/phase1_boundary_20260724__known_boundary_milk/libero_spatial_with_milk__task5__init0__pair0__rollout21__seed132037__successFalse__t220__frames220of220__pick_the_akita_black_bowl_next_to_the_ramekin_and_.mp4,220,220,8.0,True,True
