job,trace,sha256,episodes
environment_t0_first,/home/jovyan/shares/SR006.nfs2/spiridonov/malnev_world_model/YSDA_WORD_MODELS_PP/experiments/campaigns/trajectory_consensus_20260908_compact/runs/trajectory_consensus_20260908_compact__environment_t0_first__libero_object_env__task0__init2-6__first__l0p0__query_traces.parquet,720f43c62b21cfd711e6efda169ae2419d02968ba4e04f45d920fec0db6d058a,5
environment_t0_max_value,/home/jovyan/shares/SR006.nfs2/spiridonov/malnev_world_model/YSDA_WORD_MODELS_PP/experiments/campaigns/trajectory_consensus_20260908_compact/runs/trajectory_consensus_20260908_compact__environment_t0_max_value__libero_object_env__task0__init2-6__max_value__l0p0__query_traces.parquet,8ef6f07ff4a143091a0cf1123e39bd43ecc96d5c94eca39bc4e411c657f269dd,5
environment_t0_winner,/home/jovyan/shares/SR006.nfs2/spiridonov/malnev_world_model/YSDA_WORD_MODELS_PP/experiments/campaigns/trajectory_consensus_20260908_compact/runs/trajectory_consensus_20260908_compact__environment_t0_winner__libero_object_env__task0__init2-6__trajectory_medoid__l1p0__query_traces.parquet,2c04d245e73a24471e4066003cba6395673ec6ea5a0354ea6fc136b24364b2bd,5
environment_t1_first,/home/jovyan/shares/SR006.nfs2/spiridonov/malnev_world_model/YSDA_WORD_MODELS_PP/experiments/campaigns/trajectory_consensus_20260908_compact/runs/trajectory_consensus_20260908_compact__environment_t1_first__libero_object_env__task1__init2-6__first__l0p0__query_traces.parquet,3d69942f25d947ca400b5b1fde7aefc21f4b46864c5dc4f575afd65b64ec45f1,5
environment_t1_max_value,/home/jovyan/shares/SR006.nfs2/spiridonov/malnev_world_model/YSDA_WORD_MODELS_PP/experiments/campaigns/trajectory_consensus_20260908_compact/runs/trajectory_consensus_20260908_compact__environment_t1_max_value__libero_object_env__task1__init2-6__max_value__l0p0__query_traces.parquet,9df60ca64c78ae41c8b186cad18ea4070566b225db33068ac833e2c1eaeecd08,5
environment_t1_winner,/home/jovyan/shares/SR006.nfs2/spiridonov/malnev_world_model/YSDA_WORD_MODELS_PP/experiments/campaigns/trajectory_consensus_20260908_compact/runs/trajectory_consensus_20260908_compact__environment_t1_winner__libero_object_env__task1__init2-6__trajectory_medoid__l1p0__query_traces.parquet,dc76eb3a6ff6038c0839663ae193e32fd2e585028a92019ba805cd2f80d6ee35,5
environment_t2_first,/home/jovyan/shares/SR006.nfs2/spiridonov/malnev_world_model/YSDA_WORD_MODELS_PP/experiments/campaigns/trajectory_consensus_20260908_compact/runs/trajectory_consensus_20260908_compact__environment_t2_first__libero_object_env__task2__init2-6__first__l0p0__query_traces.parquet,0d8e3e9a0697065ebd837cafe9879dff87ca7077dcf8db017b757bdefa7e9a97,5
environment_t2_max_value,/home/jovyan/shares/SR006.nfs2/spiridonov/malnev_world_model/YSDA_WORD_MODELS_PP/experiments/campaigns/trajectory_consensus_20260908_compact/runs/trajectory_consensus_20260908_compact__environment_t2_max_value__libero_object_env__task2__init2-6__max_value__l0p0__query_traces.parquet,d5011cfb69e6be7cd82957e64f73dcf54aa7eaec638cefdb9018b22866dee7be,5
environment_t2_winner,/home/jovyan/shares/SR006.nfs2/spiridonov/malnev_world_model/YSDA_WORD_MODELS_PP/experiments/campaigns/trajectory_consensus_20260908_compact/runs/trajectory_consensus_20260908_compact__environment_t2_winner__libero_object_env__task2__init2-6__trajectory_medoid__l1p0__query_traces.parquet,314a3d10cfd0dce0265b788d5b1c7afa833e0188fdf765b43838ec14d1b08f17,5
environment_t3_first,/home/jovyan/shares/SR006.nfs2/spiridonov/malnev_world_model/YSDA_WORD_MODELS_PP/experiments/campaigns/trajectory_consensus_20260908_compact/runs/trajectory_consensus_20260908_compact__environment_t3_first__libero_object_env__task3__init2-6__first__l0p0__query_traces.parquet,6aff92b703d45323820a2c4500260accb72fbc3a26db1a9a324fdbf53e266bc5,5
environment_t3_max_value,/home/jovyan/shares/SR006.nfs2/spiridonov/malnev_world_model/YSDA_WORD_MODELS_PP/experiments/campaigns/trajectory_consensus_20260908_compact/runs/trajectory_consensus_20260908_compact__environment_t3_max_value__libero_object_env__task3__init2-6__max_value__l0p0__query_traces.parquet,174120c49b7b5af9040a3bcbef7227b13ffa35269fcc3bf72388dc44f6992014,5
environment_t3_winner,/home/jovyan/shares/SR006.nfs2/spiridonov/malnev_world_model/YSDA_WORD_MODELS_PP/experiments/campaigns/trajectory_consensus_20260908_compact/runs/trajectory_consensus_20260908_compact__environment_t3_winner__libero_object_env__task3__init2-6__trajectory_medoid__l1p0__query_traces.parquet,26c12c5a0dfeb0032a505c1f5a0d07da4c7da81f6630611ec08fcce22f8c05f9,5
environment_t4_first,/home/jovyan/shares/SR006.nfs2/spiridonov/malnev_world_model/YSDA_WORD_MODELS_PP/experiments/campaigns/trajectory_consensus_20260908_compact/runs/trajectory_consensus_20260908_compact__environment_t4_first__libero_object_env__task4__init2-6__first__l0p0__query_traces.parquet,af334fe093f0f9155013ddf12817b8d08444d07486044324006af80842ac5fe9,5
environment_t4_max_value,/home/jovyan/shares/SR006.nfs2/spiridonov/malnev_world_model/YSDA_WORD_MODELS_PP/experiments/campaigns/trajectory_consensus_20260908_compact/runs/trajectory_consensus_20260908_compact__environment_t4_max_value__libero_object_env__task4__init2-6__max_value__l0p0__query_traces.parquet,507e4e68940096fe7d60afa86f020be7436af718f571ce1985e7cc20498d1872,5
environment_t4_winner,/home/jovyan/shares/SR006.nfs2/spiridonov/malnev_world_model/YSDA_WORD_MODELS_PP/experiments/campaigns/trajectory_consensus_20260908_compact/runs/trajectory_consensus_20260908_compact__environment_t4_winner__libero_object_env__task4__init2-6__trajectory_medoid__l1p0__query_traces.parquet,0566e5e0e0c8d4ca7c470377207832b4665d77593e1a7c920084354f1be80882,5
environment_t5_first,/home/jovyan/shares/SR006.nfs2/spiridonov/malnev_world_model/YSDA_WORD_MODELS_PP/experiments/campaigns/trajectory_consensus_20260908_compact/runs/trajectory_consensus_20260908_compact__environment_t5_first__libero_object_env__task5__init2-6__first__l0p0__query_traces.parquet,fc1c93b39ffd8b17e05cc2322472eb674cec50c673a4a7acea6f72fef776c1bf,5
environment_t5_max_value,/home/jovyan/shares/SR006.nfs2/spiridonov/malnev_world_model/YSDA_WORD_MODELS_PP/experiments/campaigns/trajectory_consensus_20260908_compact/runs/trajectory_consensus_20260908_compact__environment_t5_max_value__libero_object_env__task5__init2-6__max_value__l0p0__query_traces.parquet,00ff41c777ffbb52a43df3664621471c05b38492572773b3adbc6de4994cbec2,5
environment_t5_winner,/home/jovyan/shares/SR006.nfs2/spiridonov/malnev_world_model/YSDA_WORD_MODELS_PP/experiments/campaigns/trajectory_consensus_20260908_compact/runs/trajectory_consensus_20260908_compact__environment_t5_winner__libero_object_env__task5__init2-6__trajectory_medoid__l1p0__query_traces.parquet,0b925ced1b0c38b3dd12b860cfd69ac3449e94b5829e0c4ed8f51afbf62c19c2,5
environment_t6_first,/home/jovyan/shares/SR006.nfs2/spiridonov/malnev_world_model/YSDA_WORD_MODELS_PP/experiments/campaigns/trajectory_consensus_20260908_compact/runs/trajectory_consensus_20260908_compact__environment_t6_first__libero_object_env__task6__init2-6__first__l0p0__query_traces.parquet,26e4686c80cea5cddbd08dbde5f744cac27b046c15e49c3ee61e5149631eaffa,5
environment_t6_max_value,/home/jovyan/shares/SR006.nfs2/spiridonov/malnev_world_model/YSDA_WORD_MODELS_PP/experiments/campaigns/trajectory_consensus_20260908_compact/runs/trajectory_consensus_20260908_compact__environment_t6_max_value__libero_object_env__task6__init2-6__max_value__l0p0__query_traces.parquet,14c909a1bc18c3b459a86c06a55eb39811d4be4a691d5c2eef9043082b739747,5
environment_t6_winner,/home/jovyan/shares/SR006.nfs2/spiridonov/malnev_world_model/YSDA_WORD_MODELS_PP/experiments/campaigns/trajectory_consensus_20260908_compact/runs/trajectory_consensus_20260908_compact__environment_t6_winner__libero_object_env__task6__init2-6__trajectory_medoid__l1p0__query_traces.parquet,93241ad03739c5c44435df27fd1a5e593c6eb4e9246fbcb0c7993994505d59a4,5
environment_t7_first,/home/jovyan/shares/SR006.nfs2/spiridonov/malnev_world_model/YSDA_WORD_MODELS_PP/experiments/campaigns/trajectory_consensus_20260908_compact/runs/trajectory_consensus_20260908_compact__environment_t7_first__libero_object_env__task7__init2-6__first__l0p0__query_traces.parquet,4e68a2528a002285026cdb22d9447a73b7994fafda2219e178fe8fb468facb74,5
environment_t7_max_value,/home/jovyan/shares/SR006.nfs2/spiridonov/malnev_world_model/YSDA_WORD_MODELS_PP/experiments/campaigns/trajectory_consensus_20260908_compact/runs/trajectory_consensus_20260908_compact__environment_t7_max_value__libero_object_env__task7__init2-6__max_value__l0p0__query_traces.parquet,758f3e79acbe8d0e538922540f8b9d08787ec369dd0acd84690d7f0f2bf3cd13,5
environment_t7_winner,/home/jovyan/shares/SR006.nfs2/spiridonov/malnev_world_model/YSDA_WORD_MODELS_PP/experiments/campaigns/trajectory_consensus_20260908_compact/runs/trajectory_consensus_20260908_compact__environment_t7_winner__libero_object_env__task7__init2-6__trajectory_medoid__l1p0__query_traces.parquet,7b4ecf71268e135e68a808fce672c4ae8b16acd54c2b24e337e16df0d64183c3,5
environment_t8_first,/home/jovyan/shares/SR006.nfs2/spiridonov/malnev_world_model/YSDA_WORD_MODELS_PP/experiments/campaigns/trajectory_consensus_20260908_compact/runs/trajectory_consensus_20260908_compact__environment_t8_first__libero_object_env__task8__init2-6__first__l0p0__query_traces.parquet,99067da346d793fa19edffad273df9cca4aa37bb12c37b47813ecd387810c4d7,5
environment_t8_max_value,/home/jovyan/shares/SR006.nfs2/spiridonov/malnev_world_model/YSDA_WORD_MODELS_PP/experiments/campaigns/trajectory_consensus_20260908_compact/runs/trajectory_consensus_20260908_compact__environment_t8_max_value__libero_object_env__task8__init2-6__max_value__l0p0__query_traces.parquet,f58d34c55065f68d4a5cae00bb8919936734cb0c57d8c7f05d8fb9931585c615,5
environment_t8_winner,/home/jovyan/shares/SR006.nfs2/spiridonov/malnev_world_model/YSDA_WORD_MODELS_PP/experiments/campaigns/trajectory_consensus_20260908_compact/runs/trajectory_consensus_20260908_compact__environment_t8_winner__libero_object_env__task8__init2-6__trajectory_medoid__l1p0__query_traces.parquet,d8ea51bcf51d748bc424025835afda66a460d8255c507f25c905bdf513eeafee,5
environment_t9_first,/home/jovyan/shares/SR006.nfs2/spiridonov/malnev_world_model/YSDA_WORD_MODELS_PP/experiments/campaigns/trajectory_consensus_20260908_compact/runs/trajectory_consensus_20260908_compact__environment_t9_first__libero_object_env__task9__init2-6__first__l0p0__query_traces.parquet,8e4747528b818ae180cf74cc5af1d477f935f4f10fd6b51c477c1dcb09365860,5
environment_t9_max_value,/home/jovyan/shares/SR006.nfs2/spiridonov/malnev_world_model/YSDA_WORD_MODELS_PP/experiments/campaigns/trajectory_consensus_20260908_compact/runs/trajectory_consensus_20260908_compact__environment_t9_max_value__libero_object_env__task9__init2-6__max_value__l0p0__query_traces.parquet,f2e262942359de423e3b61f5cfdfc5d762dbf16ef44e1ba11e252c40f528301d,5
environment_t9_winner,/home/jovyan/shares/SR006.nfs2/spiridonov/malnev_world_model/YSDA_WORD_MODELS_PP/experiments/campaigns/trajectory_consensus_20260908_compact/runs/trajectory_consensus_20260908_compact__environment_t9_winner__libero_object_env__task9__init2-6__trajectory_medoid__l1p0__query_traces.parquet,2d64075a9ed5ea760351c27e62e5477ef4a3347815204906749bedcd07559b54,5
object_t0_first,/home/jovyan/shares/SR006.nfs2/spiridonov/malnev_world_model/YSDA_WORD_MODELS_PP/experiments/campaigns/trajectory_consensus_20260908_compact/runs/trajectory_consensus_20260908_compact__object_t0_first__libero_object_object__task0__init2-6__first__l0p0__query_traces.parquet,6147b178cec46d09c891eb0c13e63ec2548a95b748c84f797537364bc69b75e9,5
object_t0_max_value,/home/jovyan/shares/SR006.nfs2/spiridonov/malnev_world_model/YSDA_WORD_MODELS_PP/experiments/campaigns/trajectory_consensus_20260908_compact/runs/trajectory_consensus_20260908_compact__object_t0_max_value__libero_object_object__task0__init2-6__max_value__l0p0__query_traces.parquet,93490a6a300909f992c0c792ba995f2871c3a26823e89d9f722385d3acf368d0,5
object_t0_winner,/home/jovyan/shares/SR006.nfs2/spiridonov/malnev_world_model/YSDA_WORD_MODELS_PP/experiments/campaigns/trajectory_consensus_20260908_compact/runs/trajectory_consensus_20260908_compact__object_t0_winner__libero_object_object__task0__init2-6__trajectory_medoid__l1p0__query_traces.parquet,74ff8bca611893f743a75884ca5b078977c27a9a773eead5b1e297e9ccf80ec5,5
object_t1_first,/home/jovyan/shares/SR006.nfs2/spiridonov/malnev_world_model/YSDA_WORD_MODELS_PP/experiments/campaigns/trajectory_consensus_20260908_compact/runs/trajectory_consensus_20260908_compact__object_t1_first__libero_object_object__task1__init2-6__first__l0p0__query_traces.parquet,9bff51ebb6118bc950c572d4ace671169c46c7d924d25c1d4ad778e59eaec2fe,5
object_t1_max_value,/home/jovyan/shares/SR006.nfs2/spiridonov/malnev_world_model/YSDA_WORD_MODELS_PP/experiments/campaigns/trajectory_consensus_20260908_compact/runs/trajectory_consensus_20260908_compact__object_t1_max_value__libero_object_object__task1__init2-6__max_value__l0p0__query_traces.parquet,d28f1e082fac15066023fa3294837798c0bc2c2f04451f973dd6503aa9960892,5
object_t1_winner,/home/jovyan/shares/SR006.nfs2/spiridonov/malnev_world_model/YSDA_WORD_MODELS_PP/experiments/campaigns/trajectory_consensus_20260908_compact/runs/trajectory_consensus_20260908_compact__object_t1_winner__libero_object_object__task1__init2-6__trajectory_medoid__l1p0__query_traces.parquet,d56d6cd28b0a43c61d6042c668f727220a7ecd81bd43e728cf386985ea8bb175,5
object_t2_first,/home/jovyan/shares/SR006.nfs2/spiridonov/malnev_world_model/YSDA_WORD_MODELS_PP/experiments/campaigns/trajectory_consensus_20260908_compact/runs/trajectory_consensus_20260908_compact__object_t2_first__libero_object_object__task2__init2-6__first__l0p0__query_traces.parquet,84a6c257625f424c438f5927d64bb555f919d33b3b98a652ab203da8fff15683,5
object_t2_max_value,/home/jovyan/shares/SR006.nfs2/spiridonov/malnev_world_model/YSDA_WORD_MODELS_PP/experiments/campaigns/trajectory_consensus_20260908_compact/runs/trajectory_consensus_20260908_compact__object_t2_max_value__libero_object_object__task2__init2-6__max_value__l0p0__query_traces.parquet,4697e189e4f53ac8395a1396d034543ff907713ac6afb0f6701e852b295240ff,5
object_t2_winner,/home/jovyan/shares/SR006.nfs2/spiridonov/malnev_world_model/YSDA_WORD_MODELS_PP/experiments/campaigns/trajectory_consensus_20260908_compact/runs/trajectory_consensus_20260908_compact__object_t2_winner__libero_object_object__task2__init2-6__trajectory_medoid__l1p0__query_traces.parquet,698fa4f0c3a17096dc3d1c91c72c8369c37257336a8d956ab4e418e009b38cf4,5
object_t3_first,/home/jovyan/shares/SR006.nfs2/spiridonov/malnev_world_model/YSDA_WORD_MODELS_PP/experiments/campaigns/trajectory_consensus_20260908_compact/runs/trajectory_consensus_20260908_compact__object_t3_first__libero_object_object__task3__init2-6__first__l0p0__query_traces.parquet,4f6435dc9b5a1b0e6fae8cc1bc161219159d6a4d984e1dcfebc89eae0ae2fce0,5
object_t3_max_value,/home/jovyan/shares/SR006.nfs2/spiridonov/malnev_world_model/YSDA_WORD_MODELS_PP/experiments/campaigns/trajectory_consensus_20260908_compact/runs/trajectory_consensus_20260908_compact__object_t3_max_value__libero_object_object__task3__init2-6__max_value__l0p0__query_traces.parquet,231804405f30d1e2cbe6c972dcd200a0188241403b5ead2b0eb098504e6942b0,5
object_t3_winner,/home/jovyan/shares/SR006.nfs2/spiridonov/malnev_world_model/YSDA_WORD_MODELS_PP/experiments/campaigns/trajectory_consensus_20260908_compact/runs/trajectory_consensus_20260908_compact__object_t3_winner__libero_object_object__task3__init2-6__trajectory_medoid__l1p0__query_traces.parquet,59f2eaf28cd5e4adbd2b0c4a7afb9145af8b961804bad8a62c8790db01c18bdc,5
object_t4_first,/home/jovyan/shares/SR006.nfs2/spiridonov/malnev_world_model/YSDA_WORD_MODELS_PP/experiments/campaigns/trajectory_consensus_20260908_compact/runs/trajectory_consensus_20260908_compact__object_t4_first__libero_object_object__task4__init2-6__first__l0p0__query_traces.parquet,fab7a8e6f35d570e20795a8cb18751162d8a2c5255b54fa8766319be4b2b0327,5
object_t4_max_value,/home/jovyan/shares/SR006.nfs2/spiridonov/malnev_world_model/YSDA_WORD_MODELS_PP/experiments/campaigns/trajectory_consensus_20260908_compact/runs/trajectory_consensus_20260908_compact__object_t4_max_value__libero_object_object__task4__init2-6__max_value__l0p0__query_traces.parquet,c527da8901b48a8bfa9ac54aa6f67ef7795722254f768cb2f6332e790763f917,5
object_t4_winner,/home/jovyan/shares/SR006.nfs2/spiridonov/malnev_world_model/YSDA_WORD_MODELS_PP/experiments/campaigns/trajectory_consensus_20260908_compact/runs/trajectory_consensus_20260908_compact__object_t4_winner__libero_object_object__task4__init2-6__trajectory_medoid__l1p0__query_traces.parquet,063332dec381b2e2ab0cf457be4b07e7f045b37d7f95c188280646aa6b9719b3,5
object_t5_first,/home/jovyan/shares/SR006.nfs2/spiridonov/malnev_world_model/YSDA_WORD_MODELS_PP/experiments/campaigns/trajectory_consensus_20260908_compact/runs/trajectory_consensus_20260908_compact__object_t5_first__libero_object_object__task5__init2-6__first__l0p0__query_traces.parquet,938b0f009002dcdac51357ccb908dbf53021fa252225a0a4b07db3025547feea,5
object_t5_max_value,/home/jovyan/shares/SR006.nfs2/spiridonov/malnev_world_model/YSDA_WORD_MODELS_PP/experiments/campaigns/trajectory_consensus_20260908_compact/runs/trajectory_consensus_20260908_compact__object_t5_max_value__libero_object_object__task5__init2-6__max_value__l0p0__query_traces.parquet,3c2faf2727691b8308d47b4394bf7d5ae1979aa6891a3f9aeff66ffd36759167,5
object_t5_winner,/home/jovyan/shares/SR006.nfs2/spiridonov/malnev_world_model/YSDA_WORD_MODELS_PP/experiments/campaigns/trajectory_consensus_20260908_compact/runs/trajectory_consensus_20260908_compact__object_t5_winner__libero_object_object__task5__init2-6__trajectory_medoid__l1p0__query_traces.parquet,c91f08a69a8413c42c450fc7ad3a4b56a50c305d10a47568b3dec6b9307a1b54,5
object_t6_first,/home/jovyan/shares/SR006.nfs2/spiridonov/malnev_world_model/YSDA_WORD_MODELS_PP/experiments/campaigns/trajectory_consensus_20260908_compact/runs/trajectory_consensus_20260908_compact__object_t6_first__libero_object_object__task6__init2-6__first__l0p0__query_traces.parquet,a9342c5573e485b12073069614e25b563e6e1a3170888723b38a0cb02b63d955,5
object_t6_max_value,/home/jovyan/shares/SR006.nfs2/spiridonov/malnev_world_model/YSDA_WORD_MODELS_PP/experiments/campaigns/trajectory_consensus_20260908_compact/runs/trajectory_consensus_20260908_compact__object_t6_max_value__libero_object_object__task6__init2-6__max_value__l0p0__query_traces.parquet,0a0c2422154f83dd841dacfb3729a6c5aa2e1147e8e66dd1693304e34812df72,5
object_t6_winner,/home/jovyan/shares/SR006.nfs2/spiridonov/malnev_world_model/YSDA_WORD_MODELS_PP/experiments/campaigns/trajectory_consensus_20260908_compact/runs/trajectory_consensus_20260908_compact__object_t6_winner__libero_object_object__task6__init2-6__trajectory_medoid__l1p0__query_traces.parquet,93ad618590b3db20fd9f1b53fe694dc48415537c4a0492f5a8120455501a6ed9,5
object_t7_first,/home/jovyan/shares/SR006.nfs2/spiridonov/malnev_world_model/YSDA_WORD_MODELS_PP/experiments/campaigns/trajectory_consensus_20260908_compact/runs/trajectory_consensus_20260908_compact__object_t7_first__libero_object_object__task7__init2-6__first__l0p0__query_traces.parquet,3b3f74eb2a38b6e4db615cf1d25d7ec7edf5fdf93156704ff7f45dbb5549b60c,5
object_t7_max_value,/home/jovyan/shares/SR006.nfs2/spiridonov/malnev_world_model/YSDA_WORD_MODELS_PP/experiments/campaigns/trajectory_consensus_20260908_compact/runs/trajectory_consensus_20260908_compact__object_t7_max_value__libero_object_object__task7__init2-6__max_value__l0p0__query_traces.parquet,930a1e35c003b3c10295d0e018a071e0a5a3d91687a76e3f73566982c801ea25,5
object_t7_winner,/home/jovyan/shares/SR006.nfs2/spiridonov/malnev_world_model/YSDA_WORD_MODELS_PP/experiments/campaigns/trajectory_consensus_20260908_compact/runs/trajectory_consensus_20260908_compact__object_t7_winner__libero_object_object__task7__init2-6__trajectory_medoid__l1p0__query_traces.parquet,1e3873c667f298a1b70d88a9d660f9c26b7dec9da052857a619971d1fa7fa11e,5
object_t8_first,/home/jovyan/shares/SR006.nfs2/spiridonov/malnev_world_model/YSDA_WORD_MODELS_PP/experiments/campaigns/trajectory_consensus_20260908_compact/runs/trajectory_consensus_20260908_compact__object_t8_first__libero_object_object__task8__init2-6__first__l0p0__query_traces.parquet,e1532f9af273efea6abaf4a3205e0913d5f67e12bc6f5669c4a67f4032cba5c1,5
object_t8_max_value,/home/jovyan/shares/SR006.nfs2/spiridonov/malnev_world_model/YSDA_WORD_MODELS_PP/experiments/campaigns/trajectory_consensus_20260908_compact/runs/trajectory_consensus_20260908_compact__object_t8_max_value__libero_object_object__task8__init2-6__max_value__l0p0__query_traces.parquet,dcc4bd822188fefbbdc0d1697568b87474328f67b6fd524455f226a941811f85,5
object_t8_winner,/home/jovyan/shares/SR006.nfs2/spiridonov/malnev_world_model/YSDA_WORD_MODELS_PP/experiments/campaigns/trajectory_consensus_20260908_compact/runs/trajectory_consensus_20260908_compact__object_t8_winner__libero_object_object__task8__init2-6__trajectory_medoid__l1p0__query_traces.parquet,99318a0dea734329523f44a0e06bf786fecacced87f972817230f3c5dd3e08fb,5
object_t9_first,/home/jovyan/shares/SR006.nfs2/spiridonov/malnev_world_model/YSDA_WORD_MODELS_PP/experiments/campaigns/trajectory_consensus_20260908_compact/runs/trajectory_consensus_20260908_compact__object_t9_first__libero_object_object__task9__init2-6__first__l0p0__query_traces.parquet,94de809b7eaf5ffbbbb44115df8eceba3a24f6d0deeb38345c717bb116578288,5
object_t9_max_value,/home/jovyan/shares/SR006.nfs2/spiridonov/malnev_world_model/YSDA_WORD_MODELS_PP/experiments/campaigns/trajectory_consensus_20260908_compact/runs/trajectory_consensus_20260908_compact__object_t9_max_value__libero_object_object__task9__init2-6__max_value__l0p0__query_traces.parquet,edc845825e27b4e9f94d175cf3727b8172afe84843e89303dc5eba45f5995884,5
object_t9_winner,/home/jovyan/shares/SR006.nfs2/spiridonov/malnev_world_model/YSDA_WORD_MODELS_PP/experiments/campaigns/trajectory_consensus_20260908_compact/runs/trajectory_consensus_20260908_compact__object_t9_winner__libero_object_object__task9__init2-6__trajectory_medoid__l1p0__query_traces.parquet,cbe71c2a78242312e768e7a8312646f182fe09df27af3811cd36b3e6efd72c66,5
position_x0_1_t0_first,/home/jovyan/shares/SR006.nfs2/spiridonov/malnev_world_model/YSDA_WORD_MODELS_PP/experiments/campaigns/trajectory_consensus_20260908_compact/runs/trajectory_consensus_20260908_compact__position_x0_1_t0_first__libero_object_temp__task0__init1__first__l0p0__query_traces.parquet,7ccaa4deeeb36530c4ea1ca849fbb4b1560e3c91fef060e81f0ae325101fa804,1
position_x0_1_t0_max_value,/home/jovyan/shares/SR006.nfs2/spiridonov/malnev_world_model/YSDA_WORD_MODELS_PP/experiments/campaigns/trajectory_consensus_20260908_compact/runs/trajectory_consensus_20260908_compact__position_x0_1_t0_max_value__libero_object_temp__task0__init1__max_value__l0p0__query_traces.parquet,20e86313b01e774116c48db174a3e277a41e7753a73efe442113a5933064f604,1
position_x0_1_t0_winner,/home/jovyan/shares/SR006.nfs2/spiridonov/malnev_world_model/YSDA_WORD_MODELS_PP/experiments/campaigns/trajectory_consensus_20260908_compact/runs/trajectory_consensus_20260908_compact__position_x0_1_t0_winner__libero_object_temp__task0__init1__trajectory_medoid__l1p0__query_traces.parquet,516158bb1bbefad615bb26a4fe057c99d2e70a74f56001f9f90ee3f52081dec9,1
position_x0_1_t1_first,/home/jovyan/shares/SR006.nfs2/spiridonov/malnev_world_model/YSDA_WORD_MODELS_PP/experiments/campaigns/trajectory_consensus_20260908_compact/runs/trajectory_consensus_20260908_compact__position_x0_1_t1_first__libero_object_temp__task1__init1__first__l0p0__query_traces.parquet,7d2e5d45bdfdefae538e00f2d3ebf2fe834f8956d567a68f326a64e2708cef2e,1
position_x0_1_t1_max_value,/home/jovyan/shares/SR006.nfs2/spiridonov/malnev_world_model/YSDA_WORD_MODELS_PP/experiments/campaigns/trajectory_consensus_20260908_compact/runs/trajectory_consensus_20260908_compact__position_x0_1_t1_max_value__libero_object_temp__task1__init1__max_value__l0p0__query_traces.parquet,3c2685b608920315755e0a4c9cea0febc394efe74eec64b7845f6d47d01d8899,1
position_x0_1_t1_winner,/home/jovyan/shares/SR006.nfs2/spiridonov/malnev_world_model/YSDA_WORD_MODELS_PP/experiments/campaigns/trajectory_consensus_20260908_compact/runs/trajectory_consensus_20260908_compact__position_x0_1_t1_winner__libero_object_temp__task1__init1__trajectory_medoid__l1p0__query_traces.parquet,94f70539000ecb4bdccf4e967028dcfaa463f9ea06836024b62fceb150945ce5,1
position_x0_1_t2_first,/home/jovyan/shares/SR006.nfs2/spiridonov/malnev_world_model/YSDA_WORD_MODELS_PP/experiments/campaigns/trajectory_consensus_20260908_compact/runs/trajectory_consensus_20260908_compact__position_x0_1_t2_first__libero_object_temp__task2__init1__first__l0p0__query_traces.parquet,1fde5f4ad62e49b89048d5dab1e6e223fff2d2135a87858563d2bbc5448be836,1
position_x0_1_t2_max_value,/home/jovyan/shares/SR006.nfs2/spiridonov/malnev_world_model/YSDA_WORD_MODELS_PP/experiments/campaigns/trajectory_consensus_20260908_compact/runs/trajectory_consensus_20260908_compact__position_x0_1_t2_max_value__libero_object_temp__task2__init1__max_value__l0p0__query_traces.parquet,a129720d225ecd80db6d901105b1a159886bc37354b1f139aa06c5ad61bcb58c,1
position_x0_1_t2_winner,/home/jovyan/shares/SR006.nfs2/spiridonov/malnev_world_model/YSDA_WORD_MODELS_PP/experiments/campaigns/trajectory_consensus_20260908_compact/runs/trajectory_consensus_20260908_compact__position_x0_1_t2_winner__libero_object_temp__task2__init1__trajectory_medoid__l1p0__query_traces.parquet,9a49c5c222aa14ece9c10ca161d34c21a9b58aae18fbb6946b8538f54dc25c42,1
position_x0_1_t3_first,/home/jovyan/shares/SR006.nfs2/spiridonov/malnev_world_model/YSDA_WORD_MODELS_PP/experiments/campaigns/trajectory_consensus_20260908_compact/runs/trajectory_consensus_20260908_compact__position_x0_1_t3_first__libero_object_temp__task3__init1__first__l0p0__query_traces.parquet,ec37c2f3930a011254d9382ad48af9abb842c906049f841554441ebb39290173,1
position_x0_1_t3_max_value,/home/jovyan/shares/SR006.nfs2/spiridonov/malnev_world_model/YSDA_WORD_MODELS_PP/experiments/campaigns/trajectory_consensus_20260908_compact/runs/trajectory_consensus_20260908_compact__position_x0_1_t3_max_value__libero_object_temp__task3__init1__max_value__l0p0__query_traces.parquet,d93811f4f22daafc8518d41d5c037ab3a3d01276cddb748414fb53053763f805,1
position_x0_1_t3_winner,/home/jovyan/shares/SR006.nfs2/spiridonov/malnev_world_model/YSDA_WORD_MODELS_PP/experiments/campaigns/trajectory_consensus_20260908_compact/runs/trajectory_consensus_20260908_compact__position_x0_1_t3_winner__libero_object_temp__task3__init1__trajectory_medoid__l1p0__query_traces.parquet,9926bb4121f38f59dcb38b80b0de22a1f711004dfd24a46b2e6af27ffcb2d587,1
position_x0_1_t4_first,/home/jovyan/shares/SR006.nfs2/spiridonov/malnev_world_model/YSDA_WORD_MODELS_PP/experiments/campaigns/trajectory_consensus_20260908_compact/runs/trajectory_consensus_20260908_compact__position_x0_1_t4_first__libero_object_temp__task4__init1__first__l0p0__query_traces.parquet,17295fdf28ec9fc59e9b65c2f3dcc0c499f271695f2e03604934231bf72c4252,1
position_x0_1_t4_max_value,/home/jovyan/shares/SR006.nfs2/spiridonov/malnev_world_model/YSDA_WORD_MODELS_PP/experiments/campaigns/trajectory_consensus_20260908_compact/runs/trajectory_consensus_20260908_compact__position_x0_1_t4_max_value__libero_object_temp__task4__init1__max_value__l0p0__query_traces.parquet,93bb5b6cd458cd80ef04f357c599b1127932a3c4cd2cc1e181fa89aaae968d66,1
position_x0_1_t4_winner,/home/jovyan/shares/SR006.nfs2/spiridonov/malnev_world_model/YSDA_WORD_MODELS_PP/experiments/campaigns/trajectory_consensus_20260908_compact/runs/trajectory_consensus_20260908_compact__position_x0_1_t4_winner__libero_object_temp__task4__init1__trajectory_medoid__l1p0__query_traces.parquet,fd039d9658ce48165f22c343e8ec9a9ed2f05240091daa20fabef900f598d322,1
position_x0_1_t5_first,/home/jovyan/shares/SR006.nfs2/spiridonov/malnev_world_model/YSDA_WORD_MODELS_PP/experiments/campaigns/trajectory_consensus_20260908_compact/runs/trajectory_consensus_20260908_compact__position_x0_1_t5_first__libero_object_temp__task5__init1__first__l0p0__query_traces.parquet,99ffdc6601adfb6e409affa395b9250ddbaa7c314913d24b479bf98462027f41,1
position_x0_1_t5_max_value,/home/jovyan/shares/SR006.nfs2/spiridonov/malnev_world_model/YSDA_WORD_MODELS_PP/experiments/campaigns/trajectory_consensus_20260908_compact/runs/trajectory_consensus_20260908_compact__position_x0_1_t5_max_value__libero_object_temp__task5__init1__max_value__l0p0__query_traces.parquet,d7f5c73246940a4909a5f5ad6cfdeb6875c28dddc11f6dd37db43db48354713a,1
position_x0_1_t5_winner,/home/jovyan/shares/SR006.nfs2/spiridonov/malnev_world_model/YSDA_WORD_MODELS_PP/experiments/campaigns/trajectory_consensus_20260908_compact/runs/trajectory_consensus_20260908_compact__position_x0_1_t5_winner__libero_object_temp__task5__init1__trajectory_medoid__l1p0__query_traces.parquet,d363aaa89c752aa2cabe4ef9cbf8ac8b29d7387b2019a7a9e9ec68e012c5d1cd,1
position_x0_1_t6_first,/home/jovyan/shares/SR006.nfs2/spiridonov/malnev_world_model/YSDA_WORD_MODELS_PP/experiments/campaigns/trajectory_consensus_20260908_compact/runs/trajectory_consensus_20260908_compact__position_x0_1_t6_first__libero_object_temp__task6__init1__first__l0p0__query_traces.parquet,1d21367c5d38b8a7885fc87e9d046b900c162ec155f785b8e93074b08fed3552,1
position_x0_1_t6_max_value,/home/jovyan/shares/SR006.nfs2/spiridonov/malnev_world_model/YSDA_WORD_MODELS_PP/experiments/campaigns/trajectory_consensus_20260908_compact/runs/trajectory_consensus_20260908_compact__position_x0_1_t6_max_value__libero_object_temp__task6__init1__max_value__l0p0__query_traces.parquet,3998c7c58a9f04c87e92925efd7bbfa05750b794f7cc4c04eb0fabb3b8330cc1,1
position_x0_1_t6_winner,/home/jovyan/shares/SR006.nfs2/spiridonov/malnev_world_model/YSDA_WORD_MODELS_PP/experiments/campaigns/trajectory_consensus_20260908_compact/runs/trajectory_consensus_20260908_compact__position_x0_1_t6_winner__libero_object_temp__task6__init1__trajectory_medoid__l1p0__query_traces.parquet,214974c86cd96eddba7369ab9d3d852129717f59df7a1080661fa0f42746e215,1
position_x0_1_t7_first,/home/jovyan/shares/SR006.nfs2/spiridonov/malnev_world_model/YSDA_WORD_MODELS_PP/experiments/campaigns/trajectory_consensus_20260908_compact/runs/trajectory_consensus_20260908_compact__position_x0_1_t7_first__libero_object_temp__task7__init1__first__l0p0__query_traces.parquet,53df77411b240455dbd09b9759587df1f1ab8cad51556401494733a25ebef71d,1
position_x0_1_t7_max_value,/home/jovyan/shares/SR006.nfs2/spiridonov/malnev_world_model/YSDA_WORD_MODELS_PP/experiments/campaigns/trajectory_consensus_20260908_compact/runs/trajectory_consensus_20260908_compact__position_x0_1_t7_max_value__libero_object_temp__task7__init1__max_value__l0p0__query_traces.parquet,4fe68e82522248a48bc254482d074588da22096e95e231e77f3e9f8191c3a094,1
position_x0_1_t7_winner,/home/jovyan/shares/SR006.nfs2/spiridonov/malnev_world_model/YSDA_WORD_MODELS_PP/experiments/campaigns/trajectory_consensus_20260908_compact/runs/trajectory_consensus_20260908_compact__position_x0_1_t7_winner__libero_object_temp__task7__init1__trajectory_medoid__l1p0__query_traces.parquet,6abf817719064b69abf30173abd9968c0c6e0cd1bec7271eb9006bffa8f98bf6,1
position_x0_1_t8_first,/home/jovyan/shares/SR006.nfs2/spiridonov/malnev_world_model/YSDA_WORD_MODELS_PP/experiments/campaigns/trajectory_consensus_20260908_compact/runs/trajectory_consensus_20260908_compact__position_x0_1_t8_first__libero_object_temp__task8__init1__first__l0p0__query_traces.parquet,9db85e7e353731a5079ba3a575655062f311eafdbd0338634df7a99b17bac838,1
position_x0_1_t8_max_value,/home/jovyan/shares/SR006.nfs2/spiridonov/malnev_world_model/YSDA_WORD_MODELS_PP/experiments/campaigns/trajectory_consensus_20260908_compact/runs/trajectory_consensus_20260908_compact__position_x0_1_t8_max_value__libero_object_temp__task8__init1__max_value__l0p0__query_traces.parquet,87d40e2bdb5aa6cbe2d6df08bc62c14a944c264190bddf2b7b441dce11bc96f8,1
position_x0_1_t8_winner,/home/jovyan/shares/SR006.nfs2/spiridonov/malnev_world_model/YSDA_WORD_MODELS_PP/experiments/campaigns/trajectory_consensus_20260908_compact/runs/trajectory_consensus_20260908_compact__position_x0_1_t8_winner__libero_object_temp__task8__init1__trajectory_medoid__l1p0__query_traces.parquet,bedd9c2e881b52bb22816b5532d50ffea36981da3ff01ccd72cd3048e5f27910,1
position_x0_1_t9_first,/home/jovyan/shares/SR006.nfs2/spiridonov/malnev_world_model/YSDA_WORD_MODELS_PP/experiments/campaigns/trajectory_consensus_20260908_compact/runs/trajectory_consensus_20260908_compact__position_x0_1_t9_first__libero_object_temp__task9__init1__first__l0p0__query_traces.parquet,8480af0ac2a5eb974b5ec20a9f45559f831ce28bd065e18a14559259f5de9545,1
position_x0_1_t9_max_value,/home/jovyan/shares/SR006.nfs2/spiridonov/malnev_world_model/YSDA_WORD_MODELS_PP/experiments/campaigns/trajectory_consensus_20260908_compact/runs/trajectory_consensus_20260908_compact__position_x0_1_t9_max_value__libero_object_temp__task9__init1__max_value__l0p0__query_traces.parquet,740864f9b60ff6397da9257c5fe5e04434ce619f99fc08ff863965f0308de6ed,1
position_x0_1_t9_winner,/home/jovyan/shares/SR006.nfs2/spiridonov/malnev_world_model/YSDA_WORD_MODELS_PP/experiments/campaigns/trajectory_consensus_20260908_compact/runs/trajectory_consensus_20260908_compact__position_x0_1_t9_winner__libero_object_temp__task9__init1__trajectory_medoid__l1p0__query_traces.parquet,9dfb527fa17aed7cff9e90a2bcf2b2629c730cd9ad20c94a5ea73b6ab5837075,1
position_x0_2_t0_first,/home/jovyan/shares/SR006.nfs2/spiridonov/malnev_world_model/YSDA_WORD_MODELS_PP/experiments/campaigns/trajectory_consensus_20260908_compact/runs/trajectory_consensus_20260908_compact__position_x0_2_t0_first__libero_object_temp__task0__init1__first__l0p0__query_traces.parquet,b3b04a3d125b0ff2383d1423448ab81cdc7ef01ef0dbfcfad2b6fceead3616fa,1
position_x0_2_t0_max_value,/home/jovyan/shares/SR006.nfs2/spiridonov/malnev_world_model/YSDA_WORD_MODELS_PP/experiments/campaigns/trajectory_consensus_20260908_compact/runs/trajectory_consensus_20260908_compact__position_x0_2_t0_max_value__libero_object_temp__task0__init1__max_value__l0p0__query_traces.parquet,92a4bb1c254739737ff7d099e061e8674dd14c1478215b082bea5e7cda0ecaa9,1
position_x0_2_t0_winner,/home/jovyan/shares/SR006.nfs2/spiridonov/malnev_world_model/YSDA_WORD_MODELS_PP/experiments/campaigns/trajectory_consensus_20260908_compact/runs/trajectory_consensus_20260908_compact__position_x0_2_t0_winner__libero_object_temp__task0__init1__trajectory_medoid__l1p0__query_traces.parquet,ccc067cd265e938ef4ad78b77e10ac2fd42cc685e83d975b75924ea5db74f5d9,1
position_x0_2_t1_first,/home/jovyan/shares/SR006.nfs2/spiridonov/malnev_world_model/YSDA_WORD_MODELS_PP/experiments/campaigns/trajectory_consensus_20260908_compact/runs/trajectory_consensus_20260908_compact__position_x0_2_t1_first__libero_object_temp__task1__init1__first__l0p0__query_traces.parquet,507fc8166b09e091e7f93037b258c59c00446994854a1470648ed8d672eda690,1
position_x0_2_t1_max_value,/home/jovyan/shares/SR006.nfs2/spiridonov/malnev_world_model/YSDA_WORD_MODELS_PP/experiments/campaigns/trajectory_consensus_20260908_compact/runs/trajectory_consensus_20260908_compact__position_x0_2_t1_max_value__libero_object_temp__task1__init1__max_value__l0p0__query_traces.parquet,b319295dd5eca7a8101eef9c01ba039da886855bd1a81dd35aa801acd474ccd3,1
position_x0_2_t1_winner,/home/jovyan/shares/SR006.nfs2/spiridonov/malnev_world_model/YSDA_WORD_MODELS_PP/experiments/campaigns/trajectory_consensus_20260908_compact/runs/trajectory_consensus_20260908_compact__position_x0_2_t1_winner__libero_object_temp__task1__init1__trajectory_medoid__l1p0__query_traces.parquet,1938547aa12972f7ca334d9ffbc66874797193221966973d6a6b58c251f9dccb,1
position_x0_2_t2_first,/home/jovyan/shares/SR006.nfs2/spiridonov/malnev_world_model/YSDA_WORD_MODELS_PP/experiments/campaigns/trajectory_consensus_20260908_compact/runs/trajectory_consensus_20260908_compact__position_x0_2_t2_first__libero_object_temp__task2__init1__first__l0p0__query_traces.parquet,906946fc797234ebb3c3dc4b92025e6d9f3eb8295e7c6dd5d716cf72368fe651,1
position_x0_2_t2_max_value,/home/jovyan/shares/SR006.nfs2/spiridonov/malnev_world_model/YSDA_WORD_MODELS_PP/experiments/campaigns/trajectory_consensus_20260908_compact/runs/trajectory_consensus_20260908_compact__position_x0_2_t2_max_value__libero_object_temp__task2__init1__max_value__l0p0__query_traces.parquet,7904f10d6334e6d5d53038973137df582d845cc556e80e4ef37473f079365c79,1
position_x0_2_t2_winner,/home/jovyan/shares/SR006.nfs2/spiridonov/malnev_world_model/YSDA_WORD_MODELS_PP/experiments/campaigns/trajectory_consensus_20260908_compact/runs/trajectory_consensus_20260908_compact__position_x0_2_t2_winner__libero_object_temp__task2__init1__trajectory_medoid__l1p0__query_traces.parquet,e57688397969876b94c25e7168d09fdd43594cd755fd04a53423bf6bf31c5c89,1
position_x0_2_t3_first,/home/jovyan/shares/SR006.nfs2/spiridonov/malnev_world_model/YSDA_WORD_MODELS_PP/experiments/campaigns/trajectory_consensus_20260908_compact/runs/trajectory_consensus_20260908_compact__position_x0_2_t3_first__libero_object_temp__task3__init1__first__l0p0__query_traces.parquet,61f73e7c4482b9165aa40641166308a0300d5c9f2d58ea0289dd115395e94262,1
position_x0_2_t3_max_value,/home/jovyan/shares/SR006.nfs2/spiridonov/malnev_world_model/YSDA_WORD_MODELS_PP/experiments/campaigns/trajectory_consensus_20260908_compact/runs/trajectory_consensus_20260908_compact__position_x0_2_t3_max_value__libero_object_temp__task3__init1__max_value__l0p0__query_traces.parquet,8de4c62e711f59dd7c52b41480fb2ca523c8a9c62aac6699fccc6c949b78da11,1
position_x0_2_t3_winner,/home/jovyan/shares/SR006.nfs2/spiridonov/malnev_world_model/YSDA_WORD_MODELS_PP/experiments/campaigns/trajectory_consensus_20260908_compact/runs/trajectory_consensus_20260908_compact__position_x0_2_t3_winner__libero_object_temp__task3__init1__trajectory_medoid__l1p0__query_traces.parquet,927cb02a4edd50311453cd540befa812b7361f4f642f1171f953d6d776b54987,1
position_x0_2_t4_first,/home/jovyan/shares/SR006.nfs2/spiridonov/malnev_world_model/YSDA_WORD_MODELS_PP/experiments/campaigns/trajectory_consensus_20260908_compact/runs/trajectory_consensus_20260908_compact__position_x0_2_t4_first__libero_object_temp__task4__init1__first__l0p0__query_traces.parquet,7793f25bf332e6621af9f6a47f7dfa1314c47d1977e7d3090d2c0286c44a90bb,1
position_x0_2_t4_max_value,/home/jovyan/shares/SR006.nfs2/spiridonov/malnev_world_model/YSDA_WORD_MODELS_PP/experiments/campaigns/trajectory_consensus_20260908_compact/runs/trajectory_consensus_20260908_compact__position_x0_2_t4_max_value__libero_object_temp__task4__init1__max_value__l0p0__query_traces.parquet,79427d4b5bb88d4ef9eec9aee464a6b8f70ceab71ad61341708a1a941b828d06,1
position_x0_2_t4_winner,/home/jovyan/shares/SR006.nfs2/spiridonov/malnev_world_model/YSDA_WORD_MODELS_PP/experiments/campaigns/trajectory_consensus_20260908_compact/runs/trajectory_consensus_20260908_compact__position_x0_2_t4_winner__libero_object_temp__task4__init1__trajectory_medoid__l1p0__query_traces.parquet,7ad1fe2edee03c0f6ae79c4e84ebadbae575b03f650887d83b8c507245d25d6d,1
position_x0_2_t5_first,/home/jovyan/shares/SR006.nfs2/spiridonov/malnev_world_model/YSDA_WORD_MODELS_PP/experiments/campaigns/trajectory_consensus_20260908_compact/runs/trajectory_consensus_20260908_compact__position_x0_2_t5_first__libero_object_temp__task5__init1__first__l0p0__query_traces.parquet,19db035afbae444131afe0d17a5bb7a383a5c3d91ce13e24166fdd7705d15aea,1
position_x0_2_t5_max_value,/home/jovyan/shares/SR006.nfs2/spiridonov/malnev_world_model/YSDA_WORD_MODELS_PP/experiments/campaigns/trajectory_consensus_20260908_compact/runs/trajectory_consensus_20260908_compact__position_x0_2_t5_max_value__libero_object_temp__task5__init1__max_value__l0p0__query_traces.parquet,8ab7cd57deb04c621eafbdb63a88281add9b78824fc42998451160182e88dbf7,1
position_x0_2_t5_winner,/home/jovyan/shares/SR006.nfs2/spiridonov/malnev_world_model/YSDA_WORD_MODELS_PP/experiments/campaigns/trajectory_consensus_20260908_compact/runs/trajectory_consensus_20260908_compact__position_x0_2_t5_winner__libero_object_temp__task5__init1__trajectory_medoid__l1p0__query_traces.parquet,235af9f414199464f1b9ede1347a8afce51b08ce802c74983e2869f4760d241f,1
position_x0_2_t6_first,/home/jovyan/shares/SR006.nfs2/spiridonov/malnev_world_model/YSDA_WORD_MODELS_PP/experiments/campaigns/trajectory_consensus_20260908_compact/runs/trajectory_consensus_20260908_compact__position_x0_2_t6_first__libero_object_temp__task6__init1__first__l0p0__query_traces.parquet,eb0bdf6c3cc688a4d5d42a24a73201c8bef83c3da28d4d5ed8c2e8a6b8a0a91b,1
position_x0_2_t6_max_value,/home/jovyan/shares/SR006.nfs2/spiridonov/malnev_world_model/YSDA_WORD_MODELS_PP/experiments/campaigns/trajectory_consensus_20260908_compact/runs/trajectory_consensus_20260908_compact__position_x0_2_t6_max_value__libero_object_temp__task6__init1__max_value__l0p0__query_traces.parquet,bc00b996ae6a8a634b73aa28340dc328eff9f8e2cdc222b724c4a80241bf62da,1
position_x0_2_t6_winner,/home/jovyan/shares/SR006.nfs2/spiridonov/malnev_world_model/YSDA_WORD_MODELS_PP/experiments/campaigns/trajectory_consensus_20260908_compact/runs/trajectory_consensus_20260908_compact__position_x0_2_t6_winner__libero_object_temp__task6__init1__trajectory_medoid__l1p0__query_traces.parquet,5ab852901a72cc7af15b291ca78b85b12c4988676480858a9b06bded4efdad54,1
position_x0_2_t7_first,/home/jovyan/shares/SR006.nfs2/spiridonov/malnev_world_model/YSDA_WORD_MODELS_PP/experiments/campaigns/trajectory_consensus_20260908_compact/runs/trajectory_consensus_20260908_compact__position_x0_2_t7_first__libero_object_temp__task7__init1__first__l0p0__query_traces.parquet,2efc08abf41a67e2fe46f80a58ca60792d9e8210cb0c57377eaa31a9f049046a,1
position_x0_2_t7_max_value,/home/jovyan/shares/SR006.nfs2/spiridonov/malnev_world_model/YSDA_WORD_MODELS_PP/experiments/campaigns/trajectory_consensus_20260908_compact/runs/trajectory_consensus_20260908_compact__position_x0_2_t7_max_value__libero_object_temp__task7__init1__max_value__l0p0__query_traces.parquet,c52c1cbe526f5524c5ad50ea000edb6cc35a781fa439a9767210543d99f20125,1
position_x0_2_t7_winner,/home/jovyan/shares/SR006.nfs2/spiridonov/malnev_world_model/YSDA_WORD_MODELS_PP/experiments/campaigns/trajectory_consensus_20260908_compact/runs/trajectory_consensus_20260908_compact__position_x0_2_t7_winner__libero_object_temp__task7__init1__trajectory_medoid__l1p0__query_traces.parquet,cc356569d075a3642a55ca0f1977ac6c2d6eb5dc4cd71a1ac15f3fa389bdbafe,1
position_x0_2_t8_first,/home/jovyan/shares/SR006.nfs2/spiridonov/malnev_world_model/YSDA_WORD_MODELS_PP/experiments/campaigns/trajectory_consensus_20260908_compact/runs/trajectory_consensus_20260908_compact__position_x0_2_t8_first__libero_object_temp__task8__init1__first__l0p0__query_traces.parquet,457a0a23e52eac349fe4a727aa691409378c93d3392ab8cc0f7f8b14ce4d6287,1
position_x0_2_t8_max_value,/home/jovyan/shares/SR006.nfs2/spiridonov/malnev_world_model/YSDA_WORD_MODELS_PP/experiments/campaigns/trajectory_consensus_20260908_compact/runs/trajectory_consensus_20260908_compact__position_x0_2_t8_max_value__libero_object_temp__task8__init1__max_value__l0p0__query_traces.parquet,92b4199725a7e73b40e9b9693f49b6a9e5d020ecb7cc6470aa04d2fbfab0f04a,1
position_x0_2_t8_winner,/home/jovyan/shares/SR006.nfs2/spiridonov/malnev_world_model/YSDA_WORD_MODELS_PP/experiments/campaigns/trajectory_consensus_20260908_compact/runs/trajectory_consensus_20260908_compact__position_x0_2_t8_winner__libero_object_temp__task8__init1__trajectory_medoid__l1p0__query_traces.parquet,a03078304c9d14b44f272d15652ab56d56ebcc9ffa25e3473df18fe4db79aa69,1
position_x0_2_t9_first,/home/jovyan/shares/SR006.nfs2/spiridonov/malnev_world_model/YSDA_WORD_MODELS_PP/experiments/campaigns/trajectory_consensus_20260908_compact/runs/trajectory_consensus_20260908_compact__position_x0_2_t9_first__libero_object_temp__task9__init1__first__l0p0__query_traces.parquet,9844bd72bafdf30a17f4783c9614026daeaf7c37b599dabdcd489102d3dec86b,1
position_x0_2_t9_max_value,/home/jovyan/shares/SR006.nfs2/spiridonov/malnev_world_model/YSDA_WORD_MODELS_PP/experiments/campaigns/trajectory_consensus_20260908_compact/runs/trajectory_consensus_20260908_compact__position_x0_2_t9_max_value__libero_object_temp__task9__init1__max_value__l0p0__query_traces.parquet,efa66ba39c917dfd04efc9088c38a52f22d164470ec036dd38e2e0c15c7c2360,1
position_x0_2_t9_winner,/home/jovyan/shares/SR006.nfs2/spiridonov/malnev_world_model/YSDA_WORD_MODELS_PP/experiments/campaigns/trajectory_consensus_20260908_compact/runs/trajectory_consensus_20260908_compact__position_x0_2_t9_winner__libero_object_temp__task9__init1__trajectory_medoid__l1p0__query_traces.parquet,5553ebc8fc4f1217a15bc695a9bd1f9492defc328bab4c5f82fc4cdc47c85fe6,1
position_x0_3_t0_first,/home/jovyan/shares/SR006.nfs2/spiridonov/malnev_world_model/YSDA_WORD_MODELS_PP/experiments/campaigns/trajectory_consensus_20260908_compact/runs/trajectory_consensus_20260908_compact__position_x0_3_t0_first__libero_object_temp__task0__init1__first__l0p0__query_traces.parquet,d2ae5f64afa20f18633e68a1c690fc41738703bd752a95e434d55ec6fec44913,1
position_x0_3_t0_max_value,/home/jovyan/shares/SR006.nfs2/spiridonov/malnev_world_model/YSDA_WORD_MODELS_PP/experiments/campaigns/trajectory_consensus_20260908_compact/runs/trajectory_consensus_20260908_compact__position_x0_3_t0_max_value__libero_object_temp__task0__init1__max_value__l0p0__query_traces.parquet,fccf8e21ef4a9ecd3dc0ae74e5eb45278ac32ef1aaf9b0bc85bfbbf2832e94c3,1
position_x0_3_t0_winner,/home/jovyan/shares/SR006.nfs2/spiridonov/malnev_world_model/YSDA_WORD_MODELS_PP/experiments/campaigns/trajectory_consensus_20260908_compact/runs/trajectory_consensus_20260908_compact__position_x0_3_t0_winner__libero_object_temp__task0__init1__trajectory_medoid__l1p0__query_traces.parquet,f1e9f0a06513d3a67f05a6bdaf4748768c5a97cd975841b7f0422e35a2aabb4b,1
position_x0_3_t1_first,/home/jovyan/shares/SR006.nfs2/spiridonov/malnev_world_model/YSDA_WORD_MODELS_PP/experiments/campaigns/trajectory_consensus_20260908_compact/runs/trajectory_consensus_20260908_compact__position_x0_3_t1_first__libero_object_temp__task1__init1__first__l0p0__query_traces.parquet,3f44b29400bb88525fd3725d089c650a51f7e9f24d8d2369abc6bb24ff744072,1
position_x0_3_t1_max_value,/home/jovyan/shares/SR006.nfs2/spiridonov/malnev_world_model/YSDA_WORD_MODELS_PP/experiments/campaigns/trajectory_consensus_20260908_compact/runs/trajectory_consensus_20260908_compact__position_x0_3_t1_max_value__libero_object_temp__task1__init1__max_value__l0p0__query_traces.parquet,c0f580ecc2cc221b925fdf7028c7740461aa4cb6a43602c7e0d5538bed3bee33,1
position_x0_3_t1_winner,/home/jovyan/shares/SR006.nfs2/spiridonov/malnev_world_model/YSDA_WORD_MODELS_PP/experiments/campaigns/trajectory_consensus_20260908_compact/runs/trajectory_consensus_20260908_compact__position_x0_3_t1_winner__libero_object_temp__task1__init1__trajectory_medoid__l1p0__query_traces.parquet,a85006b8293b85c63a73605e9ca0b7661f8f898bdcd5233d888036bbfd5e020d,1
position_x0_3_t2_first,/home/jovyan/shares/SR006.nfs2/spiridonov/malnev_world_model/YSDA_WORD_MODELS_PP/experiments/campaigns/trajectory_consensus_20260908_compact/runs/trajectory_consensus_20260908_compact__position_x0_3_t2_first__libero_object_temp__task2__init1__first__l0p0__query_traces.parquet,050f6a8d228d70bf0abe8ef5853eeb814c0ad5fb58ebaa722c6b64cad3ec7aeb,1
position_x0_3_t2_max_value,/home/jovyan/shares/SR006.nfs2/spiridonov/malnev_world_model/YSDA_WORD_MODELS_PP/experiments/campaigns/trajectory_consensus_20260908_compact/runs/trajectory_consensus_20260908_compact__position_x0_3_t2_max_value__libero_object_temp__task2__init1__max_value__l0p0__query_traces.parquet,0ed54980f4a479ab30de4de6e098bdca94f4153e3de8e42d29a7f0e533b98634,1
position_x0_3_t2_winner,/home/jovyan/shares/SR006.nfs2/spiridonov/malnev_world_model/YSDA_WORD_MODELS_PP/experiments/campaigns/trajectory_consensus_20260908_compact/runs/trajectory_consensus_20260908_compact__position_x0_3_t2_winner__libero_object_temp__task2__init1__trajectory_medoid__l1p0__query_traces.parquet,d728a6e9c03dd57b05ead3d149641bca5c57450480fbfac25aa64aa5900b4702,1
position_x0_3_t3_first,/home/jovyan/shares/SR006.nfs2/spiridonov/malnev_world_model/YSDA_WORD_MODELS_PP/experiments/campaigns/trajectory_consensus_20260908_compact/runs/trajectory_consensus_20260908_compact__position_x0_3_t3_first__libero_object_temp__task3__init1__first__l0p0__query_traces.parquet,2edd382e9e42737cc82c2d3085af261b1b74cc3f543cb8ad8878290cb1ca0df5,1
position_x0_3_t3_max_value,/home/jovyan/shares/SR006.nfs2/spiridonov/malnev_world_model/YSDA_WORD_MODELS_PP/experiments/campaigns/trajectory_consensus_20260908_compact/runs/trajectory_consensus_20260908_compact__position_x0_3_t3_max_value__libero_object_temp__task3__init1__max_value__l0p0__query_traces.parquet,2687f8de2e36056adeb0609a366b8a838d328f11e467cc8af4fe07614f88d018,1
position_x0_3_t3_winner,/home/jovyan/shares/SR006.nfs2/spiridonov/malnev_world_model/YSDA_WORD_MODELS_PP/experiments/campaigns/trajectory_consensus_20260908_compact/runs/trajectory_consensus_20260908_compact__position_x0_3_t3_winner__libero_object_temp__task3__init1__trajectory_medoid__l1p0__query_traces.parquet,b7f4e2f371132fdeccf7ad0085873da96292b72f542e378d26000f61959ec6e0,1
position_x0_3_t4_first,/home/jovyan/shares/SR006.nfs2/spiridonov/malnev_world_model/YSDA_WORD_MODELS_PP/experiments/campaigns/trajectory_consensus_20260908_compact/runs/trajectory_consensus_20260908_compact__position_x0_3_t4_first__libero_object_temp__task4__init1__first__l0p0__query_traces.parquet,6a184028b627511925efe4a06742190ec103b556c35d1ff2e9b16e088d64e9f4,1
position_x0_3_t4_max_value,/home/jovyan/shares/SR006.nfs2/spiridonov/malnev_world_model/YSDA_WORD_MODELS_PP/experiments/campaigns/trajectory_consensus_20260908_compact/runs/trajectory_consensus_20260908_compact__position_x0_3_t4_max_value__libero_object_temp__task4__init1__max_value__l0p0__query_traces.parquet,830772f2f8bd83fe20f810be843f81782ac166043f12cfe0f6beb8d070fd9659,1
position_x0_3_t4_winner,/home/jovyan/shares/SR006.nfs2/spiridonov/malnev_world_model/YSDA_WORD_MODELS_PP/experiments/campaigns/trajectory_consensus_20260908_compact/runs/trajectory_consensus_20260908_compact__position_x0_3_t4_winner__libero_object_temp__task4__init1__trajectory_medoid__l1p0__query_traces.parquet,c4c9551bebb5b8fb5324661fb955150988447cd6e42055e092d846e48b6184a9,1
position_x0_3_t5_first,/home/jovyan/shares/SR006.nfs2/spiridonov/malnev_world_model/YSDA_WORD_MODELS_PP/experiments/campaigns/trajectory_consensus_20260908_compact/runs/trajectory_consensus_20260908_compact__position_x0_3_t5_first__libero_object_temp__task5__init1__first__l0p0__query_traces.parquet,ac9b22a05f0bfe31923ace1056d758b85b06aa2dc3c28a527626f1fba13ff1d5,1
position_x0_3_t5_max_value,/home/jovyan/shares/SR006.nfs2/spiridonov/malnev_world_model/YSDA_WORD_MODELS_PP/experiments/campaigns/trajectory_consensus_20260908_compact/runs/trajectory_consensus_20260908_compact__position_x0_3_t5_max_value__libero_object_temp__task5__init1__max_value__l0p0__query_traces.parquet,07ee825377eb9cd1482dc10323957c67484627c762fd8c62442bf0e4bf5c7f09,1
position_x0_3_t5_winner,/home/jovyan/shares/SR006.nfs2/spiridonov/malnev_world_model/YSDA_WORD_MODELS_PP/experiments/campaigns/trajectory_consensus_20260908_compact/runs/trajectory_consensus_20260908_compact__position_x0_3_t5_winner__libero_object_temp__task5__init1__trajectory_medoid__l1p0__query_traces.parquet,390dc512c3d000e0a7eef77e9114e994dc914beacb68d2a7abfb81f640b8d4ed,1
position_x0_3_t6_first,/home/jovyan/shares/SR006.nfs2/spiridonov/malnev_world_model/YSDA_WORD_MODELS_PP/experiments/campaigns/trajectory_consensus_20260908_compact/runs/trajectory_consensus_20260908_compact__position_x0_3_t6_first__libero_object_temp__task6__init1__first__l0p0__query_traces.parquet,1e031bf3e76d24f9f56855ae94c71269f9dba6b269f9b2c312d97748cc696533,1
position_x0_3_t6_max_value,/home/jovyan/shares/SR006.nfs2/spiridonov/malnev_world_model/YSDA_WORD_MODELS_PP/experiments/campaigns/trajectory_consensus_20260908_compact/runs/trajectory_consensus_20260908_compact__position_x0_3_t6_max_value__libero_object_temp__task6__init1__max_value__l0p0__query_traces.parquet,dd303db240af42f310c83c58db420532a169696d198163f42a4adc00e4b9a624,1
position_x0_3_t6_winner,/home/jovyan/shares/SR006.nfs2/spiridonov/malnev_world_model/YSDA_WORD_MODELS_PP/experiments/campaigns/trajectory_consensus_20260908_compact/runs/trajectory_consensus_20260908_compact__position_x0_3_t6_winner__libero_object_temp__task6__init1__trajectory_medoid__l1p0__query_traces.parquet,05234b89f2fb0d23d5f41047e5fccb01c0d24d599b10051cb6d1a2751b46ecb0,1
position_x0_3_t7_first,/home/jovyan/shares/SR006.nfs2/spiridonov/malnev_world_model/YSDA_WORD_MODELS_PP/experiments/campaigns/trajectory_consensus_20260908_compact/runs/trajectory_consensus_20260908_compact__position_x0_3_t7_first__libero_object_temp__task7__init1__first__l0p0__query_traces.parquet,17599f3bf833d0a4b9d735bb87997f5fad7a4875d708b06e394ca555671bd124,1
position_x0_3_t7_max_value,/home/jovyan/shares/SR006.nfs2/spiridonov/malnev_world_model/YSDA_WORD_MODELS_PP/experiments/campaigns/trajectory_consensus_20260908_compact/runs/trajectory_consensus_20260908_compact__position_x0_3_t7_max_value__libero_object_temp__task7__init1__max_value__l0p0__query_traces.parquet,50095e0bd06ac6cea3d3bf872cdfc115a71d96535ac6c72ee7ed7857374970b4,1
position_x0_3_t7_winner,/home/jovyan/shares/SR006.nfs2/spiridonov/malnev_world_model/YSDA_WORD_MODELS_PP/experiments/campaigns/trajectory_consensus_20260908_compact/runs/trajectory_consensus_20260908_compact__position_x0_3_t7_winner__libero_object_temp__task7__init1__trajectory_medoid__l1p0__query_traces.parquet,1796b7c11a1eb3ae6151e40ea12593e84da20799f4d264fce6c15456f72051b0,1
position_x0_3_t8_first,/home/jovyan/shares/SR006.nfs2/spiridonov/malnev_world_model/YSDA_WORD_MODELS_PP/experiments/campaigns/trajectory_consensus_20260908_compact/runs/trajectory_consensus_20260908_compact__position_x0_3_t8_first__libero_object_temp__task8__init1__first__l0p0__query_traces.parquet,1957ad87ac147aee7d45ad0df6c4c6f66dc3ef61683856592742f932da65f258,1
position_x0_3_t8_max_value,/home/jovyan/shares/SR006.nfs2/spiridonov/malnev_world_model/YSDA_WORD_MODELS_PP/experiments/campaigns/trajectory_consensus_20260908_compact/runs/trajectory_consensus_20260908_compact__position_x0_3_t8_max_value__libero_object_temp__task8__init1__max_value__l0p0__query_traces.parquet,c32f40a46aef71d682f43198efe9d7dd6e70f5b534b291340340a005c4192296,1
position_x0_3_t8_winner,/home/jovyan/shares/SR006.nfs2/spiridonov/malnev_world_model/YSDA_WORD_MODELS_PP/experiments/campaigns/trajectory_consensus_20260908_compact/runs/trajectory_consensus_20260908_compact__position_x0_3_t8_winner__libero_object_temp__task8__init1__trajectory_medoid__l1p0__query_traces.parquet,bac068e908914314ed03cec5adafafa2ce342998a1adbeb21822400c7c4c6d29,1
position_x0_3_t9_first,/home/jovyan/shares/SR006.nfs2/spiridonov/malnev_world_model/YSDA_WORD_MODELS_PP/experiments/campaigns/trajectory_consensus_20260908_compact/runs/trajectory_consensus_20260908_compact__position_x0_3_t9_first__libero_object_temp__task9__init1__first__l0p0__query_traces.parquet,b57bc2c1d0a52adddf8b35b5df947ad38d899f7a9297b7c642efb129495acbca,1
position_x0_3_t9_max_value,/home/jovyan/shares/SR006.nfs2/spiridonov/malnev_world_model/YSDA_WORD_MODELS_PP/experiments/campaigns/trajectory_consensus_20260908_compact/runs/trajectory_consensus_20260908_compact__position_x0_3_t9_max_value__libero_object_temp__task9__init1__max_value__l0p0__query_traces.parquet,e8bda29b914d07307c7344a9de1df8a2853f1e1841562af884f55434318487a5,1
position_x0_3_t9_winner,/home/jovyan/shares/SR006.nfs2/spiridonov/malnev_world_model/YSDA_WORD_MODELS_PP/experiments/campaigns/trajectory_consensus_20260908_compact/runs/trajectory_consensus_20260908_compact__position_x0_3_t9_winner__libero_object_temp__task9__init1__trajectory_medoid__l1p0__query_traces.parquet,91f34c64f3f0769e7dde29a67f63a5588e9301d83dd7aa24cc169f3f11b76313,1
position_x0_4_t0_first,/home/jovyan/shares/SR006.nfs2/spiridonov/malnev_world_model/YSDA_WORD_MODELS_PP/experiments/campaigns/trajectory_consensus_20260908_compact/runs/trajectory_consensus_20260908_compact__position_x0_4_t0_first__libero_object_temp__task0__init1__first__l0p0__query_traces.parquet,71935c57597f4cb007201e3f90abf9563e21b7009177157af06a445fbd3ec945,1
position_x0_4_t0_max_value,/home/jovyan/shares/SR006.nfs2/spiridonov/malnev_world_model/YSDA_WORD_MODELS_PP/experiments/campaigns/trajectory_consensus_20260908_compact/runs/trajectory_consensus_20260908_compact__position_x0_4_t0_max_value__libero_object_temp__task0__init1__max_value__l0p0__query_traces.parquet,4081a5750b263906a5e68d40355129f32f1be5373f7304071c6847311737946c,1
position_x0_4_t0_winner,/home/jovyan/shares/SR006.nfs2/spiridonov/malnev_world_model/YSDA_WORD_MODELS_PP/experiments/campaigns/trajectory_consensus_20260908_compact/runs/trajectory_consensus_20260908_compact__position_x0_4_t0_winner__libero_object_temp__task0__init1__trajectory_medoid__l1p0__query_traces.parquet,458b24dba5d8c883d213e9990223dbd0ed32926738862cda6d367f16982442c1,1
position_x0_4_t1_first,/home/jovyan/shares/SR006.nfs2/spiridonov/malnev_world_model/YSDA_WORD_MODELS_PP/experiments/campaigns/trajectory_consensus_20260908_compact/runs/trajectory_consensus_20260908_compact__position_x0_4_t1_first__libero_object_temp__task1__init1__first__l0p0__query_traces.parquet,638f4dcd29baabfdf14c37d79a7316296f154f94116b28e7ca8e2fe01e4cc312,1
position_x0_4_t1_max_value,/home/jovyan/shares/SR006.nfs2/spiridonov/malnev_world_model/YSDA_WORD_MODELS_PP/experiments/campaigns/trajectory_consensus_20260908_compact/runs/trajectory_consensus_20260908_compact__position_x0_4_t1_max_value__libero_object_temp__task1__init1__max_value__l0p0__query_traces.parquet,5270c8307a90e19c2f51a0d858b70e3e33f25cff48ba1f8003beee674f888f3c,1
position_x0_4_t1_winner,/home/jovyan/shares/SR006.nfs2/spiridonov/malnev_world_model/YSDA_WORD_MODELS_PP/experiments/campaigns/trajectory_consensus_20260908_compact/runs/trajectory_consensus_20260908_compact__position_x0_4_t1_winner__libero_object_temp__task1__init1__trajectory_medoid__l1p0__query_traces.parquet,d24ab0c7ba8e9bd878b79ca96e4e8d494c860f8913babbb5cf85c5d049f60a23,1
position_x0_4_t2_first,/home/jovyan/shares/SR006.nfs2/spiridonov/malnev_world_model/YSDA_WORD_MODELS_PP/experiments/campaigns/trajectory_consensus_20260908_compact/runs/trajectory_consensus_20260908_compact__position_x0_4_t2_first__libero_object_temp__task2__init1__first__l0p0__query_traces.parquet,dfa35b0eb3e22abb0a3c1755cbe5f364b90416d7b01999fe73e60301bb628d4d,1
position_x0_4_t2_max_value,/home/jovyan/shares/SR006.nfs2/spiridonov/malnev_world_model/YSDA_WORD_MODELS_PP/experiments/campaigns/trajectory_consensus_20260908_compact/runs/trajectory_consensus_20260908_compact__position_x0_4_t2_max_value__libero_object_temp__task2__init1__max_value__l0p0__query_traces.parquet,2640238bcfcdd506e32956788d2443cc41e3660f64666e731f23c615636d6def,1
position_x0_4_t2_winner,/home/jovyan/shares/SR006.nfs2/spiridonov/malnev_world_model/YSDA_WORD_MODELS_PP/experiments/campaigns/trajectory_consensus_20260908_compact/runs/trajectory_consensus_20260908_compact__position_x0_4_t2_winner__libero_object_temp__task2__init1__trajectory_medoid__l1p0__query_traces.parquet,2760836173b44e7cce707ccb23f404365c1dd7b26199db4e88c9c6a06e41ab2f,1
position_x0_4_t3_first,/home/jovyan/shares/SR006.nfs2/spiridonov/malnev_world_model/YSDA_WORD_MODELS_PP/experiments/campaigns/trajectory_consensus_20260908_compact/runs/trajectory_consensus_20260908_compact__position_x0_4_t3_first__libero_object_temp__task3__init1__first__l0p0__query_traces.parquet,995b71678d1253c05d82bccee4e17c77df6689895cfd49dfb99952e0742cf13f,1
position_x0_4_t3_max_value,/home/jovyan/shares/SR006.nfs2/spiridonov/malnev_world_model/YSDA_WORD_MODELS_PP/experiments/campaigns/trajectory_consensus_20260908_compact/runs/trajectory_consensus_20260908_compact__position_x0_4_t3_max_value__libero_object_temp__task3__init1__max_value__l0p0__query_traces.parquet,1fcd4ccdae4e2148fe74f57d2797cd3b4e0acff8dd5bfd9b703231bddf1f3aab,1
position_x0_4_t3_winner,/home/jovyan/shares/SR006.nfs2/spiridonov/malnev_world_model/YSDA_WORD_MODELS_PP/experiments/campaigns/trajectory_consensus_20260908_compact/runs/trajectory_consensus_20260908_compact__position_x0_4_t3_winner__libero_object_temp__task3__init1__trajectory_medoid__l1p0__query_traces.parquet,dc5b3ba7fa09c3210703c67edc8fec816ff503a597e80e7fa44dbc1162a3a40a,1
position_x0_4_t4_first,/home/jovyan/shares/SR006.nfs2/spiridonov/malnev_world_model/YSDA_WORD_MODELS_PP/experiments/campaigns/trajectory_consensus_20260908_compact/runs/trajectory_consensus_20260908_compact__position_x0_4_t4_first__libero_object_temp__task4__init1__first__l0p0__query_traces.parquet,076787e96b25ecdcd5ccc551db03baec26105d616815cd1a4423fc275916fb37,1
position_x0_4_t4_max_value,/home/jovyan/shares/SR006.nfs2/spiridonov/malnev_world_model/YSDA_WORD_MODELS_PP/experiments/campaigns/trajectory_consensus_20260908_compact/runs/trajectory_consensus_20260908_compact__position_x0_4_t4_max_value__libero_object_temp__task4__init1__max_value__l0p0__query_traces.parquet,1144622e0620a65914f325af757fa9993397e272134d3214c3853edb9ad64d25,1
position_x0_4_t4_winner,/home/jovyan/shares/SR006.nfs2/spiridonov/malnev_world_model/YSDA_WORD_MODELS_PP/experiments/campaigns/trajectory_consensus_20260908_compact/runs/trajectory_consensus_20260908_compact__position_x0_4_t4_winner__libero_object_temp__task4__init1__trajectory_medoid__l1p0__query_traces.parquet,45aff8e67927a6f200e80426d4fbdcea05c21792d3ba7f7497be8fa57755d6ed,1
position_x0_4_t5_first,/home/jovyan/shares/SR006.nfs2/spiridonov/malnev_world_model/YSDA_WORD_MODELS_PP/experiments/campaigns/trajectory_consensus_20260908_compact/runs/trajectory_consensus_20260908_compact__position_x0_4_t5_first__libero_object_temp__task5__init1__first__l0p0__query_traces.parquet,428e8714e50c94dfc9942276421ea8ada8e0937ad88058aab1c206c8276eb998,1
position_x0_4_t5_max_value,/home/jovyan/shares/SR006.nfs2/spiridonov/malnev_world_model/YSDA_WORD_MODELS_PP/experiments/campaigns/trajectory_consensus_20260908_compact/runs/trajectory_consensus_20260908_compact__position_x0_4_t5_max_value__libero_object_temp__task5__init1__max_value__l0p0__query_traces.parquet,a96d7665aa72a1ec7605cab752a26d1149fffd284f275e00a3b76eac3ec3e03e,1
position_x0_4_t5_winner,/home/jovyan/shares/SR006.nfs2/spiridonov/malnev_world_model/YSDA_WORD_MODELS_PP/experiments/campaigns/trajectory_consensus_20260908_compact/runs/trajectory_consensus_20260908_compact__position_x0_4_t5_winner__libero_object_temp__task5__init1__trajectory_medoid__l1p0__query_traces.parquet,f408f9c4de4a14da71dbc47e8aab86cea7a5a46f1875135c762808fffa9f8856,1
position_x0_4_t6_first,/home/jovyan/shares/SR006.nfs2/spiridonov/malnev_world_model/YSDA_WORD_MODELS_PP/experiments/campaigns/trajectory_consensus_20260908_compact/runs/trajectory_consensus_20260908_compact__position_x0_4_t6_first__libero_object_temp__task6__init1__first__l0p0__query_traces.parquet,5fef5215bd26488d646f96c6c68a3482565d702057feac7d3f258bc39a156052,1
position_x0_4_t6_max_value,/home/jovyan/shares/SR006.nfs2/spiridonov/malnev_world_model/YSDA_WORD_MODELS_PP/experiments/campaigns/trajectory_consensus_20260908_compact/runs/trajectory_consensus_20260908_compact__position_x0_4_t6_max_value__libero_object_temp__task6__init1__max_value__l0p0__query_traces.parquet,0501be26f286e9c8845d2c9d3da0d023c4da1ac1de527037f61421a7cc9310d4,1
position_x0_4_t6_winner,/home/jovyan/shares/SR006.nfs2/spiridonov/malnev_world_model/YSDA_WORD_MODELS_PP/experiments/campaigns/trajectory_consensus_20260908_compact/runs/trajectory_consensus_20260908_compact__position_x0_4_t6_winner__libero_object_temp__task6__init1__trajectory_medoid__l1p0__query_traces.parquet,e02ff814fb58428c9c348dae22808b4f4895501bf7fda456eb1c6a0bf9edd0b2,1
position_x0_4_t7_first,/home/jovyan/shares/SR006.nfs2/spiridonov/malnev_world_model/YSDA_WORD_MODELS_PP/experiments/campaigns/trajectory_consensus_20260908_compact/runs/trajectory_consensus_20260908_compact__position_x0_4_t7_first__libero_object_temp__task7__init1__first__l0p0__query_traces.parquet,4a2e0f33cd26cf2f66db8c5b82b0c38bf8b2cd8c87a21df0ca88418dc796edbe,1
position_x0_4_t7_max_value,/home/jovyan/shares/SR006.nfs2/spiridonov/malnev_world_model/YSDA_WORD_MODELS_PP/experiments/campaigns/trajectory_consensus_20260908_compact/runs/trajectory_consensus_20260908_compact__position_x0_4_t7_max_value__libero_object_temp__task7__init1__max_value__l0p0__query_traces.parquet,3558738e5d79224a0ff530db1000b524eb3232c5b887e44ac7e776504c7dcf45,1
position_x0_4_t7_winner,/home/jovyan/shares/SR006.nfs2/spiridonov/malnev_world_model/YSDA_WORD_MODELS_PP/experiments/campaigns/trajectory_consensus_20260908_compact/runs/trajectory_consensus_20260908_compact__position_x0_4_t7_winner__libero_object_temp__task7__init1__trajectory_medoid__l1p0__query_traces.parquet,31d75487598e0cd09aa67fd65d7e7024ebdff0fdd625e1ff3229b36cdec84d7e,1
position_x0_4_t8_first,/home/jovyan/shares/SR006.nfs2/spiridonov/malnev_world_model/YSDA_WORD_MODELS_PP/experiments/campaigns/trajectory_consensus_20260908_compact/runs/trajectory_consensus_20260908_compact__position_x0_4_t8_first__libero_object_temp__task8__init1__first__l0p0__query_traces.parquet,afbba234e00a73e521b59b2f4b416bd088bd043ff1e9a6a5925841d690971030,1
position_x0_4_t8_max_value,/home/jovyan/shares/SR006.nfs2/spiridonov/malnev_world_model/YSDA_WORD_MODELS_PP/experiments/campaigns/trajectory_consensus_20260908_compact/runs/trajectory_consensus_20260908_compact__position_x0_4_t8_max_value__libero_object_temp__task8__init1__max_value__l0p0__query_traces.parquet,2cc99b4dbb4a86db21b73af9401b6382aa50fe9e17b55179a02e4998be1f07fd,1
position_x0_4_t8_winner,/home/jovyan/shares/SR006.nfs2/spiridonov/malnev_world_model/YSDA_WORD_MODELS_PP/experiments/campaigns/trajectory_consensus_20260908_compact/runs/trajectory_consensus_20260908_compact__position_x0_4_t8_winner__libero_object_temp__task8__init1__trajectory_medoid__l1p0__query_traces.parquet,04592dadb9ac35b55330d8f1c2c0976021b602360c9ae45c9c3709c793d7930c,1
position_x0_4_t9_first,/home/jovyan/shares/SR006.nfs2/spiridonov/malnev_world_model/YSDA_WORD_MODELS_PP/experiments/campaigns/trajectory_consensus_20260908_compact/runs/trajectory_consensus_20260908_compact__position_x0_4_t9_first__libero_object_temp__task9__init1__first__l0p0__query_traces.parquet,04ad1e12b4d95eac4314959fc654a408ac6c20dce57204489a62cab53c067620,1
position_x0_4_t9_max_value,/home/jovyan/shares/SR006.nfs2/spiridonov/malnev_world_model/YSDA_WORD_MODELS_PP/experiments/campaigns/trajectory_consensus_20260908_compact/runs/trajectory_consensus_20260908_compact__position_x0_4_t9_max_value__libero_object_temp__task9__init1__max_value__l0p0__query_traces.parquet,de2edcee6f4fd62170786fb8b7897ed5b55f9f40c405fe899ccdf64956f9a3c3,1
position_x0_4_t9_winner,/home/jovyan/shares/SR006.nfs2/spiridonov/malnev_world_model/YSDA_WORD_MODELS_PP/experiments/campaigns/trajectory_consensus_20260908_compact/runs/trajectory_consensus_20260908_compact__position_x0_4_t9_winner__libero_object_temp__task9__init1__trajectory_medoid__l1p0__query_traces.parquet,c65571d0710e313f66494215f860be3c2f652e4b8ef7ab833cc0f26f3f1a9664,1
position_x0_5_t0_first,/home/jovyan/shares/SR006.nfs2/spiridonov/malnev_world_model/YSDA_WORD_MODELS_PP/experiments/campaigns/trajectory_consensus_20260908_compact/runs/trajectory_consensus_20260908_compact__position_x0_5_t0_first__libero_object_temp__task0__init1__first__l0p0__query_traces.parquet,32429b6e8ea8e448bd81c62d3c96b142028979044fce7cd79bbd776f6c7ea8c1,1
position_x0_5_t0_max_value,/home/jovyan/shares/SR006.nfs2/spiridonov/malnev_world_model/YSDA_WORD_MODELS_PP/experiments/campaigns/trajectory_consensus_20260908_compact/runs/trajectory_consensus_20260908_compact__position_x0_5_t0_max_value__libero_object_temp__task0__init1__max_value__l0p0__query_traces.parquet,ad2e997779abfa85e619a5a26da6b03df091dff4cf0b2a6aa9532e81d0cce830,1
position_x0_5_t0_winner,/home/jovyan/shares/SR006.nfs2/spiridonov/malnev_world_model/YSDA_WORD_MODELS_PP/experiments/campaigns/trajectory_consensus_20260908_compact/runs/trajectory_consensus_20260908_compact__position_x0_5_t0_winner__libero_object_temp__task0__init1__trajectory_medoid__l1p0__query_traces.parquet,3e3034cebb124d3834b78673483829c7cd6ae07417c872bebf85ee7c0ad9aed5,1
position_x0_5_t1_first,/home/jovyan/shares/SR006.nfs2/spiridonov/malnev_world_model/YSDA_WORD_MODELS_PP/experiments/campaigns/trajectory_consensus_20260908_compact/runs/trajectory_consensus_20260908_compact__position_x0_5_t1_first__libero_object_temp__task1__init1__first__l0p0__query_traces.parquet,51f254925a620fec27fb9fb77cf1d002d8cdf7dd96e9991fdbe06bb2d834371f,1
position_x0_5_t1_max_value,/home/jovyan/shares/SR006.nfs2/spiridonov/malnev_world_model/YSDA_WORD_MODELS_PP/experiments/campaigns/trajectory_consensus_20260908_compact/runs/trajectory_consensus_20260908_compact__position_x0_5_t1_max_value__libero_object_temp__task1__init1__max_value__l0p0__query_traces.parquet,7a0238c206b8379e4073d583e5d61e7afc561ab823bf0c9fda3d92b3b95db357,1
position_x0_5_t1_winner,/home/jovyan/shares/SR006.nfs2/spiridonov/malnev_world_model/YSDA_WORD_MODELS_PP/experiments/campaigns/trajectory_consensus_20260908_compact/runs/trajectory_consensus_20260908_compact__position_x0_5_t1_winner__libero_object_temp__task1__init1__trajectory_medoid__l1p0__query_traces.parquet,dd6f8be821dc354434eaa2f80a2ac1ad937be23f1c92cae6e780cabbfe98321e,1
position_x0_5_t2_first,/home/jovyan/shares/SR006.nfs2/spiridonov/malnev_world_model/YSDA_WORD_MODELS_PP/experiments/campaigns/trajectory_consensus_20260908_compact/runs/trajectory_consensus_20260908_compact__position_x0_5_t2_first__libero_object_temp__task2__init1__first__l0p0__query_traces.parquet,f4a79961aac29b2ef332795fcb0498397852b6b019f4977505fa948adf2de30a,1
position_x0_5_t2_max_value,/home/jovyan/shares/SR006.nfs2/spiridonov/malnev_world_model/YSDA_WORD_MODELS_PP/experiments/campaigns/trajectory_consensus_20260908_compact/runs/trajectory_consensus_20260908_compact__position_x0_5_t2_max_value__libero_object_temp__task2__init1__max_value__l0p0__query_traces.parquet,fbabfe350a96ce8b40046576647c03bafb057b7e11ae34f01fca07681b919d0e,1
position_x0_5_t2_winner,/home/jovyan/shares/SR006.nfs2/spiridonov/malnev_world_model/YSDA_WORD_MODELS_PP/experiments/campaigns/trajectory_consensus_20260908_compact/runs/trajectory_consensus_20260908_compact__position_x0_5_t2_winner__libero_object_temp__task2__init1__trajectory_medoid__l1p0__query_traces.parquet,985201ea0ee8c4741d3e174fb981dad427da49c58fe071f2dfb57e8e82ff7886,1
position_x0_5_t3_first,/home/jovyan/shares/SR006.nfs2/spiridonov/malnev_world_model/YSDA_WORD_MODELS_PP/experiments/campaigns/trajectory_consensus_20260908_compact/runs/trajectory_consensus_20260908_compact__position_x0_5_t3_first__libero_object_temp__task3__init1__first__l0p0__query_traces.parquet,40762b04207841ebd4877e74315031bac40533be1237a913b713e763178de69e,1
position_x0_5_t3_max_value,/home/jovyan/shares/SR006.nfs2/spiridonov/malnev_world_model/YSDA_WORD_MODELS_PP/experiments/campaigns/trajectory_consensus_20260908_compact/runs/trajectory_consensus_20260908_compact__position_x0_5_t3_max_value__libero_object_temp__task3__init1__max_value__l0p0__query_traces.parquet,b28305f7cf85ffb37c05f1c01f08c663363593d26f7a3bd979660bb24c69421b,1
position_x0_5_t3_winner,/home/jovyan/shares/SR006.nfs2/spiridonov/malnev_world_model/YSDA_WORD_MODELS_PP/experiments/campaigns/trajectory_consensus_20260908_compact/runs/trajectory_consensus_20260908_compact__position_x0_5_t3_winner__libero_object_temp__task3__init1__trajectory_medoid__l1p0__query_traces.parquet,da542dc5c48369c68a84080a40b911f2f0e504d590f42f347332da0d45073e2c,1
position_x0_5_t4_first,/home/jovyan/shares/SR006.nfs2/spiridonov/malnev_world_model/YSDA_WORD_MODELS_PP/experiments/campaigns/trajectory_consensus_20260908_compact/runs/trajectory_consensus_20260908_compact__position_x0_5_t4_first__libero_object_temp__task4__init1__first__l0p0__query_traces.parquet,9681a1e081b0a8d20b7d138c38e97016221b7d75a6aa051c2ef9e560ced869d7,1
position_x0_5_t4_max_value,/home/jovyan/shares/SR006.nfs2/spiridonov/malnev_world_model/YSDA_WORD_MODELS_PP/experiments/campaigns/trajectory_consensus_20260908_compact/runs/trajectory_consensus_20260908_compact__position_x0_5_t4_max_value__libero_object_temp__task4__init1__max_value__l0p0__query_traces.parquet,1978b194c49837f074c508521b3c792d73a7137ed5851916eed3d222a4288e79,1
position_x0_5_t4_winner,/home/jovyan/shares/SR006.nfs2/spiridonov/malnev_world_model/YSDA_WORD_MODELS_PP/experiments/campaigns/trajectory_consensus_20260908_compact/runs/trajectory_consensus_20260908_compact__position_x0_5_t4_winner__libero_object_temp__task4__init1__trajectory_medoid__l1p0__query_traces.parquet,a16bda66f3df62511662a45d6d48cf5045ea07c8bbec91fe8f5cf57010cb2345,1
position_x0_5_t5_first,/home/jovyan/shares/SR006.nfs2/spiridonov/malnev_world_model/YSDA_WORD_MODELS_PP/experiments/campaigns/trajectory_consensus_20260908_compact/runs/trajectory_consensus_20260908_compact__position_x0_5_t5_first__libero_object_temp__task5__init1__first__l0p0__query_traces.parquet,2cb1157826305c865fc61380fdc5a92ae87c109079db3b53c2d50c6c1a61a673,1
position_x0_5_t5_max_value,/home/jovyan/shares/SR006.nfs2/spiridonov/malnev_world_model/YSDA_WORD_MODELS_PP/experiments/campaigns/trajectory_consensus_20260908_compact/runs/trajectory_consensus_20260908_compact__position_x0_5_t5_max_value__libero_object_temp__task5__init1__max_value__l0p0__query_traces.parquet,d97a1c050a96c3e99001d2cd7b70059c2c29f0748848948595f371233d2cb446,1
position_x0_5_t5_winner,/home/jovyan/shares/SR006.nfs2/spiridonov/malnev_world_model/YSDA_WORD_MODELS_PP/experiments/campaigns/trajectory_consensus_20260908_compact/runs/trajectory_consensus_20260908_compact__position_x0_5_t5_winner__libero_object_temp__task5__init1__trajectory_medoid__l1p0__query_traces.parquet,b4753c2004256e137bba4a3fea4674765c0154b0832db29225781a4f0360d4c8,1
position_x0_5_t6_first,/home/jovyan/shares/SR006.nfs2/spiridonov/malnev_world_model/YSDA_WORD_MODELS_PP/experiments/campaigns/trajectory_consensus_20260908_compact/runs/trajectory_consensus_20260908_compact__position_x0_5_t6_first__libero_object_temp__task6__init1__first__l0p0__query_traces.parquet,12e54d106da453da8b58e86c3fbfcc6981564474c6dd0edd33df5e757f705136,1
position_x0_5_t6_max_value,/home/jovyan/shares/SR006.nfs2/spiridonov/malnev_world_model/YSDA_WORD_MODELS_PP/experiments/campaigns/trajectory_consensus_20260908_compact/runs/trajectory_consensus_20260908_compact__position_x0_5_t6_max_value__libero_object_temp__task6__init1__max_value__l0p0__query_traces.parquet,62326ac568dd1cf9a6db2089d8142bdbc59effcfd4cbb9a6d28ab5a67448c2a5,1
position_x0_5_t6_winner,/home/jovyan/shares/SR006.nfs2/spiridonov/malnev_world_model/YSDA_WORD_MODELS_PP/experiments/campaigns/trajectory_consensus_20260908_compact/runs/trajectory_consensus_20260908_compact__position_x0_5_t6_winner__libero_object_temp__task6__init1__trajectory_medoid__l1p0__query_traces.parquet,1e3152b9ec794751dcd132fe6e0953a271b52bbe3044f588f8b3b736b1dd7f22,1
position_x0_5_t7_first,/home/jovyan/shares/SR006.nfs2/spiridonov/malnev_world_model/YSDA_WORD_MODELS_PP/experiments/campaigns/trajectory_consensus_20260908_compact/runs/trajectory_consensus_20260908_compact__position_x0_5_t7_first__libero_object_temp__task7__init1__first__l0p0__query_traces.parquet,cd9c061268f2b77b48a68d3a674f732422f719ec95a499ffcbad297efbc87dbc,1
position_x0_5_t7_max_value,/home/jovyan/shares/SR006.nfs2/spiridonov/malnev_world_model/YSDA_WORD_MODELS_PP/experiments/campaigns/trajectory_consensus_20260908_compact/runs/trajectory_consensus_20260908_compact__position_x0_5_t7_max_value__libero_object_temp__task7__init1__max_value__l0p0__query_traces.parquet,72e67740881542176253a05cf443f75329ef9ec4d2ee52aeba8f429967232eb0,1
position_x0_5_t7_winner,/home/jovyan/shares/SR006.nfs2/spiridonov/malnev_world_model/YSDA_WORD_MODELS_PP/experiments/campaigns/trajectory_consensus_20260908_compact/runs/trajectory_consensus_20260908_compact__position_x0_5_t7_winner__libero_object_temp__task7__init1__trajectory_medoid__l1p0__query_traces.parquet,19bbc280f883ef9338e9ecedfe7e26b29bedecb7085e96c36a2a5173c0423b62,1
position_x0_5_t8_first,/home/jovyan/shares/SR006.nfs2/spiridonov/malnev_world_model/YSDA_WORD_MODELS_PP/experiments/campaigns/trajectory_consensus_20260908_compact/runs/trajectory_consensus_20260908_compact__position_x0_5_t8_first__libero_object_temp__task8__init1__first__l0p0__query_traces.parquet,7ccf921f9e0696933d90ee6d2e2143bfea83e57469d49cfdb34edcb0d15a0d19,1
position_x0_5_t8_max_value,/home/jovyan/shares/SR006.nfs2/spiridonov/malnev_world_model/YSDA_WORD_MODELS_PP/experiments/campaigns/trajectory_consensus_20260908_compact/runs/trajectory_consensus_20260908_compact__position_x0_5_t8_max_value__libero_object_temp__task8__init1__max_value__l0p0__query_traces.parquet,d56719fa1a8def9fd4398cd0e81ce71e6ef8cae33fa55b975ace045bf4c8bb65,1
position_x0_5_t8_winner,/home/jovyan/shares/SR006.nfs2/spiridonov/malnev_world_model/YSDA_WORD_MODELS_PP/experiments/campaigns/trajectory_consensus_20260908_compact/runs/trajectory_consensus_20260908_compact__position_x0_5_t8_winner__libero_object_temp__task8__init1__trajectory_medoid__l1p0__query_traces.parquet,cac7df86407f59e93e16fa28ccbfc0a1fa5d358567d6a361bb7c787c4a585eca,1
position_x0_5_t9_first,/home/jovyan/shares/SR006.nfs2/spiridonov/malnev_world_model/YSDA_WORD_MODELS_PP/experiments/campaigns/trajectory_consensus_20260908_compact/runs/trajectory_consensus_20260908_compact__position_x0_5_t9_first__libero_object_temp__task9__init1__first__l0p0__query_traces.parquet,2dd6f7dcee772b51abdd904803a16c4801919250d81293dac115e44758318aca,1
position_x0_5_t9_max_value,/home/jovyan/shares/SR006.nfs2/spiridonov/malnev_world_model/YSDA_WORD_MODELS_PP/experiments/campaigns/trajectory_consensus_20260908_compact/runs/trajectory_consensus_20260908_compact__position_x0_5_t9_max_value__libero_object_temp__task9__init1__max_value__l0p0__query_traces.parquet,2627b61a1fa6e02e2e35837d6447c68ab91659537d4e966d984a9c7777254103,1
position_x0_5_t9_winner,/home/jovyan/shares/SR006.nfs2/spiridonov/malnev_world_model/YSDA_WORD_MODELS_PP/experiments/campaigns/trajectory_consensus_20260908_compact/runs/trajectory_consensus_20260908_compact__position_x0_5_t9_winner__libero_object_temp__task9__init1__trajectory_medoid__l1p0__query_traces.parquet,77f26b82eafffa4504bd22cf220a355ef2ffab50f3780b879ab0c2a3264869c7,1
position_y0_1_t0_first,/home/jovyan/shares/SR006.nfs2/spiridonov/malnev_world_model/YSDA_WORD_MODELS_PP/experiments/campaigns/trajectory_consensus_20260908_compact/runs/trajectory_consensus_20260908_compact__position_y0_1_t0_first__libero_object_temp__task0__init1__first__l0p0__query_traces.parquet,7c7a00c7ea140a71c31134f63d598c393d7e7e29040c828d08911fc0b739da4b,1
position_y0_1_t0_max_value,/home/jovyan/shares/SR006.nfs2/spiridonov/malnev_world_model/YSDA_WORD_MODELS_PP/experiments/campaigns/trajectory_consensus_20260908_compact/runs/trajectory_consensus_20260908_compact__position_y0_1_t0_max_value__libero_object_temp__task0__init1__max_value__l0p0__query_traces.parquet,4deb058dcc451ac4c45c500a632c3ca952e59c6f92e70605d7041c8d5c651ec1,1
position_y0_1_t0_winner,/home/jovyan/shares/SR006.nfs2/spiridonov/malnev_world_model/YSDA_WORD_MODELS_PP/experiments/campaigns/trajectory_consensus_20260908_compact/runs/trajectory_consensus_20260908_compact__position_y0_1_t0_winner__libero_object_temp__task0__init1__trajectory_medoid__l1p0__query_traces.parquet,88f592916c1e67cea91dc8aed16e3be47eac609c19448f74bb2d9f5f272711e0,1
position_y0_1_t1_first,/home/jovyan/shares/SR006.nfs2/spiridonov/malnev_world_model/YSDA_WORD_MODELS_PP/experiments/campaigns/trajectory_consensus_20260908_compact/runs/trajectory_consensus_20260908_compact__position_y0_1_t1_first__libero_object_temp__task1__init1__first__l0p0__query_traces.parquet,6acbc379306f0769a57a7bb6dc36cba9388f46ace97beee9b3dd6439c9c76d17,1
position_y0_1_t1_max_value,/home/jovyan/shares/SR006.nfs2/spiridonov/malnev_world_model/YSDA_WORD_MODELS_PP/experiments/campaigns/trajectory_consensus_20260908_compact/runs/trajectory_consensus_20260908_compact__position_y0_1_t1_max_value__libero_object_temp__task1__init1__max_value__l0p0__query_traces.parquet,f172a0fecc4ff96afa0a1268ad68cb212c84a1884bf03f7bd48349508183cf35,1
position_y0_1_t1_winner,/home/jovyan/shares/SR006.nfs2/spiridonov/malnev_world_model/YSDA_WORD_MODELS_PP/experiments/campaigns/trajectory_consensus_20260908_compact/runs/trajectory_consensus_20260908_compact__position_y0_1_t1_winner__libero_object_temp__task1__init1__trajectory_medoid__l1p0__query_traces.parquet,212488166357f76911fc0fb8886927ab3f461b98c4957285ec9c8130d35fdc4c,1
position_y0_1_t2_first,/home/jovyan/shares/SR006.nfs2/spiridonov/malnev_world_model/YSDA_WORD_MODELS_PP/experiments/campaigns/trajectory_consensus_20260908_compact/runs/trajectory_consensus_20260908_compact__position_y0_1_t2_first__libero_object_temp__task2__init1__first__l0p0__query_traces.parquet,6377e0dc9bfea5c77ae7cfbbf88fdb07fafa0a3902b26e2ecdf08a6e71e07aa7,1
position_y0_1_t2_max_value,/home/jovyan/shares/SR006.nfs2/spiridonov/malnev_world_model/YSDA_WORD_MODELS_PP/experiments/campaigns/trajectory_consensus_20260908_compact/runs/trajectory_consensus_20260908_compact__position_y0_1_t2_max_value__libero_object_temp__task2__init1__max_value__l0p0__query_traces.parquet,7248311194f788ff1c58602b96e9566e2e0045cd504e890327b44e0b0e3c7e61,1
position_y0_1_t2_winner,/home/jovyan/shares/SR006.nfs2/spiridonov/malnev_world_model/YSDA_WORD_MODELS_PP/experiments/campaigns/trajectory_consensus_20260908_compact/runs/trajectory_consensus_20260908_compact__position_y0_1_t2_winner__libero_object_temp__task2__init1__trajectory_medoid__l1p0__query_traces.parquet,e742b126f16959941942a260673d5df431fa63fb9c729093a75771e9d387afaf,1
position_y0_1_t3_first,/home/jovyan/shares/SR006.nfs2/spiridonov/malnev_world_model/YSDA_WORD_MODELS_PP/experiments/campaigns/trajectory_consensus_20260908_compact/runs/trajectory_consensus_20260908_compact__position_y0_1_t3_first__libero_object_temp__task3__init1__first__l0p0__query_traces.parquet,b127839009caffabb0d1eb3e308ead3eee3ef7aedc26cb602e2ee565047b5963,1
position_y0_1_t3_max_value,/home/jovyan/shares/SR006.nfs2/spiridonov/malnev_world_model/YSDA_WORD_MODELS_PP/experiments/campaigns/trajectory_consensus_20260908_compact/runs/trajectory_consensus_20260908_compact__position_y0_1_t3_max_value__libero_object_temp__task3__init1__max_value__l0p0__query_traces.parquet,bd9fbc8d4ed5939126ee4652c7be18e3b0d78fdcca0579535c684ad4617d886e,1
position_y0_1_t3_winner,/home/jovyan/shares/SR006.nfs2/spiridonov/malnev_world_model/YSDA_WORD_MODELS_PP/experiments/campaigns/trajectory_consensus_20260908_compact/runs/trajectory_consensus_20260908_compact__position_y0_1_t3_winner__libero_object_temp__task3__init1__trajectory_medoid__l1p0__query_traces.parquet,d760ce1aa9143fe246d5decdcb3075f6f8da1b6f3a6057dda71fd46215e87b3e,1
position_y0_1_t4_first,/home/jovyan/shares/SR006.nfs2/spiridonov/malnev_world_model/YSDA_WORD_MODELS_PP/experiments/campaigns/trajectory_consensus_20260908_compact/runs/trajectory_consensus_20260908_compact__position_y0_1_t4_first__libero_object_temp__task4__init1__first__l0p0__query_traces.parquet,9bb0f1decd6c7fa5c38fca19e233262df6e279ae816bb18fc43f83ff38947874,1
position_y0_1_t4_max_value,/home/jovyan/shares/SR006.nfs2/spiridonov/malnev_world_model/YSDA_WORD_MODELS_PP/experiments/campaigns/trajectory_consensus_20260908_compact/runs/trajectory_consensus_20260908_compact__position_y0_1_t4_max_value__libero_object_temp__task4__init1__max_value__l0p0__query_traces.parquet,e72600366082092640ed1318b041f479c192a7980b39217e7bd1227d592476ed,1
position_y0_1_t4_winner,/home/jovyan/shares/SR006.nfs2/spiridonov/malnev_world_model/YSDA_WORD_MODELS_PP/experiments/campaigns/trajectory_consensus_20260908_compact/runs/trajectory_consensus_20260908_compact__position_y0_1_t4_winner__libero_object_temp__task4__init1__trajectory_medoid__l1p0__query_traces.parquet,8afc95608e326a714fd1fc67a2274050a16a8d15452638843039cdd74c6c6da2,1
position_y0_1_t5_first,/home/jovyan/shares/SR006.nfs2/spiridonov/malnev_world_model/YSDA_WORD_MODELS_PP/experiments/campaigns/trajectory_consensus_20260908_compact/runs/trajectory_consensus_20260908_compact__position_y0_1_t5_first__libero_object_temp__task5__init1__first__l0p0__query_traces.parquet,8d7a768ae7bde8a941fdfabbf9c4064fa83b21250a8956274095cd7e76cbd526,1
position_y0_1_t5_max_value,/home/jovyan/shares/SR006.nfs2/spiridonov/malnev_world_model/YSDA_WORD_MODELS_PP/experiments/campaigns/trajectory_consensus_20260908_compact/runs/trajectory_consensus_20260908_compact__position_y0_1_t5_max_value__libero_object_temp__task5__init1__max_value__l0p0__query_traces.parquet,6de239db819129cbd76a6d72e2ab339865610bfbda3942309f7605bd1051d359,1
position_y0_1_t5_winner,/home/jovyan/shares/SR006.nfs2/spiridonov/malnev_world_model/YSDA_WORD_MODELS_PP/experiments/campaigns/trajectory_consensus_20260908_compact/runs/trajectory_consensus_20260908_compact__position_y0_1_t5_winner__libero_object_temp__task5__init1__trajectory_medoid__l1p0__query_traces.parquet,3f53227ee9d2d6d39ddc541f6e64b7c1d180b50ce6bb1099cb85ce0d62fe737b,1
position_y0_1_t6_first,/home/jovyan/shares/SR006.nfs2/spiridonov/malnev_world_model/YSDA_WORD_MODELS_PP/experiments/campaigns/trajectory_consensus_20260908_compact/runs/trajectory_consensus_20260908_compact__position_y0_1_t6_first__libero_object_temp__task6__init1__first__l0p0__query_traces.parquet,0f68e709c0c8da980df8c384fd196e207a48ef332db0bc5299cabb257f9edcda,1
position_y0_1_t6_max_value,/home/jovyan/shares/SR006.nfs2/spiridonov/malnev_world_model/YSDA_WORD_MODELS_PP/experiments/campaigns/trajectory_consensus_20260908_compact/runs/trajectory_consensus_20260908_compact__position_y0_1_t6_max_value__libero_object_temp__task6__init1__max_value__l0p0__query_traces.parquet,e2eb3c957d1387f1cdbd24418277d6c41a51f4a09ee86d6476cab77e61b18022,1
position_y0_1_t6_winner,/home/jovyan/shares/SR006.nfs2/spiridonov/malnev_world_model/YSDA_WORD_MODELS_PP/experiments/campaigns/trajectory_consensus_20260908_compact/runs/trajectory_consensus_20260908_compact__position_y0_1_t6_winner__libero_object_temp__task6__init1__trajectory_medoid__l1p0__query_traces.parquet,239e9d98b8823298e6d30b060a87881fe02cde6adef1b718c91a0979ed7aad6c,1
position_y0_1_t7_first,/home/jovyan/shares/SR006.nfs2/spiridonov/malnev_world_model/YSDA_WORD_MODELS_PP/experiments/campaigns/trajectory_consensus_20260908_compact/runs/trajectory_consensus_20260908_compact__position_y0_1_t7_first__libero_object_temp__task7__init1__first__l0p0__query_traces.parquet,e05cade574acdb2d68cd52a2346bc5f1de3b66068a01cb02bfc1e5031a31e86d,1
position_y0_1_t7_max_value,/home/jovyan/shares/SR006.nfs2/spiridonov/malnev_world_model/YSDA_WORD_MODELS_PP/experiments/campaigns/trajectory_consensus_20260908_compact/runs/trajectory_consensus_20260908_compact__position_y0_1_t7_max_value__libero_object_temp__task7__init1__max_value__l0p0__query_traces.parquet,e6b4b72639b61315e1cb47e7b508f00c0af523912cd3533d459c623dea36d955,1
position_y0_1_t7_winner,/home/jovyan/shares/SR006.nfs2/spiridonov/malnev_world_model/YSDA_WORD_MODELS_PP/experiments/campaigns/trajectory_consensus_20260908_compact/runs/trajectory_consensus_20260908_compact__position_y0_1_t7_winner__libero_object_temp__task7__init1__trajectory_medoid__l1p0__query_traces.parquet,107e4e83076eb7ce33e690dc8c839db3c4bbec59784c23e54330fd7faea287ee,1
position_y0_1_t8_first,/home/jovyan/shares/SR006.nfs2/spiridonov/malnev_world_model/YSDA_WORD_MODELS_PP/experiments/campaigns/trajectory_consensus_20260908_compact/runs/trajectory_consensus_20260908_compact__position_y0_1_t8_first__libero_object_temp__task8__init1__first__l0p0__query_traces.parquet,113150cc287ca7d62488bd5495bfcae346765d6fb11f49d8a03d1adca04bbc8e,1
position_y0_1_t8_max_value,/home/jovyan/shares/SR006.nfs2/spiridonov/malnev_world_model/YSDA_WORD_MODELS_PP/experiments/campaigns/trajectory_consensus_20260908_compact/runs/trajectory_consensus_20260908_compact__position_y0_1_t8_max_value__libero_object_temp__task8__init1__max_value__l0p0__query_traces.parquet,dfdc0e0ca04ae34c9dbdd90bf712ab4b3b352eb00710e8181b4d4865ea2d8da8,1
position_y0_1_t8_winner,/home/jovyan/shares/SR006.nfs2/spiridonov/malnev_world_model/YSDA_WORD_MODELS_PP/experiments/campaigns/trajectory_consensus_20260908_compact/runs/trajectory_consensus_20260908_compact__position_y0_1_t8_winner__libero_object_temp__task8__init1__trajectory_medoid__l1p0__query_traces.parquet,5de6ae41071ffc5faf73224bb2af74f41ce6c115f8a744cde782d67bb8056a6d,1
position_y0_1_t9_first,/home/jovyan/shares/SR006.nfs2/spiridonov/malnev_world_model/YSDA_WORD_MODELS_PP/experiments/campaigns/trajectory_consensus_20260908_compact/runs/trajectory_consensus_20260908_compact__position_y0_1_t9_first__libero_object_temp__task9__init1__first__l0p0__query_traces.parquet,893af86adf24cd5796f87ea01a4c2b0a86bbc5dc85c15b9f162ef48f8ae18c99,1
position_y0_1_t9_max_value,/home/jovyan/shares/SR006.nfs2/spiridonov/malnev_world_model/YSDA_WORD_MODELS_PP/experiments/campaigns/trajectory_consensus_20260908_compact/runs/trajectory_consensus_20260908_compact__position_y0_1_t9_max_value__libero_object_temp__task9__init1__max_value__l0p0__query_traces.parquet,1eb0e372cdaf1638ce9878967b5fb96ed28c77a0f7bf7bb3292b1af942bc6a16,1
position_y0_1_t9_winner,/home/jovyan/shares/SR006.nfs2/spiridonov/malnev_world_model/YSDA_WORD_MODELS_PP/experiments/campaigns/trajectory_consensus_20260908_compact/runs/trajectory_consensus_20260908_compact__position_y0_1_t9_winner__libero_object_temp__task9__init1__trajectory_medoid__l1p0__query_traces.parquet,57c67fd7cea4846af5d358660b1b287b09083ad03ed7e9d3281f11e7d909f91c,1
position_y0_2_t0_first,/home/jovyan/shares/SR006.nfs2/spiridonov/malnev_world_model/YSDA_WORD_MODELS_PP/experiments/campaigns/trajectory_consensus_20260908_compact/runs/trajectory_consensus_20260908_compact__position_y0_2_t0_first__libero_object_temp__task0__init1__first__l0p0__query_traces.parquet,c4c0b4ad057615baa14a8854b4f13e7753408932bc9577ef8be4b08fa702e0d1,1
position_y0_2_t0_max_value,/home/jovyan/shares/SR006.nfs2/spiridonov/malnev_world_model/YSDA_WORD_MODELS_PP/experiments/campaigns/trajectory_consensus_20260908_compact/runs/trajectory_consensus_20260908_compact__position_y0_2_t0_max_value__libero_object_temp__task0__init1__max_value__l0p0__query_traces.parquet,ad2102f809ece66ba161a218d6281d6a0bb015c500a168c88c599f791ac9c82f,1
position_y0_2_t0_winner,/home/jovyan/shares/SR006.nfs2/spiridonov/malnev_world_model/YSDA_WORD_MODELS_PP/experiments/campaigns/trajectory_consensus_20260908_compact/runs/trajectory_consensus_20260908_compact__position_y0_2_t0_winner__libero_object_temp__task0__init1__trajectory_medoid__l1p0__query_traces.parquet,d77529f7721567841b3ac989ab28fcaf0e2ebdd5ce1dc926b5763c236176d648,1
position_y0_2_t1_first,/home/jovyan/shares/SR006.nfs2/spiridonov/malnev_world_model/YSDA_WORD_MODELS_PP/experiments/campaigns/trajectory_consensus_20260908_compact/runs/trajectory_consensus_20260908_compact__position_y0_2_t1_first__libero_object_temp__task1__init1__first__l0p0__query_traces.parquet,b4eec780e2443bd3ac62dc91e45aa715adce1ce60dba22f0da6ba5e024c2f812,1
position_y0_2_t1_max_value,/home/jovyan/shares/SR006.nfs2/spiridonov/malnev_world_model/YSDA_WORD_MODELS_PP/experiments/campaigns/trajectory_consensus_20260908_compact/runs/trajectory_consensus_20260908_compact__position_y0_2_t1_max_value__libero_object_temp__task1__init1__max_value__l0p0__query_traces.parquet,d799ebee8642fc3246b1b607b0e7420cccee6621ec7c713aa72a73d28af63972,1
position_y0_2_t1_winner,/home/jovyan/shares/SR006.nfs2/spiridonov/malnev_world_model/YSDA_WORD_MODELS_PP/experiments/campaigns/trajectory_consensus_20260908_compact/runs/trajectory_consensus_20260908_compact__position_y0_2_t1_winner__libero_object_temp__task1__init1__trajectory_medoid__l1p0__query_traces.parquet,918ac7a12b205be6c52407fcc4e41835b3c62e42ba1de02a85dd1e4da86d8b75,1
position_y0_2_t2_first,/home/jovyan/shares/SR006.nfs2/spiridonov/malnev_world_model/YSDA_WORD_MODELS_PP/experiments/campaigns/trajectory_consensus_20260908_compact/runs/trajectory_consensus_20260908_compact__position_y0_2_t2_first__libero_object_temp__task2__init1__first__l0p0__query_traces.parquet,27b733b2e8b4f8a7b44506dab10b0700b0f051233bccd7ad0695247f42ba6139,1
position_y0_2_t2_max_value,/home/jovyan/shares/SR006.nfs2/spiridonov/malnev_world_model/YSDA_WORD_MODELS_PP/experiments/campaigns/trajectory_consensus_20260908_compact/runs/trajectory_consensus_20260908_compact__position_y0_2_t2_max_value__libero_object_temp__task2__init1__max_value__l0p0__query_traces.parquet,1938c088225ea5c832c09813cde1252fa21a8f72171be6a6dfd5bb454a342771,1
position_y0_2_t2_winner,/home/jovyan/shares/SR006.nfs2/spiridonov/malnev_world_model/YSDA_WORD_MODELS_PP/experiments/campaigns/trajectory_consensus_20260908_compact/runs/trajectory_consensus_20260908_compact__position_y0_2_t2_winner__libero_object_temp__task2__init1__trajectory_medoid__l1p0__query_traces.parquet,1f5bdf2ae6f62fc650ebb7b2594d60bc76a9989805604851ad69d6fa08ea1961,1
position_y0_2_t3_first,/home/jovyan/shares/SR006.nfs2/spiridonov/malnev_world_model/YSDA_WORD_MODELS_PP/experiments/campaigns/trajectory_consensus_20260908_compact/runs/trajectory_consensus_20260908_compact__position_y0_2_t3_first__libero_object_temp__task3__init1__first__l0p0__query_traces.parquet,802df2e603711b3c3330dd0bda0e6dc1867f9fc4a065bb7cfd3fbad071666405,1
position_y0_2_t3_max_value,/home/jovyan/shares/SR006.nfs2/spiridonov/malnev_world_model/YSDA_WORD_MODELS_PP/experiments/campaigns/trajectory_consensus_20260908_compact/runs/trajectory_consensus_20260908_compact__position_y0_2_t3_max_value__libero_object_temp__task3__init1__max_value__l0p0__query_traces.parquet,a9957d51e4e35dbcd7054de0353489b0548bcf66fd6fd6f3cffa260aa0da9b91,1
position_y0_2_t3_winner,/home/jovyan/shares/SR006.nfs2/spiridonov/malnev_world_model/YSDA_WORD_MODELS_PP/experiments/campaigns/trajectory_consensus_20260908_compact/runs/trajectory_consensus_20260908_compact__position_y0_2_t3_winner__libero_object_temp__task3__init1__trajectory_medoid__l1p0__query_traces.parquet,d8c564a1e98c3977a6a29682c7bcd04367b28ceb087fdf551d351f1325d3636d,1
position_y0_2_t4_first,/home/jovyan/shares/SR006.nfs2/spiridonov/malnev_world_model/YSDA_WORD_MODELS_PP/experiments/campaigns/trajectory_consensus_20260908_compact/runs/trajectory_consensus_20260908_compact__position_y0_2_t4_first__libero_object_temp__task4__init1__first__l0p0__query_traces.parquet,7a470eabf0c64630965c487e28643673514fb9d50558284a75a60e4ba88aad97,1
position_y0_2_t4_max_value,/home/jovyan/shares/SR006.nfs2/spiridonov/malnev_world_model/YSDA_WORD_MODELS_PP/experiments/campaigns/trajectory_consensus_20260908_compact/runs/trajectory_consensus_20260908_compact__position_y0_2_t4_max_value__libero_object_temp__task4__init1__max_value__l0p0__query_traces.parquet,2458c39e1aecc8b87688568261b4b5b2f39869b73aa6ace61532148f4bd1f2e3,1
position_y0_2_t4_winner,/home/jovyan/shares/SR006.nfs2/spiridonov/malnev_world_model/YSDA_WORD_MODELS_PP/experiments/campaigns/trajectory_consensus_20260908_compact/runs/trajectory_consensus_20260908_compact__position_y0_2_t4_winner__libero_object_temp__task4__init1__trajectory_medoid__l1p0__query_traces.parquet,142b5a4548aefa9c1806b9f1999cc819a69eb285360ac2601afc713cea6de814,1
position_y0_2_t5_first,/home/jovyan/shares/SR006.nfs2/spiridonov/malnev_world_model/YSDA_WORD_MODELS_PP/experiments/campaigns/trajectory_consensus_20260908_compact/runs/trajectory_consensus_20260908_compact__position_y0_2_t5_first__libero_object_temp__task5__init1__first__l0p0__query_traces.parquet,38016fdc7fb1d1efd6ea150734eee70271414e68d2c6a8729d0598cd75fe02c3,1
position_y0_2_t5_max_value,/home/jovyan/shares/SR006.nfs2/spiridonov/malnev_world_model/YSDA_WORD_MODELS_PP/experiments/campaigns/trajectory_consensus_20260908_compact/runs/trajectory_consensus_20260908_compact__position_y0_2_t5_max_value__libero_object_temp__task5__init1__max_value__l0p0__query_traces.parquet,ba09b659139e92bb8db505dba426446ceea21f7957d5fecf92a1e333adfc164c,1
position_y0_2_t5_winner,/home/jovyan/shares/SR006.nfs2/spiridonov/malnev_world_model/YSDA_WORD_MODELS_PP/experiments/campaigns/trajectory_consensus_20260908_compact/runs/trajectory_consensus_20260908_compact__position_y0_2_t5_winner__libero_object_temp__task5__init1__trajectory_medoid__l1p0__query_traces.parquet,2a52f3c9d883ffe637b6199997d0d558537b33ec44acd5316b784e743aba8bea,1
position_y0_2_t6_first,/home/jovyan/shares/SR006.nfs2/spiridonov/malnev_world_model/YSDA_WORD_MODELS_PP/experiments/campaigns/trajectory_consensus_20260908_compact/runs/trajectory_consensus_20260908_compact__position_y0_2_t6_first__libero_object_temp__task6__init1__first__l0p0__query_traces.parquet,c74d24eec231ecf7ce8fc703615645899240ba7c4cc85b04193181199e17ffdc,1
position_y0_2_t6_max_value,/home/jovyan/shares/SR006.nfs2/spiridonov/malnev_world_model/YSDA_WORD_MODELS_PP/experiments/campaigns/trajectory_consensus_20260908_compact/runs/trajectory_consensus_20260908_compact__position_y0_2_t6_max_value__libero_object_temp__task6__init1__max_value__l0p0__query_traces.parquet,ad4b42a06a1fec4055ff8e27b2f7adfa88d9b86e7611f223963febfb3b4598b7,1
position_y0_2_t6_winner,/home/jovyan/shares/SR006.nfs2/spiridonov/malnev_world_model/YSDA_WORD_MODELS_PP/experiments/campaigns/trajectory_consensus_20260908_compact/runs/trajectory_consensus_20260908_compact__position_y0_2_t6_winner__libero_object_temp__task6__init1__trajectory_medoid__l1p0__query_traces.parquet,b2612a5b4b0ce86e4c5de4c3dffd5e59135ae6b47ce5fe7c0738248bd511338b,1
position_y0_2_t7_first,/home/jovyan/shares/SR006.nfs2/spiridonov/malnev_world_model/YSDA_WORD_MODELS_PP/experiments/campaigns/trajectory_consensus_20260908_compact/runs/trajectory_consensus_20260908_compact__position_y0_2_t7_first__libero_object_temp__task7__init1__first__l0p0__query_traces.parquet,d992322f28520cd344039a31f9a183cfc5ae4e08300ffb17fc0711dba6604303,1
position_y0_2_t7_max_value,/home/jovyan/shares/SR006.nfs2/spiridonov/malnev_world_model/YSDA_WORD_MODELS_PP/experiments/campaigns/trajectory_consensus_20260908_compact/runs/trajectory_consensus_20260908_compact__position_y0_2_t7_max_value__libero_object_temp__task7__init1__max_value__l0p0__query_traces.parquet,05c30c5ed91c30d221ad246c96a809bfe18f3816b947b80b6bff31a34f6f21e0,1
position_y0_2_t7_winner,/home/jovyan/shares/SR006.nfs2/spiridonov/malnev_world_model/YSDA_WORD_MODELS_PP/experiments/campaigns/trajectory_consensus_20260908_compact/runs/trajectory_consensus_20260908_compact__position_y0_2_t7_winner__libero_object_temp__task7__init1__trajectory_medoid__l1p0__query_traces.parquet,5fa2f7fdb0700469f463e400576b396bcb1e88a7f8d168b735276c950f8de3aa,1
position_y0_2_t8_first,/home/jovyan/shares/SR006.nfs2/spiridonov/malnev_world_model/YSDA_WORD_MODELS_PP/experiments/campaigns/trajectory_consensus_20260908_compact/runs/trajectory_consensus_20260908_compact__position_y0_2_t8_first__libero_object_temp__task8__init1__first__l0p0__query_traces.parquet,4cea8e803177b2582b5eaf0ebe8c40b8c04e2d7021549089134edd4affab02c1,1
position_y0_2_t8_max_value,/home/jovyan/shares/SR006.nfs2/spiridonov/malnev_world_model/YSDA_WORD_MODELS_PP/experiments/campaigns/trajectory_consensus_20260908_compact/runs/trajectory_consensus_20260908_compact__position_y0_2_t8_max_value__libero_object_temp__task8__init1__max_value__l0p0__query_traces.parquet,0d949cb1038b0145629b96bbfa025381223dc144512033f525b699644df17c40,1
position_y0_2_t8_winner,/home/jovyan/shares/SR006.nfs2/spiridonov/malnev_world_model/YSDA_WORD_MODELS_PP/experiments/campaigns/trajectory_consensus_20260908_compact/runs/trajectory_consensus_20260908_compact__position_y0_2_t8_winner__libero_object_temp__task8__init1__trajectory_medoid__l1p0__query_traces.parquet,cbef75f7ff2143f35dafd5cd8f2f8a441c4d5572afb4facec64ddc170a87b8f8,1
position_y0_2_t9_first,/home/jovyan/shares/SR006.nfs2/spiridonov/malnev_world_model/YSDA_WORD_MODELS_PP/experiments/campaigns/trajectory_consensus_20260908_compact/runs/trajectory_consensus_20260908_compact__position_y0_2_t9_first__libero_object_temp__task9__init1__first__l0p0__query_traces.parquet,e7aeb4bb5982b44229fe57760b65ba6c2ee9217f2bd0e78284efafebbd3f85f3,1
position_y0_2_t9_max_value,/home/jovyan/shares/SR006.nfs2/spiridonov/malnev_world_model/YSDA_WORD_MODELS_PP/experiments/campaigns/trajectory_consensus_20260908_compact/runs/trajectory_consensus_20260908_compact__position_y0_2_t9_max_value__libero_object_temp__task9__init1__max_value__l0p0__query_traces.parquet,ecd116ca8d2f3fbcd2e1139e83c077af12c1506388f49de97fd426fb3eea9511,1
position_y0_2_t9_winner,/home/jovyan/shares/SR006.nfs2/spiridonov/malnev_world_model/YSDA_WORD_MODELS_PP/experiments/campaigns/trajectory_consensus_20260908_compact/runs/trajectory_consensus_20260908_compact__position_y0_2_t9_winner__libero_object_temp__task9__init1__trajectory_medoid__l1p0__query_traces.parquet,a5e9223e3fb22080ad0c33c7e7c1fd8b3398eb08b719e01cfb515a94b9428c8e,1
position_y0_3_t0_first,/home/jovyan/shares/SR006.nfs2/spiridonov/malnev_world_model/YSDA_WORD_MODELS_PP/experiments/campaigns/trajectory_consensus_20260908_compact/runs/trajectory_consensus_20260908_compact__position_y0_3_t0_first__libero_object_temp__task0__init1__first__l0p0__query_traces.parquet,1bef196ce9ece797847a6fa1f46645e1935bf6cef13b2e2c71f7a1ffa03f15ce,1
position_y0_3_t0_max_value,/home/jovyan/shares/SR006.nfs2/spiridonov/malnev_world_model/YSDA_WORD_MODELS_PP/experiments/campaigns/trajectory_consensus_20260908_compact/runs/trajectory_consensus_20260908_compact__position_y0_3_t0_max_value__libero_object_temp__task0__init1__max_value__l0p0__query_traces.parquet,317891cf19eddbf41a984d6a15e4a7ed02e0fa701eb2796ef5991317067df34a,1
position_y0_3_t0_winner,/home/jovyan/shares/SR006.nfs2/spiridonov/malnev_world_model/YSDA_WORD_MODELS_PP/experiments/campaigns/trajectory_consensus_20260908_compact/runs/trajectory_consensus_20260908_compact__position_y0_3_t0_winner__libero_object_temp__task0__init1__trajectory_medoid__l1p0__query_traces.parquet,ae83034ffe07fcdd2bc61ebe681c52dfdd80a240837d211810eb75d1ce9bb535,1
position_y0_3_t1_first,/home/jovyan/shares/SR006.nfs2/spiridonov/malnev_world_model/YSDA_WORD_MODELS_PP/experiments/campaigns/trajectory_consensus_20260908_compact/runs/trajectory_consensus_20260908_compact__position_y0_3_t1_first__libero_object_temp__task1__init1__first__l0p0__query_traces.parquet,7f03fb7c6b2ad4c333bc2aaf255d7ff13f19f76d45d63bf9fbaacf656ad9b01b,1
position_y0_3_t1_max_value,/home/jovyan/shares/SR006.nfs2/spiridonov/malnev_world_model/YSDA_WORD_MODELS_PP/experiments/campaigns/trajectory_consensus_20260908_compact/runs/trajectory_consensus_20260908_compact__position_y0_3_t1_max_value__libero_object_temp__task1__init1__max_value__l0p0__query_traces.parquet,1b110467709463f184443ca76aff37cec9184d86cf4fbed1f0bf5462592a33a6,1
position_y0_3_t1_winner,/home/jovyan/shares/SR006.nfs2/spiridonov/malnev_world_model/YSDA_WORD_MODELS_PP/experiments/campaigns/trajectory_consensus_20260908_compact/runs/trajectory_consensus_20260908_compact__position_y0_3_t1_winner__libero_object_temp__task1__init1__trajectory_medoid__l1p0__query_traces.parquet,bf6ce26c98d7384eff5362323a38129567733faf90c9854ab498f6c5d20b7b55,1
position_y0_3_t2_first,/home/jovyan/shares/SR006.nfs2/spiridonov/malnev_world_model/YSDA_WORD_MODELS_PP/experiments/campaigns/trajectory_consensus_20260908_compact/runs/trajectory_consensus_20260908_compact__position_y0_3_t2_first__libero_object_temp__task2__init1__first__l0p0__query_traces.parquet,218550d76706c2e638d23423fca05074189660ab55d764b5f142717260f6e7bb,1
position_y0_3_t2_max_value,/home/jovyan/shares/SR006.nfs2/spiridonov/malnev_world_model/YSDA_WORD_MODELS_PP/experiments/campaigns/trajectory_consensus_20260908_compact/runs/trajectory_consensus_20260908_compact__position_y0_3_t2_max_value__libero_object_temp__task2__init1__max_value__l0p0__query_traces.parquet,413b0ae35a079cd17ae56fe93accd9c4d6b31c97e1ad378e6ad563dfaf0e1ffe,1
position_y0_3_t2_winner,/home/jovyan/shares/SR006.nfs2/spiridonov/malnev_world_model/YSDA_WORD_MODELS_PP/experiments/campaigns/trajectory_consensus_20260908_compact/runs/trajectory_consensus_20260908_compact__position_y0_3_t2_winner__libero_object_temp__task2__init1__trajectory_medoid__l1p0__query_traces.parquet,57a04fde027cbddaf5e675e7f2d6d8732e7f101880846ebc5eb0f417122b0909,1
position_y0_3_t3_first,/home/jovyan/shares/SR006.nfs2/spiridonov/malnev_world_model/YSDA_WORD_MODELS_PP/experiments/campaigns/trajectory_consensus_20260908_compact/runs/trajectory_consensus_20260908_compact__position_y0_3_t3_first__libero_object_temp__task3__init1__first__l0p0__query_traces.parquet,e1a4290ea0020b0c48d0d05ef54614f47c77b5bd12a22a03d500236bee770a4b,1
position_y0_3_t3_max_value,/home/jovyan/shares/SR006.nfs2/spiridonov/malnev_world_model/YSDA_WORD_MODELS_PP/experiments/campaigns/trajectory_consensus_20260908_compact/runs/trajectory_consensus_20260908_compact__position_y0_3_t3_max_value__libero_object_temp__task3__init1__max_value__l0p0__query_traces.parquet,950431fd8ef879402ad8ea6e21aeb77e1b673c9092d0c0f81e9bc629fd52301e,1
position_y0_3_t3_winner,/home/jovyan/shares/SR006.nfs2/spiridonov/malnev_world_model/YSDA_WORD_MODELS_PP/experiments/campaigns/trajectory_consensus_20260908_compact/runs/trajectory_consensus_20260908_compact__position_y0_3_t3_winner__libero_object_temp__task3__init1__trajectory_medoid__l1p0__query_traces.parquet,2446e0ba0f0738601416800c54478fac3a128e8dee02b3feefc381bf755b7c12,1
position_y0_3_t4_first,/home/jovyan/shares/SR006.nfs2/spiridonov/malnev_world_model/YSDA_WORD_MODELS_PP/experiments/campaigns/trajectory_consensus_20260908_compact/runs/trajectory_consensus_20260908_compact__position_y0_3_t4_first__libero_object_temp__task4__init1__first__l0p0__query_traces.parquet,aa784c74a0cb2aacc03cbd49c9ef04e0589640d97c0588d62c588f3daa3f5b85,1
position_y0_3_t4_max_value,/home/jovyan/shares/SR006.nfs2/spiridonov/malnev_world_model/YSDA_WORD_MODELS_PP/experiments/campaigns/trajectory_consensus_20260908_compact/runs/trajectory_consensus_20260908_compact__position_y0_3_t4_max_value__libero_object_temp__task4__init1__max_value__l0p0__query_traces.parquet,6b3a958a2c8bee1f8f7ccadcf4867d7caefa0ccec2daf83d786b55e5a4c405a7,1
position_y0_3_t4_winner,/home/jovyan/shares/SR006.nfs2/spiridonov/malnev_world_model/YSDA_WORD_MODELS_PP/experiments/campaigns/trajectory_consensus_20260908_compact/runs/trajectory_consensus_20260908_compact__position_y0_3_t4_winner__libero_object_temp__task4__init1__trajectory_medoid__l1p0__query_traces.parquet,09fd416420834acdc3714139326bf49d489282786a11d4b2b24d7290e2be2d70,1
position_y0_3_t5_first,/home/jovyan/shares/SR006.nfs2/spiridonov/malnev_world_model/YSDA_WORD_MODELS_PP/experiments/campaigns/trajectory_consensus_20260908_compact/runs/trajectory_consensus_20260908_compact__position_y0_3_t5_first__libero_object_temp__task5__init1__first__l0p0__query_traces.parquet,ace516bc720feea2d788c9393fb77f13d5096e91c6123b298ed70c75d03c26aa,1
position_y0_3_t5_max_value,/home/jovyan/shares/SR006.nfs2/spiridonov/malnev_world_model/YSDA_WORD_MODELS_PP/experiments/campaigns/trajectory_consensus_20260908_compact/runs/trajectory_consensus_20260908_compact__position_y0_3_t5_max_value__libero_object_temp__task5__init1__max_value__l0p0__query_traces.parquet,9eca10a51488718fa309123b6a2a1031ee6dc4cad8c1b7be603eb7789e5ecc1a,1
position_y0_3_t5_winner,/home/jovyan/shares/SR006.nfs2/spiridonov/malnev_world_model/YSDA_WORD_MODELS_PP/experiments/campaigns/trajectory_consensus_20260908_compact/runs/trajectory_consensus_20260908_compact__position_y0_3_t5_winner__libero_object_temp__task5__init1__trajectory_medoid__l1p0__query_traces.parquet,af619c89f3258a5ee3a6388952c584290e7676ed261e7b20277afed222b0f275,1
position_y0_3_t6_first,/home/jovyan/shares/SR006.nfs2/spiridonov/malnev_world_model/YSDA_WORD_MODELS_PP/experiments/campaigns/trajectory_consensus_20260908_compact/runs/trajectory_consensus_20260908_compact__position_y0_3_t6_first__libero_object_temp__task6__init1__first__l0p0__query_traces.parquet,3954ebfc23cc5441059fd8ff6408cf0461eb54e904e43baebe96c32a0e47f7d8,1
position_y0_3_t6_max_value,/home/jovyan/shares/SR006.nfs2/spiridonov/malnev_world_model/YSDA_WORD_MODELS_PP/experiments/campaigns/trajectory_consensus_20260908_compact/runs/trajectory_consensus_20260908_compact__position_y0_3_t6_max_value__libero_object_temp__task6__init1__max_value__l0p0__query_traces.parquet,1d79b18f3f5dbcf5382a1919f898ab8a615545a5cf8e6eb4b67ec771646413b6,1
position_y0_3_t6_winner,/home/jovyan/shares/SR006.nfs2/spiridonov/malnev_world_model/YSDA_WORD_MODELS_PP/experiments/campaigns/trajectory_consensus_20260908_compact/runs/trajectory_consensus_20260908_compact__position_y0_3_t6_winner__libero_object_temp__task6__init1__trajectory_medoid__l1p0__query_traces.parquet,1f17af79c6788f1d1c1479e2cd59c0ee192cb9485e279f0877373c12feab4933,1
position_y0_3_t7_first,/home/jovyan/shares/SR006.nfs2/spiridonov/malnev_world_model/YSDA_WORD_MODELS_PP/experiments/campaigns/trajectory_consensus_20260908_compact/runs/trajectory_consensus_20260908_compact__position_y0_3_t7_first__libero_object_temp__task7__init1__first__l0p0__query_traces.parquet,12dde25302729fad9829aa5eda8b21a93f016e64409e0bdd508985b6ebdcfe36,1
position_y0_3_t7_max_value,/home/jovyan/shares/SR006.nfs2/spiridonov/malnev_world_model/YSDA_WORD_MODELS_PP/experiments/campaigns/trajectory_consensus_20260908_compact/runs/trajectory_consensus_20260908_compact__position_y0_3_t7_max_value__libero_object_temp__task7__init1__max_value__l0p0__query_traces.parquet,7aa7209077f8eb34cff0688a7f18841e84b2b3af601c360e4ea27c91a22a2ec0,1
position_y0_3_t7_winner,/home/jovyan/shares/SR006.nfs2/spiridonov/malnev_world_model/YSDA_WORD_MODELS_PP/experiments/campaigns/trajectory_consensus_20260908_compact/runs/trajectory_consensus_20260908_compact__position_y0_3_t7_winner__libero_object_temp__task7__init1__trajectory_medoid__l1p0__query_traces.parquet,93156b727c3f34293b573bdce70b01559087c1226d4059143c0ca177d901d7f0,1
position_y0_3_t8_first,/home/jovyan/shares/SR006.nfs2/spiridonov/malnev_world_model/YSDA_WORD_MODELS_PP/experiments/campaigns/trajectory_consensus_20260908_compact/runs/trajectory_consensus_20260908_compact__position_y0_3_t8_first__libero_object_temp__task8__init1__first__l0p0__query_traces.parquet,a4d118314fee0b48f55ccf26c9ae1c34c45cfc33b9db1ead88e7dd518138dd2c,1
position_y0_3_t8_max_value,/home/jovyan/shares/SR006.nfs2/spiridonov/malnev_world_model/YSDA_WORD_MODELS_PP/experiments/campaigns/trajectory_consensus_20260908_compact/runs/trajectory_consensus_20260908_compact__position_y0_3_t8_max_value__libero_object_temp__task8__init1__max_value__l0p0__query_traces.parquet,5923cc141e6864feef233164cff0b1280d527cc01071926ce32f38aabbf3dbf6,1
position_y0_3_t8_winner,/home/jovyan/shares/SR006.nfs2/spiridonov/malnev_world_model/YSDA_WORD_MODELS_PP/experiments/campaigns/trajectory_consensus_20260908_compact/runs/trajectory_consensus_20260908_compact__position_y0_3_t8_winner__libero_object_temp__task8__init1__trajectory_medoid__l1p0__query_traces.parquet,49a596acdef946a5cc50038ae6f8a3b7e4be0c5aa83bbdcdc693d901e44ba23b,1
position_y0_3_t9_first,/home/jovyan/shares/SR006.nfs2/spiridonov/malnev_world_model/YSDA_WORD_MODELS_PP/experiments/campaigns/trajectory_consensus_20260908_compact/runs/trajectory_consensus_20260908_compact__position_y0_3_t9_first__libero_object_temp__task9__init1__first__l0p0__query_traces.parquet,bfcb235b2e198c85b6c648f9abd87849a73ec6c066d8872313f1455492c57d82,1
position_y0_3_t9_max_value,/home/jovyan/shares/SR006.nfs2/spiridonov/malnev_world_model/YSDA_WORD_MODELS_PP/experiments/campaigns/trajectory_consensus_20260908_compact/runs/trajectory_consensus_20260908_compact__position_y0_3_t9_max_value__libero_object_temp__task9__init1__max_value__l0p0__query_traces.parquet,da308b73bf8e81bc0b12e72a0588fe3eb3b88fccf1da2481ac45e49908413fc4,1
