case_id,split,suite,position_level,task_id,init_state_id,rollout_id,rollout_seed,independent_group,task_description,evaluation_cohort,strategy,prefix_state_sha256,snapshot_replay_max_abs,primitive_steps,intervention_applied,counterfactual_reused,video_path,trigger_localization_object,trigger_localization_pixel_row,trigger_localization_pixel_col,trigger_localization_world_x,trigger_localization_world_y,trigger_localization_world_z,trigger_localization_peak_probability,trigger_localization_entropy,trigger_localization_score_range,trigger_passed,trigger_mode,terminal_available,terminal_success,terminal_final_t,terminal_continuation_queries,terminal_goal_progress_max,terminal_target_drop_candidate,terminal_wrong_object_interaction_candidate,terminal_official_safety_violation,terminal_failure_type,terminal_episode_failure_type,terminal_episode_failure_event_t,terminal_episode_safe_task_success,terminal_episode_safety_terminated,terminal_episode_official_safety_violation,terminal_episode_official_safety_violation_t,terminal_episode_official_safety_cost_types,terminal_episode_target_objects,terminal_episode_goal_relevant_objects,terminal_episode_target_drop_candidate,terminal_episode_target_drop_candidate_t,terminal_episode_target_drop_candidate_object,terminal_episode_successful_target_release,terminal_episode_successful_target_release_t,terminal_episode_successful_target_release_objects,terminal_episode_wrong_object_interaction_candidate,terminal_episode_wrong_object_interaction_candidate_t,terminal_episode_kinematic_deadlock_candidate,terminal_episode_episode_goal_progress_initial,terminal_episode_episode_goal_progress_max,terminal_episode_episode_time_to_first_goal_progress,terminal_episode_episode_time_to_first_target_lift,terminal_episode_episode_target_lift_max,terminal_episode_goal_predicates_json,terminal_episode_goal_predicates_satisfied_final_json,terminal_episode_episode_eef_path_length,terminal_episode_episode_eef_net_displacement,terminal_episode_episode_eef_jerk_mean,terminal_episode_episode_eef_dimensionless_jerk_proxy,terminal_utility_v1,trigger_finite_pass,trigger_confidence_pass,trigger_workspace_pass,trigger_miss_distance_pass,trigger_reach_pass,trigger_estimated_target_eef_distance_m,trigger_score_threshold,perception_localization_used,perception_regrasp_executed,perception_object,perception_pixel_row,perception_pixel_col,perception_world_x,perception_world_y,perception_world_z,perception_peak_probability,perception_entropy,perception_score_range,perception_confidence_pass,perception_guard_mode,perception_guard_passed,perception_guard_finite_pass,perception_guard_confidence_pass,perception_guard_workspace_pass,perception_guard_miss_distance_pass,perception_guard_reach_pass,perception_guard_estimated_target_eef_distance_m,perception_guard_score_threshold,perception_guard_pass
p3d_development__x0p2__task2__init40__rollout0,development,libero_object_temp,x0.2,2,40,0,53593566,x0.2|task2|init40,pick up the salad dressing and place it in the basket,novel_cell,baseline_h8,e04ff884b3bd557e1c8bb0b510a63b06bf260b6b7e91e3092459b5699cf55fee,0.0,0,0,0,,salad dressing,115.0,100.0,-0.11985729645164822,-0.1057387676523716,0.07461410015821457,0.09684336221351203,0.3278740916094013,37.277832984924316,0,baseline,True,1,276,26,1.0,1,0,0,success,success,167,True,False,False,-1,,salad_dressing_1,salad_dressing_1,True,167,salad_dressing_1,False,-1,,False,-1,False,0.0,1.0,276,110,0.23617022100690377,"[[""in"", ""salad_dressing_1"", ""basket_1_contain_region""]]",[1],1.8994132777283623,0.30757159639190546,5.788156798866672,200700439.5819132,2.0,,,,,,,,,,,,,,,,,,,,,,,,,,,,,
p3d_development__x0p2__task2__init40__rollout0,development,libero_object_temp,x0.2,2,40,0,53593566,x0.2|task2|init40,pick up the salad dressing and place it in the basket,novel_cell,workspace_calibrated,e04ff884b3bd557e1c8bb0b510a63b06bf260b6b7e91e3092459b5699cf55fee,0.0,25,1,0,,salad dressing,115.0,100.0,-0.11985729645164822,-0.1057387676523716,0.07461410015821457,0.09684336221351203,0.3278740916094013,37.277832984924316,1,workspace_calibrated,True,1,206,14,1.0,0,0,0,success,success,-1,True,False,False,-1,,salad_dressing_1,salad_dressing_1,False,-1,,False,-1,,False,-1,False,0.0,1.0,206,137,0.23004922558477714,"[[""in"", ""salad_dressing_1"", ""basket_1_contain_region""]]",[1],1.5394776271453163,0.30572825789014313,6.415785673955317,74202798.51465648,3.0,True,True,True,True,True,0.10839433136888048,18.343602180480957,True,True,salad dressing,115.0,100.0,-0.12469392680740365,-0.10624192036086849,0.0718761682510376,0.0970935142169947,0.32869976135548035,37.2992057800293,True,workspace_calibrated,True,True,True,True,True,True,0.143229551646601,18.343602180480957,True
p3d_development__x0p2__task2__init40__rollout0,development,libero_object_temp,x0.2,2,40,0,53593566,x0.2|task2|init40,pick up the salad dressing and place it in the basket,novel_cell,workspace_retreat_only,e04ff884b3bd557e1c8bb0b510a63b06bf260b6b7e91e3092459b5699cf55fee,0.0,3,1,0,,salad dressing,115.0,100.0,-0.11985729645164822,-0.1057387676523716,0.07461410015821457,0.09684336221351203,0.3278740916094013,37.277832984924316,1,workspace_calibrated,True,1,172,13,1.0,0,0,0,success,success,-1,True,False,False,-1,,salad_dressing_1,salad_dressing_1,False,-1,,False,-1,,False,-1,False,0.0,1.0,172,113,0.23740310347566468,"[[""in"", ""salad_dressing_1"", ""basket_1_contain_region""]]",[1],1.3466166023114208,0.2940433620910678,5.0834985954673275,20293744.47816373,3.0,True,True,True,True,True,0.10839433136888048,18.343602180480957,True,False,salad dressing,115.0,100.0,-0.12469392680740365,-0.10624192036086849,0.0718761682510376,0.0970935142169947,0.32869976135548035,37.2992057800293,True,workspace_calibrated,True,True,True,True,True,True,0.143229551646601,18.343602180480957,True
p3d_development__x0p2__task2__init41__rollout0,development,libero_object_temp,x0.2,2,41,0,51523442,x0.2|task2|init41,pick up the salad dressing and place it in the basket,novel_cell,baseline_h8,df2bacd36850978c8862296b0da8a05fc3c25a221a15e80fbfc3a8cc9c9638e6,0.0,0,0,0,,salad dressing,68.0,107.0,-0.14677584124252063,-0.07452376768319538,0.25086441636085505,0.12024487559654563,0.3142171680103786,30.273624181747437,0,baseline,True,1,129,8,1.0,0,0,0,success,success,-1,True,False,False,-1,,salad_dressing_1,salad_dressing_1,False,-1,,False,-1,,False,-1,False,0.0,1.0,129,62,0.2385448897959459,"[[""in"", ""salad_dressing_1"", ""basket_1_contain_region""]]",[1],1.0697827604532197,0.31869307087050813,3.9114019735786556,2101871.114746357,3.0,,,,,,,,,,,,,,,,,,,,,,,,,,,,,
p3d_development__x0p2__task2__init41__rollout0,development,libero_object_temp,x0.2,2,41,0,51523442,x0.2|task2|init41,pick up the salad dressing and place it in the basket,novel_cell,workspace_calibrated,df2bacd36850978c8862296b0da8a05fc3c25a221a15e80fbfc3a8cc9c9638e6,0.0,25,1,0,,salad dressing,68.0,107.0,-0.14677584124252063,-0.07452376768319538,0.25086441636085505,0.12024487559654563,0.3142171680103786,30.273624181747437,1,workspace_calibrated,True,0,280,23,0.0,1,0,0,target_drop_candidate,target_drop_candidate,82,False,False,False,-1,,salad_dressing_1,salad_dressing_1,True,82,salad_dressing_1,False,-1,,False,-1,False,0.0,0.0,-1,62,0.24410885883595457,"[[""in"", ""salad_dressing_1"", ""basket_1_contain_region""]]",[0],2.175384841212382,0.19259689172240552,6.7825573812638495,227772623.76189795,-1.0,True,True,True,True,True,0.08333565501510218,18.343602180480957,True,True,salad dressing,67.0,108.0,-0.08705918283374214,-0.06679264576811615,0.27721911668777466,0.26135053554669885,0.19374339454923195,46.89790081977844,True,workspace_calibrated,True,True,True,True,True,True,0.02651492164222241,18.343602180480957,True
p3d_development__x0p2__task2__init41__rollout0,development,libero_object_temp,x0.2,2,41,0,51523442,x0.2|task2|init41,pick up the salad dressing and place it in the basket,novel_cell,workspace_retreat_only,df2bacd36850978c8862296b0da8a05fc3c25a221a15e80fbfc3a8cc9c9638e6,0.0,3,1,0,,salad dressing,68.0,107.0,-0.14677584124252063,-0.07452376768319538,0.25086441636085505,0.12024487559654563,0.3142171680103786,30.273624181747437,1,workspace_calibrated,True,1,132,8,1.0,0,0,0,success,success,-1,True,False,False,-1,,salad_dressing_1,salad_dressing_1,False,-1,,False,-1,,False,-1,False,0.0,1.0,132,62,0.2502160153163592,"[[""in"", ""salad_dressing_1"", ""basket_1_contain_region""]]",[1],1.1049262907126614,0.3181527625713429,4.85496005651222,4756200.073566544,3.0,True,True,True,True,True,0.08333565501510218,18.343602180480957,True,False,salad dressing,67.0,108.0,-0.08705918283374214,-0.06679264576811615,0.27721911668777466,0.26135053554669885,0.19374339454923195,46.89790081977844,True,workspace_calibrated,True,True,True,True,True,True,0.02651492164222241,18.343602180480957,True
p3d_development__x0p2__task2__init42__rollout0,development,libero_object_temp,x0.2,2,42,0,50437082,x0.2|task2|init42,pick up the salad dressing and place it in the basket,novel_cell,baseline_h8,bfd052749d57305236bcc72c36f0d60735071289ebff111ced5f1b18e1659ad0,0.0,0,0,0,,salad dressing,68.0,107.0,-0.16392408057454988,-0.07574862646846414,0.2443043440580368,0.09143193971668642,0.3530422931552088,26.56977939605713,0,baseline,True,1,129,8,1.0,0,0,0,success,success,-1,True,False,False,-1,,salad_dressing_1,salad_dressing_1,False,-1,,False,-1,,False,-1,False,0.0,1.0,129,62,0.23723885635994835,"[[""in"", ""salad_dressing_1"", ""basket_1_contain_region""]]",[1],1.0571180494816523,0.32169805455245143,3.94883041479526,2091708.4486442646,3.0,,,,,,,,,,,,,,,,,,,,,,,,,,,,,
p3d_development__x0p2__task2__init42__rollout0,development,libero_object_temp,x0.2,2,42,0,50437082,x0.2|task2|init42,pick up the salad dressing and place it in the basket,novel_cell,workspace_calibrated,bfd052749d57305236bcc72c36f0d60735071289ebff111ced5f1b18e1659ad0,0.0,25,1,0,,salad dressing,68.0,107.0,-0.16392408057454988,-0.07574862646846414,0.2443043440580368,0.09143193971668642,0.3530422931552088,26.56977939605713,1,workspace_calibrated,True,0,280,23,0.0,1,1,0,target_drop_candidate,target_drop_candidate,82,False,False,False,-1,,salad_dressing_1,salad_dressing_1,True,82,salad_dressing_1,False,-1,,True,228,False,0.0,0.0,-1,62,0.24222372294076489,"[[""in"", ""salad_dressing_1"", ""basket_1_contain_region""]]",[0],1.8884445618573817,0.3077939309438404,6.328172905001241,233410807.65270168,-1.5,True,True,True,True,True,0.09542162439084925,18.343602180480957,True,True,salad dressing,67.0,108.0,-0.08830795046576057,-0.06687744247995962,0.27674585580825806,0.23358295315746075,0.20289955768398107,43.78581213951111,True,workspace_calibrated,True,True,True,True,True,True,0.026882611324929428,18.343602180480957,True
p3d_development__x0p2__task2__init42__rollout0,development,libero_object_temp,x0.2,2,42,0,50437082,x0.2|task2|init42,pick up the salad dressing and place it in the basket,novel_cell,workspace_retreat_only,bfd052749d57305236bcc72c36f0d60735071289ebff111ced5f1b18e1659ad0,0.0,3,1,0,,salad dressing,68.0,107.0,-0.16392408057454988,-0.07574862646846414,0.2443043440580368,0.09143193971668642,0.3530422931552088,26.56977939605713,1,workspace_calibrated,True,1,132,8,1.0,0,0,0,success,success,-1,True,False,False,-1,,salad_dressing_1,salad_dressing_1,False,-1,,False,-1,,False,-1,False,0.0,1.0,132,62,0.25205082035471227,"[[""in"", ""salad_dressing_1"", ""basket_1_contain_region""]]",[1],1.0820172740570941,0.317590216806162,4.81586954768656,4985367.583734676,3.0,True,True,True,True,True,0.09542162439084925,18.343602180480957,True,False,salad dressing,67.0,108.0,-0.08830795046576057,-0.06687744247995962,0.27674585580825806,0.23358295315746075,0.20289955768398107,43.78581213951111,True,workspace_calibrated,True,True,True,True,True,True,0.026882611324929428,18.343602180480957,True
p3d_development__x0p2__task2__init43__rollout0,development,libero_object_temp,x0.2,2,43,0,53526410,x0.2|task2|init43,pick up the salad dressing and place it in the basket,novel_cell,baseline_h8,230e86d9853fd8f91a5f3928d509eb5c5033cb9bc923c2a5da0c7d55b34cd275,0.0,0,0,0,,salad dressing,115.0,100.0,-0.12405553408625325,-0.10617550862312855,0.07223755121231079,0.09659420549292255,0.3303461798997019,36.427547454833984,0,baseline,True,1,169,13,1.0,0,0,0,success,success,-1,True,False,False,-1,,salad_dressing_1,salad_dressing_1,False,-1,,False,-1,,False,-1,False,0.0,1.0,169,105,0.23653166222,"[[""in"", ""salad_dressing_1"", ""basket_1_contain_region""]]",[1],1.2722374626475617,0.29701266804674614,4.3710368043834,9552880.5203472,3.0,,,,,,,,,,,,,,,,,,,,,,,,,,,,,
p3d_development__x0p2__task2__init43__rollout0,development,libero_object_temp,x0.2,2,43,0,53526410,x0.2|task2|init43,pick up the salad dressing and place it in the basket,novel_cell,workspace_calibrated,230e86d9853fd8f91a5f3928d509eb5c5033cb9bc923c2a5da0c7d55b34cd275,0.0,25,1,0,,salad dressing,115.0,100.0,-0.12405553408625325,-0.10617550862312855,0.07223755121231079,0.09659420549292255,0.3303461798997019,36.427547454833984,1,workspace_calibrated,True,1,205,14,1.0,0,0,0,success,success,-1,True,False,False,-1,,salad_dressing_1,salad_dressing_1,False,-1,,False,-1,,False,-1,False,0.0,1.0,205,137,0.23100346050678017,"[[""in"", ""salad_dressing_1"", ""basket_1_contain_region""]]",[1],1.5084178698817694,0.3014197754491034,6.730285430193044,88557003.06366627,3.0,True,True,True,True,True,0.11486108304950947,18.343602180480957,True,True,salad dressing,115.0,100.0,-0.12836135505630875,-0.10662344144495525,0.06980010122060776,0.09377289377620236,0.3297954411585132,36.41091346740723,True,workspace_calibrated,True,True,True,True,True,True,0.1439006708688784,18.343602180480957,True
p3d_development__x0p2__task2__init43__rollout0,development,libero_object_temp,x0.2,2,43,0,53526410,x0.2|task2|init43,pick up the salad dressing and place it in the basket,novel_cell,workspace_retreat_only,230e86d9853fd8f91a5f3928d509eb5c5033cb9bc923c2a5da0c7d55b34cd275,0.0,3,1,0,,salad dressing,115.0,100.0,-0.12405553408625325,-0.10617550862312855,0.07223755121231079,0.09659420549292255,0.3303461798997019,36.427547454833984,1,workspace_calibrated,True,1,174,13,1.0,0,0,0,success,success,-1,True,False,False,-1,,salad_dressing_1,salad_dressing_1,False,-1,,False,-1,,False,-1,False,0.0,1.0,174,108,0.2385583197023285,"[[""in"", ""salad_dressing_1"", ""basket_1_contain_region""]]",[1],1.369611833053744,0.29025634921378385,5.260712925477847,28011480.615927022,3.0,True,True,True,True,True,0.11486108304950947,18.343602180480957,True,False,salad dressing,115.0,100.0,-0.12836135505630875,-0.10662344144495525,0.06980010122060776,0.09377289377620236,0.3297954411585132,36.41091346740723,True,workspace_calibrated,True,True,True,True,True,True,0.1439006708688784,18.343602180480957,True
p3d_development__x0p2__task2__init44__rollout0,development,libero_object_temp,x0.2,2,44,0,59892424,x0.2|task2|init44,pick up the salad dressing and place it in the basket,novel_cell,baseline_h8,07ed05dfd4c85fdb4177c894265519b29495fcf8e1c858830c7c57b5e3147e97,0.0,0,0,0,,salad dressing,115.0,100.0,-0.12052883021007066,-0.10580862703887513,0.07423395663499832,0.09405459198134034,0.32988818930029373,36.41540336608887,0,baseline,True,1,169,13,1.0,0,0,0,success,success,-1,True,False,False,-1,,salad_dressing_1,salad_dressing_1,False,-1,,False,-1,,False,-1,False,0.0,1.0,169,104,0.2457222814591274,"[[""in"", ""salad_dressing_1"", ""basket_1_contain_region""]]",[1],1.295676719213711,0.29794347397751647,4.2048672820626125,8066874.82783051,3.0,,,,,,,,,,,,,,,,,,,,,,,,,,,,,
p3d_development__x0p2__task2__init44__rollout0,development,libero_object_temp,x0.2,2,44,0,59892424,x0.2|task2|init44,pick up the salad dressing and place it in the basket,novel_cell,workspace_calibrated,07ed05dfd4c85fdb4177c894265519b29495fcf8e1c858830c7c57b5e3147e97,0.0,25,1,0,,salad dressing,115.0,100.0,-0.12052883021007066,-0.10580862703887513,0.07423395663499832,0.09405459198134034,0.32988818930029373,36.41540336608887,1,workspace_calibrated,True,1,200,13,1.0,0,0,0,success,success,-1,True,False,False,-1,,salad_dressing_1,salad_dressing_1,False,-1,,False,-1,,False,-1,False,0.0,1.0,200,136,0.22622054826519467,"[[""in"", ""salad_dressing_1"", ""basket_1_contain_region""]]",[1],1.5178434943704444,0.30602519281605806,6.414866358602462,70710868.62023307,3.0,True,True,True,True,True,0.11361209928213721,18.343602180480957,True,True,salad dressing,115.0,100.0,-0.12322267797125952,-0.10608886693682547,0.07270901650190353,0.08927875393840622,0.33202616354790665,36.38086128234863,True,workspace_calibrated,True,True,True,True,True,True,0.1438519665951116,18.343602180480957,True
p3d_development__x0p2__task2__init44__rollout0,development,libero_object_temp,x0.2,2,44,0,59892424,x0.2|task2|init44,pick up the salad dressing and place it in the basket,novel_cell,workspace_retreat_only,07ed05dfd4c85fdb4177c894265519b29495fcf8e1c858830c7c57b5e3147e97,0.0,3,1,0,,salad dressing,115.0,100.0,-0.12052883021007066,-0.10580862703887513,0.07423395663499832,0.09405459198134034,0.32988818930029373,36.41540336608887,1,workspace_calibrated,True,1,172,13,1.0,0,0,0,success,success,-1,True,False,False,-1,,salad_dressing_1,salad_dressing_1,False,-1,,False,-1,,False,-1,False,0.0,1.0,172,108,0.23613630374436773,"[[""in"", ""salad_dressing_1"", ""basket_1_contain_region""]]",[1],1.368645376509488,0.2976719275717773,5.031412099433557,22244247.44870848,3.0,True,True,True,True,True,0.11361209928213721,18.343602180480957,True,False,salad dressing,115.0,100.0,-0.12322267797125952,-0.10608886693682547,0.07270901650190353,0.08927875393840622,0.33202616354790665,36.38086128234863,True,workspace_calibrated,True,True,True,True,True,True,0.1438519665951116,18.343602180480957,True
p3d_development__x0p2__task5__init40__rollout0,development,libero_object_temp,x0.2,5,40,0,56114051,x0.2|task5|init40,pick up the tomato sauce and place it in the basket,replication,baseline_h8,211568ec6db681e75d65a812233422f9eee6f162ed37d5daa71b100da48885d4,0.0,0,0,0,,tomato sauce,124.0,100.0,-0.11407193179276764,-0.10702925776388418,0.03839259594678879,0.10655485425934143,0.32350976883482524,39.00329399108887,0,baseline,True,1,268,25,1.0,0,0,0,success,success,-1,True,False,False,-1,,tomato_sauce_1,tomato_sauce_1,False,-1,,False,-1,,False,-1,False,0.0,1.0,268,173,0.18160799141281772,"[[""in"", ""tomato_sauce_1"", ""basket_1_contain_region""]]",[1],1.6599085789730803,0.2557436599252194,4.87639021979125,179279435.16111407,3.0,,,,,,,,,,,,,,,,,,,,,,,,,,,,,
p3d_development__x0p2__task5__init40__rollout0,development,libero_object_temp,x0.2,5,40,0,56114051,x0.2|task5|init40,pick up the tomato sauce and place it in the basket,replication,workspace_calibrated,211568ec6db681e75d65a812233422f9eee6f162ed37d5daa71b100da48885d4,0.0,25,1,0,,tomato sauce,124.0,100.0,-0.11407193179276764,-0.10702925776388418,0.03839259594678879,0.10655485425934143,0.32350976883482524,39.00329399108887,1,workspace_calibrated,True,1,162,9,1.0,0,0,0,success,success,-1,True,False,False,-1,,tomato_sauce_1,tomato_sauce_1,False,-1,,False,-1,,False,-1,False,0.0,1.0,162,96,0.17667621025155789,"[[""in"", ""tomato_sauce_1"", ""basket_1_contain_region""]]",[1],1.2612676253166017,0.29829199957263985,6.552282996052929,29697444.767977033,3.0,True,True,True,True,True,0.16390592670918944,14.163268327713011,True,True,tomato sauce,124.0,100.0,-0.11407193179276764,-0.10702925776388418,0.03839259594678879,0.05876163826272233,0.38152839790302373,29.30492115020752,True,workspace_calibrated,True,True,True,True,True,True,0.18220517090445768,14.163268327713011,True
p3d_development__x0p2__task5__init40__rollout0,development,libero_object_temp,x0.2,5,40,0,56114051,x0.2|task5|init40,pick up the tomato sauce and place it in the basket,replication,workspace_retreat_only,211568ec6db681e75d65a812233422f9eee6f162ed37d5daa71b100da48885d4,0.0,3,1,0,,tomato sauce,124.0,100.0,-0.11407193179276764,-0.10702925776388418,0.03839259594678879,0.10655485425934143,0.32350976883482524,39.00329399108887,1,workspace_calibrated,True,1,249,22,1.0,0,0,0,success,success,-1,True,False,False,-1,,tomato_sauce_1,tomato_sauce_1,False,-1,,False,-1,,False,-1,False,0.0,1.0,249,182,0.18308208222793912,"[[""in"", ""tomato_sauce_1"", ""basket_1_contain_region""]]",[1],1.6261477764752363,0.2971106202934168,5.1483285325516395,121380647.23031534,3.0,True,True,True,True,True,0.16390592670918944,14.163268327713011,True,False,tomato sauce,124.0,100.0,-0.11407193179276764,-0.10702925776388418,0.03839259594678879,0.05876163826272233,0.38152839790302373,29.30492115020752,True,workspace_calibrated,True,True,True,True,True,True,0.18220517090445768,14.163268327713011,True
p3d_development__x0p2__task5__init41__rollout0,development,libero_object_temp,x0.2,5,41,0,55747964,x0.2|task5|init41,pick up the tomato sauce and place it in the basket,replication,baseline_h8,92598bedb608fd16258e6e00322155d3de781d2b3e3dd8c4b3282a218b9f8ea2,0.0,0,0,0,,tomato sauce,124.0,100.0,-0.11407193179276764,-0.10702925776388418,0.03839259594678879,0.09926087770867692,0.3305843598392428,38.585726737976074,0,baseline,True,0,280,26,0.0,0,0,0,timeout_no_goal,timeout_no_goal,280,False,False,False,-1,,tomato_sauce_1,tomato_sauce_1,False,-1,,False,-1,,False,-1,False,0.0,0.0,-1,181,0.1873817009857306,"[[""in"", ""tomato_sauce_1"", ""basket_1_contain_region""]]",[0],1.6499840271811963,0.2640192293769173,4.53215226323773,200723119.03002962,0.0,,,,,,,,,,,,,,,,,,,,,,,,,,,,,
p3d_development__x0p2__task5__init41__rollout0,development,libero_object_temp,x0.2,5,41,0,55747964,x0.2|task5|init41,pick up the tomato sauce and place it in the basket,replication,workspace_calibrated,92598bedb608fd16258e6e00322155d3de781d2b3e3dd8c4b3282a218b9f8ea2,0.0,25,1,0,,tomato sauce,124.0,100.0,-0.11407193179276764,-0.10702925776388418,0.03839259594678879,0.09926087770867692,0.3305843598392428,38.585726737976074,1,workspace_calibrated,True,1,154,8,1.0,0,0,0,success,success,-1,True,False,False,-1,,tomato_sauce_1,tomato_sauce_1,False,-1,,False,-1,,False,-1,False,0.0,1.0,154,96,0.18646885173809102,"[[""in"", ""tomato_sauce_1"", ""basket_1_contain_region""]]",[1],1.2549606310038115,0.3086864500518614,6.300746456849006,20020224.669730972,3.0,True,True,True,True,True,0.16244934912690312,14.163268327713011,True,True,tomato sauce,124.0,100.0,-0.11407193179276764,-0.10702925776388418,0.03839259594678879,0.08815053032131441,0.3367747799262476,35.999884605407715,True,workspace_calibrated,True,True,True,True,True,True,0.17912903364722055,14.163268327713011,True
p3d_development__x0p2__task5__init41__rollout0,development,libero_object_temp,x0.2,5,41,0,55747964,x0.2|task5|init41,pick up the tomato sauce and place it in the basket,replication,workspace_retreat_only,92598bedb608fd16258e6e00322155d3de781d2b3e3dd8c4b3282a218b9f8ea2,0.0,3,1,0,,tomato sauce,124.0,100.0,-0.11407193179276764,-0.10702925776388418,0.03839259594678879,0.09926087770867692,0.3305843598392428,38.585726737976074,1,workspace_calibrated,True,0,280,26,0.0,0,0,0,timeout_no_goal,timeout_no_goal,280,False,False,False,-1,,tomato_sauce_1,tomato_sauce_1,False,-1,,False,-1,,False,-1,False,0.0,0.0,-1,168,0.1850888569565002,"[[""in"", ""tomato_sauce_1"", ""basket_1_contain_region""]]",[0],1.6296118391574712,0.2546959480343002,4.746092960292063,208181227.92127463,0.0,True,True,True,True,True,0.16244934912690312,14.163268327713011,True,False,tomato sauce,124.0,100.0,-0.11407193179276764,-0.10702925776388418,0.03839259594678879,0.08815053032131441,0.3367747799262476,35.999884605407715,True,workspace_calibrated,True,True,True,True,True,True,0.17912903364722055,14.163268327713011,True
p3d_development__x0p2__task5__init42__rollout0,development,libero_object_temp,x0.2,5,42,0,51680371,x0.2|task5|init42,pick up the tomato sauce and place it in the basket,replication,baseline_h8,ca08712349f21f015c0a8bc7b78eb73a081c4037832e4345d17a0fd4099c25ed,0.0,0,0,0,,tomato sauce,124.0,100.0,-0.11407193179276764,-0.10702925776388418,0.03839259594678879,0.08123825205969228,0.3507440628202414,35.049354553222656,0,baseline,True,1,276,26,1.0,0,0,0,success,success,-1,True,False,False,-1,,tomato_sauce_1,tomato_sauce_1,False,-1,,False,-1,,False,-1,False,0.0,1.0,276,169,0.18689375995144789,"[[""in"", ""tomato_sauce_1"", ""basket_1_contain_region""]]",[1],1.6523207651453062,0.23603087981679297,4.478004954694231,170500551.03628665,3.0,,,,,,,,,,,,,,,,,,,,,,,,,,,,,
p3d_development__x0p2__task5__init42__rollout0,development,libero_object_temp,x0.2,5,42,0,51680371,x0.2|task5|init42,pick up the tomato sauce and place it in the basket,replication,workspace_calibrated,ca08712349f21f015c0a8bc7b78eb73a081c4037832e4345d17a0fd4099c25ed,0.0,25,1,0,,tomato sauce,124.0,100.0,-0.11407193179276764,-0.10702925776388418,0.03839259594678879,0.08123825205969228,0.3507440628202414,35.049354553222656,1,workspace_calibrated,True,1,156,8,1.0,0,0,0,success,success,-1,True,False,False,-1,,tomato_sauce_1,tomato_sauce_1,False,-1,,False,-1,,False,-1,False,0.0,1.0,156,96,0.18196457781893965,"[[""in"", ""tomato_sauce_1"", ""basket_1_contain_region""]]",[1],1.2379966123602157,0.2772375067497696,7.149389201713622,32384298.55059832,3.0,True,True,True,True,True,0.1826934978202361,14.163268327713011,True,True,tomato sauce,124.0,100.0,-0.11407193179276764,-0.10702925776388418,0.03839259594678879,0.03930468750277726,0.4126229049968578,23.643746376037598,True,workspace_calibrated,True,True,True,True,True,True,0.20042576017336336,14.163268327713011,True
p3d_development__x0p2__task5__init42__rollout0,development,libero_object_temp,x0.2,5,42,0,51680371,x0.2|task5|init42,pick up the tomato sauce and place it in the basket,replication,workspace_retreat_only,ca08712349f21f015c0a8bc7b78eb73a081c4037832e4345d17a0fd4099c25ed,0.0,3,1,0,,tomato sauce,124.0,100.0,-0.11407193179276764,-0.10702925776388418,0.03839259594678879,0.08123825205969228,0.3507440628202414,35.049354553222656,1,workspace_calibrated,True,0,280,26,0.0,0,0,0,kinematic_deadlock_candidate,kinematic_deadlock_candidate,280,False,False,False,-1,,tomato_sauce_1,tomato_sauce_1,False,-1,,False,-1,,False,-1,True,0.0,0.0,-1,-1,1.0408340855860843e-16,"[[""in"", ""tomato_sauce_1"", ""basket_1_contain_region""]]",[0],1.0236040402113806,0.24037678938124576,2.881988339385887,259219676.18421736,0.0,True,True,True,True,True,0.1826934978202361,14.163268327713011,True,False,tomato sauce,124.0,100.0,-0.11407193179276764,-0.10702925776388418,0.03839259594678879,0.03930468750277726,0.4126229049968578,23.643746376037598,True,workspace_calibrated,True,True,True,True,True,True,0.20042576017336336,14.163268327713011,True
p3d_development__x0p2__task5__init43__rollout0,development,libero_object_temp,x0.2,5,43,0,51741223,x0.2|task5|init43,pick up the tomato sauce and place it in the basket,replication,baseline_h8,048cafdfa784f0af20b6d66130782f89c71fadd6884ff9c82e67d39f8aced2cf,0.0,0,0,0,,tomato sauce,123.0,100.0,-0.12149359199497911,-0.10760004053916691,0.03839259594678879,0.04410148003169653,0.5264522209096196,20.94766139984131,0,baseline,True,1,192,15,1.0,0,0,0,success,success,-1,True,False,False,-1,,tomato_sauce_1,tomato_sauce_1,False,-1,,False,-1,,False,-1,False,0.0,1.0,192,129,0.18864787908509953,"[[""in"", ""tomato_sauce_1"", ""basket_1_contain_region""]]",[1],1.360446412454837,0.3104394355521508,4.993799967534843,32514698.06322049,3.0,,,,,,,,,,,,,,,,,,,,,,,,,,,,,
p3d_development__x0p2__task5__init43__rollout0,development,libero_object_temp,x0.2,5,43,0,51741223,x0.2|task5|init43,pick up the tomato sauce and place it in the basket,replication,workspace_calibrated,048cafdfa784f0af20b6d66130782f89c71fadd6884ff9c82e67d39f8aced2cf,0.0,25,1,0,,tomato sauce,123.0,100.0,-0.12149359199497911,-0.10760004053916691,0.03839259594678879,0.04410148003169653,0.5264522209096196,20.94766139984131,1,workspace_calibrated,True,1,227,17,1.0,0,0,0,success,success,-1,True,False,False,-1,,tomato_sauce_1,tomato_sauce_1,False,-1,,False,-1,,False,-1,False,0.0,1.0,227,133,0.18936419342115582,"[[""in"", ""tomato_sauce_1"", ""basket_1_contain_region""]]",[1],1.4673872858966377,0.3179176129148686,7.9510779046960245,192270103.8427779,3.0,True,True,True,True,True,0.1335235313391957,14.163268327713011,True,True,tomato sauce,124.0,100.0,-0.11407193179276764,-0.10702925776388418,0.03839259594678879,0.0878740983597862,0.3357267109350013,41.935237884521484,True,workspace_calibrated,True,True,True,True,True,True,0.12420905581896532,14.163268327713011,True
p3d_development__x0p2__task5__init43__rollout0,development,libero_object_temp,x0.2,5,43,0,51741223,x0.2|task5|init43,pick up the tomato sauce and place it in the basket,replication,workspace_retreat_only,048cafdfa784f0af20b6d66130782f89c71fadd6884ff9c82e67d39f8aced2cf,0.0,3,1,0,,tomato sauce,123.0,100.0,-0.12149359199497911,-0.10760004053916691,0.03839259594678879,0.04410148003169653,0.5264522209096196,20.94766139984131,1,workspace_calibrated,True,1,194,15,1.0,0,0,0,success,success,-1,True,False,False,-1,,tomato_sauce_1,tomato_sauce_1,False,-1,,False,-1,,False,-1,False,0.0,1.0,194,129,0.18917971285979054,"[[""in"", ""tomato_sauce_1"", ""basket_1_contain_region""]]",[1],1.3870850990449992,0.3139803263046649,5.84811005091153,52599993.83889456,3.0,True,True,True,True,True,0.1335235313391957,14.163268327713011,True,False,tomato sauce,124.0,100.0,-0.11407193179276764,-0.10702925776388418,0.03839259594678879,0.0878740983597862,0.3357267109350013,41.935237884521484,True,workspace_calibrated,True,True,True,True,True,True,0.12420905581896532,14.163268327713011,True
p3d_development__x0p2__task5__init44__rollout0,development,libero_object_temp,x0.2,5,44,0,52115428,x0.2|task5|init44,pick up the tomato sauce and place it in the basket,replication,baseline_h8,94cb3f07e6307fa5a305eeac017d15c7e5d3fec071e933591596be1fb8b83a1e,0.0,0,0,0,,tomato sauce,91.0,108.0,-0.4093823733344091,-0.09267259041990412,0.03839259594678879,0.019498938232862927,0.42619411354210646,28.30587100982666,0,baseline,True,0,280,26,0.0,1,0,0,target_drop_candidate,target_drop_candidate,123,False,False,False,-1,,tomato_sauce_1,tomato_sauce_1,True,123,tomato_sauce_1,False,-1,,False,-1,True,0.0,0.0,-1,65,0.20289714044761092,"[[""in"", ""tomato_sauce_1"", ""basket_1_contain_region""]]",[0],1.036780693219536,0.26432023187325476,2.230435864002709,285971361.3361909,-1.0,,,,,,,,,,,,,,,,,,,,,,,,,,,,,
p3d_development__x0p2__task5__init44__rollout0,development,libero_object_temp,x0.2,5,44,0,52115428,x0.2|task5|init44,pick up the tomato sauce and place it in the basket,replication,workspace_calibrated,94cb3f07e6307fa5a305eeac017d15c7e5d3fec071e933591596be1fb8b83a1e,0.0,0,0,1,,tomato sauce,91.0,108.0,-0.4093823733344091,-0.09267259041990412,0.03839259594678879,0.019498938232862927,0.42619411354210646,28.30587100982666,0,workspace_calibrated,True,0,280,26,0.0,1,0,0,target_drop_candidate,target_drop_candidate,123,False,False,False,-1,,tomato_sauce_1,tomato_sauce_1,True,123,tomato_sauce_1,False,-1,,False,-1,True,0.0,0.0,-1,65,0.20289714044761092,"[[""in"", ""tomato_sauce_1"", ""basket_1_contain_region""]]",[0],1.036780693219536,0.26432023187325476,2.230435864002709,285971361.3361909,-1.0,True,True,False,True,True,0.35906678614945,14.163268327713011,,,,,,,,,,,,,,,,,,,,,,
p3d_development__x0p2__task5__init44__rollout0,development,libero_object_temp,x0.2,5,44,0,52115428,x0.2|task5|init44,pick up the tomato sauce and place it in the basket,replication,workspace_retreat_only,94cb3f07e6307fa5a305eeac017d15c7e5d3fec071e933591596be1fb8b83a1e,0.0,0,0,1,,tomato sauce,91.0,108.0,-0.4093823733344091,-0.09267259041990412,0.03839259594678879,0.019498938232862927,0.42619411354210646,28.30587100982666,0,workspace_calibrated,True,0,280,26,0.0,1,0,0,target_drop_candidate,target_drop_candidate,123,False,False,False,-1,,tomato_sauce_1,tomato_sauce_1,True,123,tomato_sauce_1,False,-1,,False,-1,True,0.0,0.0,-1,65,0.20289714044761092,"[[""in"", ""tomato_sauce_1"", ""basket_1_contain_region""]]",[0],1.036780693219536,0.26432023187325476,2.230435864002709,285971361.3361909,-1.0,True,True,False,True,True,0.35906678614945,14.163268327713011,,,,,,,,,,,,,,,,,,,,,,
p3d_development__x0p2__task6__init40__rollout0,development,libero_object_temp,x0.2,6,40,0,53678498,x0.2|task6|init40,pick up the butter and place it in the basket,replication,baseline_h8,bf9cf3f6fa62a46af1a6962c64f1ee7ba13ce2e237136fd6acd5673ab74409bf,0.0,0,0,0,,butter,148.0,59.0,0.03799664507177081,-0.23536006018623454,0.03473958745598793,0.026427028649874215,0.44524437659951377,24.579214096069336,0,baseline,True,0,280,26,0.0,1,0,0,target_drop_candidate,target_drop_candidate,246,False,False,False,-1,,butter_1,butter_1,True,246,butter_1,False,-1,,False,-1,False,0.0,0.0,-1,111,0.2875133980282651,"[[""in"", ""butter_1"", ""basket_1_contain_region""]]",[0],1.849869376565363,0.33077347844620547,5.27863719040187,277845800.2936519,-1.0,,,,,,,,,,,,,,,,,,,,,,,,,,,,,
p3d_development__x0p2__task6__init40__rollout0,development,libero_object_temp,x0.2,6,40,0,53678498,x0.2|task6|init40,pick up the butter and place it in the basket,replication,workspace_calibrated,bf9cf3f6fa62a46af1a6962c64f1ee7ba13ce2e237136fd6acd5673ab74409bf,0.0,0,0,1,,butter,148.0,59.0,0.03799664507177081,-0.23536006018623454,0.03473958745598793,0.026427028649874215,0.44524437659951377,24.579214096069336,0,workspace_calibrated,True,0,280,26,0.0,1,0,0,target_drop_candidate,target_drop_candidate,246,False,False,False,-1,,butter_1,butter_1,True,246,butter_1,False,-1,,False,-1,False,0.0,0.0,-1,111,0.2875133980282651,"[[""in"", ""butter_1"", ""basket_1_contain_region""]]",[0],1.849869376565363,0.33077347844620547,5.27863719040187,277845800.2936519,-1.0,True,True,True,False,True,0.06703732231571902,15.786628246307373,,,,,,,,,,,,,,,,,,,,,,
p3d_development__x0p2__task6__init40__rollout0,development,libero_object_temp,x0.2,6,40,0,53678498,x0.2|task6|init40,pick up the butter and place it in the basket,replication,workspace_retreat_only,bf9cf3f6fa62a46af1a6962c64f1ee7ba13ce2e237136fd6acd5673ab74409bf,0.0,0,0,1,,butter,148.0,59.0,0.03799664507177081,-0.23536006018623454,0.03473958745598793,0.026427028649874215,0.44524437659951377,24.579214096069336,0,workspace_calibrated,True,0,280,26,0.0,1,0,0,target_drop_candidate,target_drop_candidate,246,False,False,False,-1,,butter_1,butter_1,True,246,butter_1,False,-1,,False,-1,False,0.0,0.0,-1,111,0.2875133980282651,"[[""in"", ""butter_1"", ""basket_1_contain_region""]]",[0],1.849869376565363,0.33077347844620547,5.27863719040187,277845800.2936519,-1.0,True,True,True,False,True,0.06703732231571902,15.786628246307373,,,,,,,,,,,,,,,,,,,,,,
p3d_development__x0p2__task6__init41__rollout0,development,libero_object_temp,x0.2,6,41,0,53964118,x0.2|task6|init41,pick up the butter and place it in the basket,replication,baseline_h8,97fa990418f424cda1d25a6a30100d3f4e3d8fa4d506234b95fc563b9a8833e3,0.0,0,0,0,,butter,147.0,59.0,0.03498376745093268,-0.23569085497294093,0.03677406534552574,0.025013856392465138,0.4643966378669152,20.919593811035156,0,baseline,True,1,206,17,1.0,0,0,0,success,success,-1,True,False,False,-1,,butter_1,butter_1,False,-1,,False,-1,,False,-1,False,0.0,1.0,206,110,0.30807107281634494,"[[""in"", ""butter_1"", ""basket_1_contain_region""]]",[1],1.5636271756556013,0.31034738327360983,4.484045966159963,41908836.53181039,3.0,,,,,,,,,,,,,,,,,,,,,,,,,,,,,
p3d_development__x0p2__task6__init41__rollout0,development,libero_object_temp,x0.2,6,41,0,53964118,x0.2|task6|init41,pick up the butter and place it in the basket,replication,workspace_calibrated,97fa990418f424cda1d25a6a30100d3f4e3d8fa4d506234b95fc563b9a8833e3,0.0,0,0,1,,butter,147.0,59.0,0.03498376745093268,-0.23569085497294093,0.03677406534552574,0.025013856392465138,0.4643966378669152,20.919593811035156,0,workspace_calibrated,True,1,206,17,1.0,0,0,0,success,success,-1,True,False,False,-1,,butter_1,butter_1,False,-1,,False,-1,,False,-1,False,0.0,1.0,206,110,0.30807107281634494,"[[""in"", ""butter_1"", ""basket_1_contain_region""]]",[1],1.5636271756556013,0.31034738327360983,4.484045966159963,41908836.53181039,3.0,True,True,True,False,True,0.06316275665959833,15.786628246307373,,,,,,,,,,,,,,,,,,,,,,
p3d_development__x0p2__task6__init41__rollout0,development,libero_object_temp,x0.2,6,41,0,53964118,x0.2|task6|init41,pick up the butter and place it in the basket,replication,workspace_retreat_only,97fa990418f424cda1d25a6a30100d3f4e3d8fa4d506234b95fc563b9a8833e3,0.0,0,0,1,,butter,147.0,59.0,0.03498376745093268,-0.23569085497294093,0.03677406534552574,0.025013856392465138,0.4643966378669152,20.919593811035156,0,workspace_calibrated,True,1,206,17,1.0,0,0,0,success,success,-1,True,False,False,-1,,butter_1,butter_1,False,-1,,False,-1,,False,-1,False,0.0,1.0,206,110,0.30807107281634494,"[[""in"", ""butter_1"", ""basket_1_contain_region""]]",[1],1.5636271756556013,0.31034738327360983,4.484045966159963,41908836.53181039,3.0,True,True,True,False,True,0.06316275665959833,15.786628246307373,,,,,,,,,,,,,,,,,,,,,,
p3d_development__x0p2__task6__init42__rollout0,development,libero_object_temp,x0.2,6,42,0,54660870,x0.2|task6|init42,pick up the butter and place it in the basket,replication,baseline_h8,86756e815ad064e06f24cf956e4f19b5153c1f0c74e6984324ead4309bd020d8,0.0,0,0,0,,butter,148.0,59.0,0.042424942114330566,-0.23414614222134733,0.03791291266679764,0.028449623840748447,0.44938892963507315,23.256205558776855,0,baseline,True,0,280,26,0.0,1,0,0,target_drop_candidate,target_drop_candidate,239,False,False,False,-1,,butter_1,butter_1,True,239,butter_1,False,-1,,False,-1,False,0.0,0.0,-1,112,0.286930549369145,"[[""in"", ""butter_1"", ""basket_1_contain_region""]]",[0],1.8092305565155389,0.33069456150231796,4.676288261137105,159072569.63107324,-1.0,,,,,,,,,,,,,,,,,,,,,,,,,,,,,
p3d_development__x0p2__task6__init42__rollout0,development,libero_object_temp,x0.2,6,42,0,54660870,x0.2|task6|init42,pick up the butter and place it in the basket,replication,workspace_calibrated,86756e815ad064e06f24cf956e4f19b5153c1f0c74e6984324ead4309bd020d8,0.0,0,0,1,,butter,148.0,59.0,0.042424942114330566,-0.23414614222134733,0.03791291266679764,0.028449623840748447,0.44938892963507315,23.256205558776855,0,workspace_calibrated,True,0,280,26,0.0,1,0,0,target_drop_candidate,target_drop_candidate,239,False,False,False,-1,,butter_1,butter_1,True,239,butter_1,False,-1,,False,-1,False,0.0,0.0,-1,112,0.286930549369145,"[[""in"", ""butter_1"", ""basket_1_contain_region""]]",[0],1.8092305565155389,0.33069456150231796,4.676288261137105,159072569.63107324,-1.0,True,True,True,False,True,0.06885309934574052,15.786628246307373,,,,,,,,,,,,,,,,,,,,,,
p3d_development__x0p2__task6__init42__rollout0,development,libero_object_temp,x0.2,6,42,0,54660870,x0.2|task6|init42,pick up the butter and place it in the basket,replication,workspace_retreat_only,86756e815ad064e06f24cf956e4f19b5153c1f0c74e6984324ead4309bd020d8,0.0,0,0,1,,butter,148.0,59.0,0.042424942114330566,-0.23414614222134733,0.03791291266679764,0.028449623840748447,0.44938892963507315,23.256205558776855,0,workspace_calibrated,True,0,280,26,0.0,1,0,0,target_drop_candidate,target_drop_candidate,239,False,False,False,-1,,butter_1,butter_1,True,239,butter_1,False,-1,,False,-1,False,0.0,0.0,-1,112,0.286930549369145,"[[""in"", ""butter_1"", ""basket_1_contain_region""]]",[0],1.8092305565155389,0.33069456150231796,4.676288261137105,159072569.63107324,-1.0,True,True,True,False,True,0.06885309934574052,15.786628246307373,,,,,,,,,,,,,,,,,,,,,,
p3d_development__x0p2__task6__init43__rollout0,development,libero_object_temp,x0.2,6,43,0,52441098,x0.2|task6|init43,pick up the butter and place it in the basket,replication,baseline_h8,6360b39613157bbb038e5ff932aaba427eaba02c34edce2c03e7a96b1b61734d,0.0,0,0,0,,butter,148.0,60.0,0.019468693180160646,-0.2369544709261271,0.02146242931485176,0.08028027804513291,0.32260171487323247,29.181450366973877,0,baseline,True,0,280,26,0.0,0,0,0,timeout_no_goal,timeout_no_goal,280,False,False,False,-1,,butter_1,butter_1,False,-1,,False,-1,,False,-1,False,0.0,0.0,-1,-1,8.593820099989102e-15,"[[""in"", ""butter_1"", ""basket_1_contain_region""]]",[0],1.7764185745183814,0.2416145819224185,7.4219505312839535,454852924.7044277,0.0,,,,,,,,,,,,,,,,,,,,,,,,,,,,,
p3d_development__x0p2__task6__init43__rollout0,development,libero_object_temp,x0.2,6,43,0,52441098,x0.2|task6|init43,pick up the butter and place it in the basket,replication,workspace_calibrated,6360b39613157bbb038e5ff932aaba427eaba02c34edce2c03e7a96b1b61734d,0.0,25,1,0,,butter,148.0,60.0,0.019468693180160646,-0.2369544709261271,0.02146242931485176,0.08028027804513291,0.32260171487323247,29.181450366973877,1,workspace_calibrated,True,1,215,15,1.0,0,0,0,success,success,-1,True,False,False,-1,,butter_1,butter_1,False,-1,,False,-1,,False,-1,False,0.0,1.0,215,131,0.3213111260866076,"[[""in"", ""butter_1"", ""basket_1_contain_region""]]",[1],1.8919819778871005,0.3111012620275829,7.3049859582789285,101155697.83709334,3.0,True,True,True,True,True,0.13684922294218757,15.786628246307373,True,True,butter,155.0,59.0,0.06098158524571329,-0.2324778338430396,0.02225622534751892,0.07233942383815715,0.3147993911004683,26.621403217315674,True,workspace_calibrated,True,True,True,True,True,True,0.19047467478803642,15.786628246307373,True
p3d_development__x0p2__task6__init43__rollout0,development,libero_object_temp,x0.2,6,43,0,52441098,x0.2|task6|init43,pick up the butter and place it in the basket,replication,workspace_retreat_only,6360b39613157bbb038e5ff932aaba427eaba02c34edce2c03e7a96b1b61734d,0.0,3,1,0,,butter,148.0,60.0,0.019468693180160646,-0.2369544709261271,0.02146242931485176,0.08028027804513291,0.32260171487323247,29.181450366973877,1,workspace_calibrated,True,0,280,26,0.0,0,0,0,timeout_no_goal,timeout_no_goal,280,False,False,False,-1,,butter_1,butter_1,False,-1,,False,-1,,False,-1,False,0.0,0.0,-1,-1,8.593820099989102e-15,"[[""in"", ""butter_1"", ""basket_1_contain_region""]]",[0],1.989485998341002,0.277491785349539,7.300066664180912,373131456.12859535,0.0,True,True,True,True,True,0.13684922294218757,15.786628246307373,True,False,butter,155.0,59.0,0.06098158524571329,-0.2324778338430396,0.02225622534751892,0.07233942383815715,0.3147993911004683,26.621403217315674,True,workspace_calibrated,True,True,True,True,True,True,0.19047467478803642,15.786628246307373,True
p3d_development__x0p2__task6__init44__rollout0,development,libero_object_temp,x0.2,6,44,0,57448615,x0.2|task6|init44,pick up the butter and place it in the basket,replication,baseline_h8,9e08edb66d45e6a309fbaad7e7090032e7f35137c353eacc2ec7b66a5dfd02cd,0.0,0,0,0,,butter,148.0,59.0,0.027741250955745533,-0.23817134566116863,0.027390554547309875,0.0856306868354941,0.32291008907073143,24.76098132133484,0,baseline,True,1,187,15,1.0,0,0,0,success,success,-1,True,False,False,-1,,butter_1,butter_1,False,-1,,False,-1,,False,-1,False,0.0,1.0,187,107,0.30107220598331735,"[[""in"", ""butter_1"", ""basket_1_contain_region""]]",[1],1.5080826711396584,0.3108893742867458,4.5934441925418135,24480787.93657622,3.0,,,,,,,,,,,,,,,,,,,,,,,,,,,,,
p3d_development__x0p2__task6__init44__rollout0,development,libero_object_temp,x0.2,6,44,0,57448615,x0.2|task6|init44,pick up the butter and place it in the basket,replication,workspace_calibrated,9e08edb66d45e6a309fbaad7e7090032e7f35137c353eacc2ec7b66a5dfd02cd,0.0,0,0,1,,butter,148.0,59.0,0.027741250955745533,-0.23817134566116863,0.027390554547309875,0.0856306868354941,0.32291008907073143,24.76098132133484,0,workspace_calibrated,True,1,187,15,1.0,0,0,0,success,success,-1,True,False,False,-1,,butter_1,butter_1,False,-1,,False,-1,,False,-1,False,0.0,1.0,187,107,0.30107220598331735,"[[""in"", ""butter_1"", ""basket_1_contain_region""]]",[1],1.5080826711396584,0.3108893742867458,4.5934441925418135,24480787.93657622,3.0,True,True,True,False,True,0.07192940506467113,15.786628246307373,,,,,,,,,,,,,,,,,,,,,,
p3d_development__x0p2__task6__init44__rollout0,development,libero_object_temp,x0.2,6,44,0,57448615,x0.2|task6|init44,pick up the butter and place it in the basket,replication,workspace_retreat_only,9e08edb66d45e6a309fbaad7e7090032e7f35137c353eacc2ec7b66a5dfd02cd,0.0,0,0,1,,butter,148.0,59.0,0.027741250955745533,-0.23817134566116863,0.027390554547309875,0.0856306868354941,0.32291008907073143,24.76098132133484,0,workspace_calibrated,True,1,187,15,1.0,0,0,0,success,success,-1,True,False,False,-1,,butter_1,butter_1,False,-1,,False,-1,,False,-1,False,0.0,1.0,187,107,0.30107220598331735,"[[""in"", ""butter_1"", ""basket_1_contain_region""]]",[1],1.5080826711396584,0.3108893742867458,4.5934441925418135,24480787.93657622,3.0,True,True,True,False,True,0.07192940506467113,15.786628246307373,,,,,,,,,,,,,,,,,,,,,,
p3d_development__x0p2__task9__init40__rollout0,development,libero_object_temp,x0.2,9,40,0,55694402,x0.2|task9|init40,pick up the orange juice and place it in the basket,replication,baseline_h8,492bfbf860653147d59ae6f8018bf1a7761a7588c088e2e2b8ef6846c4b90199,0.0,0,0,0,,orange juice,68.0,140.0,-0.43351337266713874,0.054285520729800654,0.14117282629013062,0.010924976789431922,0.6891051814395319,12.06200122833252,0,baseline,True,0,280,26,0.0,0,0,0,kinematic_deadlock_candidate,kinematic_deadlock_candidate,280,False,False,False,-1,,orange_juice_1,orange_juice_1,False,-1,,False,-1,,False,-1,True,0.0,0.0,-1,-1,0.006315466232699629,"[[""in"", ""orange_juice_1"", ""basket_1_contain_region""]]",[0],1.3803921963663817,0.25979478871913436,4.096324533317049,240735779.57725978,0.0,,,,,,,,,,,,,,,,,,,,,,,,,,,,,
p3d_development__x0p2__task9__init40__rollout0,development,libero_object_temp,x0.2,9,40,0,55694402,x0.2|task9|init40,pick up the orange juice and place it in the basket,replication,workspace_calibrated,492bfbf860653147d59ae6f8018bf1a7761a7588c088e2e2b8ef6846c4b90199,0.0,0,0,1,,orange juice,68.0,140.0,-0.43351337266713874,0.054285520729800654,0.14117282629013062,0.010924976789431922,0.6891051814395319,12.06200122833252,0,workspace_calibrated,True,0,280,26,0.0,0,0,0,kinematic_deadlock_candidate,kinematic_deadlock_candidate,280,False,False,False,-1,,orange_juice_1,orange_juice_1,False,-1,,False,-1,,False,-1,True,0.0,0.0,-1,-1,0.006315466232699629,"[[""in"", ""orange_juice_1"", ""basket_1_contain_region""]]",[0],1.3803921963663817,0.25979478871913436,4.096324533317049,240735779.57725978,0.0,True,False,False,True,True,0.44979491772882874,25.13310718536377,,,,,,,,,,,,,,,,,,,,,,
p3d_development__x0p2__task9__init40__rollout0,development,libero_object_temp,x0.2,9,40,0,55694402,x0.2|task9|init40,pick up the orange juice and place it in the basket,replication,workspace_retreat_only,492bfbf860653147d59ae6f8018bf1a7761a7588c088e2e2b8ef6846c4b90199,0.0,0,0,1,,orange juice,68.0,140.0,-0.43351337266713874,0.054285520729800654,0.14117282629013062,0.010924976789431922,0.6891051814395319,12.06200122833252,0,workspace_calibrated,True,0,280,26,0.0,0,0,0,kinematic_deadlock_candidate,kinematic_deadlock_candidate,280,False,False,False,-1,,orange_juice_1,orange_juice_1,False,-1,,False,-1,,False,-1,True,0.0,0.0,-1,-1,0.006315466232699629,"[[""in"", ""orange_juice_1"", ""basket_1_contain_region""]]",[0],1.3803921963663817,0.25979478871913436,4.096324533317049,240735779.57725978,0.0,True,False,False,True,True,0.44979491772882874,25.13310718536377,,,,,,,,,,,,,,,,,,,,,,
p3d_development__x0p2__task9__init41__rollout0,development,libero_object_temp,x0.2,9,41,0,57676680,x0.2|task9|init41,pick up the orange juice and place it in the basket,replication,baseline_h8,42628f753e4fc949d84b02482835dfbc5f5bf7418b7c19cb3b9ed08f52e0c5f5,0.0,0,0,0,,orange juice,68.0,140.0,-0.16333165985032716,0.0432585933547284,0.2445310354232788,0.08349393632948192,0.36265788189768355,31.56875228881836,0,baseline,True,0,280,26,0.0,0,0,0,kinematic_deadlock_candidate,kinematic_deadlock_candidate,280,False,False,False,-1,,orange_juice_1,orange_juice_1,False,-1,,False,-1,,False,-1,True,0.0,0.0,-1,53,0.19570161819213622,"[[""in"", ""orange_juice_1"", ""basket_1_contain_region""]]",[0],1.089428025780522,0.31347250490533884,3.5956403700665684,206212450.16118786,0.0,,,,,,,,,,,,,,,,,,,,,,,,,,,,,
p3d_development__x0p2__task9__init41__rollout0,development,libero_object_temp,x0.2,9,41,0,57676680,x0.2|task9|init41,pick up the orange juice and place it in the basket,replication,workspace_calibrated,42628f753e4fc949d84b02482835dfbc5f5bf7418b7c19cb3b9ed08f52e0c5f5,0.0,0,0,1,,orange juice,68.0,140.0,-0.16333165985032716,0.0432585933547284,0.2445310354232788,0.08349393632948192,0.36265788189768355,31.56875228881836,0,workspace_calibrated,True,0,280,26,0.0,0,0,0,kinematic_deadlock_candidate,kinematic_deadlock_candidate,280,False,False,False,-1,,orange_juice_1,orange_juice_1,False,-1,,False,-1,,False,-1,True,0.0,0.0,-1,53,0.19570161819213622,"[[""in"", ""orange_juice_1"", ""basket_1_contain_region""]]",[0],1.089428025780522,0.31347250490533884,3.5956403700665684,206212450.16118786,0.0,True,True,False,True,True,0.1270323973073795,25.13310718536377,,,,,,,,,,,,,,,,,,,,,,
p3d_development__x0p2__task9__init41__rollout0,development,libero_object_temp,x0.2,9,41,0,57676680,x0.2|task9|init41,pick up the orange juice and place it in the basket,replication,workspace_retreat_only,42628f753e4fc949d84b02482835dfbc5f5bf7418b7c19cb3b9ed08f52e0c5f5,0.0,0,0,1,,orange juice,68.0,140.0,-0.16333165985032716,0.0432585933547284,0.2445310354232788,0.08349393632948192,0.36265788189768355,31.56875228881836,0,workspace_calibrated,True,0,280,26,0.0,0,0,0,kinematic_deadlock_candidate,kinematic_deadlock_candidate,280,False,False,False,-1,,orange_juice_1,orange_juice_1,False,-1,,False,-1,,False,-1,True,0.0,0.0,-1,53,0.19570161819213622,"[[""in"", ""orange_juice_1"", ""basket_1_contain_region""]]",[0],1.089428025780522,0.31347250490533884,3.5956403700665684,206212450.16118786,0.0,True,True,False,True,True,0.1270323973073795,25.13310718536377,,,,,,,,,,,,,,,,,,,,,,
p3d_development__x0p2__task9__init42__rollout0,development,libero_object_temp,x0.2,9,42,0,56437654,x0.2|task9|init42,pick up the orange juice and place it in the basket,replication,baseline_h8,d16ec3f6f8d001ba9b2e3f49a36c551ec60de3fab059d17e83bc8a5e5c36a1c3,0.0,0,0,0,,orange juice,68.0,140.0,-0.16506456171718487,0.04332931828586733,0.24386811256408686,0.09335763250291956,0.3485551110446519,31.18328821659088,0,baseline,True,0,280,26,0.0,0,0,0,timeout_no_goal,timeout_no_goal,280,False,False,False,-1,,orange_juice_1,orange_juice_1,False,-1,,False,-1,,False,-1,False,0.0,0.0,-1,53,0.19260858891674482,"[[""in"", ""orange_juice_1"", ""basket_1_contain_region""]]",[0],1.0906384380774579,0.314942235521965,3.7120178465202174,222062958.8473533,0.0,,,,,,,,,,,,,,,,,,,,,,,,,,,,,
p3d_development__x0p2__task9__init42__rollout0,development,libero_object_temp,x0.2,9,42,0,56437654,x0.2|task9|init42,pick up the orange juice and place it in the basket,replication,workspace_calibrated,d16ec3f6f8d001ba9b2e3f49a36c551ec60de3fab059d17e83bc8a5e5c36a1c3,0.0,0,0,1,,orange juice,68.0,140.0,-0.16506456171718487,0.04332931828586733,0.24386811256408686,0.09335763250291956,0.3485551110446519,31.18328821659088,0,workspace_calibrated,True,0,280,26,0.0,0,0,0,timeout_no_goal,timeout_no_goal,280,False,False,False,-1,,orange_juice_1,orange_juice_1,False,-1,,False,-1,,False,-1,False,0.0,0.0,-1,53,0.19260858891674482,"[[""in"", ""orange_juice_1"", ""basket_1_contain_region""]]",[0],1.0906384380774579,0.314942235521965,3.7120178465202174,222062958.8473533,0.0,True,True,False,True,True,0.12450201866045518,25.13310718536377,,,,,,,,,,,,,,,,,,,,,,
p3d_development__x0p2__task9__init42__rollout0,development,libero_object_temp,x0.2,9,42,0,56437654,x0.2|task9|init42,pick up the orange juice and place it in the basket,replication,workspace_retreat_only,d16ec3f6f8d001ba9b2e3f49a36c551ec60de3fab059d17e83bc8a5e5c36a1c3,0.0,0,0,1,,orange juice,68.0,140.0,-0.16506456171718487,0.04332931828586733,0.24386811256408686,0.09335763250291956,0.3485551110446519,31.18328821659088,0,workspace_calibrated,True,0,280,26,0.0,0,0,0,timeout_no_goal,timeout_no_goal,280,False,False,False,-1,,orange_juice_1,orange_juice_1,False,-1,,False,-1,,False,-1,False,0.0,0.0,-1,53,0.19260858891674482,"[[""in"", ""orange_juice_1"", ""basket_1_contain_region""]]",[0],1.0906384380774579,0.314942235521965,3.7120178465202174,222062958.8473533,0.0,True,True,False,True,True,0.12450201866045518,25.13310718536377,,,,,,,,,,,,,,,,,,,,,,
p3d_development__x0p2__task9__init43__rollout0,development,libero_object_temp,x0.2,9,43,0,59888780,x0.2|task9|init43,pick up the orange juice and place it in the basket,replication,baseline_h8,a2fcb9fac1328cb542db8cd0670608020715cdaabb3fd33a3083d768ad927f19,0.0,0,0,0,,orange juice,68.0,140.0,-0.447083901380376,0.05483937477492494,0.13598141074180603,0.00880286630433832,0.7853731593014186,10.077369213104248,0,baseline,True,0,280,26,0.0,0,0,0,timeout_no_goal,timeout_no_goal,280,False,False,False,-1,,orange_juice_1,orange_juice_1,False,-1,,False,-1,,False,-1,False,0.0,0.0,-1,-1,0.008652378380409068,"[[""in"", ""orange_juice_1"", ""basket_1_contain_region""]]",[0],1.4208415574579933,0.2803295961302363,4.983434673222193,293062878.8408937,0.0,,,,,,,,,,,,,,,,,,,,,,,,,,,,,
p3d_development__x0p2__task9__init43__rollout0,development,libero_object_temp,x0.2,9,43,0,59888780,x0.2|task9|init43,pick up the orange juice and place it in the basket,replication,workspace_calibrated,a2fcb9fac1328cb542db8cd0670608020715cdaabb3fd33a3083d768ad927f19,0.0,0,0,1,,orange juice,68.0,140.0,-0.447083901380376,0.05483937477492494,0.13598141074180603,0.00880286630433832,0.7853731593014186,10.077369213104248,0,workspace_calibrated,True,0,280,26,0.0,0,0,0,timeout_no_goal,timeout_no_goal,280,False,False,False,-1,,orange_juice_1,orange_juice_1,False,-1,,False,-1,,False,-1,False,0.0,0.0,-1,-1,0.008652378380409068,"[[""in"", ""orange_juice_1"", ""basket_1_contain_region""]]",[0],1.4208415574579933,0.2803295961302363,4.983434673222193,293062878.8408937,0.0,True,False,False,True,True,0.4625565040114598,25.13310718536377,,,,,,,,,,,,,,,,,,,,,,
p3d_development__x0p2__task9__init43__rollout0,development,libero_object_temp,x0.2,9,43,0,59888780,x0.2|task9|init43,pick up the orange juice and place it in the basket,replication,workspace_retreat_only,a2fcb9fac1328cb542db8cd0670608020715cdaabb3fd33a3083d768ad927f19,0.0,0,0,1,,orange juice,68.0,140.0,-0.447083901380376,0.05483937477492494,0.13598141074180603,0.00880286630433832,0.7853731593014186,10.077369213104248,0,workspace_calibrated,True,0,280,26,0.0,0,0,0,timeout_no_goal,timeout_no_goal,280,False,False,False,-1,,orange_juice_1,orange_juice_1,False,-1,,False,-1,,False,-1,False,0.0,0.0,-1,-1,0.008652378380409068,"[[""in"", ""orange_juice_1"", ""basket_1_contain_region""]]",[0],1.4208415574579933,0.2803295961302363,4.983434673222193,293062878.8408937,0.0,True,False,False,True,True,0.4625565040114598,25.13310718536377,,,,,,,,,,,,,,,,,,,,,,
p3d_development__x0p2__task9__init44__rollout0,development,libero_object_temp,x0.2,9,44,0,52039151,x0.2|task9|init44,pick up the orange juice and place it in the basket,replication,baseline_h8,813b0fbfd97e767d36ff0a6ea6ed580438ee348cacbbe7f256715e31765f43b5,0.0,0,0,0,,orange juice,68.0,147.0,-0.4197685358336134,0.08506493522557845,0.14643093943595886,0.016711540000271172,0.5733734643653816,11.961757183074951,0,baseline,True,0,280,26,0.0,0,1,0,wrong_object_interaction_candidate,wrong_object_interaction_candidate,194,False,False,False,-1,,orange_juice_1,orange_juice_1,False,-1,,False,-1,,True,194,False,0.0,0.0,-1,-1,0.00661856099502732,"[[""in"", ""orange_juice_1"", ""basket_1_contain_region""]]",[0],1.8178900314833322,0.32756567858184527,5.475557085910935,196732407.56002527,-0.5,,,,,,,,,,,,,,,,,,,,,,,,,,,,,
p3d_development__x0p2__task9__init44__rollout0,development,libero_object_temp,x0.2,9,44,0,52039151,x0.2|task9|init44,pick up the orange juice and place it in the basket,replication,workspace_calibrated,813b0fbfd97e767d36ff0a6ea6ed580438ee348cacbbe7f256715e31765f43b5,0.0,0,0,1,,orange juice,68.0,147.0,-0.4197685358336134,0.08506493522557845,0.14643093943595886,0.016711540000271172,0.5733734643653816,11.961757183074951,0,workspace_calibrated,True,0,280,26,0.0,0,1,0,wrong_object_interaction_candidate,wrong_object_interaction_candidate,194,False,False,False,-1,,orange_juice_1,orange_juice_1,False,-1,,False,-1,,True,194,False,0.0,0.0,-1,-1,0.00661856099502732,"[[""in"", ""orange_juice_1"", ""basket_1_contain_region""]]",[0],1.8178900314833322,0.32756567858184527,5.475557085910935,196732407.56002527,-0.5,True,False,False,True,True,0.4413262673376078,25.13310718536377,,,,,,,,,,,,,,,,,,,,,,
p3d_development__x0p2__task9__init44__rollout0,development,libero_object_temp,x0.2,9,44,0,52039151,x0.2|task9|init44,pick up the orange juice and place it in the basket,replication,workspace_retreat_only,813b0fbfd97e767d36ff0a6ea6ed580438ee348cacbbe7f256715e31765f43b5,0.0,0,0,1,,orange juice,68.0,147.0,-0.4197685358336134,0.08506493522557845,0.14643093943595886,0.016711540000271172,0.5733734643653816,11.961757183074951,0,workspace_calibrated,True,0,280,26,0.0,0,1,0,wrong_object_interaction_candidate,wrong_object_interaction_candidate,194,False,False,False,-1,,orange_juice_1,orange_juice_1,False,-1,,False,-1,,True,194,False,0.0,0.0,-1,-1,0.00661856099502732,"[[""in"", ""orange_juice_1"", ""basket_1_contain_region""]]",[0],1.8178900314833322,0.32756567858184527,5.475557085910935,196732407.56002527,-0.5,True,False,False,True,True,0.4413262673376078,25.13310718536377,,,,,,,,,,,,,,,,,,,,,,
p3d_development__y0p1__task4__init40__rollout0,development,libero_object_temp,y0.1,4,40,0,59896231,y0.1|task4|init40,pick up the ketchup and place it in the basket,novel_cell,baseline_h8,ccae5c1cddbac280ab5decd37d2edf8d84b0c73adab64dbf329879f9a16f8598,0.0,0,0,0,,ketchup,115.0,83.0,0.11131718621166131,-0.13128661363221192,0.20547789335250854,0.3948725522658945,0.19860142913074577,42.25708341598511,0,baseline,True,1,172,13,1.0,0,0,0,success,success,-1,True,False,False,-1,,ketchup_1,ketchup_1,False,-1,,False,-1,,False,-1,False,0.0,1.0,172,107,0.17145766442125204,"[[""in"", ""ketchup_1"", ""basket_1_contain_region""]]",[1],1.195176763499893,0.2979203785987209,3.6747193347069023,9787724.781878175,3.0,,,,,,,,,,,,,,,,,,,,,,,,,,,,,
p3d_development__y0p1__task4__init40__rollout0,development,libero_object_temp,y0.1,4,40,0,59896231,y0.1|task4|init40,pick up the ketchup and place it in the basket,novel_cell,workspace_calibrated,ccae5c1cddbac280ab5decd37d2edf8d84b0c73adab64dbf329879f9a16f8598,0.0,0,0,1,,ketchup,115.0,83.0,0.11131718621166131,-0.13128661363221192,0.20547789335250854,0.3948725522658945,0.19860142913074577,42.25708341598511,0,workspace_calibrated,True,1,172,13,1.0,0,0,0,success,success,-1,True,False,False,-1,,ketchup_1,ketchup_1,False,-1,,False,-1,,False,-1,False,0.0,1.0,172,107,0.17145766442125204,"[[""in"", ""ketchup_1"", ""basket_1_contain_region""]]",[1],1.195176763499893,0.2979203785987209,3.6747193347069023,9787724.781878175,3.0,True,True,False,True,True,0.21361900178051818,7.541533684730529,,,,,,,,,,,,,,,,,,,,,,
p3d_development__y0p1__task4__init40__rollout0,development,libero_object_temp,y0.1,4,40,0,59896231,y0.1|task4|init40,pick up the ketchup and place it in the basket,novel_cell,workspace_retreat_only,ccae5c1cddbac280ab5decd37d2edf8d84b0c73adab64dbf329879f9a16f8598,0.0,0,0,1,,ketchup,115.0,83.0,0.11131718621166131,-0.13128661363221192,0.20547789335250854,0.3948725522658945,0.19860142913074577,42.25708341598511,0,workspace_calibrated,True,1,172,13,1.0,0,0,0,success,success,-1,True,False,False,-1,,ketchup_1,ketchup_1,False,-1,,False,-1,,False,-1,False,0.0,1.0,172,107,0.17145766442125204,"[[""in"", ""ketchup_1"", ""basket_1_contain_region""]]",[1],1.195176763499893,0.2979203785987209,3.6747193347069023,9787724.781878175,3.0,True,True,False,True,True,0.21361900178051818,7.541533684730529,,,,,,,,,,,,,,,,,,,,,,
p3d_development__y0p1__task4__init41__rollout0,development,libero_object_temp,y0.1,4,41,0,57514845,y0.1|task4|init41,pick up the ketchup and place it in the basket,novel_cell,baseline_h8,65a9a6658628c7c88854bdca632b834b7ea47caa3362f7fdeccd99c746dd58a3,0.0,0,0,0,,ketchup,91.0,83.0,-0.052606534804468974,-0.1515476865223722,0.20547789335250854,0.05551346526895331,0.3971796876330557,23.82978993654251,0,baseline,True,1,128,7,1.0,0,0,0,success,success,-1,True,False,False,-1,,ketchup_1,ketchup_1,False,-1,,False,-1,,False,-1,False,0.0,1.0,128,67,0.1768566623780493,"[[""in"", ""ketchup_1"", ""basket_1_contain_region""]]",[1],1.0243196337559417,0.33523960876412356,2.589507524579342,1630207.5817350715,3.0,,,,,,,,,,,,,,,,,,,,,,,,,,,,,
p3d_development__y0p1__task4__init41__rollout0,development,libero_object_temp,y0.1,4,41,0,57514845,y0.1|task4|init41,pick up the ketchup and place it in the basket,novel_cell,workspace_calibrated,65a9a6658628c7c88854bdca632b834b7ea47caa3362f7fdeccd99c746dd58a3,0.0,0,0,1,,ketchup,91.0,83.0,-0.052606534804468974,-0.1515476865223722,0.20547789335250854,0.05551346526895331,0.3971796876330557,23.82978993654251,0,workspace_calibrated,True,1,128,7,1.0,0,0,0,success,success,-1,True,False,False,-1,,ketchup_1,ketchup_1,False,-1,,False,-1,,False,-1,False,0.0,1.0,128,67,0.1768566623780493,"[[""in"", ""ketchup_1"", ""basket_1_contain_region""]]",[1],1.0243196337559417,0.33523960876412356,2.589507524579342,1630207.5817350715,3.0,True,True,True,False,True,0.05764680890831747,7.541533684730529,,,,,,,,,,,,,,,,,,,,,,
p3d_development__y0p1__task4__init41__rollout0,development,libero_object_temp,y0.1,4,41,0,57514845,y0.1|task4|init41,pick up the ketchup and place it in the basket,novel_cell,workspace_retreat_only,65a9a6658628c7c88854bdca632b834b7ea47caa3362f7fdeccd99c746dd58a3,0.0,0,0,1,,ketchup,91.0,83.0,-0.052606534804468974,-0.1515476865223722,0.20547789335250854,0.05551346526895331,0.3971796876330557,23.82978993654251,0,workspace_calibrated,True,1,128,7,1.0,0,0,0,success,success,-1,True,False,False,-1,,ketchup_1,ketchup_1,False,-1,,False,-1,,False,-1,False,0.0,1.0,128,67,0.1768566623780493,"[[""in"", ""ketchup_1"", ""basket_1_contain_region""]]",[1],1.0243196337559417,0.33523960876412356,2.589507524579342,1630207.5817350715,3.0,True,True,True,False,True,0.05764680890831747,7.541533684730529,,,,,,,,,,,,,,,,,,,,,,
p3d_development__y0p1__task4__init42__rollout0,development,libero_object_temp,y0.1,4,42,0,53674667,y0.1|task4|init42,pick up the ketchup and place it in the basket,novel_cell,baseline_h8,c026931d1d4942b20dd5b0730617d0a8dcd71cad5a0833dcea55603d6f8ad200,0.0,0,0,0,,ketchup,83.0,83.0,-0.11910093921797471,-0.15976643586663128,0.20547789335250854,0.06992926342747575,0.36887732571950765,25.459036648273468,0,baseline,True,1,128,7,1.0,0,0,0,success,success,-1,True,False,False,-1,,ketchup_1,ketchup_1,False,-1,,False,-1,,False,-1,False,0.0,1.0,128,67,0.16624260959759074,"[[""in"", ""ketchup_1"", ""basket_1_contain_region""]]",[1],0.9723222973559011,0.29449205450789506,2.9814465362746274,1343126.7382196556,3.0,,,,,,,,,,,,,,,,,,,,,,,,,,,,,
p3d_development__y0p1__task4__init42__rollout0,development,libero_object_temp,y0.1,4,42,0,53674667,y0.1|task4|init42,pick up the ketchup and place it in the basket,novel_cell,workspace_calibrated,c026931d1d4942b20dd5b0730617d0a8dcd71cad5a0833dcea55603d6f8ad200,0.0,0,0,1,,ketchup,83.0,83.0,-0.11910093921797471,-0.15976643586663128,0.20547789335250854,0.06992926342747575,0.36887732571950765,25.459036648273468,0,workspace_calibrated,True,1,128,7,1.0,0,0,0,success,success,-1,True,False,False,-1,,ketchup_1,ketchup_1,False,-1,,False,-1,,False,-1,False,0.0,1.0,128,67,0.16624260959759074,"[[""in"", ""ketchup_1"", ""basket_1_contain_region""]]",[1],0.9723222973559011,0.29449205450789506,2.9814465362746274,1343126.7382196556,3.0,True,True,True,False,True,0.0308332368417266,7.541533684730529,,,,,,,,,,,,,,,,,,,,,,
p3d_development__y0p1__task4__init42__rollout0,development,libero_object_temp,y0.1,4,42,0,53674667,y0.1|task4|init42,pick up the ketchup and place it in the basket,novel_cell,workspace_retreat_only,c026931d1d4942b20dd5b0730617d0a8dcd71cad5a0833dcea55603d6f8ad200,0.0,0,0,1,,ketchup,83.0,83.0,-0.11910093921797471,-0.15976643586663128,0.20547789335250854,0.06992926342747575,0.36887732571950765,25.459036648273468,0,workspace_calibrated,True,1,128,7,1.0,0,0,0,success,success,-1,True,False,False,-1,,ketchup_1,ketchup_1,False,-1,,False,-1,,False,-1,False,0.0,1.0,128,67,0.16624260959759074,"[[""in"", ""ketchup_1"", ""basket_1_contain_region""]]",[1],0.9723222973559011,0.29449205450789506,2.9814465362746274,1343126.7382196556,3.0,True,True,True,False,True,0.0308332368417266,7.541533684730529,,,,,,,,,,,,,,,,,,,,,,
p3d_development__y0p1__task4__init43__rollout0,development,libero_object_temp,y0.1,4,43,0,57640840,y0.1|task4|init43,pick up the ketchup and place it in the basket,novel_cell,baseline_h8,9641155ca2c16906abb96053a56d2225bc7eaa921f2ee20db192113f50515400,0.0,0,0,0,,ketchup,115.0,84.0,0.11131718196680429,-0.12836915318421738,0.20547789335250854,0.08631441618811714,0.3350270938969929,26.97507667541504,0,baseline,True,0,280,26,0.0,0,0,0,timeout_no_goal,timeout_no_goal,280,False,False,False,-1,,ketchup_1,ketchup_1,False,-1,,False,-1,,False,-1,False,0.0,0.0,-1,-1,0.001791082232466129,"[[""in"", ""ketchup_1"", ""basket_1_contain_region""]]",[0],1.3904886246170935,0.29680540660781907,4.767460230675325,254607312.76887012,0.0,,,,,,,,,,,,,,,,,,,,,,,,,,,,,
p3d_development__y0p1__task4__init43__rollout0,development,libero_object_temp,y0.1,4,43,0,57640840,y0.1|task4|init43,pick up the ketchup and place it in the basket,novel_cell,workspace_calibrated,9641155ca2c16906abb96053a56d2225bc7eaa921f2ee20db192113f50515400,0.0,0,0,1,,ketchup,115.0,84.0,0.11131718196680429,-0.12836915318421738,0.20547789335250854,0.08631441618811714,0.3350270938969929,26.97507667541504,0,workspace_calibrated,True,0,280,26,0.0,0,0,0,timeout_no_goal,timeout_no_goal,280,False,False,False,-1,,ketchup_1,ketchup_1,False,-1,,False,-1,,False,-1,False,0.0,0.0,-1,-1,0.001791082232466129,"[[""in"", ""ketchup_1"", ""basket_1_contain_region""]]",[0],1.3904886246170935,0.29680540660781907,4.767460230675325,254607312.76887012,0.0,True,True,False,True,True,0.26243082466131806,7.541533684730529,,,,,,,,,,,,,,,,,,,,,,
p3d_development__y0p1__task4__init43__rollout0,development,libero_object_temp,y0.1,4,43,0,57640840,y0.1|task4|init43,pick up the ketchup and place it in the basket,novel_cell,workspace_retreat_only,9641155ca2c16906abb96053a56d2225bc7eaa921f2ee20db192113f50515400,0.0,0,0,1,,ketchup,115.0,84.0,0.11131718196680429,-0.12836915318421738,0.20547789335250854,0.08631441618811714,0.3350270938969929,26.97507667541504,0,workspace_calibrated,True,0,280,26,0.0,0,0,0,timeout_no_goal,timeout_no_goal,280,False,False,False,-1,,ketchup_1,ketchup_1,False,-1,,False,-1,,False,-1,False,0.0,0.0,-1,-1,0.001791082232466129,"[[""in"", ""ketchup_1"", ""basket_1_contain_region""]]",[0],1.3904886246170935,0.29680540660781907,4.767460230675325,254607312.76887012,0.0,True,True,False,True,True,0.26243082466131806,7.541533684730529,,,,,,,,,,,,,,,,,,,,,,
p3d_development__y0p1__task4__init44__rollout0,development,libero_object_temp,y0.1,4,44,0,52288258,y0.1|task4|init44,pick up the ketchup and place it in the basket,novel_cell,baseline_h8,914bf047f0546ceef5f749e7ac6b2407cc494e76e86a5d60b4321619afbf50db,0.0,0,0,0,,ketchup,84.0,83.0,-0.11039737623485157,-0.15869067012075852,0.20547789335250854,0.05936427032295059,0.3774656225528869,28.59567105770111,0,baseline,True,1,129,8,1.0,0,0,0,success,success,-1,True,False,False,-1,,ketchup_1,ketchup_1,False,-1,,False,-1,,False,-1,False,0.0,1.0,129,67,0.17001226467444802,"[[""in"", ""ketchup_1"", ""basket_1_contain_region""]]",[1],0.9868472446550409,0.3113745812125015,2.917016924247689,1281773.1897885054,3.0,,,,,,,,,,,,,,,,,,,,,,,,,,,,,
p3d_development__y0p1__task4__init44__rollout0,development,libero_object_temp,y0.1,4,44,0,52288258,y0.1|task4|init44,pick up the ketchup and place it in the basket,novel_cell,workspace_calibrated,914bf047f0546ceef5f749e7ac6b2407cc494e76e86a5d60b4321619afbf50db,0.0,0,0,1,,ketchup,84.0,83.0,-0.11039737623485157,-0.15869067012075852,0.20547789335250854,0.05936427032295059,0.3774656225528869,28.59567105770111,0,workspace_calibrated,True,1,129,8,1.0,0,0,0,success,success,-1,True,False,False,-1,,ketchup_1,ketchup_1,False,-1,,False,-1,,False,-1,False,0.0,1.0,129,67,0.17001226467444802,"[[""in"", ""ketchup_1"", ""basket_1_contain_region""]]",[1],0.9868472446550409,0.3113745812125015,2.917016924247689,1281773.1897885054,3.0,True,True,True,False,True,0.026843556356435896,7.541533684730529,,,,,,,,,,,,,,,,,,,,,,
p3d_development__y0p1__task4__init44__rollout0,development,libero_object_temp,y0.1,4,44,0,52288258,y0.1|task4|init44,pick up the ketchup and place it in the basket,novel_cell,workspace_retreat_only,914bf047f0546ceef5f749e7ac6b2407cc494e76e86a5d60b4321619afbf50db,0.0,0,0,1,,ketchup,84.0,83.0,-0.11039737623485157,-0.15869067012075852,0.20547789335250854,0.05936427032295059,0.3774656225528869,28.59567105770111,0,workspace_calibrated,True,1,129,8,1.0,0,0,0,success,success,-1,True,False,False,-1,,ketchup_1,ketchup_1,False,-1,,False,-1,,False,-1,False,0.0,1.0,129,67,0.17001226467444802,"[[""in"", ""ketchup_1"", ""basket_1_contain_region""]]",[1],0.9868472446550409,0.3113745812125015,2.917016924247689,1281773.1897885054,3.0,True,True,True,False,True,0.026843556356435896,7.541533684730529,,,,,,,,,,,,,,,,,,,,,,
p3d_development__y0p1__task6__init40__rollout0,development,libero_object_temp,y0.1,6,40,0,57597821,y0.1|task6|init40,pick up the butter and place it in the basket,novel_cell,baseline_h8,7875420cfb6db102e5c42b30de9285a3e79daca3fc12052f7431bb65a96bf156,0.0,0,0,0,,butter,124.0,83.0,-0.12193847936170354,-0.17334940399513646,0.03363199532032013,0.032131505012027856,0.4507405007258142,20.63301372528076,0,baseline,True,0,280,26,0.0,0,0,0,timeout_no_goal,timeout_no_goal,280,False,False,False,-1,,butter_1,butter_1,False,-1,,False,-1,,False,-1,False,0.0,0.0,-1,-1,0.028520686280144904,"[[""in"", ""butter_1"", ""basket_1_contain_region""]]",[0],1.8228710170508524,0.29924720328390014,8.226566742463723,483539448.04491776,0.0,,,,,,,,,,,,,,,,,,,,,,,,,,,,,
p3d_development__y0p1__task6__init40__rollout0,development,libero_object_temp,y0.1,6,40,0,57597821,y0.1|task6|init40,pick up the butter and place it in the basket,novel_cell,workspace_calibrated,7875420cfb6db102e5c42b30de9285a3e79daca3fc12052f7431bb65a96bf156,0.0,24,1,0,,butter,124.0,83.0,-0.12193847936170354,-0.17334940399513646,0.03363199532032013,0.032131505012027856,0.4507405007258142,20.63301372528076,1,workspace_calibrated,True,0,280,23,0.0,1,0,0,target_drop_candidate,target_drop_candidate,147,False,False,False,-1,,butter_1,butter_1,True,147,butter_1,False,-1,,False,-1,False,0.0,0.0,-1,129,0.1895008637305124,"[[""in"", ""butter_1"", ""basket_1_contain_region""]]",[0],2.101235692871199,0.3226111284429107,8.17074478020855,399223439.5790016,-1.0,True,True,True,True,True,0.09479684749100205,15.786628246307373,True,True,butter,131.0,83.0,-0.08823092418861611,-0.1699921688701075,0.02312507852911949,0.03757965168080605,0.4082783425914559,27.489563941955566,True,workspace_calibrated,True,True,True,True,True,True,0.12371708234015676,15.786628246307373,True
p3d_development__y0p1__task6__init40__rollout0,development,libero_object_temp,y0.1,6,40,0,57597821,y0.1|task6|init40,pick up the butter and place it in the basket,novel_cell,workspace_retreat_only,7875420cfb6db102e5c42b30de9285a3e79daca3fc12052f7431bb65a96bf156,0.0,3,1,0,,butter,124.0,83.0,-0.12193847936170354,-0.17334940399513646,0.03363199532032013,0.032131505012027856,0.4507405007258142,20.63301372528076,1,workspace_calibrated,True,1,239,21,1.0,0,0,0,success,success,-1,True,False,False,-1,,butter_1,butter_1,False,-1,,False,-1,,False,-1,False,0.0,1.0,239,167,0.26265590540260764,"[[""in"", ""butter_1"", ""basket_1_contain_region""]]",[1],1.8998249529148294,0.3265760644050013,6.271386918376328,94109897.13582283,3.0,True,True,True,True,True,0.09479684749100205,15.786628246307373,True,False,butter,131.0,83.0,-0.08823092418861611,-0.1699921688701075,0.02312507852911949,0.03757965168080605,0.4082783425914559,27.489563941955566,True,workspace_calibrated,True,True,True,True,True,True,0.12371708234015676,15.786628246307373,True
p3d_development__y0p1__task6__init41__rollout0,development,libero_object_temp,y0.1,6,41,0,53779538,y0.1|task6|init41,pick up the butter and place it in the basket,novel_cell,baseline_h8,16ca1f4e53c5fcf11fd4ed30bf66b8fc964057c02e16cad43968c1ef96d18536,0.0,0,0,0,,butter,131.0,83.0,-0.07965026634831451,-0.1685110185604006,0.02858705446124077,0.16210514253612643,0.25658709757331494,47.329660415649414,0,baseline,True,1,175,13,1.0,0,0,0,success,success,-1,True,False,False,-1,,butter_1,butter_1,False,-1,,False,-1,,False,-1,False,0.0,1.0,175,102,0.26607702248376297,"[[""in"", ""butter_1"", ""basket_1_contain_region""]]",[1],1.4344033296542384,0.29273761752365696,4.34939657307273,12813293.423418973,3.0,,,,,,,,,,,,,,,,,,,,,,,,,,,,,
p3d_development__y0p1__task6__init41__rollout0,development,libero_object_temp,y0.1,6,41,0,53779538,y0.1|task6|init41,pick up the butter and place it in the basket,novel_cell,workspace_calibrated,16ca1f4e53c5fcf11fd4ed30bf66b8fc964057c02e16cad43968c1ef96d18536,0.0,0,0,1,,butter,131.0,83.0,-0.07965026634831451,-0.1685110185604006,0.02858705446124077,0.16210514253612643,0.25658709757331494,47.329660415649414,0,workspace_calibrated,True,1,175,13,1.0,0,0,0,success,success,-1,True,False,False,-1,,butter_1,butter_1,False,-1,,False,-1,,False,-1,False,0.0,1.0,175,102,0.26607702248376297,"[[""in"", ""butter_1"", ""basket_1_contain_region""]]",[1],1.4344033296542384,0.29273761752365696,4.34939657307273,12813293.423418973,3.0,True,True,True,False,True,0.07770161011378232,15.786628246307373,,,,,,,,,,,,,,,,,,,,,,
p3d_development__y0p1__task6__init41__rollout0,development,libero_object_temp,y0.1,6,41,0,53779538,y0.1|task6|init41,pick up the butter and place it in the basket,novel_cell,workspace_retreat_only,16ca1f4e53c5fcf11fd4ed30bf66b8fc964057c02e16cad43968c1ef96d18536,0.0,0,0,1,,butter,131.0,83.0,-0.07965026634831451,-0.1685110185604006,0.02858705446124077,0.16210514253612643,0.25658709757331494,47.329660415649414,0,workspace_calibrated,True,1,175,13,1.0,0,0,0,success,success,-1,True,False,False,-1,,butter_1,butter_1,False,-1,,False,-1,,False,-1,False,0.0,1.0,175,102,0.26607702248376297,"[[""in"", ""butter_1"", ""basket_1_contain_region""]]",[1],1.4344033296542384,0.29273761752365696,4.34939657307273,12813293.423418973,3.0,True,True,True,False,True,0.07770161011378232,15.786628246307373,,,,,,,,,,,,,,,,,,,,,,
p3d_development__y0p1__task6__init42__rollout0,development,libero_object_temp,y0.1,6,42,0,50247199,y0.1|task6|init42,pick up the butter and place it in the basket,novel_cell,baseline_h8,4d6ad62104e91d355e03586caa1275efe7212f8f831492a21aeab75a70b5d670,0.0,0,0,0,,butter,131.0,83.0,-0.09459372542360955,-0.17109048384725883,0.01907486841082573,0.17836886980921304,0.2696393831079269,46.24644660949707,0,baseline,True,1,252,23,1.0,0,0,0,success,success,-1,True,False,False,-1,,butter_1,butter_1,False,-1,,False,-1,,False,-1,False,0.0,1.0,252,186,0.26616821621151415,"[[""in"", ""butter_1"", ""basket_1_contain_region""]]",[1],1.892481311029763,0.33553689601913006,4.958475776309806,90258420.43424353,3.0,,,,,,,,,,,,,,,,,,,,,,,,,,,,,
p3d_development__y0p1__task6__init42__rollout0,development,libero_object_temp,y0.1,6,42,0,50247199,y0.1|task6|init42,pick up the butter and place it in the basket,novel_cell,workspace_calibrated,4d6ad62104e91d355e03586caa1275efe7212f8f831492a21aeab75a70b5d670,0.0,24,1,0,,butter,131.0,83.0,-0.09459372542360955,-0.17109048384725883,0.01907486841082573,0.17836886980921304,0.2696393831079269,46.24644660949707,1,workspace_calibrated,True,1,191,12,1.0,0,0,0,success,success,-1,True,False,False,-1,,butter_1,butter_1,False,-1,,False,-1,,False,-1,False,0.0,1.0,191,126,0.2588773496550743,"[[""in"", ""butter_1"", ""basket_1_contain_region""]]",[1],1.612903450503902,0.34319957247091104,6.8535548803472714,58182323.11071635,3.0,True,True,True,True,True,0.1029501221485574,15.786628246307373,True,True,butter,131.0,83.0,-0.09811959586385754,-0.17169910199656102,0.01683049276471138,0.3544927022410334,0.20864283327297203,56.13947105407715,True,workspace_calibrated,True,True,True,True,True,True,0.1331964323409469,15.786628246307373,True
p3d_development__y0p1__task6__init42__rollout0,development,libero_object_temp,y0.1,6,42,0,50247199,y0.1|task6|init42,pick up the butter and place it in the basket,novel_cell,workspace_retreat_only,4d6ad62104e91d355e03586caa1275efe7212f8f831492a21aeab75a70b5d670,0.0,3,1,0,,butter,131.0,83.0,-0.09459372542360955,-0.17109048384725883,0.01907486841082573,0.17836886980921304,0.2696393831079269,46.24644660949707,1,workspace_calibrated,True,1,212,18,1.0,0,0,0,success,success,-1,True,False,False,-1,,butter_1,butter_1,False,-1,,False,-1,,False,-1,False,0.0,1.0,212,148,0.25995882410570686,"[[""in"", ""butter_1"", ""basket_1_contain_region""]]",[1],1.717760745795085,0.34583303589424885,5.248162255458642,46546553.811478905,3.0,True,True,True,True,True,0.1029501221485574,15.786628246307373,True,False,butter,131.0,83.0,-0.09811959586385754,-0.17169910199656102,0.01683049276471138,0.3544927022410334,0.20864283327297203,56.13947105407715,True,workspace_calibrated,True,True,True,True,True,True,0.1331964323409469,15.786628246307373,True
p3d_development__y0p1__task6__init43__rollout0,development,libero_object_temp,y0.1,6,43,0,51621084,y0.1|task6|init43,pick up the butter and place it in the basket,novel_cell,baseline_h8,2cee13169e07e42dbd448e37c4c047e56bc9cad27a2b74a4c359d17240e87cc7,0.0,0,0,0,,butter,131.0,83.0,-0.07663448747706081,-0.16799044987064524,0.030506733804941177,0.17818791596821487,0.25005175861722867,48.9736852645874,0,baseline,True,1,175,13,1.0,0,0,0,success,success,-1,True,False,False,-1,,butter_1,butter_1,False,-1,,False,-1,,False,-1,False,0.0,1.0,175,102,0.27044520664715604,"[[""in"", ""butter_1"", ""basket_1_contain_region""]]",[1],1.4591439054773856,0.31222240947481655,4.774090700448058,18287244.7232813,3.0,,,,,,,,,,,,,,,,,,,,,,,,,,,,,
p3d_development__y0p1__task6__init43__rollout0,development,libero_object_temp,y0.1,6,43,0,51621084,y0.1|task6|init43,pick up the butter and place it in the basket,novel_cell,workspace_calibrated,2cee13169e07e42dbd448e37c4c047e56bc9cad27a2b74a4c359d17240e87cc7,0.0,22,1,0,,butter,131.0,83.0,-0.07663448747706081,-0.16799044987064524,0.030506733804941177,0.17818791596821487,0.25005175861722867,48.9736852645874,1,workspace_calibrated,True,1,190,12,1.0,0,0,0,success,success,-1,True,False,False,-1,,butter_1,butter_1,False,-1,,False,-1,,False,-1,False,0.0,1.0,190,124,0.280053030304481,"[[""in"", ""butter_1"", ""basket_1_contain_region""]]",[1],1.5975242280093127,0.3193405169894751,7.75086379960938,63794918.10117593,3.0,True,True,True,True,True,0.08369642306263336,15.786628246307373,True,True,butter,131.0,83.0,-0.08649690547196143,-0.16969285121789351,0.024228859692811966,0.3078974125088459,0.21013589520216672,58.57298278808594,True,workspace_calibrated,True,True,True,True,True,True,0.11577749092733401,15.786628246307373,True
p3d_development__y0p1__task6__init43__rollout0,development,libero_object_temp,y0.1,6,43,0,51621084,y0.1|task6|init43,pick up the butter and place it in the basket,novel_cell,workspace_retreat_only,2cee13169e07e42dbd448e37c4c047e56bc9cad27a2b74a4c359d17240e87cc7,0.0,3,1,0,,butter,131.0,83.0,-0.07663448747706081,-0.16799044987064524,0.030506733804941177,0.17818791596821487,0.25005175861722867,48.9736852645874,1,workspace_calibrated,True,1,178,13,1.0,0,0,0,success,success,-1,True,False,False,-1,,butter_1,butter_1,False,-1,,False,-1,,False,-1,False,0.0,1.0,178,105,0.27400975784179993,"[[""in"", ""butter_1"", ""basket_1_contain_region""]]",[1],1.5113126295437147,0.3098748013914074,5.745085082781923,32747476.275770362,3.0,True,True,True,True,True,0.08369642306263336,15.786628246307373,True,False,butter,131.0,83.0,-0.08649690547196143,-0.16969285121789351,0.024228859692811966,0.3078974125088459,0.21013589520216672,58.57298278808594,True,workspace_calibrated,True,True,True,True,True,True,0.11577749092733401,15.786628246307373,True
p3d_development__y0p1__task6__init44__rollout0,development,libero_object_temp,y0.1,6,44,0,56988737,y0.1|task6|init44,pick up the butter and place it in the basket,novel_cell,baseline_h8,364b47e8bebc7d5a94e49b7da44128e170547ec1d88d5592744a413960bea4ab,0.0,0,0,0,,butter,131.0,83.0,-0.07989465498793868,-0.16855320370704147,0.028431490063667297,0.13011308242951136,0.26095295131978374,41.59279203414917,0,baseline,True,0,280,26,0.0,0,0,0,timeout_no_goal,timeout_no_goal,280,False,False,False,-1,,butter_1,butter_1,False,-1,,False,-1,,False,-1,False,0.0,0.0,-1,230,0.28441687983386116,"[[""in"", ""butter_1"", ""basket_1_contain_region""]]",[0],1.8899729571313932,0.26493888825206935,4.840577694385536,130200827.97796027,0.0,,,,,,,,,,,,,,,,,,,,,,,,,,,,,
p3d_development__y0p1__task6__init44__rollout0,development,libero_object_temp,y0.1,6,44,0,56988737,y0.1|task6|init44,pick up the butter and place it in the basket,novel_cell,workspace_calibrated,364b47e8bebc7d5a94e49b7da44128e170547ec1d88d5592744a413960bea4ab,0.0,23,1,0,,butter,131.0,83.0,-0.07989465498793868,-0.16855320370704147,0.028431490063667297,0.13011308242951136,0.26095295131978374,41.59279203414917,1,workspace_calibrated,True,1,190,12,1.0,0,0,0,success,success,-1,True,False,False,-1,,butter_1,butter_1,False,-1,,False,-1,,False,-1,False,0.0,1.0,190,125,0.2515259895354071,"[[""in"", ""butter_1"", ""basket_1_contain_region""]]",[1],1.5751410146091547,0.31263113985642904,7.153715192765904,58392302.76906142,3.0,True,True,True,True,True,0.08639113181355905,15.786628246307373,True,True,butter,131.0,83.0,-0.08923296501517886,-0.17016513615399473,0.022487234324216843,0.2720797667582989,0.19594884139169205,55.8247594833374,True,workspace_calibrated,True,True,True,True,True,True,0.12091902013523963,15.786628246307373,True
p3d_development__y0p1__task6__init44__rollout0,development,libero_object_temp,y0.1,6,44,0,56988737,y0.1|task6|init44,pick up the butter and place it in the basket,novel_cell,workspace_retreat_only,364b47e8bebc7d5a94e49b7da44128e170547ec1d88d5592744a413960bea4ab,0.0,3,1,0,,butter,131.0,83.0,-0.07989465498793868,-0.16855320370704147,0.028431490063667297,0.13011308242951136,0.26095295131978374,41.59279203414917,1,workspace_calibrated,True,0,280,26,0.0,0,0,0,timeout_no_goal,timeout_no_goal,280,False,False,False,-1,,butter_1,butter_1,False,-1,,False,-1,,False,-1,False,0.0,0.0,-1,-1,0.01300445202181759,"[[""in"", ""butter_1"", ""basket_1_contain_region""]]",[0],1.5540331709017936,0.3705073522901599,6.7542450133927066,342854307.6368662,0.0,True,True,True,True,True,0.08639113181355905,15.786628246307373,True,False,butter,131.0,83.0,-0.08923296501517886,-0.17016513615399473,0.022487234324216843,0.2720797667582989,0.19594884139169205,55.8247594833374,True,workspace_calibrated,True,True,True,True,True,True,0.12091902013523963,15.786628246307373,True
p3d_development__y0p1__task8__init40__rollout0,development,libero_object_temp,y0.1,8,40,0,55158096,y0.1|task8|init40,pick up the chocolate pudding and place it in the basket,novel_cell,baseline_h8,92ca0ae4347c878f75219210c0788e290743bbd08307c1d359d461b9071b30a3,0.0,0,0,0,,chocolate pudding,131.0,84.0,-0.10403436671202004,-0.16888188396461115,0.013065477833151817,0.2044666285869929,0.24484202503248015,48.14136505126953,0,baseline,True,1,233,21,1.0,0,0,0,success,success,-1,True,False,False,-1,,chocolate_pudding_1,chocolate_pudding_1,False,-1,,False,-1,,False,-1,False,0.0,1.0,233,140,0.2537985858279416,"[[""in"", ""chocolate_pudding_1"", ""basket_1_contain_region""]]",[1],1.6622411248798366,0.2997848368319709,5.018548485546295,75503099.9207649,3.0,,,,,,,,,,,,,,,,,,,,,,,,,,,,,
p3d_development__y0p1__task8__init40__rollout0,development,libero_object_temp,y0.1,8,40,0,55158096,y0.1|task8|init40,pick up the chocolate pudding and place it in the basket,novel_cell,workspace_calibrated,92ca0ae4347c878f75219210c0788e290743bbd08307c1d359d461b9071b30a3,0.0,24,1,0,,chocolate pudding,131.0,84.0,-0.10403436671202004,-0.16888188396461115,0.013065477833151817,0.2044666285869929,0.24484202503248015,48.14136505126953,1,workspace_calibrated,True,1,193,13,1.0,0,0,0,success,success,-1,True,False,False,-1,,chocolate_pudding_1,chocolate_pudding_1,False,-1,,False,-1,,False,-1,False,0.0,1.0,193,125,0.2146054129057213,"[[""in"", ""chocolate_pudding_1"", ""basket_1_contain_region""]]",[1],1.5600394193711007,0.315882301133048,7.393323521639213,74431287.32147792,3.0,True,True,True,True,True,0.10840947941744872,28.814918518066406,True,True,chocolate pudding,131.0,84.0,-0.10403436671202004,-0.16888188396461115,0.013065477833151817,0.21742733178280554,0.23517980472737995,50.755577087402344,True,workspace_calibrated,True,True,True,True,True,True,0.13561441181465977,28.814918518066406,True
p3d_development__y0p1__task8__init40__rollout0,development,libero_object_temp,y0.1,8,40,0,55158096,y0.1|task8|init40,pick up the chocolate pudding and place it in the basket,novel_cell,workspace_retreat_only,92ca0ae4347c878f75219210c0788e290743bbd08307c1d359d461b9071b30a3,0.0,3,1,0,,chocolate pudding,131.0,84.0,-0.10403436671202004,-0.16888188396461115,0.013065477833151817,0.2044666285869929,0.24484202503248015,48.14136505126953,1,workspace_calibrated,True,1,212,18,1.0,0,0,0,success,success,-1,True,False,False,-1,,chocolate_pudding_1,chocolate_pudding_1,False,-1,,False,-1,,False,-1,False,0.0,1.0,212,146,0.22957096407785185,"[[""in"", ""chocolate_pudding_1"", ""basket_1_contain_region""]]",[1],1.5992288610756416,0.30355575667097534,5.594956401243205,64021604.91313012,3.0,True,True,True,True,True,0.10840947941744872,28.814918518066406,True,False,chocolate pudding,131.0,84.0,-0.10403436671202004,-0.16888188396461115,0.013065477833151817,0.21742733178280554,0.23517980472737995,50.755577087402344,True,workspace_calibrated,True,True,True,True,True,True,0.13561441181465977,28.814918518066406,True
p3d_development__y0p1__task8__init41__rollout0,development,libero_object_temp,y0.1,8,41,0,56984534,y0.1|task8|init41,pick up the chocolate pudding and place it in the basket,novel_cell,baseline_h8,65fbfc56207dd689e764daaf6ab65a08eb303ae693fb9ea0e830a09358e44eff,0.0,0,0,0,,chocolate pudding,131.0,84.0,-0.10403436671202004,-0.16888188396461115,0.013065477833151817,0.21107282258554536,0.2401716372764278,49.935855865478516,0,baseline,True,1,213,18,1.0,0,0,0,success,success,-1,True,False,False,-1,,chocolate_pudding_1,chocolate_pudding_1,False,-1,,False,-1,,False,-1,False,0.0,1.0,213,136,0.24757991938107857,"[[""in"", ""chocolate_pudding_1"", ""basket_1_contain_region""]]",[1],1.5805280314673538,0.30290053336589995,4.246980704556477,33774325.86050915,3.0,,,,,,,,,,,,,,,,,,,,,,,,,,,,,
p3d_development__y0p1__task8__init41__rollout0,development,libero_object_temp,y0.1,8,41,0,56984534,y0.1|task8|init41,pick up the chocolate pudding and place it in the basket,novel_cell,workspace_calibrated,65fbfc56207dd689e764daaf6ab65a08eb303ae693fb9ea0e830a09358e44eff,0.0,23,1,0,,chocolate pudding,131.0,84.0,-0.10403436671202004,-0.16888188396461115,0.013065477833151817,0.21107282258554536,0.2401716372764278,49.935855865478516,1,workspace_calibrated,True,1,190,12,1.0,0,0,0,success,success,-1,True,False,False,-1,,chocolate_pudding_1,chocolate_pudding_1,False,-1,,False,-1,,False,-1,False,0.0,1.0,190,121,0.22902641886903108,"[[""in"", ""chocolate_pudding_1"", ""basket_1_contain_region""]]",[1],1.5448857897799164,0.3003277969253951,7.362296096543754,64902150.95592255,3.0,True,True,True,True,True,0.10597136119752548,28.814918518066406,True,True,chocolate pudding,131.0,84.0,-0.10403436671202004,-0.16888188396461115,0.013065477833151817,0.22732845708311272,0.23129316019330695,51.30228042602539,True,workspace_calibrated,True,True,True,True,True,True,0.13361185761421202,28.814918518066406,True
p3d_development__y0p1__task8__init41__rollout0,development,libero_object_temp,y0.1,8,41,0,56984534,y0.1|task8|init41,pick up the chocolate pudding and place it in the basket,novel_cell,workspace_retreat_only,65fbfc56207dd689e764daaf6ab65a08eb303ae693fb9ea0e830a09358e44eff,0.0,3,1,0,,chocolate pudding,131.0,84.0,-0.10403436671202004,-0.16888188396461115,0.013065477833151817,0.21107282258554536,0.2401716372764278,49.935855865478516,1,workspace_calibrated,True,1,216,18,1.0,0,0,0,success,success,-1,True,False,False,-1,,chocolate_pudding_1,chocolate_pudding_1,False,-1,,False,-1,,False,-1,False,0.0,1.0,216,140,0.245348112062065,"[[""in"", ""chocolate_pudding_1"", ""basket_1_contain_region""]]",[1],1.6217417405210888,0.30101298868160203,5.151257496716162,69455872.57586935,3.0,True,True,True,True,True,0.10597136119752548,28.814918518066406,True,False,chocolate pudding,131.0,84.0,-0.10403436671202004,-0.16888188396461115,0.013065477833151817,0.22732845708311272,0.23129316019330695,51.30228042602539,True,workspace_calibrated,True,True,True,True,True,True,0.13361185761421202,28.814918518066406,True
p3d_development__y0p1__task8__init42__rollout0,development,libero_object_temp,y0.1,8,42,0,56988273,y0.1|task8|init42,pick up the chocolate pudding and place it in the basket,novel_cell,baseline_h8,23c975c4d7a808e66e267d29c0086bb822650cc467f5bfb780183eef94cee989,0.0,0,0,0,,chocolate pudding,131.0,84.0,-0.10403436671202004,-0.16888188396461115,0.013065477833151817,0.22161138087138266,0.2363915570980076,50.78427505493164,0,baseline,True,1,211,18,1.0,0,0,0,success,success,-1,True,False,False,-1,,chocolate_pudding_1,chocolate_pudding_1,False,-1,,False,-1,,False,-1,False,0.0,1.0,211,137,0.24360022192568356,"[[""in"", ""chocolate_pudding_1"", ""basket_1_contain_region""]]",[1],1.506382575473681,0.30300199903958336,4.139294571969968,35195610.423301086,3.0,,,,,,,,,,,,,,,,,,,,,,,,,,,,,
p3d_development__y0p1__task8__init42__rollout0,development,libero_object_temp,y0.1,8,42,0,56988273,y0.1|task8|init42,pick up the chocolate pudding and place it in the basket,novel_cell,workspace_calibrated,23c975c4d7a808e66e267d29c0086bb822650cc467f5bfb780183eef94cee989,0.0,23,1,0,,chocolate pudding,131.0,84.0,-0.10403436671202004,-0.16888188396461115,0.013065477833151817,0.22161138087138266,0.2363915570980076,50.78427505493164,1,workspace_calibrated,True,1,190,12,1.0,0,0,0,success,success,-1,True,False,False,-1,,chocolate_pudding_1,chocolate_pudding_1,False,-1,,False,-1,,False,-1,False,0.0,1.0,190,121,0.2295137522120009,"[[""in"", ""chocolate_pudding_1"", ""basket_1_contain_region""]]",[1],1.5317675958459334,0.2941158403478032,7.269851046686337,62391872.73989413,3.0,True,True,True,True,True,0.09716331859627517,28.814918518066406,True,True,chocolate pudding,131.0,84.0,-0.10403436671202004,-0.16888188396461115,0.013065477833151817,0.24536246808836834,0.22477976566865535,53.212392807006836,True,workspace_calibrated,True,True,True,True,True,True,0.12493897269703168,28.814918518066406,True
p3d_development__y0p1__task8__init42__rollout0,development,libero_object_temp,y0.1,8,42,0,56988273,y0.1|task8|init42,pick up the chocolate pudding and place it in the basket,novel_cell,workspace_retreat_only,23c975c4d7a808e66e267d29c0086bb822650cc467f5bfb780183eef94cee989,0.0,3,1,0,,chocolate pudding,131.0,84.0,-0.10403436671202004,-0.16888188396461115,0.013065477833151817,0.22161138087138266,0.2363915570980076,50.78427505493164,1,workspace_calibrated,True,1,204,17,1.0,0,0,0,success,success,-1,True,False,False,-1,,chocolate_pudding_1,chocolate_pudding_1,False,-1,,False,-1,,False,-1,False,0.0,1.0,204,135,0.22556956070975662,"[[""in"", ""chocolate_pudding_1"", ""basket_1_contain_region""]]",[1],1.5238136035184755,0.304318689063607,5.525752158673211,60973811.42253122,3.0,True,True,True,True,True,0.09716331859627517,28.814918518066406,True,False,chocolate pudding,131.0,84.0,-0.10403436671202004,-0.16888188396461115,0.013065477833151817,0.24536246808836834,0.22477976566865535,53.212392807006836,True,workspace_calibrated,True,True,True,True,True,True,0.12493897269703168,28.814918518066406,True
p3d_development__y0p1__task8__init43__rollout0,development,libero_object_temp,y0.1,8,43,0,57683875,y0.1|task8|init43,pick up the chocolate pudding and place it in the basket,novel_cell,baseline_h8,79097ca870e028a6e3bf7738e9c925081d50b9dc3d9dad0a90776ff0c91c631a,0.0,0,0,0,,chocolate pudding,131.0,84.0,-0.10403436671202004,-0.16888188396461115,0.013065477833151817,0.21662818480850946,0.23785900247480576,50.14952278137207,0,baseline,True,1,209,18,1.0,0,0,0,success,success,-1,True,False,False,-1,,chocolate_pudding_1,chocolate_pudding_1,False,-1,,False,-1,,False,-1,False,0.0,1.0,209,136,0.24281756898130039,"[[""in"", ""chocolate_pudding_1"", ""basket_1_contain_region""]]",[1],1.5466057227181191,0.306896711255798,4.118913926041561,33022208.434678037,3.0,,,,,,,,,,,,,,,,,,,,,,,,,,,,,
p3d_development__y0p1__task8__init43__rollout0,development,libero_object_temp,y0.1,8,43,0,57683875,y0.1|task8|init43,pick up the chocolate pudding and place it in the basket,novel_cell,workspace_calibrated,79097ca870e028a6e3bf7738e9c925081d50b9dc3d9dad0a90776ff0c91c631a,0.0,23,1,0,,chocolate pudding,131.0,84.0,-0.10403436671202004,-0.16888188396461115,0.013065477833151817,0.21662818480850946,0.23785900247480576,50.14952278137207,1,workspace_calibrated,True,1,191,12,1.0,0,0,0,success,success,-1,True,False,False,-1,,chocolate_pudding_1,chocolate_pudding_1,False,-1,,False,-1,,False,-1,False,0.0,1.0,191,122,0.22731486858291805,"[[""in"", ""chocolate_pudding_1"", ""basket_1_contain_region""]]",[1],1.5581949188693591,0.30062942062663145,7.311794687353211,65301845.90450191,3.0,True,True,True,True,True,0.10718874298428314,28.814918518066406,True,True,chocolate pudding,131.0,84.0,-0.10403436671202004,-0.16888188396461115,0.013065477833151817,0.2343886379597421,0.22879781207493424,51.621694564819336,True,workspace_calibrated,True,True,True,True,True,True,0.13525839932139141,28.814918518066406,True
p3d_development__y0p1__task8__init43__rollout0,development,libero_object_temp,y0.1,8,43,0,57683875,y0.1|task8|init43,pick up the chocolate pudding and place it in the basket,novel_cell,workspace_retreat_only,79097ca870e028a6e3bf7738e9c925081d50b9dc3d9dad0a90776ff0c91c631a,0.0,3,1,0,,chocolate pudding,131.0,84.0,-0.10403436671202004,-0.16888188396461115,0.013065477833151817,0.21662818480850946,0.23785900247480576,50.14952278137207,1,workspace_calibrated,True,1,212,18,1.0,0,0,0,success,success,-1,True,False,False,-1,,chocolate_pudding_1,chocolate_pudding_1,False,-1,,False,-1,,False,-1,False,0.0,1.0,212,140,0.2441267885499547,"[[""in"", ""chocolate_pudding_1"", ""basket_1_contain_region""]]",[1],1.6005630009386373,0.30542913415376133,5.147157892190362,62468847.09501933,3.0,True,True,True,True,True,0.10718874298428314,28.814918518066406,True,False,chocolate pudding,131.0,84.0,-0.10403436671202004,-0.16888188396461115,0.013065477833151817,0.2343886379597421,0.22879781207493424,51.621694564819336,True,workspace_calibrated,True,True,True,True,True,True,0.13525839932139141,28.814918518066406,True
p3d_development__y0p1__task8__init44__rollout0,development,libero_object_temp,y0.1,8,44,0,54448919,y0.1|task8|init44,pick up the chocolate pudding and place it in the basket,novel_cell,baseline_h8,01b1f00c558ccf3bf654a8311b7fd842ecb7ad6294b0b17e1a41f175ec2aeabe,0.0,0,0,0,,chocolate pudding,131.0,84.0,-0.10403436671202004,-0.16888188396461115,0.013065477833151817,0.20990408489172704,0.243262356220143,48.357933044433594,0,baseline,True,1,256,23,1.0,0,0,0,success,success,-1,True,False,False,-1,,chocolate_pudding_1,chocolate_pudding_1,False,-1,,False,-1,,False,-1,False,0.0,1.0,256,171,0.24667321475791124,"[[""in"", ""chocolate_pudding_1"", ""basket_1_contain_region""]]",[1],1.7011597528209683,0.30113644631201864,4.593769809624907,90089682.03289771,3.0,,,,,,,,,,,,,,,,,,,,,,,,,,,,,
p3d_development__y0p1__task8__init44__rollout0,development,libero_object_temp,y0.1,8,44,0,54448919,y0.1|task8|init44,pick up the chocolate pudding and place it in the basket,novel_cell,workspace_calibrated,01b1f00c558ccf3bf654a8311b7fd842ecb7ad6294b0b17e1a41f175ec2aeabe,0.0,24,1,0,,chocolate pudding,131.0,84.0,-0.10403436671202004,-0.16888188396461115,0.013065477833151817,0.20990408489172704,0.243262356220143,48.357933044433594,1,workspace_calibrated,True,1,193,13,1.0,0,0,0,success,success,-1,True,False,False,-1,,chocolate_pudding_1,chocolate_pudding_1,False,-1,,False,-1,,False,-1,False,0.0,1.0,193,124,0.2223818311289083,"[[""in"", ""chocolate_pudding_1"", ""basket_1_contain_region""]]",[1],1.5745065522769206,0.3055896637688981,7.350333660562944,70479168.98513196,3.0,True,True,True,True,True,0.11140430447585524,28.814918518066406,True,True,chocolate pudding,131.0,84.0,-0.10403436671202004,-0.16888188396461115,0.013065477833151817,0.2159194140556862,0.23613263050434563,50.56678771972656,True,workspace_calibrated,True,True,True,True,True,True,0.13916187017101136,28.814918518066406,True
p3d_development__y0p1__task8__init44__rollout0,development,libero_object_temp,y0.1,8,44,0,54448919,y0.1|task8|init44,pick up the chocolate pudding and place it in the basket,novel_cell,workspace_retreat_only,01b1f00c558ccf3bf654a8311b7fd842ecb7ad6294b0b17e1a41f175ec2aeabe,0.0,3,1,0,,chocolate pudding,131.0,84.0,-0.10403436671202004,-0.16888188396461115,0.013065477833151817,0.20990408489172704,0.243262356220143,48.357933044433594,1,workspace_calibrated,True,1,256,23,1.0,0,0,0,success,success,-1,True,False,False,-1,,chocolate_pudding_1,chocolate_pudding_1,False,-1,,False,-1,,False,-1,False,0.0,1.0,256,161,0.24050538777022715,"[[""in"", ""chocolate_pudding_1"", ""basket_1_contain_region""]]",[1],1.7409761211002353,0.2976966381654972,6.026934140487643,187901919.6335084,3.0,True,True,True,True,True,0.11140430447585524,28.814918518066406,True,False,chocolate pudding,131.0,84.0,-0.10403436671202004,-0.16888188396461115,0.013065477833151817,0.2159194140556862,0.23613263050434563,50.56678771972656,True,workspace_calibrated,True,True,True,True,True,True,0.13916187017101136,28.814918518066406,True
p3d_development__y0p1__task9__init40__rollout0,development,libero_object_temp,y0.1,9,40,0,54493201,y0.1|task9|init40,pick up the orange juice and place it in the basket,novel_cell,baseline_h8,bf6d66b402b313d066919b0936827e69e2b4ceea9fa9474103e69fc7d7f8194f,0.0,0,0,0,,orange juice,140.0,116.0,0.04070263358346482,-0.040129632108304746,0.06952235847711563,0.04343315320446377,0.39465704117601924,33.041075706481934,0,baseline,True,0,280,26,0.0,0,0,0,timeout_no_goal,timeout_no_goal,280,False,False,False,-1,,orange_juice_1,orange_juice_1,False,-1,,False,-1,,False,-1,False,0.0,0.0,-1,-1,0.004353790098786253,"[[""in"", ""orange_juice_1"", ""basket_1_contain_region""]]",[0],1.2929153890650853,0.2439295899461986,6.5885917664266795,470664319.90983635,0.0,,,,,,,,,,,,,,,,,,,,,,,,,,,,,
p3d_development__y0p1__task9__init40__rollout0,development,libero_object_temp,y0.1,9,40,0,54493201,y0.1|task9|init40,pick up the orange juice and place it in the basket,novel_cell,workspace_calibrated,bf6d66b402b313d066919b0936827e69e2b4ceea9fa9474103e69fc7d7f8194f,0.0,24,1,0,,orange juice,140.0,116.0,0.04070263358346482,-0.040129632108304746,0.06952235847711563,0.04343315320446377,0.39465704117601924,33.041075706481934,1,workspace_calibrated,True,1,140,6,1.0,0,0,0,success,success,-1,True,False,False,-1,,orange_juice_1,orange_juice_1,False,-1,,False,-1,,False,-1,False,0.0,1.0,140,95,0.16205885106789397,"[[""in"", ""orange_juice_1"", ""basket_1_contain_region""]]",[1],1.0803062069582166,0.30238551815398923,7.826042304640623,27504521.790460847,3.0,True,True,True,True,True,0.10691966672546546,25.13310718536377,True,True,orange juice,140.0,116.0,0.03799824334283897,-0.0402564352387884,0.06768816709518433,0.055252057606261694,0.3836081189149759,36.2259407043457,True,workspace_calibrated,True,True,True,True,True,True,0.13250716586569777,25.13310718536377,True
p3d_development__y0p1__task9__init40__rollout0,development,libero_object_temp,y0.1,9,40,0,54493201,y0.1|task9|init40,pick up the orange juice and place it in the basket,novel_cell,workspace_retreat_only,bf6d66b402b313d066919b0936827e69e2b4ceea9fa9474103e69fc7d7f8194f,0.0,3,1,0,,orange juice,140.0,116.0,0.04070263358346482,-0.040129632108304746,0.06952235847711563,0.04343315320446377,0.39465704117601924,33.041075706481934,1,workspace_calibrated,True,1,147,9,1.0,0,0,0,success,success,-1,True,False,False,-1,,orange_juice_1,orange_juice_1,False,-1,,False,-1,,False,-1,False,0.0,1.0,147,105,0.15200867145609825,"[[""in"", ""orange_juice_1"", ""basket_1_contain_region""]]",[1],1.062186302759348,0.32097426106476656,5.63089589126289,22533890.871988345,3.0,True,True,True,True,True,0.10691966672546546,25.13310718536377,True,False,orange juice,140.0,116.0,0.03799824334283897,-0.0402564352387884,0.06768816709518433,0.055252057606261694,0.3836081189149759,36.2259407043457,True,workspace_calibrated,True,True,True,True,True,True,0.13250716586569777,25.13310718536377,True
p3d_development__y0p1__task9__init41__rollout0,development,libero_object_temp,y0.1,9,41,0,58305231,y0.1|task9|init41,pick up the orange juice and place it in the basket,novel_cell,baseline_h8,f433cd67a9992a5dda4eb9dd545ad2ec298779f5eed696cf23362fc764e6887a,0.0,0,0,0,,orange juice,140.0,116.0,0.04005704515194042,-0.040159902382502444,0.06908450275659561,0.048036296921681716,0.3923362934179957,34.89528751373291,0,baseline,True,1,157,11,1.0,0,0,0,success,success,-1,True,False,False,-1,,orange_juice_1,orange_juice_1,False,-1,,False,-1,,False,-1,False,0.0,1.0,157,110,0.16696158269568384,"[[""in"", ""orange_juice_1"", ""basket_1_contain_region""]]",[1],1.0207730389974679,0.32168206624499374,4.293769430833852,9929580.42141431,3.0,,,,,,,,,,,,,,,,,,,,,,,,,,,,,
p3d_development__y0p1__task9__init41__rollout0,development,libero_object_temp,y0.1,9,41,0,58305231,y0.1|task9|init41,pick up the orange juice and place it in the basket,novel_cell,workspace_calibrated,f433cd67a9992a5dda4eb9dd545ad2ec298779f5eed696cf23362fc764e6887a,0.0,25,1,0,,orange juice,140.0,116.0,0.04005704515194042,-0.040159902382502444,0.06908450275659561,0.048036296921681716,0.3923362934179957,34.89528751373291,1,workspace_calibrated,True,1,139,6,1.0,0,0,0,success,success,-1,True,False,False,-1,,orange_juice_1,orange_juice_1,False,-1,,False,-1,,False,-1,False,0.0,1.0,139,96,0.15814195320111785,"[[""in"", ""orange_juice_1"", ""basket_1_contain_region""]]",[1],1.061562293034831,0.2860220274725065,7.89696789005031,26663173.658836845,3.0,True,True,True,True,True,0.11461356772435444,25.13310718536377,True,True,orange juice,140.0,116.0,0.03754255906350212,-0.04027780130950707,0.06737910956144333,0.05478530812586066,0.3849488150877945,36.53317642211914,True,workspace_calibrated,True,True,True,True,True,True,0.14059857812727478,25.13310718536377,True
p3d_development__y0p1__task9__init41__rollout0,development,libero_object_temp,y0.1,9,41,0,58305231,y0.1|task9|init41,pick up the orange juice and place it in the basket,novel_cell,workspace_retreat_only,f433cd67a9992a5dda4eb9dd545ad2ec298779f5eed696cf23362fc764e6887a,0.0,3,1,0,,orange juice,140.0,116.0,0.04005704515194042,-0.040159902382502444,0.06908450275659561,0.048036296921681716,0.3923362934179957,34.89528751373291,1,workspace_calibrated,True,1,154,10,1.0,0,0,0,success,success,-1,True,False,False,-1,,orange_juice_1,orange_juice_1,False,-1,,False,-1,,False,-1,False,0.0,1.0,154,107,0.15773460608237305,"[[""in"", ""orange_juice_1"", ""basket_1_contain_region""]]",[1],1.0464809825933252,0.29214076689087154,5.75653966585944,28693599.957138628,3.0,True,True,True,True,True,0.11461356772435444,25.13310718536377,True,False,orange juice,140.0,116.0,0.03754255906350212,-0.04027780130950707,0.06737910956144333,0.05478530812586066,0.3849488150877945,36.53317642211914,True,workspace_calibrated,True,True,True,True,True,True,0.14059857812727478,25.13310718536377,True
p3d_development__y0p1__task9__init42__rollout0,development,libero_object_temp,y0.1,9,42,0,50755380,y0.1|task9|init42,pick up the orange juice and place it in the basket,novel_cell,baseline_h8,7bd5edc3981fa472316b42ffa6df472ee9c96dc3d387cdba49d70d1e7e76da61,0.0,0,0,0,,orange juice,140.0,116.0,0.041842388057796276,-0.04007619143500365,0.07029537111520767,0.0415310724456727,0.39468040991378167,33.59327507019043,0,baseline,True,0,280,26,0.0,0,0,0,timeout_no_goal,timeout_no_goal,280,False,False,False,-1,,orange_juice_1,orange_juice_1,False,-1,,False,-1,,False,-1,False,0.0,0.0,-1,-1,0.005885882770943512,"[[""in"", ""orange_juice_1"", ""basket_1_contain_region""]]",[0],1.340567117131027,0.2203985429468375,5.852998592686466,364441748.8859193,0.0,,,,,,,,,,,,,,,,,,,,,,,,,,,,,
p3d_development__y0p1__task9__init42__rollout0,development,libero_object_temp,y0.1,9,42,0,50755380,y0.1|task9|init42,pick up the orange juice and place it in the basket,novel_cell,workspace_calibrated,7bd5edc3981fa472316b42ffa6df472ee9c96dc3d387cdba49d70d1e7e76da61,0.0,24,1,0,,orange juice,140.0,116.0,0.041842388057796276,-0.04007619143500365,0.07029537111520767,0.0415310724456727,0.39468040991378167,33.59327507019043,1,workspace_calibrated,True,1,147,7,1.0,0,0,0,success,success,-1,True,False,False,-1,,orange_juice_1,orange_juice_1,False,-1,,False,-1,,False,-1,False,0.0,1.0,147,95,0.1632171745910972,"[[""in"", ""orange_juice_1"", ""basket_1_contain_region""]]",[1],1.0531388312102048,0.29315325627587496,7.794055467233516,37867307.78242606,3.0,True,True,True,True,True,0.10633789166713249,25.13310718536377,True,True,orange juice,140.0,116.0,0.03893270315666941,-0.04021262039730404,0.06832194328308105,0.055591730630904196,0.38231176028227426,36.77118110656738,True,workspace_calibrated,True,True,True,True,True,True,0.131822239265241,25.13310718536377,True
p3d_development__y0p1__task9__init42__rollout0,development,libero_object_temp,y0.1,9,42,0,50755380,y0.1|task9|init42,pick up the orange juice and place it in the basket,novel_cell,workspace_retreat_only,7bd5edc3981fa472316b42ffa6df472ee9c96dc3d387cdba49d70d1e7e76da61,0.0,3,1,0,,orange juice,140.0,116.0,0.041842388057796276,-0.04007619143500365,0.07029537111520767,0.0415310724456727,0.39468040991378167,33.59327507019043,1,workspace_calibrated,True,1,148,10,1.0,0,0,0,success,success,-1,True,False,False,-1,,orange_juice_1,orange_juice_1,False,-1,,False,-1,,False,-1,False,0.0,1.0,148,105,0.15508116616477916,"[[""in"", ""orange_juice_1"", ""basket_1_contain_region""]]",[1],1.058229868967261,0.3013083125095516,5.901657865208198,24518161.010182083,3.0,True,True,True,True,True,0.10633789166713249,25.13310718536377,True,False,orange juice,140.0,116.0,0.03893270315666941,-0.04021262039730404,0.06832194328308105,0.055591730630904196,0.38231176028227426,36.77118110656738,True,workspace_calibrated,True,True,True,True,True,True,0.131822239265241,25.13310718536377,True
p3d_development__y0p1__task9__init43__rollout0,development,libero_object_temp,y0.1,9,43,0,56496569,y0.1|task9|init43,pick up the orange juice and place it in the basket,novel_cell,baseline_h8,ae309d2efa9a52def012019b15fdd85b7c9d00f5b6e1c119cb70be936b6993ff,0.0,0,0,0,,orange juice,140.0,116.0,0.03901095197231308,-0.04020895147606952,0.06837501376867294,0.05002461530191981,0.38968309487763736,35.31936454772949,0,baseline,True,1,148,10,1.0,0,0,0,success,success,-1,True,False,False,-1,,orange_juice_1,orange_juice_1,False,-1,,False,-1,,False,-1,False,0.0,1.0,148,100,0.16071625033501089,"[[""in"", ""orange_juice_1"", ""basket_1_contain_region""]]",[1],0.9988046303466027,0.30050098634846806,4.26726647782281,7537128.69881232,3.0,,,,,,,,,,,,,,,,,,,,,,,,,,,,,
p3d_development__y0p1__task9__init43__rollout0,development,libero_object_temp,y0.1,9,43,0,56496569,y0.1|task9|init43,pick up the orange juice and place it in the basket,novel_cell,workspace_calibrated,ae309d2efa9a52def012019b15fdd85b7c9d00f5b6e1c119cb70be936b6993ff,0.0,25,1,0,,orange juice,140.0,116.0,0.03901095197231308,-0.04020895147606952,0.06837501376867294,0.05002461530191981,0.38968309487763736,35.31936454772949,1,workspace_calibrated,True,1,139,6,1.0,0,0,0,success,success,-1,True,False,False,-1,,orange_juice_1,orange_juice_1,False,-1,,False,-1,,False,-1,False,0.0,1.0,139,96,0.15984944176367757,"[[""in"", ""orange_juice_1"", ""basket_1_contain_region""]]",[1],1.071981298398096,0.28944106063683234,7.949189853054011,26363613.05175793,3.0,True,True,True,True,True,0.11524913764261617,25.13310718536377,True,True,orange juice,140.0,116.0,0.0368517658199079,-0.04031019114159892,0.06691059470176697,0.05324365850533174,0.3863632153245908,36.44870567321777,True,workspace_calibrated,True,True,True,True,True,True,0.14082678331541426,25.13310718536377,True
p3d_development__y0p1__task9__init43__rollout0,development,libero_object_temp,y0.1,9,43,0,56496569,y0.1|task9|init43,pick up the orange juice and place it in the basket,novel_cell,workspace_retreat_only,ae309d2efa9a52def012019b15fdd85b7c9d00f5b6e1c119cb70be936b6993ff,0.0,3,1,0,,orange juice,140.0,116.0,0.03901095197231308,-0.04020895147606952,0.06837501376867294,0.05002461530191981,0.38968309487763736,35.31936454772949,1,workspace_calibrated,True,1,150,10,1.0,0,0,0,success,success,-1,True,False,False,-1,,orange_juice_1,orange_juice_1,False,-1,,False,-1,,False,-1,False,0.0,1.0,150,105,0.157344454706091,"[[""in"", ""orange_juice_1"", ""basket_1_contain_region""]]",[1],1.0764837790463222,0.3278142367813966,5.637773752881087,23451706.643178605,3.0,True,True,True,True,True,0.11524913764261617,25.13310718536377,True,False,orange juice,140.0,116.0,0.0368517658199079,-0.04031019114159892,0.06691059470176697,0.05324365850533174,0.3863632153245908,36.44870567321777,True,workspace_calibrated,True,True,True,True,True,True,0.14082678331541426,25.13310718536377,True
p3d_development__y0p1__task9__init44__rollout0,development,libero_object_temp,y0.1,9,44,0,50011924,y0.1|task9|init44,pick up the orange juice and place it in the basket,novel_cell,baseline_h8,59b2278eb76ab8f63ce4cd1563484a43f94799eae360ae5e2f59fbdf1914267d,0.0,0,0,0,,orange juice,140.0,116.0,0.04073920389194119,-0.04012791740399622,0.06954716145992279,0.04005100904591758,0.39611873187129215,32.95579528808594,0,baseline,True,0,280,26,0.0,0,0,0,timeout_no_goal,timeout_no_goal,280,False,False,False,-1,,orange_juice_1,orange_juice_1,False,-1,,False,-1,,False,-1,False,0.0,0.0,-1,-1,0.004422759485064556,"[[""in"", ""orange_juice_1"", ""basket_1_contain_region""]]",[0],1.206562301642462,0.2438090561050234,6.846108446770799,612407906.2126783,0.0,,,,,,,,,,,,,,,,,,,,,,,,,,,,,
p3d_development__y0p1__task9__init44__rollout0,development,libero_object_temp,y0.1,9,44,0,50011924,y0.1|task9|init44,pick up the orange juice and place it in the basket,novel_cell,workspace_calibrated,59b2278eb76ab8f63ce4cd1563484a43f94799eae360ae5e2f59fbdf1914267d,0.0,24,1,0,,orange juice,140.0,116.0,0.04073920389194119,-0.04012791740399622,0.06954716145992279,0.04005100904591758,0.39611873187129215,32.95579528808594,1,workspace_calibrated,True,1,137,6,1.0,0,0,0,success,success,-1,True,False,False,-1,,orange_juice_1,orange_juice_1,False,-1,,False,-1,,False,-1,False,0.0,1.0,137,95,0.15161555948482708,"[[""in"", ""orange_juice_1"", ""basket_1_contain_region""]]",[1],1.0483893575301502,0.29219694528460505,7.900948836435642,26614130.29655755,3.0,True,True,True,True,True,0.10782500354421484,25.13310718536377,True,True,orange juice,140.0,116.0,0.03982492420928263,-0.04017078604187145,0.06892707198858261,0.05469789393148547,0.38352675083434484,36.34160232543945,True,workspace_calibrated,True,True,True,True,True,True,0.131771808309383,25.13310718536377,True
p3d_development__y0p1__task9__init44__rollout0,development,libero_object_temp,y0.1,9,44,0,50011924,y0.1|task9|init44,pick up the orange juice and place it in the basket,novel_cell,workspace_retreat_only,59b2278eb76ab8f63ce4cd1563484a43f94799eae360ae5e2f59fbdf1914267d,0.0,3,1,0,,orange juice,140.0,116.0,0.04073920389194119,-0.04012791740399622,0.06954716145992279,0.04005100904591758,0.39611873187129215,32.95579528808594,1,workspace_calibrated,True,1,149,10,1.0,0,0,0,success,success,-1,True,False,False,-1,,orange_juice_1,orange_juice_1,False,-1,,False,-1,,False,-1,False,0.0,1.0,149,105,0.1562412558738145,"[[""in"", ""orange_juice_1"", ""basket_1_contain_region""]]",[1],1.0595889850400344,0.3241196993786393,5.726545174714151,24919445.227310147,3.0,True,True,True,True,True,0.10782500354421484,25.13310718536377,True,False,orange juice,140.0,116.0,0.03982492420928263,-0.04017078604187145,0.06892707198858261,0.05469789393148547,0.38352675083434484,36.34160232543945,True,workspace_calibrated,True,True,True,True,True,True,0.131771808309383,25.13310718536377,True
p3d_development__y0p2__task4__init40__rollout0,development,libero_object_temp,y0.2,4,40,0,50990052,y0.2|task4|init40,pick up the ketchup and place it in the basket,replication,baseline_h8,65b49e89f716be07b1e5226d1e0643fbe0d5931f14ded80587bbc800646d40fe,0.0,0,0,0,,ketchup,115.0,100.0,0.11131711404909372,-0.0816897868076373,0.20547789335250854,0.09078246270371121,0.31558927911056756,26.561054468154907,0,baseline,True,0,280,26,0.0,0,0,0,timeout_no_goal,timeout_no_goal,280,False,False,False,-1,,ketchup_1,ketchup_1,False,-1,,False,-1,,False,-1,False,0.0,0.0,-1,-1,4.065317915635802e-09,"[[""in"", ""ketchup_1"", ""basket_1_contain_region""]]",[0],1.9649519106724913,0.28676238909376645,4.909266699008193,192464076.46644822,0.0,,,,,,,,,,,,,,,,,,,,,,,,,,,,,
p3d_development__y0p2__task4__init40__rollout0,development,libero_object_temp,y0.2,4,40,0,50990052,y0.2|task4|init40,pick up the ketchup and place it in the basket,replication,workspace_calibrated,65b49e89f716be07b1e5226d1e0643fbe0d5931f14ded80587bbc800646d40fe,0.0,0,0,1,,ketchup,115.0,100.0,0.11131711404909372,-0.0816897868076373,0.20547789335250854,0.09078246270371121,0.31558927911056756,26.561054468154907,0,workspace_calibrated,True,0,280,26,0.0,0,0,0,timeout_no_goal,timeout_no_goal,280,False,False,False,-1,,ketchup_1,ketchup_1,False,-1,,False,-1,,False,-1,False,0.0,0.0,-1,-1,4.065317915635802e-09,"[[""in"", ""ketchup_1"", ""basket_1_contain_region""]]",[0],1.9649519106724913,0.28676238909376645,4.909266699008193,192464076.46644822,0.0,True,True,False,True,True,0.33518842914519903,7.541533684730529,,,,,,,,,,,,,,,,,,,,,,
p3d_development__y0p2__task4__init40__rollout0,development,libero_object_temp,y0.2,4,40,0,50990052,y0.2|task4|init40,pick up the ketchup and place it in the basket,replication,workspace_retreat_only,65b49e89f716be07b1e5226d1e0643fbe0d5931f14ded80587bbc800646d40fe,0.0,0,0,1,,ketchup,115.0,100.0,0.11131711404909372,-0.0816897868076373,0.20547789335250854,0.09078246270371121,0.31558927911056756,26.561054468154907,0,workspace_calibrated,True,0,280,26,0.0,0,0,0,timeout_no_goal,timeout_no_goal,280,False,False,False,-1,,ketchup_1,ketchup_1,False,-1,,False,-1,,False,-1,False,0.0,0.0,-1,-1,4.065317915635802e-09,"[[""in"", ""ketchup_1"", ""basket_1_contain_region""]]",[0],1.9649519106724913,0.28676238909376645,4.909266699008193,192464076.46644822,0.0,True,True,False,True,True,0.33518842914519903,7.541533684730529,,,,,,,,,,,,,,,,,,,,,,
p3d_development__y0p2__task4__init41__rollout0,development,libero_object_temp,y0.2,4,41,0,57171635,y0.2|task4|init41,pick up the ketchup and place it in the basket,replication,baseline_h8,d4f6ca8a9dace42e8caf1833e34395adfcf3b34724b08baf9d9357ea353b177b,0.0,0,0,0,,ketchup,115.0,100.0,0.11131711404909372,-0.0816897868076373,0.20547789335250854,0.14530140773562733,0.2915390645475405,30.923134088516235,0,baseline,True,0,280,26,0.0,0,0,0,timeout_no_goal,timeout_no_goal,280,False,False,False,-1,,ketchup_1,ketchup_1,False,-1,,False,-1,,False,-1,False,0.0,0.0,-1,-1,4.065318040535892e-09,"[[""in"", ""ketchup_1"", ""basket_1_contain_region""]]",[0],2.045087091116151,0.2633098253696929,5.045508583705145,192159218.63144433,0.0,,,,,,,,,,,,,,,,,,,,,,,,,,,,,
p3d_development__y0p2__task4__init41__rollout0,development,libero_object_temp,y0.2,4,41,0,57171635,y0.2|task4|init41,pick up the ketchup and place it in the basket,replication,workspace_calibrated,d4f6ca8a9dace42e8caf1833e34395adfcf3b34724b08baf9d9357ea353b177b,0.0,0,0,1,,ketchup,115.0,100.0,0.11131711404909372,-0.0816897868076373,0.20547789335250854,0.14530140773562733,0.2915390645475405,30.923134088516235,0,workspace_calibrated,True,0,280,26,0.0,0,0,0,timeout_no_goal,timeout_no_goal,280,False,False,False,-1,,ketchup_1,ketchup_1,False,-1,,False,-1,,False,-1,False,0.0,0.0,-1,-1,4.065318040535892e-09,"[[""in"", ""ketchup_1"", ""basket_1_contain_region""]]",[0],2.045087091116151,0.2633098253696929,5.045508583705145,192159218.63144433,0.0,True,True,False,True,True,0.3222860950304442,7.541533684730529,,,,,,,,,,,,,,,,,,,,,,
p3d_development__y0p2__task4__init41__rollout0,development,libero_object_temp,y0.2,4,41,0,57171635,y0.2|task4|init41,pick up the ketchup and place it in the basket,replication,workspace_retreat_only,d4f6ca8a9dace42e8caf1833e34395adfcf3b34724b08baf9d9357ea353b177b,0.0,0,0,1,,ketchup,115.0,100.0,0.11131711404909372,-0.0816897868076373,0.20547789335250854,0.14530140773562733,0.2915390645475405,30.923134088516235,0,workspace_calibrated,True,0,280,26,0.0,0,0,0,timeout_no_goal,timeout_no_goal,280,False,False,False,-1,,ketchup_1,ketchup_1,False,-1,,False,-1,,False,-1,False,0.0,0.0,-1,-1,4.065318040535892e-09,"[[""in"", ""ketchup_1"", ""basket_1_contain_region""]]",[0],2.045087091116151,0.2633098253696929,5.045508583705145,192159218.63144433,0.0,True,True,False,True,True,0.3222860950304442,7.541533684730529,,,,,,,,,,,,,,,,,,,,,,
p3d_development__y0p2__task4__init42__rollout0,development,libero_object_temp,y0.2,4,42,0,50945972,y0.2|task4|init42,pick up the ketchup and place it in the basket,replication,baseline_h8,d38335729208ea0eb84b244936b201dee78e3a0456cb1bb088d3a8ccfaed7b98,0.0,0,0,0,,ketchup,115.0,100.0,0.11131711404909372,-0.0816897868076373,0.20547789335250854,0.11830659866720912,0.29717929258962134,30.71506142616272,0,baseline,True,0,280,26,0.0,0,0,0,timeout_no_goal,timeout_no_goal,280,False,False,False,-1,,ketchup_1,ketchup_1,False,-1,,False,-1,,False,-1,False,0.0,0.0,-1,-1,4.065318040535892e-09,"[[""in"", ""ketchup_1"", ""basket_1_contain_region""]]",[0],2.065184068072674,0.27218358303237816,4.867893846797605,158157028.51629218,0.0,,,,,,,,,,,,,,,,,,,,,,,,,,,,,
p3d_development__y0p2__task4__init42__rollout0,development,libero_object_temp,y0.2,4,42,0,50945972,y0.2|task4|init42,pick up the ketchup and place it in the basket,replication,workspace_calibrated,d38335729208ea0eb84b244936b201dee78e3a0456cb1bb088d3a8ccfaed7b98,0.0,0,0,1,,ketchup,115.0,100.0,0.11131711404909372,-0.0816897868076373,0.20547789335250854,0.11830659866720912,0.29717929258962134,30.71506142616272,0,workspace_calibrated,True,0,280,26,0.0,0,0,0,timeout_no_goal,timeout_no_goal,280,False,False,False,-1,,ketchup_1,ketchup_1,False,-1,,False,-1,,False,-1,False,0.0,0.0,-1,-1,4.065318040535892e-09,"[[""in"", ""ketchup_1"", ""basket_1_contain_region""]]",[0],2.065184068072674,0.27218358303237816,4.867893846797605,158157028.51629218,0.0,True,True,False,True,True,0.33250957698970623,7.541533684730529,,,,,,,,,,,,,,,,,,,,,,
p3d_development__y0p2__task4__init42__rollout0,development,libero_object_temp,y0.2,4,42,0,50945972,y0.2|task4|init42,pick up the ketchup and place it in the basket,replication,workspace_retreat_only,d38335729208ea0eb84b244936b201dee78e3a0456cb1bb088d3a8ccfaed7b98,0.0,0,0,1,,ketchup,115.0,100.0,0.11131711404909372,-0.0816897868076373,0.20547789335250854,0.11830659866720912,0.29717929258962134,30.71506142616272,0,workspace_calibrated,True,0,280,26,0.0,0,0,0,timeout_no_goal,timeout_no_goal,280,False,False,False,-1,,ketchup_1,ketchup_1,False,-1,,False,-1,,False,-1,False,0.0,0.0,-1,-1,4.065318040535892e-09,"[[""in"", ""ketchup_1"", ""basket_1_contain_region""]]",[0],2.065184068072674,0.27218358303237816,4.867893846797605,158157028.51629218,0.0,True,True,False,True,True,0.33250957698970623,7.541533684730529,,,,,,,,,,,,,,,,,,,,,,
p3d_development__y0p2__task4__init43__rollout0,development,libero_object_temp,y0.2,4,43,0,58515756,y0.2|task4|init43,pick up the ketchup and place it in the basket,replication,baseline_h8,b7aeb5c4e7b1998be6922af405b79c410b5b2fa2f807402d1c0f03356c2fd661,0.0,0,0,0,,ketchup,115.0,100.0,0.11131711404909372,-0.0816897868076373,0.20547789335250854,0.15592732338878534,0.28494356269943,33.95880055427551,0,baseline,True,0,280,26,0.0,0,0,0,timeout_no_goal,timeout_no_goal,280,False,False,False,-1,,ketchup_1,ketchup_1,False,-1,,False,-1,,False,-1,False,0.0,0.0,-1,-1,4.065317915635802e-09,"[[""in"", ""ketchup_1"", ""basket_1_contain_region""]]",[0],1.9804049369891459,0.33623865778038614,4.750660830531092,160393867.3083132,0.0,,,,,,,,,,,,,,,,,,,,,,,,,,,,,
p3d_development__y0p2__task4__init43__rollout0,development,libero_object_temp,y0.2,4,43,0,58515756,y0.2|task4|init43,pick up the ketchup and place it in the basket,replication,workspace_calibrated,b7aeb5c4e7b1998be6922af405b79c410b5b2fa2f807402d1c0f03356c2fd661,0.0,0,0,1,,ketchup,115.0,100.0,0.11131711404909372,-0.0816897868076373,0.20547789335250854,0.15592732338878534,0.28494356269943,33.95880055427551,0,workspace_calibrated,True,0,280,26,0.0,0,0,0,timeout_no_goal,timeout_no_goal,280,False,False,False,-1,,ketchup_1,ketchup_1,False,-1,,False,-1,,False,-1,False,0.0,0.0,-1,-1,4.065317915635802e-09,"[[""in"", ""ketchup_1"", ""basket_1_contain_region""]]",[0],1.9804049369891459,0.33623865778038614,4.750660830531092,160393867.3083132,0.0,True,True,False,True,True,0.33420460808537505,7.541533684730529,,,,,,,,,,,,,,,,,,,,,,
p3d_development__y0p2__task4__init43__rollout0,development,libero_object_temp,y0.2,4,43,0,58515756,y0.2|task4|init43,pick up the ketchup and place it in the basket,replication,workspace_retreat_only,b7aeb5c4e7b1998be6922af405b79c410b5b2fa2f807402d1c0f03356c2fd661,0.0,0,0,1,,ketchup,115.0,100.0,0.11131711404909372,-0.0816897868076373,0.20547789335250854,0.15592732338878534,0.28494356269943,33.95880055427551,0,workspace_calibrated,True,0,280,26,0.0,0,0,0,timeout_no_goal,timeout_no_goal,280,False,False,False,-1,,ketchup_1,ketchup_1,False,-1,,False,-1,,False,-1,False,0.0,0.0,-1,-1,4.065317915635802e-09,"[[""in"", ""ketchup_1"", ""basket_1_contain_region""]]",[0],1.9804049369891459,0.33623865778038614,4.750660830531092,160393867.3083132,0.0,True,True,False,True,True,0.33420460808537505,7.541533684730529,,,,,,,,,,,,,,,,,,,,,,
p3d_development__y0p2__task4__init44__rollout0,development,libero_object_temp,y0.2,4,44,0,56896338,y0.2|task4|init44,pick up the ketchup and place it in the basket,replication,baseline_h8,8f223639152fa2941d4a7eb0846fbb3081292ec947eeebaa7ec5c93f326da32d,0.0,0,0,0,,ketchup,115.0,100.0,0.11131711404909372,-0.0816897868076373,0.20547789335250854,0.12637608863184777,0.2951950659488679,30.372375011444092,0,baseline,True,0,280,26,0.0,0,0,0,timeout_no_goal,timeout_no_goal,280,False,False,False,-1,,ketchup_1,ketchup_1,False,-1,,False,-1,,False,-1,False,0.0,0.0,-1,-1,4.065317915635802e-09,"[[""in"", ""ketchup_1"", ""basket_1_contain_region""]]",[0],2.034643676071169,0.26643719382724756,4.6389500784219,139817500.4914342,0.0,,,,,,,,,,,,,,,,,,,,,,,,,,,,,
p3d_development__y0p2__task4__init44__rollout0,development,libero_object_temp,y0.2,4,44,0,56896338,y0.2|task4|init44,pick up the ketchup and place it in the basket,replication,workspace_calibrated,8f223639152fa2941d4a7eb0846fbb3081292ec947eeebaa7ec5c93f326da32d,0.0,0,0,1,,ketchup,115.0,100.0,0.11131711404909372,-0.0816897868076373,0.20547789335250854,0.12637608863184777,0.2951950659488679,30.372375011444092,0,workspace_calibrated,True,0,280,26,0.0,0,0,0,timeout_no_goal,timeout_no_goal,280,False,False,False,-1,,ketchup_1,ketchup_1,False,-1,,False,-1,,False,-1,False,0.0,0.0,-1,-1,4.065317915635802e-09,"[[""in"", ""ketchup_1"", ""basket_1_contain_region""]]",[0],2.034643676071169,0.26643719382724756,4.6389500784219,139817500.4914342,0.0,True,True,False,True,True,0.349014643865711,7.541533684730529,,,,,,,,,,,,,,,,,,,,,,
p3d_development__y0p2__task4__init44__rollout0,development,libero_object_temp,y0.2,4,44,0,56896338,y0.2|task4|init44,pick up the ketchup and place it in the basket,replication,workspace_retreat_only,8f223639152fa2941d4a7eb0846fbb3081292ec947eeebaa7ec5c93f326da32d,0.0,0,0,1,,ketchup,115.0,100.0,0.11131711404909372,-0.0816897868076373,0.20547789335250854,0.12637608863184777,0.2951950659488679,30.372375011444092,0,workspace_calibrated,True,0,280,26,0.0,0,0,0,timeout_no_goal,timeout_no_goal,280,False,False,False,-1,,ketchup_1,ketchup_1,False,-1,,False,-1,,False,-1,False,0.0,0.0,-1,-1,4.065317915635802e-09,"[[""in"", ""ketchup_1"", ""basket_1_contain_region""]]",[0],2.034643676071169,0.26643719382724756,4.6389500784219,139817500.4914342,0.0,True,True,False,True,True,0.349014643865711,7.541533684730529,,,,,,,,,,,,,,,,,,,,,,
p3d_development__y0p2__task6__init40__rollout0,development,libero_object_temp,y0.2,6,40,0,58817653,y0.2|task6|init40,pick up the butter and place it in the basket,replication,baseline_h8,6bfb360d24603e87abf80bf05148fa465ec53b9246e2596af5e99e90d2f6982a,0.0,0,0,0,,butter,131.0,100.0,-0.08537316042840593,-0.10546643354115909,0.024944234639406204,0.07963587376363057,0.36377458622830516,33.32055950164795,0,baseline,True,0,280,26,0.0,0,0,0,timeout_no_goal,timeout_no_goal,280,False,False,False,-1,,butter_1,butter_1,False,-1,,False,-1,,False,-1,False,0.0,0.0,-1,265,0.12921375455042186,"[[""in"", ""butter_1"", ""basket_1_contain_region""]]",[0],2.0651508175746707,0.17746281354934781,7.830045202048647,335401704.5250367,0.0,,,,,,,,,,,,,,,,,,,,,,,,,,,,,
p3d_development__y0p2__task6__init40__rollout0,development,libero_object_temp,y0.2,6,40,0,58817653,y0.2|task6|init40,pick up the butter and place it in the basket,replication,workspace_calibrated,6bfb360d24603e87abf80bf05148fa465ec53b9246e2596af5e99e90d2f6982a,0.0,25,1,0,,butter,131.0,100.0,-0.08537316042840593,-0.10546643354115909,0.024944234639406204,0.07963587376363057,0.36377458622830516,33.32055950164795,1,workspace_calibrated,True,1,186,12,1.0,0,0,0,success,success,-1,True,False,False,-1,,butter_1,butter_1,False,-1,,False,-1,,False,-1,False,0.0,1.0,186,126,0.2317862385203277,"[[""in"", ""butter_1"", ""basket_1_contain_region""]]",[1],1.5552644797470743,0.3128444459654212,7.024270852245371,48916644.27679298,3.0,True,True,True,True,True,0.16271036145165244,15.786628246307373,True,True,butter,131.0,100.0,-0.09156688177292038,-0.10613167370341749,0.021001651883125305,0.09079676318791269,0.35389736903995317,36.72761011123657,True,workspace_calibrated,True,True,True,True,True,True,0.17568965413917226,15.786628246307373,True
p3d_development__y0p2__task6__init40__rollout0,development,libero_object_temp,y0.2,6,40,0,58817653,y0.2|task6|init40,pick up the butter and place it in the basket,replication,workspace_retreat_only,6bfb360d24603e87abf80bf05148fa465ec53b9246e2596af5e99e90d2f6982a,0.0,3,1,0,,butter,131.0,100.0,-0.08537316042840593,-0.10546643354115909,0.024944234639406204,0.07963587376363057,0.36377458622830516,33.32055950164795,1,workspace_calibrated,True,0,280,26,0.0,0,0,0,timeout_no_goal,timeout_no_goal,280,False,False,False,-1,,butter_1,butter_1,False,-1,,False,-1,,False,-1,False,0.0,0.0,-1,-1,8.593820099989102e-15,"[[""in"", ""butter_1"", ""basket_1_contain_region""]]",[0],2.0278361891181977,0.2735421723992689,7.981276400106553,397213196.34616035,0.0,True,True,True,True,True,0.16271036145165244,15.786628246307373,True,False,butter,131.0,100.0,-0.09156688177292038,-0.10613167370341749,0.021001651883125305,0.09079676318791269,0.35389736903995317,36.72761011123657,True,workspace_calibrated,True,True,True,True,True,True,0.17568965413917226,15.786628246307373,True
p3d_development__y0p2__task6__init41__rollout0,development,libero_object_temp,y0.2,6,41,0,59767142,y0.2|task6|init41,pick up the butter and place it in the basket,replication,baseline_h8,4e9dfd174b61b76b1e1d6be6be84ec644fb1c49f3af4604c0637f25e6753dd09,0.0,0,0,0,,butter,131.0,100.0,-0.08628745693212969,-0.10556463407693684,0.024362243711948395,0.09714274219640862,0.35071953083291263,33.407630443573,0,baseline,True,0,280,26,0.0,0,0,0,timeout_no_goal,timeout_no_goal,280,False,False,False,-1,,butter_1,butter_1,False,-1,,False,-1,,False,-1,False,0.0,0.0,-1,-1,8.593820099989102e-15,"[[""in"", ""butter_1"", ""basket_1_contain_region""]]",[0],1.8074777302897937,0.3360078457028428,7.125536111202043,357115611.8598498,0.0,,,,,,,,,,,,,,,,,,,,,,,,,,,,,
p3d_development__y0p2__task6__init41__rollout0,development,libero_object_temp,y0.2,6,41,0,59767142,y0.2|task6|init41,pick up the butter and place it in the basket,replication,workspace_calibrated,4e9dfd174b61b76b1e1d6be6be84ec644fb1c49f3af4604c0637f25e6753dd09,0.0,25,1,0,,butter,131.0,100.0,-0.08628745693212969,-0.10556463407693684,0.024362243711948395,0.09714274219640862,0.35071953083291263,33.407630443573,1,workspace_calibrated,True,1,186,12,1.0,0,0,0,success,success,-1,True,False,False,-1,,butter_1,butter_1,False,-1,,False,-1,,False,-1,False,0.0,1.0,186,125,0.22902727024244734,"[[""in"", ""butter_1"", ""basket_1_contain_region""]]",[1],1.5505273093031815,0.3028796934241957,7.410743000767146,56451629.72351642,3.0,True,True,True,True,True,0.16147725178825337,15.786628246307373,True,True,butter,131.0,100.0,-0.09323735574244485,-0.10631109190981114,0.01993831992149353,0.10788707640499581,0.34161490134208816,37.21256113052368,True,workspace_calibrated,True,True,True,True,True,True,0.17565137971286213,15.786628246307373,True
p3d_development__y0p2__task6__init41__rollout0,development,libero_object_temp,y0.2,6,41,0,59767142,y0.2|task6|init41,pick up the butter and place it in the basket,replication,workspace_retreat_only,4e9dfd174b61b76b1e1d6be6be84ec644fb1c49f3af4604c0637f25e6753dd09,0.0,3,1,0,,butter,131.0,100.0,-0.08628745693212969,-0.10556463407693684,0.024362243711948395,0.09714274219640862,0.35071953083291263,33.407630443573,1,workspace_calibrated,True,0,280,26,0.0,0,0,0,timeout_no_goal,timeout_no_goal,280,False,False,False,-1,,butter_1,butter_1,False,-1,,False,-1,,False,-1,False,0.0,0.0,-1,-1,0.005424138748205066,"[[""in"", ""butter_1"", ""basket_1_contain_region""]]",[0],1.9794037421768236,0.2922236025989738,6.984531853771123,278704210.6556743,0.0,True,True,True,True,True,0.16147725178825337,15.786628246307373,True,False,butter,131.0,100.0,-0.09323735574244485,-0.10631109190981114,0.01993831992149353,0.10788707640499581,0.34161490134208816,37.21256113052368,True,workspace_calibrated,True,True,True,True,True,True,0.17565137971286213,15.786628246307373,True
p3d_development__y0p2__task6__init42__rollout0,development,libero_object_temp,y0.2,6,42,0,55363369,y0.2|task6|init42,pick up the butter and place it in the basket,replication,baseline_h8,acaf8528827d9b632cc614059399a55172323dce224ec5c167f4e47f228e30ea,0.0,0,0,0,,butter,131.0,100.0,-0.08617440691156708,-0.1055524918752072,0.024434205144643784,0.09806611904450284,0.3496469306277507,34.63277578353882,0,baseline,True,0,280,26,0.0,0,0,0,timeout_no_goal,timeout_no_goal,280,False,False,False,-1,,butter_1,butter_1,False,-1,,False,-1,,False,-1,False,0.0,0.0,-1,-1,0.014738800626373666,"[[""in"", ""butter_1"", ""basket_1_contain_region""]]",[0],1.929823838887741,0.25112259451230773,7.392684534571418,330390630.77844435,0.0,,,,,,,,,,,,,,,,,,,,,,,,,,,,,
p3d_development__y0p2__task6__init42__rollout0,development,libero_object_temp,y0.2,6,42,0,55363369,y0.2|task6|init42,pick up the butter and place it in the basket,replication,workspace_calibrated,acaf8528827d9b632cc614059399a55172323dce224ec5c167f4e47f228e30ea,0.0,25,1,0,,butter,131.0,100.0,-0.08617440691156708,-0.1055524918752072,0.024434205144643784,0.09806611904450284,0.3496469306277507,34.63277578353882,1,workspace_calibrated,True,1,187,12,1.0,0,0,0,success,success,-1,True,False,False,-1,,butter_1,butter_1,False,-1,,False,-1,,False,-1,False,0.0,1.0,187,125,0.2300145395545921,"[[""in"", ""butter_1"", ""basket_1_contain_region""]]",[1],1.5696745592395072,0.31308663809482873,7.602746726427223,58036798.390821144,3.0,True,True,True,True,True,0.16366219507020358,15.786628246307373,True,True,butter,131.0,100.0,-0.0920393251652668,-0.1061824167545657,0.02070092037320137,0.10983379027756726,0.33990260155083857,38.05625867843628,True,workspace_calibrated,True,True,True,True,True,True,0.17701321814775464,15.786628246307373,True
p3d_development__y0p2__task6__init42__rollout0,development,libero_object_temp,y0.2,6,42,0,55363369,y0.2|task6|init42,pick up the butter and place it in the basket,replication,workspace_retreat_only,acaf8528827d9b632cc614059399a55172323dce224ec5c167f4e47f228e30ea,0.0,3,1,0,,butter,131.0,100.0,-0.08617440691156708,-0.1055524918752072,0.024434205144643784,0.09806611904450284,0.3496469306277507,34.63277578353882,1,workspace_calibrated,True,0,280,26,0.0,0,0,0,timeout_no_goal,timeout_no_goal,280,False,False,False,-1,,butter_1,butter_1,False,-1,,False,-1,,False,-1,False,0.0,0.0,-1,252,0.19911169473179718,"[[""in"", ""butter_1"", ""basket_1_contain_region""]]",[0],2.2082199068946546,0.14620635733308393,6.775668289304022,240919754.49752283,0.0,True,True,True,True,True,0.16366219507020358,15.786628246307373,True,False,butter,131.0,100.0,-0.0920393251652668,-0.1061824167545657,0.02070092037320137,0.10983379027756726,0.33990260155083857,38.05625867843628,True,workspace_calibrated,True,True,True,True,True,True,0.17701321814775464,15.786628246307373,True
p3d_development__y0p2__task6__init43__rollout0,development,libero_object_temp,y0.2,6,43,0,56119465,y0.2|task6|init43,pick up the butter and place it in the basket,replication,baseline_h8,01c97f66f5a5224687aa4363773c742c1c55991832bc45c7119f9b24c842fbd4,0.0,0,0,0,,butter,131.0,100.0,-0.0891750050553145,-0.10587477282473468,0.022524189203977585,0.08865483301896458,0.3561571728894783,33.86860752105713,0,baseline,True,0,280,26,0.0,0,0,0,timeout_no_goal,timeout_no_goal,280,False,False,False,-1,,butter_1,butter_1,False,-1,,False,-1,,False,-1,False,0.0,0.0,-1,247,0.20230411571280532,"[[""in"", ""butter_1"", ""basket_1_contain_region""]]",[0],2.1168077979599236,0.1932722421764556,7.212075529494263,301395780.02992564,0.0,,,,,,,,,,,,,,,,,,,,,,,,,,,,,
p3d_development__y0p2__task6__init43__rollout0,development,libero_object_temp,y0.2,6,43,0,56119465,y0.2|task6|init43,pick up the butter and place it in the basket,replication,workspace_calibrated,01c97f66f5a5224687aa4363773c742c1c55991832bc45c7119f9b24c842fbd4,0.0,25,1,0,,butter,131.0,100.0,-0.0891750050553145,-0.10587477282473468,0.022524189203977585,0.08865483301896458,0.3561571728894783,33.86860752105713,1,workspace_calibrated,True,1,186,12,1.0,0,0,0,success,success,-1,True,False,False,-1,,butter_1,butter_1,False,-1,,False,-1,,False,-1,False,0.0,1.0,186,126,0.2171988410020973,"[[""in"", ""butter_1"", ""basket_1_contain_region""]]",[1],1.5392825920178619,0.31122016965517346,7.537376696869246,62354492.38908432,3.0,True,True,True,True,True,0.16431826764352078,15.786628246307373,True,True,butter,131.0,100.0,-0.09668461178438337,-0.10668134640482753,0.01774398609995842,0.10133875660614165,0.34576423221687,37.42486524581909,True,workspace_calibrated,True,True,True,True,True,True,0.1773655815495581,15.786628246307373,True
p3d_development__y0p2__task6__init43__rollout0,development,libero_object_temp,y0.2,6,43,0,56119465,y0.2|task6|init43,pick up the butter and place it in the basket,replication,workspace_retreat_only,01c97f66f5a5224687aa4363773c742c1c55991832bc45c7119f9b24c842fbd4,0.0,3,1,0,,butter,131.0,100.0,-0.0891750050553145,-0.10587477282473468,0.022524189203977585,0.08865483301896458,0.3561571728894783,33.86860752105713,1,workspace_calibrated,True,1,277,26,1.0,0,0,0,success,success,-1,True,False,False,-1,,butter_1,butter_1,False,-1,,False,-1,,False,-1,False,0.0,1.0,277,217,0.21942101856104562,"[[""in"", ""butter_1"", ""basket_1_contain_region""]]",[1],2.0394714096551034,0.3042676249165393,6.500712389657464,313155756.26893365,3.0,True,True,True,True,True,0.16431826764352078,15.786628246307373,True,False,butter,131.0,100.0,-0.09668461178438337,-0.10668134640482753,0.01774398609995842,0.10133875660614165,0.34576423221687,37.42486524581909,True,workspace_calibrated,True,True,True,True,True,True,0.1773655815495581,15.786628246307373,True
p3d_development__y0p2__task6__init44__rollout0,development,libero_object_temp,y0.2,6,44,0,59767060,y0.2|task6|init44,pick up the butter and place it in the basket,replication,baseline_h8,0445c9af5bde2da5412ebc3bd8c8fdfbaa74b19e56c06061a3574cd72943d1d4,0.0,0,0,0,,butter,131.0,100.0,-0.08559745794293105,-0.10549052434322415,0.024801459163427353,0.09793773529007209,0.3496491006183264,35.0374641418457,0,baseline,True,0,280,26,0.0,0,0,0,timeout_no_goal,timeout_no_goal,280,False,False,False,-1,,butter_1,butter_1,False,-1,,False,-1,,False,-1,False,0.0,0.0,-1,-1,8.593820099989102e-15,"[[""in"", ""butter_1"", ""basket_1_contain_region""]]",[0],1.9817820648294244,0.32318559209437364,7.640311943905227,372547337.63984233,0.0,,,,,,,,,,,,,,,,,,,,,,,,,,,,,
p3d_development__y0p2__task6__init44__rollout0,development,libero_object_temp,y0.2,6,44,0,59767060,y0.2|task6|init44,pick up the butter and place it in the basket,replication,workspace_calibrated,0445c9af5bde2da5412ebc3bd8c8fdfbaa74b19e56c06061a3574cd72943d1d4,0.0,25,1,0,,butter,131.0,100.0,-0.08559745794293105,-0.10549052434322415,0.024801459163427353,0.09793773529007209,0.3496491006183264,35.0374641418457,1,workspace_calibrated,True,1,185,11,1.0,0,0,0,success,success,-1,True,False,False,-1,,butter_1,butter_1,False,-1,,False,-1,,False,-1,False,0.0,1.0,185,126,0.22817662872976013,"[[""in"", ""butter_1"", ""basket_1_contain_region""]]",[1],1.5693585348604033,0.3015981783619732,7.4909793873416985,53120584.77631459,3.0,True,True,True,True,True,0.1644317718631185,15.786628246307373,True,True,butter,131.0,100.0,-0.09012805002858038,-0.10597713516191287,0.02191753312945366,0.10902247197779825,0.3406213391119399,38.37871980667114,True,workspace_calibrated,True,True,True,True,True,True,0.17690223647838355,15.786628246307373,True
p3d_development__y0p2__task6__init44__rollout0,development,libero_object_temp,y0.2,6,44,0,59767060,y0.2|task6|init44,pick up the butter and place it in the basket,replication,workspace_retreat_only,0445c9af5bde2da5412ebc3bd8c8fdfbaa74b19e56c06061a3574cd72943d1d4,0.0,3,1,0,,butter,131.0,100.0,-0.08559745794293105,-0.10549052434322415,0.024801459163427353,0.09793773529007209,0.3496491006183264,35.0374641418457,1,workspace_calibrated,True,0,280,26,0.0,0,0,0,timeout_no_goal,timeout_no_goal,280,False,False,False,-1,,butter_1,butter_1,False,-1,,False,-1,,False,-1,False,0.0,0.0,-1,-1,8.593820099989102e-15,"[[""in"", ""butter_1"", ""basket_1_contain_region""]]",[0],2.028186665528107,0.3026854611282761,7.790271599360586,339121981.9274236,0.0,True,True,True,True,True,0.1644317718631185,15.786628246307373,True,False,butter,131.0,100.0,-0.09012805002858038,-0.10597713516191287,0.02191753312945366,0.10902247197779825,0.3406213391119399,38.37871980667114,True,workspace_calibrated,True,True,True,True,True,True,0.17690223647838355,15.786628246307373,True
p3d_development__y0p2__task7__init40__rollout0,development,libero_object_temp,y0.2,7,40,0,53335742,y0.2|task7|init40,pick up the milk and place it in the basket,novel_cell,baseline_h8,e522cfa5d7c4aa08492673e9694343f034ebc6ad806f9b171be8f966f9f9d83e,0.0,0,0,0,,milk,116.0,100.0,-0.12079444014014351,-0.10604458381379905,0.06973547488451004,0.2136032569794355,0.2725315158592847,44.43677520751953,0,baseline,True,1,211,18,1.0,0,0,0,success,success,-1,True,False,False,-1,,milk_1,milk_1,False,-1,,False,-1,,False,-1,False,0.0,1.0,211,163,0.16037005118472175,"[[""in"", ""milk_1"", ""basket_1_contain_region""]]",[1],1.5259319435572019,0.3344230213006347,6.041793621328478,69289669.73965204,3.0,,,,,,,,,,,,,,,,,,,,,,,,,,,,,
p3d_development__y0p2__task7__init40__rollout0,development,libero_object_temp,y0.2,7,40,0,53335742,y0.2|task7|init40,pick up the milk and place it in the basket,novel_cell,workspace_calibrated,e522cfa5d7c4aa08492673e9694343f034ebc6ad806f9b171be8f966f9f9d83e,0.0,25,1,0,,milk,116.0,100.0,-0.12079444014014351,-0.10604458381379905,0.06973547488451004,0.2136032569794355,0.2725315158592847,44.43677520751953,1,workspace_calibrated,True,1,180,11,1.0,0,0,0,success,success,-1,True,False,False,-1,,milk_1,milk_1,False,-1,,False,-1,,False,-1,False,0.0,1.0,180,128,0.17805133286228386,"[[""in"", ""milk_1"", ""basket_1_contain_region""]]",[1],1.5043671493146966,0.3165916760736865,7.941895072835703,68097344.75567488,3.0,True,True,True,True,True,0.14838043632347594,33.46657390594483,True,True,milk,116.0,100.0,-0.12079444014014351,-0.10604458381379905,0.06973547488451004,0.22428106044212792,0.26694460681577287,45.84971809387207,True,workspace_calibrated,True,True,True,True,True,True,0.17083069334424758,33.46657390594483,True
p3d_development__y0p2__task7__init40__rollout0,development,libero_object_temp,y0.2,7,40,0,53335742,y0.2|task7|init40,pick up the milk and place it in the basket,novel_cell,workspace_retreat_only,e522cfa5d7c4aa08492673e9694343f034ebc6ad806f9b171be8f966f9f9d83e,0.0,3,1,0,,milk,116.0,100.0,-0.12079444014014351,-0.10604458381379905,0.06973547488451004,0.2136032569794355,0.2725315158592847,44.43677520751953,1,workspace_calibrated,True,1,183,14,1.0,0,0,0,success,success,-1,True,False,False,-1,,milk_1,milk_1,False,-1,,False,-1,,False,-1,False,0.0,1.0,183,133,0.1680526061949098,"[[""in"", ""milk_1"", ""basket_1_contain_region""]]",[1],1.5243511968477224,0.31358733085673235,5.2050296817329835,23775660.146416444,3.0,True,True,True,True,True,0.14838043632347594,33.46657390594483,True,False,milk,116.0,100.0,-0.12079444014014351,-0.10604458381379905,0.06973547488451004,0.22428106044212792,0.26694460681577287,45.84971809387207,True,workspace_calibrated,True,True,True,True,True,True,0.17083069334424758,33.46657390594483,True
p3d_development__y0p2__task7__init41__rollout0,development,libero_object_temp,y0.2,7,41,0,52413651,y0.2|task7|init41,pick up the milk and place it in the basket,novel_cell,baseline_h8,ea90df6fafb06c6cc27065e0aee8c41ba49e27d457307889dac4b4192211a300,0.0,0,0,0,,milk,116.0,100.0,-0.12079444014014351,-0.10604458381379905,0.06973547488451004,0.23496466227843713,0.25338231747386314,52.71265411376953,0,baseline,True,0,280,26,0.0,0,0,0,timeout_no_goal,timeout_no_goal,280,False,False,False,-1,,milk_1,milk_1,False,-1,,False,-1,,False,-1,False,0.0,0.0,-1,249,0.17454167041549928,"[[""in"", ""milk_1"", ""basket_1_contain_region""]]",[0],2.1281212207768796,0.21867527326404182,6.103336316404386,230746868.53159344,0.0,,,,,,,,,,,,,,,,,,,,,,,,,,,,,
p3d_development__y0p2__task7__init41__rollout0,development,libero_object_temp,y0.2,7,41,0,52413651,y0.2|task7|init41,pick up the milk and place it in the basket,novel_cell,workspace_calibrated,ea90df6fafb06c6cc27065e0aee8c41ba49e27d457307889dac4b4192211a300,0.0,25,1,0,,milk,116.0,100.0,-0.12079444014014351,-0.10604458381379905,0.06973547488451004,0.23496466227843713,0.25338231747386314,52.71265411376953,1,workspace_calibrated,True,1,222,16,1.0,0,0,0,success,success,-1,True,False,False,-1,,milk_1,milk_1,False,-1,,False,-1,,False,-1,False,0.0,1.0,222,173,0.16434338248845332,"[[""in"", ""milk_1"", ""basket_1_contain_region""]]",[1],1.7321527047381593,0.33215022013527745,7.842053352437953,151781554.8146134,3.0,True,True,True,True,True,0.13568546133208298,33.46657390594483,True,True,milk,116.0,100.0,-0.12079444014014351,-0.10604458381379905,0.06973547488451004,0.25927359746537476,0.24227213627540709,55.13279151916504,True,workspace_calibrated,True,True,True,True,True,True,0.1560749494501136,33.46657390594483,True
p3d_development__y0p2__task7__init41__rollout0,development,libero_object_temp,y0.2,7,41,0,52413651,y0.2|task7|init41,pick up the milk and place it in the basket,novel_cell,workspace_retreat_only,ea90df6fafb06c6cc27065e0aee8c41ba49e27d457307889dac4b4192211a300,0.0,3,1,0,,milk,116.0,100.0,-0.12079444014014351,-0.10604458381379905,0.06973547488451004,0.23496466227843713,0.25338231747386314,52.71265411376953,1,workspace_calibrated,True,0,280,26,0.0,0,0,0,timeout_no_goal,timeout_no_goal,280,False,False,False,-1,,milk_1,milk_1,False,-1,,False,-1,,False,-1,False,0.0,0.0,-1,-1,1.0401112193747508e-09,"[[""in"", ""milk_1"", ""basket_1_contain_region""]]",[0],2.131292928984641,0.29845409516781657,5.463014860023947,154993080.76027513,0.0,True,True,True,True,True,0.13568546133208298,33.46657390594483,True,False,milk,116.0,100.0,-0.12079444014014351,-0.10604458381379905,0.06973547488451004,0.25927359746537476,0.24227213627540709,55.13279151916504,True,workspace_calibrated,True,True,True,True,True,True,0.1560749494501136,33.46657390594483,True
p3d_development__y0p2__task7__init42__rollout0,development,libero_object_temp,y0.2,7,42,0,59973071,y0.2|task7|init42,pick up the milk and place it in the basket,novel_cell,baseline_h8,ec29c8b06126feb4f0f1edb0dfb282d39836dd192b75a46cf5aba8155bb41dea,0.0,0,0,0,,milk,116.0,100.0,-0.12079444014014351,-0.10604458381379905,0.06973547488451004,0.2494936950940494,0.2525634504782095,47.630056381225586,0,baseline,True,1,210,18,1.0,0,0,0,success,success,-1,True,False,False,-1,,milk_1,milk_1,False,-1,,False,-1,,False,-1,False,0.0,1.0,210,159,0.17064412754311448,"[[""in"", ""milk_1"", ""basket_1_contain_region""]]",[1],1.548289542842352,0.3211238333378324,5.4277631650089075,48013642.13642942,3.0,,,,,,,,,,,,,,,,,,,,,,,,,,,,,
p3d_development__y0p2__task7__init42__rollout0,development,libero_object_temp,y0.2,7,42,0,59973071,y0.2|task7|init42,pick up the milk and place it in the basket,novel_cell,workspace_calibrated,ec29c8b06126feb4f0f1edb0dfb282d39836dd192b75a46cf5aba8155bb41dea,0.0,25,1,0,,milk,116.0,100.0,-0.12079444014014351,-0.10604458381379905,0.06973547488451004,0.2494936950940494,0.2525634504782095,47.630056381225586,1,workspace_calibrated,True,1,179,11,1.0,0,0,0,success,success,-1,True,False,False,-1,,milk_1,milk_1,False,-1,,False,-1,,False,-1,False,0.0,1.0,179,130,0.15696256881155746,"[[""in"", ""milk_1"", ""basket_1_contain_region""]]",[1],1.471345415518774,0.31207711454031806,7.900858549359094,67037076.13245184,3.0,True,True,True,True,True,0.1526188727367421,33.46657390594483,True,True,milk,116.0,100.0,-0.12079444014014351,-0.10604458381379905,0.06973547488451004,0.26122320022923234,0.24667049340834657,49.10295295715332,True,workspace_calibrated,True,True,True,True,True,True,0.1745269785891347,33.46657390594483,True
p3d_development__y0p2__task7__init42__rollout0,development,libero_object_temp,y0.2,7,42,0,59973071,y0.2|task7|init42,pick up the milk and place it in the basket,novel_cell,workspace_retreat_only,ec29c8b06126feb4f0f1edb0dfb282d39836dd192b75a46cf5aba8155bb41dea,0.0,3,1,0,,milk,116.0,100.0,-0.12079444014014351,-0.10604458381379905,0.06973547488451004,0.2494936950940494,0.2525634504782095,47.630056381225586,1,workspace_calibrated,True,1,177,13,1.0,0,0,0,success,success,-1,True,False,False,-1,,milk_1,milk_1,False,-1,,False,-1,,False,-1,False,0.0,1.0,177,128,0.172175337676791,"[[""in"", ""milk_1"", ""basket_1_contain_region""]]",[1],1.4905822516805693,0.3056743251418857,5.225750431172314,20092369.348426104,3.0,True,True,True,True,True,0.1526188727367421,33.46657390594483,True,False,milk,116.0,100.0,-0.12079444014014351,-0.10604458381379905,0.06973547488451004,0.26122320022923234,0.24667049340834657,49.10295295715332,True,workspace_calibrated,True,True,True,True,True,True,0.1745269785891347,33.46657390594483,True
p3d_development__y0p2__task7__init43__rollout0,development,libero_object_temp,y0.2,7,43,0,57083712,y0.2|task7|init43,pick up the milk and place it in the basket,novel_cell,baseline_h8,ba24661686a425c697ab35c95c87843d9bc685c2f3f63800f946646f63819fce,0.0,0,0,0,,milk,116.0,100.0,-0.12079444014014351,-0.10604458381379905,0.06973547488451004,0.2586288576679453,0.2435014149807835,54.61451721191406,0,baseline,True,0,280,26,0.0,0,0,0,timeout_no_goal,timeout_no_goal,280,False,False,False,-1,,milk_1,milk_1,False,-1,,False,-1,,False,-1,False,0.0,0.0,-1,122,0.14869159585052844,"[[""in"", ""milk_1"", ""basket_1_contain_region""]]",[0],1.4556303157754178,0.3073709096572129,4.602034718205331,239526742.66266945,0.0,,,,,,,,,,,,,,,,,,,,,,,,,,,,,
p3d_development__y0p2__task7__init43__rollout0,development,libero_object_temp,y0.2,7,43,0,57083712,y0.2|task7|init43,pick up the milk and place it in the basket,novel_cell,workspace_calibrated,ba24661686a425c697ab35c95c87843d9bc685c2f3f63800f946646f63819fce,0.0,25,1,0,,milk,116.0,100.0,-0.12079444014014351,-0.10604458381379905,0.06973547488451004,0.2586288576679453,0.2435014149807835,54.61451721191406,1,workspace_calibrated,True,1,178,11,1.0,0,0,0,success,success,-1,True,False,False,-1,,milk_1,milk_1,False,-1,,False,-1,,False,-1,False,0.0,1.0,178,130,0.15723672330509514,"[[""in"", ""milk_1"", ""basket_1_contain_region""]]",[1],1.483159013816938,0.3095426299492391,7.981195287424382,63349153.84280658,3.0,True,True,True,True,True,0.13683140109240627,33.46657390594483,True,True,milk,116.0,100.0,-0.12079444014014351,-0.10604458381379905,0.06973547488451004,0.2763633510042859,0.23447225196072488,57.46099853515625,True,workspace_calibrated,True,True,True,True,True,True,0.16170257036669672,33.46657390594483,True
p3d_development__y0p2__task7__init43__rollout0,development,libero_object_temp,y0.2,7,43,0,57083712,y0.2|task7|init43,pick up the milk and place it in the basket,novel_cell,workspace_retreat_only,ba24661686a425c697ab35c95c87843d9bc685c2f3f63800f946646f63819fce,0.0,3,1,0,,milk,116.0,100.0,-0.12079444014014351,-0.10604458381379905,0.06973547488451004,0.2586288576679453,0.2435014149807835,54.61451721191406,1,workspace_calibrated,True,1,227,19,1.0,0,0,0,success,success,-1,True,False,False,-1,,milk_1,milk_1,False,-1,,False,-1,,False,-1,False,0.0,1.0,227,183,0.14438990819558073,"[[""in"", ""milk_1"", ""basket_1_contain_region""]]",[1],1.7954017845741168,0.3135529522449194,5.895117504690206,77373692.98859744,3.0,True,True,True,True,True,0.13683140109240627,33.46657390594483,True,False,milk,116.0,100.0,-0.12079444014014351,-0.10604458381379905,0.06973547488451004,0.2763633510042859,0.23447225196072488,57.46099853515625,True,workspace_calibrated,True,True,True,True,True,True,0.16170257036669672,33.46657390594483,True
p3d_development__y0p2__task7__init44__rollout0,development,libero_object_temp,y0.2,7,44,0,55370610,y0.2|task7|init44,pick up the milk and place it in the basket,novel_cell,baseline_h8,c92a6e90d20588136ea01de6d89cb68bb716c452641ea261e04a674c156ddce9,0.0,0,0,0,,milk,116.0,100.0,-0.12079444014014351,-0.10604458381379905,0.06973547488451004,0.23688109187865794,0.2527949536199542,52.734121322631836,0,baseline,True,1,181,14,1.0,0,0,0,success,success,-1,True,False,False,-1,,milk_1,milk_1,False,-1,,False,-1,,False,-1,False,0.0,1.0,181,123,0.15298809393472068,"[[""in"", ""milk_1"", ""basket_1_contain_region""]]",[1],1.41616935601819,0.32801895721969454,4.972627092394403,22941346.501482233,3.0,,,,,,,,,,,,,,,,,,,,,,,,,,,,,
p3d_development__y0p2__task7__init44__rollout0,development,libero_object_temp,y0.2,7,44,0,55370610,y0.2|task7|init44,pick up the milk and place it in the basket,novel_cell,workspace_calibrated,c92a6e90d20588136ea01de6d89cb68bb716c452641ea261e04a674c156ddce9,0.0,25,1,0,,milk,116.0,100.0,-0.12079444014014351,-0.10604458381379905,0.06973547488451004,0.23688109187865794,0.2527949536199542,52.734121322631836,1,workspace_calibrated,True,1,179,11,1.0,0,0,0,success,success,-1,True,False,False,-1,,milk_1,milk_1,False,-1,,False,-1,,False,-1,False,0.0,1.0,179,130,0.15759323538669878,"[[""in"", ""milk_1"", ""basket_1_contain_region""]]",[1],1.4640301897637886,0.30589202353985895,7.976561909068306,66526874.597108275,3.0,True,True,True,True,True,0.13116330884519062,33.46657390594483,True,True,milk,116.0,100.0,-0.12079444014014351,-0.10604458381379905,0.06973547488451004,0.2543620759297929,0.24345476316060405,55.587690353393555,True,workspace_calibrated,True,True,True,True,True,True,0.1566057767023684,33.46657390594483,True
p3d_development__y0p2__task7__init44__rollout0,development,libero_object_temp,y0.2,7,44,0,55370610,y0.2|task7|init44,pick up the milk and place it in the basket,novel_cell,workspace_retreat_only,c92a6e90d20588136ea01de6d89cb68bb716c452641ea261e04a674c156ddce9,0.0,3,1,0,,milk,116.0,100.0,-0.12079444014014351,-0.10604458381379905,0.06973547488451004,0.23688109187865794,0.2527949536199542,52.734121322631836,1,workspace_calibrated,True,1,227,19,1.0,0,0,0,success,success,-1,True,False,False,-1,,milk_1,milk_1,False,-1,,False,-1,,False,-1,False,0.0,1.0,227,180,0.15938241949350784,"[[""in"", ""milk_1"", ""basket_1_contain_region""]]",[1],1.5971674243595917,0.30510690087297604,5.664125392271672,83387018.14893022,3.0,True,True,True,True,True,0.13116330884519062,33.46657390594483,True,False,milk,116.0,100.0,-0.12079444014014351,-0.10604458381379905,0.06973547488451004,0.2543620759297929,0.24345476316060405,55.587690353393555,True,workspace_calibrated,True,True,True,True,True,True,0.1566057767023684,33.46657390594483,True
p3d_development__y0p2__task8__init40__rollout0,development,libero_object_temp,y0.2,8,40,0,52751193,y0.2|task8|init40,pick up the chocolate pudding and place it in the basket,novel_cell,baseline_h8,0a8cb08b63e2d848eecdb323ec06a26392e57e22a5d777de69aca33ced6960e4,0.0,0,0,0,,chocolate pudding,131.0,100.0,-0.10403445788880394,-0.10747076080420302,0.013065477833151817,0.07743548056606228,0.36419013894715574,33.17456245422363,0,baseline,True,1,233,21,1.0,0,0,0,success,success,-1,True,False,False,-1,,chocolate_pudding_1,chocolate_pudding_1,False,-1,,False,-1,,False,-1,False,0.0,1.0,233,174,0.21776047540141433,"[[""in"", ""chocolate_pudding_1"", ""basket_1_contain_region""]]",[1],1.8379720387356755,0.30329386499540745,5.7598437490903756,92299012.60863774,3.0,,,,,,,,,,,,,,,,,,,,,,,,,,,,,
p3d_development__y0p2__task8__init40__rollout0,development,libero_object_temp,y0.2,8,40,0,52751193,y0.2|task8|init40,pick up the chocolate pudding and place it in the basket,novel_cell,workspace_calibrated,0a8cb08b63e2d848eecdb323ec06a26392e57e22a5d777de69aca33ced6960e4,0.0,25,1,0,,chocolate pudding,131.0,100.0,-0.10403445788880394,-0.10747076080420302,0.013065477833151817,0.07743548056606228,0.36419013894715574,33.17456245422363,1,workspace_calibrated,True,1,188,12,1.0,0,0,0,success,success,-1,True,False,False,-1,,chocolate_pudding_1,chocolate_pudding_1,False,-1,,False,-1,,False,-1,False,0.0,1.0,188,127,0.1979048227809378,"[[""in"", ""chocolate_pudding_1"", ""basket_1_contain_region""]]",[1],1.614032754156911,0.3140187674395252,7.647566852832463,62363196.20903694,3.0,True,True,True,True,True,0.16833663380529432,28.814918518066406,True,True,chocolate pudding,131.0,100.0,-0.10403445788880394,-0.10747076080420302,0.013065477833151817,0.08117716950563017,0.35975136268515384,37.037689208984375,True,workspace_calibrated,True,True,True,True,True,True,0.18789890188506284,28.814918518066406,True
p3d_development__y0p2__task8__init40__rollout0,development,libero_object_temp,y0.2,8,40,0,52751193,y0.2|task8|init40,pick up the chocolate pudding and place it in the basket,novel_cell,workspace_retreat_only,0a8cb08b63e2d848eecdb323ec06a26392e57e22a5d777de69aca33ced6960e4,0.0,3,1,0,,chocolate pudding,131.0,100.0,-0.10403445788880394,-0.10747076080420302,0.013065477833151817,0.07743548056606228,0.36419013894715574,33.17456245422363,1,workspace_calibrated,True,1,254,23,1.0,0,0,0,success,success,-1,True,False,False,-1,,chocolate_pudding_1,chocolate_pudding_1,False,-1,,False,-1,,False,-1,False,0.0,1.0,254,187,0.20740440960427353,"[[""in"", ""chocolate_pudding_1"", ""basket_1_contain_region""]]",[1],2.1327939839944454,0.3200766885287981,6.24291517899395,146973286.8947185,3.0,True,True,True,True,True,0.16833663380529432,28.814918518066406,True,False,chocolate pudding,131.0,100.0,-0.10403445788880394,-0.10747076080420302,0.013065477833151817,0.08117716950563017,0.35975136268515384,37.037689208984375,True,workspace_calibrated,True,True,True,True,True,True,0.18789890188506284,28.814918518066406,True
p3d_development__y0p2__task8__init41__rollout0,development,libero_object_temp,y0.2,8,41,0,53541783,y0.2|task8|init41,pick up the chocolate pudding and place it in the basket,novel_cell,baseline_h8,66fd865cfa33feac674563f1dcdda8e2688f7695add4d326bff5feed76ce3ac1,0.0,0,0,0,,chocolate pudding,131.0,100.0,-0.10403445788880394,-0.10747076080420302,0.013065477833151817,0.07742392334418075,0.3638645900908057,33.257781982421875,0,baseline,True,1,205,17,1.0,0,0,0,success,success,-1,True,False,False,-1,,chocolate_pudding_1,chocolate_pudding_1,False,-1,,False,-1,,False,-1,False,0.0,1.0,205,134,0.21039972004843624,"[[""in"", ""chocolate_pudding_1"", ""basket_1_contain_region""]]",[1],1.684169422351729,0.3161038103295265,5.304402525730284,44111355.60700934,3.0,,,,,,,,,,,,,,,,,,,,,,,,,,,,,
p3d_development__y0p2__task8__init41__rollout0,development,libero_object_temp,y0.2,8,41,0,53541783,y0.2|task8|init41,pick up the chocolate pudding and place it in the basket,novel_cell,workspace_calibrated,66fd865cfa33feac674563f1dcdda8e2688f7695add4d326bff5feed76ce3ac1,0.0,25,1,0,,chocolate pudding,131.0,100.0,-0.10403445788880394,-0.10747076080420302,0.013065477833151817,0.07742392334418075,0.3638645900908057,33.257781982421875,1,workspace_calibrated,True,1,199,13,1.0,0,0,0,success,success,-1,True,False,False,-1,,chocolate_pudding_1,chocolate_pudding_1,False,-1,,False,-1,,False,-1,False,0.0,1.0,199,127,0.20677472830166221,"[[""in"", ""chocolate_pudding_1"", ""basket_1_contain_region""]]",[1],1.634955819142576,0.3185921154260191,7.378422998667986,79269856.52246167,3.0,True,True,True,True,True,0.16627526965630837,28.814918518066406,True,True,chocolate pudding,131.0,100.0,-0.10403445788880394,-0.10747076080420302,0.013065477833151817,0.08092855411936031,0.3597306460788263,36.870361328125,True,workspace_calibrated,True,True,True,True,True,True,0.18702366814594124,28.814918518066406,True
p3d_development__y0p2__task8__init41__rollout0,development,libero_object_temp,y0.2,8,41,0,53541783,y0.2|task8|init41,pick up the chocolate pudding and place it in the basket,novel_cell,workspace_retreat_only,66fd865cfa33feac674563f1dcdda8e2688f7695add4d326bff5feed76ce3ac1,0.0,3,1,0,,chocolate pudding,131.0,100.0,-0.10403445788880394,-0.10747076080420302,0.013065477833151817,0.07742392334418075,0.3638645900908057,33.257781982421875,1,workspace_calibrated,True,0,280,26,0.0,0,0,0,timeout_no_goal,timeout_no_goal,280,False,False,False,-1,,chocolate_pudding_1,chocolate_pudding_1,False,-1,,False,-1,,False,-1,False,0.0,0.0,-1,-1,0.0009804982342627219,"[[""in"", ""chocolate_pudding_1"", ""basket_1_contain_region""]]",[0],2.032152558398162,0.30144021815036504,6.95271978166603,303985401.8217242,0.0,True,True,True,True,True,0.16627526965630837,28.814918518066406,True,False,chocolate pudding,131.0,100.0,-0.10403445788880394,-0.10747076080420302,0.013065477833151817,0.08092855411936031,0.3597306460788263,36.870361328125,True,workspace_calibrated,True,True,True,True,True,True,0.18702366814594124,28.814918518066406,True
p3d_development__y0p2__task8__init42__rollout0,development,libero_object_temp,y0.2,8,42,0,52815210,y0.2|task8|init42,pick up the chocolate pudding and place it in the basket,novel_cell,baseline_h8,d67604a39e334faf59a2a0eb4c3101cd44dfa85d2ccc1c7008d97d4837bd7d41,0.0,0,0,0,,chocolate pudding,131.0,100.0,-0.10403445788880394,-0.10747076080420302,0.013065477833151817,0.08038186429744461,0.36188916074446104,33.924936294555664,0,baseline,True,1,238,21,1.0,1,0,0,success,success,141,True,False,False,-1,,chocolate_pudding_1,chocolate_pudding_1,True,141,chocolate_pudding_1,False,-1,,False,-1,False,0.0,1.0,238,134,0.21676529181550686,"[[""in"", ""chocolate_pudding_1"", ""basket_1_contain_region""]]",[1],1.961745551905568,0.2967034180524546,5.442258224508545,72903041.22578923,2.0,,,,,,,,,,,,,,,,,,,,,,,,,,,,,
p3d_development__y0p2__task8__init42__rollout0,development,libero_object_temp,y0.2,8,42,0,52815210,y0.2|task8|init42,pick up the chocolate pudding and place it in the basket,novel_cell,workspace_calibrated,d67604a39e334faf59a2a0eb4c3101cd44dfa85d2ccc1c7008d97d4837bd7d41,0.0,25,1,0,,chocolate pudding,131.0,100.0,-0.10403445788880394,-0.10747076080420302,0.013065477833151817,0.08038186429744461,0.36188916074446104,33.924936294555664,1,workspace_calibrated,True,1,188,12,1.0,0,0,0,success,success,-1,True,False,False,-1,,chocolate_pudding_1,chocolate_pudding_1,False,-1,,False,-1,,False,-1,False,0.0,1.0,188,127,0.20212180670222096,"[[""in"", ""chocolate_pudding_1"", ""basket_1_contain_region""]]",[1],1.6055519704558487,0.32073625698446034,7.6629036575845095,59118688.74525661,3.0,True,True,True,True,True,0.17009185412256217,28.814918518066406,True,True,chocolate pudding,131.0,100.0,-0.10403445788880394,-0.10747076080420302,0.013065477833151817,0.08418081104260307,0.35765651363935874,37.27895545959473,True,workspace_calibrated,True,True,True,True,True,True,0.1894426838498742,28.814918518066406,True
p3d_development__y0p2__task8__init42__rollout0,development,libero_object_temp,y0.2,8,42,0,52815210,y0.2|task8|init42,pick up the chocolate pudding and place it in the basket,novel_cell,workspace_retreat_only,d67604a39e334faf59a2a0eb4c3101cd44dfa85d2ccc1c7008d97d4837bd7d41,0.0,3,1,0,,chocolate pudding,131.0,100.0,-0.10403445788880394,-0.10747076080420302,0.013065477833151817,0.08038186429744461,0.36188916074446104,33.924936294555664,1,workspace_calibrated,True,0,280,26,0.0,0,0,0,timeout_no_goal,timeout_no_goal,280,False,False,False,-1,,chocolate_pudding_1,chocolate_pudding_1,False,-1,,False,-1,,False,-1,False,0.0,0.0,-1,-1,6.538172780956586e-15,"[[""in"", ""chocolate_pudding_1"", ""basket_1_contain_region""]]",[0],2.2289559795360536,0.27458168856752396,8.612085489669317,377140503.86026955,0.0,True,True,True,True,True,0.17009185412256217,28.814918518066406,True,False,chocolate pudding,131.0,100.0,-0.10403445788880394,-0.10747076080420302,0.013065477833151817,0.08418081104260307,0.35765651363935874,37.27895545959473,True,workspace_calibrated,True,True,True,True,True,True,0.1894426838498742,28.814918518066406,True
p3d_development__y0p2__task8__init43__rollout0,development,libero_object_temp,y0.2,8,43,0,52155168,y0.2|task8|init43,pick up the chocolate pudding and place it in the basket,novel_cell,baseline_h8,94d8a538b9c714f38f8960a7e0156ce9426e65551ea14d1ff23fa8e203ef1745,0.0,0,0,0,,chocolate pudding,131.0,100.0,-0.10403445788880394,-0.10747076080420302,0.013065477833151817,0.07682454142107183,0.363738784556198,34.89761161804199,0,baseline,True,0,280,26,0.0,0,0,0,timeout_no_goal,timeout_no_goal,280,False,False,False,-1,,chocolate_pudding_1,chocolate_pudding_1,False,-1,,False,-1,,False,-1,False,0.0,0.0,-1,-1,6.538172780956586e-15,"[[""in"", ""chocolate_pudding_1"", ""basket_1_contain_region""]]",[0],2.152937840034288,0.29625210434449695,7.729425160181188,380079881.1316436,0.0,,,,,,,,,,,,,,,,,,,,,,,,,,,,,
p3d_development__y0p2__task8__init43__rollout0,development,libero_object_temp,y0.2,8,43,0,52155168,y0.2|task8|init43,pick up the chocolate pudding and place it in the basket,novel_cell,workspace_calibrated,94d8a538b9c714f38f8960a7e0156ce9426e65551ea14d1ff23fa8e203ef1745,0.0,25,1,0,,chocolate pudding,131.0,100.0,-0.10403445788880394,-0.10747076080420302,0.013065477833151817,0.07682454142107183,0.363738784556198,34.89761161804199,1,workspace_calibrated,True,1,196,13,1.0,0,0,0,success,success,-1,True,False,False,-1,,chocolate_pudding_1,chocolate_pudding_1,False,-1,,False,-1,,False,-1,False,0.0,1.0,196,126,0.21333447813356493,"[[""in"", ""chocolate_pudding_1"", ""basket_1_contain_region""]]",[1],1.6435110602597067,0.3278714676288773,7.304214179517368,71850445.7735325,3.0,True,True,True,True,True,0.1801458277923357,28.814918518066406,True,True,chocolate pudding,131.0,100.0,-0.10403445788880394,-0.10747076080420302,0.013065477833151817,0.07956257672667615,0.36052819034367706,37.773237228393555,True,workspace_calibrated,True,True,True,True,True,True,0.19982222339718814,28.814918518066406,True
p3d_development__y0p2__task8__init43__rollout0,development,libero_object_temp,y0.2,8,43,0,52155168,y0.2|task8|init43,pick up the chocolate pudding and place it in the basket,novel_cell,workspace_retreat_only,94d8a538b9c714f38f8960a7e0156ce9426e65551ea14d1ff23fa8e203ef1745,0.0,3,1,0,,chocolate pudding,131.0,100.0,-0.10403445788880394,-0.10747076080420302,0.013065477833151817,0.07682454142107183,0.363738784556198,34.89761161804199,1,workspace_calibrated,True,0,280,26,0.0,0,0,0,timeout_no_goal,timeout_no_goal,280,False,False,False,-1,,chocolate_pudding_1,chocolate_pudding_1,False,-1,,False,-1,,False,-1,False,0.0,0.0,-1,-1,6.555520015716354e-15,"[[""in"", ""chocolate_pudding_1"", ""basket_1_contain_region""]]",[0],2.1459797546403245,0.27658620210969964,7.366496173147373,283933069.9181469,0.0,True,True,True,True,True,0.1801458277923357,28.814918518066406,True,False,chocolate pudding,131.0,100.0,-0.10403445788880394,-0.10747076080420302,0.013065477833151817,0.07956257672667615,0.36052819034367706,37.773237228393555,True,workspace_calibrated,True,True,True,True,True,True,0.19982222339718814,28.814918518066406,True
p3d_development__y0p2__task8__init44__rollout0,development,libero_object_temp,y0.2,8,44,0,54428072,y0.2|task8|init44,pick up the chocolate pudding and place it in the basket,novel_cell,baseline_h8,9e832305edef67a131aaae9c67e8a1107cbeebdf4c2d19fe2518e577e5632e6c,0.0,0,0,0,,chocolate pudding,131.0,100.0,-0.10403445788880394,-0.10747076080420302,0.013065477833151817,0.08133948431201302,0.3605179637361919,34.813764572143555,0,baseline,True,1,252,23,1.0,0,0,0,success,success,-1,True,False,False,-1,,chocolate_pudding_1,chocolate_pudding_1,False,-1,,False,-1,,False,-1,False,0.0,1.0,252,180,0.22117968043492856,"[[""in"", ""chocolate_pudding_1"", ""basket_1_contain_region""]]",[1],1.9583769503184179,0.33206597129157234,6.307982078979687,179173125.5884154,3.0,,,,,,,,,,,,,,,,,,,,,,,,,,,,,
p3d_development__y0p2__task8__init44__rollout0,development,libero_object_temp,y0.2,8,44,0,54428072,y0.2|task8|init44,pick up the chocolate pudding and place it in the basket,novel_cell,workspace_calibrated,9e832305edef67a131aaae9c67e8a1107cbeebdf4c2d19fe2518e577e5632e6c,0.0,25,1,0,,chocolate pudding,131.0,100.0,-0.10403445788880394,-0.10747076080420302,0.013065477833151817,0.08133948431201302,0.3605179637361919,34.813764572143555,1,workspace_calibrated,True,1,189,12,1.0,0,0,0,success,success,-1,True,False,False,-1,,chocolate_pudding_1,chocolate_pudding_1,False,-1,,False,-1,,False,-1,False,0.0,1.0,189,127,0.20332211356955768,"[[""in"", ""chocolate_pudding_1"", ""basket_1_contain_region""]]",[1],1.6165552316811067,0.32435471884836836,7.759517416471842,70506390.40862936,3.0,True,True,True,True,True,0.17706558109659373,28.814918518066406,True,True,chocolate pudding,131.0,100.0,-0.10403445788880394,-0.10747076080420302,0.013065477833151817,0.08377523569390422,0.35754996225553654,38.39474868774414,True,workspace_calibrated,True,True,True,True,True,True,0.1963010075202088,28.814918518066406,True
p3d_development__y0p2__task8__init44__rollout0,development,libero_object_temp,y0.2,8,44,0,54428072,y0.2|task8|init44,pick up the chocolate pudding and place it in the basket,novel_cell,workspace_retreat_only,9e832305edef67a131aaae9c67e8a1107cbeebdf4c2d19fe2518e577e5632e6c,0.0,3,1,0,,chocolate pudding,131.0,100.0,-0.10403445788880394,-0.10747076080420302,0.013065477833151817,0.08133948431201302,0.3605179637361919,34.813764572143555,1,workspace_calibrated,True,0,280,26,0.0,0,0,0,timeout_no_goal,timeout_no_goal,280,False,False,False,-1,,chocolate_pudding_1,chocolate_pudding_1,False,-1,,False,-1,,False,-1,False,0.0,0.0,-1,231,0.20707907363322203,"[[""in"", ""chocolate_pudding_1"", ""basket_1_contain_region""]]",[0],2.220203863643401,0.3242169939530209,6.074784781714661,232362689.39542294,0.0,True,True,True,True,True,0.17706558109659373,28.814918518066406,True,False,chocolate pudding,131.0,100.0,-0.10403445788880394,-0.10747076080420302,0.013065477833151817,0.08377523569390422,0.35754996225553654,38.39474868774414,True,workspace_calibrated,True,True,True,True,True,True,0.1963010075202088,28.814918518066406,True
p3d_development__y0p2__task9__init40__rollout0,development,libero_object_temp,y0.2,9,40,0,51910446,y0.2|task9|init40,pick up the orange juice and place it in the basket,replication,baseline_h8,8ae8f19898161ba22e9e22e2d53e3cf412422ecb54de6be3e2a926ad850473fa,0.0,0,0,0,,orange juice,140.0,140.0,0.04184564039341421,0.04007395346648217,0.07029765844345093,0.18060478900874852,0.2642557848740435,48.581180572509766,0,baseline,True,0,280,26,0.0,0,0,0,kinematic_deadlock_candidate,kinematic_deadlock_candidate,280,False,False,False,-1,,orange_juice_1,orange_juice_1,False,-1,,False,-1,,False,-1,True,0.0,0.0,-1,-1,1.040111344274841e-09,"[[""in"", ""orange_juice_1"", ""basket_1_contain_region""]]",[0],0.9904335952154194,0.26154260201425394,2.1568115130915047,204996145.09753758,0.0,,,,,,,,,,,,,,,,,,,,,,,,,,,,,
p3d_development__y0p2__task9__init40__rollout0,development,libero_object_temp,y0.2,9,40,0,51910446,y0.2|task9|init40,pick up the orange juice and place it in the basket,replication,workspace_calibrated,8ae8f19898161ba22e9e22e2d53e3cf412422ecb54de6be3e2a926ad850473fa,0.0,25,1,0,,orange juice,140.0,140.0,0.04184564039341421,0.04007395346648217,0.07029765844345093,0.18060478900874852,0.2642557848740435,48.581180572509766,1,workspace_calibrated,True,1,173,10,1.0,0,0,0,success,success,-1,True,False,False,-1,,orange_juice_1,orange_juice_1,False,-1,,False,-1,,False,-1,False,0.0,1.0,173,126,0.15563835380991148,"[[""in"", ""orange_juice_1"", ""basket_1_contain_region""]]",[1],1.3232294949388463,0.32063797025100366,8.253585587283515,71883050.09732278,3.0,True,True,True,True,True,0.15203753190544764,25.13310718536377,True,True,orange juice,140.0,140.0,0.039387014583689206,0.040189224223632525,0.068630151450634,0.18791712785569886,0.24775356003727056,61.26876449584961,True,workspace_calibrated,True,True,True,True,True,True,0.17247527721560732,25.13310718536377,True
p3d_development__y0p2__task9__init40__rollout0,development,libero_object_temp,y0.2,9,40,0,51910446,y0.2|task9|init40,pick up the orange juice and place it in the basket,replication,workspace_retreat_only,8ae8f19898161ba22e9e22e2d53e3cf412422ecb54de6be3e2a926ad850473fa,0.0,3,1,0,,orange juice,140.0,140.0,0.04184564039341421,0.04007395346648217,0.07029765844345093,0.18060478900874852,0.2642557848740435,48.581180572509766,1,workspace_calibrated,True,0,280,26,0.0,0,0,0,kinematic_deadlock_candidate,kinematic_deadlock_candidate,280,False,False,False,-1,,orange_juice_1,orange_juice_1,False,-1,,False,-1,,False,-1,True,0.0,0.0,-1,126,0.14139433463089984,"[[""in"", ""orange_juice_1"", ""basket_1_contain_region""]]",[0],1.2160062680382484,0.3226515287573166,4.658513823578645,262187898.19582003,0.0,True,True,True,True,True,0.15203753190544764,25.13310718536377,True,False,orange juice,140.0,140.0,0.039387014583689206,0.040189224223632525,0.068630151450634,0.18791712785569886,0.24775356003727056,61.26876449584961,True,workspace_calibrated,True,True,True,True,True,True,0.17247527721560732,25.13310718536377,True
p3d_development__y0p2__task9__init41__rollout0,development,libero_object_temp,y0.2,9,41,0,53933455,y0.2|task9|init41,pick up the orange juice and place it in the basket,replication,baseline_h8,757fb7febb6437b3a09d9be022937748853dc1ff878fd3bb76506cff810f8a8f,0.0,0,0,0,,orange juice,140.0,140.0,0.04131693626189825,0.040098741348113975,0.06993907690048218,0.1840440299621933,0.2635051952833135,48.05801582336426,0,baseline,True,0,280,26,0.0,0,0,0,kinematic_deadlock_candidate,kinematic_deadlock_candidate,280,False,False,False,-1,,orange_juice_1,orange_juice_1,False,-1,,False,-1,,False,-1,True,0.0,0.0,-1,-1,1.040111344274841e-09,"[[""in"", ""orange_juice_1"", ""basket_1_contain_region""]]",[0],1.011218388945327,0.2667365709476651,2.3172562552554727,251112982.37606663,0.0,,,,,,,,,,,,,,,,,,,,,,,,,,,,,
p3d_development__y0p2__task9__init41__rollout0,development,libero_object_temp,y0.2,9,41,0,53933455,y0.2|task9|init41,pick up the orange juice and place it in the basket,replication,workspace_calibrated,757fb7febb6437b3a09d9be022937748853dc1ff878fd3bb76506cff810f8a8f,0.0,25,1,0,,orange juice,140.0,140.0,0.04131693626189825,0.040098741348113975,0.06993907690048218,0.1840440299621933,0.2635051952833135,48.05801582336426,1,workspace_calibrated,True,0,280,23,0.0,0,0,0,kinematic_deadlock_candidate,kinematic_deadlock_candidate,280,False,False,False,-1,,orange_juice_1,orange_juice_1,False,-1,,False,-1,,False,-1,True,0.0,0.0,-1,126,0.14607989386274045,"[[""in"", ""orange_juice_1"", ""basket_1_contain_region""]]",[0],1.235311209065813,0.2996382149154532,5.963860424132278,965499806.2978518,0.0,True,True,True,True,True,0.1566342059139588,25.13310718536377,True,True,orange juice,140.0,140.0,0.03897492020857363,0.040208544947611384,0.0683506578207016,0.19222539371918484,0.24631961688576431,62.58093070983887,True,workspace_calibrated,True,True,True,True,True,True,0.17846125737620328,25.13310718536377,True
p3d_development__y0p2__task9__init41__rollout0,development,libero_object_temp,y0.2,9,41,0,53933455,y0.2|task9|init41,pick up the orange juice and place it in the basket,replication,workspace_retreat_only,757fb7febb6437b3a09d9be022937748853dc1ff878fd3bb76506cff810f8a8f,0.0,3,1,0,,orange juice,140.0,140.0,0.04131693626189825,0.040098741348113975,0.06993907690048218,0.1840440299621933,0.2635051952833135,48.05801582336426,1,workspace_calibrated,True,0,280,26,0.0,1,0,0,target_drop_candidate,target_drop_candidate,271,False,False,False,-1,,orange_juice_1,orange_juice_1,True,271,orange_juice_1,False,-1,,False,-1,False,0.0,0.0,-1,124,0.13640861972203394,"[[""in"", ""orange_juice_1"", ""basket_1_contain_region""]]",[0],1.2681569515821987,0.34378708308007677,5.13850297691214,269596022.9274849,-1.0,True,True,True,True,True,0.1566342059139588,25.13310718536377,True,False,orange juice,140.0,140.0,0.03897492020857363,0.040208544947611384,0.0683506578207016,0.19222539371918484,0.24631961688576431,62.58093070983887,True,workspace_calibrated,True,True,True,True,True,True,0.17846125737620328,25.13310718536377,True
p3d_development__y0p2__task9__init42__rollout0,development,libero_object_temp,y0.2,9,42,0,56617742,y0.2|task9|init42,pick up the orange juice and place it in the basket,replication,baseline_h8,1ed6b66459d64fb93c16b604241924515395484a9c7632cccb7070171dc7db60,0.0,0,0,0,,orange juice,140.0,140.0,0.04172602064424369,0.040079561745303,0.07021652907133102,0.19043252548216827,0.25321972556283995,55.64912796020508,0,baseline,True,0,280,26,0.0,0,0,0,timeout_no_goal,timeout_no_goal,280,False,False,False,-1,,orange_juice_1,orange_juice_1,False,-1,,False,-1,,False,-1,False,0.0,0.0,-1,221,0.1413043127060038,"[[""in"", ""orange_juice_1"", ""basket_1_contain_region""]]",[0],1.6853861380138864,0.32937745383260286,5.252248746735978,175879579.551967,0.0,,,,,,,,,,,,,,,,,,,,,,,,,,,,,
p3d_development__y0p2__task9__init42__rollout0,development,libero_object_temp,y0.2,9,42,0,56617742,y0.2|task9|init42,pick up the orange juice and place it in the basket,replication,workspace_calibrated,1ed6b66459d64fb93c16b604241924515395484a9c7632cccb7070171dc7db60,0.0,25,1,0,,orange juice,140.0,140.0,0.04172602064424369,0.040079561745303,0.07021652907133102,0.19043252548216827,0.25321972556283995,55.64912796020508,1,workspace_calibrated,True,1,164,9,1.0,0,0,0,success,success,-1,True,False,False,-1,,orange_juice_1,orange_juice_1,False,-1,,False,-1,,False,-1,False,0.0,1.0,164,126,0.14325487626770955,"[[""in"", ""orange_juice_1"", ""basket_1_contain_region""]]",[1],1.289603613071668,0.3267068448454368,8.366905219247945,61367831.068158135,3.0,True,True,True,True,True,0.16462015273314431,25.13310718536377,True,True,orange juice,140.0,140.0,0.04140961987138969,0.04009439594923333,0.07000193744897854,0.1927372038561716,0.24743216418450625,61.631513595581055,True,workspace_calibrated,True,True,True,True,True,True,0.1864328210671593,25.13310718536377,True
p3d_development__y0p2__task9__init42__rollout0,development,libero_object_temp,y0.2,9,42,0,56617742,y0.2|task9|init42,pick up the orange juice and place it in the basket,replication,workspace_retreat_only,1ed6b66459d64fb93c16b604241924515395484a9c7632cccb7070171dc7db60,0.0,3,1,0,,orange juice,140.0,140.0,0.04172602064424369,0.040079561745303,0.07021652907133102,0.19043252548216827,0.25321972556283995,55.64912796020508,1,workspace_calibrated,True,0,280,26,0.0,0,0,0,kinematic_deadlock_candidate,kinematic_deadlock_candidate,280,False,False,False,-1,,orange_juice_1,orange_juice_1,False,-1,,False,-1,,False,-1,True,0.0,0.0,-1,-1,0.004612446061761422,"[[""in"", ""orange_juice_1"", ""basket_1_contain_region""]]",[0],1.2553429694464275,0.29667714473173906,4.07997562641079,234845130.5411864,0.0,True,True,True,True,True,0.16462015273314431,25.13310718536377,True,False,orange juice,140.0,140.0,0.04140961987138969,0.04009439594923333,0.07000193744897854,0.1927372038561716,0.24743216418450625,61.631513595581055,True,workspace_calibrated,True,True,True,True,True,True,0.1864328210671593,25.13310718536377,True
p3d_development__y0p2__task9__init43__rollout0,development,libero_object_temp,y0.2,9,43,0,55617900,y0.2|task9|init43,pick up the orange juice and place it in the basket,replication,baseline_h8,2ea19ba7601dd48a9a8d6b6a2695919c68a3e0cc9c0bdcab5ccbbea3f5de0e92,0.0,0,0,0,,orange juice,140.0,140.0,0.04060942318031824,0.04013191254817415,0.0694592222571373,0.1832063728673656,0.2557046699069359,55.25788497924805,0,baseline,True,0,280,26,0.0,0,0,0,timeout_no_goal,timeout_no_goal,280,False,False,False,-1,,orange_juice_1,orange_juice_1,False,-1,,False,-1,,False,-1,False,0.0,0.0,-1,-1,1.0401113303970533e-09,"[[""in"", ""orange_juice_1"", ""basket_1_contain_region""]]",[0],1.6208039503681373,0.31451566845739576,5.583516519793568,246630970.23618865,0.0,,,,,,,,,,,,,,,,,,,,,,,,,,,,,
p3d_development__y0p2__task9__init43__rollout0,development,libero_object_temp,y0.2,9,43,0,55617900,y0.2|task9|init43,pick up the orange juice and place it in the basket,replication,workspace_calibrated,2ea19ba7601dd48a9a8d6b6a2695919c68a3e0cc9c0bdcab5ccbbea3f5de0e92,0.0,25,1,0,,orange juice,140.0,140.0,0.04060942318031824,0.04013191254817415,0.0694592222571373,0.1832063728673656,0.2557046699069359,55.25788497924805,1,workspace_calibrated,True,1,165,9,1.0,0,0,0,success,success,-1,True,False,False,-1,,orange_juice_1,orange_juice_1,False,-1,,False,-1,,False,-1,False,0.0,1.0,165,126,0.1619398738662029,"[[""in"", ""orange_juice_1"", ""basket_1_contain_region""]]",[1],1.3045484970472918,0.30988207859547806,8.674378668223882,61444999.23820108,3.0,True,True,True,True,True,0.16323553486951395,25.13310718536377,True,True,orange juice,140.0,140.0,0.040673555799994654,0.04012890574022522,0.06950271874666214,0.18514913761935953,0.2505821940931764,61.219961166381836,True,workspace_calibrated,True,True,True,True,True,True,0.18501538932658734,25.13310718536377,True
p3d_development__y0p2__task9__init43__rollout0,development,libero_object_temp,y0.2,9,43,0,55617900,y0.2|task9|init43,pick up the orange juice and place it in the basket,replication,workspace_retreat_only,2ea19ba7601dd48a9a8d6b6a2695919c68a3e0cc9c0bdcab5ccbbea3f5de0e92,0.0,3,1,0,,orange juice,140.0,140.0,0.04060942318031824,0.04013191254817415,0.0694592222571373,0.1832063728673656,0.2557046699069359,55.25788497924805,1,workspace_calibrated,True,0,280,26,0.0,0,0,0,kinematic_deadlock_candidate,kinematic_deadlock_candidate,280,False,False,False,-1,,orange_juice_1,orange_juice_1,False,-1,,False,-1,,False,-1,True,0.0,0.0,-1,-1,0.00578657061069561,"[[""in"", ""orange_juice_1"", ""basket_1_contain_region""]]",[0],1.2483876096320081,0.28986075935713296,3.8545145503044735,247355039.61877128,0.0,True,True,True,True,True,0.16323553486951395,25.13310718536377,True,False,orange juice,140.0,140.0,0.040673555799994654,0.04012890574022522,0.06950271874666214,0.18514913761935953,0.2505821940931764,61.219961166381836,True,workspace_calibrated,True,True,True,True,True,True,0.18501538932658734,25.13310718536377,True
p3d_development__y0p2__task9__init44__rollout0,development,libero_object_temp,y0.2,9,44,0,52117601,y0.2|task9|init44,pick up the orange juice and place it in the basket,replication,baseline_h8,57838df4881c13117e3c3cdbb491eef445d0f30744e54949cd5e221054863d9c,0.0,0,0,0,,orange juice,140.0,140.0,0.03828149037783746,0.04024105586541898,0.06788035482168198,0.17906773889898303,0.25762441539652886,56.50666618347168,0,baseline,True,1,178,14,1.0,0,0,0,success,success,-1,True,False,False,-1,,orange_juice_1,orange_juice_1,False,-1,,False,-1,,False,-1,False,0.0,1.0,178,142,0.14523781290574317,"[[""in"", ""orange_juice_1"", ""basket_1_contain_region""]]",[1],1.1754351357230561,0.3319385173238632,4.843581798008118,20646049.475071203,3.0,,,,,,,,,,,,,,,,,,,,,,,,,,,,,
p3d_development__y0p2__task9__init44__rollout0,development,libero_object_temp,y0.2,9,44,0,52117601,y0.2|task9|init44,pick up the orange juice and place it in the basket,replication,workspace_calibrated,57838df4881c13117e3c3cdbb491eef445d0f30744e54949cd5e221054863d9c,0.0,25,1,0,,orange juice,140.0,140.0,0.03828149037783746,0.04024105586541898,0.06788035482168198,0.17906773889898303,0.25762441539652886,56.50666618347168,1,workspace_calibrated,True,0,280,23,0.0,0,0,0,kinematic_deadlock_candidate,kinematic_deadlock_candidate,280,False,False,False,-1,,orange_juice_1,orange_juice_1,False,-1,,False,-1,,False,-1,True,0.0,0.0,-1,126,0.14312943169863496,"[[""in"", ""orange_juice_1"", ""basket_1_contain_region""]]",[0],1.305618204392392,0.3623838115274253,6.926320387803628,956563978.9705238,0.0,True,True,True,True,True,0.1739170510294512,25.13310718536377,True,True,orange juice,140.0,140.0,0.03916730708222815,0.04019952503880532,0.06848113983869553,0.18068843585562802,0.2553947025439087,59.192745208740234,True,workspace_calibrated,True,True,True,True,True,True,0.19431034543290246,25.13310718536377,True
p3d_development__y0p2__task9__init44__rollout0,development,libero_object_temp,y0.2,9,44,0,52117601,y0.2|task9|init44,pick up the orange juice and place it in the basket,replication,workspace_retreat_only,57838df4881c13117e3c3cdbb491eef445d0f30744e54949cd5e221054863d9c,0.0,3,1,0,,orange juice,140.0,140.0,0.03828149037783746,0.04024105586541898,0.06788035482168198,0.17906773889898303,0.25762441539652886,56.50666618347168,1,workspace_calibrated,True,0,280,26,0.0,0,0,0,kinematic_deadlock_candidate,kinematic_deadlock_candidate,280,False,False,False,-1,,orange_juice_1,orange_juice_1,False,-1,,False,-1,,False,-1,True,0.0,0.0,-1,-1,1.0401111777413874e-09,"[[""in"", ""orange_juice_1"", ""basket_1_contain_region""]]",[0],0.9877998603367335,0.27830496498227925,2.197359353462295,219921539.5296321,0.0,True,True,True,True,True,0.1739170510294512,25.13310718536377,True,False,orange juice,140.0,140.0,0.03916730708222815,0.04019952503880532,0.06848113983869553,0.18068843585562802,0.2553947025439087,59.192745208740234,True,workspace_calibrated,True,True,True,True,True,True,0.19431034543290246,25.13310718536377,True
p3d_development__y0p3__task1__init40__rollout0,development,libero_object_temp,y0.3,1,40,0,56646709,y0.3|task1|init40,pick up the cream cheese and place it in the basket,replication,baseline_h8,1976e076891e5e0f61b93a12c61f71939342a079d7ca2007ac9e9a3c83cd0423,0.0,0,0,0,,cream cheese,156.0,163.0,0.048911956512219024,0.11988081768848004,0.008921477012336365,0.0975026006932772,0.3337208301851244,23.132236748933792,0,baseline,True,0,280,26,0.0,0,0,0,kinematic_deadlock_candidate,kinematic_deadlock_candidate,280,False,False,False,-1,,cream_cheese_1,cream_cheese_1,False,-1,,False,-1,,False,-1,True,0.0,0.0,-1,-1,2.3245294578089215e-16,"[[""in"", ""cream_cheese_1"", ""basket_1_contain_region""]]",[0],0.9642807397833553,0.31517006288873434,2.786386382866122,399831708.12370616,0.0,,,,,,,,,,,,,,,,,,,,,,,,,,,,,
p3d_development__y0p3__task1__init40__rollout0,development,libero_object_temp,y0.3,1,40,0,56646709,y0.3|task1|init40,pick up the cream cheese and place it in the basket,replication,workspace_calibrated,1976e076891e5e0f61b93a12c61f71939342a079d7ca2007ac9e9a3c83cd0423,0.0,25,1,0,,cream cheese,156.0,163.0,0.048911956512219024,0.11988081768848004,0.008921477012336365,0.0975026006932772,0.3337208301851244,23.132236748933792,1,workspace_calibrated,True,1,217,15,1.0,0,0,0,success,success,-1,True,False,False,-1,,cream_cheese_1,cream_cheese_1,False,-1,,False,-1,,False,-1,False,0.0,1.0,217,181,0.19435749248522743,"[[""in"", ""cream_cheese_1"", ""basket_1_contain_region""]]",[1],1.3650294019617872,0.3132764199876397,7.03013177834321,148985488.28499192,3.0,True,True,True,True,True,0.22253170152594912,19.613383197784422,True,True,cream cheese,156.0,163.0,0.048911956512219024,0.11988081768848004,0.008921477012336365,0.1239510588021399,0.3082448904422212,27.546764016151428,True,workspace_calibrated,True,True,True,True,True,True,0.23239209749514525,19.613383197784422,True
p3d_development__y0p3__task1__init40__rollout0,development,libero_object_temp,y0.3,1,40,0,56646709,y0.3|task1|init40,pick up the cream cheese and place it in the basket,replication,workspace_retreat_only,1976e076891e5e0f61b93a12c61f71939342a079d7ca2007ac9e9a3c83cd0423,0.0,3,1,0,,cream cheese,156.0,163.0,0.048911956512219024,0.11988081768848004,0.008921477012336365,0.0975026006932772,0.3337208301851244,23.132236748933792,1,workspace_calibrated,True,1,257,23,1.0,0,0,0,success,success,-1,True,False,False,-1,,cream_cheese_1,cream_cheese_1,False,-1,,False,-1,,False,-1,False,0.0,1.0,257,221,0.19197283812588015,"[[""in"", ""cream_cheese_1"", ""basket_1_contain_region""]]",[1],1.6815999136955806,0.3158930357217597,6.312269831632752,179289771.48832968,3.0,True,True,True,True,True,0.22253170152594912,19.613383197784422,True,False,cream cheese,156.0,163.0,0.048911956512219024,0.11988081768848004,0.008921477012336365,0.1239510588021399,0.3082448904422212,27.546764016151428,True,workspace_calibrated,True,True,True,True,True,True,0.23239209749514525,19.613383197784422,True
p3d_development__y0p3__task1__init41__rollout0,development,libero_object_temp,y0.3,1,41,0,54565152,y0.3|task1|init41,pick up the cream cheese and place it in the basket,replication,baseline_h8,a18a19e5bc66a94b940c8303cd7ddc855cd1cfe6283d48ca1f74f3dd2c644427,0.0,0,0,0,,cream cheese,156.0,163.0,0.048911956512219024,0.11988081768848004,0.008921477012336365,0.12701396151104155,0.30704954929265393,27.494186133146286,0,baseline,True,0,280,26,0.0,0,1,0,wrong_object_interaction_candidate,wrong_object_interaction_candidate,179,False,False,False,-1,,cream_cheese_1,cream_cheese_1,False,-1,,False,-1,,True,179,True,0.0,0.0,-1,-1,2.3245294578089215e-16,"[[""in"", ""cream_cheese_1"", ""basket_1_contain_region""]]",[0],1.504613597536027,0.347247176134564,5.724992145291206,381150484.63814926,-0.5,,,,,,,,,,,,,,,,,,,,,,,,,,,,,
p3d_development__y0p3__task1__init41__rollout0,development,libero_object_temp,y0.3,1,41,0,54565152,y0.3|task1|init41,pick up the cream cheese and place it in the basket,replication,workspace_calibrated,a18a19e5bc66a94b940c8303cd7ddc855cd1cfe6283d48ca1f74f3dd2c644427,0.0,25,1,0,,cream cheese,156.0,163.0,0.048911956512219024,0.11988081768848004,0.008921477012336365,0.12701396151104155,0.30704954929265393,27.494186133146286,1,workspace_calibrated,True,1,161,8,1.0,0,0,0,success,success,-1,True,False,False,-1,,cream_cheese_1,cream_cheese_1,False,-1,,False,-1,,False,-1,False,0.0,1.0,161,128,0.19912936536132253,"[[""in"", ""cream_cheese_1"", ""basket_1_contain_region""]]",[1],1.2731175012807578,0.31531611022046885,9.45546674847099,52465715.87450291,3.0,True,True,True,True,True,0.23095344327524533,19.613383197784422,True,True,cream cheese,156.0,163.0,0.048911956512219024,0.11988081768848004,0.008921477012336365,0.16747226720339395,0.2776893490279988,33.748912900686264,True,workspace_calibrated,True,True,True,True,True,True,0.2413248610867182,19.613383197784422,True
p3d_development__y0p3__task1__init41__rollout0,development,libero_object_temp,y0.3,1,41,0,54565152,y0.3|task1|init41,pick up the cream cheese and place it in the basket,replication,workspace_retreat_only,a18a19e5bc66a94b940c8303cd7ddc855cd1cfe6283d48ca1f74f3dd2c644427,0.0,3,1,0,,cream cheese,156.0,163.0,0.048911956512219024,0.11988081768848004,0.008921477012336365,0.12701396151104155,0.30704954929265393,27.494186133146286,1,workspace_calibrated,True,0,280,26,0.0,0,1,0,wrong_object_interaction_candidate,wrong_object_interaction_candidate,262,False,False,False,-1,,cream_cheese_1,cream_cheese_1,False,-1,,False,-1,,True,262,False,0.0,0.0,-1,-1,6.037545418717365e-05,"[[""in"", ""cream_cheese_1"", ""basket_1_contain_region""]]",[0],1.3920547394595313,0.37054291708951265,6.84447168442208,682105810.869529,-0.5,True,True,True,True,True,0.23095344327524533,19.613383197784422,True,False,cream cheese,156.0,163.0,0.048911956512219024,0.11988081768848004,0.008921477012336365,0.16747226720339395,0.2776893490279988,33.748912900686264,True,workspace_calibrated,True,True,True,True,True,True,0.2413248610867182,19.613383197784422,True
p3d_development__y0p3__task1__init42__rollout0,development,libero_object_temp,y0.3,1,42,0,51657332,y0.3|task1|init42,pick up the cream cheese and place it in the basket,replication,baseline_h8,dfec4286f2a641711e1866c4c409e3dfa8c3d735dbf267ed53113489064c19d2,0.0,0,0,0,,cream cheese,156.0,163.0,0.048911956512219024,0.11988081768848004,0.008921477012336365,0.10313935066633567,0.30676858162668424,27.49808043241501,0,baseline,True,0,280,26,0.0,0,0,0,timeout_no_goal,timeout_no_goal,280,False,False,False,-1,,cream_cheese_1,cream_cheese_1,False,-1,,False,-1,,False,-1,False,0.0,0.0,-1,-1,2.3245294578089215e-16,"[[""in"", ""cream_cheese_1"", ""basket_1_contain_region""]]",[0],1.095434345123757,0.30006665435069074,5.911767348449752,695281757.3690289,0.0,,,,,,,,,,,,,,,,,,,,,,,,,,,,,
p3d_development__y0p3__task1__init42__rollout0,development,libero_object_temp,y0.3,1,42,0,51657332,y0.3|task1|init42,pick up the cream cheese and place it in the basket,replication,workspace_calibrated,dfec4286f2a641711e1866c4c409e3dfa8c3d735dbf267ed53113489064c19d2,0.0,25,1,0,,cream cheese,156.0,163.0,0.048911956512219024,0.11988081768848004,0.008921477012336365,0.10313935066633567,0.30676858162668424,27.49808043241501,1,workspace_calibrated,True,1,210,15,1.0,0,0,0,success,success,-1,True,False,False,-1,,cream_cheese_1,cream_cheese_1,False,-1,,False,-1,,False,-1,False,0.0,1.0,210,174,0.19694877855237927,"[[""in"", ""cream_cheese_1"", ""basket_1_contain_region""]]",[1],1.417887418929272,0.3132793709921799,7.624207539328538,149714636.35773528,3.0,True,True,True,True,True,0.22089830177832515,19.613383197784422,True,True,cream cheese,156.0,163.0,0.048911956512219024,0.11988081768848004,0.008921477012336365,0.12351304867349265,0.2764699480809792,36.271123349666595,True,workspace_calibrated,True,True,True,True,True,True,0.2335382407932403,19.613383197784422,True
p3d_development__y0p3__task1__init42__rollout0,development,libero_object_temp,y0.3,1,42,0,51657332,y0.3|task1|init42,pick up the cream cheese and place it in the basket,replication,workspace_retreat_only,dfec4286f2a641711e1866c4c409e3dfa8c3d735dbf267ed53113489064c19d2,0.0,3,1,0,,cream cheese,156.0,163.0,0.048911956512219024,0.11988081768848004,0.008921477012336365,0.10313935066633567,0.30676858162668424,27.49808043241501,1,workspace_calibrated,True,0,280,26,0.0,0,0,0,kinematic_deadlock_candidate,kinematic_deadlock_candidate,280,False,False,False,-1,,cream_cheese_1,cream_cheese_1,False,-1,,False,-1,,False,-1,True,0.0,0.0,-1,-1,2.3245294578089215e-16,"[[""in"", ""cream_cheese_1"", ""basket_1_contain_region""]]",[0],1.321478788890485,0.2733562406703708,4.258987372159208,456312360.4760173,0.0,True,True,True,True,True,0.22089830177832515,19.613383197784422,True,False,cream cheese,156.0,163.0,0.048911956512219024,0.11988081768848004,0.008921477012336365,0.12351304867349265,0.2764699480809792,36.271123349666595,True,workspace_calibrated,True,True,True,True,True,True,0.2335382407932403,19.613383197784422,True
p3d_development__y0p3__task1__init43__rollout0,development,libero_object_temp,y0.3,1,43,0,53119048,y0.3|task1|init43,pick up the cream cheese and place it in the basket,replication,baseline_h8,81bce688857cd93964e5a47cc1e66c597f47d0c947fe8db7ba65debdd074192e,0.0,0,0,0,,cream cheese,156.0,163.0,0.048911956512219024,0.11988081768848004,0.008921477012336365,0.09122679448849365,0.33904994367047236,21.83002045750618,0,baseline,True,0,280,26,0.0,0,1,0,wrong_object_interaction_candidate,wrong_object_interaction_candidate,277,False,False,False,-1,,cream_cheese_1,cream_cheese_1,False,-1,,False,-1,,True,277,False,0.0,0.0,-1,-1,7.720401670246145e-05,"[[""in"", ""cream_cheese_1"", ""basket_1_contain_region""]]",[0],1.1403605272296615,0.3476284618988198,5.726293279132773,553679948.5237006,-0.5,,,,,,,,,,,,,,,,,,,,,,,,,,,,,
p3d_development__y0p3__task1__init43__rollout0,development,libero_object_temp,y0.3,1,43,0,53119048,y0.3|task1|init43,pick up the cream cheese and place it in the basket,replication,workspace_calibrated,81bce688857cd93964e5a47cc1e66c597f47d0c947fe8db7ba65debdd074192e,0.0,25,1,0,,cream cheese,156.0,163.0,0.048911956512219024,0.11988081768848004,0.008921477012336365,0.09122679448849365,0.33904994367047236,21.83002045750618,1,workspace_calibrated,True,1,205,14,1.0,0,0,0,success,success,-1,True,False,False,-1,,cream_cheese_1,cream_cheese_1,False,-1,,False,-1,,False,-1,False,0.0,1.0,205,169,0.18713393825113322,"[[""in"", ""cream_cheese_1"", ""basket_1_contain_region""]]",[1],1.3813704683522936,0.32393962189699815,7.20929785677914,100709181.31118783,3.0,True,True,True,True,True,0.22188580097359056,19.613383197784422,True,True,cream cheese,156.0,163.0,0.048911956512219024,0.11988081768848004,0.008921477012336365,0.1282313924245458,0.30348520419026886,27.669750213623047,True,workspace_calibrated,True,True,True,True,True,True,0.23117564306524957,19.613383197784422,True
p3d_development__y0p3__task1__init43__rollout0,development,libero_object_temp,y0.3,1,43,0,53119048,y0.3|task1|init43,pick up the cream cheese and place it in the basket,replication,workspace_retreat_only,81bce688857cd93964e5a47cc1e66c597f47d0c947fe8db7ba65debdd074192e,0.0,3,1,0,,cream cheese,156.0,163.0,0.048911956512219024,0.11988081768848004,0.008921477012336365,0.09122679448849365,0.33904994367047236,21.83002045750618,1,workspace_calibrated,True,1,205,17,1.0,0,0,0,success,success,-1,True,False,False,-1,,cream_cheese_1,cream_cheese_1,False,-1,,False,-1,,False,-1,False,0.0,1.0,205,164,0.1927767993900331,"[[""in"", ""cream_cheese_1"", ""basket_1_contain_region""]]",[1],1.375293757598671,0.3204306595283386,5.040547184173877,38697499.98578759,3.0,True,True,True,True,True,0.22188580097359056,19.613383197784422,True,False,cream cheese,156.0,163.0,0.048911956512219024,0.11988081768848004,0.008921477012336365,0.1282313924245458,0.30348520419026886,27.669750213623047,True,workspace_calibrated,True,True,True,True,True,True,0.23117564306524957,19.613383197784422,True
p3d_development__y0p3__task1__init44__rollout0,development,libero_object_temp,y0.3,1,44,0,52589296,y0.3|task1|init44,pick up the cream cheese and place it in the basket,replication,baseline_h8,1905bf7c17269d93abe8616956843c46b0d4da862e6fdcb8efdc66b214ebc340,0.0,0,0,0,,cream cheese,156.0,163.0,0.048911956512219024,0.11988081768848004,0.008921477012336365,0.10599683634357294,0.3239272739484809,23.554484605789185,0,baseline,True,0,280,26,0.0,0,0,0,timeout_no_goal,timeout_no_goal,280,False,False,False,-1,,cream_cheese_1,cream_cheese_1,False,-1,,False,-1,,False,-1,False,0.0,0.0,-1,263,0.19355630574636393,"[[""in"", ""cream_cheese_1"", ""basket_1_contain_region""]]",[0],1.4824840558467491,0.27831077126515674,6.188491796816705,368682488.653538,0.0,,,,,,,,,,,,,,,,,,,,,,,,,,,,,
p3d_development__y0p3__task1__init44__rollout0,development,libero_object_temp,y0.3,1,44,0,52589296,y0.3|task1|init44,pick up the cream cheese and place it in the basket,replication,workspace_calibrated,1905bf7c17269d93abe8616956843c46b0d4da862e6fdcb8efdc66b214ebc340,0.0,25,1,0,,cream cheese,156.0,163.0,0.048911956512219024,0.11988081768848004,0.008921477012336365,0.10599683634357294,0.3239272739484809,23.554484605789185,1,workspace_calibrated,True,1,201,13,1.0,0,0,0,success,success,-1,True,False,False,-1,,cream_cheese_1,cream_cheese_1,False,-1,,False,-1,,False,-1,False,0.0,1.0,201,167,0.19163674223536203,"[[""in"", ""cream_cheese_1"", ""basket_1_contain_region""]]",[1],1.372225652181978,0.31614203729328844,7.49272845531766,94394937.70131986,3.0,True,True,True,True,True,0.22645429759416713,19.613383197784422,True,True,cream cheese,156.0,163.0,0.048911956512219024,0.11988081768848004,0.008921477012336365,0.12379928958346799,0.30757425777179037,27.731437146663666,True,workspace_calibrated,True,True,True,True,True,True,0.23622877605736137,19.613383197784422,True
p3d_development__y0p3__task1__init44__rollout0,development,libero_object_temp,y0.3,1,44,0,52589296,y0.3|task1|init44,pick up the cream cheese and place it in the basket,replication,workspace_retreat_only,1905bf7c17269d93abe8616956843c46b0d4da862e6fdcb8efdc66b214ebc340,0.0,3,1,0,,cream cheese,156.0,163.0,0.048911956512219024,0.11988081768848004,0.008921477012336365,0.10599683634357294,0.3239272739484809,23.554484605789185,1,workspace_calibrated,True,0,280,26,0.0,0,0,0,timeout_no_goal,timeout_no_goal,280,False,False,False,-1,,cream_cheese_1,cream_cheese_1,False,-1,,False,-1,,False,-1,False,0.0,0.0,-1,-1,2.3245294578089215e-16,"[[""in"", ""cream_cheese_1"", ""basket_1_contain_region""]]",[0],1.1836818864672949,0.3023131639463841,5.400983960090123,443791380.17480755,0.0,True,True,True,True,True,0.22645429759416713,19.613383197784422,True,False,cream cheese,156.0,163.0,0.048911956512219024,0.11988081768848004,0.008921477012336365,0.12379928958346799,0.30757425777179037,27.731437146663666,True,workspace_calibrated,True,True,True,True,True,True,0.23622877605736137,19.613383197784422,True
p3d_development__y0p3__task5__init40__rollout0,development,libero_object_temp,y0.3,5,40,0,54218720,y0.3|task5|init40,pick up the tomato sauce and place it in the basket,replication,baseline_h8,d6c984c044f5812ae8acc9c086458fa73fadae61023966afc180cd7c70d791a2,0.0,0,0,0,,tomato sauce,148.0,163.0,0.04309379533422919,0.1186751227776908,0.03839259594678879,0.06305932313347995,0.3696019351745039,34.55600929260254,0,baseline,True,0,280,26,0.0,0,0,0,timeout_no_goal,timeout_no_goal,280,False,False,False,-1,,tomato_sauce_1,tomato_sauce_1,False,-1,,False,-1,,False,-1,False,0.0,0.0,-1,-1,1.0408340855860843e-16,"[[""in"", ""tomato_sauce_1"", ""basket_1_contain_region""]]",[0],1.0698558694343294,0.25079864573748806,2.4035552380586895,120646731.52791823,0.0,,,,,,,,,,,,,,,,,,,,,,,,,,,,,
p3d_development__y0p3__task5__init40__rollout0,development,libero_object_temp,y0.3,5,40,0,54218720,y0.3|task5|init40,pick up the tomato sauce and place it in the basket,replication,workspace_calibrated,d6c984c044f5812ae8acc9c086458fa73fadae61023966afc180cd7c70d791a2,0.0,25,1,0,,tomato sauce,148.0,163.0,0.04309379533422919,0.1186751227776908,0.03839259594678879,0.06305932313347995,0.3696019351745039,34.55600929260254,1,workspace_calibrated,True,1,218,16,1.0,0,0,0,success,success,-1,True,False,False,-1,,tomato_sauce_1,tomato_sauce_1,False,-1,,False,-1,,False,-1,False,0.0,1.0,218,185,0.1465718073449962,"[[""in"", ""tomato_sauce_1"", ""basket_1_contain_region""]]",[1],1.3614972788184818,0.3134558619169793,6.660144740680303,127738591.9028214,3.0,True,True,True,True,True,0.219003845865452,14.163268327713011,True,True,tomato sauce,148.0,163.0,0.04309379533422919,0.1186751227776908,0.03839259594678879,0.06748719554456192,0.36101938483080864,37.59072494506836,True,workspace_calibrated,True,True,True,True,True,True,0.2251166727342343,14.163268327713011,True
p3d_development__y0p3__task5__init40__rollout0,development,libero_object_temp,y0.3,5,40,0,54218720,y0.3|task5|init40,pick up the tomato sauce and place it in the basket,replication,workspace_retreat_only,d6c984c044f5812ae8acc9c086458fa73fadae61023966afc180cd7c70d791a2,0.0,3,1,0,,tomato sauce,148.0,163.0,0.04309379533422919,0.1186751227776908,0.03839259594678879,0.06305932313347995,0.3696019351745039,34.55600929260254,1,workspace_calibrated,True,1,218,18,1.0,0,0,0,success,success,-1,True,False,False,-1,,tomato_sauce_1,tomato_sauce_1,False,-1,,False,-1,,False,-1,False,0.0,1.0,218,190,0.15104554344619917,"[[""in"", ""tomato_sauce_1"", ""basket_1_contain_region""]]",[1],1.4023971901158556,0.3309576528012775,4.316679680536275,33829769.935557455,3.0,True,True,True,True,True,0.219003845865452,14.163268327713011,True,False,tomato sauce,148.0,163.0,0.04309379533422919,0.1186751227776908,0.03839259594678879,0.06748719554456192,0.36101938483080864,37.59072494506836,True,workspace_calibrated,True,True,True,True,True,True,0.2251166727342343,14.163268327713011,True
p3d_development__y0p3__task5__init41__rollout0,development,libero_object_temp,y0.3,5,41,0,55528207,y0.3|task5|init41,pick up the tomato sauce and place it in the basket,replication,baseline_h8,b8bc2c16435fa891fa710e5b8bcd946617aab126bf9cfcb3ac348d9368575d8a,0.0,0,0,0,,tomato sauce,148.0,163.0,0.04309379533422919,0.1186751227776908,0.03839259594678879,0.06309037587613367,0.36959877892899606,32.620755195617676,0,baseline,True,0,280,26,0.0,0,1,0,wrong_object_interaction_candidate,wrong_object_interaction_candidate,263,False,False,False,-1,,tomato_sauce_1,tomato_sauce_1,False,-1,,False,-1,,True,263,False,0.0,0.0,-1,-1,2.478548529299268e-05,"[[""in"", ""tomato_sauce_1"", ""basket_1_contain_region""]]",[0],1.1159057545527684,0.27975652332673623,4.4584723882339246,366000885.3694663,-0.5,,,,,,,,,,,,,,,,,,,,,,,,,,,,,
p3d_development__y0p3__task5__init41__rollout0,development,libero_object_temp,y0.3,5,41,0,55528207,y0.3|task5|init41,pick up the tomato sauce and place it in the basket,replication,workspace_calibrated,b8bc2c16435fa891fa710e5b8bcd946617aab126bf9cfcb3ac348d9368575d8a,0.0,25,1,0,,tomato sauce,148.0,163.0,0.04309379533422919,0.1186751227776908,0.03839259594678879,0.06309037587613367,0.36959877892899606,32.620755195617676,1,workspace_calibrated,True,1,270,22,1.0,0,0,0,success,success,-1,True,False,False,-1,,tomato_sauce_1,tomato_sauce_1,False,-1,,False,-1,,False,-1,False,0.0,1.0,270,149,0.19389208127260543,"[[""in"", ""tomato_sauce_1"", ""basket_1_contain_region""]]",[1],1.4238090748934709,0.2931122124916458,8.096619536736371,538152655.6418087,3.0,True,True,True,True,True,0.21932545249900381,14.163268327713011,True,True,tomato sauce,148.0,163.0,0.04309379533422919,0.1186751227776908,0.03839259594678879,0.06869272214408241,0.3621836083937529,35.86498165130615,True,workspace_calibrated,True,True,True,True,True,True,0.22411532187123462,14.163268327713011,True
p3d_development__y0p3__task5__init41__rollout0,development,libero_object_temp,y0.3,5,41,0,55528207,y0.3|task5|init41,pick up the tomato sauce and place it in the basket,replication,workspace_retreat_only,b8bc2c16435fa891fa710e5b8bcd946617aab126bf9cfcb3ac348d9368575d8a,0.0,3,1,0,,tomato sauce,148.0,163.0,0.04309379533422919,0.1186751227776908,0.03839259594678879,0.06309037587613367,0.36959877892899606,32.620755195617676,1,workspace_calibrated,True,0,280,26,0.0,0,0,0,timeout_no_goal,timeout_no_goal,280,False,False,False,-1,,tomato_sauce_1,tomato_sauce_1,False,-1,,False,-1,,False,-1,False,0.0,0.0,-1,-1,1.0408340855860843e-16,"[[""in"", ""tomato_sauce_1"", ""basket_1_contain_region""]]",[0],1.0841798025927956,0.2572672427716167,2.5357737617314187,149054473.78054848,0.0,True,True,True,True,True,0.21932545249900381,14.163268327713011,True,False,tomato sauce,148.0,163.0,0.04309379533422919,0.1186751227776908,0.03839259594678879,0.06869272214408241,0.3621836083937529,35.86498165130615,True,workspace_calibrated,True,True,True,True,True,True,0.22411532187123462,14.163268327713011,True
p3d_development__y0p3__task5__init42__rollout0,development,libero_object_temp,y0.3,5,42,0,59670439,y0.3|task5|init42,pick up the tomato sauce and place it in the basket,replication,baseline_h8,63b1ca024280600912260b3cf81645da2753f43ffb24bde7d772ca2546124a22,0.0,0,0,0,,tomato sauce,148.0,163.0,0.04309379533422919,0.1186751227776908,0.03839259594678879,0.06461331890794043,0.3646097996725204,35.45364952087402,0,baseline,True,0,280,26,0.0,0,0,0,timeout_no_goal,timeout_no_goal,280,False,False,False,-1,,tomato_sauce_1,tomato_sauce_1,False,-1,,False,-1,,False,-1,False,0.0,0.0,-1,-1,1.0408340855860843e-16,"[[""in"", ""tomato_sauce_1"", ""basket_1_contain_region""]]",[0],1.053406926414881,0.23714914060164458,2.3080547026800335,149832748.39862296,0.0,,,,,,,,,,,,,,,,,,,,,,,,,,,,,
p3d_development__y0p3__task5__init42__rollout0,development,libero_object_temp,y0.3,5,42,0,59670439,y0.3|task5|init42,pick up the tomato sauce and place it in the basket,replication,workspace_calibrated,63b1ca024280600912260b3cf81645da2753f43ffb24bde7d772ca2546124a22,0.0,25,1,0,,tomato sauce,148.0,163.0,0.04309379533422919,0.1186751227776908,0.03839259594678879,0.06461331890794043,0.3646097996725204,35.45364952087402,1,workspace_calibrated,True,1,215,15,1.0,0,0,0,success,success,-1,True,False,False,-1,,tomato_sauce_1,tomato_sauce_1,False,-1,,False,-1,,False,-1,False,0.0,1.0,215,186,0.15121839588641103,"[[""in"", ""tomato_sauce_1"", ""basket_1_contain_region""]]",[1],1.4144524836475787,0.32598835351444433,6.86333686741028,112784254.0539612,3.0,True,True,True,True,True,0.2182966348995903,14.163268327713011,True,True,tomato sauce,148.0,163.0,0.04309379533422919,0.1186751227776908,0.03839259594678879,0.0722694779565745,0.3563513725951127,37.63607597351074,True,workspace_calibrated,True,True,True,True,True,True,0.22607806716492446,14.163268327713011,True
p3d_development__y0p3__task5__init42__rollout0,development,libero_object_temp,y0.3,5,42,0,59670439,y0.3|task5|init42,pick up the tomato sauce and place it in the basket,replication,workspace_retreat_only,63b1ca024280600912260b3cf81645da2753f43ffb24bde7d772ca2546124a22,0.0,3,1,0,,tomato sauce,148.0,163.0,0.04309379533422919,0.1186751227776908,0.03839259594678879,0.06461331890794043,0.3646097996725204,35.45364952087402,1,workspace_calibrated,True,0,280,26,0.0,0,0,0,timeout_no_goal,timeout_no_goal,280,False,False,False,-1,,tomato_sauce_1,tomato_sauce_1,False,-1,,False,-1,,False,-1,False,0.0,0.0,-1,-1,1.0408340855860843e-16,"[[""in"", ""tomato_sauce_1"", ""basket_1_contain_region""]]",[0],1.0599653156849882,0.25303544758621904,2.1429804925814726,105519918.68983756,0.0,True,True,True,True,True,0.2182966348995903,14.163268327713011,True,False,tomato sauce,148.0,163.0,0.04309379533422919,0.1186751227776908,0.03839259594678879,0.0722694779565745,0.3563513725951127,37.63607597351074,True,workspace_calibrated,True,True,True,True,True,True,0.22607806716492446,14.163268327713011,True
p3d_development__y0p3__task5__init43__rollout0,development,libero_object_temp,y0.3,5,43,0,50586635,y0.3|task5|init43,pick up the tomato sauce and place it in the basket,replication,baseline_h8,ba1e72378ae2839e5831143e63f64e622391b5f178ebc85e6d0a794c4903aa83,0.0,0,0,0,,tomato sauce,148.0,163.0,0.04309379533422919,0.1186751227776908,0.03839259594678879,0.060158245130977325,0.37264113872118365,32.54413032531738,0,baseline,True,0,280,26,0.0,0,0,0,timeout_no_goal,timeout_no_goal,280,False,False,False,-1,,tomato_sauce_1,tomato_sauce_1,False,-1,,False,-1,,False,-1,False,0.0,0.0,-1,-1,1.0408340855860843e-16,"[[""in"", ""tomato_sauce_1"", ""basket_1_contain_region""]]",[0],1.0662889943971243,0.2525246948363044,2.1428818467729043,114046120.48159651,0.0,,,,,,,,,,,,,,,,,,,,,,,,,,,,,
p3d_development__y0p3__task5__init43__rollout0,development,libero_object_temp,y0.3,5,43,0,50586635,y0.3|task5|init43,pick up the tomato sauce and place it in the basket,replication,workspace_calibrated,ba1e72378ae2839e5831143e63f64e622391b5f178ebc85e6d0a794c4903aa83,0.0,25,1,0,,tomato sauce,148.0,163.0,0.04309379533422919,0.1186751227776908,0.03839259594678879,0.060158245130977325,0.37264113872118365,32.54413032531738,1,workspace_calibrated,True,1,229,17,1.0,0,0,0,success,success,-1,True,False,False,-1,,tomato_sauce_1,tomato_sauce_1,False,-1,,False,-1,,False,-1,False,0.0,1.0,229,193,0.1494789053749145,"[[""in"", ""tomato_sauce_1"", ""basket_1_contain_region""]]",[1],1.426044297901432,0.31269053400151514,7.250026194937438,216994052.338184,3.0,True,True,True,True,True,0.2190532882853167,14.163268327713011,True,True,tomato sauce,148.0,163.0,0.04309379533422919,0.1186751227776908,0.03839259594678879,0.06480055046541448,0.36301971440740305,35.36782264709473,True,workspace_calibrated,True,True,True,True,True,True,0.2245270967500186,14.163268327713011,True
p3d_development__y0p3__task5__init43__rollout0,development,libero_object_temp,y0.3,5,43,0,50586635,y0.3|task5|init43,pick up the tomato sauce and place it in the basket,replication,workspace_retreat_only,ba1e72378ae2839e5831143e63f64e622391b5f178ebc85e6d0a794c4903aa83,0.0,3,1,0,,tomato sauce,148.0,163.0,0.04309379533422919,0.1186751227776908,0.03839259594678879,0.060158245130977325,0.37264113872118365,32.54413032531738,1,workspace_calibrated,True,0,280,26,0.0,0,0,0,timeout_no_goal,timeout_no_goal,280,False,False,False,-1,,tomato_sauce_1,tomato_sauce_1,False,-1,,False,-1,,False,-1,False,0.0,0.0,-1,-1,0.027815579244554606,"[[""in"", ""tomato_sauce_1"", ""basket_1_contain_region""]]",[0],1.263906562034788,0.24992995917431907,4.492865428443262,194973458.99234003,0.0,True,True,True,True,True,0.2190532882853167,14.163268327713011,True,False,tomato sauce,148.0,163.0,0.04309379533422919,0.1186751227776908,0.03839259594678879,0.06480055046541448,0.36301971440740305,35.36782264709473,True,workspace_calibrated,True,True,True,True,True,True,0.2245270967500186,14.163268327713011,True
p3d_development__y0p3__task5__init44__rollout0,development,libero_object_temp,y0.3,5,44,0,51612822,y0.3|task5|init44,pick up the tomato sauce and place it in the basket,replication,baseline_h8,d6d45c0789f04e92b549c9bb145ec33bc21965685d0a12b7bc09fe80266f4930,0.0,0,0,0,,tomato sauce,148.0,163.0,0.04309379533422919,0.1186751227776908,0.03839259594678879,0.06917107618224662,0.3599411454085259,35.77888870239258,0,baseline,True,0,280,26,0.0,0,1,0,wrong_object_interaction_candidate,wrong_object_interaction_candidate,209,False,False,False,-1,,tomato_sauce_1,tomato_sauce_1,False,-1,,False,-1,,True,209,False,0.0,0.0,-1,-1,0.004414560947129907,"[[""in"", ""tomato_sauce_1"", ""basket_1_contain_region""]]",[0],1.2350074022289323,0.2489837902043954,4.843743948758468,319150182.64488435,-0.5,,,,,,,,,,,,,,,,,,,,,,,,,,,,,
p3d_development__y0p3__task5__init44__rollout0,development,libero_object_temp,y0.3,5,44,0,51612822,y0.3|task5|init44,pick up the tomato sauce and place it in the basket,replication,workspace_calibrated,d6d45c0789f04e92b549c9bb145ec33bc21965685d0a12b7bc09fe80266f4930,0.0,25,1,0,,tomato sauce,148.0,163.0,0.04309379533422919,0.1186751227776908,0.03839259594678879,0.06917107618224662,0.3599411454085259,35.77888870239258,1,workspace_calibrated,True,1,231,17,1.0,0,0,0,success,success,-1,True,False,False,-1,,tomato_sauce_1,tomato_sauce_1,False,-1,,False,-1,,False,-1,False,0.0,1.0,231,193,0.14572755943572138,"[[""in"", ""tomato_sauce_1"", ""basket_1_contain_region""]]",[1],1.409048685858865,0.3249038581056824,6.896731690890843,199320267.12692973,3.0,True,True,True,True,True,0.2239096540734212,14.163268327713011,True,True,tomato sauce,148.0,163.0,0.04309379533422919,0.1186751227776908,0.03839259594678879,0.06670613831472799,0.36585088402912497,33.289443016052246,True,workspace_calibrated,True,True,True,True,True,True,0.2341405365042388,14.163268327713011,True
p3d_development__y0p3__task5__init44__rollout0,development,libero_object_temp,y0.3,5,44,0,51612822,y0.3|task5|init44,pick up the tomato sauce and place it in the basket,replication,workspace_retreat_only,d6d45c0789f04e92b549c9bb145ec33bc21965685d0a12b7bc09fe80266f4930,0.0,3,1,0,,tomato sauce,148.0,163.0,0.04309379533422919,0.1186751227776908,0.03839259594678879,0.06917107618224662,0.3599411454085259,35.77888870239258,1,workspace_calibrated,True,0,280,26,0.0,0,0,0,timeout_no_goal,timeout_no_goal,280,False,False,False,-1,,tomato_sauce_1,tomato_sauce_1,False,-1,,False,-1,,False,-1,False,0.0,0.0,-1,-1,1.0408340855860843e-16,"[[""in"", ""tomato_sauce_1"", ""basket_1_contain_region""]]",[0],1.3534043125643374,0.2424604939160072,3.7042755737479163,165489486.6704105,0.0,True,True,True,True,True,0.2239096540734212,14.163268327713011,True,False,tomato sauce,148.0,163.0,0.04309379533422919,0.1186751227776908,0.03839259594678879,0.06670613831472799,0.36585088402912497,33.289443016052246,True,workspace_calibrated,True,True,True,True,True,True,0.2341405365042388,14.163268327713011,True
