condition,factor,task_id,init_state_id,query_idx,rollout_seed,candidate_idx,candidate_seed,candidate_value_parallel,terminal_success_bool_parallel,terminal_failure_type_parallel,candidate_action_first_d0_parallel,candidate_action_first_d1_parallel,candidate_action_first_d2_parallel,candidate_action_first_d3_parallel,candidate_action_first_d4_parallel,candidate_action_first_d5_parallel,candidate_action_first_d6_parallel,candidate_action_last_d0_parallel,candidate_action_last_d1_parallel,candidate_action_last_d2_parallel,candidate_action_last_d3_parallel,candidate_action_last_d4_parallel,candidate_action_last_d5_parallel,candidate_action_last_d6_parallel,candidate_action_mean_d0_parallel,candidate_action_mean_d1_parallel,candidate_action_mean_d2_parallel,candidate_action_mean_d3_parallel,candidate_action_mean_d4_parallel,candidate_action_mean_d5_parallel,candidate_action_mean_d6_parallel,candidate_action_std_d0_parallel,candidate_action_std_d1_parallel,candidate_action_std_d2_parallel,candidate_action_std_d3_parallel,candidate_action_std_d4_parallel,candidate_action_std_d5_parallel,candidate_action_std_d6_parallel,future_proprio_l2_autoregressive_vs_parallel_parallel,future_proprio_rmse_autoregressive_vs_parallel_parallel,candidate_value_autoregressive,terminal_success_bool_autoregressive,terminal_failure_type_autoregressive,candidate_action_first_d0_autoregressive,candidate_action_first_d1_autoregressive,candidate_action_first_d2_autoregressive,candidate_action_first_d3_autoregressive,candidate_action_first_d4_autoregressive,candidate_action_first_d5_autoregressive,candidate_action_first_d6_autoregressive,candidate_action_last_d0_autoregressive,candidate_action_last_d1_autoregressive,candidate_action_last_d2_autoregressive,candidate_action_last_d3_autoregressive,candidate_action_last_d4_autoregressive,candidate_action_last_d5_autoregressive,candidate_action_last_d6_autoregressive,candidate_action_mean_d0_autoregressive,candidate_action_mean_d1_autoregressive,candidate_action_mean_d2_autoregressive,candidate_action_mean_d3_autoregressive,candidate_action_mean_d4_autoregressive,candidate_action_mean_d5_autoregressive,candidate_action_mean_d6_autoregressive,candidate_action_std_d0_autoregressive,candidate_action_std_d1_autoregressive,candidate_action_std_d2_autoregressive,candidate_action_std_d3_autoregressive,candidate_action_std_d4_autoregressive,candidate_action_std_d5_autoregressive,candidate_action_std_d6_autoregressive,future_proprio_l2_autoregressive_vs_parallel_autoregressive,future_proprio_rmse_autoregressive_vs_parallel_autoregressive,_merge,action_abs_diff__candidate_action_first_d0,action_abs_diff__candidate_action_first_d1,action_abs_diff__candidate_action_first_d2,action_abs_diff__candidate_action_first_d3,action_abs_diff__candidate_action_first_d4,action_abs_diff__candidate_action_first_d5,action_abs_diff__candidate_action_first_d6,action_abs_diff__candidate_action_last_d0,action_abs_diff__candidate_action_last_d1,action_abs_diff__candidate_action_last_d2,action_abs_diff__candidate_action_last_d3,action_abs_diff__candidate_action_last_d4,action_abs_diff__candidate_action_last_d5,action_abs_diff__candidate_action_last_d6,action_abs_diff__candidate_action_mean_d0,action_abs_diff__candidate_action_mean_d1,action_abs_diff__candidate_action_mean_d2,action_abs_diff__candidate_action_mean_d3,action_abs_diff__candidate_action_mean_d4,action_abs_diff__candidate_action_mean_d5,action_abs_diff__candidate_action_mean_d6,action_abs_diff__candidate_action_std_d0,action_abs_diff__candidate_action_std_d1,action_abs_diff__candidate_action_std_d2,action_abs_diff__candidate_action_std_d3,action_abs_diff__candidate_action_std_d4,action_abs_diff__candidate_action_std_d5,action_abs_diff__candidate_action_std_d6,action_signature_max_abs,action_signature_mean_abs,terminal_outcome_agrees,value_delta_autoregressive_minus_parallel,future_proprio_l2_autoregressive_vs_parallel,future_proprio_rmse_autoregressive_vs_parallel
Object,Object,0,5,0,5100000,0,5100000,0.23406869173049927,True,success,0.16307350248098373,-0.05375487729907036,0.0337744876742363,-0.037668422012904657,0.0477423369884491,-0.002519778302534803,-1.0054454803466797,0.1298849657177925,-0.8827009610831738,0.0031261146068573,0.024166988637419173,-0.008570931851863861,-0.0012434395752407568,-1.0039342641830444,0.14967545634135604,-0.607961006462574,0.021242459770292044,-0.003499769827556176,0.009203187189996243,-0.0008709042158336899,-1.003272995352745,0.02982672374824755,0.2746728592811832,0.019277596411908644,0.0195723589683664,0.020229365596143634,0.0007000379412468976,0.0012617160594036395,0.02275376870401829,0.007584589568006096,0.27335506677627563,True,success,0.16307350248098373,-0.05375487729907036,0.0337744876742363,-0.037668422012904657,0.0477423369884491,-0.002519778302534803,-1.0054454803466797,0.1298849657177925,-0.8827009610831738,0.0031261146068573,0.024166988637419173,-0.008570931851863861,-0.0012434395752407568,-1.0039342641830444,0.14967545634135604,-0.607961006462574,0.021242459770292044,-0.003499769827556176,0.009203187189996243,-0.0008709042158336899,-1.003272995352745,0.02982672374824755,0.2746728592811832,0.019277596411908644,0.0195723589683664,0.020229365596143634,0.0007000379412468976,0.0012617160594036395,0.02275376870401829,0.007584589568006096,both,0.0,0.0,0.0,0.0,0.0,0.0,0.0,0.0,0.0,0.0,0.0,0.0,0.0,0.0,0.0,0.0,0.0,0.0,0.0,0.0,0.0,0.0,0.0,0.0,0.0,0.0,0.0,0.0,0.0,0.0,True,0.03928637504577637,0.02275376870401829,0.007584589568006096
Object,Object,0,5,0,5100000,1,5100001,0.23091119527816772,False,timeout_no_goal,0.15019308775663376,-0.07205117493867874,0.02427533268928528,-0.03835852931127803,0.0331270694732666,-0.001886412008843763,-1.003777265548706,0.1276780664920807,-0.8919990621507168,0.004800707101821899,0.023639189569701458,-0.011014580726623535,-0.0005083715800964228,-1.0033401250839233,0.1509758667089045,-0.6085534114390612,0.019128990825265646,-0.005768735654134327,0.004554911982268095,-0.00043932607245222854,-1.0025630295276642,0.029185786722463802,0.2744539799377552,0.01608397833470912,0.02018042788638715,0.014739356315475318,0.0005485777519193784,0.00135005116625863,0.016538673269226027,0.00551289108974201,0.27464622259140015,False,timeout_no_goal,0.15019308775663376,-0.07205117493867874,0.02427533268928528,-0.03835852931127803,0.0331270694732666,-0.001886412008843763,-1.003777265548706,0.1276780664920807,-0.8919990621507168,0.004800707101821899,0.023639189569701458,-0.011014580726623535,-0.0005083715800964228,-1.0033401250839233,0.1509758667089045,-0.6085534114390612,0.019128990825265646,-0.005768735654134327,0.004554911982268095,-0.00043932607245222854,-1.0025630295276642,0.029185786722463802,0.2744539799377552,0.01608397833470912,0.02018042788638715,0.014739356315475318,0.0005485777519193784,0.00135005116625863,0.016538673269226027,0.00551289108974201,both,0.0,0.0,0.0,0.0,0.0,0.0,0.0,0.0,0.0,0.0,0.0,0.0,0.0,0.0,0.0,0.0,0.0,0.0,0.0,0.0,0.0,0.0,0.0,0.0,0.0,0.0,0.0,0.0,0.0,0.0,True,0.04373502731323242,0.016538673269226027,0.00551289108974201
Object,Object,0,5,0,5100000,2,5100002,0.1989845335483551,False,target_drop_candidate,0.12550905346870422,-0.01382533460855484,0.034400224685668945,-0.02176635041711883,0.03672342002391815,-0.0004182369049132717,-1.0017296075820923,0.21937228739261627,-0.8875031769275665,0.009986087679862976,0.01284588434432532,-0.004093140363693237,0.0006542577708543718,-1.0031962394714355,0.22036473965272307,-0.5286585038993508,0.02722563687711954,-0.00638888743727295,0.01001410000026226,0.00041222738534019143,-1.0025921985507011,0.03430813165394925,0.3046074728027752,0.021103989291713806,0.015484705949607743,0.014577206736492886,0.0005069284293989447,0.001089658724566167,0.025451410812261377,0.008483803604087126,0.2712737023830414,False,target_drop_candidate,0.12550905346870422,-0.01382533460855484,0.034400224685668945,-0.02176635041711883,0.03672342002391815,-0.0004182369049132717,-1.0017296075820923,0.21937228739261627,-0.8875031769275665,0.009986087679862976,0.01284588434432532,-0.004093140363693237,0.0006542577708543718,-1.0031962394714355,0.22036473965272307,-0.5286585038993508,0.02722563687711954,-0.00638888743727295,0.01001410000026226,0.00041222738534019143,-1.0025921985507011,0.03430813165394925,0.3046074728027752,0.021103989291713806,0.015484705949607743,0.014577206736492886,0.0005069284293989447,0.001089658724566167,0.025451410812261377,0.008483803604087126,both,0.0,0.0,0.0,0.0,0.0,0.0,0.0,0.0,0.0,0.0,0.0,0.0,0.0,0.0,0.0,0.0,0.0,0.0,0.0,0.0,0.0,0.0,0.0,0.0,0.0,0.0,0.0,0.0,0.0,0.0,True,0.07228916883468628,0.025451410812261377,0.008483803604087126
Object,Object,0,5,0,5100000,3,5100003,0.22932878136634827,False,timeout_no_goal,0.17074652016162872,-0.06686780601739883,0.04390217363834381,-0.02655714195486425,0.04014766216278076,-0.002466041203348368,-1.0017191171646118,0.15791907906532288,-0.8848049864172935,0.0019042566418647766,0.021331031501625297,-0.00807751715183258,-0.0007336972518388052,-1.0040258169174194,0.17862730426713824,-0.6113027280662209,0.02718217670917511,-0.0028267285873661008,0.006827245932072401,-0.0003115448578405733,-1.0022138357162476,0.03410109129822044,0.2713583860426328,0.024945689779102085,0.016489882289788992,0.01706828518598402,0.000741929172841394,0.0010242485441241027,0.01659801519427714,0.005532671731425714,0.27585655450820923,False,timeout_no_goal,0.17074652016162872,-0.06686780601739883,0.04390217363834381,-0.02655714195486425,0.04014766216278076,-0.002466041203348368,-1.0017191171646118,0.15791907906532288,-0.8848049864172935,0.0019042566418647766,0.021331031501625297,-0.00807751715183258,-0.0007336972518388052,-1.0040258169174194,0.17862730426713824,-0.6113027280662209,0.02718217670917511,-0.0028267285873661008,0.006827245932072401,-0.0003115448578405733,-1.0022138357162476,0.03410109129822044,0.2713583860426328,0.024945689779102085,0.016489882289788992,0.01706828518598402,0.000741929172841394,0.0010242485441241027,0.01659801519427714,0.005532671731425714,both,0.0,0.0,0.0,0.0,0.0,0.0,0.0,0.0,0.0,0.0,0.0,0.0,0.0,0.0,0.0,0.0,0.0,0.0,0.0,0.0,0.0,0.0,0.0,0.0,0.0,0.0,0.0,0.0,0.0,0.0,True,0.04652777314186096,0.01659801519427714,0.005532671731425714
Object,Object,0,5,0,5100000,4,5100004,0.20786592364311218,False,timeout_no_goal,0.13051606714725494,-0.028321444988250732,0.038141123950481415,-0.02877936137347703,0.027170464396476746,-0.0013604758486636115,-1.003191590309143,0.19439388066530228,-0.8781351149082184,0.006945803761482239,0.01866373148117173,-0.007734708487987518,-0.0004438606221555119,-1.002325177192688,0.20197142148390412,-0.5578933109063655,0.028183262329548597,-0.004817706576894676,0.005942907650023699,-0.00023671032895355992,-1.003072738647461,0.03154431691686983,0.2884314837473416,0.024687248523286964,0.01712390856389054,0.012600862869648965,0.0005329267931752044,0.0008960250680828806,0.022397009011751914,0.007465669670583972,0.27199673652648926,False,timeout_no_goal,0.13051606714725494,-0.028321444988250732,0.038141123950481415,-0.02877936137347703,0.027170464396476746,-0.0013604758486636115,-1.003191590309143,0.19439388066530228,-0.8781351149082184,0.006945803761482239,0.01866373148117173,-0.007734708487987518,-0.0004438606221555119,-1.002325177192688,0.20197142148390412,-0.5578933109063655,0.028183262329548597,-0.004817706576894676,0.005942907650023699,-0.00023671032895355992,-1.003072738647461,0.03154431691686983,0.2884314837473416,0.024687248523286964,0.01712390856389054,0.012600862869648965,0.0005329267931752044,0.0008960250680828806,0.022397009011751914,0.007465669670583972,both,0.0,0.0,0.0,0.0,0.0,0.0,0.0,0.0,0.0,0.0,0.0,0.0,0.0,0.0,0.0,0.0,0.0,0.0,0.0,0.0,0.0,0.0,0.0,0.0,0.0,0.0,0.0,0.0,0.0,0.0,True,0.06413081288337708,0.022397009011751914,0.007465669670583972
Object,Object,0,5,0,5100000,5,5100005,0.20312941074371338,False,timeout_no_goal,0.1090678945183754,-0.004961248487234116,0.029337331652641296,-0.014433406902847778,0.032212793827056885,-0.0007596514555459066,-1.004271388053894,0.22629976272583008,-0.8636604622006416,0.007182173430919647,0.012355556503795384,-0.001638360321521759,0.0009019463600523636,-1.0053672790527344,0.22943059215322137,-0.4759009787812829,0.031475736759603024,-0.007604171686544536,0.015306991059333086,0.0005883821792189714,-1.0030295923352242,0.04214231509372693,0.31181374831495434,0.022047677914734515,0.014608533072322374,0.013269357867837155,0.0005486705982822702,0.00106537586794834,0.0357889389086002,0.011929646302866734,0.26397770643234253,False,timeout_no_goal,0.1090678945183754,-0.004961248487234116,0.029337331652641296,-0.014433406902847778,0.032212793827056885,-0.0007596514555459066,-1.004271388053894,0.22629976272583008,-0.8636604622006416,0.007182173430919647,0.012355556503795384,-0.001638360321521759,0.0009019463600523636,-1.0053672790527344,0.22943059215322137,-0.4759009787812829,0.031475736759603024,-0.007604171686544536,0.015306991059333086,0.0005883821792189714,-1.0030295923352242,0.04214231509372693,0.31181374831495434,0.022047677914734515,0.014608533072322374,0.013269357867837155,0.0005486705982822702,0.00106537586794834,0.0357889389086002,0.011929646302866734,both,0.0,0.0,0.0,0.0,0.0,0.0,0.0,0.0,0.0,0.0,0.0,0.0,0.0,0.0,0.0,0.0,0.0,0.0,0.0,0.0,0.0,0.0,0.0,0.0,0.0,0.0,0.0,0.0,0.0,0.0,True,0.06084829568862915,0.0357889389086002,0.011929646302866734
Object,Object,0,5,0,5100000,6,5100006,0.178425133228302,True,success,0.14046069234609604,-0.008481480181217194,0.046119578182697296,-0.025215569561154894,0.040582671761512756,-0.0017335069377679702,-1.0012400150299072,0.1799355447292328,-0.8733442984521389,0.002964511513710022,0.015606093979847024,-0.010051935911178589,0.0004352113419443526,-1.00403892993927,0.2102591609582305,-0.5348923453129828,0.03627646481618285,-0.0050282146435478015,0.00677156075835228,-4.0959064735446304e-05,-1.0021587386727333,0.03707870869074756,0.29512609875629997,0.02785824157077174,0.015476702242401556,0.016630803277606142,0.0007394293345241128,0.0012428762831189185,0.03311229583999771,0.011037431946665904,0.26384496688842773,True,success,0.14046069234609604,-0.008481480181217194,0.046119578182697296,-0.025215569561154894,0.040582671761512756,-0.0017335069377679702,-1.0012400150299072,0.1799355447292328,-0.8733442984521389,0.002964511513710022,0.015606093979847024,-0.010051935911178589,0.0004352113419443526,-1.00403892993927,0.2102591609582305,-0.5348923453129828,0.03627646481618285,-0.0050282146435478015,0.00677156075835228,-4.0959064735446304e-05,-1.0021587386727333,0.03707870869074756,0.29512609875629997,0.02785824157077174,0.015476702242401556,0.016630803277606142,0.0007394293345241128,0.0012428762831189185,0.03311229583999771,0.011037431946665904,both,0.0,0.0,0.0,0.0,0.0,0.0,0.0,0.0,0.0,0.0,0.0,0.0,0.0,0.0,0.0,0.0,0.0,0.0,0.0,0.0,0.0,0.0,0.0,0.0,0.0,0.0,0.0,0.0,0.0,0.0,True,0.08541983366012573,0.03311229583999771,0.011037431946665904
Object,Object,0,5,0,5100000,7,5100007,0.23272570967674255,False,timeout_no_goal,0.17333641648292542,-0.07698168978095055,0.03244679421186447,-0.03093165157807043,0.040652453899383545,-0.0027459632390858246,-1.0034986734390259,0.14805760234594345,-0.8844272419810295,0.002669133245944977,0.024346989581302658,-0.01470869779586792,-0.0008865582580526166,-1.0016945600509644,0.1634727604687214,-0.620040048379451,0.02045061090029776,-0.002825095624950813,0.0030963714234530926,-0.0007792561880468618,-1.0017330385744572,0.029719503210613715,0.2710722071227936,0.018103880864310053,0.01868201253438477,0.01820279937300348,0.0010024322128536264,0.0016154549090278305,0.017102198652752615,0.005700732884250871,0.2743214964866638,False,timeout_no_goal,0.17333641648292542,-0.07698168978095055,0.03244679421186447,-0.03093165157807043,0.040652453899383545,-0.0027459632390858246,-1.0034986734390259,0.14805760234594345,-0.8844272419810295,0.002669133245944977,0.024346989581302658,-0.01470869779586792,-0.0008865582580526166,-1.0016945600509644,0.1634727604687214,-0.620040048379451,0.02045061090029776,-0.002825095624950813,0.0030963714234530926,-0.0007792561880468618,-1.0017330385744572,0.029719503210613715,0.2710722071227936,0.018103880864310053,0.01868201253438477,0.01820279937300348,0.0010024322128536264,0.0016154549090278305,0.017102198652752615,0.005700732884250871,both,0.0,0.0,0.0,0.0,0.0,0.0,0.0,0.0,0.0,0.0,0.0,0.0,0.0,0.0,0.0,0.0,0.0,0.0,0.0,0.0,0.0,0.0,0.0,0.0,0.0,0.0,0.0,0.0,0.0,0.0,True,0.041595786809921265,0.017102198652752615,0.005700732884250871
Object,Object,0,6,0,5100097,0,5100097,0.24802955985069275,True,success,0.02197936177253723,-0.00566236674785614,0.006005242466926575,-0.0027318818306092396,0.03202222287654877,0.0011886323521039799,-1.0016814470291138,0.3867252543568611,-0.8386799320578575,0.0030196085572242737,0.019663488705778498,0.03547896444797516,-0.03165724967161054,-1.002383828163147,0.30427386285737157,-0.533458439167589,0.05123939132317901,0.005858826969884046,0.048958780243992805,-0.01201994772954329,-1.0001673065125942,0.1436737188185026,0.3054040584638245,0.03868293011671524,0.009645791670671925,0.00874803105652067,0.013749956720196202,0.0021339062368627036,0.014655815013860908,0.00488527167128697,0.24311545491218567,True,success,0.02197936177253723,-0.00566236674785614,0.006005242466926575,-0.0027318818306092396,0.03202222287654877,0.0011886323521039799,-1.0016814470291138,0.3867252543568611,-0.8386799320578575,0.0030196085572242737,0.019663488705778498,0.03547896444797516,-0.03165724967161054,-1.002383828163147,0.30427386285737157,-0.533458439167589,0.05123939132317901,0.005858826969884046,0.048958780243992805,-0.01201994772954329,-1.0001673065125942,0.1436737188185026,0.3054040584638245,0.03868293011671524,0.009645791670671925,0.00874803105652067,0.013749956720196202,0.0021339062368627036,0.014655815013860908,0.00488527167128697,both,0.0,0.0,0.0,0.0,0.0,0.0,0.0,0.0,0.0,0.0,0.0,0.0,0.0,0.0,0.0,0.0,0.0,0.0,0.0,0.0,0.0,0.0,0.0,0.0,0.0,0.0,0.0,0.0,0.0,0.0,True,-0.00491410493850708,0.014655815013860908,0.00488527167128697
Object,Object,0,6,0,5100097,1,5100098,0.2487511932849884,True,success,0.011779926717281342,-0.005536079406738281,0.013007596135139465,-0.0036831167434474565,0.02957873046398163,0.0024089426073885534,-1.0014005899429321,0.381733775138855,-0.847082119435072,0.004479624330997467,0.020740072924018804,0.03799876570701599,-0.03133376951980438,-1.0020231008529663,0.30005701119080186,-0.5308741412591189,0.05221392726525664,0.005428131989320795,0.04859881941229105,-0.011832818030977243,-1.001505058258772,0.14869789877304557,0.3105765533830526,0.03959558120580981,0.009864325981105064,0.008059621552548562,0.014132760532720612,0.0013937674521115589,0.012486079937077772,0.004162026645692591,0.2427242398262024,True,success,0.011779926717281342,-0.005536079406738281,0.013007596135139465,-0.0036831167434474565,0.02957873046398163,0.0024089426073885534,-1.0014005899429321,0.381733775138855,-0.847082119435072,0.004479624330997467,0.020740072924018804,0.03799876570701599,-0.03133376951980438,-1.0020231008529663,0.30005701119080186,-0.5308741412591189,0.05221392726525664,0.005428131989320795,0.04859881941229105,-0.011832818030977243,-1.001505058258772,0.14869789877304557,0.3105765533830526,0.03959558120580981,0.009864325981105064,0.008059621552548562,0.014132760532720612,0.0013937674521115589,0.012486079937077772,0.004162026645692591,both,0.0,0.0,0.0,0.0,0.0,0.0,0.0,0.0,0.0,0.0,0.0,0.0,0.0,0.0,0.0,0.0,0.0,0.0,0.0,0.0,0.0,0.0,0.0,0.0,0.0,0.0,0.0,0.0,0.0,0.0,True,-0.006026953458786011,0.012486079937077772,0.004162026645692591
Object,Object,0,6,0,5100097,2,5100099,0.2472701370716095,True,success,0.01922495663166046,-0.004514157772064209,0.004709288477897644,-0.0029030821591229383,0.0279160737991333,0.002411322109935554,-0.9996187090873718,0.3816194459795952,-0.8455927670001984,0.004411563277244568,0.018669257023462116,0.036705225706100464,-0.029904063040383733,-1.0010435581207275,0.3042128775268793,-0.5320954055059701,0.05059940507635474,0.005107863233263621,0.048775769770145416,-0.011617577704520876,-1.0001538954675198,0.14896949041617938,0.3080169215613797,0.03850345188068111,0.008543566577688,0.008612482708426314,0.013910132792732696,0.0019774740935750777,0.012876080583021582,0.004292026861007194,0.24347814917564392,True,success,0.01922495663166046,-0.004514157772064209,0.004709288477897644,-0.0029030821591229383,0.0279160737991333,0.002411322109935554,-0.9996187090873718,0.3816194459795952,-0.8455927670001984,0.004411563277244568,0.018669257023462116,0.036705225706100464,-0.029904063040383733,-1.0010435581207275,0.3042128775268793,-0.5320954055059701,0.05059940507635474,0.005107863233263621,0.048775769770145416,-0.011617577704520876,-1.0001538954675198,0.14896949041617938,0.3080169215613797,0.03850345188068111,0.008543566577688,0.008612482708426314,0.013910132792732696,0.0019774740935750777,0.012876080583021582,0.004292026861007194,both,0.0,0.0,0.0,0.0,0.0,0.0,0.0,0.0,0.0,0.0,0.0,0.0,0.0,0.0,0.0,0.0,0.0,0.0,0.0,0.0,0.0,0.0,0.0,0.0,0.0,0.0,0.0,0.0,0.0,0.0,True,-0.003791987895965576,0.012876080583021582,0.004292026861007194
Object,Object,0,6,0,5100097,3,5100100,0.24642589688301086,True,success,0.02492230385541916,-0.005652755498886108,0.006244629621505737,-0.0031970519868700364,0.030548036098480225,0.0035483938409370808,-1.003204584121704,0.3939213976264,-0.8351288549602032,0.004288405179977417,0.017523749898573193,0.04276938736438751,-0.030740678509964425,-1.0017836093902588,0.31040187226608396,-0.5252724594902247,0.0507279415614903,0.004756920398895748,0.050064850598573685,-0.011746103890705406,-1.0009704940021038,0.14983405270478506,0.30753617159946545,0.03882751782143972,0.008236203310723392,0.00777654929886194,0.014202674734661124,0.001717711408754968,0.01207400850682537,0.004024669502275124,0.24273768067359924,True,success,0.02492230385541916,-0.005652755498886108,0.006244629621505737,-0.0031970519868700364,0.030548036098480225,0.0035483938409370808,-1.003204584121704,0.3939213976264,-0.8351288549602032,0.004288405179977417,0.017523749898573193,0.04276938736438751,-0.030740678509964425,-1.0017836093902588,0.31040187226608396,-0.5252724594902247,0.0507279415614903,0.004756920398895748,0.050064850598573685,-0.011746103890705406,-1.0009704940021038,0.14983405270478506,0.30753617159946545,0.03882751782143972,0.008236203310723392,0.00777654929886194,0.014202674734661124,0.001717711408754968,0.01207400850682537,0.004024669502275124,both,0.0,0.0,0.0,0.0,0.0,0.0,0.0,0.0,0.0,0.0,0.0,0.0,0.0,0.0,0.0,0.0,0.0,0.0,0.0,0.0,0.0,0.0,0.0,0.0,0.0,0.0,0.0,0.0,0.0,0.0,True,-0.003688216209411621,0.01207400850682537,0.004024669502275124
Object,Object,0,6,0,5100097,4,5100101,0.24782925844192505,True,success,0.023568011820316315,-0.01353532075881958,0.008215382695198059,-0.0030490333208792464,0.02968248724937439,0.0006729412723345263,-1.0037963390350342,0.3762473165988922,-0.8566319569945335,0.005298927426338196,0.02106093860331182,0.034802332520484924,-0.030975588289187783,-1.0032135248184204,0.30338978162035346,-0.537138597574085,0.05025140242651105,0.0050009933904883175,0.047614412382245064,-0.011691467592929161,-1.0011247135698795,0.14104484787098273,0.30630237627805745,0.037600231214900304,0.00919788240050257,0.008466095947418019,0.013530192760620893,0.0017521521457411135,0.012035699686200302,0.004011899895400101,0.24474650621414185,True,success,0.023568011820316315,-0.01353532075881958,0.008215382695198059,-0.0030490333208792464,0.02968248724937439,0.0006729412723345263,-1.0037963390350342,0.3762473165988922,-0.8566319569945335,0.005298927426338196,0.02106093860331182,0.034802332520484924,-0.030975588289187783,-1.0032135248184204,0.30338978162035346,-0.537138597574085,0.05025140242651105,0.0050009933904883175,0.047614412382245064,-0.011691467592929161,-1.0011247135698795,0.14104484787098273,0.30630237627805745,0.037600231214900304,0.00919788240050257,0.008466095947418019,0.013530192760620893,0.0017521521457411135,0.012035699686200302,0.004011899895400101,both,0.0,0.0,0.0,0.0,0.0,0.0,0.0,0.0,0.0,0.0,0.0,0.0,0.0,0.0,0.0,0.0,0.0,0.0,0.0,0.0,0.0,0.0,0.0,0.0,0.0,0.0,0.0,0.0,0.0,0.0,True,-0.003082752227783203,0.012035699686200302,0.004011899895400101
Object,Object,0,6,0,5100097,5,5100102,0.24554336071014404,True,success,0.019815489649772644,-0.003075152635574341,0.005477629601955414,-0.002258459953908165,0.03310436010360718,0.00222038906296973,-1.0011036396026611,0.3947294130921364,-0.8391921781003475,0.004551596939563751,0.017859362554972336,0.036432042717933655,-0.02955980630615329,-1.0005435943603516,0.3050017752684653,-0.5217349261511117,0.04963841987773776,0.004908971155556219,0.04988566506654024,-0.012043931407703656,-1.0004661418497562,0.1487660601051473,0.31125554976274195,0.037482874772914655,0.00814165214827586,0.007780460432734527,0.01378480306485669,0.0017177279799863894,0.013399303420028052,0.0044664344733426845,0.2427731454372406,True,success,0.019815489649772644,-0.003075152635574341,0.005477629601955414,-0.002258459953908165,0.03310436010360718,0.00222038906296973,-1.0011036396026611,0.3947294130921364,-0.8391921781003475,0.004551596939563751,0.017859362554972336,0.036432042717933655,-0.02955980630615329,-1.0005435943603516,0.3050017752684653,-0.5217349261511117,0.04963841987773776,0.004908971155556219,0.04988566506654024,-0.012043931407703656,-1.0004661418497562,0.1487660601051473,0.31125554976274195,0.037482874772914655,0.00814165214827586,0.007780460432734527,0.01378480306485669,0.0017177279799863894,0.013399303420028052,0.0044664344733426845,both,0.0,0.0,0.0,0.0,0.0,0.0,0.0,0.0,0.0,0.0,0.0,0.0,0.0,0.0,0.0,0.0,0.0,0.0,0.0,0.0,0.0,0.0,0.0,0.0,0.0,0.0,0.0,0.0,0.0,0.0,True,-0.0027702152729034424,0.013399303420028052,0.0044664344733426845
Object,Object,0,6,0,5100097,6,5100103,0.2489050328731537,True,success,0.015501491725444794,-0.014401283115148544,0.007378086447715759,-0.00241778585544683,0.034233614802360535,0.0012579463800008739,-1.0013797283172607,0.39120085537433624,-0.8280074223876,0.00395558774471283,0.019803402023310213,0.03108389675617218,-0.03002114337866857,-1.0019073486328125,0.30511317774653435,-0.5355869082268327,0.04699846962466836,0.005521466997959301,0.04724902845919132,-0.012200042197488603,-1.00050725415349,0.1462958078973102,0.2993053663685321,0.03477522688540434,0.008464643091901402,0.008580343489328474,0.01359516355458051,0.0016248175118170553,0.014020040899232276,0.004673346966410759,0.24520057439804077,True,success,0.015501491725444794,-0.014401283115148544,0.007378086447715759,-0.00241778585544683,0.034233614802360535,0.0012579463800008739,-1.0013797283172607,0.39120085537433624,-0.8280074223876,0.00395558774471283,0.019803402023310213,0.03108389675617218,-0.03002114337866857,-1.0019073486328125,0.30511317774653435,-0.5355869082268327,0.04699846962466836,0.005521466997959301,0.04724902845919132,-0.012200042197488603,-1.00050725415349,0.1462958078973102,0.2993053663685321,0.03477522688540434,0.008464643091901402,0.008580343489328474,0.01359516355458051,0.0016248175118170553,0.014020040899232276,0.004673346966410759,both,0.0,0.0,0.0,0.0,0.0,0.0,0.0,0.0,0.0,0.0,0.0,0.0,0.0,0.0,0.0,0.0,0.0,0.0,0.0,0.0,0.0,0.0,0.0,0.0,0.0,0.0,0.0,0.0,0.0,0.0,True,-0.003704458475112915,0.014020040899232276,0.004673346966410759
Object,Object,0,6,0,5100097,7,5100104,0.24715468287467957,True,success,0.009101629257202148,-0.002759266644716263,0.0134330615401268,-0.003083851555907735,0.02643267810344696,0.0006629385486647266,-1.0025908946990967,0.39590924978256226,-0.8300222642719746,0.0024662911891937256,0.01675185725570305,0.03493282198905945,-0.02903655810255401,-1.001577615737915,0.30131253646686673,-0.5237600847613066,0.054273081477731466,0.005102823691692071,0.048647585324943066,-0.012011341311187529,-1.000501874834299,0.1515494369452492,0.3083094681765693,0.03803654221477614,0.0081694112852637,0.010124089036180273,0.013353618654659984,0.0018668157198940727,0.01185139606896027,0.00395046535632009,0.24247103929519653,True,success,0.009101629257202148,-0.002759266644716263,0.0134330615401268,-0.003083851555907735,0.02643267810344696,0.0006629385486647266,-1.0025908946990967,0.39590924978256226,-0.8300222642719746,0.0024662911891937256,0.01675185725570305,0.03493282198905945,-0.02903655810255401,-1.001577615737915,0.30131253646686673,-0.5237600847613066,0.054273081477731466,0.005102823691692071,0.048647585324943066,-0.012011341311187529,-1.000501874834299,0.1515494369452492,0.3083094681765693,0.03803654221477614,0.0081694112852637,0.010124089036180273,0.013353618654659984,0.0018668157198940727,0.01185139606896027,0.00395046535632009,both,0.0,0.0,0.0,0.0,0.0,0.0,0.0,0.0,0.0,0.0,0.0,0.0,0.0,0.0,0.0,0.0,0.0,0.0,0.0,0.0,0.0,0.0,0.0,0.0,0.0,0.0,0.0,0.0,0.0,0.0,True,-0.004683643579483032,0.01185139606896027,0.00395046535632009
Object,Object,0,7,0,5100194,0,5100194,0.24806135892868042,False,timeout_no_goal,0.12102887034416199,-0.014326516538858414,0.028741993010044098,-0.00639482236369826,0.015022560954093933,-0.0020696557373938163,-0.9992702603340149,0.06568651646375656,-0.828559510409832,0.0057310983538627625,0.017435286332434075,0.018576622009277344,-0.00032662605685374047,-1.0035855770111084,0.10975820012390614,-0.5496108345687389,0.03863965510390699,0.003809582640057041,0.03141102846711874,8.420855274993144e-05,-1.0013750158250332,0.033737599326841984,0.25780287381251565,0.03242975183666238,0.008366970849860447,0.013616977858483151,0.0008084903835815327,0.0017851688307663055,0.011553249373995761,0.0038510831246652538,0.2507554292678833,False,timeout_no_goal,0.12102887034416199,-0.014326516538858414,0.028741993010044098,-0.00639482236369826,0.015022560954093933,-0.0020696557373938163,-0.9992702603340149,0.06568651646375656,-0.828559510409832,0.0057310983538627625,0.017435286332434075,0.018576622009277344,-0.00032662605685374047,-1.0035855770111084,0.10975820012390614,-0.5496108345687389,0.03863965510390699,0.003809582640057041,0.03141102846711874,8.420855274993144e-05,-1.0013750158250332,0.033737599326841984,0.25780287381251565,0.03242975183666238,0.008366970849860447,0.013616977858483151,0.0008084903835815327,0.0017851688307663055,0.011553249373995761,0.0038510831246652538,both,0.0,0.0,0.0,0.0,0.0,0.0,0.0,0.0,0.0,0.0,0.0,0.0,0.0,0.0,0.0,0.0,0.0,0.0,0.0,0.0,0.0,0.0,0.0,0.0,0.0,0.0,0.0,0.0,0.0,0.0,True,0.002694070339202881,0.011553249373995761,0.0038510831246652538
Object,Object,0,7,0,5100194,1,5100195,0.24808761477470398,False,timeout_no_goal,0.09240489453077316,-0.00539654865860939,0.01568622887134552,-0.008259601404215111,0.007248088717460632,-0.001493551731847731,-1.002297282218933,0.08102495223283768,-0.8310429565608501,0.006149299442768097,0.015160885302522686,0.016814008355140686,-0.00030556305282658514,-1.003938913345337,0.1080483477562666,-0.537757946876809,0.04032428842037916,0.002119441382549936,0.03140752762556076,9.592154387538798e-05,-1.0025926269590855,0.023610643443099284,0.26647688555671417,0.03227588647097473,0.00782640074782825,0.014735210408121912,0.0008141770945786973,0.0019244571526529763,0.012890989247672121,0.004296996415890707,0.2484915554523468,False,timeout_no_goal,0.09240489453077316,-0.00539654865860939,0.01568622887134552,-0.008259601404215111,0.007248088717460632,-0.001493551731847731,-1.002297282218933,0.08102495223283768,-0.8310429565608501,0.006149299442768097,0.015160885302522686,0.016814008355140686,-0.00030556305282658514,-1.003938913345337,0.1080483477562666,-0.537757946876809,0.04032428842037916,0.002119441382549936,0.03140752762556076,9.592154387538798e-05,-1.0025926269590855,0.023610643443099284,0.26647688555671417,0.03227588647097473,0.00782640074782825,0.014735210408121912,0.0008141770945786973,0.0019244571526529763,0.012890989247672121,0.004296996415890707,both,0.0,0.0,0.0,0.0,0.0,0.0,0.0,0.0,0.0,0.0,0.0,0.0,0.0,0.0,0.0,0.0,0.0,0.0,0.0,0.0,0.0,0.0,0.0,0.0,0.0,0.0,0.0,0.0,0.0,0.0,True,0.00040394067764282227,0.012890989247672121,0.004296996415890707
Object,Object,0,7,0,5100194,2,5100196,0.2493927776813507,False,timeout_no_goal,0.11963602155447006,-0.02423767000436783,0.018170736730098724,-0.007483518863383054,0.014343157410621643,-0.0017918708474624623,-0.9998528957366943,0.06258487701416016,-0.8284838497638702,0.007244870066642761,0.01841605179247985,0.019005820155143738,-0.0004891372678414996,-1.0034878253936768,0.10867004049941897,-0.5531895474996418,0.037994664162397385,0.0036887903061009752,0.03586896322667599,-0.00041441978624412457,-1.0018224529922009,0.0328240157096018,0.2562023514538669,0.030450124202560307,0.008297994552060617,0.015936868847355665,0.0006513421434545104,0.0016562247381191838,0.010583501766403151,0.0035278339221343842,0.24958154559135437,False,timeout_no_goal,0.11963602155447006,-0.02423767000436783,0.018170736730098724,-0.007483518863383054,0.014343157410621643,-0.0017918708474624623,-0.9998528957366943,0.06258487701416016,-0.8284838497638702,0.007244870066642761,0.01841605179247985,0.019005820155143738,-0.0004891372678414996,-1.0034878253936768,0.10867004049941897,-0.5531895474996418,0.037994664162397385,0.0036887903061009752,0.03586896322667599,-0.00041441978624412457,-1.0018224529922009,0.0328240157096018,0.2562023514538669,0.030450124202560307,0.008297994552060617,0.015936868847355665,0.0006513421434545104,0.0016562247381191838,0.010583501766403151,0.0035278339221343842,both,0.0,0.0,0.0,0.0,0.0,0.0,0.0,0.0,0.0,0.0,0.0,0.0,0.0,0.0,0.0,0.0,0.0,0.0,0.0,0.0,0.0,0.0,0.0,0.0,0.0,0.0,0.0,0.0,0.0,0.0,True,0.0001887679100036621,0.010583501766403151,0.0035278339221343842
Object,Object,0,7,0,5100194,3,5100197,0.24940362572669983,False,timeout_no_goal,0.10985221713781357,-0.010003466159105301,0.021636374294757843,-0.007179559147918901,0.013880297541618347,-0.002025656972705292,-1.0027861595153809,0.07230810821056366,-0.8244477957487106,0.005672872066497803,0.017295043677944655,0.02242693305015564,0.0004182684025124672,-1.0046141147613525,0.11637633433565497,-0.5407570442184806,0.040992116555571556,0.0031664870488649632,0.03873106464743614,-5.4732088158537806e-05,-1.0033067613840103,0.031169338343210957,0.25983348175051635,0.03335027436851154,0.008541830414507692,0.015661057793138495,0.0008116076902729971,0.0014652280847075594,0.015130569557554204,0.005043523185851401,0.25049397349357605,False,timeout_no_goal,0.10985221713781357,-0.010003466159105301,0.021636374294757843,-0.007179559147918901,0.013880297541618347,-0.002025656972705292,-1.0027861595153809,0.07230810821056366,-0.8244477957487106,0.005672872066497803,0.017295043677944655,0.02242693305015564,0.0004182684025124672,-1.0046141147613525,0.11637633433565497,-0.5407570442184806,0.040992116555571556,0.0031664870488649632,0.03873106464743614,-5.4732088158537806e-05,-1.0033067613840103,0.031169338343210957,0.25983348175051635,0.03335027436851154,0.008541830414507692,0.015661057793138495,0.0008116076902729971,0.0014652280847075594,0.015130569557554204,0.005043523185851401,both,0.0,0.0,0.0,0.0,0.0,0.0,0.0,0.0,0.0,0.0,0.0,0.0,0.0,0.0,0.0,0.0,0.0,0.0,0.0,0.0,0.0,0.0,0.0,0.0,0.0,0.0,0.0,0.0,0.0,0.0,True,0.0010903477668762207,0.015130569557554204,0.005043523185851401
Object,Object,0,7,0,5100194,4,5100198,0.24756240844726562,False,timeout_no_goal,0.1047293096780777,-0.0021709688007831573,0.0204399973154068,-0.006224719825043579,0.013085335493087769,-0.0018044513655581795,-1.0002353191375732,0.08063782006502151,-0.8131685480475426,0.006498992443084717,0.014761856985267663,0.024065673351287842,-0.000934126276561642,-1.0049140453338623,0.11782300192862749,-0.5298734502866864,0.04131585359573364,0.0023214610178244333,0.03701629489660263,-0.0005803515321431973,-1.0021457746624947,0.02920013651268726,0.26107539337423735,0.03257654612728359,0.007837881017062603,0.013022707568956167,0.0007222322944067465,0.001812643055298231,0.018287707510250384,0.006095902503416795,0.25077080726623535,False,timeout_no_goal,0.1047293096780777,-0.0021709688007831573,0.0204399973154068,-0.006224719825043579,0.013085335493087769,-0.0018044513655581795,-1.0002353191375732,0.08063782006502151,-0.8131685480475426,0.006498992443084717,0.014761856985267663,0.024065673351287842,-0.000934126276561642,-1.0049140453338623,0.11782300192862749,-0.5298734502866864,0.04131585359573364,0.0023214610178244333,0.03701629489660263,-0.0005803515321431973,-1.0021457746624947,0.02920013651268726,0.26107539337423735,0.03257654612728359,0.007837881017062603,0.013022707568956167,0.0007222322944067465,0.001812643055298231,0.018287707510250384,0.006095902503416795,both,0.0,0.0,0.0,0.0,0.0,0.0,0.0,0.0,0.0,0.0,0.0,0.0,0.0,0.0,0.0,0.0,0.0,0.0,0.0,0.0,0.0,0.0,0.0,0.0,0.0,0.0,0.0,0.0,0.0,0.0,True,0.0032083988189697266,0.018287707510250384,0.006095902503416795
Object,Object,0,7,0,5100194,5,5100199,0.2487686276435852,False,timeout_no_goal,0.11880867183208466,-0.005861576646566391,0.0241166353225708,-0.008070232653534681,0.011651784181594849,-0.00224113414779481,-1.0022863149642944,0.08194137364625931,-0.8312570862472057,0.0067602843046188354,0.016218313087723146,0.01831609010696411,-0.00019383659527250074,-1.0042452812194824,0.11633373331278563,-0.543981489026919,0.039767478592693806,0.0024251552747263094,0.0351940356194973,-0.00021946444359555173,-1.0029451251029968,0.02994166575213271,0.26307663862947805,0.03042475464603352,0.008313093086515325,0.015704726361722345,0.0008461927438231635,0.0014936368084512615,0.01334369643149699,0.004447898810498997,0.25004100799560547,False,timeout_no_goal,0.11880867183208466,-0.005861576646566391,0.0241166353225708,-0.008070232653534681,0.011651784181594849,-0.00224113414779481,-1.0022863149642944,0.08194137364625931,-0.8312570862472057,0.0067602843046188354,0.016218313087723146,0.01831609010696411,-0.00019383659527250074,-1.0042452812194824,0.11633373331278563,-0.543981489026919,0.039767478592693806,0.0024251552747263094,0.0351940356194973,-0.00021946444359555173,-1.0029451251029968,0.02994166575213271,0.26307663862947805,0.03042475464603352,0.008313093086515325,0.015704726361722345,0.0008461927438231635,0.0014936368084512615,0.01334369643149699,0.004447898810498997,both,0.0,0.0,0.0,0.0,0.0,0.0,0.0,0.0,0.0,0.0,0.0,0.0,0.0,0.0,0.0,0.0,0.0,0.0,0.0,0.0,0.0,0.0,0.0,0.0,0.0,0.0,0.0,0.0,0.0,0.0,True,0.0012723803520202637,0.01334369643149699,0.004447898810498997
Object,Object,0,7,0,5100194,6,5100200,0.24865800142288208,False,timeout_no_goal,0.1132429763674736,-0.011962652206420898,0.023476816713809967,-0.009994511904410253,0.011151954531669617,-0.0019093918343671135,-1.001906156539917,0.07365088909864426,-0.8344676345586777,0.005968697369098663,0.018024890969214447,0.015396416187286377,0.0002896871352504604,-1.0047688484191895,0.1137498370371759,-0.54377326159738,0.04163754405453801,0.0030246102884291526,0.031764633022248745,1.9017343502181205e-05,-1.0023988261818886,0.030024522586664108,0.2616312930084416,0.03346171027684779,0.009178529651274228,0.015914385278686972,0.0008530827834002631,0.0013513519754056195,0.013170462299381923,0.004390154099793974,0.24963292479515076,False,timeout_no_goal,0.1132429763674736,-0.011962652206420898,0.023476816713809967,-0.009994511904410253,0.011151954531669617,-0.0019093918343671135,-1.001906156539917,0.07365088909864426,-0.8344676345586777,0.005968697369098663,0.018024890969214447,0.015396416187286377,0.0002896871352504604,-1.0047688484191895,0.1137498370371759,-0.54377326159738,0.04163754405453801,0.0030246102884291526,0.031764633022248745,1.9017343502181205e-05,-1.0023988261818886,0.030024522586664108,0.2616312930084416,0.03346171027684779,0.009178529651274228,0.015914385278686972,0.0008530827834002631,0.0013513519754056195,0.013170462299381923,0.004390154099793974,both,0.0,0.0,0.0,0.0,0.0,0.0,0.0,0.0,0.0,0.0,0.0,0.0,0.0,0.0,0.0,0.0,0.0,0.0,0.0,0.0,0.0,0.0,0.0,0.0,0.0,0.0,0.0,0.0,0.0,0.0,True,0.0009749233722686768,0.013170462299381923,0.004390154099793974
Object,Object,0,7,0,5100194,7,5100201,0.2475186586380005,False,wrong_object_interaction_candidate,0.10516505688428879,-0.01491151750087738,0.018906444311141968,-0.005414788763558498,0.01350085437297821,-0.0015699381700926551,-1.000816822052002,0.07737144827842712,-0.8239675126969814,0.004833675920963287,0.017631863903188716,0.01715974509716034,-0.00034693995822721035,-1.0033572912216187,0.1137157017365098,-0.5394394230097532,0.03929932834580541,0.0032865955512213496,0.03406514972448349,-0.00017440123708478694,-1.0022021308541298,0.025643878659594325,0.2590516204205987,0.03175750649073563,0.007773139710921326,0.014457488220067276,0.0006976160113044924,0.0015694207657620293,0.016357479414785027,0.005452493138261676,0.25035005807876587,False,wrong_object_interaction_candidate,0.10516505688428879,-0.01491151750087738,0.018906444311141968,-0.005414788763558498,0.01350085437297821,-0.0015699381700926551,-1.000816822052002,0.07737144827842712,-0.8239675126969814,0.004833675920963287,0.017631863903188716,0.01715974509716034,-0.00034693995822721035,-1.0033572912216187,0.1137157017365098,-0.5394394230097532,0.03929932834580541,0.0032865955512213496,0.03406514972448349,-0.00017440123708478694,-1.0022021308541298,0.025643878659594325,0.2590516204205987,0.03175750649073563,0.007773139710921326,0.014457488220067276,0.0006976160113044924,0.0015694207657620293,0.016357479414785027,0.005452493138261676,both,0.0,0.0,0.0,0.0,0.0,0.0,0.0,0.0,0.0,0.0,0.0,0.0,0.0,0.0,0.0,0.0,0.0,0.0,0.0,0.0,0.0,0.0,0.0,0.0,0.0,0.0,0.0,0.0,0.0,0.0,True,0.002831399440765381,0.016357479414785027,0.005452493138261676
Object,Object,0,8,0,5100291,0,5100291,0.24858295917510986,False,target_drop_candidate,0.02321060746908188,-0.0034374743700027466,0.009154602885246277,-0.003943732055978089,0.03756125271320343,-0.00019553309245878836,-1.0021079778671265,0.3388303890824318,-0.8191384747624397,0.003906413912773132,0.011780095059698681,0.03491887450218201,-0.029628327166534518,-1.0017480850219727,0.2937765000388026,-0.5069737939629704,0.04662416875362396,0.0026100859811954424,0.048676938749849796,-0.012907409918769819,-1.0008426941931248,0.1295246788093979,0.30481016566177777,0.03646463508939997,0.0076959085097089795,0.007733736034282344,0.013181654545252568,0.0015466016746398545,0.013701099934091656,0.004567033311363886,0.247314453125,False,target_drop_candidate,0.02321060746908188,-0.0034374743700027466,0.009154602885246277,-0.003943732055978089,0.03756125271320343,-0.00019553309245878836,-1.0021079778671265,0.3388303890824318,-0.8191384747624397,0.003906413912773132,0.011780095059698681,0.03491887450218201,-0.029628327166534518,-1.0017480850219727,0.2937765000388026,-0.5069737939629704,0.04662416875362396,0.0026100859811954424,0.048676938749849796,-0.012907409918769819,-1.0008426941931248,0.1295246788093979,0.30481016566177777,0.03646463508939997,0.0076959085097089795,0.007733736034282344,0.013181654545252568,0.0015466016746398545,0.013701099934091656,0.004567033311363886,both,0.0,0.0,0.0,0.0,0.0,0.0,0.0,0.0,0.0,0.0,0.0,0.0,0.0,0.0,0.0,0.0,0.0,0.0,0.0,0.0,0.0,0.0,0.0,0.0,0.0,0.0,0.0,0.0,0.0,0.0,True,-0.0012685060501098633,0.013701099934091656,0.004567033311363886
Object,Object,0,8,0,5100291,1,5100292,0.25230300426483154,False,target_drop_candidate,0.031885094940662384,-0.006079003214836121,0.009585767984390259,-0.003078216234631448,0.040030673146247864,0.0007051526864430002,-1.00185227394104,0.3539394959807396,-0.8327378891408443,0.0063064321875572205,0.016157349157552403,0.03673575818538666,-0.030618442582827754,-1.0009701251983643,0.2996751735918224,-0.5244586290791631,0.04587787203490734,0.003825282178572087,0.0497591458261013,-0.013039212052037286,-1.0007894337177277,0.13082643043866307,0.30856482765780757,0.03423747267320324,0.008628344930079771,0.0072112395366507945,0.014043878674437982,0.0015244738221166332,0.015334186111181756,0.005111395370393919,0.24782827496528625,False,target_drop_candidate,0.031885094940662384,-0.006079003214836121,0.009585767984390259,-0.003078216234631448,0.040030673146247864,0.0007051526864430002,-1.00185227394104,0.3539394959807396,-0.8327378891408443,0.0063064321875572205,0.016157349157552403,0.03673575818538666,-0.030618442582827754,-1.0009701251983643,0.2996751735918224,-0.5244586290791631,0.04587787203490734,0.003825282178572087,0.0497591458261013,-0.013039212052037286,-1.0007894337177277,0.13082643043866307,0.30856482765780757,0.03423747267320324,0.008628344930079771,0.0072112395366507945,0.014043878674437982,0.0015244738221166332,0.015334186111181756,0.005111395370393919,both,0.0,0.0,0.0,0.0,0.0,0.0,0.0,0.0,0.0,0.0,0.0,0.0,0.0,0.0,0.0,0.0,0.0,0.0,0.0,0.0,0.0,0.0,0.0,0.0,0.0,0.0,0.0,0.0,0.0,0.0,True,-0.004474729299545288,0.015334186111181756,0.005111395370393919
Object,Object,0,8,0,5100291,2,5100293,0.25186747312545776,True,success,0.025705620646476746,-0.008985623717308044,0.014644414186477661,-0.003275562258287401,0.043011412024497986,0.0007499225862162007,-1.0037447214126587,0.3505035862326622,-0.8305980451405048,0.0054983049631118774,0.013325289175758037,0.036774516105651855,-0.029676908676869118,-1.0040757656097412,0.30278549529612064,-0.5293064285069704,0.04772863816469908,0.003762003741448583,0.05155098717659712,-0.012908795207868362,-1.0024099871516228,0.13001986623920653,0.30224955098771494,0.03389500625096587,0.007324874961005928,0.007618156685322806,0.013624621231494183,0.0015044028295307728,0.015263616888699124,0.005087872296233041,0.24663805961608887,True,success,0.025705620646476746,-0.008985623717308044,0.014644414186477661,-0.003275562258287401,0.043011412024497986,0.0007499225862162007,-1.0037447214126587,0.3505035862326622,-0.8305980451405048,0.0054983049631118774,0.013325289175758037,0.036774516105651855,-0.029676908676869118,-1.0040757656097412,0.30278549529612064,-0.5293064285069704,0.04772863816469908,0.003762003741448583,0.05155098717659712,-0.012908795207868362,-1.0024099871516228,0.13001986623920653,0.30224955098771494,0.03389500625096587,0.007324874961005928,0.007618156685322806,0.013624621231494183,0.0015044028295307728,0.015263616888699124,0.005087872296233041,both,0.0,0.0,0.0,0.0,0.0,0.0,0.0,0.0,0.0,0.0,0.0,0.0,0.0,0.0,0.0,0.0,0.0,0.0,0.0,0.0,0.0,0.0,0.0,0.0,0.0,0.0,0.0,0.0,0.0,0.0,True,-0.0052294135093688965,0.015263616888699124,0.005087872296233041
Object,Object,0,8,0,5100291,3,5100294,0.24942973256111145,True,success,0.03048297017812729,-0.012498646974563599,0.00877484679222107,-0.004173225026005589,0.03695489466190338,0.00039011095570629095,-1.0022233724594116,0.342223159968853,-0.8401919156312943,0.006548836827278137,0.015087790794409806,0.03707152605056763,-0.03088069460891063,-1.0018647909164429,0.2976562175899744,-0.5366570083424449,0.042995677795261145,0.003727406207923001,0.04967536311596632,-0.01379211116898782,-1.0007000677287579,0.12993365854038397,0.30312914967972915,0.033043239757557054,0.008442689158587315,0.007478516419238726,0.014328285556574527,0.001359634155789054,0.014509794057204118,0.004836598019068039,0.2512304186820984,True,success,0.03048297017812729,-0.012498646974563599,0.00877484679222107,-0.004173225026005589,0.03695489466190338,0.00039011095570629095,-1.0022233724594116,0.342223159968853,-0.8401919156312943,0.006548836827278137,0.015087790794409806,0.03707152605056763,-0.03088069460891063,-1.0018647909164429,0.2976562175899744,-0.5366570083424449,0.042995677795261145,0.003727406207923001,0.04967536311596632,-0.01379211116898782,-1.0007000677287579,0.12993365854038397,0.30312914967972915,0.033043239757557054,0.008442689158587315,0.007478516419238726,0.014328285556574527,0.001359634155789054,0.014509794057204118,0.004836598019068039,both,0.0,0.0,0.0,0.0,0.0,0.0,0.0,0.0,0.0,0.0,0.0,0.0,0.0,0.0,0.0,0.0,0.0,0.0,0.0,0.0,0.0,0.0,0.0,0.0,0.0,0.0,0.0,0.0,0.0,0.0,True,0.0018006861209869385,0.014509794057204118,0.004836598019068039
Object,Object,0,8,0,5100291,4,5100295,0.2520049214363098,True,success,0.02027984708547592,-0.006128065288066864,0.006780065596103668,-0.0028093857946558387,0.03351067006587982,0.0007350286628664549,-1.0023943185806274,0.35365987569093704,-0.8277347311377525,0.005898177623748779,0.011453246425674024,0.04091911017894745,-0.03129446366291688,-1.0027978420257568,0.29348140116780996,-0.5182994459755719,0.04623976070433855,0.0028421976374491398,0.050292838364839554,-0.013071364253987472,-1.0014392584562302,0.13687623567595195,0.30480093172856715,0.03505268325817674,0.006372367396025822,0.007405476604789258,0.01396986269818393,0.0016699733037910016,0.015340913110843457,0.005113637703614486,0.24748632311820984,True,success,0.02027984708547592,-0.006128065288066864,0.006780065596103668,-0.0028093857946558387,0.03351067006587982,0.0007350286628664549,-1.0023943185806274,0.35365987569093704,-0.8277347311377525,0.005898177623748779,0.011453246425674024,0.04091911017894745,-0.03129446366291688,-1.0027978420257568,0.29348140116780996,-0.5182994459755719,0.04623976070433855,0.0028421976374491398,0.050292838364839554,-0.013071364253987472,-1.0014392584562302,0.13687623567595195,0.30480093172856715,0.03505268325817674,0.006372367396025822,0.007405476604789258,0.01396986269818393,0.0016699733037910016,0.015340913110843457,0.005113637703614486,both,0.0,0.0,0.0,0.0,0.0,0.0,0.0,0.0,0.0,0.0,0.0,0.0,0.0,0.0,0.0,0.0,0.0,0.0,0.0,0.0,0.0,0.0,0.0,0.0,0.0,0.0,0.0,0.0,0.0,0.0,True,-0.004518598318099976,0.015340913110843457,0.005113637703614486
Object,Object,0,8,0,5100291,5,5100296,0.24890121817588806,True,success,0.020412392914295197,-0.004141610115766525,0.01128271222114563,-0.0037370365220228408,0.035532474517822266,0.00021499719419182384,-1.0036243200302124,0.3568975254893303,-0.8207048289477825,0.006006918847560883,0.012304015269914537,0.035697340965270996,-0.028675644850494564,-1.003247618675232,0.30463179806247354,-0.5153601360507309,0.05030791740864515,0.003592389490574943,0.05144728347659111,-0.012139183114984409,-1.0013287886977196,0.13322726952314917,0.30661971772705865,0.03780041323712356,0.007702403621094757,0.009364243357376966,0.013110104164581844,0.0015559805965438037,0.018808095130045166,0.006269365043348389,0.24494367837905884,True,success,0.020412392914295197,-0.004141610115766525,0.01128271222114563,-0.0037370365220228408,0.035532474517822266,0.00021499719419182384,-1.0036243200302124,0.3568975254893303,-0.8207048289477825,0.006006918847560883,0.012304015269914537,0.035697340965270996,-0.028675644850494564,-1.003247618675232,0.30463179806247354,-0.5153601360507309,0.05030791740864515,0.003592389490574943,0.05144728347659111,-0.012139183114984409,-1.0013287886977196,0.13322726952314917,0.30661971772705865,0.03780041323712356,0.007702403621094757,0.009364243357376966,0.013110104164581844,0.0015559805965438037,0.018808095130045166,0.006269365043348389,both,0.0,0.0,0.0,0.0,0.0,0.0,0.0,0.0,0.0,0.0,0.0,0.0,0.0,0.0,0.0,0.0,0.0,0.0,0.0,0.0,0.0,0.0,0.0,0.0,0.0,0.0,0.0,0.0,0.0,0.0,True,-0.003957539796829224,0.018808095130045166,0.006269365043348389
Object,Object,0,8,0,5100291,6,5100297,0.2509974241256714,True,success,0.04180457442998886,-0.008217953145503998,0.020439550280570984,-0.0044068347080044035,0.03606243431568146,-0.0001270122320775613,-1.0026600360870361,0.3603503108024597,-0.8287814073264599,0.005199238657951355,0.015419396517823536,0.03668573498725891,-0.03175868698389195,-1.0032503604888916,0.3027388360351324,-0.5357149173505604,0.047881139907985926,0.004258617572452494,0.050473314709961414,-0.014304012670626864,-1.0008037313818932,0.12511513419285483,0.3036779259020455,0.0367136376494511,0.008433044305839927,0.008621633672387526,0.014882139897344129,0.002094336313736116,0.014053972525787507,0.004684657508595836,0.24958115816116333,True,success,0.04180457442998886,-0.008217953145503998,0.020439550280570984,-0.0044068347080044035,0.03606243431568146,-0.0001270122320775613,-1.0026600360870361,0.3603503108024597,-0.8287814073264599,0.005199238657951355,0.015419396517823536,0.03668573498725891,-0.03175868698389195,-1.0032503604888916,0.3027388360351324,-0.5357149173505604,0.047881139907985926,0.004258617572452494,0.050473314709961414,-0.014304012670626864,-1.0008037313818932,0.12511513419285483,0.3036779259020455,0.0367136376494511,0.008433044305839927,0.008621633672387526,0.014882139897344129,0.002094336313736116,0.014053972525787507,0.004684657508595836,both,0.0,0.0,0.0,0.0,0.0,0.0,0.0,0.0,0.0,0.0,0.0,0.0,0.0,0.0,0.0,0.0,0.0,0.0,0.0,0.0,0.0,0.0,0.0,0.0,0.0,0.0,0.0,0.0,0.0,0.0,True,-0.0014162659645080566,0.014053972525787507,0.004684657508595836
Object,Object,0,8,0,5100291,7,5100298,0.2514273226261139,True,success,0.023763030767440796,-0.008265729993581772,0.007964707911014557,-0.0031458034969515936,0.039045095443725586,0.0007051086215810187,-1.0024791955947876,0.35705946385860443,-0.8303040638566017,0.007570423185825348,0.01470546717950949,0.03627423942089081,-0.032986201844110496,-1.0018048286437988,0.29131511226296425,-0.5310158827342093,0.04878644831478596,0.0037730822707758294,0.05145290773361921,-0.014206884075631088,-1.0013058297336102,0.1333751798482041,0.30113478597802307,0.03622396139553773,0.007733909552510302,0.007591561357937334,0.0148705954723876,0.0021295887061100467,0.014478115343845355,0.004826038447948451,0.24751251935958862,True,success,0.023763030767440796,-0.008265729993581772,0.007964707911014557,-0.0031458034969515936,0.039045095443725586,0.0007051086215810187,-1.0024791955947876,0.35705946385860443,-0.8303040638566017,0.007570423185825348,0.01470546717950949,0.03627423942089081,-0.032986201844110496,-1.0018048286437988,0.29131511226296425,-0.5310158827342093,0.04878644831478596,0.0037730822707758294,0.05145290773361921,-0.014206884075631088,-1.0013058297336102,0.1333751798482041,0.30113478597802307,0.03622396139553773,0.007733909552510302,0.007591561357937334,0.0148705954723876,0.0021295887061100467,0.014478115343845355,0.004826038447948451,both,0.0,0.0,0.0,0.0,0.0,0.0,0.0,0.0,0.0,0.0,0.0,0.0,0.0,0.0,0.0,0.0,0.0,0.0,0.0,0.0,0.0,0.0,0.0,0.0,0.0,0.0,0.0,0.0,0.0,0.0,True,-0.0039148032665252686,0.014478115343845355,0.004826038447948451
Object,Object,0,9,0,5100388,0,5100388,0.2580459713935852,False,timeout_no_goal,0.0354042649269104,-0.018577706068754196,0.005881860852241516,-0.006185986139517929,0.010171249508857727,-0.0007323753059793603,-1.0016497373580933,0.08430104702711105,-0.849288459867239,0.006416738033294678,0.028230933509509448,-0.002764686942100525,-0.004196622560378671,-1.0031018257141113,0.10396650759503245,-0.5445897812023759,0.030846765730530024,0.006854301670509544,0.01659246627241373,-0.0007234824660207195,-1.0023478865623474,0.026589478658541117,0.2748389864293603,0.024644223785346333,0.01191642880059662,0.01644556754639692,0.0013400964563587783,0.0015475896311691933,0.017300343780125092,0.005766781260041697,0.2529338002204895,False,timeout_no_goal,0.0354042649269104,-0.018577706068754196,0.005881860852241516,-0.006185986139517929,0.010171249508857727,-0.0007323753059793603,-1.0016497373580933,0.08430104702711105,-0.849288459867239,0.006416738033294678,0.028230933509509448,-0.002764686942100525,-0.004196622560378671,-1.0031018257141113,0.10396650759503245,-0.5445897812023759,0.030846765730530024,0.006854301670509544,0.01659246627241373,-0.0007234824660207195,-1.0023478865623474,0.026589478658541117,0.2748389864293603,0.024644223785346333,0.01191642880059662,0.01644556754639692,0.0013400964563587783,0.0015475896311691933,0.017300343780125092,0.005766781260041697,both,0.0,0.0,0.0,0.0,0.0,0.0,0.0,0.0,0.0,0.0,0.0,0.0,0.0,0.0,0.0,0.0,0.0,0.0,0.0,0.0,0.0,0.0,0.0,0.0,0.0,0.0,0.0,0.0,0.0,0.0,True,-0.005112171173095703,0.017300343780125092,0.005766781260041697
Object,Object,0,9,0,5100388,1,5100389,0.25696003437042236,False,timeout_no_goal,0.04970826208591461,-0.037355683743953705,0.0066505372524261475,-0.0065099439269138415,0.01666545867919922,-0.0010901599528381212,-1.0019855499267578,0.06885744631290436,-0.8450852707028389,-0.0018643587827682495,0.029369396482803012,-0.005316227674484253,-0.002560207813402826,-1.0041183233261108,0.10352688375860453,-0.5717497074510902,0.029506251448765397,0.008330270987709054,0.01647256873548031,-0.0008347255871199444,-1.0021484829485416,0.024694838851312788,0.26514697791117126,0.02805064628683069,0.012666225249839274,0.018436931038569353,0.000834706867314407,0.001182414592034223,0.01243371581659913,0.004144571938866377,0.2542153298854828,False,timeout_no_goal,0.04970826208591461,-0.037355683743953705,0.0066505372524261475,-0.0065099439269138415,0.01666545867919922,-0.0010901599528381212,-1.0019855499267578,0.06885744631290436,-0.8450852707028389,-0.0018643587827682495,0.029369396482803012,-0.005316227674484253,-0.002560207813402826,-1.0041183233261108,0.10352688375860453,-0.5717497074510902,0.029506251448765397,0.008330270987709054,0.01647256873548031,-0.0008347255871199444,-1.0021484829485416,0.024694838851312788,0.26514697791117126,0.02805064628683069,0.012666225249839274,0.018436931038569353,0.000834706867314407,0.001182414592034223,0.01243371581659913,0.004144571938866377,both,0.0,0.0,0.0,0.0,0.0,0.0,0.0,0.0,0.0,0.0,0.0,0.0,0.0,0.0,0.0,0.0,0.0,0.0,0.0,0.0,0.0,0.0,0.0,0.0,0.0,0.0,0.0,0.0,0.0,0.0,True,-0.002744704484939575,0.01243371581659913,0.004144571938866377
Object,Object,0,9,0,5100388,2,5100390,0.26026806235313416,True,success,0.06662305444478989,-0.0507950596511364,0.00989086925983429,-0.00908358417589561,0.02650165557861328,-0.0009200475531585539,-1.0023545026779175,0.09159363806247711,-0.8427669480443001,-0.0052694231271743774,0.028997739726032812,-0.0051880404353141785,-0.004169148118933208,-1.0043532848358154,0.11331503977999091,-0.5753146950155497,0.025550429709255695,0.007971067284652078,0.01750537846237421,-0.00094519895016143,-1.0032828003168106,0.019726374709649434,0.25540714282734506,0.02302309938973595,0.013657712695364522,0.01892884963375818,0.0013939100327803068,0.0014337933798607293,0.012004873143817266,0.004001624381272422,0.2540154457092285,True,success,0.06662305444478989,-0.0507950596511364,0.00989086925983429,-0.00908358417589561,0.02650165557861328,-0.0009200475531585539,-1.0023545026779175,0.09159363806247711,-0.8427669480443001,-0.0052694231271743774,0.028997739726032812,-0.0051880404353141785,-0.004169148118933208,-1.0043532848358154,0.11331503977999091,-0.5753146950155497,0.025550429709255695,0.007971067284652078,0.01750537846237421,-0.00094519895016143,-1.0032828003168106,0.019726374709649434,0.25540714282734506,0.02302309938973595,0.013657712695364522,0.01892884963375818,0.0013939100327803068,0.0014337933798607293,0.012004873143817266,0.004001624381272422,both,0.0,0.0,0.0,0.0,0.0,0.0,0.0,0.0,0.0,0.0,0.0,0.0,0.0,0.0,0.0,0.0,0.0,0.0,0.0,0.0,0.0,0.0,0.0,0.0,0.0,0.0,0.0,0.0,0.0,0.0,True,-0.00625261664390564,0.012004873143817266,0.004001624381272422
Object,Object,0,9,0,5100388,3,5100391,0.2618933916091919,False,timeout_no_goal,0.08767247200012207,-0.06043665111064911,0.015761442482471466,-0.008577320085912277,0.02091716229915619,0.0001809130234491363,-1.000696063041687,0.12070007622241974,-0.8543798513710499,-0.010270290076732635,0.03326762997567467,-0.0036842823028564453,-0.0019747840895476543,-1.0030345916748047,0.13260368490591645,-0.5782053584698588,0.02622468746267259,0.010407411758797225,0.014501698315143585,-0.000254169653486791,-1.0021624937653542,0.020083494523815082,0.25805197001613683,0.025884269259390656,0.015306854805921245,0.016261398437721997,0.0007857278509759398,0.0011926026950855022,0.007907039652084486,0.0026356798840281625,0.25593334436416626,False,timeout_no_goal,0.08767247200012207,-0.06043665111064911,0.015761442482471466,-0.008577320085912277,0.02091716229915619,0.0001809130234491363,-1.000696063041687,0.12070007622241974,-0.8543798513710499,-0.010270290076732635,0.03326762997567467,-0.0036842823028564453,-0.0019747840895476543,-1.0030345916748047,0.13260368490591645,-0.5782053584698588,0.02622468746267259,0.010407411758797225,0.014501698315143585,-0.000254169653486791,-1.0021624937653542,0.020083494523815082,0.25805197001613683,0.025884269259390656,0.015306854805921245,0.016261398437721997,0.0007857278509759398,0.0011926026950855022,0.007907039652084486,0.0026356798840281625,both,0.0,0.0,0.0,0.0,0.0,0.0,0.0,0.0,0.0,0.0,0.0,0.0,0.0,0.0,0.0,0.0,0.0,0.0,0.0,0.0,0.0,0.0,0.0,0.0,0.0,0.0,0.0,0.0,0.0,0.0,True,-0.005960047245025635,0.007907039652084486,0.0026356798840281625
Object,Object,0,9,0,5100388,4,5100392,0.2590191960334778,False,timeout_no_goal,0.05790889263153076,-0.03025755286216736,0.00941745936870575,-0.006051470288793048,0.02246488630771637,-0.0015345761183525042,-1.0024361610412598,0.08157435804605484,-0.8588277921080589,0.005114078521728516,0.026853317015429035,-0.0033404454588890076,-0.0038850178888765186,-1.0040562152862549,0.1097643468528986,-0.5651961104013026,0.02963130595162511,0.007985138434876249,0.01831828197464347,-0.0010448791760713227,-1.0029316768050194,0.02399737932985847,0.2773152585379327,0.024427533250415932,0.012021492183867903,0.019169869822827094,0.0011446248627985651,0.0009665600207941418,0.0141309202581202,0.004710306752706734,0.2539297640323639,False,timeout_no_goal,0.05790889263153076,-0.03025755286216736,0.00941745936870575,-0.006051470288793048,0.02246488630771637,-0.0015345761183525042,-1.0024361610412598,0.08157435804605484,-0.8588277921080589,0.005114078521728516,0.026853317015429035,-0.0033404454588890076,-0.0038850178888765186,-1.0040562152862549,0.1097643468528986,-0.5651961104013026,0.02963130595162511,0.007985138434876249,0.01831828197464347,-0.0010448791760713227,-1.0029316768050194,0.02399737932985847,0.2773152585379327,0.024427533250415932,0.012021492183867903,0.019169869822827094,0.0011446248627985651,0.0009665600207941418,0.0141309202581202,0.004710306752706734,both,0.0,0.0,0.0,0.0,0.0,0.0,0.0,0.0,0.0,0.0,0.0,0.0,0.0,0.0,0.0,0.0,0.0,0.0,0.0,0.0,0.0,0.0,0.0,0.0,0.0,0.0,0.0,0.0,0.0,0.0,True,-0.005089432001113892,0.0141309202581202,0.004710306752706734
Object,Object,0,9,0,5100388,5,5100393,0.26120126247406006,True,success,0.06544634699821472,-0.06314165890216827,0.009827837347984314,-0.009188276735450529,0.02547338604927063,-0.0015923671848412368,-1.0026099681854248,0.08221607655286789,-0.848871935158968,0.0017721578478813171,0.031155921402869602,-0.006197735667228699,-0.0034935456550329036,-1.0036256313323975,0.1074562780559063,-0.5806617625057697,0.027120828162878752,0.008259439527649293,0.016610497143119574,-0.000596304389207436,-1.00318693369627,0.02093519538974771,0.25753050898358804,0.022447508335522767,0.014129090831931253,0.01914323852302059,0.0011450396593834006,0.0011687837090555804,0.013108815232824027,0.004369605077608009,0.25294196605682373,True,success,0.06544634699821472,-0.06314165890216827,0.009827837347984314,-0.009188276735450529,0.02547338604927063,-0.0015923671848412368,-1.0026099681854248,0.08221607655286789,-0.848871935158968,0.0017721578478813171,0.031155921402869602,-0.006197735667228699,-0.0034935456550329036,-1.0036256313323975,0.1074562780559063,-0.5806617625057697,0.027120828162878752,0.008259439527649293,0.016610497143119574,-0.000596304389207436,-1.00318693369627,0.02093519538974771,0.25753050898358804,0.022447508335522767,0.014129090831931253,0.01914323852302059,0.0011450396593834006,0.0011687837090555804,0.013108815232824027,0.004369605077608009,both,0.0,0.0,0.0,0.0,0.0,0.0,0.0,0.0,0.0,0.0,0.0,0.0,0.0,0.0,0.0,0.0,0.0,0.0,0.0,0.0,0.0,0.0,0.0,0.0,0.0,0.0,0.0,0.0,0.0,0.0,True,-0.008259296417236328,0.013108815232824027,0.004369605077608009
Object,Object,0,9,0,5100388,6,5100394,0.2632925510406494,True,success,0.1093648374080658,-0.03960985690355301,0.018923208117485046,-0.007520441195641325,0.0224570631980896,0.000386607799178762,-1.001495599746704,0.1566871628165245,-0.8405858650803566,-0.01760987564921379,0.031446268524081944,-0.0013839751482009888,-0.0002646267960457749,-1.0037286281585693,0.16307051293551922,-0.5689863371662796,0.03306488273665309,0.0109707094625498,0.017055236734449863,0.00027360070657334035,-1.0023219995200634,0.024054317828908673,0.2605199659595035,0.035341201988929684,0.015790970441745836,0.017163448736901732,0.0006138643785113354,0.0014347213373513369,0.009257963738057476,0.0030859879126858255,0.2579793334007263,True,success,0.1093648374080658,-0.03960985690355301,0.018923208117485046,-0.007520441195641325,0.0224570631980896,0.000386607799178762,-1.001495599746704,0.1566871628165245,-0.8405858650803566,-0.01760987564921379,0.031446268524081944,-0.0013839751482009888,-0.0002646267960457749,-1.0037286281585693,0.16307051293551922,-0.5689863371662796,0.03306488273665309,0.0109707094625498,0.017055236734449863,0.00027360070657334035,-1.0023219995200634,0.024054317828908673,0.2605199659595035,0.035341201988929684,0.015790970441745836,0.017163448736901732,0.0006138643785113354,0.0014347213373513369,0.009257963738057476,0.0030859879126858255,both,0.0,0.0,0.0,0.0,0.0,0.0,0.0,0.0,0.0,0.0,0.0,0.0,0.0,0.0,0.0,0.0,0.0,0.0,0.0,0.0,0.0,0.0,0.0,0.0,0.0,0.0,0.0,0.0,0.0,0.0,True,-0.005313217639923096,0.009257963738057476,0.0030859879126858255
Object,Object,0,9,0,5100388,7,5100395,0.26173657178878784,True,success,0.06788503378629684,-0.04111625254154205,0.014441795647144318,-0.006945235902511726,0.018921107053756714,-0.001199132356518362,-1.003361701965332,0.11279985308647156,-0.8428999409079552,-0.0034703873097896576,0.029363962423000878,-8.621066808700562e-05,-0.002897326039992265,-1.0036872625350952,0.12685979716479778,-0.5691846006084234,0.02811573212966323,0.00960010281413165,0.017826508730649948,-0.0005893283707449903,-1.003085434436798,0.022652449940094067,0.262192196859857,0.027155555171869832,0.014206058549479476,0.017128718069017883,0.0009447466891792246,0.0013264089542838165,0.009877476823915326,0.003292492274638442,0.25535130500793457,True,success,0.06788503378629684,-0.04111625254154205,0.014441795647144318,-0.006945235902511726,0.018921107053756714,-0.001199132356518362,-1.003361701965332,0.11279985308647156,-0.8428999409079552,-0.0034703873097896576,0.029363962423000878,-8.621066808700562e-05,-0.002897326039992265,-1.0036872625350952,0.12685979716479778,-0.5691846006084234,0.02811573212966323,0.00960010281413165,0.017826508730649948,-0.0005893283707449903,-1.003085434436798,0.022652449940094067,0.262192196859857,0.027155555171869832,0.014206058549479476,0.017128718069017883,0.0009447466891792246,0.0013264089542838165,0.009877476823915326,0.003292492274638442,both,0.0,0.0,0.0,0.0,0.0,0.0,0.0,0.0,0.0,0.0,0.0,0.0,0.0,0.0,0.0,0.0,0.0,0.0,0.0,0.0,0.0,0.0,0.0,0.0,0.0,0.0,0.0,0.0,0.0,0.0,True,-0.0063852667808532715,0.009877476823915326,0.003292492274638442
Position-y0.3,Position,0,5,0,5310000,0,5310000,0.21604907512664795,False,timeout_no_goal,0.02150215208530426,-0.04941282793879509,0.0005176663398742676,-0.0041468048833985804,0.010302498936653137,-1.0857255894336504e-05,-1.003901720046997,0.19832879304885864,-0.9136715345084667,-0.017229951918125153,0.034265100138075155,-0.0007354617118835449,-0.0015993074006033225,-1.0020989179611206,0.15940727200359106,-0.5498390598222613,0.006217391928657889,0.008067783714762577,0.015376548282802105,-0.0006303004302261606,-1.0017316080629826,0.0635481954427055,0.2790603471610323,0.010378563496673151,0.012977082335036506,0.01130732690969901,0.0010069113869758763,0.0013503720676114593,0.010787752036001188,0.003595917345333729,0.2306566834449768,False,timeout_no_goal,0.02150215208530426,-0.04941282793879509,0.0005176663398742676,-0.0041468048833985804,0.010302498936653137,-1.0857255894336504e-05,-1.003901720046997,0.19832879304885864,-0.9136715345084667,-0.017229951918125153,0.034265100138075155,-0.0007354617118835449,-0.0015993074006033225,-1.0020989179611206,0.15940727200359106,-0.5498390598222613,0.006217391928657889,0.008067783714762577,0.015376548282802105,-0.0006303004302261606,-1.0017316080629826,0.0635481954427055,0.2790603471610323,0.010378563496673151,0.012977082335036506,0.01130732690969901,0.0010069113869758763,0.0013503720676114593,0.010787752036001188,0.003595917345333729,both,0.0,0.0,0.0,0.0,0.0,0.0,0.0,0.0,0.0,0.0,0.0,0.0,0.0,0.0,0.0,0.0,0.0,0.0,0.0,0.0,0.0,0.0,0.0,0.0,0.0,0.0,0.0,0.0,0.0,0.0,True,0.014607608318328857,0.010787752036001188,0.003595917345333729
Position-y0.3,Position,0,5,0,5310000,1,5310001,0.21162757277488708,False,timeout_no_goal,-0.0009384937584400177,-0.023358967155218124,-0.0002742558717727661,-0.006480267007725082,0.010299012064933777,0.000244388457133482,-1.0039016008377075,0.21200448274612427,-0.9127927199006081,-0.0034601613879203796,0.031282258719144806,0.0006375610828399658,-0.0003725416430384598,-1.0025885105133057,0.15989281120710075,-0.5206852045375854,0.009179074550047517,0.007446693092588275,0.013825709000229836,0.00047705643650353124,-1.0023947730660439,0.0718397246332947,0.29057571934405996,0.011929928463467911,0.012670875333723802,0.009765494410867543,0.0006658682135628228,0.001132507143065978,0.011418888616135672,0.0038062962053785573,0.2232084572315216,False,timeout_no_goal,-0.0009384937584400177,-0.023358967155218124,-0.0002742558717727661,-0.006480267007725082,0.010299012064933777,0.000244388457133482,-1.0039016008377075,0.21200448274612427,-0.9127927199006081,-0.0034601613879203796,0.031282258719144806,0.0006375610828399658,-0.0003725416430384598,-1.0025885105133057,0.15989281120710075,-0.5206852045375854,0.009179074550047517,0.007446693092588275,0.013825709000229836,0.00047705643650353124,-1.0023947730660439,0.0718397246332947,0.29057571934405996,0.011929928463467911,0.012670875333723802,0.009765494410867543,0.0006658682135628228,0.001132507143065978,0.011418888616135672,0.0038062962053785573,both,0.0,0.0,0.0,0.0,0.0,0.0,0.0,0.0,0.0,0.0,0.0,0.0,0.0,0.0,0.0,0.0,0.0,0.0,0.0,0.0,0.0,0.0,0.0,0.0,0.0,0.0,0.0,0.0,0.0,0.0,True,0.011580884456634521,0.011418888616135672,0.0038062962053785573
Position-y0.3,Position,0,5,0,5310000,2,5310002,0.2152489423751831,False,timeout_no_goal,0.023217983543872833,-0.04829864948987961,0.00012908130884170532,-0.007847472794642485,0.009538918733596802,-1.039457484353079e-05,-1.0005438327789307,0.16359709203243256,-0.9142233431339264,-0.026445630937814713,0.03553753006716409,-0.0010376125574111938,-0.0006405441336099216,-1.0008915662765503,0.15120397321879864,-0.5663338385056704,0.0041623658034950495,0.009058537918994303,0.015681699849665165,-4.659248193439325e-05,-1.000939480960369,0.054771649206422364,0.27470855823197166,0.010526491673803607,0.014256915672254648,0.012305679434025133,0.000755094243274732,0.0011484862890425256,0.014864042155337718,0.0049546807184459064,0.2290782928466797,False,timeout_no_goal,0.023217983543872833,-0.04829864948987961,0.00012908130884170532,-0.007847472794642485,0.009538918733596802,-1.039457484353079e-05,-1.0005438327789307,0.16359709203243256,-0.9142233431339264,-0.026445630937814713,0.03553753006716409,-0.0010376125574111938,-0.0006405441336099216,-1.0008915662765503,0.15120397321879864,-0.5663338385056704,0.0041623658034950495,0.009058537918994303,0.015681699849665165,-4.659248193439325e-05,-1.000939480960369,0.054771649206422364,0.27470855823197166,0.010526491673803607,0.014256915672254648,0.012305679434025133,0.000755094243274732,0.0011484862890425256,0.014864042155337718,0.0049546807184459064,both,0.0,0.0,0.0,0.0,0.0,0.0,0.0,0.0,0.0,0.0,0.0,0.0,0.0,0.0,0.0,0.0,0.0,0.0,0.0,0.0,0.0,0.0,0.0,0.0,0.0,0.0,0.0,0.0,0.0,0.0,True,0.013829350471496582,0.014864042155337718,0.0049546807184459064
Position-y0.3,Position,0,5,0,5310000,3,5310003,0.21457606554031372,False,timeout_no_goal,0.00990103930234909,-0.037842560559511185,-0.001261979341506958,-0.0056078899997595855,0.015702813863754272,-0.0004322935958853691,-1.0015654563903809,0.2021283656358719,-0.8995901606976986,-0.0248757004737854,0.03800025694738984,-0.00018737465143203735,-0.00042621264493192257,-1.0018361806869507,0.1560674118809402,-0.5531941365916282,0.004841216141358018,0.010339206989681382,0.015671064611524343,0.00014296904620225703,-1.0013279765844345,0.06377968301170787,0.2721660045536873,0.011336666507682013,0.014592583749564363,0.011345106693267888,0.0006020653590685279,0.0015574805577119927,0.009439047964639891,0.0031463493215466306,0.2277912199497223,False,timeout_no_goal,0.00990103930234909,-0.037842560559511185,-0.001261979341506958,-0.0056078899997595855,0.015702813863754272,-0.0004322935958853691,-1.0015654563903809,0.2021283656358719,-0.8995901606976986,-0.0248757004737854,0.03800025694738984,-0.00018737465143203735,-0.00042621264493192257,-1.0018361806869507,0.1560674118809402,-0.5531941365916282,0.004841216141358018,0.010339206989681382,0.015671064611524343,0.00014296904620225703,-1.0013279765844345,0.06377968301170787,0.2721660045536873,0.011336666507682013,0.014592583749564363,0.011345106693267888,0.0006020653590685279,0.0015574805577119927,0.009439047964639891,0.0031463493215466306,both,0.0,0.0,0.0,0.0,0.0,0.0,0.0,0.0,0.0,0.0,0.0,0.0,0.0,0.0,0.0,0.0,0.0,0.0,0.0,0.0,0.0,0.0,0.0,0.0,0.0,0.0,0.0,0.0,0.0,0.0,True,0.01321515440940857,0.009439047964639891,0.0031463493215466306
Position-y0.3,Position,0,5,0,5310000,4,5310004,0.21557116508483887,False,timeout_no_goal,0.014475658535957336,-0.03721766173839569,3.3527612686157227e-05,-0.0049449895933921795,0.010628387331962585,0.0011035431036177101,-1.0028306245803833,0.21667789667844772,-0.9171463921666145,-0.009413156658411026,0.03753027481224702,-0.0028734728693962097,-0.0008738675778019456,-1.0026800632476807,0.16386587172746658,-0.551746585406363,0.011265972862020135,0.009828007419456886,0.015696363989263773,0.0007180609369497049,-1.00153336673975,0.06545651213882926,0.28205182740520707,0.015155094068953899,0.014296537104463597,0.012794542760744442,0.0008765169182526278,0.0012188794746294373,0.01194706152997662,0.00398235384332554,0.22844147682189941,False,timeout_no_goal,0.014475658535957336,-0.03721766173839569,3.3527612686157227e-05,-0.0049449895933921795,0.010628387331962585,0.0011035431036177101,-1.0028306245803833,0.21667789667844772,-0.9171463921666145,-0.009413156658411026,0.03753027481224702,-0.0028734728693962097,-0.0008738675778019456,-1.0026800632476807,0.16386587172746658,-0.551746585406363,0.011265972862020135,0.009828007419456886,0.015696363989263773,0.0007180609369497049,-1.00153336673975,0.06545651213882926,0.28205182740520707,0.015155094068953899,0.014296537104463597,0.012794542760744442,0.0008765169182526278,0.0012188794746294373,0.01194706152997662,0.00398235384332554,both,0.0,0.0,0.0,0.0,0.0,0.0,0.0,0.0,0.0,0.0,0.0,0.0,0.0,0.0,0.0,0.0,0.0,0.0,0.0,0.0,0.0,0.0,0.0,0.0,0.0,0.0,0.0,0.0,0.0,0.0,True,0.012870311737060547,0.01194706152997662,0.00398235384332554
Position-y0.3,Position,0,5,0,5310000,5,5310005,0.21287944912910461,False,timeout_no_goal,0.00858653336763382,-0.03502584993839264,0.001242309808731079,-0.004180195991610347,0.008717715740203857,0.0002498745324501783,-1.002825379371643,0.20890161395072937,-0.9095094725489616,-0.013624336570501328,0.03305603098034915,0.000393792986869812,-0.0008938289602795635,-1.0018866062164307,0.15252037905156612,-0.5396161484532058,0.0070806825533509254,0.007798157377139181,0.014263099059462547,0.00037216967174513726,-1.0018554739654064,0.06540255498901693,0.2830145311099965,0.010647189869722368,0.012594718233021156,0.010775385766844297,0.0008388584662912615,0.0010954790638351521,0.012598307465309318,0.004199435821769773,0.22643911838531494,False,timeout_no_goal,0.00858653336763382,-0.03502584993839264,0.001242309808731079,-0.004180195991610347,0.008717715740203857,0.0002498745324501783,-1.002825379371643,0.20890161395072937,-0.9095094725489616,-0.013624336570501328,0.03305603098034915,0.000393792986869812,-0.0008938289602795635,-1.0018866062164307,0.15252037905156612,-0.5396161484532058,0.0070806825533509254,0.007798157377139181,0.014263099059462547,0.00037216967174513726,-1.0018554739654064,0.06540255498901693,0.2830145311099965,0.010647189869722368,0.012594718233021156,0.010775385766844297,0.0008388584662912615,0.0010954790638351521,0.012598307465309318,0.004199435821769773,both,0.0,0.0,0.0,0.0,0.0,0.0,0.0,0.0,0.0,0.0,0.0,0.0,0.0,0.0,0.0,0.0,0.0,0.0,0.0,0.0,0.0,0.0,0.0,0.0,0.0,0.0,0.0,0.0,0.0,0.0,True,0.013559669256210327,0.012598307465309318,0.004199435821769773
Position-y0.3,Position,0,5,0,5310000,6,5310006,0.21331018209457397,False,timeout_no_goal,0.008605867624282837,-0.030463244765996933,-0.00023351982235908508,-0.004806485106179537,0.012662306427955627,0.0010689081221002539,-1.0020540952682495,0.2471836656332016,-0.8977778255939484,-0.019553136080503464,0.033746138278722526,-0.0005005896091461182,-0.0006450387495320342,-1.0019028186798096,0.1638068282045424,-0.5468037805985659,0.011041030520573258,0.008929926119354947,0.01649224665015936,0.0004470413803594475,-1.0017450377345085,0.07545501529875405,0.27940430643230624,0.01689904636133705,0.013056958659711826,0.012382545837289158,0.0010665797289737783,0.0013867991092220504,0.01130366222892673,0.0037678874096422434,0.22727075219154358,False,timeout_no_goal,0.008605867624282837,-0.030463244765996933,-0.00023351982235908508,-0.004806485106179537,0.012662306427955627,0.0010689081221002539,-1.0020540952682495,0.2471836656332016,-0.8977778255939484,-0.019553136080503464,0.033746138278722526,-0.0005005896091461182,-0.0006450387495320342,-1.0019028186798096,0.1638068282045424,-0.5468037805985659,0.011041030520573258,0.008929926119354947,0.01649224665015936,0.0004470413803594475,-1.0017450377345085,0.07545501529875405,0.27940430643230624,0.01689904636133705,0.013056958659711826,0.012382545837289158,0.0010665797289737783,0.0013867991092220504,0.01130366222892673,0.0037678874096422434,both,0.0,0.0,0.0,0.0,0.0,0.0,0.0,0.0,0.0,0.0,0.0,0.0,0.0,0.0,0.0,0.0,0.0,0.0,0.0,0.0,0.0,0.0,0.0,0.0,0.0,0.0,0.0,0.0,0.0,0.0,True,0.013960570096969604,0.01130366222892673,0.0037678874096422434
Position-y0.3,Position,0,5,0,5310000,7,5310007,0.2170250415802002,False,timeout_no_goal,0.03506820648908615,-0.07287980988621712,-0.00012461096048355103,-0.007904118751367761,0.01833750307559967,-0.0013931940086848726,-1.0008366107940674,0.20548872649669647,-0.9146369621157646,-0.023779626935720444,0.035639880675019775,-0.0018472373485565186,-0.0010710798676001332,-1.000697135925293,0.16413185046985745,-0.5861437681596726,0.006413290975615382,0.009669318464742671,0.017373980954289436,-0.0008478032119398904,-1.001190010458231,0.059564543812143295,0.2632610566298279,0.011765806782943528,0.014181770261024552,0.01334847890825079,0.0013288021289112545,0.0010940869445963085,0.016016751368831805,0.005338917122943934,0.23105284571647644,False,timeout_no_goal,0.03506820648908615,-0.07287980988621712,-0.00012461096048355103,-0.007904118751367761,0.01833750307559967,-0.0013931940086848726,-1.0008366107940674,0.20548872649669647,-0.9146369621157646,-0.023779626935720444,0.035639880675019775,-0.0018472373485565186,-0.0010710798676001332,-1.000697135925293,0.16413185046985745,-0.5861437681596726,0.006413290975615382,0.009669318464742671,0.017373980954289436,-0.0008478032119398904,-1.001190010458231,0.059564543812143295,0.2632610566298279,0.011765806782943528,0.014181770261024552,0.01334847890825079,0.0013288021289112545,0.0010940869445963085,0.016016751368831805,0.005338917122943934,both,0.0,0.0,0.0,0.0,0.0,0.0,0.0,0.0,0.0,0.0,0.0,0.0,0.0,0.0,0.0,0.0,0.0,0.0,0.0,0.0,0.0,0.0,0.0,0.0,0.0,0.0,0.0,0.0,0.0,0.0,True,0.014027804136276245,0.016016751368831805,0.005338917122943934
Position-y0.3,Position,0,6,0,5310097,0,5310097,0.2690318822860718,False,timeout_no_goal,0.1149100810289383,-0.026310905814170837,-0.00045279040932655334,-0.01895344686836431,0.019474267959594727,-0.0016312544255399075,-1.002422571182251,0.13641715049743652,-0.9079468064010143,0.0004488229751586914,0.04323896504411184,0.02142186462879181,-0.0007412323432376411,-1.003270149230957,0.15825151931494474,-0.5931662837974727,0.005920623661950231,0.012232736689193446,0.03232169710099697,0.00012622990675703605,-1.001871321350336,0.019032645267175883,0.2994866538350302,0.0070208460304600935,0.020645526090802155,0.012058511899693196,0.000786130393778931,0.0008660746847635047,0.011763833019545061,0.003921277673181687,0.2662401795387268,False,timeout_no_goal,0.1149100810289383,-0.026310905814170837,-0.00045279040932655334,-0.01895344686836431,0.019474267959594727,-0.0016312544255399075,-1.002422571182251,0.13641715049743652,-0.9079468064010143,0.0004488229751586914,0.04323896504411184,0.02142186462879181,-0.0007412323432376411,-1.003270149230957,0.15825151931494474,-0.5931662837974727,0.005920623661950231,0.012232736689193446,0.03232169710099697,0.00012622990675703605,-1.001871321350336,0.019032645267175883,0.2994866538350302,0.0070208460304600935,0.020645526090802155,0.012058511899693196,0.000786130393778931,0.0008660746847635047,0.011763833019545061,0.003921277673181687,both,0.0,0.0,0.0,0.0,0.0,0.0,0.0,0.0,0.0,0.0,0.0,0.0,0.0,0.0,0.0,0.0,0.0,0.0,0.0,0.0,0.0,0.0,0.0,0.0,0.0,0.0,0.0,0.0,0.0,0.0,True,-0.0027917027473449707,0.011763833019545061,0.003921277673181687
Position-y0.3,Position,0,6,0,5310097,1,5310098,0.2673862874507904,False,timeout_no_goal,0.11120282113552094,-0.02029459923505783,0.00042267143726348877,-0.02189437101117786,0.01975657045841217,-0.0013049541225669259,-1.0029270648956299,0.16520384699106216,-0.8988999389111996,-0.004198774695396423,0.04353996072695665,0.01956711709499359,-0.001062949900564547,-1.0030931234359741,0.1668308931402862,-0.5789343221113086,0.005326123209670186,0.011941942447319775,0.03199973423033953,0.0002585470480989116,-1.002570480108261,0.02032036007216146,0.3025215820996718,0.008107357442355426,0.021268017356083486,0.012413016242443228,0.0008323904555016872,0.0009725126797393051,0.009800773022398221,0.003266924340799407,0.26720595359802246,False,timeout_no_goal,0.11120282113552094,-0.02029459923505783,0.00042267143726348877,-0.02189437101117786,0.01975657045841217,-0.0013049541225669259,-1.0029270648956299,0.16520384699106216,-0.8988999389111996,-0.004198774695396423,0.04353996072695665,0.01956711709499359,-0.001062949900564547,-1.0030931234359741,0.1668308931402862,-0.5789343221113086,0.005326123209670186,0.011941942447319775,0.03199973423033953,0.0002585470480989116,-1.002570480108261,0.02032036007216146,0.3025215820996718,0.008107357442355426,0.021268017356083486,0.012413016242443228,0.0008323904555016872,0.0009725126797393051,0.009800773022398221,0.003266924340799407,both,0.0,0.0,0.0,0.0,0.0,0.0,0.0,0.0,0.0,0.0,0.0,0.0,0.0,0.0,0.0,0.0,0.0,0.0,0.0,0.0,0.0,0.0,0.0,0.0,0.0,0.0,0.0,0.0,0.0,0.0,True,-0.00018033385276794434,0.009800773022398221,0.003266924340799407
Position-y0.3,Position,0,6,0,5310097,2,5310099,0.26829659938812256,False,timeout_no_goal,0.10764352977275848,-0.02003336325287819,0.0007370486855506897,-0.019325268293613362,0.016689017415046692,-0.0009219203097927675,-1.0030823945999146,0.14916568994522095,-0.8998630754649639,0.0014236941933631897,0.04027054126532992,0.025893330574035645,-0.0003379286939519943,-1.002007246017456,0.16571184620261192,-0.5827865994069725,0.005877767689526081,0.012250652390986383,0.033602284267544746,0.00020877440946387438,-1.0020517110824585,0.022534095718874204,0.2963022919943919,0.005992076645929864,0.020299895979712698,0.01081479067199986,0.0007163238882348356,0.0006586152367115751,0.013037117822584756,0.004345705940861586,0.2656957507133484,False,timeout_no_goal,0.10764352977275848,-0.02003336325287819,0.0007370486855506897,-0.019325268293613362,0.016689017415046692,-0.0009219203097927675,-1.0030823945999146,0.14916568994522095,-0.8998630754649639,0.0014236941933631897,0.04027054126532992,0.025893330574035645,-0.0003379286939519943,-1.002007246017456,0.16571184620261192,-0.5827865994069725,0.005877767689526081,0.012250652390986383,0.033602284267544746,0.00020877440946387438,-1.0020517110824585,0.022534095718874204,0.2963022919943919,0.005992076645929864,0.020299895979712698,0.01081479067199986,0.0007163238882348356,0.0006586152367115751,0.013037117822584756,0.004345705940861586,both,0.0,0.0,0.0,0.0,0.0,0.0,0.0,0.0,0.0,0.0,0.0,0.0,0.0,0.0,0.0,0.0,0.0,0.0,0.0,0.0,0.0,0.0,0.0,0.0,0.0,0.0,0.0,0.0,0.0,0.0,True,-0.00260084867477417,0.013037117822584756,0.004345705940861586
Position-y0.3,Position,0,6,0,5310097,3,5310100,0.2671554386615753,False,timeout_no_goal,0.0976601243019104,-0.002109222114086151,-0.0013635121285915375,-0.0213152502675511,0.011397242546081543,0.00042459171020681197,-1.0023833513259888,0.1596483215689659,-0.9006351046264172,0.0024987012147903442,0.038372590674573104,0.023260653018951416,-0.0006689659695879868,-1.0042566061019897,0.16647828742861748,-0.5612405051942915,0.0068592780735343695,0.01068792108192923,0.02722608670592308,0.0008237821800318734,-1.0020556971430779,0.02440516036635102,0.3097655434653375,0.008156483265890406,0.020627144364035493,0.008012167422422825,0.0009440199072713604,0.0010415574437802058,0.008548635418613271,0.002849545139537757,0.26417484879493713,False,timeout_no_goal,0.0976601243019104,-0.002109222114086151,-0.0013635121285915375,-0.0213152502675511,0.011397242546081543,0.00042459171020681197,-1.0023833513259888,0.1596483215689659,-0.9006351046264172,0.0024987012147903442,0.038372590674573104,0.023260653018951416,-0.0006689659695879868,-1.0042566061019897,0.16647828742861748,-0.5612405051942915,0.0068592780735343695,0.01068792108192923,0.02722608670592308,0.0008237821800318734,-1.0020556971430779,0.02440516036635102,0.3097655434653375,0.008156483265890406,0.020627144364035493,0.008012167422422825,0.0009440199072713604,0.0010415574437802058,0.008548635418613271,0.002849545139537757,both,0.0,0.0,0.0,0.0,0.0,0.0,0.0,0.0,0.0,0.0,0.0,0.0,0.0,0.0,0.0,0.0,0.0,0.0,0.0,0.0,0.0,0.0,0.0,0.0,0.0,0.0,0.0,0.0,0.0,0.0,True,-0.0029805898666381836,0.008548635418613271,0.002849545139537757
Position-y0.3,Position,0,6,0,5310097,4,5310101,0.27057403326034546,False,timeout_no_goal,0.12114711105823517,-0.033880602568387985,0.0005937740206718445,-0.021434397060249744,0.01793856918811798,-0.0025526506895729995,-1.0026382207870483,0.15526670962572098,-0.9044845774769783,-0.005586985498666763,0.04236567321126383,0.016587048768997192,-0.0009774640683204439,-1.0028889179229736,0.1720034284517169,-0.6031857873313129,0.005520310951396823,0.012476066385568974,0.03058110550045967,-0.00016271027839032115,-1.0016631595790386,0.02224705915095317,0.2936131892479342,0.008761276886954394,0.020806937031466008,0.013509146805660732,0.0009628185328438289,0.0008876336916113475,0.013763214147319371,0.004587738049106457,0.26798224449157715,False,timeout_no_goal,0.12114711105823517,-0.033880602568387985,0.0005937740206718445,-0.021434397060249744,0.01793856918811798,-0.0025526506895729995,-1.0026382207870483,0.15526670962572098,-0.9044845774769783,-0.005586985498666763,0.04236567321126383,0.016587048768997192,-0.0009774640683204439,-1.0028889179229736,0.1720034284517169,-0.6031857873313129,0.005520310951396823,0.012476066385568974,0.03058110550045967,-0.00016271027839032115,-1.0016631595790386,0.02224705915095317,0.2936131892479342,0.008761276886954394,0.020806937031466008,0.013509146805660732,0.0009628185328438289,0.0008876336916113475,0.013763214147319371,0.004587738049106457,both,0.0,0.0,0.0,0.0,0.0,0.0,0.0,0.0,0.0,0.0,0.0,0.0,0.0,0.0,0.0,0.0,0.0,0.0,0.0,0.0,0.0,0.0,0.0,0.0,0.0,0.0,0.0,0.0,0.0,0.0,True,-0.0025917887687683105,0.013763214147319371,0.004587738049106457
Position-y0.3,Position,0,6,0,5310097,5,5310102,0.2667955160140991,False,timeout_no_goal,0.09444907307624817,0.003580525517463684,-2.6263296604156494e-05,-0.01815057825497224,0.01877501606941223,-0.00046377793977114834,-1.0026812553405762,0.13928823173046112,-0.9044037759304047,0.0019422546029090881,0.04022529402664077,0.02432870864868164,-0.0009405817788419313,-1.0030585527420044,0.1576430001296103,-0.5587270937394351,0.003376970998942852,0.011561234641868201,0.032214000821113586,0.0003491044705516977,-1.0021882057189941,0.023308466336860973,0.3099840943705101,0.0038730647745556512,0.020189840443718417,0.009169598720497364,0.0009181951002525076,0.0009211950994626448,0.01047913640631091,0.0034930454687703036,0.26236382126808167,False,timeout_no_goal,0.09444907307624817,0.003580525517463684,-2.6263296604156494e-05,-0.01815057825497224,0.01877501606941223,-0.00046377793977114834,-1.0026812553405762,0.13928823173046112,-0.9044037759304047,0.0019422546029090881,0.04022529402664077,0.02432870864868164,-0.0009405817788419313,-1.0030585527420044,0.1576430001296103,-0.5587270937394351,0.003376970998942852,0.011561234641868201,0.032214000821113586,0.0003491044705516977,-1.0021882057189941,0.023308466336860973,0.3099840943705101,0.0038730647745556512,0.020189840443718417,0.009169598720497364,0.0009181951002525076,0.0009211950994626448,0.01047913640631091,0.0034930454687703036,both,0.0,0.0,0.0,0.0,0.0,0.0,0.0,0.0,0.0,0.0,0.0,0.0,0.0,0.0,0.0,0.0,0.0,0.0,0.0,0.0,0.0,0.0,0.0,0.0,0.0,0.0,0.0,0.0,0.0,0.0,True,-0.004431694746017456,0.01047913640631091,0.0034930454687703036
Position-y0.3,Position,0,6,0,5310097,6,5310103,0.26539885997772217,True,success,0.09066447615623474,-0.00018987804651260376,-0.0009850412607192993,-0.017975791812919084,0.013110727071762085,-0.0005901339315030896,-1.0038636922836304,0.14841053634881973,-0.8998718485236168,0.003234073519706726,0.03733430102591484,0.029388293623924255,-0.0007229894903773015,-1.0024465322494507,0.15758819645270705,-0.562560148537159,0.0037605094257742167,0.010327601292515587,0.0321412542834878,0.00028085213042317037,-1.0018903613090515,0.024215501074180898,0.30651989671396396,0.004918863154262246,0.018703161043222626,0.008686783775491381,0.001123500036866624,0.0010874422886361299,0.014373305083040832,0.0047911016943469435,0.2622688412666321,True,success,0.09066447615623474,-0.00018987804651260376,-0.0009850412607192993,-0.017975791812919084,0.013110727071762085,-0.0005901339315030896,-1.0038636922836304,0.14841053634881973,-0.8998718485236168,0.003234073519706726,0.03733430102591484,0.029388293623924255,-0.0007229894903773015,-1.0024465322494507,0.15758819645270705,-0.562560148537159,0.0037605094257742167,0.010327601292515587,0.0321412542834878,0.00028085213042317037,-1.0018903613090515,0.024215501074180898,0.30651989671396396,0.004918863154262246,0.018703161043222626,0.008686783775491381,0.001123500036866624,0.0010874422886361299,0.014373305083040832,0.0047911016943469435,both,0.0,0.0,0.0,0.0,0.0,0.0,0.0,0.0,0.0,0.0,0.0,0.0,0.0,0.0,0.0,0.0,0.0,0.0,0.0,0.0,0.0,0.0,0.0,0.0,0.0,0.0,0.0,0.0,0.0,0.0,True,-0.003130018711090088,0.014373305083040832,0.0047911016943469435
Position-y0.3,Position,0,6,0,5310097,7,5310104,0.2693161070346832,False,timeout_no_goal,0.11573877185583115,-0.03364523872733116,0.002820231020450592,-0.0193825912207517,0.020104318857192993,-0.003818744336456348,-1.0037161111831665,0.14478687196969986,-0.9048970229923725,-0.002820901572704315,0.042259169298441535,0.0230904221534729,-0.0011831808764810603,-1.0018399953842163,0.1654419070109725,-0.5972372589167207,0.004668866749852896,0.012878566463253138,0.034137703478336334,-0.0005937321028892661,-1.001822717487812,0.020716134901895066,0.29414548327455914,0.006202258823146163,0.020549090299857395,0.011892282684763202,0.001078457391637613,0.0010408962980804333,0.011687964422393204,0.003895988140797735,0.2662650942802429,False,timeout_no_goal,0.11573877185583115,-0.03364523872733116,0.002820231020450592,-0.0193825912207517,0.020104318857192993,-0.003818744336456348,-1.0037161111831665,0.14478687196969986,-0.9048970229923725,-0.002820901572704315,0.042259169298441535,0.0230904221534729,-0.0011831808764810603,-1.0018399953842163,0.1654419070109725,-0.5972372589167207,0.004668866749852896,0.012878566463253138,0.034137703478336334,-0.0005937321028892661,-1.001822717487812,0.020716134901895066,0.29414548327455914,0.006202258823146163,0.020549090299857395,0.011892282684763202,0.001078457391637613,0.0010408962980804333,0.011687964422393204,0.003895988140797735,both,0.0,0.0,0.0,0.0,0.0,0.0,0.0,0.0,0.0,0.0,0.0,0.0,0.0,0.0,0.0,0.0,0.0,0.0,0.0,0.0,0.0,0.0,0.0,0.0,0.0,0.0,0.0,0.0,0.0,0.0,True,-0.0030510127544403076,0.011687964422393204,0.003895988140797735
Position-y0.3,Position,0,7,0,5310194,0,5310194,0.2723097801208496,False,timeout_no_goal,0.08700236678123474,-0.006904341280460358,-6.565824151039124e-05,-0.019699852490007608,0.013737067580223083,-0.00133776041231215,-1.0030102729797363,0.12007981538772583,-0.8804462850093842,-0.003261733800172806,0.03383427250790394,0.016315296292304993,-0.0012949073340351447,-1.0011132955551147,0.1383132068440318,-0.5589798255823553,0.0030781421810388565,0.010980227071921256,0.027758016251027584,0.0002024869044698896,-1.0019092410802841,0.020085989370738196,0.3024610214913326,0.004780075492318652,0.01985463466378206,0.010888068991701713,0.001017321392268401,0.0008703711979002362,0.014222285272815651,0.004740761757605217,0.2638302445411682,False,timeout_no_goal,0.08700236678123474,-0.006904341280460358,-6.565824151039124e-05,-0.019699852490007608,0.013737067580223083,-0.00133776041231215,-1.0030102729797363,0.12007981538772583,-0.8804462850093842,-0.003261733800172806,0.03383427250790394,0.016315296292304993,-0.0012949073340351447,-1.0011132955551147,0.1383132068440318,-0.5589798255823553,0.0030781421810388565,0.010980227071921256,0.027758016251027584,0.0002024869044698896,-1.0019092410802841,0.020085989370738196,0.3024610214913326,0.004780075492318652,0.01985463466378206,0.010888068991701713,0.001017321392268401,0.0008703711979002362,0.014222285272815651,0.004740761757605217,both,0.0,0.0,0.0,0.0,0.0,0.0,0.0,0.0,0.0,0.0,0.0,0.0,0.0,0.0,0.0,0.0,0.0,0.0,0.0,0.0,0.0,0.0,0.0,0.0,0.0,0.0,0.0,0.0,0.0,0.0,True,-0.008479535579681396,0.014222285272815651,0.004740761757605217
Position-y0.3,Position,0,7,0,5310194,1,5310195,0.26906776428222656,False,timeout_no_goal,0.09494349360466003,-0.003751460462808609,-0.00041211023926734924,-0.013649164124063695,0.007489219307899475,-0.0004882339381708789,-1.0047813653945923,0.14858711510896683,-0.8788464032113552,0.004813112318515778,0.02919870845622352,0.027295231819152832,-0.0015857574555440124,-1.0035752058029175,0.14686561189591885,-0.5309042637236416,0.00415598857216537,0.009235822976507824,0.02898854948580265,0.0004830946996219332,-1.002447247505188,0.018024242211931742,0.2969914634574444,0.0049514648493622195,0.01633656167050038,0.008739585421608367,0.001480707334769785,0.0011234836194961653,0.010622672372095814,0.0035408907906986043,0.25947999954223633,False,timeout_no_goal,0.09494349360466003,-0.003751460462808609,-0.00041211023926734924,-0.013649164124063695,0.007489219307899475,-0.0004882339381708789,-1.0047813653945923,0.14858711510896683,-0.8788464032113552,0.004813112318515778,0.02919870845622352,0.027295231819152832,-0.0015857574555440124,-1.0035752058029175,0.14686561189591885,-0.5309042637236416,0.00415598857216537,0.009235822976507824,0.02898854948580265,0.0004830946996219332,-1.002447247505188,0.018024242211931742,0.2969914634574444,0.0049514648493622195,0.01633656167050038,0.008739585421608367,0.001480707334769785,0.0011234836194961653,0.010622672372095814,0.0035408907906986043,both,0.0,0.0,0.0,0.0,0.0,0.0,0.0,0.0,0.0,0.0,0.0,0.0,0.0,0.0,0.0,0.0,0.0,0.0,0.0,0.0,0.0,0.0,0.0,0.0,0.0,0.0,0.0,0.0,0.0,0.0,True,-0.009587764739990234,0.010622672372095814,0.0035408907906986043
Position-y0.3,Position,0,7,0,5310194,2,5310196,0.26975318789482117,False,timeout_no_goal,0.10782681405544281,-0.020547285676002502,0.0014288350939750671,-0.024832221342386163,0.006167471408843994,-0.0017201773170185675,-1.0018352270126343,0.13934634625911713,-0.8904772996902466,-0.0012943893671035767,0.03704852802911507,0.016145959496498108,-0.001235551964946069,-1.002871036529541,0.1465090038254857,-0.55903987493366,0.0027864205185323954,0.010769656111057457,0.02612012531608343,0.00033197012437558016,-1.00178462266922,0.015798006201067697,0.299440415300041,0.0038028931593571506,0.021128428920363682,0.011797383302636228,0.0013147729514985504,0.0013641080719967455,0.012794989425568806,0.004264996475189602,0.26441413164138794,False,timeout_no_goal,0.10782681405544281,-0.020547285676002502,0.0014288350939750671,-0.024832221342386163,0.006167471408843994,-0.0017201773170185675,-1.0018352270126343,0.13934634625911713,-0.8904772996902466,-0.0012943893671035767,0.03704852802911507,0.016145959496498108,-0.001235551964946069,-1.002871036529541,0.1465090038254857,-0.55903987493366,0.0027864205185323954,0.010769656111057457,0.02612012531608343,0.00033197012437558016,-1.00178462266922,0.015798006201067697,0.299440415300041,0.0038028931593571506,0.021128428920363682,0.011797383302636228,0.0013147729514985504,0.0013641080719967455,0.012794989425568806,0.004264996475189602,both,0.0,0.0,0.0,0.0,0.0,0.0,0.0,0.0,0.0,0.0,0.0,0.0,0.0,0.0,0.0,0.0,0.0,0.0,0.0,0.0,0.0,0.0,0.0,0.0,0.0,0.0,0.0,0.0,0.0,0.0,True,-0.0053390562534332275,0.012794989425568806,0.004264996475189602
Position-y0.3,Position,0,7,0,5310194,3,5310197,0.27121126651763916,True,success,0.08323498070240021,-0.004212632775306702,0.00038858503103256226,-0.014987315072712448,0.01178973913192749,-0.000918725607299109,-1.0034329891204834,0.1586991548538208,-0.8930724486708641,0.0002926960587501526,0.03425070079442438,0.02336937189102173,-0.0007989352800024108,-1.0021545886993408,0.15138069866225123,-0.5374183086678386,0.003386142197996378,0.01109635036838319,0.028104957193136215,0.0003837119115304155,-1.0018266066908836,0.022817385895333636,0.3034677556091903,0.004081240926936594,0.018403662343775468,0.009397037449937754,0.0012222812981290843,0.0006600523654718744,0.006077434469713869,0.0020258114899046227,0.26143181324005127,True,success,0.08323498070240021,-0.004212632775306702,0.00038858503103256226,-0.014987315072712448,0.01178973913192749,-0.000918725607299109,-1.0034329891204834,0.1586991548538208,-0.8930724486708641,0.0002926960587501526,0.03425070079442438,0.02336937189102173,-0.0007989352800024108,-1.0021545886993408,0.15138069866225123,-0.5374183086678386,0.003386142197996378,0.01109635036838319,0.028104957193136215,0.0003837119115304155,-1.0018266066908836,0.022817385895333636,0.3034677556091903,0.004081240926936594,0.018403662343775468,0.009397037449937754,0.0012222812981290843,0.0006600523654718744,0.006077434469713869,0.0020258114899046227,both,0.0,0.0,0.0,0.0,0.0,0.0,0.0,0.0,0.0,0.0,0.0,0.0,0.0,0.0,0.0,0.0,0.0,0.0,0.0,0.0,0.0,0.0,0.0,0.0,0.0,0.0,0.0,0.0,0.0,0.0,True,-0.00977945327758789,0.006077434469713869,0.0020258114899046227
Position-y0.3,Position,0,7,0,5310194,4,5310198,0.27039971947669983,False,timeout_no_goal,0.11830609291791916,-0.02042345702648163,-0.00101432204246521,-0.02042269222267734,0.00965273380279541,-0.0019221045470487752,-1.0029250383377075,0.13806380331516266,-0.889500081539154,0.0016136839985847473,0.032562574438721015,0.018711000680923462,-0.0010028894936837673,-1.0012931823730469,0.15044541098177433,-0.5588800460100174,0.0019476749002933502,0.010065803568824305,0.02749841194599867,0.00017812729795574356,-1.0021143145859241,0.014377239177658162,0.29501136669471856,0.0037121279268379215,0.01853261327373427,0.011097203715377256,0.0011457275982889954,0.001004750982005779,0.017642983740262713,0.0058809945800875705,0.26468899846076965,False,timeout_no_goal,0.11830609291791916,-0.02042345702648163,-0.00101432204246521,-0.02042269222267734,0.00965273380279541,-0.0019221045470487752,-1.0029250383377075,0.13806380331516266,-0.889500081539154,0.0016136839985847473,0.032562574438721015,0.018711000680923462,-0.0010028894936837673,-1.0012931823730469,0.15044541098177433,-0.5588800460100174,0.0019476749002933502,0.010065803568824305,0.02749841194599867,0.00017812729795574356,-1.0021143145859241,0.014377239177658162,0.29501136669471856,0.0037121279268379215,0.01853261327373427,0.011097203715377256,0.0011457275982889954,0.001004750982005779,0.017642983740262713,0.0058809945800875705,both,0.0,0.0,0.0,0.0,0.0,0.0,0.0,0.0,0.0,0.0,0.0,0.0,0.0,0.0,0.0,0.0,0.0,0.0,0.0,0.0,0.0,0.0,0.0,0.0,0.0,0.0,0.0,0.0,0.0,0.0,True,-0.005710721015930176,0.017642983740262713,0.0058809945800875705
Position-y0.3,Position,0,7,0,5310194,5,5310199,0.2725040316581726,False,timeout_no_goal,0.11339541524648666,-0.02560799941420555,0.0012183934450149536,-0.01841951847393375,0.016865909099578857,-0.0022301399647304265,-1.0034726858139038,0.1297525316476822,-0.8883987553417683,-0.005765743553638458,0.03616894220107536,0.015537455677986145,-0.0008290315807357729,-1.003334879875183,0.15410087769851089,-0.5790517874993384,0.0022133777383714914,0.012463727684966064,0.030362583696842194,-7.7874402860445e-05,-1.0023861527442932,0.01992325982991988,0.29502798520300144,0.005318742082096271,0.019452770268221047,0.014030379353967788,0.0008305245214779094,0.0009660604974591864,0.01389326132138347,0.004631087107127824,0.2645188271999359,False,timeout_no_goal,0.11339541524648666,-0.02560799941420555,0.0012183934450149536,-0.01841951847393375,0.016865909099578857,-0.0022301399647304265,-1.0034726858139038,0.1297525316476822,-0.8883987553417683,-0.005765743553638458,0.03616894220107536,0.015537455677986145,-0.0008290315807357729,-1.003334879875183,0.15410087769851089,-0.5790517874993384,0.0022133777383714914,0.012463727684966064,0.030362583696842194,-7.7874402860445e-05,-1.0023861527442932,0.01992325982991988,0.29502798520300144,0.005318742082096271,0.019452770268221047,0.014030379353967788,0.0008305245214779094,0.0009660604974591864,0.01389326132138347,0.004631087107127824,both,0.0,0.0,0.0,0.0,0.0,0.0,0.0,0.0,0.0,0.0,0.0,0.0,0.0,0.0,0.0,0.0,0.0,0.0,0.0,0.0,0.0,0.0,0.0,0.0,0.0,0.0,0.0,0.0,0.0,0.0,True,-0.007985204458236694,0.01389326132138347,0.004631087107127824
Position-y0.3,Position,0,7,0,5310194,6,5310200,0.27132630348205566,False,timeout_no_goal,0.09595178067684174,-0.020950455218553543,-6.895512342453003e-05,-0.018785155682977006,0.016089946031570435,-0.0013185481324882176,-1.0011004209518433,0.14098048210144043,-0.8902077376842499,-0.0017152726650238037,0.03447598556999232,0.015542864799499512,-0.0003487466175684517,-1.0036444664001465,0.14797819079831243,-0.5627517797984183,0.002841776004061103,0.010898771064382196,0.02765385713428259,0.00036636688023294894,-1.002592921257019,0.019118477094069726,0.29688837761018666,0.003911825601698527,0.018767302101226117,0.011104013002585808,0.0012118728248939835,0.0010969753197808733,0.011687348485331314,0.003895782828443771,0.26568907499313354,False,timeout_no_goal,0.09595178067684174,-0.020950455218553543,-6.895512342453003e-05,-0.018785155682977006,0.016089946031570435,-0.0013185481324882176,-1.0011004209518433,0.14098048210144043,-0.8902077376842499,-0.0017152726650238037,0.03447598556999232,0.015542864799499512,-0.0003487466175684517,-1.0036444664001465,0.14797819079831243,-0.5627517797984183,0.002841776004061103,0.010898771064382196,0.02765385713428259,0.00036636688023294894,-1.002592921257019,0.019118477094069726,0.29688837761018666,0.003911825601698527,0.018767302101226117,0.011104013002585808,0.0012118728248939835,0.0010969753197808733,0.011687348485331314,0.003895782828443771,both,0.0,0.0,0.0,0.0,0.0,0.0,0.0,0.0,0.0,0.0,0.0,0.0,0.0,0.0,0.0,0.0,0.0,0.0,0.0,0.0,0.0,0.0,0.0,0.0,0.0,0.0,0.0,0.0,0.0,0.0,True,-0.005637228488922119,0.011687348485331314,0.003895782828443771
Position-y0.3,Position,0,7,0,5310194,7,5310201,0.26972877979278564,True,success,0.10287389159202576,-0.015307702124118805,0.0006798282265663147,-0.017799505058058607,0.009348839521408081,-0.0018265498938419,-1.003278374671936,0.14463454484939575,-0.8934428170323372,0.002284236252307892,0.03262295288096695,0.01985299587249756,-0.0005352731783361264,-1.00284743309021,0.14665803406387568,-0.552857075817883,0.003971460973843932,0.009788835761518733,0.02894187904894352,0.0002076686568335262,-1.0021064169704914,0.015660559037074626,0.30063053278612734,0.004037685458942957,0.017929270564404652,0.011130241463315519,0.001055976941531805,0.001052475203044901,0.014240828010328329,0.004746942670109442,0.2629186511039734,True,success,0.10287389159202576,-0.015307702124118805,0.0006798282265663147,-0.017799505058058607,0.009348839521408081,-0.0018265498938419,-1.003278374671936,0.14463454484939575,-0.8934428170323372,0.002284236252307892,0.03262295288096695,0.01985299587249756,-0.0005352731783361264,-1.00284743309021,0.14665803406387568,-0.552857075817883,0.003971460973843932,0.009788835761518733,0.02894187904894352,0.0002076686568335262,-1.0021064169704914,0.015660559037074626,0.30063053278612734,0.004037685458942957,0.017929270564404652,0.011130241463315519,0.001055976941531805,0.001052475203044901,0.014240828010328329,0.004746942670109442,both,0.0,0.0,0.0,0.0,0.0,0.0,0.0,0.0,0.0,0.0,0.0,0.0,0.0,0.0,0.0,0.0,0.0,0.0,0.0,0.0,0.0,0.0,0.0,0.0,0.0,0.0,0.0,0.0,0.0,0.0,True,-0.006810128688812256,0.014240828010328329,0.004746942670109442
Position-y0.3,Position,0,8,0,5310291,0,5310291,0.208786278963089,False,timeout_no_goal,0.026355497539043427,-0.02218063920736313,0.002739429473876953,-0.013815680549178921,0.014754027128219604,-0.0006694066182078018,-1.000811219215393,0.1705387607216835,-0.9110487252473831,-0.006532855331897736,0.03637638789143427,0.001532033085823059,-0.0007899680805891762,-1.00276517868042,0.15415138565003872,-0.5518752161879092,0.005853844340890646,0.008662592561593352,0.01565456483513117,0.0001843610988991884,-1.0019652172923088,0.05109453782367942,0.2913031082305876,0.006770449602782685,0.017238604631858417,0.011070818318404015,0.0006614024596507627,0.001218740142761166,0.012122124930239724,0.004040708310079908,0.22536134719848633,False,timeout_no_goal,0.026355497539043427,-0.02218063920736313,0.002739429473876953,-0.013815680549178921,0.014754027128219604,-0.0006694066182078018,-1.000811219215393,0.1705387607216835,-0.9110487252473831,-0.006532855331897736,0.03637638789143427,0.001532033085823059,-0.0007899680805891762,-1.00276517868042,0.15415138565003872,-0.5518752161879092,0.005853844340890646,0.008662592561593352,0.01565456483513117,0.0001843610988991884,-1.0019652172923088,0.05109453782367942,0.2913031082305876,0.006770449602782685,0.017238604631858417,0.011070818318404015,0.0006614024596507627,0.001218740142761166,0.012122124930239724,0.004040708310079908,both,0.0,0.0,0.0,0.0,0.0,0.0,0.0,0.0,0.0,0.0,0.0,0.0,0.0,0.0,0.0,0.0,0.0,0.0,0.0,0.0,0.0,0.0,0.0,0.0,0.0,0.0,0.0,0.0,0.0,0.0,True,0.01657506823539734,0.012122124930239724,0.004040708310079908
Position-y0.3,Position,0,8,0,5310291,1,5310292,0.20860159397125244,False,timeout_no_goal,0.0328851118683815,-0.06013043224811554,0.0005919858813285828,-0.014185580842174694,0.016621649265289307,-0.0009338618873897531,-1.0019893646240234,0.1924113929271698,-0.9168628044426441,-0.009866785258054733,0.03599973619080554,0.00300559401512146,-0.00045558187544259,-1.0015945434570312,0.16130679985508323,-0.5643464962486178,0.006957636214792728,0.008623926344402788,0.015290385112166405,0.00036775905446617685,-1.0013928450644016,0.05577589270592863,0.2810990412721847,0.009029445319340192,0.0170913858354308,0.008833670950711935,0.0007890578171368543,0.0009994358570747162,0.015305504191981241,0.005101834730660414,0.22436046600341797,False,timeout_no_goal,0.0328851118683815,-0.06013043224811554,0.0005919858813285828,-0.014185580842174694,0.016621649265289307,-0.0009338618873897531,-1.0019893646240234,0.1924113929271698,-0.9168628044426441,-0.009866785258054733,0.03599973619080554,0.00300559401512146,-0.00045558187544259,-1.0015945434570312,0.16130679985508323,-0.5643464962486178,0.006957636214792728,0.008623926344402788,0.015290385112166405,0.00036775905446617685,-1.0013928450644016,0.05577589270592863,0.2810990412721847,0.009029445319340192,0.0170913858354308,0.008833670950711935,0.0007890578171368543,0.0009994358570747162,0.015305504191981241,0.005101834730660414,both,0.0,0.0,0.0,0.0,0.0,0.0,0.0,0.0,0.0,0.0,0.0,0.0,0.0,0.0,0.0,0.0,0.0,0.0,0.0,0.0,0.0,0.0,0.0,0.0,0.0,0.0,0.0,0.0,0.0,0.0,True,0.015758872032165527,0.015305504191981241,0.005101834730660414
Position-y0.3,Position,0,8,0,5310291,2,5310293,0.20535743236541748,False,timeout_no_goal,0.04440106451511383,-0.029090289026498795,1.73225998878479e-05,-0.010653368784796946,0.017354875802993774,-0.0008255724890702254,-1.002153754234314,0.1724337413907051,-0.9053083509206772,-0.014299526810646057,0.03856935121030425,0.0015572011470794678,-2.352590371401675e-05,-1.0011886358261108,0.15560802770778537,-0.5628088326193392,0.0059164781123399734,0.009587191204446066,0.01720242854207754,0.00020908424052468177,-1.0010649412870407,0.04624453570913789,0.28382870391651166,0.009733933412175655,0.017124550744743366,0.011987018686013266,0.0007016370732026906,0.0010404714187561375,0.011078113987531165,0.0036927046625103883,0.22590366005897522,False,timeout_no_goal,0.04440106451511383,-0.029090289026498795,1.73225998878479e-05,-0.010653368784796946,0.017354875802993774,-0.0008255724890702254,-1.002153754234314,0.1724337413907051,-0.9053083509206772,-0.014299526810646057,0.03856935121030425,0.0015572011470794678,-2.352590371401675e-05,-1.0011886358261108,0.15560802770778537,-0.5628088326193392,0.0059164781123399734,0.009587191204446066,0.01720242854207754,0.00020908424052468177,-1.0010649412870407,0.04624453570913789,0.28382870391651166,0.009733933412175655,0.017124550744743366,0.011987018686013266,0.0007016370732026906,0.0010404714187561375,0.011078113987531165,0.0036927046625103883,both,0.0,0.0,0.0,0.0,0.0,0.0,0.0,0.0,0.0,0.0,0.0,0.0,0.0,0.0,0.0,0.0,0.0,0.0,0.0,0.0,0.0,0.0,0.0,0.0,0.0,0.0,0.0,0.0,0.0,0.0,True,0.02054622769355774,0.011078113987531165,0.0036927046625103883
Position-y0.3,Position,0,8,0,5310291,3,5310294,0.20742997527122498,False,timeout_no_goal,0.02091776579618454,-0.028753560036420822,0.0029493123292922974,-0.012553606437760045,0.014349862933158875,-0.00039455204159821733,-1.0023102760314941,0.15832453966140747,-0.9064942225813866,-0.02783389762043953,0.03820567172650957,0.001802891492843628,-0.00012822401578205245,-1.003312349319458,0.14762800186872482,-0.5518348957411945,0.0031837436836212873,0.009603608880493886,0.015095192939043045,0.00027590447263881046,-1.001903761178255,0.05221264143557511,0.28178404238411403,0.010924126760243815,0.016973926584879277,0.00961439170878125,0.0005217661906219159,0.0014295767450670641,0.009903546861881522,0.003301182287293841,0.2251119613647461,False,timeout_no_goal,0.02091776579618454,-0.028753560036420822,0.0029493123292922974,-0.012553606437760045,0.014349862933158875,-0.00039455204159821733,-1.0023102760314941,0.15832453966140747,-0.9064942225813866,-0.02783389762043953,0.03820567172650957,0.001802891492843628,-0.00012822401578205245,-1.003312349319458,0.14762800186872482,-0.5518348957411945,0.0031837436836212873,0.009603608880493886,0.015095192939043045,0.00027590447263881046,-1.001903761178255,0.05221264143557511,0.28178404238411403,0.010924126760243815,0.016973926584879277,0.00961439170878125,0.0005217661906219159,0.0014295767450670641,0.009903546861881522,0.003301182287293841,both,0.0,0.0,0.0,0.0,0.0,0.0,0.0,0.0,0.0,0.0,0.0,0.0,0.0,0.0,0.0,0.0,0.0,0.0,0.0,0.0,0.0,0.0,0.0,0.0,0.0,0.0,0.0,0.0,0.0,0.0,True,0.017681986093521118,0.009903546861881522,0.003301182287293841
Position-y0.3,Position,0,8,0,5310291,4,5310295,0.2063743770122528,False,timeout_no_goal,0.01564018428325653,-0.00150192528963089,0.0036937370896339417,-0.013631032294892265,0.012805402278900146,-0.00023556601956897794,-1.0034682750701904,0.1931663230061531,-0.903795138001442,-0.008819550275802612,0.035605574741925494,0.0028596818447113037,-0.0003727179024863858,-1.0044572353363037,0.1590199861675501,-0.5328518652822822,0.00662202131934464,0.007791356797668791,0.012842623516917229,0.000613084665440411,-1.0025584623217583,0.05848773113223526,0.2954426000666004,0.007499407904764357,0.016263735761207296,0.007641237512134195,0.0005900636815306813,0.0015184322385372257,0.009939153227864391,0.003313051075954797,0.22159025073051453,False,timeout_no_goal,0.01564018428325653,-0.00150192528963089,0.0036937370896339417,-0.013631032294892265,0.012805402278900146,-0.00023556601956897794,-1.0034682750701904,0.1931663230061531,-0.903795138001442,-0.008819550275802612,0.035605574741925494,0.0028596818447113037,-0.0003727179024863858,-1.0044572353363037,0.1590199861675501,-0.5328518652822822,0.00662202131934464,0.007791356797668791,0.012842623516917229,0.000613084665440411,-1.0025584623217583,0.05848773113223526,0.2954426000666004,0.007499407904764357,0.016263735761207296,0.007641237512134195,0.0005900636815306813,0.0015184322385372257,0.009939153227864391,0.003313051075954797,both,0.0,0.0,0.0,0.0,0.0,0.0,0.0,0.0,0.0,0.0,0.0,0.0,0.0,0.0,0.0,0.0,0.0,0.0,0.0,0.0,0.0,0.0,0.0,0.0,0.0,0.0,0.0,0.0,0.0,0.0,True,0.015215873718261719,0.009939153227864391,0.003313051075954797
Position-y0.3,Position,0,8,0,5310291,5,5310296,0.21264755725860596,False,timeout_no_goal,0.058040767908096313,-0.056576281785964966,0.0020290911197662354,-0.01603184382706946,0.019057497382164,-0.0008661121620932022,-1.0019325017929077,0.14767874032258987,-0.9110288321971893,-0.019543860107660294,0.038741740811165215,0.0007125288248062134,-0.00039360464706561515,-1.0026377439498901,0.15997156966477633,-0.5857814149931073,0.0034469005186110735,0.009660627628358787,0.013143187388777733,-0.00032236691253784144,-1.00252565741539,0.04092227254904345,0.27207809572581976,0.009634424324742385,0.01740510959838369,0.01006686023321124,0.0005808435147954418,0.0010025260176415092,0.013055023993126358,0.004351674664375453,0.22424307465553284,False,timeout_no_goal,0.058040767908096313,-0.056576281785964966,0.0020290911197662354,-0.01603184382706946,0.019057497382164,-0.0008661121620932022,-1.0019325017929077,0.14767874032258987,-0.9110288321971893,-0.019543860107660294,0.038741740811165215,0.0007125288248062134,-0.00039360464706561515,-1.0026377439498901,0.15997156966477633,-0.5857814149931073,0.0034469005186110735,0.009660627628358787,0.013143187388777733,-0.00032236691253784144,-1.00252565741539,0.04092227254904345,0.27207809572581976,0.009634424324742385,0.01740510959838369,0.01006686023321124,0.0005808435147954418,0.0010025260176415092,0.013055023993126358,0.004351674664375453,both,0.0,0.0,0.0,0.0,0.0,0.0,0.0,0.0,0.0,0.0,0.0,0.0,0.0,0.0,0.0,0.0,0.0,0.0,0.0,0.0,0.0,0.0,0.0,0.0,0.0,0.0,0.0,0.0,0.0,0.0,True,0.01159551739692688,0.013055023993126358,0.004351674664375453
Position-y0.3,Position,0,8,0,5310291,6,5310297,0.20659464597702026,False,timeout_no_goal,0.03180406987667084,-0.04359433427453041,0.0026749446988105774,-0.010274960620393792,0.014254823327064514,-0.0011210494210871502,-1.0002906322479248,0.141812302172184,-0.9150017984211445,-0.010150820016860962,0.03687414411001022,0.0028734952211380005,-0.0003569647143280008,-1.002591609954834,0.14742993749678135,-0.5560547998175025,0.005346767138689756,0.008476280469551623,0.015699916519224644,-0.00012537770110343516,-1.0016383863985538,0.04705984020355222,0.2866987039405057,0.006885408162151546,0.016224544553241235,0.008893400212155695,0.0005851643423973846,0.0012912793042552816,0.011147926137243223,0.003715975379081074,0.2264169156551361,False,timeout_no_goal,0.03180406987667084,-0.04359433427453041,0.0026749446988105774,-0.010274960620393792,0.014254823327064514,-0.0011210494210871502,-1.0002906322479248,0.141812302172184,-0.9150017984211445,-0.010150820016860962,0.03687414411001022,0.0028734952211380005,-0.0003569647143280008,-1.002591609954834,0.14742993749678135,-0.5560547998175025,0.005346767138689756,0.008476280469551623,0.015699916519224644,-0.00012537770110343516,-1.0016383863985538,0.04705984020355222,0.2866987039405057,0.006885408162151546,0.016224544553241235,0.008893400212155695,0.0005851643423973846,0.0012912793042552816,0.011147926137243223,0.003715975379081074,both,0.0,0.0,0.0,0.0,0.0,0.0,0.0,0.0,0.0,0.0,0.0,0.0,0.0,0.0,0.0,0.0,0.0,0.0,0.0,0.0,0.0,0.0,0.0,0.0,0.0,0.0,0.0,0.0,0.0,0.0,True,0.019822269678115845,0.011147926137243223,0.003715975379081074
Position-y0.3,Position,0,8,0,5310291,7,5310298,0.20690137147903442,False,timeout_no_goal,0.026803873479366302,-0.048413872718811035,0.0030298903584480286,-0.009644573090350939,0.014267697930335999,-0.0009489981674803971,-1.0031752586364746,0.1898270845413208,-0.9014112129807472,-0.0070016831159591675,0.035243743204393496,0.0021054893732070923,-0.0007631986769354171,-1.002339482307434,0.15862505184486508,-0.5491539684589952,0.004720953293144703,0.008149971582207649,0.014396941289305687,-0.00016433654720282576,-1.00185164809227,0.05279850781566774,0.2806446904705344,0.005474494996978663,0.015423413392873939,0.009570616209879914,0.0006704460987210844,0.0010419454960201816,0.009179850976949478,0.003059950325649826,0.22445905208587646,False,timeout_no_goal,0.026803873479366302,-0.048413872718811035,0.0030298903584480286,-0.009644573090350939,0.014267697930335999,-0.0009489981674803971,-1.0031752586364746,0.1898270845413208,-0.9014112129807472,-0.0070016831159591675,0.035243743204393496,0.0021054893732070923,-0.0007631986769354171,-1.002339482307434,0.15862505184486508,-0.5491539684589952,0.004720953293144703,0.008149971582207649,0.014396941289305687,-0.00016433654720282576,-1.00185164809227,0.05279850781566774,0.2806446904705344,0.005474494996978663,0.015423413392873939,0.009570616209879914,0.0006704460987210844,0.0010419454960201816,0.009179850976949478,0.003059950325649826,both,0.0,0.0,0.0,0.0,0.0,0.0,0.0,0.0,0.0,0.0,0.0,0.0,0.0,0.0,0.0,0.0,0.0,0.0,0.0,0.0,0.0,0.0,0.0,0.0,0.0,0.0,0.0,0.0,0.0,0.0,True,0.01755768060684204,0.009179850976949478,0.003059950325649826
Position-y0.3,Position,0,9,0,5310388,0,5310388,0.230195552110672,False,timeout_no_goal,0.045078545808792114,-0.05382746458053589,0.001453198492527008,-0.015394503627919498,0.022198140621185303,-0.0003510159579604988,-1.0014842748641968,0.2086862549185753,-0.9253828972578049,-0.03309141844511032,0.04709599482427507,0.0030122101306915283,-0.0033768839329368916,-1.0026977062225342,0.1897131884470582,-0.5961884802673012,0.005561605794355273,0.013072085088306873,0.02220272831618786,-0.0016558660279835102,-1.0013873428106308,0.06232060704755436,0.2779028394251255,0.015095593314224354,0.0206700652105603,0.011553885952646815,0.0021247802934451355,0.0011868478393375884,0.008949330901535605,0.0029831103005118686,0.23499110341072083,False,timeout_no_goal,0.045078545808792114,-0.05382746458053589,0.001453198492527008,-0.015394503627919498,0.022198140621185303,-0.0003510159579604988,-1.0014842748641968,0.2086862549185753,-0.9253828972578049,-0.03309141844511032,0.04709599482427507,0.0030122101306915283,-0.0033768839329368916,-1.0026977062225342,0.1897131884470582,-0.5961884802673012,0.005561605794355273,0.013072085088306873,0.02220272831618786,-0.0016558660279835102,-1.0013873428106308,0.06232060704755436,0.2779028394251255,0.015095593314224354,0.0206700652105603,0.011553885952646815,0.0021247802934451355,0.0011868478393375884,0.008949330901535605,0.0029831103005118686,both,0.0,0.0,0.0,0.0,0.0,0.0,0.0,0.0,0.0,0.0,0.0,0.0,0.0,0.0,0.0,0.0,0.0,0.0,0.0,0.0,0.0,0.0,0.0,0.0,0.0,0.0,0.0,0.0,0.0,0.0,True,0.004795551300048828,0.008949330901535605,0.0029831103005118686
Position-y0.3,Position,0,9,0,5310388,1,5310389,0.2240752875804901,False,timeout_no_goal,0.058757029473781586,-0.0933462381362915,0.0002942606806755066,-0.01471471555422088,0.02551969885826111,-0.0003249956569604251,-0.9999420642852783,0.21971549838781357,-0.9138734824955463,-0.0394132174551487,0.045392023701606554,0.003960147500038147,-0.004112789160458874,-1.004231333732605,0.19080338068306446,-0.6116830883547664,0.004805170465260744,0.012747110701760267,0.022972642444074154,-0.0019632996848937267,-1.001468263566494,0.0563595599950272,0.26027858548670113,0.016561656681067443,0.019891254100929307,0.012041215781997185,0.0026972975376082743,0.0015466298635663032,0.013595645780706316,0.004531881926902105,0.23472508788108826,False,timeout_no_goal,0.058757029473781586,-0.0933462381362915,0.0002942606806755066,-0.01471471555422088,0.02551969885826111,-0.0003249956569604251,-0.9999420642852783,0.21971549838781357,-0.9138734824955463,-0.0394132174551487,0.045392023701606554,0.003960147500038147,-0.004112789160458874,-1.004231333732605,0.19080338068306446,-0.6116830883547664,0.004805170465260744,0.012747110701760267,0.022972642444074154,-0.0019632996848937267,-1.001468263566494,0.0563595599950272,0.26027858548670113,0.016561656681067443,0.019891254100929307,0.012041215781997185,0.0026972975376082743,0.0015466298635663032,0.013595645780706316,0.004531881926902105,both,0.0,0.0,0.0,0.0,0.0,0.0,0.0,0.0,0.0,0.0,0.0,0.0,0.0,0.0,0.0,0.0,0.0,0.0,0.0,0.0,0.0,0.0,0.0,0.0,0.0,0.0,0.0,0.0,0.0,0.0,True,0.010649800300598145,0.013595645780706316,0.004531881926902105
Position-y0.3,Position,0,9,0,5310388,2,5310390,0.21943706274032593,False,timeout_no_goal,0.029411762952804565,-0.03558944910764694,0.0010497495532035828,-0.01284087974736714,0.011587947607040405,-2.969498439142626e-05,-1.0017895698547363,0.2622261643409729,-0.91361990198493,-0.02149343490600586,0.04217482244427373,0.0063644349575042725,-0.0005968758553862585,-1.0002833604812622,0.20159066654741764,-0.5686823604628444,0.009310607565566897,0.010442463274170755,0.022254131734371185,7.438897366274233e-05,-1.0012821219861507,0.07907627865983533,0.28690774147594217,0.015791393968185543,0.019307291202890178,0.010006306864458104,0.0006814088582280196,0.0012885082606436417,0.009587070738471367,0.003195690246157122,0.2333417534828186,False,timeout_no_goal,0.029411762952804565,-0.03558944910764694,0.0010497495532035828,-0.01284087974736714,0.011587947607040405,-2.969498439142626e-05,-1.0017895698547363,0.2622261643409729,-0.91361990198493,-0.02149343490600586,0.04217482244427373,0.0063644349575042725,-0.0005968758553862585,-1.0002833604812622,0.20159066654741764,-0.5686823604628444,0.009310607565566897,0.010442463274170755,0.022254131734371185,7.438897366274233e-05,-1.0012821219861507,0.07907627865983533,0.28690774147594217,0.015791393968185543,0.019307291202890178,0.010006306864458104,0.0006814088582280196,0.0012885082606436417,0.009587070738471367,0.003195690246157122,both,0.0,0.0,0.0,0.0,0.0,0.0,0.0,0.0,0.0,0.0,0.0,0.0,0.0,0.0,0.0,0.0,0.0,0.0,0.0,0.0,0.0,0.0,0.0,0.0,0.0,0.0,0.0,0.0,0.0,0.0,True,0.013904690742492676,0.009587070738471367,0.003195690246157122
Position-y0.3,Position,0,9,0,5310388,3,5310391,0.2201993465423584,False,timeout_no_goal,0.027458667755126953,-0.04844019189476967,0.00031672418117523193,-0.012867226703983548,0.015277057886123657,0.0005095487641071372,-1.0008838176727295,0.22388644516468048,-0.9116116538643837,-0.037857480347156525,0.04523921135323139,0.0038324296474456787,-0.0024604009010147365,-1.0027533769607544,0.1860158541239798,-0.5889387591741979,0.00499656074680388,0.013082762238216916,0.021927022375166416,-0.0011314817771612695,-1.0014786310493946,0.07057851754292174,0.2757083463173814,0.016523876579404757,0.01987072844833179,0.012084480634585289,0.001755225381630059,0.0012785812217553886,0.009075826006929239,0.0030252753356430793,0.2328479290008545,False,timeout_no_goal,0.027458667755126953,-0.04844019189476967,0.00031672418117523193,-0.012867226703983548,0.015277057886123657,0.0005095487641071372,-1.0008838176727295,0.22388644516468048,-0.9116116538643837,-0.037857480347156525,0.04523921135323139,0.0038324296474456787,-0.0024604009010147365,-1.0027533769607544,0.1860158541239798,-0.5889387591741979,0.00499656074680388,0.013082762238216916,0.021927022375166416,-0.0011314817771612695,-1.0014786310493946,0.07057851754292174,0.2757083463173814,0.016523876579404757,0.01987072844833179,0.012084480634585289,0.001755225381630059,0.0012785812217553886,0.009075826006929239,0.0030252753356430793,both,0.0,0.0,0.0,0.0,0.0,0.0,0.0,0.0,0.0,0.0,0.0,0.0,0.0,0.0,0.0,0.0,0.0,0.0,0.0,0.0,0.0,0.0,0.0,0.0,0.0,0.0,0.0,0.0,0.0,0.0,True,0.012648582458496094,0.009075826006929239,0.0030252753356430793
Position-y0.3,Position,0,9,0,5310388,4,5310392,0.22144445776939392,False,timeout_no_goal,0.0329720601439476,-0.05039496347308159,0.0013299286365509033,-0.014686154721388789,0.01588408648967743,7.727246806865651e-05,-1.0017627477645874,0.22429022938013077,-0.916779600083828,-0.021547582000494003,0.04381329210535423,0.003901541233062744,-0.002550579641059869,-1.0032709836959839,0.18616283778101206,-0.5790444812737405,0.005525221349671483,0.01165511968896732,0.021263795904815197,-0.000990415006662193,-1.0018760785460472,0.06754329892140636,0.27886189448522986,0.0108637583024215,0.01923592129519989,0.010450273916963735,0.001919878181738236,0.001365239996434852,0.008393593057897088,0.0027978643526323627,0.23336729407310486,False,timeout_no_goal,0.0329720601439476,-0.05039496347308159,0.0013299286365509033,-0.014686154721388789,0.01588408648967743,7.727246806865651e-05,-1.0017627477645874,0.22429022938013077,-0.916779600083828,-0.021547582000494003,0.04381329210535423,0.003901541233062744,-0.002550579641059869,-1.0032709836959839,0.18616283778101206,-0.5790444812737405,0.005525221349671483,0.01165511968896732,0.021263795904815197,-0.000990415006662193,-1.0018760785460472,0.06754329892140636,0.27886189448522986,0.0108637583024215,0.01923592129519989,0.010450273916963735,0.001919878181738236,0.001365239996434852,0.008393593057897088,0.0027978643526323627,both,0.0,0.0,0.0,0.0,0.0,0.0,0.0,0.0,0.0,0.0,0.0,0.0,0.0,0.0,0.0,0.0,0.0,0.0,0.0,0.0,0.0,0.0,0.0,0.0,0.0,0.0,0.0,0.0,0.0,0.0,True,0.011922836303710938,0.008393593057897088,0.0027978643526323627
Position-y0.3,Position,0,9,0,5310388,5,5310393,0.22286605834960938,False,timeout_no_goal,0.014697276055812836,-0.030471906065940857,0.002013668417930603,-0.008836380196142635,0.016581684350967407,0.00019823051420786442,-1.0036139488220215,0.20860914140939713,-0.9195149503648281,-0.019761119037866592,0.042056810034429404,0.00385303795337677,-0.0019114188180182623,-1.003158450126648,0.18323260126635432,-0.5697087489534169,0.005682720802724361,0.011819337616565229,0.02177930250763893,-0.000755597488243609,-1.001421496272087,0.07076090560597018,0.2830799830748577,0.011105952100126956,0.017839958790314026,0.010516425780662052,0.0014210339237804607,0.0012303409073703166,0.010645679216159365,0.003548559738719788,0.23416367173194885,False,timeout_no_goal,0.014697276055812836,-0.030471906065940857,0.002013668417930603,-0.008836380196142635,0.016581684350967407,0.00019823051420786442,-1.0036139488220215,0.20860914140939713,-0.9195149503648281,-0.019761119037866592,0.042056810034429404,0.00385303795337677,-0.0019114188180182623,-1.003158450126648,0.18323260126635432,-0.5697087489534169,0.005682720802724361,0.011819337616565229,0.02177930250763893,-0.000755597488243609,-1.001421496272087,0.07076090560597018,0.2830799830748577,0.011105952100126956,0.017839958790314026,0.010516425780662052,0.0014210339237804607,0.0012303409073703166,0.010645679216159365,0.003548559738719788,both,0.0,0.0,0.0,0.0,0.0,0.0,0.0,0.0,0.0,0.0,0.0,0.0,0.0,0.0,0.0,0.0,0.0,0.0,0.0,0.0,0.0,0.0,0.0,0.0,0.0,0.0,0.0,0.0,0.0,0.0,True,0.011297613382339478,0.010645679216159365,0.003548559738719788
Position-y0.3,Position,0,9,0,5310388,6,5310394,0.22171363234519958,False,timeout_no_goal,0.04019077867269516,-0.047900453209877014,0.0016126781702041626,-0.014261913830371675,0.02043686807155609,-0.00012901718329771938,-1.0022573471069336,0.20774021744728088,-0.910766925662756,-0.025584865361452103,0.04110387354730971,0.0032177120447158813,-0.000969223939129904,-1.003811001777649,0.18768133828416467,-0.5801730940584093,0.0037698133382946253,0.010897547486101833,0.018567943945527077,4.6465958103425464e-07,-1.001421257853508,0.06229734537503656,0.2768967403697032,0.010617114007280467,0.018753230405547335,0.008669751097382593,0.0008323929048994785,0.0012379693599502079,0.008537000435877344,0.0028456668119591147,0.2340618073940277,False,timeout_no_goal,0.04019077867269516,-0.047900453209877014,0.0016126781702041626,-0.014261913830371675,0.02043686807155609,-0.00012901718329771938,-1.0022573471069336,0.20774021744728088,-0.910766925662756,-0.025584865361452103,0.04110387354730971,0.0032177120447158813,-0.000969223939129904,-1.003811001777649,0.18768133828416467,-0.5801730940584093,0.0037698133382946253,0.010897547486101833,0.018567943945527077,4.6465958103425464e-07,-1.001421257853508,0.06229734537503656,0.2768967403697032,0.010617114007280467,0.018753230405547335,0.008669751097382593,0.0008323929048994785,0.0012379693599502079,0.008537000435877344,0.0028456668119591147,both,0.0,0.0,0.0,0.0,0.0,0.0,0.0,0.0,0.0,0.0,0.0,0.0,0.0,0.0,0.0,0.0,0.0,0.0,0.0,0.0,0.0,0.0,0.0,0.0,0.0,0.0,0.0,0.0,0.0,0.0,True,0.012348175048828125,0.008537000435877344,0.0028456668119591147
Position-y0.3,Position,0,9,0,5310388,7,5310395,0.22223955392837524,False,timeout_no_goal,0.02162531018257141,-0.04091285169124603,0.004087015986442566,-0.011594906553880513,0.01759091019630432,-0.00025264115358680783,-1.0011855363845825,0.20316123962402344,-0.91808270663023,-0.01570696011185646,0.043942392192774626,0.006049007177352905,-0.0020739079965750307,-1.0028674602508545,0.17605997622013092,-0.5717684898991138,0.007743003079667687,0.011630154117923508,0.022995175793766975,-0.00045343509044792896,-1.0015481226146221,0.06852411982089286,0.2836092067869353,0.010788865122404304,0.018872766379780543,0.009897249264678252,0.0013003161346212724,0.0008734248526095891,0.011008166664275756,0.0036693888880919186,0.2333068549633026,False,timeout_no_goal,0.02162531018257141,-0.04091285169124603,0.004087015986442566,-0.011594906553880513,0.01759091019630432,-0.00025264115358680783,-1.0011855363845825,0.20316123962402344,-0.91808270663023,-0.01570696011185646,0.043942392192774626,0.006049007177352905,-0.0020739079965750307,-1.0028674602508545,0.17605997622013092,-0.5717684898991138,0.007743003079667687,0.011630154117923508,0.022995175793766975,-0.00045343509044792896,-1.0015481226146221,0.06852411982089286,0.2836092067869353,0.010788865122404304,0.018872766379780543,0.009897249264678252,0.0013003161346212724,0.0008734248526095891,0.011008166664275756,0.0036693888880919186,both,0.0,0.0,0.0,0.0,0.0,0.0,0.0,0.0,0.0,0.0,0.0,0.0,0.0,0.0,0.0,0.0,0.0,0.0,0.0,0.0,0.0,0.0,0.0,0.0,0.0,0.0,0.0,0.0,0.0,0.0,True,0.011067301034927368,0.011008166664275756,0.0036693888880919186
