quintile,states,mean_effect,mean_score,family,target_variant,alpha,scheme
0,128,0.046875,-0.618961907708033,relative,direct_success,0.01,leave_one_task
1,128,-0.1171875,-0.2746751358250517,relative,direct_success,0.01,leave_one_task
2,128,-0.0546875,-0.1042539170327962,relative,direct_success,0.01,leave_one_task
3,128,-0.0390625,0.0958173867313858,relative,direct_success,0.01,leave_one_task
4,128,0.0546875,0.4092821235444723,relative,direct_success,0.01,leave_one_task
0,128,0.0390625,-0.5913211593183181,relative,direct_terminal_utility,0.01,leave_one_task
1,128,-0.0546875,-0.2683972944813096,relative,direct_terminal_utility,0.01,leave_one_task
2,128,-0.1171875,-0.1080773080490394,relative,direct_terminal_utility,0.01,leave_one_task
3,128,0.015625,0.0805981974308819,relative,direct_terminal_utility,0.01,leave_one_task
4,128,0.0078125,0.3741058397001649,relative,direct_terminal_utility,0.01,leave_one_task
0,128,0.0234375,-0.6946841691600854,relative,direct_grounded,0.01,leave_one_task
1,128,-0.03125,-0.3337193132810144,relative,direct_grounded,0.01,leave_one_task
2,128,-0.1171875,-0.1442355688364797,relative,direct_grounded,0.01,leave_one_task
3,128,0.015625,0.0795325904941613,relative,direct_grounded,0.01,leave_one_task
4,128,0.0,0.4253005745777204,relative,direct_grounded,0.01,leave_one_task
0,128,-0.140625,-0.4731644262051486,relative,potential_success,0.01,leave_one_task
1,128,-0.1015625,-0.1815387488035106,relative,potential_success,0.01,leave_one_task
2,128,0.0703125,-0.0404712509977669,relative,potential_success,0.01,leave_one_task
3,128,0.0078125,0.0726729424188734,relative,potential_success,0.01,leave_one_task
4,128,0.0546875,0.3998960042013032,relative,potential_success,0.01,leave_one_task
0,128,0.046875,-0.6199052536469597,relative,direct_success,0.01,leave_one_level
1,128,-0.015625,-0.1941420287752764,relative,direct_success,0.01,leave_one_level
2,128,0.03125,0.0325704520001945,relative,direct_success,0.01,leave_one_level
3,128,-0.0859375,0.2256100193554828,relative,direct_success,0.01,leave_one_level
4,128,-0.0859375,0.550225739724974,relative,direct_success,0.01,leave_one_level
0,128,0.0546875,-0.5633707705010773,relative,direct_terminal_utility,0.01,leave_one_level
1,128,-0.0234375,-0.1578997983229938,relative,direct_terminal_utility,0.01,leave_one_level
2,128,0.0703125,0.0428063571539557,relative,direct_terminal_utility,0.01,leave_one_level
3,128,-0.1171875,0.2053404560605973,relative,direct_terminal_utility,0.01,leave_one_level
4,128,-0.09375,0.5029308955075352,relative,direct_terminal_utility,0.01,leave_one_level
0,128,0.046875,-0.6874169536998864,relative,direct_grounded,0.01,leave_one_level
1,128,-0.0078125,-0.2021540725256669,relative,direct_grounded,0.01,leave_one_level
2,128,0.03125,0.0509925865263251,relative,direct_grounded,0.01,leave_one_level
3,128,-0.0625,0.2558573207518485,relative,direct_grounded,0.01,leave_one_level
4,128,-0.1171875,0.6007655412295009,relative,direct_grounded,0.01,leave_one_level
0,128,0.0390625,-0.4296603311595701,relative,potential_success,0.01,leave_one_level
1,128,-0.0078125,-0.126295829062186,relative,potential_success,0.01,leave_one_level
2,128,0.0,-0.0018430590581457,relative,potential_success,0.01,leave_one_level
3,128,-0.1015625,0.1091903362858371,relative,potential_success,0.01,leave_one_level
4,128,-0.0390625,0.3974426280464878,relative,potential_success,0.01,leave_one_level
0,128,0.046875,-0.5285737871943645,relative,direct_success,0.01,leave_one_cell
1,128,-0.0625,-0.2142352812870133,relative,direct_success,0.01,leave_one_cell
2,128,0.0,-0.020295870821501,relative,direct_success,0.01,leave_one_cell
3,128,-0.109375,0.1648879440111179,relative,direct_success,0.01,leave_one_cell
4,128,0.015625,0.4469763346723563,relative,direct_success,0.01,leave_one_cell
0,128,0.0703125,-0.4838234907824749,relative,direct_terminal_utility,0.01,leave_one_cell
1,128,-0.0390625,-0.1857455120152971,relative,direct_terminal_utility,0.01,leave_one_cell
2,128,-0.0078125,-0.0166408530415439,relative,direct_terminal_utility,0.01,leave_one_cell
3,128,-0.1328125,0.1471807999472632,relative,direct_terminal_utility,0.01,leave_one_cell
4,128,0.0,0.4148681407902568,relative,direct_terminal_utility,0.01,leave_one_cell
0,128,0.0703125,-0.5844766140052061,relative,direct_grounded,0.01,leave_one_cell
1,128,-0.0625,-0.2401547847809139,relative,direct_grounded,0.01,leave_one_cell
2,128,0.03125,-0.0371299285534967,relative,direct_grounded,0.01,leave_one_cell
3,128,-0.140625,0.1627439433349378,relative,direct_grounded,0.01,leave_one_cell
4,128,-0.0078125,0.4876182832994769,relative,direct_grounded,0.01,leave_one_cell
0,128,-0.1015625,-0.4040356993112999,relative,potential_success,0.01,leave_one_cell
1,128,0.046875,-0.1329867402986454,relative,potential_success,0.01,leave_one_cell
2,128,-0.0234375,-0.0060380724241564,relative,potential_success,0.01,leave_one_cell
3,128,-0.046875,0.1079600134107837,relative,potential_success,0.01,leave_one_cell
4,128,0.015625,0.4524603230676211,relative,potential_success,0.01,leave_one_cell
0,128,0.0234375,-0.6037670283766954,relative,direct_success,0.1,leave_one_task
1,128,-0.125,-0.2762298522563682,relative,direct_success,0.1,leave_one_task
2,128,-0.015625,-0.1027183287274452,relative,direct_success,0.1,leave_one_task
3,128,-0.0390625,0.1001843061463933,relative,direct_success,0.1,leave_one_task
4,128,0.046875,0.3984856336043844,relative,direct_success,0.1,leave_one_task
0,128,0.0234375,-0.5736053962513336,relative,direct_terminal_utility,0.1,leave_one_task
1,128,-0.078125,-0.2742599714590978,relative,direct_terminal_utility,0.1,leave_one_task
2,128,-0.078125,-0.1074722236533722,relative,direct_terminal_utility,0.1,leave_one_task
3,128,0.03125,0.0824311867138134,relative,direct_terminal_utility,0.1,leave_one_task
4,128,-0.0078125,0.3669770135211083,relative,direct_terminal_utility,0.1,leave_one_task
0,128,0.0234375,-0.6739143372193127,relative,direct_grounded,0.1,leave_one_task
1,128,-0.09375,-0.3357723570301282,relative,direct_grounded,0.1,leave_one_task
2,128,-0.0546875,-0.1431063329376207,relative,direct_grounded,0.1,leave_one_task
3,128,0.0,0.0806388334769009,relative,direct_grounded,0.1,leave_one_task
4,128,0.015625,0.4171593008949054,relative,direct_grounded,0.1,leave_one_task
0,128,-0.1015625,-0.3293017350862106,relative,potential_success,0.1,leave_one_task
1,128,-0.015625,-0.1481142696694837,relative,potential_success,0.1,leave_one_task
2,128,-0.046875,-0.041786920686818,relative,potential_success,0.1,leave_one_task
3,128,0.015625,0.0512460343841895,relative,potential_success,0.1,leave_one_task
4,128,0.0390625,0.262083878486709,relative,potential_success,0.1,leave_one_task
0,128,0.046875,-0.5971064291172579,relative,direct_success,0.1,leave_one_level
1,128,0.0078125,-0.1958960052880702,relative,direct_success,0.1,leave_one_level
2,128,0.0,0.0168130724416212,relative,direct_success,0.1,leave_one_level
3,128,-0.078125,0.2062706044688614,relative,direct_success,0.1,leave_one_level
4,128,-0.0859375,0.5310875033922282,relative,direct_success,0.1,leave_one_level
0,128,0.0546875,-0.5414634525845621,relative,direct_terminal_utility,0.1,leave_one_level
1,128,0.0,-0.1560611815182004,relative,direct_terminal_utility,0.1,leave_one_level
2,128,0.0390625,0.0338227670248019,relative,direct_terminal_utility,0.1,leave_one_level
3,128,-0.1015625,0.1902825973811561,relative,direct_terminal_utility,0.1,leave_one_level
4,128,-0.1015625,0.4779466983950783,relative,direct_terminal_utility,0.1,leave_one_level
0,128,0.0625,-0.6578116670802711,relative,direct_grounded,0.1,leave_one_level
1,128,-0.0234375,-0.1972243602988865,relative,direct_grounded,0.1,leave_one_level
2,128,0.0234375,0.0418201258495265,relative,direct_grounded,0.1,leave_one_level
3,128,-0.0703125,0.2409767894369963,relative,direct_grounded,0.1,leave_one_level
4,128,-0.1015625,0.5712565391210949,relative,direct_grounded,0.1,leave_one_level
0,128,0.1328125,-0.3108222148640529,relative,potential_success,0.1,leave_one_level
1,128,-0.1015625,-0.0856286253472437,relative,potential_success,0.1,leave_one_level
2,128,-0.0625,-0.0019210685156362,relative,potential_success,0.1,leave_one_level
3,128,-0.078125,0.0915373993804947,relative,potential_success,0.1,leave_one_level
4,128,0.0,0.3039013287495014,relative,potential_success,0.1,leave_one_level
0,128,0.0546875,-0.5184981119427869,relative,direct_success,0.1,leave_one_cell
1,128,-0.0859375,-0.2089471045990965,relative,direct_success,0.1,leave_one_cell
2,128,0.0234375,-0.0189588240605793,relative,direct_success,0.1,leave_one_cell
3,128,-0.109375,0.1588328211243186,relative,direct_success,0.1,leave_one_cell
4,128,0.0078125,0.4381572263168806,relative,direct_success,0.1,leave_one_cell
0,128,0.078125,-0.4726734385719925,relative,direct_terminal_utility,0.1,leave_one_cell
1,128,-0.0625,-0.1850749624352109,relative,direct_terminal_utility,0.1,leave_one_cell
2,128,0.015625,-0.0119368158013344,relative,direct_terminal_utility,0.1,leave_one_cell
3,128,-0.1171875,0.1434297927255821,relative,direct_terminal_utility,0.1,leave_one_cell
4,128,-0.0234375,0.4095602768735331,relative,direct_terminal_utility,0.1,leave_one_cell
0,128,0.0625,-0.5727745778599427,relative,direct_grounded,0.1,leave_one_cell
1,128,-0.0703125,-0.2365084142982413,relative,direct_grounded,0.1,leave_one_cell
2,128,0.046875,-0.0321473570976785,relative,direct_grounded,0.1,leave_one_cell
3,128,-0.140625,0.1582388665771405,relative,direct_grounded,0.1,leave_one_cell
4,128,-0.0078125,0.4803129717479781,relative,direct_grounded,0.1,leave_one_cell
0,128,0.0078125,-0.2476683706595941,relative,potential_success,0.1,leave_one_cell
1,128,-0.1328125,-0.1068040411186304,relative,potential_success,0.1,leave_one_cell
2,128,-0.015625,-0.0110341579541493,relative,potential_success,0.1,leave_one_cell
3,128,0.0078125,0.0640404510206845,relative,potential_success,0.1,leave_one_cell
4,128,0.0234375,0.2651902402791505,relative,potential_success,0.1,leave_one_cell
0,128,-0.0234375,-0.568935106384126,relative,direct_success,1.0,leave_one_task
1,128,-0.0859375,-0.2709434869145724,relative,direct_success,1.0,leave_one_task
2,128,-0.0234375,-0.0960811851892134,relative,direct_success,1.0,leave_one_task
3,128,-0.03125,0.1031340834771854,relative,direct_success,1.0,leave_one_task
4,128,0.0546875,0.3695290484704667,relative,direct_success,1.0,leave_one_task
0,128,-0.015625,-0.5392005595654836,relative,direct_terminal_utility,1.0,leave_one_task
1,128,-0.09375,-0.2637831088556269,relative,direct_terminal_utility,1.0,leave_one_task
2,128,-0.015625,-0.1057043647907417,relative,direct_terminal_utility,1.0,leave_one_task
3,128,0.0078125,0.0797336358266363,relative,direct_terminal_utility,1.0,leave_one_task
4,128,0.0078125,0.3395820876613695,relative,direct_terminal_utility,1.0,leave_one_task
0,128,-0.0078125,-0.6340933643414784,relative,direct_grounded,1.0,leave_one_task
1,128,-0.078125,-0.322229778530697,relative,direct_grounded,1.0,leave_one_task
2,128,-0.0546875,-0.13734680094971,relative,direct_grounded,1.0,leave_one_task
3,128,0.0,0.0789451812126231,relative,direct_grounded,1.0,leave_one_task
4,128,0.03125,0.3817495711545737,relative,direct_grounded,1.0,leave_one_task
0,128,-0.0546875,-0.1855021273471775,relative,potential_success,1.0,leave_one_task
1,128,0.03125,-0.0860850331454234,relative,potential_success,1.0,leave_one_task
2,128,-0.0390625,-0.0281970282449466,relative,potential_success,1.0,leave_one_task
3,128,-0.03125,0.0297161788660418,relative,potential_success,1.0,leave_one_task
4,128,-0.015625,0.1180250653002853,relative,potential_success,1.0,leave_one_task
0,128,0.0703125,-0.5372338980521607,relative,direct_success,1.0,leave_one_level
1,128,-0.0546875,-0.188683682714842,relative,direct_success,1.0,leave_one_level
2,128,0.03125,-0.000604849929141,relative,direct_success,1.0,leave_one_level
3,128,-0.078125,0.1813274570146409,relative,direct_success,1.0,leave_one_level
4,128,-0.078125,0.5132658319978616,relative,direct_success,1.0,leave_one_level
0,128,0.1015625,-0.4838106772004891,relative,direct_terminal_utility,1.0,leave_one_level
1,128,-0.03125,-0.1470761543603617,relative,direct_terminal_utility,1.0,leave_one_level
2,128,0.0078125,0.0207972779313301,relative,direct_terminal_utility,1.0,leave_one_level
3,128,-0.0703125,0.1725698324111691,relative,direct_terminal_utility,1.0,leave_one_level
4,128,-0.1171875,0.4510051455081481,relative,direct_terminal_utility,1.0,leave_one_level
0,128,0.0703125,-0.586916095247988,relative,direct_grounded,1.0,leave_one_level
1,128,-0.0078125,-0.1819860778851562,relative,direct_grounded,1.0,leave_one_level
2,128,0.0078125,0.0322910575005705,relative,direct_grounded,1.0,leave_one_level
3,128,-0.0625,0.2148299529959191,relative,direct_grounded,1.0,leave_one_level
4,128,-0.1171875,0.534795448211589,relative,direct_grounded,1.0,leave_one_level
0,128,0.140625,-0.1402902627452058,relative,potential_success,1.0,leave_one_level
1,128,-0.0546875,-0.0591410107654563,relative,potential_success,1.0,leave_one_level
2,128,-0.046875,-0.0164821537445859,relative,potential_success,1.0,leave_one_level
3,128,-0.1328125,0.0367623381008258,relative,potential_success,1.0,leave_one_level
4,128,-0.015625,0.1458328440837143,relative,potential_success,1.0,leave_one_level
0,128,0.03125,-0.49070612614173,relative,direct_success,1.0,leave_one_cell
1,128,-0.0703125,-0.1938162518159875,relative,direct_success,1.0,leave_one_cell
2,128,0.0546875,-0.0153297029214479,relative,direct_success,1.0,leave_one_cell
3,128,-0.140625,0.1501293046629974,relative,direct_success,1.0,leave_one_cell
4,128,0.015625,0.4116731027416736,relative,direct_success,1.0,leave_one_cell
0,128,0.046875,-0.4459105221325212,relative,direct_terminal_utility,1.0,leave_one_cell
1,128,-0.03125,-0.1735801583914051,relative,direct_terminal_utility,1.0,leave_one_cell
2,128,0.0,-0.0106775121223634,relative,direct_terminal_utility,1.0,leave_one_cell
3,128,-0.1015625,0.1397771279537989,relative,direct_terminal_utility,1.0,leave_one_cell
4,128,-0.0234375,0.3837836305280139,relative,direct_terminal_utility,1.0,leave_one_cell
0,128,0.03125,-0.5418018583523797,relative,direct_grounded,1.0,leave_one_cell
1,128,-0.0234375,-0.2209961393034181,relative,direct_grounded,1.0,leave_one_cell
2,128,0.015625,-0.0294532357497983,relative,direct_grounded,1.0,leave_one_cell
3,128,-0.1171875,0.1544380989021196,relative,direct_grounded,1.0,leave_one_cell
4,128,-0.015625,0.4478767039746493,relative,direct_grounded,1.0,leave_one_cell
0,128,0.078125,-0.1330345605072252,relative,potential_success,1.0,leave_one_cell
1,128,-0.1015625,-0.0596537346124425,relative,potential_success,1.0,leave_one_cell
2,128,-0.0234375,-0.0172995454870927,relative,potential_success,1.0,leave_one_cell
3,128,-0.0390625,0.0298985458294049,relative,potential_success,1.0,leave_one_cell
4,128,-0.0234375,0.1089182295002376,relative,potential_success,1.0,leave_one_cell
0,128,-0.0703125,-0.4917225221642457,relative,direct_success,10.0,leave_one_task
1,128,-0.09375,-0.2459063040360299,relative,direct_success,10.0,leave_one_task
2,128,-0.0078125,-0.0793378762107262,relative,direct_success,10.0,leave_one_task
3,128,0.03125,0.0905785491288544,relative,direct_success,10.0,leave_one_task
4,128,0.03125,0.3047524204638485,relative,direct_success,10.0,leave_one_task
0,128,-0.0390625,-0.4585873854965997,relative,direct_terminal_utility,10.0,leave_one_task
1,128,-0.109375,-0.2360148451206234,relative,direct_terminal_utility,10.0,leave_one_task
2,128,0.0,-0.081207894857652,relative,direct_terminal_utility,10.0,leave_one_task
3,128,0.015625,0.0656761425276156,relative,direct_terminal_utility,10.0,leave_one_task
4,128,0.0234375,0.2708764661428315,relative,direct_terminal_utility,10.0,leave_one_task
0,128,-0.0546875,-0.5449098547273021,relative,direct_grounded,10.0,leave_one_task
1,128,-0.0859375,-0.2841122739919359,relative,direct_grounded,10.0,leave_one_task
2,128,-0.03125,-0.1056895386311231,relative,direct_grounded,10.0,leave_one_task
3,128,0.046875,0.0582384412849195,relative,direct_grounded,10.0,leave_one_task
4,128,0.015625,0.2992097475457171,relative,direct_grounded,10.0,leave_one_task
0,128,-0.0546875,-0.0744189314672206,relative,potential_success,10.0,leave_one_task
1,128,0.109375,-0.0478050510487332,relative,potential_success,10.0,leave_one_task
2,128,-0.0390625,-0.028723258288517,relative,potential_success,10.0,leave_one_task
3,128,-0.0546875,-0.0064981365322247,relative,potential_success,10.0,leave_one_task
4,128,-0.0703125,0.0371629715923657,relative,potential_success,10.0,leave_one_task
0,128,0.09375,-0.4152646939955405,relative,direct_success,10.0,leave_one_level
1,128,-0.0546875,-0.1516489019485979,relative,direct_success,10.0,leave_one_level
2,128,-0.03125,-0.0092526940096368,relative,direct_success,10.0,leave_one_level
3,128,-0.0234375,0.1419684944057913,relative,direct_success,10.0,leave_one_level
4,128,-0.09375,0.4406413798721077,relative,direct_success,10.0,leave_one_level
0,128,0.1171875,-0.3751579022399891,relative,direct_terminal_utility,10.0,leave_one_level
1,128,-0.0625,-0.122400628110518,relative,direct_terminal_utility,10.0,leave_one_level
2,128,-0.015625,0.0087571438358112,relative,direct_terminal_utility,10.0,leave_one_level
3,128,-0.0234375,0.1335263037033195,relative,direct_terminal_utility,10.0,leave_one_level
4,128,-0.125,0.3913341556464473,relative,direct_terminal_utility,10.0,leave_one_level
0,128,0.0703125,-0.45884751031935,relative,direct_grounded,10.0,leave_one_level
1,128,-0.0078125,-0.1490039601614239,relative,direct_grounded,10.0,leave_one_level
2,128,0.015625,0.0103291886108654,relative,direct_grounded,10.0,leave_one_level
3,128,-0.0546875,0.1656642370524272,relative,direct_grounded,10.0,leave_one_level
4,128,-0.1328125,0.4581070038155458,relative,direct_grounded,10.0,leave_one_level
0,128,0.109375,-0.0707264329908995,relative,potential_success,10.0,leave_one_level
1,128,0.0,-0.0416454561428303,relative,potential_success,10.0,leave_one_level
2,128,0.0625,-0.0277930218215473,relative,potential_success,10.0,leave_one_level
3,128,-0.09375,-0.0055926902922607,relative,potential_success,10.0,leave_one_level
4,128,-0.1875,0.0300754653841677,relative,potential_success,10.0,leave_one_level
0,128,-0.0234375,-0.4094653895918634,relative,direct_success,10.0,leave_one_cell
1,128,-0.0546875,-0.1539111427779615,relative,direct_success,10.0,leave_one_cell
2,128,0.015625,-0.0042496202326011,relative,direct_success,10.0,leave_one_cell
3,128,-0.0625,0.1337338161732737,relative,direct_success,10.0,leave_one_cell
4,128,0.015625,0.3569914440095855,relative,direct_success,10.0,leave_one_cell
0,128,0.015625,-0.3711264240962755,relative,direct_terminal_utility,10.0,leave_one_cell
1,128,-0.0390625,-0.1347463778327646,relative,direct_terminal_utility,10.0,leave_one_cell
2,128,-0.0078125,-0.0019295729763352,relative,direct_terminal_utility,10.0,leave_one_cell
3,128,-0.0625,0.1237391429487572,relative,direct_terminal_utility,10.0,leave_one_cell
4,128,-0.015625,0.3288803528510579,relative,direct_terminal_utility,10.0,leave_one_cell
0,128,-0.0078125,-0.4525275831823918,relative,direct_grounded,10.0,leave_one_cell
1,128,-0.015625,-0.1727946966305236,relative,direct_grounded,10.0,leave_one_cell
2,128,0.015625,-0.0161055375552419,relative,direct_grounded,10.0,leave_one_cell
3,128,-0.078125,0.1342285863275281,relative,direct_grounded,10.0,leave_one_cell
4,128,-0.0234375,0.3797173167455444,relative,direct_grounded,10.0,leave_one_cell
0,128,0.1796875,-0.0618624617919134,relative,potential_success,10.0,leave_one_cell
1,128,-0.0546875,-0.0334973255645281,relative,potential_success,10.0,leave_one_cell
2,128,-0.0625,-0.0196618464241756,relative,potential_success,10.0,leave_one_cell
3,128,-0.0546875,-0.0064214551488462,relative,potential_success,10.0,leave_one_cell
4,128,-0.1171875,0.022651600882596,relative,potential_success,10.0,leave_one_cell
0,128,0.0546875,-0.559600560905516,relative_object_global,direct_success,0.01,leave_one_task
1,128,-0.0078125,-0.2757051077585223,relative_object_global,direct_success,0.01,leave_one_task
2,128,-0.0625,-0.0764872606671393,relative_object_global,direct_success,0.01,leave_one_task
3,128,0.0,0.1363285588182538,relative_object_global,direct_success,0.01,leave_one_task
4,128,-0.09375,0.5295453238537582,relative_object_global,direct_success,0.01,leave_one_task
0,128,0.0625,-0.5253396729133041,relative_object_global,direct_terminal_utility,0.01,leave_one_task
1,128,-0.0234375,-0.2679674544342099,relative_object_global,direct_terminal_utility,0.01,leave_one_task
2,128,-0.0390625,-0.0882445140701016,relative_object_global,direct_terminal_utility,0.01,leave_one_task
3,128,0.0,0.1168807274140625,relative_object_global,direct_terminal_utility,0.01,leave_one_task
4,128,-0.109375,0.4929936783914014,relative_object_global,direct_terminal_utility,0.01,leave_one_task
0,128,0.1015625,-0.6160273228729372,relative_object_global,direct_grounded,0.01,leave_one_task
1,128,-0.03125,-0.320814722397984,relative_object_global,direct_grounded,0.01,leave_one_task
2,128,-0.0703125,-0.1188797575581583,relative_object_global,direct_grounded,0.01,leave_one_task
3,128,0.0078125,0.1257907400069634,relative_object_global,direct_grounded,0.01,leave_one_task
4,128,-0.1171875,0.5804094088724933,relative_object_global,direct_grounded,0.01,leave_one_task
0,128,-0.1796875,-0.4702165558915622,relative_object_global,potential_success,0.01,leave_one_task
1,128,0.0078125,-0.1800798667153104,relative_object_global,potential_success,0.01,leave_one_task
2,128,0.015625,-0.0253288832225746,relative_object_global,potential_success,0.01,leave_one_task
3,128,0.0390625,0.0727923968097809,relative_object_global,potential_success,0.01,leave_one_task
4,128,0.0078125,0.4053895634166933,relative_object_global,potential_success,0.01,leave_one_task
0,128,0.0234375,-0.608535143936831,relative_object_global,direct_success,0.01,leave_one_level
1,128,0.0546875,-0.1629647099242542,relative_object_global,direct_success,0.01,leave_one_level
2,128,-0.0078125,0.0812587162586558,relative_object_global,direct_success,0.01,leave_one_level
3,128,-0.0859375,0.2818952520565519,relative_object_global,direct_success,0.01,leave_one_level
4,128,-0.09375,0.6274371165779982,relative_object_global,direct_success,0.01,leave_one_level
0,128,0.0,-0.5608368604110255,relative_object_global,direct_terminal_utility,0.01,leave_one_level
1,128,0.0703125,-0.1452697760143451,relative_object_global,direct_terminal_utility,0.01,leave_one_level
2,128,0.046875,0.0849740846619919,relative_object_global,direct_terminal_utility,0.01,leave_one_level
3,128,-0.078125,0.2709020787678199,relative_object_global,direct_terminal_utility,0.01,leave_one_level
4,128,-0.1484375,0.574419526793688,relative_object_global,direct_terminal_utility,0.01,leave_one_level
0,128,0.03125,-0.6722483814831931,relative_object_global,direct_grounded,0.01,leave_one_level
1,128,0.0234375,-0.1846944322977328,relative_object_global,direct_grounded,0.01,leave_one_level
2,128,0.0390625,0.0990930892805155,relative_object_global,direct_grounded,0.01,leave_one_level
3,128,-0.078125,0.3294423917233453,relative_object_global,direct_grounded,0.01,leave_one_level
4,128,-0.125,0.6930205947672554,relative_object_global,direct_grounded,0.01,leave_one_level
0,128,0.0625,-0.4498854629238226,relative_object_global,potential_success,0.01,leave_one_level
1,128,0.0390625,-0.1142328720121729,relative_object_global,potential_success,0.01,leave_one_level
2,128,-0.046875,0.0030643804568587,relative_object_global,potential_success,0.01,leave_one_level
3,128,-0.140625,0.138628137588586,relative_object_global,potential_success,0.01,leave_one_level
4,128,-0.0234375,0.4304909517657586,relative_object_global,potential_success,0.01,leave_one_level
0,128,0.0625,-0.5049348300918131,relative_object_global,direct_success,0.01,leave_one_cell
1,128,-0.0078125,-0.2144865672644562,relative_object_global,direct_success,0.01,leave_one_cell
2,128,-0.03125,0.0031301067033079,relative_object_global,direct_success,0.01,leave_one_cell
3,128,-0.0078125,0.1892683888545706,relative_object_global,direct_success,0.01,leave_one_cell
4,128,-0.125,0.5367203727944897,relative_object_global,direct_success,0.01,leave_one_cell
0,128,0.1171875,-0.4610274042117186,relative_object_global,direct_terminal_utility,0.01,leave_one_cell
1,128,-0.046875,-0.1934418373158677,relative_object_global,direct_terminal_utility,0.01,leave_one_cell
2,128,-0.046875,0.001223560626071,relative_object_global,direct_terminal_utility,0.01,leave_one_cell
3,128,0.046875,0.1786675965123466,relative_object_global,direct_terminal_utility,0.01,leave_one_cell
4,128,-0.1796875,0.5067637753735827,relative_object_global,direct_terminal_utility,0.01,leave_one_cell
0,128,0.1171875,-0.5538389020382187,relative_object_global,direct_grounded,0.01,leave_one_cell
1,128,-0.0703125,-0.2441966680884376,relative_object_global,direct_grounded,0.01,leave_one_cell
2,128,-0.0078125,-0.0112151110188472,relative_object_global,direct_grounded,0.01,leave_one_cell
3,128,0.03125,0.2023666445545219,relative_object_global,direct_grounded,0.01,leave_one_cell
4,128,-0.1796875,0.6006482020302879,relative_object_global,direct_grounded,0.01,leave_one_cell
0,128,0.0078125,-0.3716460677693662,relative_object_global,potential_success,0.01,leave_one_cell
1,128,-0.0546875,-0.0761803663400141,relative_object_global,potential_success,0.01,leave_one_cell
2,128,-0.03125,0.0146332603086003,relative_object_global,potential_success,0.01,leave_one_cell
3,128,0.0078125,0.1388341530805599,relative_object_global,potential_success,0.01,leave_one_cell
4,128,-0.0390625,0.4516761078185184,relative_object_global,potential_success,0.01,leave_one_cell
0,128,0.046875,-0.5450770290176811,relative_object_global,direct_success,0.1,leave_one_task
1,128,-0.0390625,-0.2681524310969091,relative_object_global,direct_success,0.1,leave_one_task
2,128,-0.03125,-0.074072552581118,relative_object_global,direct_success,0.1,leave_one_task
3,128,0.0,0.1308259807269193,relative_object_global,direct_success,0.1,leave_one_task
4,128,-0.0859375,0.5166053261408551,relative_object_global,direct_success,0.1,leave_one_task
0,128,0.0390625,-0.5081803241571659,relative_object_global,direct_terminal_utility,0.1,leave_one_task
1,128,-0.0234375,-0.2636443566452605,relative_object_global,direct_terminal_utility,0.1,leave_one_task
2,128,-0.03125,-0.0870082460366121,relative_object_global,direct_terminal_utility,0.1,leave_one_task
3,128,0.015625,0.1112859863153388,relative_object_global,direct_terminal_utility,0.1,leave_one_task
4,128,-0.109375,0.482908390893551,relative_object_global,direct_terminal_utility,0.1,leave_one_task
0,128,0.0625,-0.5979772745314826,relative_object_global,direct_grounded,0.1,leave_one_task
1,128,-0.0390625,-0.3124255166830739,relative_object_global,direct_grounded,0.1,leave_one_task
2,128,-0.0234375,-0.1182183351241732,relative_object_global,direct_grounded,0.1,leave_one_task
3,128,0.015625,0.1224507546522821,relative_object_global,direct_grounded,0.1,leave_one_task
4,128,-0.125,0.568525152615285,relative_object_global,direct_grounded,0.1,leave_one_task
0,128,-0.1171875,-0.3510905428468923,relative_object_global,potential_success,0.1,leave_one_task
1,128,0.046875,-0.147808310907607,relative_object_global,potential_success,0.1,leave_one_task
2,128,-0.1015625,-0.0260347560881982,relative_object_global,potential_success,0.1,leave_one_task
3,128,0.046875,0.0649980400181525,relative_object_global,potential_success,0.1,leave_one_task
4,128,0.015625,0.2821491281039309,relative_object_global,potential_success,0.1,leave_one_task
0,128,0.015625,-0.571492400713378,relative_object_global,direct_success,0.1,leave_one_level
1,128,0.078125,-0.1599577804582496,relative_object_global,direct_success,0.1,leave_one_level
2,128,-0.03125,0.0731884149397127,relative_object_global,direct_success,0.1,leave_one_level
3,128,-0.0625,0.2653234912839508,relative_object_global,direct_success,0.1,leave_one_level
4,128,-0.109375,0.6072957395018275,relative_object_global,direct_success,0.1,leave_one_level
0,128,0.03125,-0.5252565323812507,relative_object_global,direct_terminal_utility,0.1,leave_one_level
1,128,0.0390625,-0.1390544875891658,relative_object_global,direct_terminal_utility,0.1,leave_one_level
2,128,0.0390625,0.0786212180513702,relative_object_global,direct_terminal_utility,0.1,leave_one_level
3,128,-0.09375,0.2584388236925694,relative_object_global,direct_terminal_utility,0.1,leave_one_level
4,128,-0.125,0.5506198214974225,relative_object_global,direct_terminal_utility,0.1,leave_one_level
0,128,0.0390625,-0.6268461472992254,relative_object_global,direct_grounded,0.1,leave_one_level
1,128,0.03125,-0.1755121045617036,relative_object_global,direct_grounded,0.1,leave_one_level
2,128,0.015625,0.0919162909119187,relative_object_global,direct_grounded,0.1,leave_one_level
3,128,-0.0703125,0.3157465401645632,relative_object_global,direct_grounded,0.1,leave_one_level
4,128,-0.125,0.664476347164891,relative_object_global,direct_grounded,0.1,leave_one_level
0,128,0.140625,-0.311266806020809,relative_object_global,potential_success,0.1,leave_one_level
1,128,-0.1328125,-0.0905141725308765,relative_object_global,potential_success,0.1,leave_one_level
2,128,-0.0234375,-0.0049468004027861,relative_object_global,potential_success,0.1,leave_one_level
3,128,-0.046875,0.0941457579870647,relative_object_global,potential_success,0.1,leave_one_level
4,128,-0.046875,0.3041604879371408,relative_object_global,potential_success,0.1,leave_one_level
0,128,0.0703125,-0.4841605147456188,relative_object_global,direct_success,0.1,leave_one_cell
1,128,-0.0625,-0.2021914865229563,relative_object_global,direct_success,0.1,leave_one_cell
2,128,0.0078125,0.003371010229771,relative_object_global,direct_success,0.1,leave_one_cell
3,128,0.0078125,0.1814978062275911,relative_object_global,direct_success,0.1,leave_one_cell
4,128,-0.1328125,0.5111374051304063,relative_object_global,direct_success,0.1,leave_one_cell
0,128,0.0859375,-0.4390747028014619,relative_object_global,direct_terminal_utility,0.1,leave_one_cell
1,128,-0.0703125,-0.1821638556128411,relative_object_global,direct_terminal_utility,0.1,leave_one_cell
2,128,0.0078125,-9.221781569204772e-05,relative_object_global,direct_terminal_utility,0.1,leave_one_cell
3,128,0.0390625,0.172530976058176,relative_object_global,direct_terminal_utility,0.1,leave_one_cell
4,128,-0.171875,0.4887177565965376,relative_object_global,direct_terminal_utility,0.1,leave_one_cell
0,128,0.1015625,-0.5307235080407384,relative_object_global,direct_grounded,0.1,leave_one_cell
1,128,-0.0625,-0.2291024778549916,relative_object_global,direct_grounded,0.1,leave_one_cell
2,128,-0.015625,-0.013305534315289,relative_object_global,direct_grounded,0.1,leave_one_cell
3,128,0.03125,0.1945536961011967,relative_object_global,direct_grounded,0.1,leave_one_cell
4,128,-0.1640625,0.5793853922936283,relative_object_global,direct_grounded,0.1,leave_one_cell
0,128,0.0234375,-0.2465246082112601,relative_object_global,potential_success,0.1,leave_one_cell
1,128,-0.078125,-0.0785395343106045,relative_object_global,potential_success,0.1,leave_one_cell
2,128,-0.0625,0.005999643470823,relative_object_global,potential_success,0.1,leave_one_cell
3,128,-0.015625,0.0875903898739969,relative_object_global,potential_success,0.1,leave_one_cell
4,128,0.0234375,0.2785289642169342,relative_object_global,potential_success,0.1,leave_one_cell
0,128,-0.0078125,-0.5162186487639386,relative_object_global,direct_success,1.0,leave_one_task
1,128,-0.046875,-0.2480413816761449,relative_object_global,direct_success,1.0,leave_one_task
2,128,0.0234375,-0.0608093686991505,relative_object_global,direct_success,1.0,leave_one_task
3,128,-0.0234375,0.1202264388713064,relative_object_global,direct_success,1.0,leave_one_task
4,128,-0.0546875,0.4663519847035418,relative_object_global,direct_success,1.0,leave_one_task
0,128,-0.0234375,-0.485077493183711,relative_object_global,direct_terminal_utility,1.0,leave_one_task
1,128,0.0078125,-0.2403685064704032,relative_object_global,direct_terminal_utility,1.0,leave_one_task
2,128,-0.015625,-0.0763589754607493,relative_object_global,direct_terminal_utility,1.0,leave_one_task
3,128,0.03125,0.0992815895458198,relative_object_global,direct_terminal_utility,1.0,leave_one_task
4,128,-0.109375,0.4358468005443592,relative_object_global,direct_terminal_utility,1.0,leave_one_task
0,128,0.0078125,-0.5689579744096018,relative_object_global,direct_grounded,1.0,leave_one_task
1,128,-0.0234375,-0.2881067436687401,relative_object_global,direct_grounded,1.0,leave_one_task
2,128,-0.0078125,-0.1035466095066885,relative_object_global,direct_grounded,1.0,leave_one_task
3,128,0.03125,0.1057187064867483,relative_object_global,direct_grounded,1.0,leave_one_task
4,128,-0.1171875,0.5137951901991479,relative_object_global,direct_grounded,1.0,leave_one_task
0,128,-0.0546875,-0.2013662171072984,relative_object_global,potential_success,1.0,leave_one_task
1,128,0.0390625,-0.0879584448089474,relative_object_global,potential_success,1.0,leave_one_task
2,128,-0.03125,-0.018995941796852,relative_object_global,potential_success,1.0,leave_one_task
3,128,-0.0078125,0.0339117238951467,relative_object_global,potential_success,1.0,leave_one_task
4,128,-0.0546875,0.1317278267562026,relative_object_global,potential_success,1.0,leave_one_task
0,128,-0.0078125,-0.5042878573772585,relative_object_global,direct_success,1.0,leave_one_level
1,128,0.09375,-0.1479612469057324,relative_object_global,direct_success,1.0,leave_one_level
2,128,-0.046875,0.0567151941623902,relative_object_global,direct_success,1.0,leave_one_level
3,128,-0.0390625,0.2329721313935343,relative_object_global,direct_success,1.0,leave_one_level
4,128,-0.109375,0.5663515347900406,relative_object_global,direct_success,1.0,leave_one_level
0,128,0.03125,-0.4649204875306284,relative_object_global,direct_terminal_utility,1.0,leave_one_level
1,128,0.0078125,-0.1257628655420296,relative_object_global,direct_terminal_utility,1.0,leave_one_level
2,128,0.0546875,0.0633731010304231,relative_object_global,direct_terminal_utility,1.0,leave_one_level
3,128,-0.0703125,0.2305719469226382,relative_object_global,direct_terminal_utility,1.0,leave_one_level
4,128,-0.1328125,0.5040323488986507,relative_object_global,direct_terminal_utility,1.0,leave_one_level
0,128,0.0390625,-0.5532607097350197,relative_object_global,direct_grounded,1.0,leave_one_level
1,128,0.015625,-0.1563967397269405,relative_object_global,direct_grounded,1.0,leave_one_level
2,128,0.0546875,0.0770013303842544,relative_object_global,direct_grounded,1.0,leave_one_level
3,128,-0.1015625,0.2790870956486381,relative_object_global,direct_grounded,1.0,leave_one_level
4,128,-0.1171875,0.6052039209008392,relative_object_global,direct_grounded,1.0,leave_one_level
0,128,0.140625,-0.1497385782969492,relative_object_global,potential_success,1.0,leave_one_level
1,128,-0.0078125,-0.064418502706955,relative_object_global,potential_success,1.0,leave_one_level
2,128,-0.0625,-0.016146505383928,relative_object_global,potential_success,1.0,leave_one_level
3,128,-0.1484375,0.0339982980745695,relative_object_global,potential_success,1.0,leave_one_level
4,128,-0.03125,0.146708393528792,relative_object_global,potential_success,1.0,leave_one_level
0,128,0.0234375,-0.447343037503507,relative_object_global,direct_success,1.0,leave_one_cell
1,128,-0.046875,-0.1753924750204092,relative_object_global,direct_success,1.0,leave_one_cell
2,128,0.0390625,0.0047565032113041,relative_object_global,direct_success,1.0,leave_one_cell
3,128,0.0,0.1720238626336032,relative_object_global,direct_success,1.0,leave_one_cell
4,128,-0.125,0.4632048147722198,relative_object_global,direct_success,1.0,leave_one_cell
0,128,0.03125,-0.4047424781882079,relative_object_global,direct_terminal_utility,1.0,leave_one_cell
1,128,-0.015625,-0.159622653655359,relative_object_global,direct_terminal_utility,1.0,leave_one_cell
2,128,-0.015625,0.0017548914979481,relative_object_global,direct_terminal_utility,1.0,leave_one_cell
3,128,0.0625,0.1635295263357568,relative_object_global,direct_terminal_utility,1.0,leave_one_cell
4,128,-0.171875,0.443970063025111,relative_object_global,direct_terminal_utility,1.0,leave_one_cell
0,128,0.0390625,-0.4942963925437806,relative_object_global,direct_grounded,1.0,leave_one_cell
1,128,-0.03125,-0.1994551026914585,relative_object_global,direct_grounded,1.0,leave_one_cell
2,128,0.0078125,-0.0119487968628004,relative_object_global,direct_grounded,1.0,leave_one_cell
3,128,0.046875,0.182751515013563,relative_object_global,direct_grounded,1.0,leave_one_cell
4,128,-0.171875,0.5275072633007669,relative_object_global,direct_grounded,1.0,leave_one_cell
0,128,0.09375,-0.1395280619727932,relative_object_global,potential_success,1.0,leave_one_cell
1,128,-0.0390625,-0.0567223936173673,relative_object_global,potential_success,1.0,leave_one_cell
2,128,-0.1484375,-0.0077451082047571,relative_object_global,potential_success,1.0,leave_one_cell
3,128,0.0,0.0357464365103271,relative_object_global,potential_success,1.0,leave_one_cell
4,128,-0.015625,0.1187149596919506,relative_object_global,potential_success,1.0,leave_one_cell
0,128,-0.0546875,-0.4518109100137633,relative_object_global,direct_success,10.0,leave_one_task
1,128,-0.046875,-0.2087478867127042,relative_object_global,direct_success,10.0,leave_one_task
2,128,0.015625,-0.0480411847619448,relative_object_global,direct_success,10.0,leave_one_task
3,128,-0.015625,0.0967056553341349,relative_object_global,direct_success,10.0,leave_one_task
4,128,-0.0078125,0.3438939968084389,relative_object_global,direct_success,10.0,leave_one_task
0,128,-0.078125,-0.4313691516361891,relative_object_global,direct_terminal_utility,10.0,leave_one_task
1,128,-0.0234375,-0.1938461458042128,relative_object_global,direct_terminal_utility,10.0,leave_one_task
2,128,0.03125,-0.0584183342169337,relative_object_global,direct_terminal_utility,10.0,leave_one_task
3,128,0.0,0.0752570168912319,relative_object_global,direct_terminal_utility,10.0,leave_one_task
4,128,-0.0390625,0.3176290521464514,relative_object_global,direct_terminal_utility,10.0,leave_one_task
0,128,-0.0859375,-0.5084149212886526,relative_object_global,direct_grounded,10.0,leave_one_task
1,128,-0.015625,-0.2346131932787982,relative_object_global,direct_grounded,10.0,leave_one_task
2,128,0.03125,-0.0782879186528974,relative_object_global,direct_grounded,10.0,leave_one_task
3,128,0.0,0.072354688656195,relative_object_global,direct_grounded,10.0,leave_one_task
4,128,-0.0390625,0.3649507307927027,relative_object_global,direct_grounded,10.0,leave_one_task
0,128,-0.0234375,-0.0776310085747793,relative_object_global,potential_success,10.0,leave_one_task
1,128,0.09375,-0.0493345212998141,relative_object_global,potential_success,10.0,leave_one_task
2,128,-0.03125,-0.0282315876439377,relative_object_global,potential_success,10.0,leave_one_task
3,128,-0.09375,-0.0030123803539162,relative_object_global,potential_success,10.0,leave_one_task
4,128,-0.0546875,0.0376855159505418,relative_object_global,potential_success,10.0,leave_one_task
0,128,0.0078125,-0.4249506039666849,relative_object_global,direct_success,10.0,leave_one_level
1,128,0.0,-0.1303965496247286,relative_object_global,direct_success,10.0,leave_one_level
2,128,0.0,0.0404437774021652,relative_object_global,direct_success,10.0,leave_one_level
3,128,-0.015625,0.1866433342863842,relative_object_global,direct_success,10.0,leave_one_level
4,128,-0.1015625,0.4609551061761244,relative_object_global,direct_success,10.0,leave_one_level
0,128,0.015625,-0.4000195926731389,relative_object_global,direct_terminal_utility,10.0,leave_one_level
1,128,0.046875,-0.1125581037958991,relative_object_global,direct_terminal_utility,10.0,leave_one_level
2,128,0.0,0.0427661836103063,relative_object_global,direct_terminal_utility,10.0,leave_one_level
3,128,-0.03125,0.1784185292531666,relative_object_global,direct_terminal_utility,10.0,leave_one_level
4,128,-0.140625,0.4096596305390185,relative_object_global,direct_terminal_utility,10.0,leave_one_level
0,128,0.0234375,-0.4787923146916785,relative_object_global,direct_grounded,10.0,leave_one_level
1,128,0.015625,-0.1383153928957967,relative_object_global,direct_grounded,10.0,leave_one_level
2,128,0.015625,0.0472044394516491,relative_object_global,direct_grounded,10.0,leave_one_level
3,128,-0.03125,0.2144816453698037,relative_object_global,direct_grounded,10.0,leave_one_level
4,128,-0.1328125,0.4862694253464382,relative_object_global,direct_grounded,10.0,leave_one_level
0,128,0.1484375,-0.0746233439322089,relative_object_global,potential_success,10.0,leave_one_level
1,128,-0.03125,-0.0424144171126008,relative_object_global,potential_success,10.0,leave_one_level
2,128,0.046875,-0.0288227308118632,relative_object_global,potential_success,10.0,leave_one_level
3,128,-0.1015625,-0.00750869572038,relative_object_global,potential_success,10.0,leave_one_level
4,128,-0.171875,0.029454690739158,relative_object_global,potential_success,10.0,leave_one_level
0,128,0.0078125,-0.3811040278535932,relative_object_global,direct_success,10.0,leave_one_cell
1,128,-0.0390625,-0.1236048695215053,relative_object_global,direct_success,10.0,leave_one_cell
2,128,0.015625,0.0178928616136671,relative_object_global,direct_success,10.0,leave_one_cell
3,128,-0.03125,0.1535436663856956,relative_object_global,direct_success,10.0,leave_one_cell
4,128,-0.0625,0.3718368762439459,relative_object_global,direct_success,10.0,leave_one_cell
0,128,0.015625,-0.3500546197363954,relative_object_global,direct_terminal_utility,10.0,leave_one_cell
1,128,-0.0546875,-0.1102497902368987,relative_object_global,direct_terminal_utility,10.0,leave_one_cell
2,128,0.046875,0.0165347076167332,relative_object_global,direct_terminal_utility,10.0,leave_one_cell
3,128,0.0,0.141635796512736,relative_object_global,direct_terminal_utility,10.0,leave_one_cell
4,128,-0.1171875,0.3550712635177336,relative_object_global,direct_terminal_utility,10.0,leave_one_cell
0,128,0.0234375,-0.42946754116766,relative_object_global,direct_grounded,10.0,leave_one_cell
1,128,-0.0703125,-0.1407516808725405,relative_object_global,direct_grounded,10.0,leave_one_cell
2,128,0.0546875,0.0070311867239178,relative_object_global,direct_grounded,10.0,leave_one_cell
3,128,0.0,0.1535668823641089,relative_object_global,direct_grounded,10.0,leave_one_cell
4,128,-0.1171875,0.4187587211438324,relative_object_global,direct_grounded,10.0,leave_one_cell
0,128,0.1875,-0.0639197057018666,relative_object_global,potential_success,10.0,leave_one_cell
1,128,-0.015625,-0.0339241750613978,relative_object_global,potential_success,10.0,leave_one_cell
2,128,-0.0703125,-0.01757915268061,relative_object_global,potential_success,10.0,leave_one_cell
3,128,-0.09375,-0.0038547211815695,relative_object_global,potential_success,10.0,leave_one_cell
4,128,-0.1171875,0.0217638176910081,relative_object_global,potential_success,10.0,leave_one_cell
0,128,0.0078125,-1.0333942860694114,relative_object_spatial,direct_success,0.01,leave_one_task
1,128,-0.03125,-0.4445503998128662,relative_object_spatial,direct_success,0.01,leave_one_task
2,128,0.0078125,-0.0755618719005706,relative_object_spatial,direct_success,0.01,leave_one_task
3,128,-0.0390625,0.2892917349621823,relative_object_spatial,direct_success,0.01,leave_one_task
4,128,-0.0546875,0.9282477718864358,relative_object_spatial,direct_success,0.01,leave_one_task
0,128,0.0,-1.0361729174212944,relative_object_spatial,direct_terminal_utility,0.01,leave_one_task
1,128,-0.046875,-0.4790932831576946,relative_object_spatial,direct_terminal_utility,0.01,leave_one_task
2,128,0.0078125,-0.0876022285072159,relative_object_spatial,direct_terminal_utility,0.01,leave_one_task
3,128,-0.015625,0.2580575471512061,relative_object_spatial,direct_terminal_utility,0.01,leave_one_task
4,128,-0.0546875,0.8564300390965367,relative_object_spatial,direct_terminal_utility,0.01,leave_one_task
0,128,0.0,-1.226762478521492,relative_object_spatial,direct_grounded,0.01,leave_one_task
1,128,-0.0234375,-0.5708581849149257,relative_object_spatial,direct_grounded,0.01,leave_one_task
2,128,-0.015625,-0.1073884372734563,relative_object_spatial,direct_grounded,0.01,leave_one_task
3,128,-0.015625,0.2921709772592709,relative_object_spatial,direct_grounded,0.01,leave_one_task
4,128,-0.0546875,0.9849567939854048,relative_object_spatial,direct_grounded,0.01,leave_one_task
0,128,-0.1484375,-0.7633064459717753,relative_object_spatial,potential_success,0.01,leave_one_task
1,128,0.0234375,-0.2344590559457391,relative_object_spatial,potential_success,0.01,leave_one_task
2,128,0.0703125,-0.0024508202008365,relative_object_spatial,potential_success,0.01,leave_one_task
3,128,-0.015625,0.1641622830599931,relative_object_spatial,potential_success,0.01,leave_one_task
4,128,-0.0390625,0.6073402824458409,relative_object_spatial,potential_success,0.01,leave_one_task
0,128,0.078125,-0.8303592117348446,relative_object_spatial,direct_success,0.01,leave_one_level
1,128,0.0390625,-0.2439336341281004,relative_object_spatial,direct_success,0.01,leave_one_level
2,128,-0.0703125,0.0836673227346359,relative_object_spatial,direct_success,0.01,leave_one_level
3,128,-0.078125,0.385714760937424,relative_object_spatial,direct_success,0.01,leave_one_level
4,128,-0.078125,1.1384322127068711,relative_object_spatial,direct_success,0.01,leave_one_level
0,128,0.0546875,-0.7859571129888414,relative_object_spatial,direct_terminal_utility,0.01,leave_one_level
1,128,0.0625,-0.2329943566293648,relative_object_spatial,direct_terminal_utility,0.01,leave_one_level
2,128,-0.046875,0.0645590141346838,relative_object_spatial,direct_terminal_utility,0.01,leave_one_level
3,128,-0.09375,0.3649242861178665,relative_object_spatial,direct_terminal_utility,0.01,leave_one_level
4,128,-0.0859375,1.036623875039169,relative_object_spatial,direct_terminal_utility,0.01,leave_one_level
0,128,0.0625,-0.9364375427915104,relative_object_spatial,direct_grounded,0.01,leave_one_level
1,128,0.0703125,-0.2825194444989108,relative_object_spatial,direct_grounded,0.01,leave_one_level
2,128,-0.0859375,0.0716795555997842,relative_object_spatial,direct_grounded,0.01,leave_one_level
3,128,-0.078125,0.4452276552728479,relative_object_spatial,direct_grounded,0.01,leave_one_level
4,128,-0.078125,1.2628798981786062,relative_object_spatial,direct_grounded,0.01,leave_one_level
0,128,0.0625,-0.4895734523224183,relative_object_spatial,potential_success,0.01,leave_one_level
1,128,0.0,-0.1240900939444929,relative_object_spatial,potential_success,0.01,leave_one_level
2,128,-0.03125,0.0119639085985009,relative_object_spatial,potential_success,0.01,leave_one_level
3,128,-0.078125,0.1876491273179162,relative_object_spatial,potential_success,0.01,leave_one_level
4,128,-0.0625,0.6093794653050845,relative_object_spatial,potential_success,0.01,leave_one_level
0,128,0.125,-0.6481545042077909,relative_object_spatial,direct_success,0.01,leave_one_cell
1,128,-0.046875,-0.2411612250382385,relative_object_spatial,direct_success,0.01,leave_one_cell
2,128,-0.0546875,0.0145655534584325,relative_object_spatial,direct_success,0.01,leave_one_cell
3,128,-0.1015625,0.3236392564901773,relative_object_spatial,direct_success,0.01,leave_one_cell
4,128,-0.03125,0.9567828452927551,relative_object_spatial,direct_success,0.01,leave_one_cell
0,128,0.1171875,-0.5973070114774579,relative_object_spatial,direct_terminal_utility,0.01,leave_one_cell
1,128,-0.0390625,-0.2108528748484754,relative_object_spatial,direct_terminal_utility,0.01,leave_one_cell
2,128,-0.0390625,0.0327445987414635,relative_object_spatial,direct_terminal_utility,0.01,leave_one_cell
3,128,-0.1015625,0.3124870837253168,relative_object_spatial,direct_terminal_utility,0.01,leave_one_cell
4,128,-0.046875,0.8814375062655938,relative_object_spatial,direct_terminal_utility,0.01,leave_one_cell
0,128,0.1328125,-0.7101855030439201,relative_object_spatial,direct_grounded,0.01,leave_one_cell
1,128,-0.0703125,-0.2537687487567158,relative_object_spatial,direct_grounded,0.01,leave_one_cell
2,128,-0.015625,0.0328984889209844,relative_object_spatial,direct_grounded,0.01,leave_one_cell
3,128,-0.09375,0.349302368077619,relative_object_spatial,direct_grounded,0.01,leave_one_cell
4,128,-0.0625,1.0298867550494193,relative_object_spatial,direct_grounded,0.01,leave_one_cell
0,128,-0.046875,-0.3901314065420928,relative_object_spatial,potential_success,0.01,leave_one_cell
1,128,-0.0078125,-0.0640489531389705,relative_object_spatial,potential_success,0.01,leave_one_cell
2,128,0.03125,0.0590797765487259,relative_object_spatial,potential_success,0.01,leave_one_cell
3,128,-0.0546875,0.2606622602974175,relative_object_spatial,potential_success,0.01,leave_one_cell
4,128,-0.03125,0.6525290023833135,relative_object_spatial,potential_success,0.01,leave_one_cell
0,128,-0.0546875,-1.0419492660560004,relative_object_spatial,direct_success,0.1,leave_one_task
1,128,0.0390625,-0.4535044615223945,relative_object_spatial,direct_success,0.1,leave_one_task
2,128,-0.0234375,-0.0735243516134346,relative_object_spatial,direct_success,0.1,leave_one_task
3,128,-0.0390625,0.2779120936961188,relative_object_spatial,direct_success,0.1,leave_one_task
4,128,-0.03125,0.972681883480981,relative_object_spatial,direct_success,0.1,leave_one_task
0,128,-0.046875,-1.0504005399305325,relative_object_spatial,direct_terminal_utility,0.1,leave_one_task
1,128,0.0234375,-0.4782692281422698,relative_object_spatial,direct_terminal_utility,0.1,leave_one_task
2,128,-0.015625,-0.0837128501043097,relative_object_spatial,direct_terminal_utility,0.1,leave_one_task
3,128,-0.0234375,0.2486944466190792,relative_object_spatial,direct_terminal_utility,0.1,leave_one_task
4,128,-0.046875,0.902582534812483,relative_object_spatial,direct_terminal_utility,0.1,leave_one_task
0,128,-0.03125,-1.2458859928883077,relative_object_spatial,direct_grounded,0.1,leave_one_task
1,128,0.0,-0.5698374041656472,relative_object_spatial,direct_grounded,0.1,leave_one_task
2,128,-0.0078125,-0.1015168864726566,relative_object_spatial,direct_grounded,0.1,leave_one_task
3,128,-0.015625,0.2847128061766861,relative_object_spatial,direct_grounded,0.1,leave_one_task
4,128,-0.0546875,1.0384241628796342,relative_object_spatial,direct_grounded,0.1,leave_one_task
0,128,-0.09375,-0.5404984957722614,relative_object_spatial,potential_success,0.1,leave_one_task
1,128,0.015625,-0.198146641863106,relative_object_spatial,potential_success,0.1,leave_one_task
2,128,0.0234375,-0.0110077179365297,relative_object_spatial,potential_success,0.1,leave_one_task
3,128,-0.03125,0.1422708488636357,relative_object_spatial,potential_success,0.1,leave_one_task
4,128,-0.0234375,0.4247420133233054,relative_object_spatial,potential_success,0.1,leave_one_task
0,128,0.1328125,-0.8320017278001635,relative_object_spatial,direct_success,0.1,leave_one_level
1,128,0.0234375,-0.2562527525077567,relative_object_spatial,direct_success,0.1,leave_one_level
2,128,-0.0859375,0.0730578921430399,relative_object_spatial,direct_success,0.1,leave_one_level
3,128,-0.078125,0.3735474922412461,relative_object_spatial,direct_success,0.1,leave_one_level
4,128,-0.1015625,1.1098172611535877,relative_object_spatial,direct_success,0.1,leave_one_level
0,128,0.109375,-0.7867134498690816,relative_object_spatial,direct_terminal_utility,0.1,leave_one_level
1,128,0.0390625,-0.2451766166925608,relative_object_spatial,direct_terminal_utility,0.1,leave_one_level
2,128,-0.09375,0.0477020817629185,relative_object_spatial,direct_terminal_utility,0.1,leave_one_level
3,128,-0.078125,0.3579960941526557,relative_object_spatial,direct_terminal_utility,0.1,leave_one_level
4,128,-0.0859375,1.013599261548996,relative_object_spatial,direct_terminal_utility,0.1,leave_one_level
0,128,0.109375,-0.935130594909187,relative_object_spatial,direct_grounded,0.1,leave_one_level
1,128,0.046875,-0.2933350852782478,relative_object_spatial,direct_grounded,0.1,leave_one_level
2,128,-0.109375,0.053734658639989,relative_object_spatial,direct_grounded,0.1,leave_one_level
3,128,-0.046875,0.4402321093996555,relative_object_spatial,direct_grounded,0.1,leave_one_level
4,128,-0.109375,1.2320282293437614,relative_object_spatial,direct_grounded,0.1,leave_one_level
0,128,0.125,-0.3456417357227424,relative_object_spatial,potential_success,0.1,leave_one_level
1,128,-0.0234375,-0.1377324760648847,relative_object_spatial,potential_success,0.1,leave_one_level
2,128,0.0234375,-0.0034859039223415,relative_object_spatial,potential_success,0.1,leave_one_level
3,128,-0.125,0.132230970617464,relative_object_spatial,potential_success,0.1,leave_one_level
4,128,-0.109375,0.380884294853569,relative_object_spatial,potential_success,0.1,leave_one_level
0,128,0.1171875,-0.6165316704242948,relative_object_spatial,direct_success,0.1,leave_one_cell
1,128,-0.03125,-0.2328579816858136,relative_object_spatial,direct_success,0.1,leave_one_cell
2,128,-0.0625,0.0070486323738681,relative_object_spatial,direct_success,0.1,leave_one_cell
3,128,-0.0859375,0.3117103803162108,relative_object_spatial,direct_success,0.1,leave_one_cell
4,128,-0.046875,0.9765188257203916,relative_object_spatial,direct_success,0.1,leave_one_cell
0,128,0.1171875,-0.5724318951708022,relative_object_spatial,direct_terminal_utility,0.1,leave_one_cell
1,128,-0.0625,-0.1959202571024902,relative_object_spatial,direct_terminal_utility,0.1,leave_one_cell
2,128,0.0078125,0.0220817127510079,relative_object_spatial,direct_terminal_utility,0.1,leave_one_cell
3,128,-0.09375,0.3024382686280046,relative_object_spatial,direct_terminal_utility,0.1,leave_one_cell
4,128,-0.078125,0.9084710484705096,relative_object_spatial,direct_terminal_utility,0.1,leave_one_cell
0,128,0.1171875,-0.6826753941331575,relative_object_spatial,direct_grounded,0.1,leave_one_cell
1,128,-0.046875,-0.2413580624039862,relative_object_spatial,direct_grounded,0.1,leave_one_cell
2,128,0.0,0.0154359225496634,relative_object_spatial,direct_grounded,0.1,leave_one_cell
3,128,-0.1015625,0.3463513405354159,relative_object_spatial,direct_grounded,0.1,leave_one_cell
4,128,-0.078125,1.0618889493114505,relative_object_spatial,direct_grounded,0.1,leave_one_cell
0,128,0.03125,-0.2922617375406571,relative_object_spatial,potential_success,0.1,leave_one_cell
1,128,-0.015625,-0.0775043785116837,relative_object_spatial,potential_success,0.1,leave_one_cell
2,128,0.015625,0.0480669586345063,relative_object_spatial,potential_success,0.1,leave_one_cell
3,128,-0.09375,0.1819979402539438,relative_object_spatial,potential_success,0.1,leave_one_cell
4,128,-0.046875,0.4072146139487598,relative_object_spatial,potential_success,0.1,leave_one_cell
0,128,-0.0703125,-1.0077084091008186,relative_object_spatial,direct_success,1.0,leave_one_task
1,128,0.0546875,-0.4256756132625029,relative_object_spatial,direct_success,1.0,leave_one_task
2,128,-0.0078125,-0.0595359412333783,relative_object_spatial,direct_success,1.0,leave_one_task
3,128,-0.0703125,0.2571379262339441,relative_object_spatial,direct_success,1.0,leave_one_task
4,128,-0.015625,0.9037735196882476,relative_object_spatial,direct_success,1.0,leave_one_task
0,128,-0.0625,-1.004861291080063,relative_object_spatial,direct_terminal_utility,1.0,leave_one_task
1,128,0.0390625,-0.4513945443576496,relative_object_spatial,direct_terminal_utility,1.0,leave_one_task
2,128,0.015625,-0.0692320521320825,relative_object_spatial,direct_terminal_utility,1.0,leave_one_task
3,128,-0.078125,0.2373131755244518,relative_object_spatial,direct_terminal_utility,1.0,leave_one_task
4,128,-0.0234375,0.8400103353449235,relative_object_spatial,direct_terminal_utility,1.0,leave_one_task
0,128,-0.0546875,-1.2006852404457964,relative_object_spatial,direct_grounded,1.0,leave_one_task
1,128,0.015625,-0.5435581607543468,relative_object_spatial,direct_grounded,1.0,leave_one_task
2,128,0.0078125,-0.0816252844438216,relative_object_spatial,direct_grounded,1.0,leave_one_task
3,128,-0.0546875,0.2735207325182274,relative_object_spatial,direct_grounded,1.0,leave_one_task
4,128,-0.0234375,0.9669067037927956,relative_object_spatial,direct_grounded,1.0,leave_one_task
0,128,-0.0546875,-0.2573398234758748,relative_object_spatial,potential_success,1.0,leave_one_task
1,128,0.0390625,-0.1076702483019823,relative_object_spatial,potential_success,1.0,leave_one_task
2,128,0.0078125,-0.0157196066213826,relative_object_spatial,potential_success,1.0,leave_one_task
3,128,-0.03125,0.0655020188007138,relative_object_spatial,potential_success,1.0,leave_one_task
4,128,-0.0703125,0.1878807983922421,relative_object_spatial,potential_success,1.0,leave_one_task
0,128,0.1328125,-0.7541519247575035,relative_object_spatial,direct_success,1.0,leave_one_level
1,128,0.015625,-0.2395125750203299,relative_object_spatial,direct_success,1.0,leave_one_level
2,128,-0.109375,0.0533191991878268,relative_object_spatial,direct_success,1.0,leave_one_level
3,128,-0.03125,0.3401114960632773,relative_object_spatial,direct_success,1.0,leave_one_level
4,128,-0.1171875,0.9657218380223068,relative_object_spatial,direct_success,1.0,leave_one_level
0,128,0.1015625,-0.7160063109550987,relative_object_spatial,direct_terminal_utility,1.0,leave_one_level
1,128,0.0546875,-0.2283104060875069,relative_object_spatial,direct_terminal_utility,1.0,leave_one_level
2,128,-0.0625,0.0446622256099998,relative_object_spatial,direct_terminal_utility,1.0,leave_one_level
3,128,-0.1015625,0.3172599157454602,relative_object_spatial,direct_terminal_utility,1.0,leave_one_level
4,128,-0.1015625,0.8764150157121644,relative_object_spatial,direct_terminal_utility,1.0,leave_one_level
0,128,0.1015625,-0.8502184528045951,relative_object_spatial,direct_grounded,1.0,leave_one_level
1,128,0.0546875,-0.2651838091263984,relative_object_spatial,direct_grounded,1.0,leave_one_level
2,128,-0.0859375,0.0532506813167091,relative_object_spatial,direct_grounded,1.0,leave_one_level
3,128,-0.078125,0.3869585914250826,relative_object_spatial,direct_grounded,1.0,leave_one_level
4,128,-0.1015625,1.0618573467584276,relative_object_spatial,direct_grounded,1.0,leave_one_level
0,128,0.1015625,-0.1898804099084688,relative_object_spatial,potential_success,1.0,leave_one_level
1,128,0.046875,-0.0872319957284114,relative_object_spatial,potential_success,1.0,leave_one_level
2,128,-0.0625,-0.022235021812247,relative_object_spatial,potential_success,1.0,leave_one_level
3,128,-0.0703125,0.0437487207623742,relative_object_spatial,potential_success,1.0,leave_one_level
4,128,-0.125,0.1597847427677155,relative_object_spatial,potential_success,1.0,leave_one_level
0,128,0.109375,-0.553267437359255,relative_object_spatial,direct_success,1.0,leave_one_cell
1,128,-0.046875,-0.2072108204820848,relative_object_spatial,direct_success,1.0,leave_one_cell
2,128,-0.0390625,0.026742639040504,relative_object_spatial,direct_success,1.0,leave_one_cell
3,128,-0.0703125,0.3095159849581552,relative_object_spatial,direct_success,1.0,leave_one_cell
4,128,-0.0625,0.9107653055488067,relative_object_spatial,direct_success,1.0,leave_one_cell
0,128,0.1171875,-0.5163072153227805,relative_object_spatial,direct_terminal_utility,1.0,leave_one_cell
1,128,-0.0625,-0.1691587104649047,relative_object_spatial,direct_terminal_utility,1.0,leave_one_cell
2,128,0.0078125,0.0383597168505204,relative_object_spatial,direct_terminal_utility,1.0,leave_one_cell
3,128,-0.09375,0.3005371451832221,relative_object_spatial,direct_terminal_utility,1.0,leave_one_cell
4,128,-0.078125,0.8508019237600953,relative_object_spatial,direct_terminal_utility,1.0,leave_one_cell
0,128,0.109375,-0.620970806282976,relative_object_spatial,direct_grounded,1.0,leave_one_cell
1,128,-0.0546875,-0.2084809997823344,relative_object_spatial,direct_grounded,1.0,leave_one_cell
2,128,-0.0078125,0.0359455800446278,relative_object_spatial,direct_grounded,1.0,leave_one_cell
3,128,-0.078125,0.3451204011660316,relative_object_spatial,direct_grounded,1.0,leave_one_cell
4,128,-0.078125,0.9927563754246866,relative_object_spatial,direct_grounded,1.0,leave_one_cell
0,128,0.09375,-0.1674453659742349,relative_object_spatial,potential_success,1.0,leave_one_cell
1,128,0.0,-0.0573682633834965,relative_object_spatial,potential_success,1.0,leave_one_cell
2,128,-0.078125,0.0060809730759914,relative_object_spatial,potential_success,1.0,leave_one_cell
3,128,-0.0625,0.0670618924114041,relative_object_spatial,potential_success,1.0,leave_one_cell
4,128,-0.0625,0.1748075415353542,relative_object_spatial,potential_success,1.0,leave_one_cell
0,128,-0.0859375,-0.840306874793312,relative_object_spatial,direct_success,10.0,leave_one_task
1,128,0.015625,-0.3798389650011434,relative_object_spatial,direct_success,10.0,leave_one_task
2,128,-0.0078125,-0.0490003920102371,relative_object_spatial,direct_success,10.0,leave_one_task
3,128,-0.0234375,0.2349754644343233,relative_object_spatial,direct_success,10.0,leave_one_task
4,128,-0.0078125,0.6709165877252385,relative_object_spatial,direct_success,10.0,leave_one_task
0,128,-0.1171875,-0.8163153575607729,relative_object_spatial,direct_terminal_utility,10.0,leave_one_task
1,128,0.015625,-0.3907857572174512,relative_object_spatial,direct_terminal_utility,10.0,leave_one_task
2,128,0.0390625,-0.0619554816133016,relative_object_spatial,direct_terminal_utility,10.0,leave_one_task
3,128,-0.03125,0.2242782589309061,relative_object_spatial,direct_terminal_utility,10.0,leave_one_task
4,128,-0.015625,0.6314054245933873,relative_object_spatial,direct_terminal_utility,10.0,leave_one_task
0,128,-0.09375,-0.9851462476605916,relative_object_spatial,direct_grounded,10.0,leave_one_task
1,128,0.0078125,-0.4765909877654702,relative_object_spatial,direct_grounded,10.0,leave_one_task
2,128,0.015625,-0.0795456777486866,relative_object_spatial,direct_grounded,10.0,leave_one_task
3,128,-0.0234375,0.2508003770195059,relative_object_spatial,direct_grounded,10.0,leave_one_task
4,128,-0.015625,0.7226601067121216,relative_object_spatial,direct_grounded,10.0,leave_one_task
0,128,0.0390625,-0.0888386664461148,relative_object_spatial,potential_success,10.0,leave_one_task
1,128,-0.0078125,-0.0535969117909269,relative_object_spatial,potential_success,10.0,leave_one_task
2,128,0.0078125,-0.0233038507064617,relative_object_spatial,potential_success,10.0,leave_one_task
3,128,-0.0859375,0.0051412608711257,relative_object_spatial,potential_success,10.0,leave_one_task
4,128,-0.0625,0.0482645030686889,relative_object_spatial,potential_success,10.0,leave_one_task
0,128,0.0859375,-0.5912808805254379,relative_object_spatial,direct_success,10.0,leave_one_level
1,128,0.0,-0.2097750077611142,relative_object_spatial,direct_success,10.0,leave_one_level
2,128,0.0,0.0597249809133189,relative_object_spatial,direct_success,10.0,leave_one_level
3,128,-0.0859375,0.2882255880481981,relative_object_spatial,direct_success,10.0,leave_one_level
4,128,-0.109375,0.7142875351620726,relative_object_spatial,direct_success,10.0,leave_one_level
0,128,0.078125,-0.5596420538736917,relative_object_spatial,direct_terminal_utility,10.0,leave_one_level
1,128,0.03125,-0.2056883941447323,relative_object_spatial,direct_terminal_utility,10.0,leave_one_level
2,128,-0.0234375,0.0618179956933882,relative_object_spatial,direct_terminal_utility,10.0,leave_one_level
3,128,-0.109375,0.2736460996960306,relative_object_spatial,direct_terminal_utility,10.0,leave_one_level
4,128,-0.0859375,0.642371990644444,relative_object_spatial,direct_terminal_utility,10.0,leave_one_level
0,128,0.0859375,-0.6607225142976891,relative_object_spatial,direct_grounded,10.0,leave_one_level
1,128,0.0078125,-0.2448463285788854,relative_object_spatial,direct_grounded,10.0,leave_one_level
2,128,0.015625,0.069472277417985,relative_object_spatial,direct_grounded,10.0,leave_one_level
3,128,-0.1171875,0.3275920680838877,relative_object_spatial,direct_grounded,10.0,leave_one_level
4,128,-0.1015625,0.7694965881280456,relative_object_spatial,direct_grounded,10.0,leave_one_level
0,128,0.1015625,-0.0853254139871583,relative_object_spatial,potential_success,10.0,leave_one_level
1,128,0.0390625,-0.046240601550594,relative_object_spatial,potential_success,10.0,leave_one_level
2,128,0.015625,-0.0282397421179019,relative_object_spatial,potential_success,10.0,leave_one_level
3,128,-0.0234375,-0.0076871130744984,relative_object_spatial,potential_success,10.0,leave_one_level
4,128,-0.2421875,0.0288361511961656,relative_object_spatial,potential_success,10.0,leave_one_level
0,128,0.046875,-0.4353575788636796,relative_object_spatial,direct_success,10.0,leave_one_cell
1,128,-0.03125,-0.127708854839071,relative_object_spatial,direct_success,10.0,leave_one_cell
2,128,-0.0390625,0.0721745238188476,relative_object_spatial,direct_success,10.0,leave_one_cell
3,128,-0.0078125,0.292641602358295,relative_object_spatial,direct_success,10.0,leave_one_cell
4,128,-0.078125,0.6930553089917908,relative_object_spatial,direct_success,10.0,leave_one_cell
0,128,0.0625,-0.4025560219062447,relative_object_spatial,direct_terminal_utility,10.0,leave_one_cell
1,128,-0.0234375,-0.1068635704077083,relative_object_spatial,direct_terminal_utility,10.0,leave_one_cell
2,128,-0.0625,0.0777065835577779,relative_object_spatial,direct_terminal_utility,10.0,leave_one_cell
3,128,0.0,0.2791974976785124,relative_object_spatial,direct_terminal_utility,10.0,leave_one_cell
4,128,-0.0859375,0.6568771940059853,relative_object_spatial,direct_terminal_utility,10.0,leave_one_cell
0,128,0.0625,-0.4953583610865695,relative_object_spatial,direct_grounded,10.0,leave_one_cell
1,128,-0.0390625,-0.1278944407825498,relative_object_spatial,direct_grounded,10.0,leave_one_cell
2,128,-0.015625,0.0865673514295493,relative_object_spatial,direct_grounded,10.0,leave_one_cell
3,128,-0.0390625,0.31885578817806,relative_object_spatial,direct_grounded,10.0,leave_one_cell
4,128,-0.078125,0.7572754755835478,relative_object_spatial,direct_grounded,10.0,leave_one_cell
0,128,0.1875,-0.07363101088567,relative_object_spatial,potential_success,10.0,leave_one_cell
1,128,-0.0546875,-0.0335217811830163,relative_object_spatial,potential_success,10.0,leave_one_cell
2,128,-0.015625,-0.012461630460423,relative_object_spatial,potential_success,10.0,leave_one_cell
3,128,-0.09375,0.003701092090117,relative_object_spatial,potential_success,10.0,leave_one_cell
4,128,-0.1328125,0.0293751587519942,relative_object_spatial,potential_success,10.0,leave_one_cell
0,128,-0.1015625,-1.277008125202844,object_spatial_only,direct_success,0.01,leave_one_task
1,128,-0.0390625,-0.5296500673136414,object_spatial_only,direct_success,0.01,leave_one_task
2,128,-0.0703125,0.0229130523670995,object_spatial_only,direct_success,0.01,leave_one_task
3,128,0.0234375,0.3991866876830774,object_spatial_only,direct_success,0.01,leave_one_task
4,128,0.078125,0.81685503201925,object_spatial_only,direct_success,0.01,leave_one_task
0,128,-0.0859375,-1.2541586835448353,object_spatial_only,direct_terminal_utility,0.01,leave_one_task
1,128,-0.0625,-0.4893224699118967,object_spatial_only,direct_terminal_utility,0.01,leave_one_task
2,128,-0.0859375,0.0062063502115017,object_spatial_only,direct_terminal_utility,0.01,leave_one_task
3,128,0.0390625,0.3638310738840632,object_spatial_only,direct_terminal_utility,0.01,leave_one_task
4,128,0.0859375,0.744547867740432,object_spatial_only,direct_terminal_utility,0.01,leave_one_task
0,128,-0.1015625,-1.5468283274541914,object_spatial_only,direct_grounded,0.01,leave_one_task
1,128,-0.03125,-0.5983305577076701,object_spatial_only,direct_grounded,0.01,leave_one_task
2,128,-0.0625,0.001303956168936,object_spatial_only,direct_grounded,0.01,leave_one_task
3,128,0.0,0.4307235778501403,object_spatial_only,direct_grounded,0.01,leave_one_task
4,128,0.0859375,0.8901231020476879,object_spatial_only,direct_grounded,0.01,leave_one_task
0,128,-0.1171875,-0.711417529533228,object_spatial_only,potential_success,0.01,leave_one_task
1,128,-0.03125,-0.2545860452458092,object_spatial_only,potential_success,0.01,leave_one_task
2,128,0.0390625,0.0135204226438039,object_spatial_only,potential_success,0.01,leave_one_task
3,128,-0.03125,0.2405454750753451,object_spatial_only,potential_success,0.01,leave_one_task
4,128,0.03125,0.5748400223547109,object_spatial_only,potential_success,0.01,leave_one_task
0,128,0.0390625,-0.5539886506092785,object_spatial_only,direct_success,0.01,leave_one_level
1,128,0.046875,-0.2132929107996946,object_spatial_only,direct_success,0.01,leave_one_level
2,128,-0.015625,0.0019924290126607,object_spatial_only,direct_success,0.01,leave_one_level
3,128,-0.0234375,0.2050775875248466,object_spatial_only,direct_success,0.01,leave_one_level
4,128,-0.15625,0.5338178404395949,object_spatial_only,direct_success,0.01,leave_one_level
0,128,0.0078125,-0.5147784838698614,object_spatial_only,direct_terminal_utility,0.01,leave_one_level
1,128,0.0703125,-0.1815742648742006,object_spatial_only,direct_terminal_utility,0.01,leave_one_level
2,128,-0.0234375,0.0013733198167757,object_spatial_only,direct_terminal_utility,0.01,leave_one_level
3,128,-0.03125,0.2035181659051257,object_spatial_only,direct_terminal_utility,0.01,leave_one_level
4,128,-0.1328125,0.5298313897852218,object_spatial_only,direct_terminal_utility,0.01,leave_one_level
0,128,0.03125,-0.5980218941816879,object_spatial_only,direct_grounded,0.01,leave_one_level
1,128,0.0390625,-0.221050315737083,object_spatial_only,direct_grounded,0.01,leave_one_level
2,128,-0.0234375,-0.003359792244974,object_spatial_only,direct_grounded,0.01,leave_one_level
3,128,0.0,0.2208264309597263,object_spatial_only,direct_grounded,0.01,leave_one_level
4,128,-0.15625,0.5998864113079928,object_spatial_only,direct_grounded,0.01,leave_one_level
0,128,0.03125,-0.4062949022296485,object_spatial_only,potential_success,0.01,leave_one_level
1,128,0.03125,-0.1538442673969135,object_spatial_only,potential_success,0.01,leave_one_level
2,128,-0.0234375,0.0028629734161177,object_spatial_only,potential_success,0.01,leave_one_level
3,128,-0.0625,0.1400944384028463,object_spatial_only,potential_success,0.01,leave_one_level
4,128,-0.0859375,0.400733091761365,object_spatial_only,potential_success,0.01,leave_one_level
0,128,-0.0234375,-0.5004202192571132,object_spatial_only,direct_success,0.01,leave_one_cell
1,128,-0.03125,-0.1309367739127462,object_spatial_only,direct_success,0.01,leave_one_cell
2,128,-0.0546875,0.0640610270205136,object_spatial_only,direct_success,0.01,leave_one_cell
3,128,0.0234375,0.2525193154425574,object_spatial_only,direct_success,0.01,leave_one_cell
4,128,-0.0234375,0.5835382801169773,object_spatial_only,direct_success,0.01,leave_one_cell
0,128,-0.0078125,-0.4502036087429339,object_spatial_only,direct_terminal_utility,0.01,leave_one_cell
1,128,-0.09375,-0.1150623974526592,object_spatial_only,direct_terminal_utility,0.01,leave_one_cell
2,128,0.0234375,0.0554454314284183,object_spatial_only,direct_terminal_utility,0.01,leave_one_cell
3,128,-0.0078125,0.2348833368953542,object_spatial_only,direct_terminal_utility,0.01,leave_one_cell
4,128,-0.0234375,0.5533457365047229,object_spatial_only,direct_terminal_utility,0.01,leave_one_cell
0,128,-0.015625,-0.5497758915128218,object_spatial_only,direct_grounded,0.01,leave_one_cell
1,128,-0.0859375,-0.145524361219581,object_spatial_only,direct_grounded,0.01,leave_one_cell
2,128,0.0078125,0.0590643887183381,object_spatial_only,direct_grounded,0.01,leave_one_cell
3,128,0.0,0.2691696641066529,object_spatial_only,direct_grounded,0.01,leave_one_cell
4,128,-0.015625,0.6483948513928166,object_spatial_only,direct_grounded,0.01,leave_one_cell
0,128,0.0859375,-0.3550771155382075,object_spatial_only,potential_success,0.01,leave_one_cell
1,128,-0.1171875,-0.0710893634325581,object_spatial_only,potential_success,0.01,leave_one_cell
2,128,0.0234375,0.057515977124954,object_spatial_only,potential_success,0.01,leave_one_cell
3,128,-0.03125,0.215702430218391,object_spatial_only,potential_success,0.01,leave_one_cell
4,128,-0.0703125,0.5048133510538139,object_spatial_only,potential_success,0.01,leave_one_cell
0,128,-0.109375,-1.2697596765348398,object_spatial_only,direct_success,0.1,leave_one_task
1,128,-0.03125,-0.5292223293409662,object_spatial_only,direct_success,0.1,leave_one_task
2,128,-0.0703125,0.0238038179570253,object_spatial_only,direct_success,0.1,leave_one_task
3,128,0.0234375,0.398106816722816,object_spatial_only,direct_success,0.1,leave_one_task
4,128,0.078125,0.8117494682262335,object_spatial_only,direct_success,0.1,leave_one_task
0,128,-0.09375,-1.2461260793817754,object_spatial_only,direct_terminal_utility,0.1,leave_one_task
1,128,-0.0546875,-0.4885943761865715,object_spatial_only,direct_terminal_utility,0.1,leave_one_task
2,128,-0.078125,0.0072739335386933,object_spatial_only,direct_terminal_utility,0.1,leave_one_task
3,128,0.0234375,0.3630892875341665,object_spatial_only,direct_terminal_utility,0.1,leave_one_task
4,128,0.09375,0.7398111663790721,object_spatial_only,direct_terminal_utility,0.1,leave_one_task
0,128,-0.1015625,-1.5370975059214624,object_spatial_only,direct_grounded,0.1,leave_one_task
1,128,-0.03125,-0.5978033450073176,object_spatial_only,direct_grounded,0.1,leave_one_task
2,128,-0.0625,0.0024647334220766,object_spatial_only,direct_grounded,0.1,leave_one_task
3,128,0.0,0.430032462957553,object_spatial_only,direct_grounded,0.1,leave_one_task
4,128,0.0859375,0.8844365671713552,object_spatial_only,direct_grounded,0.1,leave_one_task
0,128,-0.0546875,-0.3881505940551559,object_spatial_only,potential_success,0.1,leave_one_task
1,128,-0.0703125,-0.1519689947137538,object_spatial_only,potential_success,0.1,leave_one_task
2,128,0.0546875,-0.00419856108842,object_spatial_only,potential_success,0.1,leave_one_task
3,128,-0.0234375,0.117713223672214,object_spatial_only,potential_success,0.1,leave_one_task
4,128,-0.015625,0.328501408951973,object_spatial_only,potential_success,0.1,leave_one_task
0,128,0.03125,-0.5520681569331841,object_spatial_only,direct_success,0.1,leave_one_level
1,128,0.0625,-0.2117863105006036,object_spatial_only,direct_success,0.1,leave_one_level
2,128,-0.0234375,0.0009318742489819,object_spatial_only,direct_success,0.1,leave_one_level
3,128,-0.0234375,0.2023395219464679,object_spatial_only,direct_success,0.1,leave_one_level
4,128,-0.15625,0.5239093108121686,object_spatial_only,direct_success,0.1,leave_one_level
0,128,0.0078125,-0.5131914589559777,object_spatial_only,direct_terminal_utility,0.1,leave_one_level
1,128,0.0703125,-0.1805173083453228,object_spatial_only,direct_terminal_utility,0.1,leave_one_level
2,128,-0.03125,-0.0001228117160694,object_spatial_only,direct_terminal_utility,0.1,leave_one_level
3,128,-0.0234375,0.2015275551763802,object_spatial_only,direct_terminal_utility,0.1,leave_one_level
4,128,-0.1328125,0.5196995743477311,object_spatial_only,direct_terminal_utility,0.1,leave_one_level
0,128,0.0234375,-0.596396117787838,object_spatial_only,direct_grounded,0.1,leave_one_level
1,128,0.046875,-0.2204300826907476,object_spatial_only,direct_grounded,0.1,leave_one_level
2,128,-0.0390625,-0.0045204393080952,object_spatial_only,direct_grounded,0.1,leave_one_level
3,128,0.0078125,0.2186373045045801,object_spatial_only,direct_grounded,0.1,leave_one_level
4,128,-0.1484375,0.588349194832677,object_spatial_only,direct_grounded,0.1,leave_one_level
0,128,0.0390625,-0.2943607774600952,object_spatial_only,potential_success,0.1,leave_one_level
1,128,0.0234375,-0.1377821535032147,object_spatial_only,potential_success,0.1,leave_one_level
2,128,-0.0625,-0.0249874207704295,object_spatial_only,potential_success,0.1,leave_one_level
3,128,0.03125,0.0619043721886684,object_spatial_only,potential_success,0.1,leave_one_level
4,128,-0.140625,0.2105124686348951,object_spatial_only,potential_success,0.1,leave_one_level
0,128,-0.03125,-0.4981743550703569,object_spatial_only,direct_success,0.1,leave_one_cell
1,128,-0.0234375,-0.1301395301318392,object_spatial_only,direct_success,0.1,leave_one_cell
2,128,-0.0546875,0.0641514601114504,object_spatial_only,direct_success,0.1,leave_one_cell
3,128,0.015625,0.2517484355340437,object_spatial_only,direct_success,0.1,leave_one_cell
4,128,-0.015625,0.5776258008343452,object_spatial_only,direct_success,0.1,leave_one_cell
0,128,0.0,-0.4477765373408901,object_spatial_only,direct_terminal_utility,0.1,leave_one_cell
1,128,-0.09375,-0.1146430368091993,object_spatial_only,direct_terminal_utility,0.1,leave_one_cell
2,128,0.015625,0.0557856051727874,object_spatial_only,direct_terminal_utility,0.1,leave_one_cell
3,128,-0.0078125,0.2339449538186103,object_spatial_only,direct_terminal_utility,0.1,leave_one_cell
4,128,-0.0234375,0.547975178907678,object_spatial_only,direct_terminal_utility,0.1,leave_one_cell
0,128,-0.0078125,-0.5471750101962902,object_spatial_only,direct_grounded,0.1,leave_one_cell
1,128,-0.09375,-0.1450644883543518,object_spatial_only,direct_grounded,0.1,leave_one_cell
2,128,0.0,0.0597697069730401,object_spatial_only,direct_grounded,0.1,leave_one_cell
3,128,0.0078125,0.2680352716776283,object_spatial_only,direct_grounded,0.1,leave_one_cell
4,128,-0.015625,0.6418491805096533,object_spatial_only,direct_grounded,0.1,leave_one_cell
0,128,0.03125,-0.2446807864947027,object_spatial_only,potential_success,0.1,leave_one_cell
1,128,-0.0234375,-0.0641106264073468,object_spatial_only,potential_success,0.1,leave_one_cell
2,128,0.015625,0.04216116328509,object_spatial_only,potential_success,0.1,leave_one_cell
3,128,-0.046875,0.1244817801571771,object_spatial_only,potential_success,0.1,leave_one_cell
4,128,-0.0859375,0.308431300200385,object_spatial_only,potential_success,0.1,leave_one_cell
0,128,-0.1015625,-1.2112756583067503,object_spatial_only,direct_success,1.0,leave_one_task
1,128,-0.0390625,-0.5226662932392088,object_spatial_only,direct_success,1.0,leave_one_task
2,128,-0.0625,0.0297562386910259,object_spatial_only,direct_success,1.0,leave_one_task
3,128,0.015625,0.3869942046737224,object_spatial_only,direct_success,1.0,leave_one_task
4,128,0.078125,0.7771320246476192,object_spatial_only,direct_success,1.0,leave_one_task
0,128,-0.09375,-1.1814258899317105,object_spatial_only,direct_terminal_utility,1.0,leave_one_task
1,128,-0.0546875,-0.4797143913132464,object_spatial_only,direct_terminal_utility,1.0,leave_one_task
2,128,-0.046875,0.0128675236977544,object_spatial_only,direct_terminal_utility,1.0,leave_one_task
3,128,-0.015625,0.3567195296190147,object_spatial_only,direct_terminal_utility,1.0,leave_one_task
4,128,0.1015625,0.7075547788613783,object_spatial_only,direct_terminal_utility,1.0,leave_one_task
0,128,-0.0859375,-1.4572196641136297,object_spatial_only,direct_grounded,1.0,leave_one_task
1,128,-0.0390625,-0.5901844617433798,object_spatial_only,direct_grounded,1.0,leave_one_task
2,128,-0.0703125,0.0097412032073838,object_spatial_only,direct_grounded,1.0,leave_one_task
3,128,-0.0078125,0.4212160245106142,object_spatial_only,direct_grounded,1.0,leave_one_task
4,128,0.09375,0.8453156045380468,object_spatial_only,direct_grounded,1.0,leave_one_task
0,128,0.0546875,-0.1652078048890612,object_spatial_only,potential_success,1.0,leave_one_task
1,128,-0.1015625,-0.0762054263484694,object_spatial_only,potential_success,1.0,leave_one_task
2,128,0.015625,-0.0210916050129633,object_spatial_only,potential_success,1.0,leave_one_task
3,128,0.0078125,0.0349514482810135,object_spatial_only,potential_success,1.0,leave_one_task
4,128,-0.0859375,0.1300554905646677,object_spatial_only,potential_success,1.0,leave_one_task
0,128,0.0390625,-0.5363536079659014,object_spatial_only,direct_success,1.0,leave_one_level
1,128,0.0390625,-0.2005450808742927,object_spatial_only,direct_success,1.0,leave_one_level
2,128,-0.0234375,-0.0015279535629355,object_spatial_only,direct_success,1.0,leave_one_level
3,128,-0.03125,0.1876349037246035,object_spatial_only,direct_success,1.0,leave_one_level
4,128,-0.1328125,0.4646229432186871,object_spatial_only,direct_success,1.0,leave_one_level
0,128,0.015625,-0.4980513145180987,object_spatial_only,direct_terminal_utility,1.0,leave_one_level
1,128,0.0390625,-0.1755679106234625,object_spatial_only,direct_terminal_utility,1.0,leave_one_level
2,128,-0.03125,-0.0024499558217514,object_spatial_only,direct_terminal_utility,1.0,leave_one_level
3,128,-0.0078125,0.1882284407199558,object_spatial_only,direct_terminal_utility,1.0,leave_one_level
4,128,-0.125,0.4590339423627286,object_spatial_only,direct_terminal_utility,1.0,leave_one_level
0,128,0.0234375,-0.5809446450253926,object_spatial_only,direct_grounded,1.0,leave_one_level
1,128,0.0234375,-0.213286520135556,object_spatial_only,direct_grounded,1.0,leave_one_level
2,128,-0.0234375,-0.0083210876958101,object_spatial_only,direct_grounded,1.0,leave_one_level
3,128,0.0,0.2050446701199957,object_spatial_only,direct_grounded,1.0,leave_one_level
4,128,-0.1328125,0.5197489292157409,object_spatial_only,direct_grounded,1.0,leave_one_level
0,128,0.109375,-0.1725512574736654,object_spatial_only,potential_success,1.0,leave_one_level
1,128,0.0078125,-0.0869132701566925,object_spatial_only,potential_success,1.0,leave_one_level
2,128,-0.0625,-0.0425367628309729,object_spatial_only,potential_success,1.0,leave_one_level
3,128,-0.015625,0.0028124926118465,object_spatial_only,potential_success,1.0,leave_one_level
4,128,-0.1484375,0.070912559048757,object_spatial_only,potential_success,1.0,leave_one_level
0,128,-0.0234375,-0.4795771701098869,object_spatial_only,direct_success,1.0,leave_one_cell
1,128,-0.0546875,-0.1253190993283202,object_spatial_only,direct_success,1.0,leave_one_cell
2,128,-0.03125,0.0652223904837303,object_spatial_only,direct_success,1.0,leave_one_cell
3,128,0.0078125,0.2449804746884114,object_spatial_only,direct_success,1.0,leave_one_cell
4,128,-0.0078125,0.5400507807632201,object_spatial_only,direct_success,1.0,leave_one_cell
0,128,0.0078125,-0.4292456944063857,object_spatial_only,direct_terminal_utility,1.0,leave_one_cell
1,128,-0.0859375,-0.1103631739920231,object_spatial_only,direct_terminal_utility,1.0,leave_one_cell
2,128,-0.03125,0.0574865822017901,object_spatial_only,direct_terminal_utility,1.0,leave_one_cell
3,128,0.015625,0.2274457360451048,object_spatial_only,direct_terminal_utility,1.0,leave_one_cell
4,128,-0.015625,0.5122954255070677,object_spatial_only,direct_terminal_utility,1.0,leave_one_cell
0,128,-0.015625,-0.5263470523858733,object_spatial_only,direct_grounded,1.0,leave_one_cell
1,128,-0.0703125,-0.1419841743917106,object_spatial_only,direct_grounded,1.0,leave_one_cell
2,128,-0.015625,0.0627341525056534,object_spatial_only,direct_grounded,1.0,leave_one_cell
3,128,-0.0078125,0.2613925757150291,object_spatial_only,direct_grounded,1.0,leave_one_cell
4,128,0.0,0.5993736805788212,object_spatial_only,direct_grounded,1.0,leave_one_cell
0,128,0.0703125,-0.1421988151325897,object_spatial_only,potential_success,1.0,leave_one_cell
1,128,0.0078125,-0.047851271127697,object_spatial_only,potential_success,1.0,leave_one_cell
2,128,0.03125,-0.0049614078399005,object_spatial_only,potential_success,1.0,leave_one_cell
3,128,-0.09375,0.0389019551271645,object_spatial_only,potential_success,1.0,leave_one_cell
4,128,-0.125,0.1269836770818202,object_spatial_only,potential_success,1.0,leave_one_cell
0,128,-0.1015625,-0.9692787353361996,object_spatial_only,direct_success,10.0,leave_one_task
1,128,-0.03125,-0.4576510841491598,object_spatial_only,direct_success,10.0,leave_one_task
2,128,-0.015625,0.0286367828186118,object_spatial_only,direct_success,10.0,leave_one_task
3,128,-0.03125,0.3400431867317189,object_spatial_only,direct_success,10.0,leave_one_task
4,128,0.0703125,0.6537413298259451,object_spatial_only,direct_success,10.0,leave_one_task
0,128,-0.109375,-0.9208226237594564,object_spatial_only,direct_terminal_utility,10.0,leave_one_task
1,128,-0.046875,-0.4174077279447628,object_spatial_only,direct_terminal_utility,10.0,leave_one_task
2,128,0.0078125,0.0187734076091128,object_spatial_only,direct_terminal_utility,10.0,leave_one_task
3,128,-0.0390625,0.3165730186812592,object_spatial_only,direct_terminal_utility,10.0,leave_one_task
4,128,0.078125,0.596935297001533,object_spatial_only,direct_terminal_utility,10.0,leave_one_task
0,128,-0.109375,-1.1392944881159084,object_spatial_only,direct_grounded,10.0,leave_one_task
1,128,-0.03125,-0.5197682790747148,object_spatial_only,direct_grounded,10.0,leave_one_task
2,128,-0.0078125,0.0160568922612621,object_spatial_only,direct_grounded,10.0,leave_one_task
3,128,-0.0625,0.3674057607863579,object_spatial_only,direct_grounded,10.0,leave_one_task
4,128,0.1015625,0.7072524411753834,object_spatial_only,direct_grounded,10.0,leave_one_task
0,128,0.125,-0.0631381833155151,object_spatial_only,potential_success,10.0,leave_one_task
1,128,-0.0390625,-0.0403170950564108,object_spatial_only,potential_success,10.0,leave_one_task
2,128,0.015625,-0.0253951000515708,object_spatial_only,potential_success,10.0,leave_one_task
3,128,-0.0859375,-0.0042063727861616,object_spatial_only,potential_success,10.0,leave_one_task
4,128,-0.125,0.0236639590726014,object_spatial_only,potential_success,10.0,leave_one_task
0,128,0.0,-0.451218700820327,object_spatial_only,direct_success,10.0,leave_one_level
1,128,0.03125,-0.1868087925253196,object_spatial_only,direct_success,10.0,leave_one_level
2,128,0.0,0.0105864643520553,object_spatial_only,direct_success,10.0,leave_one_level
3,128,-0.0859375,0.161825640757515,object_spatial_only,direct_success,10.0,leave_one_level
4,128,-0.0546875,0.3659811683229114,object_spatial_only,direct_success,10.0,leave_one_level
0,128,0.03125,-0.4154459271027936,object_spatial_only,direct_terminal_utility,10.0,leave_one_level
1,128,0.0,-0.1671255065555141,object_spatial_only,direct_terminal_utility,10.0,leave_one_level
2,128,0.0,0.0085359690102879,object_spatial_only,direct_terminal_utility,10.0,leave_one_level
3,128,-0.0625,0.1551327765249743,object_spatial_only,direct_terminal_utility,10.0,leave_one_level
4,128,-0.078125,0.3547332473705336,object_spatial_only,direct_terminal_utility,10.0,leave_one_level
0,128,0.015625,-0.4940397018459082,object_spatial_only,direct_grounded,10.0,leave_one_level
1,128,0.0,-0.2001351819381072,object_spatial_only,direct_grounded,10.0,leave_one_level
2,128,0.0078125,0.0034398989775861,object_spatial_only,direct_grounded,10.0,leave_one_level
3,128,-0.0546875,0.1717958171310559,object_spatial_only,direct_grounded,10.0,leave_one_level
4,128,-0.078125,0.4080412224598453,object_spatial_only,direct_grounded,10.0,leave_one_level
0,128,0.078125,-0.0801005877158345,object_spatial_only,potential_success,10.0,leave_one_level
1,128,0.03125,-0.0491846821404802,object_spatial_only,potential_success,10.0,leave_one_level
2,128,0.0546875,-0.0364846460897266,object_spatial_only,potential_success,10.0,leave_one_level
3,128,-0.015625,-0.0245151074327705,object_spatial_only,potential_success,10.0,leave_one_level
4,128,-0.2578125,0.0098978952999323,object_spatial_only,potential_success,10.0,leave_one_level
0,128,-0.03125,-0.4055951349888899,object_spatial_only,direct_success,10.0,leave_one_cell
1,128,0.0,-0.1143793655544704,object_spatial_only,direct_success,10.0,leave_one_cell
2,128,-0.0390625,0.0650179460693544,object_spatial_only,direct_success,10.0,leave_one_cell
3,128,0.0,0.2225327785621837,object_spatial_only,direct_success,10.0,leave_one_cell
4,128,-0.0390625,0.4575281999574887,object_spatial_only,direct_success,10.0,leave_one_cell
0,128,-0.0078125,-0.3584645005284969,object_spatial_only,direct_terminal_utility,10.0,leave_one_cell
1,128,-0.0546875,-0.1017548180346565,object_spatial_only,direct_terminal_utility,10.0,leave_one_cell
2,128,0.0,0.0612160371764372,object_spatial_only,direct_terminal_utility,10.0,leave_one_cell
3,128,-0.03125,0.2043729593526776,object_spatial_only,direct_terminal_utility,10.0,leave_one_cell
4,128,-0.015625,0.4292492058971676,object_spatial_only,direct_terminal_utility,10.0,leave_one_cell
0,128,0.0078125,-0.4494669491652415,object_spatial_only,direct_grounded,10.0,leave_one_cell
1,128,-0.0546875,-0.1315673156672538,object_spatial_only,direct_grounded,10.0,leave_one_cell
2,128,-0.03125,0.0650951996241879,object_spatial_only,direct_grounded,10.0,leave_one_cell
3,128,-0.0234375,0.241128971269151,object_spatial_only,direct_grounded,10.0,leave_one_cell
4,128,-0.0078125,0.5008153010317712,object_spatial_only,direct_grounded,10.0,leave_one_cell
0,128,0.1328125,-0.0604525383745873,object_spatial_only,potential_success,10.0,leave_one_cell
1,128,0.109375,-0.0339654613977277,object_spatial_only,potential_success,10.0,leave_one_cell
2,128,-0.0078125,-0.0188210784740072,object_spatial_only,potential_success,10.0,leave_one_cell
3,128,-0.1015625,-0.0036148919104334,object_spatial_only,potential_success,10.0,leave_one_cell
4,128,-0.2421875,0.0174491892388028,object_spatial_only,potential_success,10.0,leave_one_cell
0,128,0.0390625,-0.8881755127192305,relative_object_spatial_context_diagnostic,direct_success,0.01,leave_one_task
1,128,-0.109375,-0.4176678893023056,relative_object_spatial_context_diagnostic,direct_success,0.01,leave_one_task
2,128,0.0,-0.138026127255219,relative_object_spatial_context_diagnostic,direct_success,0.01,leave_one_task
3,128,-0.0078125,0.187155030940504,relative_object_spatial_context_diagnostic,direct_success,0.01,leave_one_task
4,128,-0.03125,0.8779246008039235,relative_object_spatial_context_diagnostic,direct_success,0.01,leave_one_task
0,128,-0.0234375,-0.9034947118635356,relative_object_spatial_context_diagnostic,direct_terminal_utility,0.01,leave_one_task
1,128,-0.0234375,-0.4442596448827112,relative_object_spatial_context_diagnostic,direct_terminal_utility,0.01,leave_one_task
2,128,-0.0703125,-0.1503358427930353,relative_object_spatial_context_diagnostic,direct_terminal_utility,0.01,leave_one_task
3,128,0.046875,0.1747832790414776,relative_object_spatial_context_diagnostic,direct_terminal_utility,0.01,leave_one_task
4,128,-0.0390625,0.8289013428163458,relative_object_spatial_context_diagnostic,direct_terminal_utility,0.01,leave_one_task
0,128,-0.0234375,-1.0560282591953023,relative_object_spatial_context_diagnostic,direct_grounded,0.01,leave_one_task
1,128,-0.03125,-0.5278063925579998,relative_object_spatial_context_diagnostic,direct_grounded,0.01,leave_one_task
2,128,-0.0390625,-0.1970314259265637,relative_object_spatial_context_diagnostic,direct_grounded,0.01,leave_one_task
3,128,0.0234375,0.1795722775769681,relative_object_spatial_context_diagnostic,direct_grounded,0.01,leave_one_task
4,128,-0.0390625,0.949252637489318,relative_object_spatial_context_diagnostic,direct_grounded,0.01,leave_one_task
0,128,-0.109375,-0.7256108466051864,relative_object_spatial_context_diagnostic,potential_success,0.01,leave_one_task
1,128,-0.015625,-0.1727569899939617,relative_object_spatial_context_diagnostic,potential_success,0.01,leave_one_task
2,128,0.0390625,0.0093299237156472,relative_object_spatial_context_diagnostic,potential_success,0.01,leave_one_task
3,128,-0.046875,0.1940502310281689,relative_object_spatial_context_diagnostic,potential_success,0.01,leave_one_task
4,128,0.0234375,0.5898396472839709,relative_object_spatial_context_diagnostic,potential_success,0.01,leave_one_task
0,128,0.078125,-0.7585495213626474,relative_object_spatial_context_diagnostic,direct_success,0.01,leave_one_level
1,128,0.0,-0.18951998377911,relative_object_spatial_context_diagnostic,direct_success,0.01,leave_one_level
2,128,-0.0546875,0.1062135022192022,relative_object_spatial_context_diagnostic,direct_success,0.01,leave_one_level
3,128,-0.0390625,0.4210096353173111,relative_object_spatial_context_diagnostic,direct_success,0.01,leave_one_level
4,128,-0.09375,1.151496744042414,relative_object_spatial_context_diagnostic,direct_success,0.01,leave_one_level
0,128,0.0625,-0.704972584891709,relative_object_spatial_context_diagnostic,direct_terminal_utility,0.01,leave_one_level
1,128,0.0078125,-0.1758909660460152,relative_object_spatial_context_diagnostic,direct_terminal_utility,0.01,leave_one_level
2,128,-0.0625,0.09389871228315,relative_object_spatial_context_diagnostic,direct_terminal_utility,0.01,leave_one_level
3,128,-0.0234375,0.3887880846546978,relative_object_spatial_context_diagnostic,direct_terminal_utility,0.01,leave_one_level
4,128,-0.09375,1.0471278746801465,relative_object_spatial_context_diagnostic,direct_terminal_utility,0.01,leave_one_level
0,128,0.0625,-0.8619494223936206,relative_object_spatial_context_diagnostic,direct_grounded,0.01,leave_one_level
1,128,0.015625,-0.2346386739987534,relative_object_spatial_context_diagnostic,direct_grounded,0.01,leave_one_level
2,128,-0.0390625,0.0853023453943956,relative_object_spatial_context_diagnostic,direct_grounded,0.01,leave_one_level
3,128,-0.078125,0.4496944696911465,relative_object_spatial_context_diagnostic,direct_grounded,0.01,leave_one_level
4,128,-0.0703125,1.258907821503551,relative_object_spatial_context_diagnostic,direct_grounded,0.01,leave_one_level
0,128,0.0859375,-0.4709204497074495,relative_object_spatial_context_diagnostic,potential_success,0.01,leave_one_level
1,128,-0.046875,-0.1261138181072548,relative_object_spatial_context_diagnostic,potential_success,0.01,leave_one_level
2,128,-0.0234375,0.0019937609290185,relative_object_spatial_context_diagnostic,potential_success,0.01,leave_one_level
3,128,-0.0546875,0.1797373920166458,relative_object_spatial_context_diagnostic,potential_success,0.01,leave_one_level
4,128,-0.0703125,0.6250815502904193,relative_object_spatial_context_diagnostic,potential_success,0.01,leave_one_level
0,128,0.046875,-0.7393548822642808,relative_object_spatial_context_diagnostic,direct_success,0.01,leave_one_cell
1,128,-0.03125,-0.3020065500893056,relative_object_spatial_context_diagnostic,direct_success,0.01,leave_one_cell
2,128,-0.0859375,-0.0303102296130963,relative_object_spatial_context_diagnostic,direct_success,0.01,leave_one_cell
3,128,-0.03125,0.2556679412668446,relative_object_spatial_context_diagnostic,direct_success,0.01,leave_one_cell
4,128,-0.0078125,0.9248943761111568,relative_object_spatial_context_diagnostic,direct_success,0.01,leave_one_cell
0,128,0.0234375,-0.6858888683168047,relative_object_spatial_context_diagnostic,direct_terminal_utility,0.01,leave_one_cell
1,128,-0.0078125,-0.2836385907646661,relative_object_spatial_context_diagnostic,direct_terminal_utility,0.01,leave_one_cell
2,128,-0.078125,-0.0127154613212293,relative_object_spatial_context_diagnostic,direct_terminal_utility,0.01,leave_one_cell
3,128,-0.015625,0.2600952572511369,relative_object_spatial_context_diagnostic,direct_terminal_utility,0.01,leave_one_cell
4,128,-0.03125,0.8672452095476437,relative_object_spatial_context_diagnostic,direct_terminal_utility,0.01,leave_one_cell
0,128,0.015625,-0.807190918946463,relative_object_spatial_context_diagnostic,direct_grounded,0.01,leave_one_cell
1,128,0.015625,-0.3443162755138208,relative_object_spatial_context_diagnostic,direct_grounded,0.01,leave_one_cell
2,128,-0.09375,-0.0321617843778324,relative_object_spatial_context_diagnostic,direct_grounded,0.01,leave_one_cell
3,128,-0.0234375,0.2758285709562603,relative_object_spatial_context_diagnostic,direct_grounded,0.01,leave_one_cell
4,128,-0.0234375,1.0080806031427971,relative_object_spatial_context_diagnostic,direct_grounded,0.01,leave_one_cell
0,128,0.0234375,-0.4401433072613588,relative_object_spatial_context_diagnostic,potential_success,0.01,leave_one_cell
1,128,-0.0625,-0.0708057616642136,relative_object_spatial_context_diagnostic,potential_success,0.01,leave_one_cell
2,128,-0.109375,0.0473995551927941,relative_object_spatial_context_diagnostic,potential_success,0.01,leave_one_cell
3,128,0.0390625,0.2336005927441275,relative_object_spatial_context_diagnostic,potential_success,0.01,leave_one_cell
4,128,0.0,0.6378194156401907,relative_object_spatial_context_diagnostic,potential_success,0.01,leave_one_cell
0,128,0.03125,-0.8673866885394055,relative_object_spatial_context_diagnostic,direct_success,0.1,leave_one_task
1,128,-0.09375,-0.4150688071037634,relative_object_spatial_context_diagnostic,direct_success,0.1,leave_one_task
2,128,0.0078125,-0.1377767186831133,relative_object_spatial_context_diagnostic,direct_success,0.1,leave_one_task
3,128,-0.0390625,0.1820915938984844,relative_object_spatial_context_diagnostic,direct_success,0.1,leave_one_task
4,128,-0.015625,0.9015757688488498,relative_object_spatial_context_diagnostic,direct_success,0.1,leave_one_task
0,128,0.015625,-0.8802128215862184,relative_object_spatial_context_diagnostic,direct_terminal_utility,0.1,leave_one_task
1,128,-0.0859375,-0.443427734132816,relative_object_spatial_context_diagnostic,direct_terminal_utility,0.1,leave_one_task
2,128,-0.015625,-0.1517681622342067,relative_object_spatial_context_diagnostic,direct_terminal_utility,0.1,leave_one_task
3,128,0.0,0.1701165156722147,relative_object_spatial_context_diagnostic,direct_terminal_utility,0.1,leave_one_task
4,128,-0.0234375,0.8557961782522713,relative_object_spatial_context_diagnostic,direct_terminal_utility,0.1,leave_one_task
0,128,-0.0234375,-1.0299866817668448,relative_object_spatial_context_diagnostic,direct_grounded,0.1,leave_one_task
1,128,-0.046875,-0.5298624357758095,relative_object_spatial_context_diagnostic,direct_grounded,0.1,leave_one_task
2,128,0.0078125,-0.1941905450867298,relative_object_spatial_context_diagnostic,direct_grounded,0.1,leave_one_task
3,128,-0.0234375,0.1790872541263723,relative_object_spatial_context_diagnostic,direct_grounded,0.1,leave_one_task
4,128,-0.0234375,0.974847531261248,relative_object_spatial_context_diagnostic,direct_grounded,0.1,leave_one_task
0,128,-0.109375,-0.5426432919388593,relative_object_spatial_context_diagnostic,potential_success,0.1,leave_one_task
1,128,0.0234375,-0.1689091278147482,relative_object_spatial_context_diagnostic,potential_success,0.1,leave_one_task
2,128,0.046875,0.0044781006402938,relative_object_spatial_context_diagnostic,potential_success,0.1,leave_one_task
3,128,-0.0625,0.1541763365849525,relative_object_spatial_context_diagnostic,potential_success,0.1,leave_one_task
4,128,-0.0078125,0.4173947243451605,relative_object_spatial_context_diagnostic,potential_success,0.1,leave_one_task
0,128,0.09375,-0.7288541798686105,relative_object_spatial_context_diagnostic,direct_success,0.1,leave_one_level
1,128,0.015625,-0.1769203371809784,relative_object_spatial_context_diagnostic,direct_success,0.1,leave_one_level
2,128,-0.0390625,0.1095068425985244,relative_object_spatial_context_diagnostic,direct_success,0.1,leave_one_level
3,128,-0.1015625,0.4143392032974911,relative_object_spatial_context_diagnostic,direct_success,0.1,leave_one_level
4,128,-0.078125,1.12602169906239,relative_object_spatial_context_diagnostic,direct_success,0.1,leave_one_level
0,128,0.0703125,-0.6792404591365975,relative_object_spatial_context_diagnostic,direct_terminal_utility,0.1,leave_one_level
1,128,0.03125,-0.1638338263788896,relative_object_spatial_context_diagnostic,direct_terminal_utility,0.1,leave_one_level
2,128,-0.046875,0.0969805847808096,relative_object_spatial_context_diagnostic,direct_terminal_utility,0.1,leave_one_level
3,128,-0.0625,0.3874223499416491,relative_object_spatial_context_diagnostic,direct_terminal_utility,0.1,leave_one_level
4,128,-0.1015625,1.0222444114481235,relative_object_spatial_context_diagnostic,direct_terminal_utility,0.1,leave_one_level
0,128,0.09375,-0.8324545833702912,relative_object_spatial_context_diagnostic,direct_grounded,0.1,leave_one_level
1,128,0.015625,-0.2183186368869806,relative_object_spatial_context_diagnostic,direct_grounded,0.1,leave_one_level
2,128,-0.0625,0.0923993697970082,relative_object_spatial_context_diagnostic,direct_grounded,0.1,leave_one_level
3,128,-0.0546875,0.4428245478076829,relative_object_spatial_context_diagnostic,direct_grounded,0.1,leave_one_level
4,128,-0.1015625,1.2278981527164052,relative_object_spatial_context_diagnostic,direct_grounded,0.1,leave_one_level
0,128,0.1484375,-0.3229120855964056,relative_object_spatial_context_diagnostic,potential_success,0.1,leave_one_level
1,128,-0.03125,-0.1257952652916647,relative_object_spatial_context_diagnostic,potential_success,0.1,leave_one_level
2,128,-0.0078125,-0.0009981359007267,relative_object_spatial_context_diagnostic,potential_success,0.1,leave_one_level
3,128,-0.125,0.1381500115570157,relative_object_spatial_context_diagnostic,potential_success,0.1,leave_one_level
4,128,-0.09375,0.3907576287155363,relative_object_spatial_context_diagnostic,potential_success,0.1,leave_one_level
0,128,0.046875,-0.6941255450899366,relative_object_spatial_context_diagnostic,direct_success,0.1,leave_one_cell
1,128,-0.0390625,-0.292647768128561,relative_object_spatial_context_diagnostic,direct_success,0.1,leave_one_cell
2,128,-0.0703125,-0.0296013217752632,relative_object_spatial_context_diagnostic,direct_success,0.1,leave_one_cell
3,128,-0.0546875,0.243147585329407,relative_object_spatial_context_diagnostic,direct_success,0.1,leave_one_cell
4,128,0.0078125,0.9307897936189208,relative_object_spatial_context_diagnostic,direct_success,0.1,leave_one_cell
0,128,0.0703125,-0.650797292372615,relative_object_spatial_context_diagnostic,direct_terminal_utility,0.1,leave_one_cell
1,128,-0.03125,-0.2678212560792459,relative_object_spatial_context_diagnostic,direct_terminal_utility,0.1,leave_one_cell
2,128,-0.0859375,-0.0158328571536201,relative_object_spatial_context_diagnostic,direct_terminal_utility,0.1,leave_one_cell
3,128,-0.0390625,0.2477445050586558,relative_object_spatial_context_diagnostic,direct_terminal_utility,0.1,leave_one_cell
4,128,-0.0234375,0.883293329011613,relative_object_spatial_context_diagnostic,direct_terminal_utility,0.1,leave_one_cell
0,128,0.0546875,-0.7696404431134647,relative_object_spatial_context_diagnostic,direct_grounded,0.1,leave_one_cell
1,128,-0.0234375,-0.3254085661673156,relative_object_spatial_context_diagnostic,direct_grounded,0.1,leave_one_cell
2,128,-0.0859375,-0.0400084375906744,relative_object_spatial_context_diagnostic,direct_grounded,0.1,leave_one_cell
3,128,-0.0390625,0.2685573954856015,relative_object_spatial_context_diagnostic,direct_grounded,0.1,leave_one_cell
4,128,-0.015625,1.0225391135462,relative_object_spatial_context_diagnostic,direct_grounded,0.1,leave_one_cell
0,128,0.0390625,-0.3008912291265919,relative_object_spatial_context_diagnostic,potential_success,0.1,leave_one_cell
1,128,-0.015625,-0.0766381032622329,relative_object_spatial_context_diagnostic,potential_success,0.1,leave_one_cell
2,128,-0.0546875,0.0471922096851857,relative_object_spatial_context_diagnostic,potential_success,0.1,leave_one_cell
3,128,-0.046875,0.1864969602076995,relative_object_spatial_context_diagnostic,potential_success,0.1,leave_one_cell
4,128,-0.03125,0.4030270004262372,relative_object_spatial_context_diagnostic,potential_success,0.1,leave_one_cell
0,128,-0.015625,-0.8249747004429466,relative_object_spatial_context_diagnostic,direct_success,1.0,leave_one_task
1,128,-0.0546875,-0.3778275064669301,relative_object_spatial_context_diagnostic,direct_success,1.0,leave_one_task
2,128,0.015625,-0.1172999606494324,relative_object_spatial_context_diagnostic,direct_success,1.0,leave_one_task
3,128,-0.0546875,0.1758994105583263,relative_object_spatial_context_diagnostic,direct_success,1.0,leave_one_task
4,128,0.0,0.8412494689318973,relative_object_spatial_context_diagnostic,direct_success,1.0,leave_one_task
0,128,-0.0390625,-0.8277226853315782,relative_object_spatial_context_diagnostic,direct_terminal_utility,1.0,leave_one_task
1,128,-0.0390625,-0.4023615432984778,relative_object_spatial_context_diagnostic,direct_terminal_utility,1.0,leave_one_task
2,128,-0.0078125,-0.13328457921009,relative_object_spatial_context_diagnostic,direct_terminal_utility,1.0,leave_one_task
3,128,-0.0234375,0.1651459500513978,relative_object_spatial_context_diagnostic,direct_terminal_utility,1.0,leave_one_task
4,128,0.0,0.8010228949585086,relative_object_spatial_context_diagnostic,direct_terminal_utility,1.0,leave_one_task
0,128,-0.0390625,-0.9781533532086302,relative_object_spatial_context_diagnostic,direct_grounded,1.0,leave_one_task
1,128,-0.0390625,-0.4821498655144391,relative_object_spatial_context_diagnostic,direct_grounded,1.0,leave_one_task
2,128,0.015625,-0.1675472965584667,relative_object_spatial_context_diagnostic,direct_grounded,1.0,leave_one_task
3,128,-0.0390625,0.1749817826613975,relative_object_spatial_context_diagnostic,direct_grounded,1.0,leave_one_task
4,128,-0.0078125,0.9154701991208904,relative_object_spatial_context_diagnostic,direct_grounded,1.0,leave_one_task
0,128,-0.0546875,-0.258487483517226,relative_object_spatial_context_diagnostic,potential_success,1.0,leave_one_task
1,128,0.0234375,-0.1030789698747519,relative_object_spatial_context_diagnostic,potential_success,1.0,leave_one_task
2,128,0.015625,-0.0097108143340379,relative_object_spatial_context_diagnostic,potential_success,1.0,leave_one_task
3,128,-0.03125,0.0724298056654628,relative_object_spatial_context_diagnostic,potential_success,1.0,leave_one_task
4,128,-0.0625,0.1851382503208101,relative_object_spatial_context_diagnostic,potential_success,1.0,leave_one_task
0,128,0.1328125,-0.6472839620122504,relative_object_spatial_context_diagnostic,direct_success,1.0,leave_one_level
1,128,0.0,-0.1728778303102321,relative_object_spatial_context_diagnostic,direct_success,1.0,leave_one_level
2,128,-0.0703125,0.0812383213328973,relative_object_spatial_context_diagnostic,direct_success,1.0,leave_one_level
3,128,-0.078125,0.3704008839431001,relative_object_spatial_context_diagnostic,direct_success,1.0,leave_one_level
4,128,-0.09375,0.9836551096605208,relative_object_spatial_context_diagnostic,direct_success,1.0,leave_one_level
0,128,0.109375,-0.6037608183553755,relative_object_spatial_context_diagnostic,direct_terminal_utility,1.0,leave_one_level
1,128,0.015625,-0.1589911112043892,relative_object_spatial_context_diagnostic,direct_terminal_utility,1.0,leave_one_level
2,128,-0.0625,0.0843337212729331,relative_object_spatial_context_diagnostic,direct_terminal_utility,1.0,leave_one_level
3,128,-0.0390625,0.3473393423877926,relative_object_spatial_context_diagnostic,direct_terminal_utility,1.0,leave_one_level
4,128,-0.1328125,0.8773198513938929,relative_object_spatial_context_diagnostic,direct_terminal_utility,1.0,leave_one_level
0,128,0.1015625,-0.7380816022304425,relative_object_spatial_context_diagnostic,direct_grounded,1.0,leave_one_level
1,128,0.015625,-0.2065053574954435,relative_object_spatial_context_diagnostic,direct_grounded,1.0,leave_one_level
2,128,-0.0546875,0.0829250609729607,relative_object_spatial_context_diagnostic,direct_grounded,1.0,leave_one_level
3,128,-0.0546875,0.3932481084694983,relative_object_spatial_context_diagnostic,direct_grounded,1.0,leave_one_level
4,128,-0.1171875,1.0415087611980196,relative_object_spatial_context_diagnostic,direct_grounded,1.0,leave_one_level
0,128,0.1171875,-0.1853713541635597,relative_object_spatial_context_diagnostic,potential_success,1.0,leave_one_level
1,128,0.0234375,-0.0794202386532293,relative_object_spatial_context_diagnostic,potential_success,1.0,leave_one_level
2,128,-0.0234375,-0.0146392930653352,relative_object_spatial_context_diagnostic,potential_success,1.0,leave_one_level
3,128,-0.0859375,0.047065325116842,relative_object_spatial_context_diagnostic,potential_success,1.0,leave_one_level
4,128,-0.140625,0.1667096649371961,relative_object_spatial_context_diagnostic,potential_success,1.0,leave_one_level
0,128,0.1015625,-0.6223148669439834,relative_object_spatial_context_diagnostic,direct_success,1.0,leave_one_cell
1,128,-0.1015625,-0.2552950726740846,relative_object_spatial_context_diagnostic,direct_success,1.0,leave_one_cell
2,128,-0.078125,-0.0185225838445234,relative_object_spatial_context_diagnostic,direct_success,1.0,leave_one_cell
3,128,-0.0390625,0.2356354141583333,relative_object_spatial_context_diagnostic,direct_success,1.0,leave_one_cell
4,128,0.0078125,0.8871953522205918,relative_object_spatial_context_diagnostic,direct_success,1.0,leave_one_cell
0,128,0.0703125,-0.586644058376379,relative_object_spatial_context_diagnostic,direct_terminal_utility,1.0,leave_one_cell
1,128,-0.078125,-0.2239183407411078,relative_object_spatial_context_diagnostic,direct_terminal_utility,1.0,leave_one_cell
2,128,-0.0234375,-0.010658888391656,relative_object_spatial_context_diagnostic,direct_terminal_utility,1.0,leave_one_cell
3,128,-0.0859375,0.2366092611411107,relative_object_spatial_context_diagnostic,direct_terminal_utility,1.0,leave_one_cell
4,128,0.0078125,0.8463102218259468,relative_object_spatial_context_diagnostic,direct_terminal_utility,1.0,leave_one_cell
0,128,0.0859375,-0.697197019936822,relative_object_spatial_context_diagnostic,direct_grounded,1.0,leave_one_cell
1,128,-0.09375,-0.2785724840991601,relative_object_spatial_context_diagnostic,direct_grounded,1.0,leave_one_cell
2,128,-0.015625,-0.0313555257566691,relative_object_spatial_context_diagnostic,direct_grounded,1.0,leave_one_cell
3,128,-0.09375,0.2572514088128462,relative_object_spatial_context_diagnostic,direct_grounded,1.0,leave_one_cell
4,128,0.0078125,0.9777792362451702,relative_object_spatial_context_diagnostic,direct_grounded,1.0,leave_one_cell
0,128,0.1015625,-0.166251369909741,relative_object_spatial_context_diagnostic,potential_success,1.0,leave_one_cell
1,128,0.0,-0.0572694539140393,relative_object_spatial_context_diagnostic,potential_success,1.0,leave_one_cell
2,128,-0.109375,0.0091217107244905,relative_object_spatial_context_diagnostic,potential_success,1.0,leave_one_cell
3,128,-0.046875,0.0726842056783207,relative_object_spatial_context_diagnostic,potential_success,1.0,leave_one_cell
4,128,-0.0546875,0.1745357485262266,relative_object_spatial_context_diagnostic,potential_success,1.0,leave_one_cell
0,128,-0.09375,-0.739195169957176,relative_object_spatial_context_diagnostic,direct_success,10.0,leave_one_task
1,128,0.0,-0.3227227291567287,relative_object_spatial_context_diagnostic,direct_success,10.0,leave_one_task
2,128,-0.015625,-0.0316717010890966,relative_object_spatial_context_diagnostic,direct_success,10.0,leave_one_task
3,128,-0.0390625,0.2101038887052981,relative_object_spatial_context_diagnostic,direct_success,10.0,leave_one_task
4,128,0.0390625,0.6603912061345747,relative_object_spatial_context_diagnostic,direct_success,10.0,leave_one_task
0,128,-0.1171875,-0.7169825086804539,relative_object_spatial_context_diagnostic,direct_terminal_utility,10.0,leave_one_task
1,128,0.015625,-0.3308845261300419,relative_object_spatial_context_diagnostic,direct_terminal_utility,10.0,leave_one_task
2,128,0.046875,-0.0455046970065745,relative_object_spatial_context_diagnostic,direct_terminal_utility,10.0,leave_one_task
3,128,-0.0546875,0.2073965601658476,relative_object_spatial_context_diagnostic,direct_terminal_utility,10.0,leave_one_task
4,128,0.0,0.6246420299561356,relative_object_spatial_context_diagnostic,direct_terminal_utility,10.0,leave_one_task
0,128,-0.1171875,-0.8599759320014018,relative_object_spatial_context_diagnostic,direct_grounded,10.0,leave_one_task
1,128,-0.0078125,-0.3950475168155809,relative_object_spatial_context_diagnostic,direct_grounded,10.0,leave_one_task
2,128,0.0703125,-0.062587714793671,relative_object_spatial_context_diagnostic,direct_grounded,10.0,leave_one_task
3,128,-0.0546875,0.224751503616045,relative_object_spatial_context_diagnostic,direct_grounded,10.0,leave_one_task
4,128,0.0,0.7098848571718994,relative_object_spatial_context_diagnostic,direct_grounded,10.0,leave_one_task
0,128,0.0234375,-0.0895543480676825,relative_object_spatial_context_diagnostic,potential_success,10.0,leave_one_task
1,128,0.0234375,-0.0522440504029199,relative_object_spatial_context_diagnostic,potential_success,10.0,leave_one_task
2,128,-0.0234375,-0.0218653113801032,relative_object_spatial_context_diagnostic,potential_success,10.0,leave_one_task
3,128,-0.078125,0.0059155405209563,relative_object_spatial_context_diagnostic,potential_success,10.0,leave_one_task
4,128,-0.0546875,0.0479263792063328,relative_object_spatial_context_diagnostic,potential_success,10.0,leave_one_task
0,128,0.09375,-0.5042289625716785,relative_object_spatial_context_diagnostic,direct_success,10.0,leave_one_level
1,128,0.015625,-0.1660744331924303,relative_object_spatial_context_diagnostic,direct_success,10.0,leave_one_level
2,128,-0.0546875,0.0519375478687328,relative_object_spatial_context_diagnostic,direct_success,10.0,leave_one_level
3,128,-0.0390625,0.2828567303436049,relative_object_spatial_context_diagnostic,direct_success,10.0,leave_one_level
4,128,-0.125,0.7005954985008838,relative_object_spatial_context_diagnostic,direct_success,10.0,leave_one_level
0,128,0.0546875,-0.4748567581239702,relative_object_spatial_context_diagnostic,direct_terminal_utility,10.0,leave_one_level
1,128,0.0703125,-0.1530778987677993,relative_object_spatial_context_diagnostic,direct_terminal_utility,10.0,leave_one_level
2,128,-0.0546875,0.0637034620818609,relative_object_spatial_context_diagnostic,direct_terminal_utility,10.0,leave_one_level
3,128,-0.0703125,0.2662411911477413,relative_object_spatial_context_diagnostic,direct_terminal_utility,10.0,leave_one_level
4,128,-0.109375,0.6165994708567863,relative_object_spatial_context_diagnostic,direct_terminal_utility,10.0,leave_one_level
0,128,0.078125,-0.57356294405728,relative_object_spatial_context_diagnostic,direct_grounded,10.0,leave_one_level
1,128,0.046875,-0.19018599610574,relative_object_spatial_context_diagnostic,direct_grounded,10.0,leave_one_level
2,128,-0.0390625,0.0595025220932532,relative_object_spatial_context_diagnostic,direct_grounded,10.0,leave_one_level
3,128,-0.09375,0.3008775810117334,relative_object_spatial_context_diagnostic,direct_grounded,10.0,leave_one_level
4,128,-0.1015625,0.7219443779235629,relative_object_spatial_context_diagnostic,direct_grounded,10.0,leave_one_level
0,128,0.1015625,-0.0835962047280823,relative_object_spatial_context_diagnostic,potential_success,10.0,leave_one_level
1,128,0.0390625,-0.0446102244655308,relative_object_spatial_context_diagnostic,potential_success,10.0,leave_one_level
2,128,0.015625,-0.0261704768705983,relative_object_spatial_context_diagnostic,potential_success,10.0,leave_one_level
3,128,-0.03125,-0.005759177228037,relative_object_spatial_context_diagnostic,potential_success,10.0,leave_one_level
4,128,-0.234375,0.0310607820655715,relative_object_spatial_context_diagnostic,potential_success,10.0,leave_one_level
0,128,0.046875,-0.4889417670132918,relative_object_spatial_context_diagnostic,direct_success,10.0,leave_one_cell
1,128,-0.0546875,-0.1731678593983094,relative_object_spatial_context_diagnostic,direct_success,10.0,leave_one_cell
2,128,-0.0703125,0.0385539617365228,relative_object_spatial_context_diagnostic,direct_success,10.0,leave_one_cell
3,128,-0.0546875,0.2406342943466879,relative_object_spatial_context_diagnostic,direct_success,10.0,leave_one_cell
4,128,0.0234375,0.7107596286751283,relative_object_spatial_context_diagnostic,direct_success,10.0,leave_one_cell
0,128,0.0625,-0.4540810765517873,relative_object_spatial_context_diagnostic,direct_terminal_utility,10.0,leave_one_cell
1,128,-0.03125,-0.152910558202552,relative_object_spatial_context_diagnostic,direct_terminal_utility,10.0,leave_one_cell
2,128,-0.078125,0.0402626820727228,relative_object_spatial_context_diagnostic,direct_terminal_utility,10.0,leave_one_cell
3,128,-0.078125,0.2422246032959975,relative_object_spatial_context_diagnostic,direct_terminal_utility,10.0,leave_one_cell
4,128,0.015625,0.6748726836687821,relative_object_spatial_context_diagnostic,direct_terminal_utility,10.0,leave_one_cell
0,128,0.0546875,-0.5485319013522507,relative_object_spatial_context_diagnostic,direct_grounded,10.0,leave_one_cell
1,128,-0.046875,-0.1882325255914768,relative_object_spatial_context_diagnostic,direct_grounded,10.0,leave_one_cell
2,128,-0.0703125,0.0338791120956767,relative_object_spatial_context_diagnostic,direct_grounded,10.0,leave_one_cell
3,128,-0.0625,0.262612879688095,relative_object_spatial_context_diagnostic,direct_grounded,10.0,leave_one_cell
4,128,0.015625,0.7741883218267371,relative_object_spatial_context_diagnostic,direct_grounded,10.0,leave_one_cell
0,128,0.1953125,-0.0724440591661454,relative_object_spatial_context_diagnostic,potential_success,10.0,leave_one_cell
1,128,-0.0546875,-0.032463104028048,relative_object_spatial_context_diagnostic,potential_success,10.0,leave_one_cell
2,128,-0.0546875,-0.0119305583523854,relative_object_spatial_context_diagnostic,potential_success,10.0,leave_one_cell
3,128,-0.0859375,0.0040597274136518,relative_object_spatial_context_diagnostic,potential_success,10.0,leave_one_cell
4,128,-0.109375,0.0293013401285553,relative_object_spatial_context_diagnostic,potential_success,10.0,leave_one_cell
