suite,task_id,episode_id,pair_id,rollout_id,rollout_seed,init_state_id,base_seed,query_idx,t,task_description,task_level,task_level_id,intervention_mode,intervention_start_t,intervention_end_t,intervention_start_query,intervention_end_query,num_samples,action_std_mean,action_std_max,action_first_step_l2_std,action_xyz_std_mean,action_rot_std_mean,action_gripper_std_mean,action_pairwise_l2_mean,value_mean,value_std,value_range,future_proprio_std_mean,future_proprio_std_max,future_image_pixel_std_mean,future_image_pixel_std_p95,future_image_pixel_std_max,future_wrist_pixel_std_mean,future_wrist_pixel_std_p95,future_wrist_pixel_std_max,latent_action_across_seed_std_mean,latent_action_across_seed_std_p95,latent_action_across_seed_std_max,latent_future_proprio_across_seed_std_mean,latent_future_proprio_across_seed_std_p95,latent_future_proprio_across_seed_std_max,latent_value_across_seed_std_mean,latent_value_across_seed_std_p95,latent_value_across_seed_std_max,latent_action_copy_std_mean_mean_over_samples,latent_action_copy_std_mean_max_over_samples,latent_action_copy_std_max_mean_over_samples,latent_action_copy_std_max_max_over_samples,latent_action_first_step_copy_l2_std_mean_over_samples,latent_action_first_step_copy_l2_std_max_over_samples,latent_future_proprio_copy_std_mean_mean_over_samples,latent_future_proprio_copy_std_mean_max_over_samples,latent_future_proprio_copy_std_max_mean_over_samples,latent_future_proprio_copy_std_max_max_over_samples,latent_value_element_std_mean_mean_over_samples,latent_value_element_std_mean_max_over_samples,latent_value_element_std_max_mean_over_samples,latent_value_element_std_max_max_over_samples,planning_strategy,planning_risk_lambda,selected_sample_idx,selected_value,selected_value_z,selected_risk,selected_planning_score,max_value_sample_idx,max_value,max_value_selected,candidate_value_mean,candidate_value_std,candidate_value_range,candidate_action_internal_consistency_mean,candidate_action_internal_consistency_std,candidate_value_internal_consistency_mean,candidate_value_internal_consistency_std,selected_seed,max_value_seed,t_after,executed_steps,intervention_steps,intervention_applied,chunk_success,observed_goal_progress_end,observed_goal_progress_delta,observed_target_lift_max,observed_target_eef_distance_min,observed_non_target_displacement_max,observed_non_target_lift_max,observed_target_drop_candidate,observed_wrong_object_interaction_candidate,observed_official_safety_violation,observed_official_safety_cost_sum,observed_robot_contact_count_sum,observed_robot_contact_count_max,observed_robot_target_contact_count_sum,observed_action_motion_norm_mean,observed_action_motion_norm_max,observed_action_sign_flip_rate,observed_eef_path_length,observed_eef_net_displacement,observed_eef_speed_mean,observed_eef_acceleration_mean,observed_eef_jerk_mean,observed_eef_jerk_max,observed_eef_dimensionless_jerk_proxy,prediction_error_future_image_mse,prediction_error_future_image_mae,prediction_error_future_image_psnr,prediction_error_future_image_ssim_global,prediction_error_future_wrist_mse,prediction_error_future_wrist_mae,prediction_error_future_wrist_psnr,prediction_error_future_wrist_ssim_global,prediction_error_future_proprio_l2,prediction_error_future_proprio_mae,prediction_error_future_proprio_max_abs,prediction_error_future_proprio_eef_pos_l2,prediction_error_future_proprio_eef_quat_l2,prediction_error_value_abs_chunk_success,prediction_value_executed_sample,actual_object_state_delta_l2_mean,actual_object_state_delta_l2_max,actual_object_state_num_keys,actual_object_state_delta_l2__cream_cheese_1_pos,actual_object_state_delta_l2__cream_cheese_1_quat,actual_object_state_delta_l2__basket_1_pos,actual_object_state_delta_l2__basket_1_quat,actual_object_state_delta_l2__alphabet_soup_1_pos,actual_object_state_delta_l2__alphabet_soup_1_quat,actual_object_state_delta_l2__milk_1_pos,actual_object_state_delta_l2__milk_1_quat,actual_object_state_delta_l2__tomato_sauce_1_pos,actual_object_state_delta_l2__tomato_sauce_1_quat,actual_object_state_delta_l2__butter_1_pos,actual_object_state_delta_l2__butter_1_quat,actual_object_state_delta_l2__orange_juice_1_pos,actual_object_state_delta_l2__orange_juice_1_quat,success,final_t,num_queries,failure_type,failure_event_t,safe_task_success,safety_terminated,official_safety_violation,official_safety_violation_t,official_safety_cost_types,target_objects,target_drop_candidate,target_drop_candidate_t,wrong_object_interaction_candidate,wrong_object_interaction_candidate_t,kinematic_deadlock_candidate,episode_goal_progress_initial,episode_goal_progress_max,episode_time_to_first_goal_progress,episode_time_to_first_target_lift,episode_target_lift_max,episode_eef_path_length,episode_eef_net_displacement,episode_eef_jerk_mean,episode_eef_dimensionless_jerk_proxy,prediction_error_value_abs_final_success,actual_object_state_delta_l2__chocolate_pudding_1_pos,actual_object_state_delta_l2__chocolate_pudding_1_quat,actual_object_state_delta_l2__bbq_sauce_1_pos,actual_object_state_delta_l2__bbq_sauce_1_quat,actual_object_state_delta_l2__ketchup_1_pos,actual_object_state_delta_l2__ketchup_1_quat,actual_object_state_delta_l2__salad_dressing_1_pos,actual_object_state_delta_l2__salad_dressing_1_quat,steps_to_failure_event,query_is_pre_failure,failure_event_in_executed_chunk
libero_object,1,0,0,0,122000,0,122000,0,0,pick up the cream cheese and place it in the basket,-1,-1,none,-1,-1,-1,-1,4.0,0.0024366718716919,0.011508566327393,0.0072951139882206,0.0048602330498397,0.0005015733768232,0.000971284462139,0.0146473562344908,0.2903839945793152,0.0004052832955494,0.0009755492210388,0.0007012156420387,0.001356144552119,0.639867901802063,1.9202864170074463,20.11839866638184,1.3691562414169312,4.815340042114258,44.20690155029297,0.0065982891246676,0.0125818736851215,0.0223833583295345,0.005561105441302,0.0098705608397722,0.0182020999491214,0.0056935190223157,0.0100254015997052,0.0196271985769271,0.007635960355401,0.0076625496149063,0.0101307013537734,0.0113038336858153,0.0201857355423271,0.0208573918789625,0.007359305396676,0.007482080720365,0.0076653579017147,0.0077912188135087,0.0073103490285575,0.0074272057972848,0.0073103490285575,0.0074272057972848,first,1.0,0.0,0.2897792458534241,-1.4921629428863523,0.0,0.2897792458534241,1.0,0.2907547950744629,False,0.2903839945793152,0.0004052832955494,0.0009755492210388,0.020185736939311,0.000409932777984,0.0073103490285575,7.354676199611276e-05,122000,122001,16,16,0,False,False,0.0,0.0,2.324529457808921e-16,0.2580542267188767,1.0401113633140918e-09,1.0401113581526287e-09,0.0,0.0,0.0,0.0,0.0,0.0,0.0,0.5453249092677152,0.8222454585264902,0.0666666666666666,0.0999215261212118,0.0991306331746283,0.1249019076515147,0.2886069284438209,1.5256390856934647,3.867938817707929,73.89150086548278,513.3990478515625,12.042722702026367,21.0262530197307,0.8278977645667467,915.56103515625,15.337977409362791,18.51393059365094,0.8770003068098617,0.0143002104014158,0.0031851944513618,0.0101512670516967,0.0122206276282668,0.007391563616693,0.2897792458534241,0.2897792458534241,1.6897264506005554e-10,1.1791583321477212e-09,14.0,2.6367796834847473e-16,9.097100446848426e-19,5.463251379067557e-14,2.158541933696721e-14,2.8050314110420908e-12,2.817293499442467e-12,1.1791581933704331e-09,7.958382443651547e-13,1.1796119636642288e-16,2.9517073108962994e-16,9.743941764561724e-15,5.0634874049126085e-18,1.1791583321477212e-09,7.95697509787748e-13,True,121,8,success,-1,True,False,False,-1,,cream_cheese_1,False,-1,False,-1,False,0.0,1.0,121,62,0.2349972627875002,0.9989090462023736,0.29821557196133,3.425327607203948,2852951.022635292,0.7102207541465759,,,,,,,,,,False,False
libero_object,1,0,0,0,122000,0,122000,1,16,pick up the cream cheese and place it in the basket,-1,-1,none,-1,-1,-1,-1,4.0,0.0019096583127975,0.0116201406344771,0.0082506705075502,0.00359748583287,0.0006058858707547,0.0007574933115392,0.0108937434852123,0.3359305262565613,0.0005293642170727,0.0012962520122528,0.000790570047684,0.0015608492540195,0.8724139928817749,2.598076105117798,37.5,2.4871082305908203,10.649418830871582,61.25561141967773,0.0063498397357761,0.0115722427144646,0.0233794543892145,0.0055701280944049,0.0099801961332559,0.0180583540350198,0.0055484450422227,0.0098809627816081,0.0164967607706785,0.0077605752740055,0.007837033830583,0.0101211983710527,0.0106455842033028,0.02092972304672,0.0218895394355058,0.0074365180917084,0.0075470614247024,0.0077950377017259,0.0078295795246958,0.0069870048901066,0.0071775782853364,0.0069870048901066,0.0071775782853364,first,1.0,0.0,0.3353213965892792,-1.1506816148757937,0.0,0.3353213965892792,3.0,0.336617648601532,False,0.3359305262565613,0.0005293642170727,0.0012962520122528,0.0209297239780426,0.0005887167644686,0.0069870050065219,0.0001128470466937,123000,123003,32,16,0,False,False,0.0,0.0,2.324529457808921e-16,0.1295530483360934,1.0401113638691447e-09,1.0401113581526287e-09,0.0,0.0,0.0,0.0,0.0,0.0,0.0,0.7781468496800603,0.8626728136988654,0.1111111111111111,0.1634458372051748,0.1555222965703259,0.2043072965064685,0.2719337617421977,1.520897254849713,4.228089785240873,28.084123053830968,582.8307495117188,12.522772789001465,20.47537904264512,0.8125161749141128,829.612548828125,14.688190460205078,18.942050482419997,0.882117531580125,0.0085776625201106,0.0021498326677829,0.0064653158187866,0.0017869605217128,0.0081043168902397,0.3353213965892792,0.3353213965892792,8.121617331576755e-16,5.551115123125783e-15,14.0,0.0,1.4232336307857478e-18,0.0,2.3950808821442263e-18,0.0,0.0,5.551115123125783e-15,0.0,0.0,2.577691976159136e-16,0.0,6.44650582704576e-18,5.551115123125783e-15,0.0,True,121,8,success,-1,True,False,False,-1,,cream_cheese_1,False,-1,False,-1,False,0.0,1.0,121,62,0.2349972627875002,0.9989090462023736,0.29821557196133,3.425327607203948,2852951.022635292,0.6646786034107208,,,,,,,,,,False,False
libero_object,1,0,0,0,122000,0,122000,2,32,pick up the cream cheese and place it in the basket,-1,-1,none,-1,-1,-1,-1,4.0,0.0016384124755859,0.0075227883644402,0.0040438277646899,0.0029626868199557,0.0005974503583274,0.0007884757360443,0.0090731456875801,0.4199869036674499,0.0007619193638674,0.0018771588802337,0.0007688640034757,0.001584417419508,0.7663383483886719,2.4494898319244385,19.305116653442383,2.1694159507751465,8.455767631530762,81.81495666503906,0.0060827718116343,0.0110095301643013,0.0188000798225402,0.005541346501559,0.0098086269572377,0.0167589765042066,0.0054288771934807,0.0097427424043416,0.0178288482129573,0.0076281577348709,0.0077159130014479,0.0094048075843602,0.0097060976549983,0.0196812823414802,0.0207453109323978,0.0075198900885879,0.0075610568746924,0.008061780128628,0.0083233844488859,0.0067071926314383,0.0067615583539009,0.0067071926314383,0.0067615583539009,first,1.0,0.0,0.4202259182929992,0.3137006759643554,0.0,0.4202259182929992,1.0,0.421129822731018,False,0.4199869036674499,0.0007619193638674,0.0018771588802337,0.0196812823414802,0.0007153510814532,0.006707192864269,4.219983020448126e-05,124000,124001,48,16,0,False,False,0.0,0.0,2.324529457808921e-16,0.0228301305898053,1.040111364453824e-09,1.0401113581526287e-09,0.0,0.0,0.0,0.0,10.0,5.0,0.0,0.6966545038894975,0.8499337417678152,0.0333333333333333,0.1341014326403983,0.130392394080836,0.1676267908004979,0.4024417001890062,5.437194608814338,52.16724664325541,2570.076120518328,536.8229370117188,12.45594882965088,20.8324929706613,0.8383757126720977,933.5269165039062,14.233132362365724,18.42953516332581,0.8869307902422324,0.0377020686864852,0.0085081094875931,0.0330062508583068,0.0144388144835829,0.0335856340825557,0.4202259182929992,0.4202259182929992,8.114464714359138e-16,5.551115123125783e-15,14.0,0.0,2.8431138874529042e-18,0.0,1.963573647892308e-18,0.0,6.133173666733498e-19,5.551115123125783e-15,0.0,0.0,2.4563379677500105e-16,0.0,6.966552174205309e-18,5.551115123125783e-15,0.0,True,121,8,success,-1,True,False,False,-1,,cream_cheese_1,False,-1,False,-1,False,0.0,1.0,121,62,0.2349972627875002,0.9989090462023736,0.29821557196133,3.425327607203948,2852951.022635292,0.5797740817070007,,,,,,,,,,False,False
libero_object,1,0,0,0,122000,0,122000,3,48,pick up the cream cheese and place it in the basket,-1,-1,none,-1,-1,-1,-1,4.0,0.0277988463640213,0.9490076303482056,0.0222070962190628,0.0263893250375986,0.0040329750627279,0.1033250167965889,0.2195526212453842,0.5136613845825195,0.0036941494327038,0.0092411041259765,0.0035166745074093,0.0137545224279165,2.776637554168701,14.195069313049316,88.3130111694336,4.770432472229004,19.685020446777344,108.00463104248048,0.0338217541575431,0.0879519060254097,0.9652236700057985,0.0067994534038007,0.0151824187487363,0.0259967297315597,0.0089032035320997,0.013990119099617,0.0232896506786346,0.0084156121592968,0.0085363946855068,0.0240199221298098,0.0348741747438907,0.0247015003114938,0.0325252898037433,0.0072760871844366,0.0073621030896902,0.0076365129789337,0.0079061016440391,0.0068941683275625,0.0070534129627048,0.0068941683275625,0.0070534129627048,first,1.0,0.0,0.5161908268928528,0.684715747833252,0.0,0.5161908268928528,2.0,0.5181868076324463,False,0.5136613845825195,0.0036941494327038,0.0092411041259765,0.0247015003114938,0.0046155978925526,0.0068941684439778,0.0001414441794622,125000,125002,64,16,0,False,False,0.0,0.0,0.0685247333518902,0.018988912430496,1.0401113650681301e-09,1.0401113581526287e-09,0.0,0.0,0.0,0.0,69.0,6.0,54.0,0.4853680430802731,0.9711534043999596,0.1,0.0765701895833173,0.0712249970760414,0.0957127369791466,0.4555976526626031,5.280533214440578,12.696455328822353,1553.9984674218647,555.895751953125,12.48334503173828,20.68087005610365,0.8316432865855857,717.3218383789062,14.17665195465088,19.57366308029016,0.9144006655946004,0.1603617519140243,0.0307863615453243,0.1284707635641098,0.0098753487691283,0.0259256958961486,0.5161908268928528,0.5161908268928528,0.0066723259697487,0.0686859303720714,14.0,0.0686859303720714,0.0247266332043998,0.0,1.5636586103463756e-18,0.0,6.133173666733498e-19,5.551115123125783e-15,0.0,0.0,2.453269466693398e-16,0.0,6.270755780792753e-18,5.551115123125783e-15,0.0,True,121,8,success,-1,True,False,False,-1,,cream_cheese_1,False,-1,False,-1,False,0.0,1.0,121,62,0.2349972627875002,0.9989090462023736,0.29821557196133,3.425327607203948,2852951.022635292,0.4838091731071472,,,,,,,,,,False,False
libero_object,1,0,0,0,122000,0,122000,4,64,pick up the cream cheese and place it in the basket,-1,-1,none,-1,-1,-1,-1,4.0,0.0009731759200803,0.0039250263944268,0.0042452318593859,0.0016921823844313,0.000358565011993,0.0006599891930818,0.0051867212168872,0.6000155210494995,0.0001335924171144,0.0003539323806762,0.0005160001455806,0.0008733457652851,0.5524978041648865,1.5,23.71708297729492,0.9186110496520996,2.861380815505981,28.34056282043457,0.0057309879921376,0.0101697258651256,0.0169184207916259,0.0055540120229125,0.0098257567733526,0.0167200285941362,0.0053315255790948,0.0094498377293348,0.0159898791462183,0.0075116864172741,0.0075850519351661,0.0094511674251407,0.0099120810627937,0.0201352164149284,0.0208032596856355,0.0073571847751736,0.0074581131339073,0.0075771671254187,0.007698212750256,0.0067849884508177,0.0069949505850672,0.0067849884508177,0.0069949505850672,first,1.0,0.0,0.6000927686691284,0.578233540058136,0.0,0.6000927686691284,3.0,0.6001781821250916,False,0.6000155210494995,0.0001335924171144,0.0003539323806762,0.0201352164149284,0.0008892855257727,0.006784988567233,0.0001376468571834,126000,126003,80,16,0,False,False,0.0,0.0,0.2057175013656174,0.0187847690379408,1.0401113657120623e-09,1.0401113581526287e-09,0.0,0.0,0.0,0.0,134.0,9.0,134.0,0.8967076404918803,0.9956451042179296,0.0777777777777777,0.1870974844476182,0.1715798911408656,0.2338718555595228,0.3756958762890239,2.6840791820971126,6.016775595108872,62.43528031749641,552.16064453125,12.40235710144043,20.71014911972871,0.8258728717930345,1101.519287109375,17.473234176635742,17.710882550126804,0.86336340377978,0.0262807141989469,0.0068525928072631,0.0159944128245115,0.0144679816439747,0.0079987728968262,0.6000927686691284,0.6000927686691284,0.0146971855358582,0.1698722072201186,14.0,0.1698722072201186,0.0358883902818858,0.0,2.7428386473255482e-18,0.0,8.673617379884035e-19,5.551115123125783e-15,0.0,0.0,3.074246800196888e-16,0.0,4.6944995321319196e-18,5.551115123125783e-15,0.0,True,121,8,success,-1,True,False,False,-1,,cream_cheese_1,False,-1,False,-1,False,0.0,1.0,121,62,0.2349972627875002,0.9989090462023736,0.29821557196133,3.425327607203948,2852951.022635292,0.3999072313308716,,,,,,,,,,False,False
libero_object,1,0,0,0,122000,0,122000,5,80,pick up the cream cheese and place it in the basket,-1,-1,none,-1,-1,-1,-1,4.0,0.0008481941767968,0.0032574106007814,0.0029347317758947,0.0014584296150133,0.0002384760155109,0.0008466423023492,0.0045771566219627,0.7106796503067017,0.0001991658791666,0.0005416870117187,0.0004627642047125,0.0008202819153666,0.5267672538757324,1.4142135381698608,23.65375328063965,0.6797446012496948,1.785357117652893,16.161296844482422,0.0056610517203807,0.0101586319506168,0.0166244711726903,0.0054823677055537,0.0098063498735427,0.0156193412840366,0.0054128621704876,0.0096704773604869,0.0159474518150091,0.0072796241147443,0.0074151842854917,0.0092227603308856,0.0099339159205555,0.0192728042602539,0.019761074334383,0.0072291926480829,0.0074138990603387,0.0074523132061585,0.0076149846427142,0.0069017866626381,0.006959184538573,0.0069017866626381,0.006959184538573,first,1.0,0.0,0.7108994722366333,1.103712797164917,0.0,0.7108994722366333,0.0,0.7108994722366333,True,0.7106796503067017,0.0001991658791666,0.0005416870117187,0.0192728042602539,0.0003766610752791,0.0069017866626381,8.338764746440575e-05,127000,127000,96,16,0,False,False,0.0,0.0,0.2349972627875002,0.0187570098958648,1.040111366385621e-09,1.0401113581526287e-09,0.0,0.0,0.0,0.0,144.0,9.0,144.0,0.8612106692871766,0.8970532858999479,0.1136363636363636,0.1807504206454581,0.1790347005441949,0.2259380258068227,0.142034608589415,0.7729527912533741,2.065553517124446,5.980424812899744,552.5159912109375,12.997735023498535,20.707355087475644,0.8230439031701166,1651.156005859375,21.465879440307617,15.952922523034523,0.7984774836872621,0.0198998041450977,0.0053011397831141,0.0128136575222015,0.0138729969039559,0.0103928036987781,0.7108994722366333,0.7108994722366333,0.0137354596415266,0.1780817717368906,14.0,0.1780817717368906,0.0142146632444708,0.0,9.69739903612216e-19,0.0,4.336808689942019e-19,5.551115123125783e-15,0.0,0.0,2.464314979699816e-16,0.0,1.3541420434848165e-17,5.551115123125783e-15,0.0,True,121,8,success,-1,True,False,False,-1,,cream_cheese_1,False,-1,False,-1,False,0.0,1.0,121,62,0.2349972627875002,0.9989090462023736,0.29821557196133,3.425327607203948,2852951.022635292,0.2891005277633667,,,,,,,,,,False,False
libero_object,1,0,0,0,122000,0,122000,6,96,pick up the cream cheese and place it in the basket,-1,-1,none,-1,-1,-1,-1,4.0,0.001329647609964,0.0064112544059753,0.0048484872095286,0.0022517757024616,0.0006384803564287,0.0006367649184539,0.006991998758167,0.8356448411941528,0.0001504744141129,0.0003652572631835,0.0004203190910629,0.0006555134314112,0.5618862509727478,1.5,16.887495040893555,0.835980236530304,2.384848117828369,19.891895294189453,0.0058087068609893,0.0103730885311961,0.0187777075916528,0.0055234101600945,0.0099178254604339,0.0165071319788694,0.0056010982953011,0.0100438632071018,0.0177892539650201,0.0075080110691487,0.0075463545508682,0.0097099884878844,0.0101769343018531,0.0199582017958164,0.0204464048147201,0.0072837100597098,0.0073648490943014,0.0075147913303226,0.0077084288932383,0.007202680921182,0.0073080179281532,0.007202680921182,0.0073080179281532,first,1.0,0.0,0.835559606552124,-0.5664394497871399,0.0,0.835559606552124,2.0,0.8358073234558105,False,0.8356448411941528,0.0001504744141129,0.0003652572631835,0.0199582017958164,0.0003332990745548,0.0072026806883513,0.000114810973173,128000,128002,112,16,0,False,False,0.0,0.0,0.2321181166667668,0.018871530176722,1.0401113670888064e-09,1.0401113581526287e-09,0.0,0.0,0.0,0.0,144.0,9.0,144.0,0.5599591013568116,0.8321859603664361,0.0444444444444444,0.1228610509905479,0.112947118012907,0.1535763137381848,0.4696932746982915,2.503299351274325,5.3558526535142,118.48059521715489,644.1879272460938,13.637263298034668,20.04067779439707,0.7951464160821173,1537.033203125,22.968172073364254,16.263971115996434,0.8279951695386787,0.0117772705852985,0.0032879875507205,0.0068433880805969,0.0092226359993219,0.0059680799022316,0.835559606552124,0.835559606552124,0.0094902614647772,0.1132696256809757,14.0,0.1132696256809757,0.0195940348258947,0.0,1.963573647892308e-18,0.0,4.336808689942019e-19,5.551115123125783e-15,0.0,0.0,2.607399605677454e-16,0.0,6.31267587337634e-18,5.551115123125783e-15,0.0,True,121,8,success,-1,True,False,False,-1,,cream_cheese_1,False,-1,False,-1,False,0.0,1.0,121,62,0.2349972627875002,0.9989090462023736,0.29821557196133,3.425327607203948,2852951.022635292,0.1644403934478759,,,,,,,,,,False,False
libero_object,1,0,0,0,122000,0,122000,7,112,pick up the cream cheese and place it in the basket,-1,-1,none,-1,-1,-1,-1,4.0,0.0014886563876643,0.0090458467602729,0.0100507792085409,0.002470007399097,0.0006814376101829,0.000966258579865,0.0078891180455684,0.9704930782318116,0.0004287289630156,0.0012032985687255,0.0006450297078117,0.0009402754949405,0.5443868041038513,1.4790199995040894,12.376893997192385,0.7375481724739075,2.061552762985229,11.57583713531494,0.0060596978291869,0.0110280374065041,0.0219466928392648,0.0056042768992483,0.0100603820756077,0.0171561483293771,0.0059745567850768,0.0106576643884181,0.0210929103195667,0.0076668155379593,0.0077623100951313,0.0125900185666978,0.012812877073884,0.0227921353653073,0.0236704275012016,0.0073713958263397,0.007506410125643,0.0076591691467911,0.0078728236258029,0.0076814730418846,0.0078630670905113,0.0076814730418846,0.0078630670905113,first,1.0,0.0,0.9699406623840332,-1.288496732711792,0.0,0.9699406623840332,1.0,0.9711439609527588,False,0.9704930782318116,0.0004287289630156,0.0012032985687255,0.0227921344339847,0.0007715435931459,0.0076814731582999,0.0001062288574757,129000,129001,121,9,0,False,True,1.0,1.0,0.182102748934113,0.0189729998683815,1.1619892624088813e-06,1.0401113581526287e-09,0.0,0.0,0.0,0.0,42.0,9.0,42.0,0.2923240913265746,0.3256215526993701,0.0833333333333333,0.0341611045686468,0.0323872407545971,0.075913565708104,0.2400359045459269,2.802172659876318,5.730200611167335,56.69722305602962,681.5174560546875,13.892990112304688,19.796033767483745,0.7898501229263872,1711.592529296875,23.074338912963867,15.796799786462373,0.819818328789271,0.5304904580116272,0.0915336608886718,0.3871893882751465,0.0189787950366735,0.0279752761125564,0.0300593376159667,0.9699406623840332,0.0194138001674,0.2286886335328856,14.0,0.0430990787348744,0.2286886335328856,8.959094598513545e-07,4.594166374004439e-06,0.0,0.0,3.1225022567582528e-15,0.0,0.0,1.3799640750150367e-16,0.0,4.715110971732956e-18,3.1225022567582528e-15,0.0,True,121,8,success,-1,True,False,False,-1,,cream_cheese_1,False,-1,False,-1,False,0.0,1.0,121,62,0.2349972627875002,0.9989090462023736,0.29821557196133,3.425327607203948,2852951.022635292,0.0300593376159667,,,,,,,,,,False,False
libero_object,1,1,0,1,122097,0,122097,0,0,pick up the cream cheese and place it in the basket,-1,-1,none,-1,-1,-1,-1,4.0,0.0027600899338722,0.0100907860323786,0.0073790098540484,0.0053785424679517,0.0007351295207627,0.0009796133963391,0.0153267560526728,0.2915641665458679,0.0018031186191365,0.0048032402992248,0.0007702604634687,0.0015994627028703,0.8640729784965515,2.692582368850708,36.34126281738281,2.6897077560424805,12.316147804260254,63.70390319824219,0.0067889154888689,0.0125659564509987,0.021481268107891,0.0055978223681449,0.009959315881133,0.0182249899953603,0.0065150777809321,0.011348221451044,0.0184570830315351,0.0076449395855888,0.0077158734202384,0.0096845112275332,0.0100543871521949,0.0212849229574203,0.0216905940324068,0.0073821245459839,0.0076077282428741,0.0077175034675747,0.0079675000160932,0.0072254533879458,0.0072802258655428,0.0072254533879458,0.0072802258655428,first,1.0,0.0,0.2945566773414612,1.659630537033081,0.0,0.2945566773414612,0.0,0.2945566773414612,True,0.2915641665458679,0.0018031186191365,0.0048032402992248,0.0212849229574203,0.0004659828555304,0.0072254533879458,4.4871459977002814e-05,122097,122097,16,16,0,False,False,0.0,0.0,2.324529457808921e-16,0.2554429447784821,1.0401113633140918e-09,1.0401113581526287e-09,0.0,0.0,0.0,0.0,0.0,0.0,0.0,0.5538640271264659,0.8247901967048551,0.0888888888888888,0.1020466463066235,0.1011697786480036,0.1275583078832793,0.290852786016803,1.683830462384858,3.699788006827641,79.18586158176016,516.1312866210938,12.077374458312988,21.003201751266424,0.8271299453985348,871.9537353515625,15.206639289855955,18.72586918383226,0.8825061987567733,0.015086205676198,0.003567730076611,0.0104510188102722,0.0127713093534111,0.0080253975465893,0.2945566773414612,0.2945566773414612,1.6897263723488127e-10,1.1791583321477212e-09,14.0,2.6367796834847473e-16,4.231374934263009e-19,5.463251379067557e-14,2.1585712607629908e-14,2.8050314110420908e-12,2.817184186327333e-12,1.1791581933704331e-09,7.958382443651547e-13,1.1796119636642288e-16,2.9517073108962994e-16,9.743941764561724e-15,5.01746484469954e-18,1.1791583321477212e-09,7.95697509787748e-13,True,121,8,success,-1,True,False,False,-1,,cream_cheese_1,False,-1,False,-1,False,0.0,1.0,121,66,0.2343040566808628,0.998485833710662,0.2950720621202796,3.203706017698641,1852513.6469167804,0.7054433226585388,,,,,,,,,,False,False
libero_object,1,1,0,1,122097,0,122097,1,16,pick up the cream cheese and place it in the basket,-1,-1,none,-1,-1,-1,-1,4.0,0.0018319825176149,0.0100349513813853,0.0083034858107566,0.0034927625674754,0.0005125114112161,0.0008080550469458,0.0102524608373641,0.3355483114719391,0.000414016918512,0.0010281205177307,0.0006276265485212,0.0010366489877924,0.929271161556244,2.9474565982818604,31.328901290893555,2.2699689865112305,9.027734756469728,56.20053482055664,0.0062146228738129,0.0115224216133356,0.0269464533776044,0.0055338903330266,0.0098678916692733,0.0171139407902956,0.0057146968320012,0.0101205194368958,0.0171926580369472,0.0077295468654483,0.0078806104138493,0.010084917070344,0.0106710717082023,0.0216211243532598,0.0225188415497541,0.007453765370883,0.0075730616226792,0.0077308877371251,0.0078397598117589,0.0072448343271389,0.0074852840043604,0.0072448343271389,0.0074852840043604,first,1.0,0.0,0.3354207277297973,-0.3081606924533844,0.0,0.3354207277297973,1.0,0.336255133152008,False,0.3355483114719391,0.000414016918512,0.0010281205177307,0.021621124818921,0.0007329380023293,0.0072448342107236,0.0001444029039703,123097,123098,32,16,0,False,False,0.0,0.0,2.324529457808921e-16,0.1265443023287008,1.0401113638691447e-09,1.0401113581526287e-09,0.0,0.0,0.0,0.0,0.0,0.0,0.0,0.7686714972466554,0.8497678605039145,0.0777777777777777,0.1614397084913754,0.1535503612475844,0.2017996356142192,0.2694030096194006,1.5286392271451636,3.9374882884558073,27.717655367275967,507.8653259277344,11.84860610961914,21.07331798112753,0.8364723893149618,946.7506103515624,15.75084400177002,18.36844767093816,0.8650792005291396,0.0108160953968763,0.0029241282027214,0.0075215809047222,0.0053549939766526,0.0086224125698208,0.3354207277297973,0.3354207277297973,8.119773989084428e-16,5.551115123125783e-15,14.0,0.0,2.5323113103701083e-18,0.0,2.1684043449710093e-18,0.0,6.133173666733498e-19,5.551115123125783e-15,0.0,0.0,2.577691976159136e-16,0.0,2.3701078287057386e-18,5.551115123125783e-15,0.0,True,121,8,success,-1,True,False,False,-1,,cream_cheese_1,False,-1,False,-1,False,0.0,1.0,121,66,0.2343040566808628,0.998485833710662,0.2950720621202796,3.203706017698641,1852513.6469167804,0.6645792722702026,,,,,,,,,,False,False
libero_object,1,1,0,1,122097,0,122097,2,32,pick up the cream cheese and place it in the basket,-1,-1,none,-1,-1,-1,-1,4.0,0.0014875058550387,0.0062798704020679,0.0047680344432592,0.0024917332921177,0.0007276982069015,0.0007542465464212,0.007756195962429,0.4143399596214294,0.0003359200782142,0.0009404420852661,0.0005130928475409,0.0011388931889086,0.7649902105331421,2.291287899017334,17.59261131286621,2.076251745223999,8.200610160827637,52.794410705566406,0.0059897694736719,0.0106861181557178,0.0214109718799591,0.0055119064636528,0.0096925990656018,0.0166427083313465,0.0052781165577471,0.009308474138379,0.0181483663618564,0.0075993259670212,0.0076872599311172,0.009372659260407,0.0098960371688008,0.0207201302982866,0.0211247690021991,0.0075103390263393,0.0075284112244844,0.0079360892996191,0.0080691082403063,0.0067291455343365,0.0068031586706638,0.0067291455343365,0.0068031586706638,first,1.0,0.0,0.4147995114326477,1.3680391311645508,0.0,0.4147995114326477,0.0,0.4147995114326477,True,0.4143399596214294,0.0003359200782142,0.0009404420852661,0.0207201298326253,0.0004410062101669,0.0067291455343365,6.346176087390631e-05,124097,124097,48,16,0,False,False,0.0,0.0,2.324529457808921e-16,0.0206750646211549,1.040111364453824e-09,1.0401113581526287e-09,0.0,0.0,0.0,0.0,11.0,6.0,0.0,0.6834734246158645,0.8414370721080712,0.0333333333333333,0.1306528978548051,0.1263746584830095,0.1633161223185064,0.4146465514850147,4.118671851441419,21.450776025730168,755.1386904049054,528.0115966796875,12.386021614074709,20.90436899851732,0.8398347471968262,708.6009521484375,12.340428352355955,19.626786293080443,0.9132482292495276,0.0325262136757373,0.0075538852252066,0.0270809531211853,0.0124375326558947,0.0275178011506795,0.4147995114326477,0.4147995114326477,8.115403942512154e-16,5.551115123125783e-15,14.0,0.0,4.447780154522119e-19,0.0,1.939479807224432e-18,0.0,6.133173666733498e-19,5.551115123125783e-15,0.0,0.0,2.453269466693398e-16,0.0,1.1010751406761465e-17,5.551115123125783e-15,0.0,True,121,8,success,-1,True,False,False,-1,,cream_cheese_1,False,-1,False,-1,False,0.0,1.0,121,66,0.2343040566808628,0.998485833710662,0.2950720621202796,3.203706017698641,1852513.6469167804,0.5852004885673523,,,,,,,,,,False,False
libero_object,1,1,0,1,122097,0,122097,3,48,pick up the cream cheese and place it in the basket,-1,-1,none,-1,-1,-1,-1,4.0,0.0643892139196395,0.9936996102333068,0.0170611385256052,0.0689019337296485,0.0074634435586631,0.2216283679008484,0.4936525821685791,0.4939253330230713,0.0080995419993996,0.0216478109359741,0.0066003371030092,0.031257152557373,4.536882400512695,27.26146507263184,98.0264663696289,8.137904167175293,30.97176170349121,109.56619262695312,0.0736316889524459,0.2820852100849151,1.012362003326416,0.009336806833744,0.0320707820355892,0.0425838716328144,0.0169209949672222,0.0225184746086597,0.0327902361750602,0.0087858343031257,0.0091825826093554,0.0238422963302582,0.043146651238203,0.0255380161106586,0.0282853972166776,0.0073495345422998,0.0074415346607565,0.0076120694866403,0.0077930027619004,0.0069543969584628,0.0073362179100513,0.0069543969584628,0.0073362179100513,first,1.0,0.0,0.4894584119319916,-0.5515029430389404,0.0,0.4894584119319916,2.0,0.5067368745803833,False,0.4939253330230713,0.0080995419993996,0.0216478109359741,0.0255380161106586,0.0018412962090224,0.0069543970748782,0.0002253485290566,125097,125099,64,16,0,False,False,0.0,0.0,0.0240290575188087,0.015040594065753,1.0401113650681301e-09,1.0401113581526287e-09,0.0,0.0,0.0,0.0,81.0,6.0,32.0,0.3947134952289763,0.7430408821965204,0.1222222222222222,0.0280916636320162,0.0256407355503965,0.0351145795400202,0.2921982327839806,3.49581531613889,11.629681068951037,8795.762048831388,534.3267822265625,12.372814178466797,20.852734178628012,0.8397342834478958,996.1357421875,14.91588306427002,18.14761837638844,0.8817036287195392,0.2164150476455688,0.0395447164773941,0.1653231382369995,0.0086295325309038,0.0249128397554159,0.4894584119319916,0.4894584119319916,0.0029356558375472,0.0253658233851486,14.0,0.0253658233851486,0.0157333583405016,0.0,3.8424222889120255e-18,0.0,6.133173666733498e-19,5.551115123125783e-15,0.0,0.0,2.4502508547788647e-16,0.0,4.136304898912487e-18,5.551115123125783e-15,0.0,True,121,8,success,-1,True,False,False,-1,,cream_cheese_1,False,-1,False,-1,False,0.0,1.0,121,66,0.2343040566808628,0.998485833710662,0.2950720621202796,3.203706017698641,1852513.6469167804,0.5105415880680084,,,,,,,,,,False,False
libero_object,1,1,0,1,122097,0,122097,4,64,pick up the cream cheese and place it in the basket,-1,-1,none,-1,-1,-1,-1,4.0,0.0011339467018842,0.0068698278628289,0.0049635088071227,0.0020112723577767,0.0003960960602853,0.0007155209314078,0.006349479779601,0.5705453157424927,0.0003039271396119,0.0008589625358581,0.0005984754534438,0.0011634541442617,0.5498778820037842,1.6393595933914185,12.539936065673828,0.7245129346847534,2.0,15.204851150512695,0.0058917803689837,0.0104712704196572,0.019882034510374,0.0055533600971102,0.0098764905706048,0.0169473141431808,0.0053526246920228,0.0095783434808254,0.0181613955646753,0.0077084144577383,0.0077800555154681,0.0098274829797446,0.0108865406364202,0.0204922505654394,0.0216314494609832,0.0073295250767841,0.0074708620086312,0.0076057816622778,0.0077777886763215,0.0068233034107834,0.0069281673058867,0.0068233034107834,0.0069281673058867,first,1.0,0.0,0.5705575942993164,0.0403996706008911,0.0,0.5705575942993164,3.0,0.5709627866744995,False,0.5705453157424927,0.0003039271396119,0.0008589625358581,0.0204922519624233,0.0007994307670742,0.0068233031779527,8.533974323654547e-05,126097,126100,80,16,0,False,False,0.0,0.0,0.1896170690075453,0.0145704204426438,1.0401113657120623e-09,1.0401113581526287e-09,0.0,0.0,0.0,0.0,125.0,9.0,125.0,0.9126805472654542,1.0126121627208038,0.2,0.1907159915150436,0.1782409867353787,0.2383949893938045,0.4311102995188459,2.7814335110489816,6.403621443344197,68.9584943031813,529.6249389648438,12.032186508178713,20.89111933907924,0.8278609998866765,923.8718872070312,15.682989120483398,18.47468608843216,0.8757200297576297,0.0173447076231241,0.004350253380835,0.0107981627807021,0.0109298769384622,0.0078378692269325,0.5705575942993164,0.5705575942993164,0.0162346039393949,0.1770791770784062,14.0,0.1770791770784062,0.0502052780731118,0.0,2.3950808821442263e-18,0.0,0.0,5.551115123125783e-15,0.0,0.0,3.0677427187595864e-16,0.0,3.3794786561009593e-18,5.551115123125783e-15,0.0,True,121,8,success,-1,True,False,False,-1,,cream_cheese_1,False,-1,False,-1,False,0.0,1.0,121,66,0.2343040566808628,0.998485833710662,0.2950720621202796,3.203706017698641,1852513.6469167804,0.4294424057006836,,,,,,,,,,False,False
libero_object,1,1,0,1,122097,0,122097,5,80,pick up the cream cheese and place it in the basket,-1,-1,none,-1,-1,-1,-1,4.0,0.0007836740114726,0.0034972848370671,0.0044566513970494,0.0013393713161349,0.0002346311957808,0.0007637104718014,0.0041660335846245,0.6754979491233826,0.0002961293212138,0.000733733177185,0.0004058051854372,0.0005881499964743,0.5329527854919434,1.4790199995040894,14.720309257507324,0.681266188621521,1.785357117652893,14.18405818939209,0.0055892821401357,0.0100027462467551,0.019121415913105,0.0055072861723601,0.0098176421597599,0.0184120256453752,0.0053391451947391,0.0095103587955236,0.018844136968255,0.0072502412367612,0.0073039978742599,0.0090976313222199,0.0092985946685075,0.0193610414862632,0.0197404976934194,0.0072302719345316,0.0072748926468193,0.0074998624622821,0.0076344385743141,0.0067985405912622,0.0068811234086751,0.0067985405912622,0.0068811234086751,first,1.0,0.0,0.6751970052719116,-1.0162582397460938,0.0,0.6751970052719116,1.0,0.6759307384490967,False,0.6754979491233826,0.0002961293212138,0.000733733177185,0.0193610414862632,0.0003732818004209,0.0067985407076776,9.086299542104824e-05,127097,127098,96,16,0,False,False,0.0,0.0,0.2343040566808628,0.0145270695498542,1.040111366385621e-09,1.0401113581526287e-09,0.0,0.0,0.0,0.0,144.0,9.0,144.0,0.8687515566748328,0.8865023462334403,0.0909090909090909,0.1817971529441634,0.1806074082811462,0.2272464411802043,0.1308864761209766,0.7096649803383863,2.548113593384902,5.613500593021968,523.1651000976562,12.527403831481934,20.94441596003812,0.8311657828135717,1491.5074462890625,20.38461303710937,16.39454934967229,0.803761386661916,0.0194680225104093,0.0045584272593259,0.0140143185853958,0.0114889172837138,0.0146372467279434,0.6751970052719116,0.6751970052719116,0.0139306206302972,0.1797980028862485,14.0,0.1797980028862485,0.0152306859379016,0.0,1.6514075493068657e-18,0.0,4.336808689942019e-19,5.551115123125783e-15,0.0,0.0,2.460625911935132e-16,0.0,9.161537941010541e-18,5.551115123125783e-15,0.0,True,121,8,success,-1,True,False,False,-1,,cream_cheese_1,False,-1,False,-1,False,0.0,1.0,121,66,0.2343040566808628,0.998485833710662,0.2950720621202796,3.203706017698641,1852513.6469167804,0.3248029947280884,,,,,,,,,,False,False
libero_object,1,1,0,1,122097,0,122097,6,96,pick up the cream cheese and place it in the basket,-1,-1,none,-1,-1,-1,-1,4.0,0.0010938211344182,0.0072553823702037,0.0039068073965609,0.0018227173713967,0.0004934340831823,0.0007082936353981,0.0056995437480509,0.7954283952713013,0.0001554321352159,0.0003950595855712,0.0004593102494254,0.0008569050114601,0.5473188161849976,1.5,16.990806579589844,0.8923524618148804,2.772634029388428,18.207141876220703,0.005751836579293,0.010240089148283,0.0197527594864368,0.0055252974852919,0.0099219568073749,0.0207566935569047,0.0055441134609282,0.0099019641056656,0.0167291648685932,0.0073858479736372,0.0074722017161548,0.0092300192918628,0.0098456107079982,0.0193169750273227,0.0196249559521675,0.0072855011094361,0.0073522320017218,0.0075390386627987,0.0076524685136973,0.0070825886214151,0.0072218356654047,0.0070825886214151,0.0072218356654047,first,1.0,0.0,0.7955348491668701,0.6848898530006409,0.0,0.7955348491668701,1.0,0.7955663204193115,False,0.7954283952713013,0.0001554321352159,0.0003950595855712,0.0193169750273227,0.0004320130683481,0.0070825885049998,0.0001066194672603,128097,128098,112,16,0,False,False,0.0,0.0,0.2342875074750766,0.0146281817370538,1.0401113670888064e-09,1.0401113581526287e-09,0.0,0.0,0.0,0.0,144.0,9.0,144.0,0.7500496621162439,0.8466071087483813,0.0777777777777777,0.1619322995134677,0.1499396961149123,0.2024153743918347,0.3351546780370324,1.8380197950957915,3.5019587478398044,33.52306890932226,667.2044677734375,13.977758407592772,19.888214150804732,0.7847209917017233,1345.2435302734375,21.032413482666016,16.84279448811934,0.8410299162354268,0.0129420617595314,0.002904477994889,0.0096847750246524,0.0081554856151342,0.0099867722019553,0.7955348491668701,0.7955348491668701,0.0112966798189498,0.1499188827069422,14.0,0.1499188827069422,0.0082346347583443,0.0,2.6020852139652106e-18,0.0,0.0,5.551115123125783e-15,0.0,0.0,2.615811151544254e-16,0.0,3.2397641815625605e-18,5.551115123125783e-15,0.0,True,121,8,success,-1,True,False,False,-1,,cream_cheese_1,False,-1,False,-1,False,0.0,1.0,121,66,0.2343040566808628,0.998485833710662,0.2950720621202796,3.203706017698641,1852513.6469167804,0.2044651508331298,,,,,,,,,,False,False
libero_object,1,1,0,1,122097,0,122097,7,112,pick up the cream cheese and place it in the basket,-1,-1,none,-1,-1,-1,-1,4.0,0.0029456291813403,0.045442808419466,0.0112724434584379,0.0045131128281354,0.0009213780867867,0.0043159304186701,0.0172219071537256,0.966122031211853,0.0002879375824704,0.0007014870643615,0.000529900949914,0.0009868632769212,0.5286513566970825,1.4790199995040894,13.04559326171875,0.9938458204269408,3.3447721004486084,21.545011520385746,0.0071451505646109,0.0133813880383968,0.0641847401857376,0.0055873929522931,0.0098684290423989,0.0165994074195623,0.0057795168831944,0.0102121848613023,0.0181884970515966,0.0080676730722188,0.0081398049369454,0.015925352461636,0.0208099335432052,0.0254936818964779,0.0297991037368774,0.0074357560370117,0.0074869450181722,0.0077621727250516,0.0078839203342795,0.0075383513467386,0.0076534776017069,0.0075383513467386,0.0076534776017069,first,1.0,0.0,0.9662190675735474,0.3370048403739929,0.0,0.9662190675735474,2.0,0.9665508270263672,False,0.966122031211853,0.0002879375824704,0.0007014870643615,0.0254936814308166,0.0025332903023809,0.0075383516959846,8.181740122381598e-05,129097,129099,121,9,0,False,True,1.0,1.0,0.1818631241895427,0.0147731716341661,1.0401113674973679e-09,1.0401113581526287e-09,0.0,0.0,0.0,0.0,42.0,9.0,42.0,0.3813356881666485,0.4635109280329609,0.0625,0.0418094734531671,0.0305925605717602,0.092909941007038,0.5781405504068062,4.969723814432131,13.892220268745394,145.0707601744404,661.5589599609375,13.88655948638916,19.92511805096293,0.7890831270933132,1392.8170166015625,21.197996139526367,16.69186296777149,0.8384016895626512,0.5311739444732666,0.0951577126979827,0.3847620785236358,0.039407692849636,0.0370190665125846,0.0337809324264526,0.9662190675735474,0.0083528897495376,0.0949944143173704,14.0,0.0949944143173704,0.0219460421761499,0.0,2.0571289854941608e-18,0.0,6.133173666733498e-19,3.1225022567582528e-15,0.0,0.0,1.3799640750150367e-16,0.0,4.9596258083308724e-18,3.1225022567582528e-15,0.0,True,121,8,success,-1,True,False,False,-1,,cream_cheese_1,False,-1,False,-1,False,0.0,1.0,121,66,0.2343040566808628,0.998485833710662,0.2950720621202796,3.203706017698641,1852513.6469167804,0.0337809324264526,,,,,,,,,,False,False
libero_object,1,2,0,2,122194,0,122194,0,0,pick up the cream cheese and place it in the basket,-1,-1,none,-1,-1,-1,-1,4.0,0.0018640934722498,0.0098033510148525,0.0086924573406577,0.003524420550093,0.0005442092660814,0.0008427654975093,0.010615331120789,0.2911981344223022,0.0007846821681596,0.0021157264709472,0.0009867680491879,0.0020009260624647,0.6666446924209595,1.9202864170074463,23.28626251220703,1.5052692890167236,5.847007751464844,36.78994369506836,0.0061833998188376,0.011404812335968,0.0214266162365674,0.0055781616829335,0.0099118771031498,0.0201081577688455,0.005793213378638,0.0102866599336266,0.0159579366445541,0.0076223101932555,0.0077179088257253,0.0099882066715508,0.0102334693074226,0.0207970733754336,0.0212576258927583,0.0073124864138662,0.0074712419882416,0.0075983703136444,0.007828002795577,0.0072908635484054,0.0074650924652814,0.0072908635484054,0.0074650924652814,first,1.0,0.0,0.2903485298156738,-1.0827372074127195,0.0,0.2903485298156738,3.0,0.2924642562866211,False,0.2911981344223022,0.0007846821681596,0.0021157264709472,0.0207970738410949,0.0004653118085116,0.0072908634319901,0.0001085432668332,122194,122197,16,16,0,False,False,0.0,0.0,2.324529457808921e-16,0.2567336141328923,1.0401113633140918e-09,1.0401113581526287e-09,0.0,0.0,0.0,0.0,0.0,0.0,0.0,0.5521903036133199,0.8214062080197251,0.0666666666666666,0.1015782406593815,0.1006208515414044,0.1269728008242269,0.2864109442503715,1.659684544516311,3.268922652692458,73.89365441371001,513.9658813476562,12.073162078857422,21.021460707330416,0.8277444577548334,904.7115478515624,15.243695259094238,18.565702271266478,0.8785538323089734,0.0161883160471916,0.0044117216020822,0.0100800693035125,0.0144850332289934,0.006888176780194,0.2903485298156738,0.2903485298156738,1.6897263738440355e-10,1.1791583321477212e-09,14.0,2.6367796834847473e-16,1.3202724244082569e-18,5.463251379067557e-14,2.158541933696721e-14,2.8050314110420908e-12,2.8171844402922407e-12,1.1791581933704331e-09,7.958382443651547e-13,1.1796119636642288e-16,2.949658041759655e-16,9.743941764561724e-15,6.457875220084188e-18,1.1791583321477212e-09,7.95697509787748e-13,True,120,8,success,-1,True,False,False,-1,,cream_cheese_1,False,-1,False,-1,False,0.0,1.0,120,64,0.2338682547030107,1.007409831527097,0.2997765956504462,3.456795153485224,2870651.2353267586,0.7096514701843262,,,,,,,,,,False,False
libero_object,1,2,0,2,122194,0,122194,1,16,pick up the cream cheese and place it in the basket,-1,-1,none,-1,-1,-1,-1,4.0,0.0019176156492903,0.0090128714218735,0.0115884141996502,0.0036466587334871,0.0005676353466697,0.0007804263150319,0.0109225250780582,0.3359835743904114,0.0004009022086393,0.0010843873023986,0.0006201462820172,0.0009723183466121,0.9005343914031982,2.861380815505981,26.59299659729004,2.5403077602386475,10.1118745803833,65.89954376220703,0.0063156699761748,0.0115850865840911,0.0205192640423774,0.0055868090130388,0.0099801830947399,0.0191613156348466,0.005619968753308,0.0099671725183725,0.0186117012053728,0.007735118153505,0.0077878208830952,0.0102191804908216,0.0107580069452524,0.0205893646925687,0.0207630433142185,0.0074743105797097,0.0075305649079382,0.0078647107584401,0.008025168441236,0.0071241355035454,0.0072847255505621,0.0071241355035454,0.0072847255505621,first,1.0,0.0,0.3360883593559265,0.2613728940486908,0.0,0.3360883593559265,3.0,0.3364089131355285,False,0.3359835743904114,0.0004009022086393,0.0010843873023986,0.0205893665552139,0.0001319877337664,0.0071241352707147,0.0001255535753443,123194,123197,32,16,0,False,False,0.0,0.0,2.324529457808921e-16,0.1288589794893039,1.0401113638691447e-09,1.0401113581526287e-09,0.0,0.0,0.0,0.0,0.0,0.0,0.0,0.7719812049743476,0.8489000496680673,0.1222222222222222,0.1622106675772285,0.1542569330665703,0.2027633344715356,0.2669247797253202,1.4944908627667786,3.9870925796483503,26.9519538270442,548.0704956054688,12.190369606018066,20.742439376328367,0.8242364432692608,895.9449462890625,15.30662727355957,18.6079903676097,0.8737093543060951,0.0121230436488986,0.003368318080902,0.0070693120360374,0.0057358844205737,0.0102432603016495,0.3360883593559265,0.3360883593559265,8.118497148367944e-16,5.551115123125783e-15,14.0,0.0,8.132813883607966e-19,0.0,1.865331948590913e-18,0.0,6.133173666733498e-19,5.551115123125783e-15,0.0,0.0,2.5758161150233584e-16,0.0,2.79221925759357e-18,5.551115123125783e-15,0.0,True,120,8,success,-1,True,False,False,-1,,cream_cheese_1,False,-1,False,-1,False,0.0,1.0,120,64,0.2338682547030107,1.007409831527097,0.2997765956504462,3.456795153485224,2870651.2353267586,0.6639116406440735,,,,,,,,,,False,False
libero_object,1,2,0,2,122194,0,122194,2,32,pick up the cream cheese and place it in the basket,-1,-1,none,-1,-1,-1,-1,4.0,0.001978461863473,0.0092125022783875,0.0056987581774592,0.0036676751915365,0.0007103231619112,0.0007152382167987,0.0113730290904641,0.4158565700054168,0.0003645646502263,0.0008891522884368,0.0007544268737547,0.0018655190942808,0.8013703227043152,2.549509763717652,20.72438240051269,2.1640067100524902,8.437268257141113,68.42697143554688,0.0063646137714385,0.0115874838083982,0.0217225980013608,0.0055133821442723,0.0098721329122781,0.0175865162163972,0.0053006592206656,0.0094061642885208,0.0171841662377119,0.0076591722900047,0.0077058640308678,0.0095145644154399,0.0097030913457274,0.0203013638965785,0.0208484921604394,0.007495057536289,0.0075954664498567,0.0081160909030586,0.0083722993731498,0.0067565670469775,0.0069062951952219,0.0067565670469775,0.0069062951952219,first,1.0,0.0,0.4152429699897766,-1.6831034421920776,0.0,0.4152429699897766,3.0,0.4161321222782135,False,0.4158565700054168,0.0003645646502263,0.0008891522884368,0.0203013643622398,0.0005384391988627,0.0067565669305622,0.0001054716049111,124194,124197,48,16,0,False,False,0.0,0.0,2.324529457808921e-16,0.0178760468088354,1.040111364453824e-09,1.0401113581526287e-09,0.0,0.0,0.0,0.0,7.0,5.0,0.0,0.6848600305172536,0.8561696342237345,0.0333333333333333,0.1325437450572981,0.1290496806197644,0.1656796813216226,0.3872284383174741,5.132080830225535,50.580649391316754,2453.608630066192,563.068115234375,12.749348640441896,20.625194255528772,0.8303009377706695,796.0272827148438,13.017006874084473,19.121524080429847,0.903837691089598,0.0400016978383064,0.0085157044231891,0.0341545194387435,0.0143738538026809,0.034271091222763,0.4152429699897766,0.4152429699897766,8.1131011539191245e-16,5.551115123125783e-15,14.0,0.0,2.4737487184837626e-18,0.0,3.0665868333667487e-18,0.0,6.133173666733498e-19,5.551115123125783e-15,0.0,0.0,2.453277133148503e-16,0.0,4.630003001834044e-18,5.551115123125783e-15,0.0,True,120,8,success,-1,True,False,False,-1,,cream_cheese_1,False,-1,False,-1,False,0.0,1.0,120,64,0.2338682547030107,1.007409831527097,0.2997765956504462,3.456795153485224,2870651.2353267586,0.5847570300102234,,,,,,,,,,False,False
libero_object,1,2,0,2,122194,0,122194,3,48,pick up the cream cheese and place it in the basket,-1,-1,none,-1,-1,-1,-1,4.0,0.0547987408936023,1.004241943359375,0.0212131179869174,0.060116458684206,0.0066071548499166,0.1834203451871872,0.431821346282959,0.4950539469718933,0.0070286793634295,0.0184615552425384,0.0055427546612918,0.0256626810878515,4.666685581207275,27.96761512756348,105.24376678466795,8.159624099731445,31.257482528686523,108.27973175048828,0.0629892125725746,0.2349012196063995,1.0191876888275146,0.0084199681878089,0.0266420803964138,0.0378237068653106,0.0148474583402276,0.0202250629663467,0.0294073391705751,0.0083364020101726,0.0087130665779113,0.0229087118059396,0.0508255138993263,0.0312916273251175,0.0549043342471122,0.0072450576117262,0.0072966739535331,0.007580678211525,0.0078240009024739,0.0068398524308577,0.0069485991261899,0.0068398524308577,0.0069485991261899,first,1.0,0.0,0.4906606078147888,-0.6250590085983276,0.0,0.4906606078147888,2.0,0.5052558779716492,False,0.4950539469718933,0.0070286793634295,0.0184615552425384,0.031291626393795,0.0136417374014854,0.0068398523144423,0.0001385196665069,125194,125196,64,16,0,False,False,0.0,0.0,0.0370640359959942,0.012125179949571,1.0401113650681301e-09,1.0401113581526287e-09,0.0,0.0,0.0,0.0,70.0,6.0,38.0,0.4319573519612188,0.9146564511480296,0.1222222222222222,0.0393199175228633,0.0379571963645697,0.0491498969035791,0.3373462969404185,2.9285610872720333,11.144631960922382,3045.3465272942835,547.5232543945312,12.441844940185549,20.746777916192165,0.8344391092314196,1083.003662109375,15.88832664489746,17.784504357003883,0.875440880765844,0.1423110365867614,0.0267104674130678,0.1116770356893539,0.0118679637089371,0.0123813152313232,0.4906606078147888,0.4906606078147888,0.0039241404392059,0.0383807677703481,14.0,0.0383807677703481,0.016557198378524,0.0,3.730663897181825e-18,0.0,0.0,5.551115123125783e-15,0.0,0.0,2.453277133148503e-16,0.0,9.294762366534244e-18,5.551115123125783e-15,0.0,True,120,8,success,-1,True,False,False,-1,,cream_cheese_1,False,-1,False,-1,False,0.0,1.0,120,64,0.2338682547030107,1.007409831527097,0.2997765956504462,3.456795153485224,2870651.2353267586,0.5093393921852112,,,,,,,,,,False,False
libero_object,1,2,0,2,122194,0,122194,4,64,pick up the cream cheese and place it in the basket,-1,-1,none,-1,-1,-1,-1,4.0,0.0011445574928075,0.0067291222512722,0.0075644394382834,0.0019423697376623,0.0004862394125666,0.0007260749116539,0.0064793438650667,0.5716956853866577,0.0002183632022934,0.000521183013916,0.0004741721786558,0.0006484414334408,0.5354111790657043,1.5,15.99023151397705,0.7316752076148987,2.0463380813598637,23.20021629333496,0.0058792871423065,0.0104707852005958,0.0182086005806922,0.0054609896615147,0.0097320945933461,0.0177596230059862,0.0053820572793483,0.0096407560631632,0.0165356118232011,0.0075593414949253,0.0076516778208315,0.0097614033147692,0.0100257592275738,0.0201620804145932,0.0208291020244359,0.0072642851155251,0.0074230739846825,0.0076659593032673,0.0078455926850438,0.0068901581689715,0.0069893696345388,0.0068901581689715,0.0069893696345388,first,1.0,0.0,0.5718228816986084,0.5824988484382629,0.0,0.5718228816986084,2.0,0.5718393325805664,False,0.5716956853866577,0.0002183632022934,0.000521183013916,0.0201620813459157,0.0004592094046529,0.0068901581689715,8.138974226312712e-05,126194,126196,80,16,0,False,False,0.0,0.0,0.1967629043317376,0.0120378443320735,1.0401113657120623e-09,1.0401113581526287e-09,0.0,0.0,0.0,0.0,116.0,9.0,116.0,0.9074692765030612,1.0068424125096758,0.1136363636363636,0.1900339010696288,0.1780258392750413,0.237542376337036,0.3701837270734326,2.052852335232385,5.256033046339489,39.153241147141394,541.7691040039062,12.09945011138916,20.792661264003826,0.8253997742338351,926.571533203125,16.071115493774414,18.462014075031597,0.8774517115472917,0.0231058746576309,0.0054880231618881,0.0157544929534196,0.0036879319231957,0.0085011171177029,0.5718228816986084,0.5718228816986084,0.0162577565690487,0.1771849754372737,14.0,0.1771849754372737,0.0504236165293975,0.0,1.788112030672749e-18,0.0,0.0,5.551115123125783e-15,0.0,0.0,3.068708177724073e-16,0.0,6.7071521166483255e-18,5.551115123125783e-15,0.0,True,120,8,success,-1,True,False,False,-1,,cream_cheese_1,False,-1,False,-1,False,0.0,1.0,120,64,0.2338682547030107,1.007409831527097,0.2997765956504462,3.456795153485224,2870651.2353267586,0.4281771183013916,,,,,,,,,,False,False
libero_object,1,2,0,2,122194,0,122194,5,80,pick up the cream cheese and place it in the basket,-1,-1,none,-1,-1,-1,-1,4.0,0.0009118266752921,0.0033234662842005,0.0044387867674231,0.0015333195915445,0.0002374773612245,0.0010703961597755,0.0049089076928794,0.6772555112838745,0.0001815022551454,0.0004982352256774,0.0005057754460722,0.0009587576496414,0.5293094515800476,1.4790199995040894,18.61450958251953,0.6899621486663818,1.8708287477493288,13.29238510131836,0.0056378901936113,0.010045101866126,0.0179702080786228,0.0055518271401524,0.0098854154348373,0.0182380937039852,0.0054270490072667,0.0096313646063208,0.0170280989259481,0.007239180849865,0.0074102273210883,0.0090550547465682,0.0094613283872604,0.0189893296919763,0.0196339394897222,0.0072828399715945,0.0076417326927185,0.0075708390213549,0.0079837078228592,0.0068882664199918,0.0071877934969961,0.0068882664199918,0.0071877934969961,first,1.0,0.0,0.6769629716873169,-1.611768364906311,0.0,0.6769629716873169,1.0,0.6774612069129944,False,0.6772555112838745,0.0001815022551454,0.0004982352256774,0.0189893301576375,0.0006539482856169,0.0068882661871612,0.0002118482952937,127194,127195,96,16,0,False,False,0.0,0.0,0.2338682547030107,0.012009943652571,1.040111366385621e-09,1.0401113581526287e-09,0.0,0.0,0.0,0.0,144.0,9.0,144.0,0.8672252574227082,0.8839036940166822,0.1666666666666666,0.1813649201657348,0.1796923243830151,0.2267061502071685,0.1405064639500206,0.6677372456832859,2.1447800938259083,4.723883293392776,539.7581176757812,12.780652046203612,20.808811782538847,0.826810840463556,1353.4217529296875,19.44259452819824,16.81647208447512,0.825242177892761,0.0180762503296136,0.0041635427623987,0.0147379636764526,0.0024322860408574,0.0154983419924974,0.6769629716873169,0.6769629716873169,0.0141357293773647,0.1790471521157212,14.0,0.1790471521157212,0.0188530591673745,0.0,6.857096618313871e-19,0.0,0.0,5.551115123125783e-15,0.0,0.0,2.460625911935132e-16,0.0,4.1761765288503074e-18,5.551115123125783e-15,0.0,True,120,8,success,-1,True,False,False,-1,,cream_cheese_1,False,-1,False,-1,False,0.0,1.0,120,64,0.2338682547030107,1.007409831527097,0.2997765956504462,3.456795153485224,2870651.2353267586,0.3230370283126831,,,,,,,,,,False,False
libero_object,1,2,0,2,122194,0,122194,6,96,pick up the cream cheese and place it in the basket,-1,-1,none,-1,-1,-1,-1,4.0,0.0011474845232442,0.0046647475101053,0.0034887336660176,0.0019664394203573,0.0004091691225767,0.0009055659174919,0.0060110143385827,0.7975912094116211,0.0002606954949442,0.0006607174873352,0.0005928830360062,0.0009670190629549,0.5808801054954529,1.5811388492584229,15.64249038696289,1.0623493194580078,3.535533905029297,22.796655654907227,0.0057745412923395,0.0102673741057515,0.016845503821969,0.0054343482479453,0.0096973180770874,0.0174204781651496,0.0054996791295707,0.0097931614145636,0.0172854997217655,0.007467561867088,0.0075235101394355,0.0096039467025548,0.0104120327159762,0.0195361506193876,0.0212254282087087,0.0071871351683512,0.0073204091750085,0.0074606536654755,0.0076431995257735,0.0070658908225595,0.0071613928303122,0.0070658908225595,0.0071613928303122,first,1.0,0.0,0.7976135611534119,0.0857388898730278,0.0,0.7976135611534119,1.0,0.7978202700614929,False,0.7975912094116211,0.0002606954949442,0.0006607174873352,0.0195361506193876,0.0010841933544725,0.0070658908225595,6.88156796968542e-05,128194,128195,112,16,0,False,False,0.0,0.0,0.2332299318952618,0.0121497679810155,1.0401113670888064e-09,1.0401113581526287e-09,0.0,0.0,0.0,0.0,144.0,9.0,144.0,0.7422089568092458,0.8539774352219175,0.0777777777777777,0.1605405227953256,0.1469863773805828,0.2006756534941571,0.3465579938450225,1.8372736562537653,3.751000799690976,35.5808393755615,665.8253784179688,13.90719985961914,19.89720016282121,0.7860612008315656,1523.368408203125,22.89948081970215,16.302754159682443,0.8196431507280112,0.0113073857501149,0.0029845323879271,0.0075514912605285,0.0081276046112179,0.0067146667279303,0.7976135611534119,0.7976135611534119,0.0108138692059657,0.1469567404841367,14.0,0.1469567404841367,0.0044374283993723,0.0,1.264386142409949e-18,0.0,4.336808689942019e-19,5.551115123125783e-15,0.0,0.0,2.6058194180096943e-16,0.0,5.542316921179868e-18,5.551115123125783e-15,0.0,True,120,8,success,-1,True,False,False,-1,,cream_cheese_1,False,-1,False,-1,False,0.0,1.0,120,64,0.2338682547030107,1.007409831527097,0.2997765956504462,3.456795153485224,2870651.2353267586,0.2023864388465881,,,,,,,,,,False,False
libero_object,1,2,0,2,122194,0,122194,7,112,pick up the cream cheese and place it in the basket,-1,-1,none,-1,-1,-1,-1,4.0,0.0014284218195825,0.0063977902755141,0.0082290414720773,0.0024675240274518,0.0006238070200197,0.0007249595946632,0.0078011681325733,0.9820567965507508,0.0002604312030598,0.000599980354309,0.000519243942108,0.0009322756668552,0.5594385862350464,1.5,16.309507369995117,1.2133216857910156,4.7434163093566895,30.111251831054688,0.0059024314396083,0.010503577068448,0.0186237264424562,0.0055475072003901,0.0098646245896816,0.01585653424263,0.0059540574438869,0.0106150666251778,0.0185888558626174,0.0075386310927569,0.0076195523142814,0.0094979121349751,0.0097407000139355,0.0207708999514579,0.021414952352643,0.0073435105150565,0.007484349887818,0.0076620443724095,0.0078514050692319,0.0077864341437816,0.0078654205426573,0.0077864341437816,0.0078654205426573,first,1.0,0.0,0.9817882776260376,-1.0310550928115845,0.0,0.9817882776260376,1.0,0.9823882579803468,False,0.9820567965507508,0.0002604312030598,0.000599980354309,0.0207708999514579,0.0004377264413051,0.0077864341437816,8.281788905151188e-05,129194,129195,120,8,0,False,True,1.0,1.0,0.1815782649785801,0.0122753111679562,1.0401113674515092e-09,1.0401113581526287e-09,0.0,0.0,0.0,0.0,33.0,9.0,33.0,0.416774005622288,0.4742887972801784,0.0714285714285714,0.0398179166796361,0.033677941638225,0.0995447916990903,0.5904236692483743,7.574668906942166,23.34871459379223,208.62266660773628,660.2808837890625,13.878467559814451,19.93351636948077,0.7892437576642918,1384.57568359375,20.66573715209961,16.717636607583074,0.8369637315070158,0.5371304750442505,0.0928922593593597,0.3912188112735748,0.0326700173318386,0.0216714181005954,0.0182117223739624,0.9817882776260376,0.0074466892072162,0.0855157623920895,14.0,0.0855157623920895,0.0187378865089318,0.0,5.222209201006512e-18,0.0,0.0,2.7755575615628917e-15,0.0,0.0,1.226634733346699e-16,0.0,3.1233498622260877e-18,2.7755575615628917e-15,0.0,True,120,8,success,-1,True,False,False,-1,,cream_cheese_1,False,-1,False,-1,False,0.0,1.0,120,64,0.2338682547030107,1.007409831527097,0.2997765956504462,3.456795153485224,2870651.2353267586,0.0182117223739624,,,,,,,,,,False,False
libero_object,1,3,0,3,122291,0,122291,0,0,pick up the cream cheese and place it in the basket,-1,-1,none,-1,-1,-1,-1,4.0,0.002613405464217,0.012370060198009,0.007717243861407,0.0051236459985375,0.0007271955837495,0.0007413131534121,0.0146755026653409,0.2917975485324859,0.0007003686623647,0.0018823146820068,0.000837055617012,0.0024936678819358,0.7641633152961731,2.384848117828369,26.89214515686035,2.4224910736083984,10.568230628967283,66.19100952148438,0.0067156669683754,0.0125634893774986,0.0265587829053401,0.0056127277202904,0.0100087933242321,0.0179971791803836,0.005724680610001,0.0101709030568599,0.0163659919053316,0.0076035665115341,0.0076623535715043,0.0096211009658873,0.0100920433178544,0.0199453542008996,0.019963439553976,0.0073158498853445,0.0073356949724256,0.0076484049204736,0.0077449791133403,0.0072742816992104,0.0073635750450193,0.0072742816992104,0.0073635750450193,first,1.0,0.0,0.2916319370269775,-0.2364633232355117,0.0,0.2916319370269775,1.0,0.2929540872573852,False,0.2917975485324859,0.0007003686623647,0.0018823146820068,0.019945353269577,1.5274294128175825e-05,0.0072742816992104,5.685231371899136e-05,122291,122292,16,16,0,False,False,0.0,0.0,2.324529457808921e-16,0.2566110879663398,1.0401113633140918e-09,1.0401113581526287e-09,0.0,0.0,0.0,0.0,0.0,0.0,0.0,0.5516026756049621,0.8221968220697985,0.0666666666666666,0.101547734248619,0.100756812805164,0.1269346678107738,0.2865675103008557,1.5800483349467187,3.9163992965668246,73.91306220814057,516.318359375,12.091073036193848,21.00162792796298,0.8267449515485441,902.171875,15.32795238494873,18.57791076925432,0.8783564778449885,0.014670968055725,0.0039348439313471,0.0090487152338027,0.0122751025483012,0.0078219724819064,0.2916319370269775,0.2916319370269775,1.6897263753574304e-10,1.1791583321477212e-09,14.0,2.6367796834847473e-16,1.8614499932665882e-18,5.463251379067557e-14,2.1586934277891396e-14,2.8050314110420908e-12,2.817184949602812e-12,1.1791581933704331e-09,7.958382443651547e-13,1.1796119636642288e-16,2.9537615257327653e-16,9.743941764561724e-15,5.6008503034779185e-18,1.1791583321477212e-09,7.95697509787748e-13,True,122,8,success,-1,True,False,False,-1,,cream_cheese_1,False,-1,False,-1,False,0.0,1.0,122,64,0.2418891827781412,1.0081664493406437,0.296112806646634,2.917996720641918,1401139.1495648616,0.7083680629730225,,,,,,,,,,False,False
libero_object,1,3,0,3,122291,0,122291,1,16,pick up the cream cheese and place it in the basket,-1,-1,none,-1,-1,-1,-1,4.0,0.0020928620360791,0.0164178628474473,0.0075662424787878,0.0040172599256038,0.0006164889782667,0.0007487871916964,0.0123984804376959,0.3374985456466675,0.0003934424312319,0.0009088218212127,0.0005702957278117,0.0013016068842262,0.8049089908599854,2.4874684810638428,28.613807678222656,2.2573556900024414,9.117021560668944,60.11863327026367,0.0064136111177504,0.0118940863758325,0.0268513150513172,0.0054946783930063,0.0096718640998005,0.0170057024806737,0.0055383616127073,0.009816444478929,0.0169262401759624,0.0076910452917218,0.0077221980318427,0.0097044201102107,0.0110715422779321,0.0210211919620633,0.0212822090834379,0.0073738107457757,0.0074518048204481,0.0077273992355912,0.0078660827130079,0.0070114666596055,0.0070503558963537,0.0070114666596055,0.0070503558963537,first,1.0,0.0,0.3372602760791778,-0.6056020855903625,0.0,0.3372602760791778,3.0,0.3378848433494568,False,0.3374985456466675,0.0003934424312319,0.0009088218212127,0.0210211910307407,0.0002656814176589,0.0070114666596055,2.274367034260649e-05,123291,123294,32,16,0,False,False,0.0,0.0,2.324529457808921e-16,0.1257778121271389,1.0401113638691447e-09,1.0401113581526287e-09,0.0,0.0,0.0,0.0,0.0,0.0,0.0,0.7798191750086391,0.8632983398219753,0.1136363636363636,0.1635716764946126,0.1556392306559553,0.2044645956182658,0.2723234161351804,1.492313357019949,4.237296362503341,27.245286777159347,556.3381958007812,12.30499267578125,20.67741483102061,0.8211406109045013,884.0174560546875,15.117619514465332,18.66619520070474,0.8739554866069222,0.0089672831818461,0.0026940379757434,0.005299799144268,0.0056586517021059,0.0066157006658613,0.3372602760791778,0.3372602760791778,8.120463930955314e-16,5.551115123125783e-15,14.0,0.0,1.1876899715907044e-18,0.0,6.133173666733498e-19,0.0,4.336808689942019e-19,5.551115123125783e-15,0.0,0.0,2.577691976159136e-16,0.0,6.415371262702336e-18,5.551115123125783e-15,0.0,True,122,8,success,-1,True,False,False,-1,,cream_cheese_1,False,-1,False,-1,False,0.0,1.0,122,64,0.2418891827781412,1.0081664493406437,0.296112806646634,2.917996720641918,1401139.1495648616,0.6627397239208221,,,,,,,,,,False,False
libero_object,1,3,0,3,122291,0,122291,2,32,pick up the cream cheese and place it in the basket,-1,-1,none,-1,-1,-1,-1,4.0,0.0016781783197075,0.0078273508697748,0.0053688148036599,0.0030779528897255,0.0005780359497293,0.00077928166138,0.0098038036376237,0.4218199849128723,0.0004903068765997,0.0013807117938995,0.0009411738719791,0.0017089812317863,0.7635129690170288,2.384848117828369,20.116846084594727,2.20084810256958,8.746427536010742,74.06880187988281,0.0061089554801583,0.0111258691176772,0.0197962373495101,0.0055817742832005,0.0099058225750923,0.0175254587084054,0.0053454041481018,0.0094803823158144,0.0187556184828281,0.0076634421711787,0.0077909431420266,0.009646866004914,0.0102556739002466,0.0203305971808731,0.0212133191525936,0.007554271724075,0.0076508810743689,0.0079948776401579,0.0080946134403347,0.0067405246663838,0.0069219805300235,0.0067405246663838,0.0069219805300235,first,1.0,0.0,0.4218974709510803,0.1580357998609542,0.0,0.4218974709510803,2.0,0.4224928319454193,False,0.4218199849128723,0.0004903068765997,0.0013807117938995,0.0203305967152118,0.000606290239375,0.0067405244335532,0.0001412047713529,124291,124293,48,16,0,False,False,0.0,0.0,2.324529457808921e-16,0.0240249543691795,1.040111364453824e-09,1.0401113581526287e-09,0.0,0.0,0.0,0.0,11.0,6.0,0.0,0.6937338702214213,0.8464678320230725,0.0333333333333333,0.1308489161918942,0.1265622844308227,0.1635611452398677,0.4157034602711171,3.9414240895859782,28.668200469287424,897.5487801493576,511.5057373046875,12.2048921585083,21.04229851527859,0.846023224277789,831.997314453125,13.3349609375,18.92958436404195,0.8984788680205146,0.0325210131704807,0.007612878922373,0.0286812037229537,0.0092708375304937,0.029799859970808,0.4218974709510803,0.4218974709510803,8.112136575518554e-16,5.551115123125783e-15,14.0,0.0,1.4330472662608165e-18,0.0,1.3714193236627741e-18,0.0,6.133173666733498e-19,5.551115123125783e-15,0.0,0.0,2.453269466693398e-16,0.0,6.016228848473046e-18,5.551115123125783e-15,0.0,True,122,8,success,-1,True,False,False,-1,,cream_cheese_1,False,-1,False,-1,False,0.0,1.0,122,64,0.2418891827781412,1.0081664493406437,0.296112806646634,2.917996720641918,1401139.1495648616,0.5781025290489197,,,,,,,,,,False,False
libero_object,1,3,0,3,122291,0,122291,3,48,pick up the cream cheese and place it in the basket,-1,-1,none,-1,-1,-1,-1,4.0,0.0354387499392032,0.8720442652702332,0.0098305884748697,0.0344777517020702,0.0028360793367028,0.1361297816038131,0.268483430147171,0.5129117965698242,0.0045937201939523,0.0128014087677001,0.0035248254425823,0.0134637588635087,3.2981035709381104,18.28250503540039,82.88697052001953,5.059266567230225,20.789119720458984,95.70919799804688,0.0408567897975444,0.1243109256029129,0.8977421522140503,0.0068749566562473,0.0149814905598759,0.0242483746260404,0.010452234186232,0.0156697649508714,0.0250884797424078,0.0082269049016758,0.0087546100839972,0.0223085395991802,0.0394557155668735,0.0286478935740888,0.0438619777560234,0.0073424014262855,0.0074399295262992,0.0077342698350548,0.0079654427245259,0.0069470850285142,0.0070928498171269,0.0069470850285142,0.0070928498171269,first,1.0,0.0,0.51155686378479,-0.2949532568454742,0.0,0.51155686378479,3.0,0.5198262333869934,False,0.5129117965698242,0.0045937201939523,0.0128014087677001,0.0286478940397501,0.0087844803929328,0.0069470852613449,0.0001311239175265,125291,125294,64,16,0,False,False,0.0,0.0,0.0454487337210449,0.0203585433457217,1.0401113650681301e-09,1.0401113581526287e-09,0.0,0.0,0.0,0.0,72.0,8.0,52.0,0.3973937905276893,0.9206916399729748,0.1111111111111111,0.0566249376029151,0.0502796082380285,0.0707811720036439,0.4141895644543747,3.39034661300541,10.228676668278272,1516.44604540733,559.5944213867188,12.566645622253418,20.652069845210317,0.8324333531135557,634.2037353515625,12.9638671875,20.108515652490663,0.9277274564956982,0.1097080931067466,0.0207002498209476,0.0905424132943153,0.0100065255537629,0.0122963180765509,0.51155686378479,0.51155686378479,0.005043707283987,0.0461452752693502,14.0,0.0461452752693502,0.0244666267064572,0.0,1.734723475976807e-18,0.0,0.0,5.551115123125783e-15,0.0,0.0,2.4563379677500105e-16,0.0,3.3287189493749055e-18,5.551115123125783e-15,0.0,True,122,8,success,-1,True,False,False,-1,,cream_cheese_1,False,-1,False,-1,False,0.0,1.0,122,64,0.2418891827781412,1.0081664493406437,0.296112806646634,2.917996720641918,1401139.1495648616,0.4884431362152099,,,,,,,,,,False,False
libero_object,1,3,0,3,122291,0,122291,4,64,pick up the cream cheese and place it in the basket,-1,-1,none,-1,-1,-1,-1,4.0,0.0012410078197717,0.0051570949144661,0.0045942710712552,0.0022938030306249,0.0003557002637535,0.0007385439239442,0.0067890081554651,0.5888077020645142,0.0001534363109385,0.0004252791404724,0.0004706018080469,0.0008751947316341,0.5871810913085938,1.7320507764816284,19.455076217651367,0.96896892786026,2.9580399990081787,27.76125907897949,0.0058465404435992,0.0105279749259352,0.0188538134098052,0.0054812179878354,0.0097904074937105,0.0168773401528596,0.0052286866120994,0.0093070426955819,0.0164303891360759,0.0075845140963792,0.0076934057287871,0.0095925466157495,0.0097996424883604,0.0204490348696708,0.0212031360715627,0.0073131001554429,0.007416165433824,0.0075636571273207,0.0076936986297369,0.006719532306306,0.006843811366707,0.006719532306306,0.006843811366707,first,1.0,0.0,0.5890293717384338,1.4447015523910522,0.0,0.5890293717384338,0.0,0.5890293717384338,True,0.5888077020645142,0.0001534363109385,0.0004252791404724,0.0204490348696708,0.0005978164845146,0.0067195324227213,9.740333916852252e-05,126291,126291,80,16,0,False,False,0.0,0.0,0.2057455180522073,0.0201378240122218,1.0401113657120623e-09,1.0401113581526287e-09,0.0,0.0,0.0,0.0,139.0,9.0,139.0,0.9175204012666228,1.0060659939850336,0.1,0.192419197029137,0.1785465118662609,0.2405239962864213,0.4005071601472779,2.688331369566427,5.326436673167082,53.67083330870511,513.1242065429688,11.972363471984863,21.02857857964495,0.8375218636206643,1079.4696044921875,17.205059051513672,17.79869942810135,0.8679813982751751,0.0260413009673357,0.007102608680725,0.0128812864422798,0.0118048256263136,0.0144770601764321,0.5890293717384338,0.5890293717384338,0.0153810301503456,0.1769780659268655,14.0,0.1769780659268655,0.0383563561779625,0.0,3.878959614448864e-18,0.0,0.0,5.551115123125783e-15,0.0,0.0,1.9180464936940092e-16,0.0,5.021998957514682e-18,5.551115123125783e-15,0.0,True,122,8,success,-1,True,False,False,-1,,cream_cheese_1,False,-1,False,-1,False,0.0,1.0,122,64,0.2418891827781412,1.0081664493406437,0.296112806646634,2.917996720641918,1401139.1495648616,0.4109706282615661,,,,,,,,,,False,False
libero_object,1,3,0,3,122291,0,122291,5,80,pick up the cream cheese and place it in the basket,-1,-1,none,-1,-1,-1,-1,4.0,0.0008111098431982,0.0034307746682316,0.0038587169256061,0.0014382841764017,0.0002287017850903,0.0006768111488781,0.0044100964441895,0.6951165199279785,0.0001771114621078,0.0004006028175354,0.0005469962488859,0.0009219924104399,0.5298250913619995,1.4790199995040894,14.465476036071776,0.6899101138114929,1.785357117652893,12.216792106628418,0.0056259459815919,0.0099967084825038,0.0195740889757871,0.005490536801517,0.0098211551085114,0.0162963215261697,0.0053450679406523,0.0095567060634493,0.0193662587553262,0.0072536788647994,0.0073122628964483,0.0090746085625141,0.009364690631628,0.0188929089345037,0.0194434951990842,0.0072340797632932,0.0074310624040663,0.0074968978296965,0.0077061443589627,0.0068455135915428,0.0069950046017766,0.0068455135915428,0.0069950046017766,first,1.0,0.0,0.6949278712272644,-1.0651410818099976,0.0,0.6949278712272644,2.0,0.6953284740447998,False,0.6951165199279785,0.0001771114621078,0.0004006028175354,0.0188929103314876,0.0003233930619899,0.0068455138243734,9.312735346611588e-05,127291,127293,96,16,0,False,False,0.0,0.0,0.2418891827781412,0.0201454833768194,1.040111366385621e-09,1.0401113581526287e-09,0.0,0.0,0.0,0.0,144.0,9.0,144.0,0.8739224541972637,0.889884011608653,0.1555555555555555,0.1833223460594731,0.1817155919906926,0.2291529325743414,0.1466089477832341,0.9326481661729034,1.899795619356146,8.113473759640007,532.5883178710938,12.733664512634276,20.86688724750273,0.8290902319522876,1578.802490234375,20.86498260498047,16.14752558134175,0.8105633744372398,0.013594975695014,0.0032835123129189,0.0104547664523124,0.0056704450398683,0.0118913371115922,0.6949278712272644,0.6949278712272644,0.0137453515778372,0.1812677112013093,14.0,0.1812677112013093,0.0111672108884015,0.0,4.4650178263861394e-18,0.0,6.133173666733498e-19,5.551115123125783e-15,0.0,0.0,6.133173666733498e-19,0.0,5.680222694223968e-18,5.551115123125783e-15,0.0,True,122,8,success,-1,True,False,False,-1,,cream_cheese_1,False,-1,False,-1,False,0.0,1.0,122,64,0.2418891827781412,1.0081664493406437,0.296112806646634,2.917996720641918,1401139.1495648616,0.3050721287727356,,,,,,,,,,False,False
libero_object,1,3,0,3,122291,0,122291,6,96,pick up the cream cheese and place it in the basket,-1,-1,none,-1,-1,-1,-1,4.0,0.0011289368849247,0.0094422586262226,0.0036330453585833,0.0018674405291676,0.0005114325904287,0.0007659387774765,0.0061459690332412,0.8218365907669067,0.000192936437088,0.0004706978797912,0.0003965081996284,0.0006364477449096,0.5528689622879028,1.5,13.865424156188965,0.7283757328987122,1.9202864170074463,12.930100440979004,0.0058034183457493,0.0104790227487683,0.0218613017350435,0.0054687741212546,0.0097098303958773,0.0176518373191356,0.0056170993484556,0.0100095914676785,0.0199427939951419,0.0074448391096666,0.0075521720573306,0.0089737416710704,0.0091249635443091,0.0192473251372575,0.0197196826338768,0.0072278352454304,0.0073436703532934,0.0074421321041882,0.0076394914649426,0.0072015131590887,0.007449880708009,0.0072015131590887,0.007449880708009,first,1.0,0.0,0.8215832710266113,-1.3129699230194092,0.0,0.8215832710266113,1.0,0.8220539689064026,False,0.8218365907669067,0.000192936437088,0.0004706978797912,0.0192473251372575,0.0004907083348371,0.0072015132755041,0.0001446525857318,128291,128292,112,16,0,False,False,0.0,0.0,0.2403556163895371,0.0203245667549667,1.0401113670888064e-09,1.0401113581526287e-09,0.0,0.0,0.0,0.0,144.0,9.0,144.0,0.6492486932228096,0.8332297970905167,0.0444444444444444,0.1438446422248239,0.13564324074316,0.1798058027810299,0.4002297140644308,2.1277090977859587,5.176193592189367,69.06701351966588,651.41796875,13.700101852416992,19.9922062687034,0.7943133093615891,1449.706787109375,21.84302520751953,16.518001887138396,0.8425563589341372,0.0164613705128431,0.0045931059867143,0.0102313458919525,0.0128609770908951,0.0087842615321278,0.8215832710266113,0.8215832710266113,0.0106207411723062,0.1359645246149223,14.0,0.1359645246149223,0.0127258517973545,0.0,1.5332934166833741e-18,0.0,6.133173666733498e-19,5.551115123125783e-15,0.0,0.0,9.69739903612216e-19,0.0,8.49179986029084e-18,5.551115123125783e-15,0.0,True,122,8,success,-1,True,False,False,-1,,cream_cheese_1,False,-1,False,-1,False,0.0,1.0,122,64,0.2418891827781412,1.0081664493406437,0.296112806646634,2.917996720641918,1401139.1495648616,0.1784167289733886,,,,,,,,,,False,False
libero_object,1,3,0,3,122291,0,122291,7,112,pick up the cream cheese and place it in the basket,-1,-1,none,-1,-1,-1,-1,4.0,0.0049390527419745,0.3333524167537689,0.0122455079108476,0.003175500780344,0.0010358568979427,0.0219392962753772,0.0334805324673652,0.9646250009536744,0.0009674131288193,0.0024612545967102,0.0006884731119498,0.0014399735955521,0.5522876381874084,1.5,11.022704124450684,0.8715959191322327,2.772634029388428,19.53202438354492,0.0094368103891611,0.0125956460833549,0.3842054009437561,0.0056334096007049,0.0100800255313515,0.0183384213596582,0.0061365263536572,0.0108593460172414,0.0216748379170894,0.0077597309136763,0.0081160897389054,0.0214405835140496,0.051523994654417,0.0222986624576151,0.0229457039386034,0.0074285966111347,0.0075171715579926,0.0076645163353532,0.0077477642334997,0.0076142961625009,0.0078386543318629,0.0076142961625009,0.0078386543318629,first,1.0,0.0,0.9662781357765198,1.70881986618042,0.0,0.9662781357765198,0.0,0.9662781357765198,True,0.9646250009536744,0.0009674131288193,0.0024612545967102,0.0222986619919538,0.0005811832961626,0.0076142959296703,0.0001837552990764,129291,129291,122,10,0,False,True,1.0,1.0,0.1810621158677895,0.0204813521320314,1.000050543155132e-06,1.0401113581526287e-09,0.0,0.0,0.0,0.0,51.0,9.0,51.0,0.2864369500286055,0.3290158971721703,0.074074074074074,0.0359869994891683,0.0312729320068395,0.0719739989783367,0.3326753001530915,3.043860059923112,6.649987857467871,113.41909209662684,678.33740234375,13.857063293457031,19.81634596900825,0.7914432428030928,1633.7724609375,21.67059898376465,15.998887896019347,0.8308045250588594,0.5256005525588989,0.0904963463544845,0.384365051984787,0.0176848098635673,0.0263344105333089,0.0337218642234802,0.9662781357765198,0.0202388352413273,0.2379715751759039,14.0,0.0453669683909105,0.2379715751759039,8.62077090769603e-07,4.287734670286125e-06,0.0,0.0,3.4694469519536138e-15,0.0,0.0,6.133173666733498e-19,0.0,4.5066031086200496e-18,3.4694469519536138e-15,0.0,True,122,8,success,-1,True,False,False,-1,,cream_cheese_1,False,-1,False,-1,False,0.0,1.0,122,64,0.2418891827781412,1.0081664493406437,0.296112806646634,2.917996720641918,1401139.1495648616,0.0337218642234802,,,,,,,,,,False,False
libero_object,1,4,0,4,122388,0,122388,0,0,pick up the cream cheese and place it in the basket,-1,-1,none,-1,-1,-1,-1,4.0,0.0026286505162715,0.0114143351092934,0.0093094268813729,0.0053009358234703,0.0005702062626369,0.0007871250854805,0.0150713296607136,0.2912967801094055,0.0006967938970774,0.0017042756080627,0.0009249292779713,0.0019017714075744,0.7795448303222656,2.345207929611206,34.47462844848633,2.1969356536865234,9.653367042541504,63.43106460571289,0.0066654318943619,0.012332584708929,0.0230075269937515,0.005615035071969,0.0099279461428523,0.0171617660671472,0.0058136698789894,0.010249956510961,0.0177126564085483,0.0076199722243472,0.007644239347428,0.0098334138747304,0.0103094037622213,0.0208504842594265,0.021088570356369,0.0073561944300308,0.0073902597650885,0.0076127473730593,0.0076725957915186,0.0073399485554546,0.0074107111431658,0.0073399485554546,0.0074107111431658,first,1.0,0.0,0.2917391657829284,0.6348873972892761,0.0,0.2917391657829284,3.0,0.291806161403656,False,0.2912967801094055,0.0006967938970774,0.0017042756080627,0.020850483328104,0.0002515174273867,0.0073399483226239,6.56941847410053e-05,122388,122391,16,16,0,False,False,0.0,0.0,2.324529457808921e-16,0.2558631235875357,1.0401113633140918e-09,1.0401113581526287e-09,0.0,0.0,0.0,0.0,0.0,0.0,0.0,0.5546492032312891,0.8255950117232034,0.0666666666666666,0.1022098847752286,0.1014208792849272,0.1277623559690358,0.2861843052612124,1.624687286964973,3.371191500626908,71.23989903063391,511.4869384765625,12.02231502532959,21.042458129858733,0.8286106559556142,903.8077392578124,15.305245399475098,18.570043050161537,0.8781345494219375,0.0144221326336264,0.0036196310538798,0.0085194408893585,0.0122186336666345,0.0076016425155103,0.2917391657829284,0.2917391657829284,1.6897263718494694e-10,1.1791583321477212e-09,14.0,2.6367796834847473e-16,1.7291239353702257e-18,5.463251379067557e-14,2.1585409273164273e-14,2.8050314110420908e-12,2.8171846935670125e-12,1.1791581933704331e-09,7.958382443651547e-13,1.1796119636642288e-16,2.9537615257327653e-16,9.743941764561724e-15,2.603071432749742e-18,1.1791583321477212e-09,7.95697509787748e-13,True,123,8,success,-1,True,False,False,-1,,cream_cheese_1,False,-1,False,-1,False,0.0,1.0,123,65,0.2346076552810601,0.998928411693938,0.2947850185397069,3.3206183312662128,2730313.8293591747,0.7082608342170715,,,,,,,,,,False,False
libero_object,1,4,0,4,122388,0,122388,1,16,pick up the cream cheese and place it in the basket,-1,-1,none,-1,-1,-1,-1,4.0,0.0015518286963924,0.0084653031080961,0.0047552036121487,0.0028865516651421,0.0004740633594337,0.0007809559465385,0.0087183313444256,0.3365946412086487,0.000464319018647,0.0012113749980926,0.0003714959020726,0.0006767067825421,0.7785557508468628,2.384848117828369,26.91653823852539,1.889471411705017,7.119515419006348,43.56891250610352,0.006070754956454,0.0111148320138454,0.0212960559874773,0.00551329087466,0.009735788218677,0.0179432816803455,0.0056644049473106,0.0101659446954727,0.0189405269920825,0.007714974344708,0.007814360782504,0.0099210096523165,0.0103614274412393,0.0208643786609172,0.0212294273078441,0.0074132158188149,0.0074616912752389,0.0077604540856555,0.0079519161954522,0.007165077724494,0.0073682954534888,0.007165077724494,0.0073682954534888,first,1.0,0.0,0.33702352643013,0.9236865043640136,0.0,0.33702352643013,0.0,0.33702352643013,True,0.3365946412086487,0.000464319018647,0.0012113749980926,0.0208643805235624,0.00029977603117,0.00716507807374,0.0001275881077162,123388,123388,32,16,0,False,False,0.0,0.0,2.324529457808921e-16,0.1264359811143178,1.0401113638691447e-09,1.0401113581526287e-09,0.0,0.0,0.0,0.0,0.0,0.0,0.0,0.7738068638099865,0.8591848138456925,0.1,0.1625263717355614,0.1547187677580493,0.2031579646694518,0.269285049510593,1.5197687930378,4.314282112804993,28.5990762516482,540.5730590820312,12.126840591430664,20.802259632039902,0.826466690814087,904.5452880859376,15.367386817932127,18.566500452017184,0.8722896737677616,0.0113512845709919,0.003064191667363,0.0076539702713489,0.0054395920597016,0.009575868025422,0.33702352643013,0.33702352643013,8.119710767132102e-16,5.551115123125783e-15,14.0,0.0,2.6359444420161167e-18,0.0,6.857096618313871e-19,0.0,0.0,5.551115123125783e-15,0.0,0.0,2.577691976159136e-16,0.0,4.2739760136164086e-18,5.551115123125783e-15,0.0,True,123,8,success,-1,True,False,False,-1,,cream_cheese_1,False,-1,False,-1,False,0.0,1.0,123,65,0.2346076552810601,0.998928411693938,0.2947850185397069,3.3206183312662128,2730313.8293591747,0.66297647356987,,,,,,,,,,False,False
libero_object,1,4,0,4,122388,0,122388,2,32,pick up the cream cheese and place it in the basket,-1,-1,none,-1,-1,-1,-1,4.0,0.0018568307859823,0.007791519165039,0.0042908755131065,0.0034012701362371,0.0006533968262374,0.0008338150801137,0.0104831019416451,0.417047381401062,0.0004400687175802,0.0011797547340393,0.0007692616782151,0.0020238370634615,0.8432896733283997,2.7386128902435303,22.594247817993164,2.6267964839935303,11.076438903808594,72.68769073486328,0.0062512899748981,0.0113349566236138,0.0198438726365566,0.0055174701847136,0.0097758583724498,0.0168781224638223,0.0053413724526762,0.0095067247748374,0.0177918840199708,0.0076813884079456,0.0077919247560203,0.0095770759508013,0.0099979182705283,0.0206877645105123,0.0210289731621742,0.0075010692235082,0.007556531112641,0.0082119384314864,0.0085295978933572,0.0068047274835407,0.0069440682418644,0.0068047274835407,0.0069440682418644,first,1.0,0.0,0.4169504046440124,-0.2203672975301742,0.0,0.4169504046440124,3.0,0.4177746176719665,False,0.417047381401062,0.0004400687175802,0.0011797547340393,0.0206877645105123,0.000323351327097,0.0068047274835407,8.170479850377887e-05,124388,124391,48,16,0,False,False,0.0,0.0,2.324529457808921e-16,0.0201816279343226,1.040111364453824e-09,1.0401113581526287e-09,0.0,0.0,0.0,0.0,11.0,6.0,0.0,0.6810409134808184,0.8556243924390282,0.0444444444444444,0.1307404484578344,0.1266452493480826,0.1634255605722931,0.4107503280382164,4.899703487471626,37.72659700654314,1551.1060231229594,552.9899291992188,12.616071701049805,20.70363138664538,0.8327688981384112,751.0042114257812,12.847383499145508,19.37437988452491,0.9090246634728156,0.0412675216794014,0.0091860080137848,0.0345750153064727,0.0152030037716031,0.0348615050315856,0.4169504046440124,0.4169504046440124,8.114816367346501e-16,5.551115123125783e-15,14.0,0.0,2.7974338058186178e-18,0.0,1.1056736068366554e-18,0.0,0.0,5.551115123125783e-15,0.0,0.0,2.453269466693398e-16,0.0,9.282613951541479e-18,5.551115123125783e-15,0.0,True,123,8,success,-1,True,False,False,-1,,cream_cheese_1,False,-1,False,-1,False,0.0,1.0,123,65,0.2346076552810601,0.998928411693938,0.2947850185397069,3.3206183312662128,2730313.8293591747,0.5830495953559875,,,,,,,,,,False,False
libero_object,1,4,0,4,122388,0,122388,3,48,pick up the cream cheese and place it in the basket,-1,-1,none,-1,-1,-1,-1,4.0,0.023273441940546,0.8684549331665039,0.0103287789970636,0.0229583960026502,0.002607186557725,0.0862173587083816,0.1777536422014236,0.4934300780296325,0.0024868296459317,0.0067356526851654,0.0027316506020724,0.0086663495749235,2.419861316680908,12.103718757629396,93.0994110107422,3.6158833503723145,12.557368278503418,97.01288604736328,0.0282854903489351,0.084122858941555,0.8907428979873657,0.0062486762180924,0.011669659987092,0.0196896512061357,0.0071203354746103,0.0119809582829475,0.0194099657237529,0.0087643007282167,0.0094690565019845,0.0392398976255208,0.0816541165113449,0.0227954210713505,0.0230176020413637,0.0072726805228739,0.007465710863471,0.0076400043908506,0.0080189825966954,0.0068519370397552,0.0069183870218694,0.0068519370397552,0.0069183870218694,first,1.0,0.0,0.4896580576896667,-1.5167988538742063,0.0,0.4896580576896667,3.0,0.4963937103748321,False,0.4934300780296325,0.0024868296459317,0.0067356526851654,0.022795420140028,0.000172979052877,0.0068519366905093,6.815262895543128e-05,125388,125391,64,16,0,False,False,0.0,0.0,0.0257089375267086,0.0154096922166184,1.0401113650681301e-09,1.0401113581526287e-09,0.0,0.0,0.0,0.0,70.0,6.0,32.0,0.4001963102606868,0.7906795745207539,0.1777777777777777,0.0295329114238261,0.0274096672608776,0.0369161392797826,0.3184966740815088,3.790809822339013,19.21218344658846,11202.965454875824,558.0262451171875,12.60922908782959,20.664257356910323,0.833061976007576,937.4825439453124,14.428903579711914,18.411171710162144,0.8910604145358458,0.1802049279212951,0.0319376364350318,0.1486451774835586,0.0064939660951495,0.018979575484991,0.4896580576896667,0.4896580576896667,0.0029947744344644,0.0268458490062945,14.0,0.0268458490062945,0.015080993076197,0.0,3.0202377658689313e-18,0.0,0.0,5.551115123125783e-15,0.0,0.0,2.453277133148503e-16,0.0,9.611876661234184e-18,5.551115123125783e-15,0.0,True,123,8,success,-1,True,False,False,-1,,cream_cheese_1,False,-1,False,-1,False,0.0,1.0,123,65,0.2346076552810601,0.998928411693938,0.2947850185397069,3.3206183312662128,2730313.8293591747,0.5103419423103333,,,,,,,,,,False,False
libero_object,1,4,0,4,122388,0,122388,4,64,pick up the cream cheese and place it in the basket,-1,-1,none,-1,-1,-1,-1,4.0,0.0010588766308501,0.0064483499154448,0.0068782237358391,0.0018639970803633,0.0003750390314962,0.0006950278766453,0.0056752567179501,0.5676472187042236,0.0004235606465954,0.0010583996772766,0.0004881550557911,0.0007754385587759,0.5848178863525391,1.785357117652893,15.958931922912598,0.8916745185852051,2.6809513568878174,23.606143951416016,0.0057903924025595,0.0103266723453998,0.0187227968126535,0.0055071259848773,0.0097632026299834,0.0190811250358819,0.005443568341434,0.0096856476739048,0.0170876663178205,0.0076345313573256,0.0077675725333392,0.0095863046590238,0.0099602667614817,0.0208150199614465,0.0212045572698116,0.0072917802026495,0.0074792299419641,0.0076421103440225,0.0077552245929837,0.0069254247937351,0.0071860579773783,0.0069254247937351,0.0071860579773783,first,1.0,0.0,0.568343460559845,1.6437832117080688,0.0,0.568343460559845,0.0,0.568343460559845,True,0.5676472187042236,0.0004235606465954,0.0010583996772766,0.0208150185644626,0.0003445071342866,0.0069254245609045,0.0001506400440121,126388,126388,80,16,0,False,False,0.0,0.0,0.1908061180205975,0.015188212521279,1.0401113657120623e-09,1.0401113581526287e-09,0.0,0.0,0.0,0.0,115.0,9.0,115.0,0.90612951887098,1.0035914638050636,0.2111111111111111,0.1897475448011039,0.1780975364224873,0.23718443100138,0.4089049378806656,2.646920344599748,6.7768686299637775,66.80309700856986,541.8856811523438,12.180139541625977,20.791726855497146,0.8243746339881747,904.0265502929688,15.626169204711914,18.5689917544077,0.8832631765978873,0.0204354617744684,0.0053073726594448,0.013161763548851,0.0127240885049104,0.0075090168975293,0.568343460559845,0.568343460559845,0.016519858013487,0.1770302985930834,14.0,0.1770302985930834,0.054247713595724,0.0,2.4723613458141377e-18,0.0,6.133173666733498e-19,5.551115123125783e-15,0.0,0.0,3.0732157625167115e-16,0.0,8.239110087307215e-18,5.551115123125783e-15,0.0,True,123,8,success,-1,True,False,False,-1,,cream_cheese_1,False,-1,False,-1,False,0.0,1.0,123,65,0.2346076552810601,0.998928411693938,0.2947850185397069,3.3206183312662128,2730313.8293591747,0.431656539440155,,,,,,,,,,False,False
libero_object,1,4,0,4,122388,0,122388,5,80,pick up the cream cheese and place it in the basket,-1,-1,none,-1,-1,-1,-1,4.0,0.0008226144709624,0.0028451427351683,0.0033301876392215,0.0014042180264368,0.0002042561973212,0.0009328781743533,0.0044018239714205,0.6732877492904663,0.0001855413283919,0.0004803538322448,0.0004417491727508,0.0006063148612156,0.5227790474891663,1.4790199995040894,15.594470024108888,0.6801177263259888,1.8027756214141848,11.583932876586914,0.0055997590534389,0.0099198948591947,0.0206985436379909,0.0055219419300556,0.0098971929401159,0.0191479474306106,0.0053464490920305,0.0095557533204555,0.0174824725836515,0.0072386083193123,0.0073569496162235,0.0087468982674181,0.0091353505849838,0.0193366687744855,0.0197448823601007,0.0072884232504293,0.0075021884404122,0.0075661769369617,0.0077703464776277,0.0068481003399938,0.006906047463417,0.0068481003399938,0.006906047463417,first,1.0,0.0,0.6732454299926758,-0.2280855625867843,0.0,0.6732454299926758,3.0,0.6734844446182251,False,0.6732877492904663,0.0001855413283919,0.0004803538322448,0.0193366687744855,0.0005019200616516,0.0068481005728244,5.5993219575611874e-05,127388,127391,96,16,0,False,False,0.0,0.0,0.2345257334750018,0.0151115276460137,1.040111366385621e-09,1.0401113581526287e-09,0.0,0.0,0.0,0.0,144.0,9.0,144.0,0.8701366834447989,0.8932719337183346,0.1744186046511628,0.1819619865813918,0.1807573390920672,0.2274524832267397,0.1363519256430914,0.6545489185896065,1.23995537833637,3.369555628182315,525.2940673828125,12.546250343322754,20.92677864914329,0.8309765977713056,1467.438720703125,20.23077392578125,16.465203864277516,0.8154459740393633,0.0272458884865045,0.0069544706493616,0.0184982642531394,0.01234866771847,0.0136227030307054,0.6732454299926758,0.6732454299926758,0.0141418483435294,0.1796170571345287,14.0,0.1796170571345287,0.0183688196748723,0.0,1.1056736068366554e-18,0.0,0.0,5.551115123125783e-15,0.0,0.0,2.460625911935132e-16,0.0,4.972379856423677e-18,5.551115123125783e-15,0.0,True,123,8,success,-1,True,False,False,-1,,cream_cheese_1,False,-1,False,-1,False,0.0,1.0,123,65,0.2346076552810601,0.998928411693938,0.2947850185397069,3.3206183312662128,2730313.8293591747,0.3267545700073242,,,,,,,,,,False,False
libero_object,1,4,0,4,122388,0,122388,6,96,pick up the cream cheese and place it in the basket,-1,-1,none,-1,-1,-1,-1,4.0,0.0009370247717015,0.006021992303431,0.0023178805131465,0.0013726631877943,0.0004812894912902,0.0009973153937608,0.0046669729053974,0.795081377029419,0.0002790929866023,0.0007883310317993,0.0005940133123658,0.0010961865773424,0.544415295124054,1.4790199995040894,12.893796920776367,0.6965537667274475,1.8708287477493288,12.891372680664062,0.0056288498453795,0.0100054712966084,0.0182048380374908,0.0054665729403495,0.0096578383818268,0.0171295888721942,0.0055483318865299,0.0099357152357697,0.0182413421571254,0.0072970170294865,0.0073542515747249,0.0088626944925636,0.0089077344164252,0.0185968191362917,0.0193160809576511,0.0072074516210705,0.0073571223765611,0.0074803029419854,0.0076779923401772,0.0070938839344307,0.0072358516044914,0.0070938839344307,0.0072358516044914,first,1.0,0.0,0.7954711318016052,1.3965051174163818,0.0,0.7954711318016052,0.0,0.7954711318016052,True,0.795081377029419,0.0002790929866023,0.0007883310317993,0.0185968205332756,0.0006069693481549,0.0070938840508461,0.000103421305539,128388,128388,112,16,0,False,False,0.0,0.0,0.2346076552810601,0.0152220456397356,1.0401113670888064e-09,1.0401113581526287e-09,0.0,0.0,0.0,0.0,144.0,9.0,144.0,0.737943960170875,0.848925443151505,0.0444444444444444,0.1598170364447953,0.1485064541660483,0.1997712955559941,0.3373163794515966,1.7928318824012075,3.1970534166561544,32.67658409073978,670.6038208007812,13.938549995422363,19.86614337352251,0.7854760326878254,1725.4781494140625,23.99282455444336,15.761708968920908,0.8033653955553645,0.0097589148208498,0.0019734581001102,0.0090288743376731,0.0021259665954858,0.0091656800359487,0.7954711318016052,0.7954711318016052,0.0111896552562277,0.1485113247131479,14.0,0.1485113247131479,0.0081438488740285,0.0,2.2113472136733112e-18,0.0,6.133173666733498e-19,5.551115123125783e-15,0.0,0.0,2.601886435974417e-16,0.0,3.959468465501511e-18,5.551115123125783e-15,0.0,True,123,8,success,-1,True,False,False,-1,,cream_cheese_1,False,-1,False,-1,False,0.0,1.0,123,65,0.2346076552810601,0.998928411693938,0.2947850185397069,3.3206183312662128,2730313.8293591747,0.2045288681983947,,,,,,,,,,False,False
libero_object,1,4,0,4,122388,0,122388,7,112,pick up the cream cheese and place it in the basket,-1,-1,none,-1,-1,-1,-1,4.0,0.0116385323926806,0.8704319596290588,0.017110900953412,0.0071097742766141,0.0014076689258217,0.0559174083173275,0.0822976157069206,0.9564491510391236,0.0031389244832098,0.007583737373352,0.0011321188649162,0.0029889612924307,0.6266911029815674,1.8708287477493288,17.783418655395508,1.0188947916030884,3.191786289215088,28.06243133544922,0.0158243719488382,0.0190161950886249,0.8860874772071838,0.0056549571454524,0.0100805582478642,0.0205525290220975,0.0084702288731932,0.0138935465365648,0.0222834460437297,0.0078477857168763,0.0079069091007113,0.0117291449569165,0.0119229247793555,0.0239502219483256,0.0250570010393857,0.0073755232151597,0.0074464585632085,0.0076685191597789,0.0077678356319665,0.0077949383994564,0.0080107133835554,0.0077949383994564,0.0080107133835554,first,1.0,0.0,0.9510271549224854,-1.7273420095443726,0.0,0.9510271549224854,2.0,0.9586108922958374,False,0.9564491510391236,0.0031389244832098,0.007583737373352,0.0239502228796482,0.0006828031037002,0.0077949385158717,0.0001718831626931,129388,129390,123,11,0,False,True,1.0,1.0,0.180658655699475,0.0153523222042156,5.632258157256112e-07,1.0401113581526287e-09,0.0,0.0,0.0,0.0,60.0,9.0,60.0,0.2997381059187966,0.3691092471863508,0.0666666666666666,0.0423922274741962,0.0285596378418271,0.0770767772258113,0.4341390663849541,4.228667031242917,14.69368280729252,411.5150388111865,667.2337036132812,13.861560821533203,19.888023854031275,0.7927625190511071,1238.4642333984375,18.32176780700684,17.20196892103496,0.8677498671771738,0.5112213492393494,0.0872241556644439,0.3734677731990814,0.0212477426975965,0.0202764701098203,0.0489728450775146,0.9510271549224854,0.0077392931102251,0.0842242839460094,14.0,0.0842242839460094,0.0241249722130653,5.431531535548202e-08,7.930687537337788e-07,0.0,6.133173666733498e-19,3.816391647148976e-15,0.0,0.0,1.6866227583517116e-16,0.0,2.487991912387576e-18,3.816391647148976e-15,0.0,True,123,8,success,-1,True,False,False,-1,,cream_cheese_1,False,-1,False,-1,False,0.0,1.0,123,65,0.2346076552810601,0.998928411693938,0.2947850185397069,3.3206183312662128,2730313.8293591747,0.0489728450775146,,,,,,,,,,False,False
libero_object,1,5,0,5,122485,0,122485,0,0,pick up the cream cheese and place it in the basket,-1,-1,none,-1,-1,-1,-1,4.0,0.0026975807268172,0.0154707944020628,0.0140559859573841,0.0052389209158718,0.0008141922880895,0.0007237244863063,0.0158382803201675,0.2909560203552246,0.0006447122432291,0.0018019974231719,0.0009888636413961,0.00236661802046,0.9131759405136108,2.872281312942505,43.92820739746094,2.786993741989136,12.376893997192385,80.87799072265625,0.0068872715346515,0.0133274383842945,0.0266329161822795,0.0056110438890755,0.0099945580586791,0.0182753056287765,0.0057069566100835,0.0101010557264089,0.0189757235348224,0.007686635479331,0.0078444285318255,0.0098923193290829,0.010362827219069,0.0211412194184958,0.0216535367071628,0.0073156392900273,0.0075222444720566,0.0075378835899755,0.007701217662543,0.007234658813104,0.0072686127386987,0.007234658813104,0.0072686127386987,first,1.0,0.0,0.2917610108852386,1.248604416847229,0.0,0.2917610108852386,0.0,0.2917610108852386,True,0.2909560203552246,0.0006447122432291,0.0018019974231719,0.021141218021512,0.0003421230067033,0.0072346590459346,3.559253309504129e-05,122485,122485,16,16,0,False,False,0.0,0.0,2.324529457808921e-16,0.2557741387805449,1.0401113633140918e-09,1.0401113581526287e-09,0.0,0.0,0.0,0.0,0.0,0.0,0.0,0.556350943812961,0.8209082401858724,0.0666666666666666,0.1025044991148523,0.1016646627396416,0.1281306238935654,0.2876197923864066,1.6181010174106394,3.2844963193682157,72.79313625481997,515.5980834960938,12.066950798034668,21.00769066477891,0.8272454275252032,900.4938354492188,15.218915939331056,18.585996167712715,0.878224594973708,0.014069439843297,0.0036542166490107,0.0088638067245483,0.0113913631066679,0.0081486823037266,0.2917610108852386,0.2917610108852386,1.6897263759866954e-10,1.1791583321477212e-09,14.0,2.6367796834847473e-16,1.8395750326004797e-18,5.463251379067557e-14,2.158541261033927e-14,2.8050314110420908e-12,2.817184694257192e-12,1.1791581933704331e-09,7.958382443651547e-13,1.1796119636642288e-16,2.958863808612801e-16,9.743941764561724e-15,7.770481281535467e-18,1.1791583321477212e-09,7.95697509787748e-13,True,121,8,success,-1,True,False,False,-1,,cream_cheese_1,False,-1,False,-1,False,0.0,1.0,121,61,0.2331386596889475,1.0132836874433897,0.3152862992949287,2.942988109504441,1269508.3060394612,0.7082389891147614,,,,,,,,,,False,False
libero_object,1,5,0,5,122485,0,122485,1,16,pick up the cream cheese and place it in the basket,-1,-1,none,-1,-1,-1,-1,4.0,0.0018386243609711,0.0150799043476581,0.0097738457843661,0.0034388576168566,0.0006028770003467,0.0007451653364114,0.0103098079562187,0.3367362320423126,0.0006047214847058,0.0016251802444458,0.0004780292510986,0.0008124968153424,0.8367468118667603,2.586019992828369,26.10555458068848,2.071776866912842,8.154753684997559,42.95055389404297,0.006190123502165,0.0111940372735261,0.0261182095855474,0.0055332030169665,0.0098285200074315,0.0171856563538312,0.0056814588606357,0.0101284068077802,0.0185267403721809,0.0077030878746882,0.0078204963356256,0.0096918046474456,0.0101964455097913,0.0206355368718504,0.021201578900218,0.0074318215483799,0.0075586680322885,0.0077728298492729,0.0080079101026058,0.007139848312363,0.0072325142100453,0.007139848312363,0.0072325142100453,first,1.0,0.0,0.3364303410053253,-0.5058378577232361,0.0,0.3364303410053253,1.0,0.3375969529151916,False,0.3367362320423126,0.0006047214847058,0.0016251802444458,0.020635537803173,0.0004692675720434,0.0071398485451936,0.0001177297235699,123485,123486,32,16,0,False,False,0.0,0.0,2.324529457808921e-16,0.125590894053809,1.0401113638691447e-09,1.0401113581526287e-09,0.0,0.0,0.0,0.0,0.0,0.0,0.0,0.7713483686173334,0.8542191973127709,0.0777777777777777,0.1618559922290478,0.1538066121186996,0.2023199902863098,0.2725176669523312,1.5172998949564562,4.116464422205691,28.013180406460297,508.1405334472656,11.844261169433594,21.070965216939584,0.8370231224687951,1001.0388793945312,16.089670181274414,18.126294154779025,0.8572696362929068,0.0106819421052932,0.0029493893962353,0.0074115619063377,0.0066608693450689,0.0079954722896218,0.3364303410053253,0.3364303410053253,8.117125897476984e-16,5.551115123125783e-15,14.0,0.0,1.7142804952163061e-19,0.0,6.133173666733498e-19,0.0,6.133173666733498e-19,5.551115123125783e-15,0.0,0.0,2.577691976159136e-16,0.0,2.578749817427863e-18,5.551115123125783e-15,0.0,True,121,8,success,-1,True,False,False,-1,,cream_cheese_1,False,-1,False,-1,False,0.0,1.0,121,61,0.2331386596889475,1.0132836874433897,0.3152862992949287,2.942988109504441,1269508.3060394612,0.6635696589946747,,,,,,,,,,False,False
libero_object,1,5,0,5,122485,0,122485,2,32,pick up the cream cheese and place it in the basket,-1,-1,none,-1,-1,-1,-1,4.0,0.0016361611196771,0.0099371308460831,0.0114600900560617,0.0029118070378899,0.0006219380884431,0.0008518922841176,0.0092211021110415,0.4124579727649688,0.0003375669766683,0.0008284747600555,0.0006027961499057,0.0013896998716518,0.7729478478431702,2.4874684810638428,27.26719665527344,1.9748551845550537,8.104782104492188,69.46717071533203,0.006114412099123,0.0110031645745038,0.0201857686042785,0.005535471253097,0.009861129336059,0.0185804758220911,0.0052846893668174,0.0093834036961197,0.0225711837410926,0.007640011026524,0.0077313655056059,0.0096143598202615,0.009888757020235,0.0208327728323638,0.0212862007319927,0.0075418477645143,0.0075951549224555,0.0078884062822908,0.0079265302047133,0.0067400265252217,0.0068915938027203,0.0067400265252217,0.0068915938027203,first,1.0,0.0,0.4125071465969085,0.1456713378429412,0.0,0.4125071465969085,3.0,0.4127207994461059,False,0.4124579727649688,0.0003375669766683,0.0008284747600555,0.0208327732980251,0.0004197458911221,0.006740026641637,9.965307981474324e-05,124485,124488,48,16,0,False,False,0.0,0.0,2.324529457808921e-16,0.0177620824092813,1.040111364453824e-09,1.0401113581526287e-09,0.0,0.0,0.0,0.0,12.0,6.0,0.0,0.670359953963633,0.847809592243685,0.0333333333333333,0.1290311325851729,0.125124155898549,0.1612889157314661,0.4111540117670232,3.8228070983360753,22.838633310114616,688.36297310528,525.0701904296875,12.433215141296388,20.928629978834245,0.8409504878503179,874.6395263671875,13.060473442077637,18.712512609493167,0.8919141387742515,0.0303427074104547,0.0074280817061662,0.0240909308195114,0.0097856055945158,0.0248355064541101,0.4125071465969085,0.4125071465969085,8.112257288168915e-16,5.551115123125783e-15,14.0,0.0,5.40508964667176e-19,0.0,2.909219710836648e-18,0.0,6.133173666733498e-19,5.551115123125783e-15,0.0,0.0,2.453277133148503e-16,0.0,5.539197827888953e-18,5.551115123125783e-15,0.0,True,121,8,success,-1,True,False,False,-1,,cream_cheese_1,False,-1,False,-1,False,0.0,1.0,121,61,0.2331386596889475,1.0132836874433897,0.3152862992949287,2.942988109504441,1269508.3060394612,0.5874928534030914,,,,,,,,,,False,False
libero_object,1,5,0,5,122485,0,122485,3,48,pick up the cream cheese and place it in the basket,-1,-1,none,-1,-1,-1,-1,4.0,0.0274160560220479,0.8649182915687561,0.0151037983596324,0.0267322417348623,0.0018063153838738,0.1062967404723167,0.2172277122735977,0.5025305151939392,0.0034997682087123,0.0098961293697357,0.002918874612078,0.0116369491443037,2.8641467094421387,15.497983932495115,83.35578918457031,4.378398895263672,18.56683921813965,94.49437713623048,0.0321597307920455,0.1008754968643188,0.8864862322807312,0.0065064504742622,0.0133378617465496,0.0235300287604331,0.0086011476814746,0.0138530666008591,0.023737046867609,0.0081080847885459,0.0083495741710066,0.0176393100991845,0.0258715339004993,0.0257700262591242,0.0325668081641197,0.0072496195789426,0.007386028766632,0.0076041581341996,0.00792006123811,0.006894088932313,0.006983068305999,0.006894088932313,0.006983068305999,first,1.0,0.0,0.5073968768119812,1.3904811143875122,0.0,0.5073968768119812,0.0,0.5073968768119812,True,0.5025305151939392,0.0034997682087123,0.0098961293697357,0.0257700271904468,0.0041665202006697,0.0068940888158977,8.093885116977617e-05,125485,125485,64,16,0,False,False,0.0,0.0,0.079442336292154,0.0098222514570441,1.0401113650681301e-09,1.0401113581526287e-09,0.0,0.0,0.0,0.0,83.0,8.0,64.0,0.5186617512384583,0.96633133385041,0.0666666666666666,0.0803980574354437,0.0793397171756174,0.1004975717943047,0.389667663808227,3.5664854335899894,8.76307029257752,674.8478280559699,549.1428833007812,12.525097846984863,20.733950011984344,0.8286551219666155,957.947265625,15.13038730621338,18.31738758760592,0.868991146060372,0.0491837002336978,0.0116736209020018,0.0379805825650692,0.0154508454725146,0.0144397299736738,0.5073968768119812,0.5073968768119812,0.0073584879431535,0.0794822795808959,14.0,0.0794822795808959,0.0235365516232425,0.0,0.0,0.0,6.133173666733498e-19,5.551115123125783e-15,0.0,0.0,2.453338463926889e-16,0.0,3.714571770784869e-18,5.551115123125783e-15,0.0,True,121,8,success,-1,True,False,False,-1,,cream_cheese_1,False,-1,False,-1,False,0.0,1.0,121,61,0.2331386596889475,1.0132836874433897,0.3152862992949287,2.942988109504441,1269508.3060394612,0.4926031231880188,,,,,,,,,,False,False
libero_object,1,5,0,5,122485,0,122485,4,64,pick up the cream cheese and place it in the basket,-1,-1,none,-1,-1,-1,-1,4.0,0.0011718916939571,0.0059533910825848,0.0063226846978068,0.0019666745793074,0.0005238396115601,0.0007316987030208,0.0063388268463313,0.5838527679443359,7.510723662562668e-05,0.0002053976058959,0.0004095013136975,0.0008023651316761,0.5330736041069031,1.5,18.99177360534668,0.8000598549842834,2.1650636196136475,34.622066497802734,0.0057994783855974,0.0103957345709204,0.0181161053478717,0.0054451408796012,0.0096592977643013,0.0192183386534452,0.00526556186378,0.0094088315963745,0.015922088176012,0.0075165603775531,0.0075683738104999,0.0093082778621464,0.0093881785869598,0.0206777341663837,0.0213081482797861,0.0071624595439061,0.0072341049090027,0.007466385141015,0.0077022770419716,0.0067682992666959,0.0068566957488656,0.0067682992666959,0.0068566957488656,first,1.0,0.0,0.5838361978530884,-0.2206190973520279,0.0,0.5838361978530884,3.0,0.5839745402336121,False,0.5838527679443359,7.510723662562668e-05,0.0002053976058959,0.0206777341663837,0.000451163330581,0.0067682988010346,7.287444168468937e-05,126485,126488,80,16,0,False,False,0.0,0.0,0.2075159422419273,0.0099157936396997,1.0401113657120623e-09,1.0401113581526287e-09,0.0,0.0,0.0,0.0,138.0,9.0,138.0,0.8674444346773694,1.031134080082275,0.0444444444444444,0.1814991749086988,0.1703650817940456,0.2268739686358735,0.3402850303827006,2.145107993512053,5.779327743043491,47.751513893482375,547.5671997070312,12.294124603271484,20.74642935673458,0.8240331270680296,780.9940185546875,15.02719783782959,19.20432653134836,0.8881902589030222,0.0116056082770228,0.0029854802414774,0.0095313191413879,0.0034987449180334,0.0104035707190632,0.5838361978530884,0.5838361978530884,0.0148833021562516,0.1699660881632944,14.0,0.1699660881632944,0.038400142024217,0.0,1.865331948590913e-18,0.0,0.0,5.551115123125783e-15,0.0,0.0,3.077765633131533e-16,0.0,4.597543862431604e-18,5.551115123125783e-15,0.0,True,121,8,success,-1,True,False,False,-1,,cream_cheese_1,False,-1,False,-1,False,0.0,1.0,121,61,0.2331386596889475,1.0132836874433897,0.3152862992949287,2.942988109504441,1269508.3060394612,0.4161638021469116,,,,,,,,,,False,False
libero_object,1,5,0,5,122485,0,122485,5,80,pick up the cream cheese and place it in the basket,-1,-1,none,-1,-1,-1,-1,4.0,0.0010893496219068,0.0056152553297579,0.0037823824677616,0.0018555090064182,0.0004041152715217,0.0008465741411782,0.0057674427516758,0.6940079927444458,0.0001527319254819,0.000386357307434,0.0004000038607046,0.000637648103293,0.5251555442810059,1.4790199995040894,13.910428047180176,0.6734631061553955,1.7320507764816284,18.774982452392575,0.0057756467722356,0.0102803660556674,0.0183168016374111,0.0055075967684388,0.0098339850082993,0.0192682594060897,0.0053854719735682,0.0096420403569936,0.0166710298508405,0.0073389663593843,0.0074238767847418,0.0097027497831732,0.0101161766797304,0.0196960093453526,0.0209536626935005,0.0072102841222658,0.0073103914037346,0.0074559405911713,0.0075754802674055,0.0069543871795758,0.0070540499873459,0.0069543871795758,0.0070540499873459,first,1.0,0.0,0.6941669583320618,1.0408143997192385,0.0,0.6941669583320618,0.0,0.6941669583320618,True,0.6940079927444458,0.0001527319254819,0.000386357307434,0.01969600841403,0.0007826349465176,0.0069543872959911,8.79975050338544e-05,127485,127485,96,16,0,False,False,0.0,0.0,0.2331386596889475,0.0100970851621546,1.040111366385621e-09,1.0401113581526287e-09,0.0,0.0,0.0,0.0,144.0,9.0,144.0,0.8571114257132348,0.8654547122127536,0.0666666666666666,0.1788813882625373,0.1781344863406259,0.2236017353281716,0.1094360513703602,0.7114910493875117,1.884920263294776,5.620176600921433,560.7094116210938,13.050156593322754,20.64342514987353,0.8176920491007824,1364.035888671875,19.338003158569336,16.78254563826692,0.8120622147187275,0.0116258077323436,0.00285408901982,0.007678285241127,0.003659525886178,0.0105432830750942,0.6941669583320618,0.6941669583320618,0.0133339647350236,0.1777974296203371,14.0,0.1777974296203371,0.0088780766699819,0.0,1.939479807224432e-18,0.0,0.0,5.551115123125783e-15,0.0,0.0,2.461107408281454e-16,0.0,7.702190952370056e-18,5.551115123125783e-15,0.0,True,121,8,success,-1,True,False,False,-1,,cream_cheese_1,False,-1,False,-1,False,0.0,1.0,121,61,0.2331386596889475,1.0132836874433897,0.3152862992949287,2.942988109504441,1269508.3060394612,0.3058330416679382,,,,,,,,,,False,False
libero_object,1,5,0,5,122485,0,122485,6,96,pick up the cream cheese and place it in the basket,-1,-1,none,-1,-1,-1,-1,4.0,0.0022311431821435,0.0103792017325758,0.0069406647235155,0.0038672264199703,0.000998668372631,0.0010203177807852,0.0121664842590689,0.8067007660865784,0.0003432375669945,0.0008487701416015,0.0009321959223598,0.0023183918092399,0.8253440856933594,2.586019992828369,23.054283142089844,2.498114824295044,8.196798324584961,42.55290985107422,0.006517136003822,0.0118749365210533,0.0219856575131416,0.0055508846417069,0.0097840903326869,0.0191969517618417,0.0056283874437212,0.0100327720865607,0.0201771594583988,0.0081593103241175,0.0082301283255219,0.010674042161554,0.0111075621098279,0.0207801098003983,0.0215221624821424,0.0074037773301824,0.0074743414297699,0.0077065504156053,0.0078541906550526,0.0074852869147434,0.0077575324103236,0.0074852869147434,0.0077575324103236,first,1.0,0.0,0.8063228130340576,-1.101141333580017,0.0,0.8063228130340576,3.0,0.8071715831756592,False,0.8067007660865784,0.0003432375669945,0.0008487701416015,0.0207801107317209,0.0005796397454105,0.0074852872639894,0.0001644786534598,128485,128488,112,16,0,False,False,0.0,0.0,0.2322270503656881,0.0102406542949502,1.0401113670888064e-09,1.0401113581526287e-09,0.0,0.0,0.0,0.0,144.0,9.0,144.0,0.6386537064070557,0.8053242234287697,0.0777777777777777,0.1421772859195099,0.1346117514522554,0.1777216073993874,0.3459288011849038,2.174634445625627,4.8716873767996285,73.45560171692608,624.1719970703125,13.51478099822998,20.177760803428967,0.7979530384910573,2237.843017578125,31.661670684814453,14.632507429252572,0.7525741639768179,0.0402566231787204,0.0105721121653914,0.0248404145240783,0.031569380313158,0.0236532278358936,0.8063228130340576,0.8063228130340576,0.0122893573206395,0.1350569067143588,14.0,0.1350569067143588,0.0369940957745831,0.0,1.963573647892308e-18,0.0,0.0,5.551115123125783e-15,0.0,0.0,2.619751945774429e-16,0.0,8.174577414211243e-18,5.551115123125783e-15,0.0,True,121,8,success,-1,True,False,False,-1,,cream_cheese_1,False,-1,False,-1,False,0.0,1.0,121,61,0.2331386596889475,1.0132836874433897,0.3152862992949287,2.942988109504441,1269508.3060394612,0.1936771869659423,,,,,,,,,,False,False
libero_object,1,5,0,5,122485,0,122485,7,112,pick up the cream cheese and place it in the basket,-1,-1,none,-1,-1,-1,-1,4.0,0.0122740864753723,0.7426124811172485,0.028248943388462,0.0113433869555592,0.0012358048697933,0.0481810234487056,0.087811529636383,0.9681705236434937,0.002720930846408,0.0068740844726562,0.001079236739315,0.0028286171145737,0.7843478918075562,2.4874684810638428,22.03406524658203,2.0885167121887207,7.790218353271484,51.54791641235352,0.0165112297981977,0.0329554378986358,0.8225007653236389,0.0058012604713439,0.0103540970012545,0.0173696931451559,0.0079742046073079,0.0134366657584905,0.0224019475281238,0.008728037122637,0.009490905329585,0.0342990001663565,0.0944365859031677,0.0278266430832445,0.0307481065392494,0.0075606824830174,0.007802091538906,0.0079424486029893,0.0083323968574404,0.0079957804409787,0.0085039269179105,0.0079957804409787,0.0085039269179105,first,1.0,0.0,0.9669336080551147,-0.4545927941799164,0.0,0.9669336080551147,1.0,0.9728309512138368,False,0.9681705236434937,0.002720930846408,0.0068740844726562,0.0278266444802284,0.0016991643933579,0.007995780557394,0.0003110944817308,129485,129486,121,9,0,False,True,1.0,1.0,0.1572138006104708,0.0104699231240631,1.0401113674973679e-09,1.0401113581526287e-09,0.0,0.0,0.0,0.0,51.0,9.0,51.0,0.3333363967097582,0.4942751715509932,0.1041666666666666,0.0369361569881266,0.0243728009463913,0.0820803488625035,0.5337686844258873,5.21853966681453,8.993526957434572,141.06094502223525,757.7615356445312,14.686270713806152,19.33547804375091,0.7599718478827667,3454.2939453125,36.7646484375,12.74721069502295,0.6345006677416336,0.7618454098701477,0.13165944814682,0.5614722967147827,0.0517080500721931,0.0189566556364297,0.0330663919448852,0.9669336080551147,0.0056480284366243,0.0401861686418051,14.0,0.0388862294709287,0.0401861686418051,0.0,9.69739903612216e-19,0.0,6.133173666733498e-19,3.1225022567582528e-15,0.0,0.0,1.3799640750150367e-16,0.0,5.7404298048854054e-18,3.1225022567582528e-15,0.0,True,121,8,success,-1,True,False,False,-1,,cream_cheese_1,False,-1,False,-1,False,0.0,1.0,121,61,0.2331386596889475,1.0132836874433897,0.3152862992949287,2.942988109504441,1269508.3060394612,0.0330663919448852,,,,,,,,,,False,False
libero_object,7,6,1,0,132000,0,132000,0,0,pick up the milk and place it in the basket,-1,-1,none,-1,-1,-1,-1,4.0,0.0023764770012348,0.0178669802844524,0.019625062122941,0.0043646860867738,0.0009891109075397,0.0005739497719332,0.0145297488197684,0.2997450828552246,0.0004971456364728,0.0012745559215545,0.000893413904123,0.0023292077239602,0.7986140847206116,2.4494898319244385,31.822751998901367,2.6519124507904053,12.02861213684082,56.42417526245117,0.0068184239789843,0.0140773439779877,0.0339636616408824,0.0056262277066707,0.0100938864052295,0.0179386604577302,0.0056223687715828,0.0100028039887547,0.0195436794310808,0.0076980463927611,0.0077894665300846,0.0099572360049933,0.0102381706237792,0.0213180594146251,0.0224473867565393,0.0073712455341592,0.007603159174323,0.007659220136702,0.008024338632822,0.0071618579095229,0.0072389245033264,0.0071618579095229,0.0072389245033264,first,1.0,0.0,0.2992386817932129,-1.0186171531677246,0.0,0.2992386817932129,1.0,0.3005132377147674,False,0.2997450828552246,0.0004971456364728,0.0012745559215545,0.0213180594146251,0.0008118986734189,0.0071618580259382,8.079696272034198e-05,132000,132001,16,16,0,False,False,0.0,0.0,1.0401111777413874e-09,0.2072190195647102,1.040111182679223e-09,1.0401111777413874e-09,0.0,0.0,0.0,0.0,0.0,0.0,0.0,0.7117608070171101,0.8910761526559843,0.0113636363636363,0.1360963217043739,0.1359195504525981,0.1701204021304674,0.2959134916167948,1.428308693137258,2.7203559610298176,33.29107455490636,519.1298828125,12.290643692016602,20.978043318599163,0.8223596281393772,892.5966186523438,15.142318725585938,18.62425123561036,0.8806657606038895,0.0143677312880754,0.0033262008801102,0.0124319791793823,0.0127694560214877,0.0062348949722945,0.2992386817932129,0.2992386817932129,1.685717527435843e-10,1.1791581515177423e-09,14.0,2.6367796834847473e-16,1.73933172373715e-18,5.463251379067557e-14,2.158754594635548e-14,,,1.1791581512994783e-09,7.957716198961969e-13,2.7780631060861706e-15,2.4807152245723085e-16,9.743941764561724e-15,4.904188134827203e-18,1.1791581515177423e-09,7.957765241832006e-13,True,125,8,success,-1,True,False,False,-1,,milk_1,False,-1,False,-1,False,0.0,1.0,125,57,0.2026332226449999,1.1747470750723732,0.3284093531295796,2.3506185943647315,430867.1215125567,0.7007613182067871,7.412473412848897e-15,1.4517848435595966e-17,,,,,,,,False,False
libero_object,7,6,1,0,132000,0,132000,1,16,pick up the milk and place it in the basket,-1,-1,none,-1,-1,-1,-1,4.0,0.0017181111034005,0.0072786938399076,0.0059825284406542,0.0031794123351573,0.0006300259847193,0.0005984638119116,0.0093450499698519,0.3458932042121887,0.0001894658635137,0.0004450678825378,0.0003643050440587,0.0007294971728697,0.5404652953147888,1.4790199995040894,10.874281883239746,0.7793393135070801,2.291287899017334,25.55753326416016,0.0060580149292945,0.0108872335404157,0.019296670332551,0.0055004199966788,0.0098261339589953,0.0186537262052297,0.0053865909576416,0.0095473676919937,0.0165467504411935,0.0075466523412615,0.0075936689972877,0.0095534317661076,0.0096755409613251,0.0204810379073023,0.0209666788578033,0.0072582148713991,0.0073351468890905,0.0075891900341957,0.0076708011329174,0.0068662090925499,0.0069276099093258,0.0068662090925499,0.0069276099093258,first,1.0,0.0,0.3457689881324768,-0.6556119322776794,0.0,0.3457689881324768,2.0,0.3460938930511474,False,0.3458932042121887,0.0001894658635137,0.0004450678825378,0.0204810388386249,0.0004924850072711,0.0068662092089653,5.917496309848502e-05,133000,133002,32,16,0,False,False,0.0,0.0,1.0401111777413874e-09,0.1368986072405978,1.0401111829468435e-09,1.0401111777413874e-09,0.0,0.0,0.0,0.0,0.0,0.0,0.0,0.6389695449564037,0.8928120748028586,0.0909090909090909,0.132173115935156,0.1096232474391352,0.165216394918945,0.4251474826527342,2.7991277740756004,4.235691226796869,113.38407181284668,649.6021728515625,13.763784408569336,20.00432891962585,0.7912986700855857,1022.940185546875,16.36226463317871,18.03230120944993,0.8656371403033736,0.0133949425071477,0.0032615354284644,0.0086559271439909,0.0099549693986773,0.0089391181245446,0.3457689881324768,0.3457689881324768,4.149293274343398e-16,2.7755575615628917e-15,14.0,0.0,1.4719994411901817e-18,0.0,4.390684155514436e-18,,,0.0,0.0,2.7755575615628917e-15,2.459410287696954e-16,0.0,5.1343744721978534e-18,2.7755575615628917e-15,0.0,True,125,8,success,-1,True,False,False,-1,,milk_1,False,-1,False,-1,False,0.0,1.0,125,57,0.2026332226449999,1.1747470750723732,0.3284093531295796,2.3506185943647315,430867.1215125567,0.6542310118675232,0.0,9.573741163758428e-19,,,,,,,,False,False
libero_object,7,6,1,0,132000,0,132000,2,32,pick up the milk and place it in the basket,-1,-1,none,-1,-1,-1,-1,4.0,0.0015211339341476,0.0053403987549245,0.0066403471864759,0.002611071569845,0.000628411071375,0.0009294902556575,0.0080526238307356,0.4083648920059204,0.000331957504386,0.0008799731731414,0.001236354582943,0.0029856751207262,0.5532884001731873,1.5,16.896745681762695,0.7209053039550781,2.1650636196136475,19.26136016845703,0.0060350615531206,0.010751811787486,0.0218967050313949,0.0056796334683895,0.01008668448776,0.0188600961118936,0.0053614354692399,0.0095939170569181,0.0165893137454986,0.0079272839939221,0.0082532493397593,0.0110345911234617,0.0129708740860223,0.0221201288513839,0.0228076614439487,0.0079634274588897,0.0083681428804993,0.0084024262614548,0.0089881038293242,0.0068411873653531,0.0070107630454003,0.0068411873653531,0.0070107630454003,first,1.0,0.0,0.4081662893295288,-0.5982773900032043,0.0,0.4081662893295288,1.0,0.4088841080665588,False,0.4083648920059204,0.000331957504386,0.0008799731731414,0.0221201293170452,0.0004185986763332,0.0068411873653531,0.0001435167941963,134000,134001,48,16,0,False,False,0.0,0.0,0.0001941813588366,0.0317328392962905,1.0401111832218703e-09,1.0401111777413874e-09,0.0,0.0,0.0,0.0,7.0,4.0,7.0,0.5883528558865495,0.8492063461732299,0.0444444444444444,0.1181473484252776,0.1132021816075025,0.147684185531597,0.4368375982634773,3.878740919941541,13.549731689560636,436.4947788801617,693.1569213867188,14.173908233642578,19.722487967068524,0.7812774823549001,552.7318115234375,12.23725128173828,20.705659004990597,0.932600719409072,0.0252983942627906,0.0055796136148273,0.0206613540649414,0.0061589055694639,0.0113627780228853,0.4081662893295288,0.4081662893295288,0.0011403573313069,0.0140271877869057,14.0,0.0,9.696590474799466e-23,0.0,2.335442953235085e-18,,,0.0019378148513863,0.0140271877869057,2.7755575615628917e-15,2.47556953042919e-16,0.0,3.184243405697443e-18,2.7755575615628917e-15,0.0,True,125,8,success,-1,True,False,False,-1,,milk_1,False,-1,False,-1,False,0.0,1.0,125,57,0.2026332226449999,1.1747470750723732,0.3284093531295796,2.3506185943647315,430867.1215125567,0.5918337106704712,0.0,8.188855834498338e-19,,,,,,,,False,False
libero_object,7,6,1,0,132000,0,132000,3,48,pick up the milk and place it in the basket,-1,-1,none,-1,-1,-1,-1,4.0,0.0012024992611259,0.005028975661844,0.0047469991259276,0.0020179639104753,0.0005516312085092,0.000708709761966,0.0063855308108031,0.4688898921012878,0.00015189970145,0.0003973841667175,0.0008008258300833,0.0016604528063908,0.5450996160507202,1.5,14.790199279785156,0.8498343229293823,2.598076105117798,20.69269180297852,0.0058558727614581,0.0104656983166933,0.0196900498121976,0.0055474950931966,0.0099176615476608,0.0162396058440208,0.0052593331784009,0.0093398969620466,0.0169231761246919,0.0076486560283228,0.0076927677728235,0.0094812696333974,0.009789734147489,0.020232836715877,0.0209826417267322,0.007426279480569,0.0076361871324479,0.0076672629220411,0.0078595420345664,0.0067421678686514,0.0068227173760533,0.0067421678686514,0.0068227173760533,first,1.0,0.0,0.4689511060714721,0.4029894173145294,0.0,0.4689511060714721,1.0,0.4690309166908264,False,0.4688898921012878,0.00015189970145,0.0003973841667175,0.0202328376471996,0.0005126727628521,0.0067421682178974,8.547637116862461e-05,135000,135001,64,16,0,False,False,0.0,0.0,0.1269335577412585,0.0332749661209689,1.0401111835043032e-09,1.0401111777413874e-09,0.0,0.0,0.0,0.0,105.0,7.0,105.0,0.7104071781484262,1.0519084883762966,0.0777777777777777,0.136102884732059,0.133615494899237,0.1701286059150738,0.4751892592797599,3.509013719206814,8.158904292271615,193.2256448276074,632.196533203125,13.621073722839355,20.122282509127217,0.8003213585939188,1367.305908203125,19.32815170288086,16.772146704539313,0.8414535508949322,0.1675688326358795,0.0243537947535514,0.1611699312925338,0.0054311868734657,0.0029017000924795,0.4689511060714721,0.4689511060714721,0.0162692066738726,0.1311303213670542,14.0,0.0,5.4420600982305076e-24,0.0,1.5332934166833741e-18,,,0.1311303213670542,0.0966385720671575,2.7755575615628917e-15,2.465505300536223e-16,0.0,2.9288094382749912e-18,2.7755575615628917e-15,0.0,True,125,8,success,-1,True,False,False,-1,,milk_1,False,-1,False,-1,False,0.0,1.0,125,57,0.2026332226449999,1.1747470750723732,0.3284093531295796,2.3506185943647315,430867.1215125567,0.5310488939285278,0.0,3.83769520468507e-18,,,,,,,,False,False
libero_object,7,6,1,0,132000,0,132000,4,64,pick up the milk and place it in the basket,-1,-1,none,-1,-1,-1,-1,4.0,0.0012830222258344,0.0051646162755787,0.0040938034653663,0.0022097264882177,0.000535580154974,0.0007452358840964,0.0068132877349853,0.5660922527313232,0.0001958184730028,0.0005306601524353,0.0005268339882604,0.000854909827467,0.5430089831352234,1.5,12.85252857208252,0.7593967914581299,2.291287899017334,15.497983932495115,0.0058929091319441,0.0105413496494293,0.0205367021262645,0.0055330651812255,0.0098422560840845,0.0217600930482149,0.0053619388490915,0.0096325203776359,0.0164410509169101,0.0074074829462915,0.0075687570497393,0.0092158704064786,0.0093963630497455,0.021441735792905,0.0222085062414407,0.0074182434473186,0.0075731426477432,0.0076722790254279,0.0078629534691572,0.0068295486271381,0.0070232497528195,0.0068295486271381,0.0070232497528195,first,1.0,0.0,0.5659977197647095,-0.4827581644058227,0.0,0.5659977197647095,1.0,0.5663784742355347,False,0.5660922527313232,0.0001958184730028,0.0005306601524353,0.0214417353272438,0.0005922924028709,0.0068295486271381,0.0001347267243545,136000,136001,80,16,0,False,False,0.0,0.0,0.1901678841269186,0.0348168237300777,1.0401111837941436e-09,1.0401111777413874e-09,0.0,0.0,0.0,0.0,118.0,9.0,118.0,0.8460005534609605,0.9562950456793576,0.0333333333333333,0.1779823632870233,0.1725842575472111,0.2224779541087792,0.2454094721644648,1.2707026781458992,5.269107594723775,21.876607707863577,564.95703125,12.593517303466797,20.610649427841384,0.8137965161739766,876.9011840820312,15.180763244628906,18.701297043614066,0.9053800926270852,0.032576210796833,0.0072341617196798,0.0271122008562088,0.0100470269098877,0.0309372451156377,0.5659977197647095,0.5659977197647095,0.0131287992349178,0.1722906380136903,14.0,0.0,1.5407439555097887e-32,0.0,1.2266347333466993e-18,,,0.1722906380136903,0.0115125512751538,2.7755575615628917e-15,2.7186014377626677e-16,0.0,2.727016968868907e-18,2.7755575615628917e-15,0.0,True,125,8,success,-1,True,False,False,-1,,milk_1,False,-1,False,-1,False,0.0,1.0,125,57,0.2026332226449999,1.1747470750723732,0.3284093531295796,2.3506185943647315,430867.1215125567,0.4340022802352905,0.0,1.7539125480755448e-18,,,,,,,,False,False
libero_object,7,6,1,0,132000,0,132000,5,80,pick up the milk and place it in the basket,-1,-1,none,-1,-1,-1,-1,4.0,0.0009204289526678,0.0033218464814126,0.003762014908716,0.001300748088397,0.0006285006529651,0.0006552564445883,0.0045953579246997,0.6590559482574463,0.000314282864565,0.0007747411727905,0.0003842170117422,0.0008575652027502,0.5352181196212769,1.4790199995040894,13.36038875579834,0.7512774467468262,2.1650636196136475,14.77117156982422,0.0058189774863421,0.0104158762842416,0.0188368372619152,0.0055466089397668,0.0099171698093414,0.0185221768915653,0.0053662382997572,0.0096237519755959,0.0172727648168802,0.0073343705153092,0.0075036650523543,0.0091138631105422,0.0093594137579202,0.0193298030644655,0.0200514364987611,0.0073324627010151,0.0074762180447578,0.0076616127043962,0.0078901788219809,0.0068237853702157,0.0069690374657511,0.0068237853702157,0.0069690374657511,first,1.0,0.0,0.6593281030654907,0.8659549951553345,0.0,0.6593281030654907,0.0,0.6593281030654907,True,0.6590559482574463,0.000314282864565,0.0007747411727905,0.0193298030644655,0.0006106626242399,0.0068237851373851,0.0001008434264804,137000,137000,96,16,0,False,False,0.0,0.0,0.2015739656294372,0.0351543937216809,1.04011118409139e-09,1.0401111777413874e-09,0.0,0.0,0.0,0.0,147.0,10.0,147.0,0.82742330766193,0.8346788849693483,0.0,0.1731298850161167,0.1727276241904884,0.2164123562701459,0.0646280670713519,0.5477778028813349,1.7949930869941029,3.2898392702531285,553.051025390625,12.734102249145508,20.703151589966787,0.8166556001098626,1725.158447265625,22.233842849731445,15.762513718279042,0.8235609559839975,0.0117660695686936,0.0032046800479292,0.0075748600065708,0.0039391024038195,0.0105362059548497,0.6593281030654907,0.6593281030654907,0.0152667122022012,0.1731356596691401,14.0,0.0,0.0,0.0,6.857096618313871e-19,,,0.1731356596691401,0.0405983111616714,2.484124017598788e-15,2.835636215993716e-16,0.0,3.0760532262264327e-18,2.7755575615628917e-15,0.0,True,125,8,success,-1,True,False,False,-1,,milk_1,False,-1,False,-1,False,0.0,1.0,125,57,0.2026332226449999,1.1747470750723732,0.3284093531295796,2.3506185943647315,430867.1215125567,0.3406718969345093,0.0,1.9579301053643595e-18,,,,,,,,False,False
libero_object,7,6,1,0,132000,0,132000,6,96,pick up the milk and place it in the basket,-1,-1,none,-1,-1,-1,-1,4.0,0.0010065290844067,0.0053858431056141,0.0038442767690867,0.0014507635496556,0.0007041169446893,0.0005810622824355,0.0050718113780021,0.7649052143096924,0.0001654312218306,0.0004670619964599,0.0004634400247596,0.0008369287243112,0.5428003072738647,1.4790199995040894,11.605494499206545,0.760801374912262,2.2360680103302,12.69842529296875,0.0058723515830934,0.0105144521221518,0.0209527816623449,0.0055131427943706,0.0097907101735472,0.016811603680253,0.0055846557952463,0.0099402936175465,0.0186764001846313,0.0074945320375263,0.0076593915000557,0.0095538597088307,0.010259011760354,0.0193884032778441,0.020491337403655,0.0072871091542765,0.0073993992991745,0.0075745787471532,0.0077565750107169,0.0072267095092684,0.0073275356553494,0.0072267095092684,0.0073275356553494,first,1.0,0.0,0.7648929357528687,-0.074221521615982,0.0,0.7648929357528687,1.0,0.7651485204696655,False,0.7649052143096924,0.0001654312218306,0.0004670619964599,0.0193884037435054,0.0007194214849732,0.007226709742099,6.480648880824447e-05,138000,138001,112,16,0,False,False,0.0,0.0,0.2026332226449999,0.0352029647896272,1.0401111843960432e-09,1.0401111777413874e-09,0.0,0.0,0.0,0.0,175.0,12.0,175.0,0.8128628753476067,0.8302418917256408,0.0444444444444444,0.1704742716595121,0.1672754969504458,0.2130928395743902,0.1909677821302468,1.1618867540324522,2.277489030092519,14.21968987814618,600.6538696289062,13.26642894744873,20.344560815673155,0.8034624396816108,1045.3218994140625,17.289474487304688,17.938303119404814,0.8821267396909778,0.0148221813142299,0.0031800582073628,0.0106850564479827,0.0108892349526286,0.0099468482658267,0.7648929357528687,0.7648929357528687,0.016669512778177,0.1664541833489885,14.0,0.0,0.0,0.0,2.1684043449710093e-18,,,0.1664541833489885,0.066918995545484,2.7755575615628917e-15,2.453277133148503e-16,0.0,6.698339460720583e-18,2.7755575615628917e-15,0.0,True,125,8,success,-1,True,False,False,-1,,milk_1,False,-1,False,-1,False,0.0,1.0,125,57,0.2026332226449999,1.1747470750723732,0.3284093531295796,2.3506185943647315,430867.1215125567,0.2351070642471313,0.0,1.395460877306463e-18,,,,,,,,False,False
libero_object,7,6,1,0,132000,0,132000,7,112,pick up the milk and place it in the basket,-1,-1,none,-1,-1,-1,-1,4.0,0.0027065023314207,0.0131362313404679,0.0088255498558282,0.0042645772919058,0.00148270430509,0.0017036731587722,0.0142987566068768,0.9006998538970947,0.0004250057681929,0.0011863708496093,0.000916184973903,0.0015729963779449,1.4532470703125,5.402545928955078,44.160926818847656,4.704498291015625,15.85086727142334,48.99681091308594,0.0071949437260627,0.0137191098183393,0.0343971662223339,0.0055760247632861,0.0098860831931233,0.0160831771790981,0.0058003054000437,0.0102838603779673,0.0186002198606729,0.0089552085846662,0.0092552304267883,0.01996027585119,0.0218412578105926,0.0232278294861316,0.023921487852931,0.0077803259482607,0.0079487897455692,0.0082723305094987,0.0084856208413839,0.0075947277946397,0.0076509527862071,0.0075947277946397,0.0076509527862071,first,1.0,0.0,0.9008160829544068,0.2734764218330383,0.0,0.9008160829544068,3.0,0.901242971420288,False,0.9006998538970947,0.0004250057681929,0.0011863708496093,0.0232278294861316,0.0005993138765916,0.007594727911055,5.4610398365184665e-05,139000,139003,125,13,0,False,True,1.0,1.0,0.1756190530976735,0.0354398719140012,1.040111184649028e-09,1.0401111777413874e-09,0.0,0.0,0.0,0.0,156.0,12.0,156.0,0.7601189837839145,0.8870212911903351,0.0138888888888888,0.1306408843128543,0.1225150881147821,0.2009859758659297,0.4646237365730954,2.818691086191272,4.620837471207122,33.86972101584469,622.6957397460938,13.691160202026367,20.188044664185387,0.8004250998648565,4802.26318359375,47.00407791137695,11.31634403387134,0.5515919658020029,0.028819365426898,0.0084145553410053,0.0149650080129504,0.0196817237883806,0.0188488811254501,0.0991839170455932,0.9008160829544068,0.0157162759149857,0.1239046515338437,14.0,0.0,0.0,0.0,3.496446946337351e-18,,,0.1239046515338437,0.0961232112759514,2.255140518769849e-15,1.996369226014053e-16,0.0,6.294835729876534e-19,2.255140518769849e-15,0.0,True,125,8,success,-1,True,False,False,-1,,milk_1,False,-1,False,-1,False,0.0,1.0,125,57,0.2026332226449999,1.1747470750723732,0.3284093531295796,2.3506185943647315,430867.1215125567,0.0991839170455932,0.0,1.5772286483872108e-18,,,,,,,,False,False
libero_object,7,7,1,1,132097,0,132097,0,0,pick up the milk and place it in the basket,-1,-1,none,-1,-1,-1,-1,4.0,0.004043870139867,0.0365664698183536,0.0367740094661712,0.0079715577885508,0.0012162890052422,0.0007435540901497,0.0265567153692245,0.2994663119316101,0.0001963996473932,0.0005379617214202,0.0013705391902476,0.0052097160369157,1.1981459856033323,3.90512490272522,60.41678237915039,4.659575939178467,21.15207290649414,83.8790054321289,0.008395355194807,0.0258662458509206,0.0501651987433433,0.0057757175527513,0.0103241009637713,0.019168859347701,0.0055764038115739,0.0098311556503176,0.0173666235059499,0.0077208487782627,0.0079047186300158,0.0103105856105685,0.0109088085591793,0.0220260000787675,0.0228870548307895,0.0073383875424042,0.007375527638942,0.0076303646201267,0.0078659821301698,0.0071538443444296,0.0072660208679735,0.0071538443444296,0.0072660208679735,first,1.0,0.0,0.2995278537273407,0.3133498132228851,0.0,0.2995278537273407,2.0,0.2996872961521148,False,0.2994663119316101,0.0001963996473932,0.0005379617214202,0.0220260005444288,0.0005692708073183,0.0071538444608449,9.34457711991854e-05,132097,132099,16,16,0,False,False,0.0,0.0,1.0401111777413874e-09,0.2087390005252903,1.040111182679223e-09,1.0401111777413874e-09,0.0,0.0,0.0,0.0,0.0,0.0,0.0,0.7024780339459941,0.8897350344990488,0.0222222222222222,0.1339273772441489,0.1337536889697696,0.1674092215551862,0.29717811732776,1.5235263862202686,3.1088832543989025,39.060511574510805,515.96142578125,12.24523639678955,21.00463126675888,0.8235936414837329,940.0947875976562,15.583319664001465,18.39908716145635,0.8741151962163839,0.0178896728903055,0.0045333937741816,0.0119106397032737,0.0156622026115655,0.0080930106341838,0.2995278537273407,0.2995278537273407,1.6857175301137468e-10,1.1791581515177423e-09,14.0,2.6367796834847473e-16,3.4164439950743493e-19,5.463251379067557e-14,2.1586939224489797e-14,,,1.1791581512994783e-09,7.957716198961969e-13,2.7780631060861706e-15,2.4807152245723085e-16,9.743941764561724e-15,1.0155378531810546e-17,1.1791581515177423e-09,7.957765241832006e-13,True,126,8,success,-1,True,False,False,-1,,milk_1,False,-1,False,-1,False,0.0,1.0,126,57,0.2031358125105243,1.1746779630218491,0.3271257939018998,2.3562646131385185,457123.3558156462,0.7004721462726593,7.412473412848897e-15,1.5020132651526645e-17,,,,,,,,False,False
libero_object,7,7,1,1,132097,0,132097,1,16,pick up the milk and place it in the basket,-1,-1,none,-1,-1,-1,-1,4.0,0.0015561360633,0.0059068016707897,0.0056205685250461,0.0027600333560258,0.0006176631432026,0.0007598625961691,0.0084081711247563,0.3438305258750915,0.0003679089422803,0.0007990598678588,0.0005748835392296,0.0015664107631891,0.616847038269043,1.785357117652893,20.968727111816406,1.0175392627716064,3.570714235305786,28.630184173583984,0.0060477806255221,0.0107258772477507,0.0204478055238723,0.0055745705030858,0.0099655473604798,0.0198580529540777,0.0055344714783132,0.0099075706675648,0.0170695856213569,0.0076333386823534,0.0076822838746011,0.0097648079972714,0.0098870331421494,0.0212569902651011,0.0218714829534292,0.0073148448718711,0.0074052503332495,0.0076154044363647,0.0077584409154951,0.0070394717622548,0.0071257199160754,0.0070394717622548,0.0071257199160754,first,1.0,0.0,0.3441718220710754,0.927664875984192,0.0,0.3441718220710754,2.0,0.3442218899726867,False,0.3438305258750915,0.0003679089422803,0.0007990598678588,0.0212569907307624,0.0007145424606278,0.0070394719950854,6.386295717675239e-05,133097,133099,32,16,0,False,False,0.0,0.0,1.0401111777413874e-09,0.1396837361388181,1.0401111829468435e-09,1.0401111777413874e-09,0.0,0.0,0.0,0.0,0.0,0.0,0.0,0.636493242596938,0.8889432513741042,0.1,0.1319335272835926,0.1104400360117085,0.1649169091044907,0.4213984481300097,2.6966949041488584,4.109975177052892,107.6006055945094,646.9739990234375,13.742632865905762,20.021935335339062,0.7922798928131563,979.9783935546876,16.1422061920166,18.218638603421663,0.8712537042054197,0.0120457410812377,0.0028406078927218,0.008426159620285,0.0093701155856251,0.0075592258945107,0.3441718220710754,0.3441718220710754,4.146072322849203e-16,2.7755575615628917e-15,14.0,0.0,3.819728268617631e-23,0.0,1.5332934166833741e-18,,,0.0,0.0,2.7755575615628917e-15,2.4502047988748206e-16,0.0,4.488289024560797e-18,2.7755575615628917e-15,0.0,True,126,8,success,-1,True,False,False,-1,,milk_1,False,-1,False,-1,False,0.0,1.0,126,57,0.2031358125105243,1.1746779630218491,0.3271257939018998,2.3562646131385185,457123.3558156462,0.6558281779289246,0.0,2.344028337093266e-18,,,,,,,,False,False
libero_object,7,7,1,1,132097,0,132097,2,32,pick up the milk and place it in the basket,-1,-1,none,-1,-1,-1,-1,4.0,0.0014731342671439,0.0062408004887402,0.0079291993752121,0.0025182550307363,0.0006390029448084,0.0008401664672419,0.0076992665417492,0.4068165123462677,0.0003686047857627,0.0009614825248718,0.0012382077984511,0.0040112482383847,0.5377933979034424,1.4790199995040894,10.940177917480469,0.7871711254119873,2.5,18.912628173828125,0.006041461136192,0.0107360770925879,0.0196325853466987,0.0056690648198127,0.0100493161007761,0.018124921247363,0.0053374608978629,0.0095537761226296,0.0162326600402593,0.0078978384844958,0.0079506514593958,0.011568077141419,0.0120279677212238,0.0213852571323514,0.022005932405591,0.0075430810684338,0.0076374942436814,0.0079312964808195,0.0081589557230472,0.0067620994523167,0.0068457596935331,0.0067620994523167,0.0068457596935331,first,1.0,0.0,0.4073212146759033,1.3692234754562378,0.0,0.4073212146759033,0.0,0.4073212146759033,True,0.4068165123462677,0.0003686047857627,0.0009614825248718,0.0213852580636739,0.0006068755756132,0.0067620994523167,5.989264536765404e-05,134097,134097,48,16,0,False,False,0.0,0.0,6.98792309259677e-05,0.0318670387015022,1.0401111832218703e-09,1.0401111777413874e-09,0.0,0.0,0.0,0.0,6.0,4.0,6.0,0.5962232034262834,0.8511938148272229,0.0666666666666666,0.1204717676150528,0.1160000681257652,0.150589709518816,0.4349322572964276,3.7205586897828575,11.941350384486697,376.89980721193416,703.8751220703125,14.229990005493164,19.655847452008437,0.7782339142098965,737.847412109375,13.49380874633789,19.45113802473863,0.9095958287513604,0.0153006697073578,0.003847889136523,0.0110609158873558,0.0080346874892711,0.0110795581713318,0.4073212146759033,0.4073212146759033,0.0010348726773196,0.0126626028051521,14.0,0.0,5.7913693340879894e-24,0.0,3.0665868333667487e-18,,,0.0018256146773165,0.0126626028051521,2.7755575615628917e-15,2.4763519397229686e-16,0.0,4.5777351867997954e-18,2.7755575615628917e-15,0.0,True,126,8,success,-1,True,False,False,-1,,milk_1,False,-1,False,-1,False,0.0,1.0,126,57,0.2031358125105243,1.1746779630218491,0.3271257939018998,2.3562646131385185,457123.3558156462,0.5926787853240967,0.0,2.07000556305771e-19,,,,,,,,False,False
libero_object,7,7,1,1,132097,0,132097,3,48,pick up the milk and place it in the basket,-1,-1,none,-1,-1,-1,-1,4.0,0.0011314190924167,0.0041953716427087,0.0019005256472155,0.0017728159436956,0.0006403473089449,0.0006804437143728,0.0056321136653423,0.469957947731018,0.0003394839004613,0.000872254371643,0.0006922329193912,0.0018997780280187,0.5436341166496277,1.4790199995040894,13.00961208343506,0.8026222586631775,2.5,21.34244537353516,0.0058409529738128,0.0103963874280452,0.0190977305173873,0.0055195530876517,0.0097804078832268,0.0186813846230506,0.0054622259922325,0.0097039984539151,0.0214962344616651,0.0076870920602232,0.0078523447737097,0.0099235265515744,0.0103295035660266,0.0201395670883357,0.0203256383538246,0.0074013557750731,0.007454790174961,0.0075788270914927,0.0076269614510238,0.0069358360487967,0.0070311529561877,0.0069358360487967,0.0070311529561877,first,1.0,0.0,0.4696564972400665,-0.8879669904708862,0.0,0.4696564972400665,1.0,0.4705287516117096,False,0.469957947731018,0.0003394839004613,0.000872254371643,0.020139567553997,0.0001473430020269,0.0069358358159661,0.0001016907044686,135097,135098,64,16,0,False,False,0.0,0.0,0.1267052968829754,0.0330018328999811,1.0401111835043032e-09,1.0401111777413874e-09,0.0,0.0,0.0,0.0,117.0,11.0,117.0,0.708362517238416,1.050711872180162,0.1,0.1357633112359398,0.1332739520325153,0.1697041390449247,0.4766786316021678,3.605125051934497,8.696067839135473,207.7924835220408,634.686279296875,13.64776611328125,20.10521251068313,0.7992363159410265,1324.1522216796875,19.00322151184082,16.911424473386305,0.8464034487638384,0.1496078372001648,0.0204076208174228,0.1472602933645248,0.0021746484562754,0.0037379497662186,0.4696564972400665,0.4696564972400665,0.0161342001644229,0.1308411247604084,14.0,0.0,6.345675108510169e-23,0.0,1.264386142409949e-18,,,0.1308411247604084,0.0950376775415069,2.7755575615628917e-15,2.4687452501510553e-16,0.0,3.720691160986347e-18,2.7755575615628917e-15,0.0,True,126,8,success,-1,True,False,False,-1,,milk_1,False,-1,False,-1,False,0.0,1.0,126,57,0.2031358125105243,1.1746779630218491,0.3271257939018998,2.3562646131385185,457123.3558156462,0.5303435027599335,0.0,2.1511761876193577e-18,,,,,,,,False,False
libero_object,7,7,1,1,132097,0,132097,4,64,pick up the milk and place it in the basket,-1,-1,none,-1,-1,-1,-1,4.0,0.0011294715804979,0.0048023574054241,0.0062348037026822,0.0019192058825865,0.0004475580062717,0.0008060090476647,0.0059390664100646,0.5625002384185791,0.0002592668170109,0.000644564628601,0.0006150614935904,0.0009625552338548,0.5432510375976562,1.5,11.55422019958496,0.7127109169960022,1.9202864170074463,22.527761459350582,0.0057884491980075,0.010335867293179,0.0209214780479669,0.0054789627902209,0.0097183138132095,0.0173049792647361,0.0052590039558708,0.0093790488317608,0.0179027207195758,0.0074177528731524,0.0075844125822186,0.0094528484623879,0.0099333217367529,0.0209129364229738,0.0219934992492198,0.0073355374624952,0.0075042406097054,0.0075891418382525,0.0076856054365634,0.0066805179230868,0.0067555080167949,0.0066805179230868,0.0067555080167949,first,1.0,0.0,0.5628386735916138,1.3053547143936155,0.0,0.5628386735916138,0.0,0.5628386735916138,True,0.5625002384185791,0.0002592668170109,0.000644564628601,0.0209129378199577,0.0006702618557028,0.0066805179230868,5.677567605744116e-05,136097,136097,80,16,0,False,False,0.0,0.0,0.1910546611694615,0.0347627133243493,1.0401111837941436e-09,1.0401111777413874e-09,0.0,0.0,0.0,0.0,139.0,9.0,139.0,0.8463842470356111,0.9525460139287276,0.0555555555555555,0.1780130253165495,0.1727653868479365,0.2225162816456869,0.2421476457864494,1.2942426079396054,5.183038345658109,22.133217911618576,569.5787963867188,12.576550483703612,20.575265473452305,0.8113849582518688,864.4453735351562,15.034491539001465,18.763428065452104,0.9068592626971396,0.0306636858731508,0.007404985371977,0.0249282419681549,0.0117179127410054,0.0281451884657144,0.5628386735916138,0.5628386735916138,0.012923026226156,0.1726479435149621,14.0,0.0,5.787963078921564e-24,0.0,3.0202377658689313e-18,,,0.1726479435149621,0.0082744236512174,2.7755575615628917e-15,2.7159643131455206e-16,0.0,4.6612787442691874e-18,2.7755575615628917e-15,0.0,True,126,8,success,-1,True,False,False,-1,,milk_1,False,-1,False,-1,False,0.0,1.0,126,57,0.2031358125105243,1.1746779630218491,0.3271257939018998,2.3562646131385185,457123.3558156462,0.4371613264083862,0.0,1.981544102965056e-18,,,,,,,,False,False
libero_object,7,7,1,1,132097,0,132097,5,80,pick up the milk and place it in the basket,-1,-1,none,-1,-1,-1,-1,4.0,0.0009393095388077,0.0026674624532461,0.0039985589683055,0.0012857188703492,0.0006656502373516,0.00072105898289,0.0045493952929973,0.6554633378982544,0.0001298890565522,0.0003584623336791,0.0004354628326836,0.0011329527478665,0.5538151264190674,1.5811388492584229,16.807735443115234,0.7795697450637817,2.291287899017334,13.534677505493164,0.0058696609921753,0.0103376386687159,0.0194146167486906,0.0056815026327967,0.0102088823914527,0.0178642030805349,0.0053162975236773,0.009442389011383,0.0176075771450996,0.0073743362445384,0.0075096385553479,0.0090829411055892,0.0093483980745077,0.0193697977811098,0.0201031304895877,0.0075046784477308,0.0077736279927194,0.0079471821663901,0.0081369262188673,0.0068440628238022,0.0070670493878424,0.0068440628238022,0.0070670493878424,first,1.0,0.0,0.6554380655288696,-0.1945688873529434,0.0,0.6554380655288696,2.0,0.6556310057640076,False,0.6554633378982544,0.0001298890565522,0.0003584623336791,0.0193697977811098,0.0006142303464002,0.0068440628238022,0.0001413548015989,137097,137099,96,16,0,False,False,0.0,0.0,0.2020765943033433,0.0350937179658523,1.04011118409139e-09,1.0401111777413874e-09,0.0,0.0,0.0,0.0,166.0,12.0,166.0,0.8275245888720726,0.83463775400212,0.0222222222222222,0.1729333925832845,0.1725174568537374,0.2161667407291056,0.0637632217028544,0.5198214860434563,1.5107596471986715,2.841859648225711,561.6787109375,12.787461280822754,20.635923975536063,0.8138061270342672,1763.9754638671875,22.328636169433597,15.665878208777766,0.8193584574259369,0.0124276494607329,0.0033413378987461,0.0069447760470211,0.0034297553356736,0.0106054777279496,0.6554380655288696,0.6554380655288696,0.0150349474078951,0.1728735464276439,14.0,0.0,6.704057550712268e-25,0.0,1.5636586103463756e-18,,,0.1728735464276439,0.0376157172828831,2.4771851236948805e-15,2.8303284088571293e-16,0.0,3.8596472951407575e-18,2.7755575615628917e-15,0.0,True,126,8,success,-1,True,False,False,-1,,milk_1,False,-1,False,-1,False,0.0,1.0,126,57,0.2031358125105243,1.1746779630218491,0.3271257939018998,2.3562646131385185,457123.3558156462,0.3445619344711303,0.0,3.317971178216842e-19,,,,,,,,False,False
libero_object,7,7,1,1,132097,0,132097,6,96,pick up the milk and place it in the basket,-1,-1,none,-1,-1,-1,-1,4.0,0.0009579573525115,0.0052425931207835,0.0032767551019787,0.0011531963245943,0.0008294531144201,0.0007577529177069,0.0046822596341371,0.7573192119598389,0.0002563981688581,0.0006425380706787,0.0005655221757479,0.0009717855718918,0.5461288690567017,1.5,11.202678680419922,0.7929079532623291,2.291287899017334,13.79311466217041,0.0058946534991264,0.0104811191558837,0.0171091947704553,0.005518942605704,0.0098451059311628,0.0178691055625677,0.0055746911093592,0.0100283082574605,0.0222250558435916,0.0074475888395681,0.0076322024688124,0.0092480599414557,0.0096672428771853,0.0192723530344665,0.0207623671740293,0.0072844040114432,0.0074246027506887,0.0075160652631893,0.0075944638811051,0.0072275523561984,0.0074818092398345,0.0072275523561984,0.0074818092398345,first,1.0,0.0,0.7577006816864014,1.487802028656006,0.0,0.7577006816864014,0.0,0.7577006816864014,True,0.7573192119598389,0.0002563981688581,0.0006425380706787,0.0192723535001277,0.0009625109960325,0.007227552589029,0.000146894948557,138097,138097,112,16,0,False,False,0.0,0.0,0.2031358125105243,0.0351614359083061,1.0401111843960432e-09,1.0401111777413874e-09,0.0,0.0,0.0,0.0,192.0,12.0,192.0,0.8118845568064116,0.832064738742366,0.0444444444444444,0.1703963269198627,0.1673293617356074,0.2129954086498284,0.187267749857756,1.0896085844808143,2.010591710066695,11.760634043276,607.4562377929688,13.305624008178713,20.295653648026875,0.8014563883426071,1003.7518920898438,16.871519088745117,18.1145398392772,0.8879940753273946,0.0159987434744834,0.0037172969896346,0.0121342241764068,0.0125491693615913,0.009566156193614,0.7577006816864014,0.7577006816864014,0.0165570679326746,0.166392456036796,14.0,0.0,8.019234557353402e-26,0.0,2.8272533642373752e-18,,,0.166392456036796,0.0654064950206425,2.7755575615628917e-15,2.4595249948959677e-16,0.0,2.4682628422063592e-18,2.7755575615628917e-15,0.0,True,126,8,success,-1,True,False,False,-1,,milk_1,False,-1,False,-1,False,0.0,1.0,126,57,0.2031358125105243,1.1746779630218491,0.3271257939018998,2.3562646131385185,457123.3558156462,0.2422993183135986,0.0,4.478059113985519e-19,,,,,,,,False,False
libero_object,7,7,1,1,132097,0,132097,7,112,pick up the milk and place it in the basket,-1,-1,none,-1,-1,-1,-1,4.0,0.0113096255809068,0.9022362232208252,0.0112637989223003,0.0055060009472072,0.0014595948159694,0.058270588517189,0.0811773389577865,0.885461688041687,0.000923833111301,0.0026124715805053,0.0011287179077044,0.0031386208720505,1.2176190614700315,4.582575798034668,53.78371047973633,3.133595466613769,10.885770797729492,59.60442352294922,0.0156495720148086,0.0160425044596195,0.9455217123031616,0.0057676653377711,0.0102397259324789,0.021892987191677,0.005946550052613,0.0105998627841472,0.0190362147986888,0.0091095776297152,0.00925497058779,0.0271734618581831,0.0315425507724285,0.0221277964301407,0.022955035790801,0.007898969692178,0.0084561631083488,0.0085848772432655,0.0100286016240715,0.0075817537726834,0.007855380885303,0.0075817537726834,0.007855380885303,first,1.0,0.0,0.8867496252059937,1.3941231966018677,0.0,0.8867496252059937,0.0,0.8867496252059937,True,0.885461688041687,0.000923833111301,0.0026124715805053,0.0221277959644794,0.0008270512917079,0.0075817541219294,0.0001633326173759,139097,139097,126,14,0,False,True,1.0,1.0,0.1763508920287901,0.0353829427981855,1.0401111846686904e-09,1.0401111777413874e-09,0.0,0.0,0.0,0.0,168.0,12.0,168.0,0.7013227228646127,0.8602541305224184,0.0384615384615384,0.1312392348234183,0.122933840533267,0.1874846211763119,0.4334195258261313,2.750468814638216,4.573473205174556,49.266244496213176,699.8015747070312,14.278246879577637,19.68105445462085,0.7773787680474424,5055.3388671875,47.89353561401367,11.093300885339538,0.5404637551484711,0.0234002228826284,0.0064452998340129,0.0147482454776763,0.0171362347900867,0.0142609262838959,0.1132503747940063,0.8867496252059937,0.0164983061307647,0.124433558335451,14.0,0.0,7.26350765904442e-27,0.0,2.1684043449710093e-18,,,0.124433558335451,0.1065427274952499,2.4286128663675303e-15,2.158075487569489e-16,0.0,2.9561135446497082e-18,2.4286128663675303e-15,0.0,True,126,8,success,-1,True,False,False,-1,,milk_1,False,-1,False,-1,False,0.0,1.0,126,57,0.2031358125105243,1.1746779630218491,0.3271257939018998,2.3562646131385185,457123.3558156462,0.1132503747940063,0.0,3.7721135201422187e-19,,,,,,,,False,False
libero_object,7,8,1,2,132194,0,132194,0,0,pick up the milk and place it in the basket,-1,-1,none,-1,-1,-1,-1,4.0,0.0020896145142614,0.0173932611942291,0.0171380955725908,0.0035461417865008,0.0011211464880034,0.0006254375912249,0.0116854384541511,0.2998043298721313,0.0008634589612483,0.0023308396339416,0.0007916860631667,0.0029447104316204,0.6823161244392395,2.0463380813598637,24.30406379699707,2.0563652515411377,8.699856758117676,67.12814331054688,0.0067541804164648,0.0134694781154394,0.0282323770225048,0.0056974794715642,0.0101491454988718,0.0210287272930145,0.0058157462626695,0.0103007378056645,0.0196862537413835,0.0077314673690125,0.0078768376260995,0.0104066394269466,0.0108467191457748,0.021640385966748,0.0221785549074411,0.0074557336047291,0.0075478255748748,0.0076957385754212,0.0077890777029097,0.0072004112880676,0.0072800428606569,0.0072004112880676,0.0072800428606569,first,1.0,0.0,0.3010677099227905,1.4631617069244385,0.0,0.3010677099227905,0.0,0.3010677099227905,True,0.2998043298721313,0.0008634589612483,0.0023308396339416,0.0216403864324092,0.000342553918017,0.0072004115208983,5.067917663836852e-05,132194,132194,16,16,0,False,False,0.0,0.0,1.0401111777413874e-09,0.2090493396944531,1.040111182679223e-09,1.0401111777413874e-09,0.0,0.0,0.0,0.0,0.0,0.0,0.0,0.6964514025896508,0.8914806783049474,0.0222222222222222,0.1328111176791583,0.1326522305540921,0.1660138970989478,0.3014596017073265,1.5704672049256263,3.0405653007581863,41.54516603030901,516.9468383789062,12.263286590576172,20.99634477320965,0.8229645364983463,878.2417602539062,15.099078178405762,18.69466276976062,0.8825770883833457,0.0171944834291934,0.0042837355285882,0.0116505548357963,0.0150347175076603,0.0080617880448699,0.3010677099227905,0.3010677099227905,1.685717528229448e-10,1.1791581515177423e-09,14.0,2.6367796834847473e-16,1.3373203062864306e-18,5.463251379067557e-14,2.158785424074844e-14,,,1.1791581512994783e-09,7.957716198961969e-13,2.7780631060861706e-15,2.4807152245723085e-16,9.743941764561724e-15,2.907455256093687e-18,1.1791581515177423e-09,7.957765241832006e-13,True,125,8,success,-1,True,False,False,-1,,milk_1,False,-1,False,-1,False,0.0,1.0,125,57,0.2027971866622386,1.1712644509981571,0.3281563516955787,2.296880133401461,419786.2650000958,0.6989322900772095,7.412473412848897e-15,1.7719345830715226e-17,,,,,,,,False,False
libero_object,7,8,1,2,132194,0,132194,1,16,pick up the milk and place it in the basket,-1,-1,none,-1,-1,-1,-1,4.0,0.0016500484198331,0.0072037237696349,0.0042450530454516,0.0031066338997334,0.0005207843496464,0.0006680843653157,0.0091144349426031,0.3445611298084259,0.0002927111345343,0.0007806718349456,0.0002684826322365,0.0004718462296295,0.5526092648506165,1.5,27.949731826782227,0.8516827821731567,2.7386128902435303,22.162750244140625,0.0059572332538664,0.0107517065480351,0.0184389743953943,0.0055245701223611,0.0097775813192129,0.0159993153065443,0.0054208235815167,0.0096836742013692,0.0184083357453346,0.0075081927934661,0.0075655174441635,0.0097802949603647,0.0099765332415699,0.0201431075111031,0.0205612331628799,0.0073225566884502,0.0074126902036368,0.0075880100484937,0.007673795800656,0.0069101039553061,0.0069538126699626,0.0069101039553061,0.0069538126699626,first,1.0,0.0,0.3444749116897583,-0.2945501804351806,0.0,0.3444749116897583,2.0,0.3449117541313171,False,0.3445611298084259,0.0002927111345343,0.0007806718349456,0.0201431065797805,0.0004085578839294,0.006910104304552,6.169921834953129e-05,133194,133196,32,16,0,False,False,0.0,0.0,1.0401111777413874e-09,0.139265360253443,1.0401111829468435e-09,1.0401111777413874e-09,0.0,0.0,0.0,0.0,0.0,0.0,0.0,0.6449840400419198,0.8907055962180678,0.1,0.1337942313599112,0.1118802523222414,0.1672427891998889,0.4192242768946292,2.778406445114982,4.051928526851067,110.3067853585862,652.8919067382812,13.770281791687012,19.98239075753553,0.7905789713148726,1012.629150390625,16.24146270751953,18.07629935672536,0.8670347624859013,0.0145490942522883,0.0034352568909525,0.0105767846107482,0.0112646529451012,0.0090770861133933,0.3444749116897583,0.3444749116897583,4.1450042977849126e-16,2.7755575615628917e-15,14.0,0.0,1.6330667069852409e-18,0.0,6.857096618313871e-19,,,0.0,0.0,2.7755575615628917e-15,2.453277133148503e-16,0.0,3.0719357759944922e-18,2.7755575615628917e-15,0.0,True,125,8,success,-1,True,False,False,-1,,milk_1,False,-1,False,-1,False,0.0,1.0,125,57,0.2027971866622386,1.1712644509981571,0.3281563516955787,2.296880133401461,419786.2650000958,0.6555250883102417,0.0,1.1724683134336738e-18,,,,,,,,False,False
libero_object,7,8,1,2,132194,0,132194,2,32,pick up the milk and place it in the basket,-1,-1,none,-1,-1,-1,-1,4.0,0.0014328045072034,0.0062109534628689,0.0085041504353284,0.0024479704443365,0.0005882654804736,0.0009209236595779,0.0075240433216094,0.4073145985603332,0.0003078398294746,0.000806838274002,0.0016113992314785,0.0055983094498515,0.5524627566337585,1.5,13.79311466217041,0.7424494624137878,2.2360680103302,20.706279754638672,0.0060579874552786,0.0108522279188036,0.0194486323744058,0.0058829369954764,0.0106065860018134,0.0188773814588785,0.0054032350890338,0.0096596246585249,0.0167566426098346,0.0078886833507567,0.0079312026500701,0.0106331587303429,0.0111157000064849,0.0217780671082437,0.0224408656358718,0.0075820407364517,0.0076812878251075,0.0079660629853606,0.0082497866824269,0.0069115858059376,0.0070685800164937,0.0069115858059376,0.0070685800164937,first,1.0,0.0,0.4070008397102356,-1.0192276239395142,0.0,0.4070008397102356,1.0,0.4078076779842376,False,0.4073145985603332,0.0003078398294746,0.000806838274002,0.0217780675739049,0.0004644438449759,0.0069115860387682,0.0001228587207151,134194,134195,48,16,0,False,False,0.0,0.0,4.2996459179697744e-05,0.03207744532115,1.0401111832218703e-09,1.0401111777413874e-09,0.0,0.0,0.0,0.0,6.0,4.0,6.0,0.5908159523079836,0.8471081472741696,0.0666666666666666,0.1195316431357003,0.1152624972971281,0.1494145539196254,0.4292363711870168,3.3134611601852333,12.06886492338508,300.93902305110606,707.0548706054688,14.242612838745115,19.63627242578093,0.7773541815236229,693.5640258789062,13.201889038085938,19.719938020160416,0.915228705093998,0.0156669151037931,0.0036764107644557,0.0123817101120948,0.008535330183804,0.0124360555782914,0.4070008397102356,0.4070008397102356,0.0009654668232882,0.0118434259846029,14.0,0.0,5.0302908880393536e-18,0.0,1.939479807224432e-18,,,0.0016731095414267,0.0118434259846029,2.7755575615628917e-15,2.470276075625533e-16,0.0,1.8763055015101804e-18,2.7755575615628917e-15,0.0,True,125,8,success,-1,True,False,False,-1,,milk_1,False,-1,False,-1,False,0.0,1.0,125,57,0.2027971866622386,1.1712644509981571,0.3281563516955787,2.296880133401461,419786.2650000958,0.5929991602897644,0.0,2.352718890897923e-18,,,,,,,,False,False
libero_object,7,8,1,2,132194,0,132194,3,48,pick up the milk and place it in the basket,-1,-1,none,-1,-1,-1,-1,4.0,0.0014749009860679,0.0076371040195226,0.0054539921693503,0.0026401942595839,0.0005644074990414,0.0007105009863153,0.008304270915687,0.4693395793437958,0.0001939450303325,0.000467300415039,0.0007957528578117,0.0022938549518585,0.5532689690589905,1.5,16.71077537536621,0.9042099118232728,2.872281312942505,23.296995162963867,0.0060185389593243,0.0107899447903037,0.0190017987042665,0.0055228373967111,0.0098965922370553,0.018214713782072,0.005400504451245,0.00972346868366,0.0182250998914241,0.0076460941927507,0.0077481600455939,0.0096141104586422,0.0101925460621714,0.0200377604924142,0.0207120534032583,0.0073911544168367,0.007518770173192,0.0076694077579304,0.0078387996181845,0.0068735142704099,0.007220699917525,0.0068735142704099,0.007220699917525,first,1.0,0.0,0.4692103564739227,-0.666286051273346,0.0,0.4692103564739227,2.0,0.4696725904941559,False,0.4693395793437958,0.0001939450303325,0.000467300415039,0.0200377590954303,0.0004825218929909,0.0068735145032405,0.0002143604215234,135194,135196,64,16,0,False,False,0.0,0.0,0.1257987371970691,0.0331159604977236,1.0401111835043032e-09,1.0401111777413874e-09,0.0,0.0,0.0,0.0,109.0,9.0,109.0,0.7039192772781739,1.0522269496586962,0.0888888888888888,0.1348522884317176,0.1322524286595911,0.168565360539647,0.4776064006753311,3.569804804344032,7.713943659718258,199.3624578495396,635.7025756835938,13.639681816101074,20.09826389797834,0.7990461368914522,1332.9049072265625,19.10736846923828,16.88281194004613,0.8453058913184861,0.1643815785646438,0.0236614719033241,0.1599870324134826,0.0055958530865609,0.0036140047013759,0.4692103564739227,0.4692103564739227,0.0159490498712164,0.1300631660701896,14.0,0.0,3.500844740718357e-18,0.0,9.69739903612216e-19,,,0.1300631660701896,0.0932235321268342,2.7755575615628917e-15,2.469438428002e-16,0.0,8.768593694054009e-19,2.7755575615628917e-15,0.0,True,125,8,success,-1,True,False,False,-1,,milk_1,False,-1,False,-1,False,0.0,1.0,125,57,0.2027971866622386,1.1712644509981571,0.3281563516955787,2.296880133401461,419786.2650000958,0.5307896435260773,0.0,1.071397920375959e-18,,,,,,,,False,False
libero_object,7,8,1,2,132194,0,132194,4,64,pick up the milk and place it in the basket,-1,-1,none,-1,-1,-1,-1,4.0,0.0011563576990738,0.0048811146989464,0.0058848466724157,0.0019678131211549,0.0004562105459626,0.0008224322227761,0.0062713404186069,0.5647356510162354,0.0003560434561222,0.0009534358978271,0.0005390111473388,0.0008019775268621,0.5286562442779541,1.4790199995040894,13.79311466217041,0.7186726927757263,1.8708287477493288,25.43988037109375,0.0057696178555488,0.0102109005674719,0.0186841636896133,0.0054216585122048,0.0096219880506396,0.0156130101531744,0.0053566452115774,0.0094653973355889,0.0168280508369207,0.0073377079097554,0.007407508790493,0.0092814634554088,0.0095795467495918,0.0209579388611018,0.0216577127575874,0.0072624508757144,0.0073355436325073,0.007600009907037,0.0078166769817471,0.0067755162017419,0.0069338665343821,0.0067755162017419,0.0069338665343821,first,1.0,0.0,0.5649322867393494,0.5522801280021667,0.0,0.5649322867393494,1.0,0.5651340484619141,False,0.5647356510162354,0.0003560434561222,0.0009534358978271,0.0209579393267631,0.000643373990897,0.0067755160853266,9.302568651037292e-05,136194,136195,80,16,0,False,False,0.0,0.0,0.1901531819567614,0.0348388518914696,1.0401111837941436e-09,1.0401111777413874e-09,0.0,0.0,0.0,0.0,140.0,9.0,140.0,0.8499815320566908,0.9598773308102048,0.0888888888888888,0.178325985289307,0.1728526884225945,0.2229074816116338,0.2451923337093941,1.2453159337172155,4.612054359849506,18.50804240315552,571.3860473632812,12.599237442016602,20.561507296988868,0.8116099527915606,871.8275146484375,15.145434379577637,18.726497897496483,0.9059568950542886,0.0328419432044029,0.0075927791185677,0.0269431471824646,0.0105847138911485,0.0309227593243122,0.5649322867393494,0.5649322867393494,0.0130994776596571,0.1725831465873535,14.0,0.0,1.8853853648663225e-18,0.0,2.3950808821442263e-18,,,0.1725831465873535,0.01080954064784,2.7755575615628917e-15,2.722690495535181e-16,0.0,5.0286449794671e-18,2.7755575615628917e-15,0.0,True,125,8,success,-1,True,False,False,-1,,milk_1,False,-1,False,-1,False,0.0,1.0,125,57,0.2027971866622386,1.1712644509981571,0.3281563516955787,2.296880133401461,419786.2650000958,0.4350677132606506,0.0,2.022825841483365e-18,,,,,,,,False,False
libero_object,7,8,1,2,132194,0,132194,5,80,pick up the milk and place it in the basket,-1,-1,none,-1,-1,-1,-1,4.0,0.0008002978865988,0.0028161904774606,0.0032059566583484,0.0010603721020743,0.0006060834857635,0.0006027181516401,0.0038947865832597,0.6565359830856323,0.0002839580702129,0.0007967948913574,0.000449347513495,0.0007707581971772,0.5432584285736084,1.5,19.10988044738769,0.7911350727081299,2.384848117828369,15.62049961090088,0.0057286219671368,0.0102384081110358,0.021303217858076,0.0055358009412884,0.0098822554573416,0.019720958545804,0.0053860186599195,0.0096007632091641,0.0173711311072111,0.0072774369036778,0.0073935175314545,0.0090005695819854,0.0092034321278333,0.0187964811921119,0.0190589521080255,0.0073127901414409,0.00754469120875,0.007650100858882,0.0078414548188447,0.0068564700195565,0.0068812794052064,0.0068564700195565,0.0068812794052064,first,1.0,0.0,0.6569525599479675,1.467036485671997,0.0,0.6569525599479675,0.0,0.6569525599479675,True,0.6565359830856323,0.0002839580702129,0.0007967948913574,0.0187964811921119,0.0003291250905022,0.0068564699031412,1.7303847926086746e-05,137194,137194,96,16,0,False,False,0.0,0.0,0.2019039127356834,0.035174940106514,1.04011118409139e-09,1.0401111777413874e-09,0.0,0.0,0.0,0.0,167.0,11.0,167.0,0.8271151543211295,0.8331776585764739,0.0,0.1730537394473007,0.172597974815358,0.2163171743091259,0.0662274653202021,0.5021883161209713,1.1727546211143094,2.4351451545320906,558.442138671875,12.753348350524902,20.66102179221657,0.8156047381518852,1734.1114501953125,22.16223526000977,15.740033550117968,0.8233843960158956,0.0103984354063868,0.0028182605747133,0.0061438689008355,0.0032999345567077,0.0090128099545836,0.6569525599479675,0.6569525599479675,0.0150931801527609,0.1729987381590292,14.0,0.0,2.873182646997134e-24,0.0,4.390684155514436e-18,,,0.1729987381590292,0.0383057839796187,2.4771851236948805e-15,2.837618698733822e-16,0.0,3.530229069102907e-18,2.7755575615628917e-15,0.0,True,125,8,success,-1,True,False,False,-1,,milk_1,False,-1,False,-1,False,0.0,1.0,125,57,0.2027971866622386,1.1712644509981571,0.3281563516955787,2.296880133401461,419786.2650000958,0.3430474400520324,0.0,1.7186147136923538e-18,,,,,,,,False,False
libero_object,7,8,1,2,132194,0,132194,6,96,pick up the milk and place it in the basket,-1,-1,none,-1,-1,-1,-1,4.0,0.0009681452647782,0.0034772141370922,0.0034869608934968,0.0011939094401896,0.0008123189327307,0.0007583319675177,0.0047184443101286,0.760658860206604,0.0001494072494097,0.0003935098648071,0.000531350437086,0.0008870651945471,0.544212281703949,1.5,10.356157302856444,0.7347999811172485,1.9202864170074463,12.82575511932373,0.0059185605496168,0.0105374744161963,0.0191366896033287,0.00559106701985,0.0100580463185906,0.0199284795671701,0.0056904479861259,0.0102370977401733,0.017342897132039,0.0075344637734815,0.007640772499144,0.0094644043128937,0.0097163598984479,0.0198582527227699,0.0203102529048919,0.0073947211494669,0.0076689762063324,0.0076438621617853,0.0079433228820562,0.0073420342523604,0.0078771552070975,0.0073420342523604,0.0078771552070975,first,1.0,0.0,0.760749340057373,0.6055921316146851,0.0,0.760749340057373,3.0,0.7608128786087036,False,0.760658860206604,0.0001494072494097,0.0003935098648071,0.0198582522571086,0.0005075571243651,0.0073420340195298,0.00034436545684,138194,138197,112,16,0,False,False,0.0,0.0,0.2027971866622386,0.0352441986923365,1.0401111843960432e-09,1.0401111777413874e-09,0.0,0.0,0.0,0.0,191.0,12.0,191.0,0.8104950775762325,0.8316677729872485,0.0666666666666666,0.170051726330588,0.1672500591821579,0.212564657913235,0.1817583144149652,1.0710948541058845,2.0415290825489314,12.065112492053537,602.0643310546875,13.260562896728516,20.334374624184235,0.8033328296800566,1073.73779296875,17.45121192932129,17.821821213757108,0.8805723898385833,0.0147139690816402,0.0031506775412708,0.011169284582138,0.0114829456433653,0.009158369153738,0.760749340057373,0.760749340057373,0.0165709717928587,0.1663732913219555,14.0,0.0,3.5764764353708687e-25,0.0,5.057544569639795e-18,,,0.1663732913219555,0.0656203137780613,2.7755575615628917e-15,2.4563379677500105e-16,0.0,6.130082875272645e-18,2.7755575615628917e-15,0.0,True,125,8,success,-1,True,False,False,-1,,milk_1,False,-1,False,-1,False,0.0,1.0,125,57,0.2027971866622386,1.1712644509981571,0.3281563516955787,2.296880133401461,419786.2650000958,0.2392506599426269,0.0,2.2574552264176442e-18,,,,,,,,False,False
libero_object,7,8,1,2,132194,0,132194,7,112,pick up the milk and place it in the basket,-1,-1,none,-1,-1,-1,-1,4.0,0.0115158110857009,0.8923259973526001,0.0145295513793826,0.0063728229142725,0.0014353115111589,0.0571862757205963,0.0831790938973426,0.8928343057632446,0.0010737684788182,0.002953827381134,0.0012182502541691,0.0028235788922756,1.5483988523483276,5.760859489440918,53.453250885009766,5.609696865081787,20.10441398620605,66.12629699707031,0.015754260122776,0.0167353637516498,0.9177954196929932,0.0057243374176323,0.0101552084088325,0.0190091989934444,0.0060564875602722,0.0107100289314985,0.0195825025439262,0.0087435119785368,0.0088560804724693,0.0173896625638008,0.0198518689721822,0.0225289212539792,0.0239703897386789,0.007741498760879,0.0079162660986185,0.0081947105936706,0.0084692062810063,0.007557904580608,0.0076493937522172,0.007557904580608,0.0076493937522172,first,1.0,0.0,0.8911980390548706,-1.5238542556762695,0.0,0.8911980390548706,2.0,0.8941518664360046,False,0.8928343057632446,0.0010737684788182,0.002953827381134,0.0225289203226566,0.0009906741324812,0.0075579048134386,5.7552089856471866e-05,139194,139196,125,13,0,False,True,1.0,1.0,0.1777331593251893,0.0354844216080197,1.040111184649028e-09,1.0401111777413874e-09,0.0,0.0,0.0,0.0,156.0,12.0,156.0,0.752449300990076,0.878296854683476,0.0138888888888888,0.1288437193244744,0.1209119771688947,0.1982211066530374,0.456210567732852,2.7076273969763704,4.6339903159339615,31.901786206427943,624.4640502929688,13.588601112365724,20.17572919292721,0.8021042600625442,4801.2880859375,46.6812629699707,11.317225956653852,0.5618693262141145,0.0343485102057457,0.010074813850224,0.0186380166560411,0.0226083602756261,0.0223252698779106,0.1088019609451294,0.8911980390548706,0.0157792278564626,0.1223616107954035,14.0,0.0,2.8828431824724024e-26,0.0,2.4723613458141377e-18,,,0.1223616107954035,0.0985475791950687,2.255140518769849e-15,1.9933663607456526e-16,0.0,8.645085401607903e-19,2.255140518769849e-15,0.0,True,125,8,success,-1,True,False,False,-1,,milk_1,False,-1,False,-1,False,0.0,1.0,125,57,0.2027971866622386,1.1712644509981571,0.3281563516955787,2.296880133401461,419786.2650000958,0.1088019609451294,0.0,3.0167015519788007e-18,,,,,,,,False,False
libero_object,7,9,1,3,132291,0,132291,0,0,pick up the milk and place it in the basket,-1,-1,none,-1,-1,-1,-1,4.0,0.0024288536515086,0.0151748750358819,0.016840923577547,0.0042727626860141,0.001150579075329,0.0007319513242691,0.0137665336951613,0.2992069125175476,0.0001514993491582,0.0003912448883056,0.0008396949851885,0.0024428262840956,0.6848969459533691,2.0463380813598637,25.55875587463379,1.9941767454147337,8.699856758117676,57.82949066162109,0.0068258899264037,0.013392137363553,0.0277445018291473,0.0056591089814901,0.0100167253986001,0.0188674889504909,0.0055665969848632,0.0098963035270571,0.0206213109195232,0.0076289901044219,0.0077299885451793,0.010248998645693,0.0104617662727832,0.0212128143757581,0.0216808933764696,0.0074080053018406,0.0074749845080077,0.007597850752063,0.0077722975984215,0.007173478254117,0.0072929663583636,0.007173478254117,0.0072929663583636,first,1.0,0.0,0.2992694079875946,0.4125131368637085,0.0,0.2992694079875946,3.0,0.2994226217269897,False,0.2992069125175476,0.0001514993491582,0.0003912448883056,0.0212128143757581,0.0003090023237746,0.0071734781377017,6.929185474291444e-05,132291,132294,16,16,0,False,False,0.0,0.0,1.0401111777413874e-09,0.2057962168719594,1.040111182679223e-09,1.0401111777413874e-09,0.0,0.0,0.0,0.0,0.0,0.0,0.0,0.7236000469634811,0.8985028918649554,0.0222222222222222,0.1385706845424249,0.1383959208890045,0.1732133556780311,0.2975610682826894,1.4211648928343747,2.9440765787675027,32.37105517588628,518.7800903320312,12.303903579711914,20.98097060427444,0.8227482968568518,870.8583374023438,14.891966819763184,18.731328468340493,0.8836106981113628,0.0162509400397539,0.003715768456459,0.0131450109183788,0.0133735528215765,0.0090621020644903,0.2992694079875946,0.2992694079875946,1.6857175280185123e-10,1.1791581515177423e-09,14.0,2.6367796834847473e-16,1.3694705473253678e-18,5.463251379067557e-14,2.1587850964936737e-14,,,1.1791581512994783e-09,7.957716198961969e-13,2.7780631060861706e-15,2.4807152245723085e-16,9.743941764561724e-15,4.6447912059969036e-18,1.1791581515177423e-09,7.957765241832006e-13,True,126,8,success,-1,True,False,False,-1,,milk_1,False,-1,False,-1,False,0.0,1.0,126,56,0.2028222490119147,1.1666467011787602,0.3251165668006014,2.3673739059540724,454017.81385551847,0.7007305920124054,7.412473412848897e-15,1.5657825203345666e-17,,,,,,,,False,False
libero_object,7,9,1,3,132291,0,132291,1,16,pick up the milk and place it in the basket,-1,-1,none,-1,-1,-1,-1,4.0,0.0018054688116535,0.0095041152089834,0.0063186958432197,0.0033103302121162,0.0006475028931163,0.0007647827733308,0.0102534294128417,0.3478016257286072,0.0002815100306179,0.0007833838462829,0.0006526284269057,0.001020056544803,0.5537513494491577,1.5,20.141685485839844,0.8199995756149292,2.549509763717652,17.16646385192871,0.0062423865310847,0.0115017332136631,0.0239023752510547,0.0055913566611707,0.0100604193285107,0.0232839379459619,0.0055133942514657,0.0097315609455108,0.0169979929924011,0.0076756764901801,0.0077076540328562,0.0106695764698088,0.0110523272305727,0.0208821524865925,0.0221962723881006,0.007302397978492,0.0075009623542428,0.0075455426704138,0.0076837916858494,0.0070290545700117,0.0075102793052792,0.0070290545700117,0.0075102793052792,first,1.0,0.0,0.3474133312702179,-1.3793272972106934,0.0,0.3474133312702179,1.0,0.3481967151165008,False,0.3478016257286072,0.0002815100306179,0.0007833838462829,0.0208821520209312,0.0009113759733736,0.0070290546864271,0.0002836903440766,133291,133292,32,16,0,False,False,0.0,0.0,1.0401111777413874e-09,0.1345844458184277,1.0401111829468435e-09,1.0401111777413874e-09,0.0,0.0,0.0,0.0,0.0,0.0,0.0,0.6364817882813423,0.8844187135224765,0.0681818181818181,0.1312492508019193,0.1086545054634584,0.1640615635023992,0.4235462782349409,2.77455309658012,4.821244172502276,118.28688423068462,646.0747680664062,13.729366302490234,20.027975805203656,0.7925312414461757,955.0101928710938,15.964617729187012,18.3307235401291,0.8748420144796781,0.0127104073762893,0.003016211790964,0.0091243255883455,0.0079719396308064,0.0097704390063881,0.3474133312702179,0.3474133312702179,4.147562774777043e-16,2.7755575615628917e-15,14.0,0.0,2.8542129604066937e-18,0.0,5.355563664084651e-18,,,0.0,0.0,2.7755575615628917e-15,2.453269466693398e-16,0.0,1.2431148531307602e-18,2.7755575615628917e-15,0.0,True,126,8,success,-1,True,False,False,-1,,milk_1,False,-1,False,-1,False,0.0,1.0,126,56,0.2028222490119147,1.1666467011787602,0.3251165668006014,2.3673739059540724,454017.81385551847,0.6525866687297821,0.0,6.92923415114947e-19,,,,,,,,False,False
libero_object,7,9,1,3,132291,0,132291,2,32,pick up the milk and place it in the basket,-1,-1,none,-1,-1,-1,-1,4.0,0.0016587421996518,0.0147773912176489,0.007379894144833,0.002358142985031,0.000684589787852,0.0024829970207065,0.0089508472010493,0.4122466146945953,0.0002787068660836,0.0006833374500274,0.0015577634330838,0.0044937739148736,0.5493191480636597,1.4790199995040894,9.73075008392334,0.8722310066223145,2.598076105117798,27.71281242370605,0.0063021653331816,0.0113957030698657,0.0462799184024333,0.0059791365638375,0.0107149118557572,0.0195949096232652,0.0054454300552606,0.0097300084307789,0.0183514822274446,0.0082987872883677,0.0084633389487862,0.0219101407565176,0.0266218073666095,0.021679239347577,0.0225174743682146,0.0092737881932407,0.0094213224947452,0.0102310872171074,0.0103791914880275,0.0069226118503138,0.0071686073206365,0.0069226118503138,0.0071686073206365,first,1.0,0.0,0.4119954109191894,-0.901318907737732,0.0,0.4119954109191894,3.0,0.4126787483692169,False,0.4122466146945953,0.0002787068660836,0.0006833374500274,0.0216792374849319,0.0005573836970143,0.0069226115010678,0.0001553203910589,134291,134294,48,16,0,False,False,0.0,0.0,9.291896074642424e-05,0.0332496641073816,1.0401111832218703e-09,1.0401111777413874e-09,0.0,0.0,0.0,0.0,8.0,4.0,8.0,0.5599945555736643,0.8429502232373299,0.0555555555555555,0.1146549439625513,0.1101074734926718,0.1433186799531892,0.4158695603441062,3.585375135639214,11.604251140268415,370.28638436437234,689.4262084960938,14.100054740905762,19.74592571803404,0.7827333531466892,598.4600830078125,12.626561164855955,20.36045172387086,0.9266758769328516,0.0364329926669597,0.0076644476503133,0.0320234596729278,0.0059733209200203,0.0121505092829465,0.4119954109191894,0.4119954109191894,0.0021476705786458,0.0286658075557441,14.0,0.0,1.5047688785713937e-18,0.0,5.057544569639795e-18,,,0.0014015805452924,0.0286658075557441,2.7755575615628917e-15,2.472897599887903e-16,0.0,1.6911386493808664e-18,2.7755575615628917e-15,0.0,True,126,8,success,-1,True,False,False,-1,,milk_1,False,-1,False,-1,False,0.0,1.0,126,56,0.2028222490119147,1.1666467011787602,0.3251165668006014,2.3673739059540724,454017.81385551847,0.5880045890808105,0.0,1.850201476235893e-18,,,,,,,,False,False
libero_object,7,9,1,3,132291,0,132291,3,48,pick up the milk and place it in the basket,-1,-1,none,-1,-1,-1,-1,4.0,0.0012596920132637,0.0058451942168176,0.0042040301486849,0.0020725075155496,0.0006048187497071,0.0007858659955672,0.0067334123887121,0.4711287915706634,0.0001512969320174,0.0004237294197082,0.0006428011110983,0.001302607008256,0.567267119884491,1.5811388492584229,13.351030349731444,1.039786458015442,3.1124749183654785,32.20636749267578,0.0058968411758542,0.0105178458616137,0.0204243753105402,0.0055135870352387,0.0098824296146631,0.0179168134927749,0.005378529895097,0.0095634255558252,0.0177883654832839,0.0076806850265711,0.0077766478061676,0.0096687073819339,0.0101547557860612,0.0208010547794401,0.0210775975137949,0.0074240757385268,0.0074923154897987,0.0076834720093756,0.007715334650129,0.0068982222583144,0.0071379821747541,0.0068982222583144,0.0071379821747541,first,1.0,0.0,0.4711345434188843,0.038016952574253,0.0,0.4711345434188843,3.0,0.4713557958602905,False,0.4711287915706634,0.0001512969320174,0.0004237294197082,0.0208010543137788,0.0003095386782661,0.0068982220254838,0.0001454573211958,135291,135294,64,16,0,False,False,0.0,0.0,0.1317726145235555,0.0348879657428129,1.0401111835043032e-09,1.0401111777413874e-09,0.0,0.0,0.0,0.0,124.0,11.0,124.0,0.7434157341592844,1.0869539075769747,0.0888888888888888,0.1424922080547179,0.1390031137155149,0.1781152600683974,0.5169377183949657,3.7001574110584,6.286094510684452,179.57144445608904,624.47802734375,13.562459945678713,20.17563198816269,0.8019503620125852,1285.3048095703125,18.792051315307617,17.040742282071456,0.8509330555897648,0.0868950858712196,0.0120667926967144,0.0861961245536804,0.0037987355608493,0.0040303170680999,0.4711345434188843,0.4711345434188843,0.0151397868367875,0.137072384625884,14.0,0.0,1.5975072805143654e-18,0.0,1.734723475976807e-18,,,0.137072384625884,0.0748846310891357,2.7755575615628917e-15,2.4660430454936653e-16,0.0,2.7478262649995696e-18,2.7755575615628917e-15,0.0,True,126,8,success,-1,True,False,False,-1,,milk_1,False,-1,False,-1,False,0.0,1.0,126,56,0.2028222490119147,1.1666467011787602,0.3251165668006014,2.3673739059540724,454017.81385551847,0.5288654565811157,0.0,1.2526671270590637e-18,,,,,,,,False,False
libero_object,7,9,1,3,132291,0,132291,4,64,pick up the milk and place it in the basket,-1,-1,none,-1,-1,-1,-1,4.0,0.0010380300227552,0.004674703348428,0.0049668666906654,0.0017129887128248,0.0004612599441315,0.0007434644503518,0.005360759794712,0.5639772415161133,0.000455610017525,0.0011823177337646,0.0004953161696903,0.0007679198752157,0.5378202199935913,1.4790199995040894,14.230249404907228,0.7903193235397339,2.1794495582580566,19.096792221069336,0.005692955572158,0.0101440465077757,0.0172783583402633,0.0054834331385791,0.0097980238497257,0.0163591969758272,0.0053908927366137,0.0094743212684988,0.016700716689229,0.0073060026625171,0.0073894364759325,0.0091067992616444,0.0093988385051488,0.021083999890834,0.0213144104927778,0.0073337564244866,0.0074117663316428,0.0075608991319313,0.007732608821243,0.0068026459775865,0.0069513251073658,0.0068026459775865,0.0069513251073658,first,1.0,0.0,0.5640924572944641,0.2528824508190155,0.0,0.5640924572944641,1.0,0.5643923282623291,False,0.5639772415161133,0.000455610017525,0.0011823177337646,0.0210840012878179,0.0002952176728285,0.0068026459775865,8.612090459791943e-05,136291,136292,80,16,0,False,False,0.0,0.0,0.1920496571642942,0.0353937166501922,1.0401111837941436e-09,1.0401111777413874e-09,0.0,0.0,0.0,0.0,142.0,9.0,142.0,0.8425160015653561,0.9204516572336168,0.0444444444444444,0.1778555734141755,0.1738347927893225,0.2223194667677194,0.219999019530744,1.0699786399729054,3.5856675064430714,14.09817623927608,563.1465454101562,12.521185874938965,20.624589365647623,0.8125386252360725,932.7553100585938,15.751800537109377,18.43312630764176,0.8994314020496852,0.0256823990494012,0.0061264517717063,0.0205734521150589,0.0093884877860546,0.0237829498946666,0.5640924572944641,0.5640924572944641,0.0130797880291432,0.1741949485039874,14.0,0.0,1.373038031887544e-18,0.0,2.6379777400251014e-18,,,0.1741949485039874,0.008922083904012,2.7755575615628917e-15,2.7133384887981166e-16,0.0,2.0719410051086133e-18,2.7755575615628917e-15,0.0,True,126,8,success,-1,True,False,False,-1,,milk_1,False,-1,False,-1,False,0.0,1.0,126,56,0.2028222490119147,1.1666467011787602,0.3251165668006014,2.3673739059540724,454017.81385551847,0.4359075427055359,0.0,1.0432001358428501e-18,,,,,,,,False,False
libero_object,7,9,1,3,132291,0,132291,5,80,pick up the milk and place it in the basket,-1,-1,none,-1,-1,-1,-1,4.0,0.0007647704915143,0.0021966143976897,0.0026581801939755,0.0009490997181273,0.0005467915325425,0.0008657196303829,0.0036061394494026,0.6585181355476379,5.87195208936464e-05,0.0001583695411682,0.0004369603120721,0.0007192862103693,0.5353279113769531,1.4790199995040894,13.881192207336426,0.7787959575653076,2.291287899017334,19.46792221069336,0.0057036108337342,0.0100499438121914,0.0200625732541084,0.0055788196623325,0.0098795080557465,0.0188883692026138,0.0053875995799899,0.0096235582605004,0.0177772119641304,0.007310832850635,0.0073636551387608,0.0088954898528754,0.0089854020625352,0.019134753383696,0.0199523605406284,0.0073404910508543,0.0073925126343965,0.0075229206122457,0.0075843450613319,0.0069144950248301,0.0069695673882961,0.0069144950248301,0.0069695673882961,first,1.0,0.0,0.6584919691085815,-0.4456173777580261,0.0,0.6584919691085815,2.0,0.6586135625839233,False,0.6585181355476379,5.87195208936464e-05,0.0001583695411682,0.0191347524523735,0.000577968894504,0.0069144954904913,5.0485788960941136e-05,137291,137293,96,16,0,False,False,0.0,0.0,0.2013142957421373,0.0356867164246921,1.04011118409139e-09,1.0401111777413874e-09,0.0,0.0,0.0,0.0,169.0,11.0,169.0,0.8266121154154726,0.8326872495666868,0.0444444444444444,0.1725144692478969,0.1720672276232089,0.2156430865598712,0.0684579084549121,0.4847135636605453,2.076085700945201,3.4863467527982817,585.880126953125,13.022042274475098,20.45271593874171,0.8051666028043807,1746.4603271484375,22.191652297973636,15.709216362799932,0.8202793838698075,0.0135528529062867,0.0035767396911978,0.0085305860266089,0.0028626597486436,0.0120971733704209,0.6584919691085815,0.6584919691085815,0.0151194385130472,0.1724063514437136,14.0,0.0,1.3885926951314437e-18,0.0,2.6379777400251014e-18,,,0.1724063514437136,0.039265787738942,2.491062911502695e-15,2.8350425276588724e-16,0.0,1.2679358905562498e-18,2.7755575615628917e-15,0.0,True,126,8,success,-1,True,False,False,-1,,milk_1,False,-1,False,-1,False,0.0,1.0,126,56,0.2028222490119147,1.1666467011787602,0.3251165668006014,2.3673739059540724,454017.81385551847,0.3415080308914184,0.0,2.2450420292169245e-18,,,,,,,,False,False
libero_object,7,9,1,3,132291,0,132291,6,96,pick up the milk and place it in the basket,-1,-1,none,-1,-1,-1,-1,4.0,0.0009403168805874,0.0047941291704773,0.0025191504973918,0.0014212606474757,0.0005828574649058,0.0005698633030988,0.0046331211924552,0.7603145837783813,0.0003123954229522,0.0007785558700561,0.0005085445591248,0.0010064556263387,0.5546392798423767,1.5811388492584229,17.195566177368164,0.7071517705917358,1.9202864170074463,18.806581497192383,0.0057671102695167,0.0102767860516905,0.0161626562476158,0.0054505942389369,0.0096688754856586,0.0165808293968439,0.0055512189865112,0.0099532697349786,0.0187182128429412,0.0074003180488944,0.0075828395783901,0.0095692814793437,0.0101251760497689,0.01930628484115,0.0201180055737495,0.0072018364444375,0.007430424913764,0.0074463931377977,0.0077776578254997,0.0071238704258576,0.0073108542710542,0.0071238704258576,0.0073108542710542,first,1.0,0.0,0.7600964307785034,-0.6983233094215393,0.0,0.7600964307785034,3.0,0.7607134580612183,False,0.7603145837783813,0.0003123954229522,0.0007785558700561,0.0193062853068113,0.0004912728327326,0.0071238703094422,0.0001130046366597,138291,138294,112,16,0,False,False,0.0,0.0,0.2028222490119147,0.0357451477220639,1.0401111843960432e-09,1.0401111777413874e-09,0.0,0.0,0.0,0.0,176.0,11.0,176.0,0.8149014482809644,0.8327323908051836,0.1333333333333333,0.1710004170325749,0.1661330082554522,0.2137505212907186,0.2217375983984176,1.1557299414808735,2.520923606638916,13.539820913227413,599.8790283203125,13.155399322509766,20.350166815341687,0.8035028450297644,975.623291015625,16.627038955688477,18.23798201207743,0.888894048742624,0.020504530519247,0.0051362537778913,0.0159266293048858,0.0170767493546009,0.0110486466437578,0.7600964307785034,0.7600964307785034,0.0165918158218989,0.1648880208810353,14.0,0.0,2.034028699905834e-18,0.0,1.3714193236627741e-18,,,0.1648880208810353,0.0673974006255444,2.7755575615628917e-15,2.456383908660372e-16,0.0,6.050852363830631e-19,2.7755575615628917e-15,0.0,True,126,8,success,-1,True,False,False,-1,,milk_1,False,-1,False,-1,False,0.0,1.0,126,56,0.2028222490119147,1.1666467011787602,0.3251165668006014,2.3673739059540724,454017.81385551847,0.2399035692214965,0.0,7.101093346071928e-19,,,,,,,,False,False
libero_object,7,9,1,3,132291,0,132291,7,112,pick up the milk and place it in the basket,-1,-1,none,-1,-1,-1,-1,4.0,0.0130393272265791,0.905756950378418,0.0072102514095604,0.0081692868843674,0.0016746964538469,0.0617433339357376,0.1051866114139556,0.8843135833740234,0.0010542795062065,0.0025262832641601,0.0017180551076307,0.0054078325629234,1.4308995008468628,5.539629936218262,55.18378448486328,4.966414451599121,19.345542907714844,86.61553192138672,0.0175574980676174,0.0269285198301076,0.9549437165260316,0.0060223643667995,0.0108518255874514,0.0219005327671766,0.0060628321953117,0.0108220763504505,0.019580490887165,0.0098806861788034,0.0101996641606092,0.0361579614691436,0.0579359829425811,0.02269426593557,0.0230746772140264,0.0081429255660623,0.0087057538330554,0.0093552630860358,0.0103824427351355,0.0076178251765668,0.0078050694428384,0.0076178251765668,0.0078050694428384,first,1.0,0.0,0.8850599527359009,0.7079426050186157,0.0,0.8850599527359009,3.0,0.8856200575828552,False,0.8843135833740234,0.0010542795062065,0.0025262832641601,0.0226942673325538,0.0003521810867823,0.0076178251765668,0.0001339702139375,139291,139294,126,14,0,False,True,1.0,1.0,0.1676863347078934,0.035888363281331,1.0401111846686904e-09,1.0401111777413874e-09,0.0,0.0,0.0,0.0,154.0,11.0,154.0,0.6173442754805937,0.8245240496199183,0.0641025641025641,0.1183091541224994,0.1111904750077132,0.1690130773178564,0.4605815525541815,3.159700914744493,5.343032000933126,81.90623365087257,724.4328002929688,14.456314086914062,19.530822551400952,0.7678710217392836,4308.28271484375,43.79943084716797,11.78776166365465,0.6104200622409466,0.026139186695218,0.0069079981185495,0.016032189130783,0.0194078665226697,0.0170881040394306,0.1149400472640991,0.8850599527359009,0.015843612410042,0.1125997952712491,14.0,0.0,1.2176229894789925e-18,0.0,4.336808689942019e-19,,,0.1125997952712491,0.1092107784693342,2.414735078559716e-15,2.1608494738116003e-16,0.0,8.975157373220723e-18,2.4286128663675303e-15,0.0,True,126,8,success,-1,True,False,False,-1,,milk_1,False,-1,False,-1,False,0.0,1.0,126,56,0.2028222490119147,1.1666467011787602,0.3251165668006014,2.3673739059540724,454017.81385551847,0.1149400472640991,0.0,1.1836135451245178e-18,,,,,,,,False,False
libero_object,7,10,1,4,132388,0,132388,0,0,pick up the milk and place it in the basket,-1,-1,none,-1,-1,-1,-1,4.0,0.004755943082273,0.0445078983902931,0.0383970290422439,0.0094561483711004,0.0013762755552306,0.0007943315431475,0.0315837003290653,0.2990425825119018,0.000568124523852,0.0014024674892425,0.0013840693281963,0.0055140061303973,1.2443420886993408,4.023369312286377,67.68677520751953,5.2478346824646,23.04837226867676,90.72761535644533,0.0091353813186287,0.0298753064125776,0.0571346804499626,0.0059289834462106,0.0105906808748841,0.0183637365698814,0.0057270969264209,0.0101535059511661,0.0182325728237628,0.0078089330345392,0.0078779710456728,0.0104456020053476,0.0110796084627509,0.0216730772517621,0.0228963065892457,0.0074307998875156,0.0076317903585731,0.0076481957221403,0.0079265972599387,0.0072209341451525,0.007397027220577,0.0072209341451525,0.007397027220577,first,1.0,0.0,0.299696147441864,1.1503902673721311,0.0,0.299696147441864,0.0,0.299696147441864,True,0.2990425825119018,0.000568124523852,0.0014024674892425,0.0216730777174234,0.0009541980107314,0.0072209341451525,0.0001443580258637,132388,132388,16,16,0,False,False,0.0,0.0,1.0401111777413874e-09,0.2065112985912823,1.040111182679223e-09,1.0401111777413874e-09,0.0,0.0,0.0,0.0,0.0,0.0,0.0,0.7197411864543923,0.891484444848578,0.0111111111111111,0.1377713269655553,0.1376143517324063,0.1722141587069441,0.2906612385415858,1.3351045928769685,2.6623235104854115,28.97675895885228,518.0814208984375,12.293871879577637,20.98682342689966,0.8228884037574197,891.7353515625,15.083518981933594,18.628443769061043,0.8807003859036,0.0140814175829291,0.0031649563461542,0.0119462311267852,0.0121054099872708,0.0069601428695023,0.299696147441864,0.299696147441864,1.6857175241154678e-10,1.1791581515177423e-09,14.0,2.6367796834847473e-16,6.691910255555605e-19,5.463251379067557e-14,2.1586329235667132e-14,,,1.1791581512994783e-09,7.957716198961969e-13,2.7780631060861706e-15,2.4807152245723085e-16,9.743941764561724e-15,1.5745886655881846e-18,1.1791581515177423e-09,7.957765241832006e-13,True,127,8,success,-1,True,False,False,-1,,milk_1,False,-1,False,-1,False,0.0,1.0,127,56,0.2023844630868933,1.161923273602741,0.3236084226966041,2.2876809668943863,415510.3998644544,0.700303852558136,7.412473412848897e-15,1.54857738975507e-17,,,,,,,,False,False
libero_object,7,10,1,4,132388,0,132388,1,16,pick up the milk and place it in the basket,-1,-1,none,-1,-1,-1,-1,4.0,0.0014088132884353,0.0062857763841748,0.0033822141122072,0.0024437301326543,0.000596881553065,0.000739857670851,0.0076269614510238,0.34719979763031,0.0002169673098251,0.0005621910095214,0.0004632195050362,0.0006804094882681,0.5403574705123901,1.4790199995040894,22.29349708557129,0.7331010699272156,2.1650636196136475,17.979154586791992,0.0059468611143529,0.0106399999931454,0.0178775060921907,0.0055548502132296,0.0097657395526766,0.0194475632160902,0.0054930942133069,0.0097447065636515,0.0178137850016355,0.0076087327906861,0.0076506212353706,0.0100365437101572,0.0102842506021261,0.0206548771820962,0.0212063379585742,0.0073002609424293,0.0073932325467467,0.0077067629899829,0.0079751145094633,0.0070104348706081,0.0072819991037249,0.0070104348706081,0.0072819991037249,first,1.0,0.0,0.3470020890235901,-0.9112368226051332,0.0,0.3470020890235901,3.0,0.3475642800331116,False,0.34719979763031,0.0002169673098251,0.0005621910095214,0.0206548776477575,0.000604658271186,0.0070104347541928,0.0001656787208048,133388,133391,32,16,0,False,False,0.0,0.0,1.0401111777413874e-09,0.1352127053969036,1.0401111829468435e-09,1.0401111777413874e-09,0.0,0.0,0.0,0.0,0.0,0.0,0.0,0.6407773973845131,0.8906386621437952,0.0555555555555555,0.1319013862492388,0.1099043342243908,0.1648767328115485,0.4245302563613733,2.822030558874418,4.7255210640885545,117.93186035032237,653.0685424804688,13.764907836914062,19.9812159604174,0.790529520600949,939.794189453125,15.761353492736816,18.40047605322758,0.8764746935455793,0.0138395251706242,0.0033819193486124,0.0088777709752321,0.0100494530051946,0.0094952508807182,0.3470020890235901,0.3470020890235901,4.148167083866724e-16,2.7755575615628917e-15,14.0,0.0,3.201266841423393e-18,0.0,2.7769124835677133e-18,,,0.0,0.0,2.7755575615628917e-15,2.453277133148503e-16,0.0,3.7110848727813854e-18,2.7755575615628917e-15,0.0,True,127,8,success,-1,True,False,False,-1,,milk_1,False,-1,False,-1,False,0.0,1.0,127,56,0.2023844630868933,1.161923273602741,0.3236084226966041,2.2876809668943863,415510.3998644544,0.6529979109764099,0.0,1.3018167750084524e-18,,,,,,,,False,False
libero_object,7,10,1,4,132388,0,132388,2,32,pick up the milk and place it in the basket,-1,-1,none,-1,-1,-1,-1,4.0,0.0054576606489717,0.3466095328330993,0.0079234261065721,0.0038231939543038,0.0008076227386482,0.0243111737072467,0.0383662283420562,0.4104081690311432,0.0003348021127749,0.000904232263565,0.0056102606467902,0.0233857072889804,0.5811801552772522,1.6393595933914185,13.209844589233398,1.0094400644302368,3.3447721004486084,55.86311340332031,0.009913396090269,0.0134934028610587,0.3949024975299835,0.0096062654629349,0.0256800483912229,0.0389881990849971,0.0054185027256608,0.0096925301477313,0.0171060562133789,0.0083876939024776,0.0084977159276604,0.027313610073179,0.0439629442989826,0.0216830666176974,0.0219885688275098,0.0088237300515174,0.0092532010748982,0.0095231272280216,0.0100323883816599,0.0068528729025274,0.0070034707896411,0.0068528729025274,0.0070034707896411,first,1.0,0.0,0.4109295308589935,1.5572237968444824,0.0,0.4109295308589935,0.0,0.4109295308589935,True,0.4104081690311432,0.0003348021127749,0.000904232263565,0.0216830670833587,0.0002985049795825,0.006852873135358,0.0001421717315679,134388,134388,48,16,0,False,False,0.0,0.0,6.29776406926158e-05,0.0335443535253258,1.0401111832218703e-09,1.0401111777413874e-09,0.0,0.0,0.0,0.0,9.0,4.0,9.0,0.5579053586329478,0.8452078963528278,0.0333333333333333,0.1149144496992218,0.1104232879167485,0.1436430621240272,0.4136566386567868,3.052578305357033,7.16065110891187,217.5062146489251,699.4945678710938,14.160402297973633,19.682960146673253,0.7800398234738755,596.1752319335938,12.413025856018066,20.37706431536288,0.9270307710283208,0.0410487800836563,0.0080619491636753,0.0361573100090026,0.0055215465836226,0.009173534810543,0.4109295308589935,0.4109295308589935,0.0020559846240143,0.0274721555689821,14.0,0.0,6.972841463800388e-19,0.0,3.2016106476538253e-18,,,0.0013116291672129,0.0274721555689821,2.7755575615628917e-15,2.468939511922815e-16,0.0,2.323361188343767e-18,2.7755575615628917e-15,0.0,True,127,8,success,-1,True,False,False,-1,,milk_1,False,-1,False,-1,False,0.0,1.0,127,56,0.2023844630868933,1.161923273602741,0.3236084226966041,2.2876809668943863,415510.3998644544,0.5890704691410065,0.0,3.367577374600038e-19,,,,,,,,False,False
libero_object,7,10,1,4,132388,0,132388,3,48,pick up the milk and place it in the basket,-1,-1,none,-1,-1,-1,-1,4.0,0.0015770843019708,0.0088661592453718,0.0065418761223554,0.0028042448684573,0.0006827022880315,0.0005787485279142,0.0088379615917801,0.4712594151496887,0.0002996578405145,0.0006623864173889,0.0006877143168821,0.0019716280512511,0.5988039970397949,1.785357117652893,15.958931922912598,1.2009750604629517,4.076763153076172,38.97114181518555,0.0060504893772304,0.0108792977407574,0.0183440372347831,0.0054535311646759,0.0096274707466363,0.0171541385352611,0.0053478870540857,0.0095295449718832,0.0175214912742376,0.0076389013556763,0.0077299303375184,0.0095183497760444,0.0098491515964269,0.0205728439614176,0.0207823012024164,0.00728589319624,0.0073984679765999,0.0075719591695815,0.0077562285587191,0.0067683175439015,0.0068151908926665,0.0067683175439015,0.0068151908926665,first,1.0,0.0,0.4715700149536133,1.0365148782730105,0.0,0.4715700149536133,0.0,0.4715700149536133,True,0.4712594151496887,0.0002996578405145,0.0006623864173889,0.0205728448927402,0.0001698908599792,0.0067683178931474,2.8732067221426405e-05,135388,135388,64,16,0,False,False,0.0,0.0,0.1315496878393275,0.0352705716149303,1.0401111835043032e-09,1.0401111777413874e-09,0.0,0.0,0.0,0.0,125.0,10.0,125.0,0.7409310521478152,1.0879318396020732,0.0555555555555555,0.1422925988978571,0.1388724067724543,0.1778657486223214,0.5176752396278895,3.596523295168037,6.023431784115143,172.41593070337322,622.92236328125,13.571189880371094,20.186464382851412,0.8020931834721149,1290.640625,18.940895080566406,17.022750297607978,0.8502111146246808,0.0768355801701545,0.0122768580913543,0.0733805447816848,0.0041763219051063,0.0051406412385404,0.4715700149536133,0.4715700149536133,0.0149467098325952,0.1371764548105719,14.0,0.0,2.120450010243368e-18,0.0,6.133173666733498e-19,,,0.1371764548105719,0.0720774828457562,2.7755575615628917e-15,2.4731295602975904e-16,0.0,1.7657683925665358e-18,2.7755575615628917e-15,0.0,True,127,8,success,-1,True,False,False,-1,,milk_1,False,-1,False,-1,False,0.0,1.0,127,56,0.2023844630868933,1.161923273602741,0.3236084226966041,2.2876809668943863,415510.3998644544,0.5284299850463867,0.0,1.4609163119444009e-18,,,,,,,,False,False
libero_object,7,10,1,4,132388,0,132388,4,64,pick up the milk and place it in the basket,-1,-1,none,-1,-1,-1,-1,4.0,0.0011536611709743,0.0045751826837658,0.0061544748023152,0.0019418325973674,0.0004855597799178,0.0007934513851068,0.0060893911868333,0.5589736700057983,0.0003536859003361,0.000959575176239,0.0004037117178086,0.0007444162038154,0.5445905923843384,1.5,13.160072326660156,0.7176996469497681,1.9202864170074463,17.469615936279297,0.0058595240116119,0.0104777663946151,0.0211962889879941,0.0054449196904897,0.0097181079909205,0.0181212946772575,0.0052849338389933,0.0094479909166693,0.0157384946942329,0.0074473283020779,0.0076047531329095,0.0092003308236598,0.0094817662611603,0.0210593836382031,0.0216681715101003,0.0072660353034734,0.0074417805299162,0.0075805869419127,0.007813143543899,0.0067447923356667,0.0068228375166654,0.0067447923356667,0.0068228375166654,first,1.0,0.0,0.5591441988945007,0.4821478426456451,0.0,0.5591441988945007,1.0,0.5594108700752258,False,0.5589736700057983,0.0003536859003361,0.000959575176239,0.0210593845695257,0.0007174017955549,0.0067447917535901,4.784359043696895e-05,136388,136389,80,16,0,False,False,0.0,0.0,0.1918340678108121,0.0356122794213557,1.0401111837941436e-09,1.0401111777413874e-09,0.0,0.0,0.0,0.0,162.0,11.0,162.0,0.8418377070838041,0.9304291126949554,0.0555555555555555,0.1775248522794241,0.1736808657108918,0.2219060653492801,0.2158430916542836,1.095053981495469,3.509207317000937,14.479168635357976,567.9442749023438,12.576637268066406,20.587746348217664,0.810527272429187,926.9381103515624,15.72281551361084,18.46029622656625,0.9003405963526905,0.0278903990983963,0.0067599616013467,0.0232272520661354,0.0092923054471611,0.0261252578347921,0.5591441988945007,0.5591441988945007,0.013256916081191,0.1743058462556055,14.0,0.0,1.5557572074539225e-18,0.0,1.1056736068366554e-18,,,0.1743058462556055,0.0112909788810638,2.7755575615628917e-15,2.7159643131455206e-16,0.0,3.1349122190051677e-18,2.7755575615628917e-15,0.0,True,127,8,success,-1,True,False,False,-1,,milk_1,False,-1,False,-1,False,0.0,1.0,127,56,0.2023844630868933,1.161923273602741,0.3236084226966041,2.2876809668943863,415510.3998644544,0.4408558011054992,0.0,1.2791365017201132e-18,,,,,,,,False,False
libero_object,7,10,1,4,132388,0,132388,5,80,pick up the milk and place it in the basket,-1,-1,none,-1,-1,-1,-1,4.0,0.0008157156407833,0.0029020982328802,0.0044885412789881,0.0010803779587149,0.000568039540667,0.0007647563470527,0.0040256157517433,0.6490864157676697,0.0002266444062115,0.0005790591239929,0.0003796637756749,0.0007334722322411,0.5423586368560791,1.4790199995040894,14.790199279785156,0.7369967699050903,2.061552762985229,14.115593910217283,0.0056744357571005,0.0101994173601269,0.018019713461399,0.0055565433576703,0.0099438605830073,0.0182246416807174,0.005399074871093,0.009466465562582,0.0172813814133405,0.0072534773498773,0.0073259845376014,0.0089483638294041,0.0091093508526682,0.0191002800129354,0.0195627752691507,0.0073235412128269,0.0074613350443542,0.0076498892158269,0.0077829123474657,0.0068811895325779,0.0070902071893215,0.0068811895325779,0.0070902071893215,first,1.0,0.0,0.6489437818527222,-0.6293290853500366,0.0,0.6489437818527222,1.0,0.6493812799453735,False,0.6490864157676697,0.0002266444062115,0.0005790591239929,0.0191002786159515,0.0006294076447375,0.0068811895325779,0.0001712098164716,137388,137389,96,16,0,False,False,0.0,0.0,0.2006588461925444,0.0358906678235918,1.04011118409139e-09,1.0401111777413874e-09,0.0,0.0,0.0,0.0,176.0,11.0,176.0,0.8254679341799532,0.8311276147491826,0.0444444444444444,0.1722061628747208,0.1718290792012103,0.215257703593401,0.0655640020789556,0.5494433151354443,2.3192410607898823,4.464271570530753,589.1161499023438,13.033734321594238,20.42879432314004,0.8045013816169626,1756.835693359375,22.167762756347656,15.683492145143823,0.8198223459763162,0.013868591748178,0.0039304089732468,0.0070034861564636,0.0080598602071404,0.0087782032787799,0.6489437818527222,0.6489437818527222,0.0147440188564576,0.1719936752900202,14.0,0.0,5.6110576433179365e-19,0.0,2.1684043449710093e-18,,,0.1719936752900202,0.0344225887003814,2.4771851236948805e-15,2.829570762252099e-16,0.0,3.0966517962352146e-18,2.7755575615628917e-15,0.0,True,127,8,success,-1,True,False,False,-1,,milk_1,False,-1,False,-1,False,0.0,1.0,127,56,0.2023844630868933,1.161923273602741,0.3236084226966041,2.2876809668943863,415510.3998644544,0.3510562181472778,0.0,1.155844647957134e-18,,,,,,,,False,False
libero_object,7,10,1,4,132388,0,132388,6,96,pick up the milk and place it in the basket,-1,-1,none,-1,-1,-1,-1,4.0,0.0009429454803466,0.0046971901319921,0.0025249198079109,0.0012620628112927,0.0006535566062666,0.0008537601679563,0.0046578906476497,0.7530940771102905,6.106068030931056e-05,0.0001687407493591,0.0005085553275421,0.0010555468033999,0.5498347878456116,1.5,12.930100440979004,0.7692183256149292,2.1650636196136475,14.21926498413086,0.00582005828619,0.010331560857594,0.0213246718049049,0.0055077970027923,0.0098302783444523,0.0196758788079023,0.0053917812183499,0.0096781328320503,0.0162711944431066,0.0074493424035608,0.0076495674438774,0.0091815777122974,0.0097652431577444,0.0192897417582571,0.0197200775146484,0.0072708897059783,0.0073445630259811,0.0075168499024584,0.0075693866237998,0.0070507681230083,0.0071236789226531,0.0070507681230083,0.0071236789226531,first,1.0,0.0,0.7531885504722595,1.5472044944763184,0.0,0.7531885504722595,0.0,0.7531885504722595,True,0.7530940771102905,6.106068030931056e-05,0.0001687407493591,0.019289743155241,0.0004214594373479,0.0070507684722542,4.637540769181214e-05,138388,138388,112,16,0,False,False,0.0,0.0,0.2023844630868933,0.03595422489277,1.0401111843960432e-09,1.0401111777413874e-09,0.0,0.0,0.0,0.0,176.0,11.0,176.0,0.809421290851612,0.8321768078516371,0.1444444444444444,0.170037733336361,0.1653833723906193,0.2125471666704512,0.2161980100512166,1.1557832567509525,2.296012002214978,13.391000385347136,599.8222045898438,13.166653633117676,20.35057822164728,0.8041654641788861,985.5783081054688,16.775230407714844,18.193892244625022,0.8902981349680553,0.0192406922578811,0.0047153756022453,0.0154506862163543,0.0160941835492849,0.010217260569334,0.7531885504722595,0.7531885504722595,0.0163959412591025,0.164078444419478,14.0,0.0,5.6174108581747145e-24,0.0,3.081881625670279e-18,,,0.164078444419478,0.0654647332079517,2.7755575615628917e-15,2.453338463926889e-16,0.0,2.5677477037026706e-18,2.7755575615628917e-15,0.0,True,127,8,success,-1,True,False,False,-1,,milk_1,False,-1,False,-1,False,0.0,1.0,127,56,0.2023844630868933,1.161923273602741,0.3236084226966041,2.2876809668943863,415510.3998644544,0.2468114495277404,0.0,2.10240922311536e-18,,,,,,,,False,False
libero_object,7,10,1,4,132388,0,132388,7,112,pick up the milk and place it in the basket,-1,-1,none,-1,-1,-1,-1,4.0,0.0193625278770923,0.8388334512710571,0.0121478894725441,0.0053972899913787,0.0017297123558819,0.1141566932201385,0.1602790802717209,0.8730877041816711,0.0026044072583317,0.0062676072120666,0.0022184019908308,0.008275045081973,1.1210581064224243,3.8971142768859854,42.80405807495117,3.996163845062256,15.729276657104492,68.16294860839844,0.0239796731621027,0.0282787848263978,0.8750988245010376,0.0063507077284157,0.0121331168338656,0.0233976244926452,0.0075672306120395,0.0127756558358669,0.0206905175000429,0.0100710093975067,0.0110927373170852,0.0496937055140733,0.1114712581038475,0.0222224397584795,0.0232782810926437,0.0079318050993606,0.0083204749971628,0.0089478923473507,0.0099922595545649,0.0075573764042928,0.0076999897137284,0.0075573764042928,0.0076999897137284,first,1.0,0.0,0.8755906224250793,0.9610317945480348,0.0,0.8755906224250793,0.0,0.8755906224250793,True,0.8730877041816711,0.0026044072583317,0.0062676072120666,0.0222224406898021,0.0007207214366644,0.0075573762878775,0.000116675888421,139388,139388,127,15,0,False,True,1.0,1.0,0.1680553082846555,0.0360783504186843,1.0401111846883823e-09,1.0401111777413874e-09,0.0,0.0,0.0,0.0,165.0,11.0,165.0,0.5671938985113705,0.8200039137762696,0.0476190476190476,0.1152747633003617,0.10855103273074,0.1536996844004823,0.438442946364896,3.098291195428168,6.146162238556276,131.2742316751912,736.3128051757812,14.371870994567873,19.460180075339167,0.7669178677333546,4342.572265625,43.40544128417969,11.75333306506165,0.6196486053504122,0.0207343585789203,0.0052761193364858,0.0143443942070007,0.0170273594558239,0.0109024466946721,0.1244093775749206,0.8755906224250793,0.0163803904360913,0.1192924235017821,14.0,0.0,1.1548614240234467e-24,0.0,1.3010426069826053e-18,,,0.1100330426034912,0.1192924235017821,2.518818487118324e-15,2.389203760071772e-16,0.0,5.744101081829857e-18,2.6020852139652106e-15,0.0,True,127,8,success,-1,True,False,False,-1,,milk_1,False,-1,False,-1,False,0.0,1.0,127,56,0.2023844630868933,1.161923273602741,0.3236084226966041,2.2876809668943863,415510.3998644544,0.1244093775749206,0.0,2.244390786815568e-18,,,,,,,,False,False
libero_object,7,11,1,5,132485,0,132485,0,0,pick up the milk and place it in the basket,-1,-1,none,-1,-1,-1,-1,4.0,0.0032314881682395,0.0282328631728887,0.0175893753767013,0.0058538415469229,0.001383610535413,0.0009080616873688,0.0196763575077056,0.3002758026123047,0.0003908560611307,0.0009519457817077,0.0007578441873192,0.0014348544646054,1.0148298740386963,3.269174098968506,57.92398071289063,3.853240728378296,17.79571533203125,83.98623657226562,0.0076824664138257,0.0181314330548048,0.0417032428085804,0.00561362830922,0.0099370572715997,0.0204862281680107,0.0056477286852896,0.0101415272802114,0.0191399604082107,0.0076942262239754,0.0078178662806749,0.0102972455788403,0.0110003221780061,0.0213352460414171,0.0216993037611246,0.0074004012858495,0.0074823424220085,0.0076775212073698,0.0077520371414721,0.0072257368592545,0.0073380097746849,0.0072257368592545,0.0073380097746849,first,1.0,0.0,0.2999318838119507,-0.8799116611480713,0.0,0.2999318838119507,2.0,0.3008597493171692,False,0.3002758026123047,0.0003908560611307,0.0009519457817077,0.0213352479040622,0.0002291475539095,0.0072257369756698,9.896242409013212e-05,132485,132487,16,16,0,False,False,0.0,0.0,1.0401111777413874e-09,0.2065543865496719,1.040111182679223e-09,1.0401111777413874e-09,0.0,0.0,0.0,0.0,0.0,0.0,0.0,0.718702841780584,0.8969493917641612,0.0111111111111111,0.137352345065227,0.137179689027473,0.1716904313315337,0.2955887296564853,1.3831121464841438,2.471261210997476,28.87143001295372,514.8654174804688,12.252750396728516,21.0138663878585,0.8241837384969908,861.8576049804688,14.839664459228516,18.776448426993785,0.8849988556399616,0.0161894261837005,0.0038409451954066,0.01271678134799,0.0130938766524195,0.0093435812741518,0.2999318838119507,0.2999318838119507,1.685717524318845e-10,1.1791581515177423e-09,14.0,2.6367796834847473e-16,7.989481348401984e-19,5.463251379067557e-14,2.158634099151726e-14,,,1.1791581512994783e-09,7.957716198961969e-13,2.7780631060861706e-15,2.481632434417156e-16,9.743941764561724e-15,1.902756290322009e-18,1.1791581515177423e-09,7.957765241832006e-13,True,126,8,success,-1,True,False,False,-1,,milk_1,False,-1,False,-1,False,0.0,1.0,126,57,0.2028247611478966,1.1759753077907915,0.3304560652418485,2.2558699204759183,434633.093787829,0.7000681161880493,7.412473412848897e-15,1.5209100169117218e-17,,,,,,,,False,False
libero_object,7,11,1,5,132485,0,132485,1,16,pick up the milk and place it in the basket,-1,-1,none,-1,-1,-1,-1,4.0,0.0016965182730928,0.0112363677471876,0.0047074533067643,0.0030051646754145,0.0007502674125134,0.0006093318806961,0.0096929054707288,0.3463647663593292,0.0002426113351248,0.0006101727485656,0.0004919199855066,0.000730754865799,0.5554657578468323,1.5,16.083765029907227,0.8065634369850159,2.5,16.437381744384766,0.0061760530807077,0.0112953428179025,0.0225628409534692,0.0055433823727071,0.0098396185785532,0.0194069556891918,0.005404102616012,0.0095827393233776,0.0182157382369041,0.0076216363813728,0.0077402046881616,0.0098199765197932,0.0106316348537802,0.0206011217087507,0.0219605974853038,0.0072687629144638,0.0073039848357439,0.0075411993311718,0.0076574594713747,0.0069037786452099,0.0069534829817712,0.0069037786452099,0.0069534829817712,first,1.0,0.0,0.3459516167640686,-1.702927827835083,0.0,0.3459516167640686,1.0,0.3465617895126343,False,0.3463647663593292,0.0002426113351248,0.0006101727485656,0.0206011217087507,0.000967220054008,0.0069037787616252,7.559646473964676e-05,133485,133486,32,16,0,False,False,0.0,0.0,1.0401111777413874e-09,0.1362000024029772,1.0401111829468435e-09,1.0401111777413874e-09,0.0,0.0,0.0,0.0,0.0,0.0,0.0,0.6339726405344117,0.8870778076582929,0.1,0.1310596681378913,0.1088262789138915,0.1638245851723642,0.4260160928059733,2.743786924402474,4.393660570293938,113.21090965118168,657.7452392578125,13.837445259094238,19.95022647510465,0.7891371344504018,992.7809448242188,16.188350677490234,18.162269280310568,0.8700221567818924,0.0136314472183585,0.0030367034487426,0.0094313733279705,0.0096670864149928,0.0096083665266633,0.3459516167640686,0.3459516167640686,4.147067641843553e-16,2.7755575615628917e-15,14.0,0.0,1.0761888664906124e-18,0.0,8.673617379884035e-19,,,0.0,0.0,2.7755575615628917e-15,2.4563379677500105e-16,0.0,2.5776894649077925e-18,2.7755575615628917e-15,0.0,True,126,8,success,-1,True,False,False,-1,,milk_1,False,-1,False,-1,False,0.0,1.0,126,57,0.2028247611478966,1.1759753077907915,0.3304560652418485,2.2558699204759183,434633.093787829,0.6540483832359314,0.0,4.624538610803482e-18,,,,,,,,False,False
libero_object,7,11,1,5,132485,0,132485,2,32,pick up the milk and place it in the basket,-1,-1,none,-1,-1,-1,-1,4.0,0.0014203084865584,0.0053628906607627,0.0068629374727606,0.0023275988642126,0.0006641717627644,0.0009668475831858,0.007236027624458,0.4092151522636413,0.0002144956815754,0.0004982948303222,0.0008641288732178,0.0035710472147911,0.5413514971733093,1.4790199995040894,14.790199279785156,0.6623695492744446,1.8708287477493288,19.031225204467773,0.0060254554264247,0.0107520166784524,0.0183638855814933,0.005744737572968,0.0102685578167438,0.0189536325633525,0.0052738422527909,0.0094099352136254,0.0178688261657953,0.0080244401469826,0.0080716786906123,0.0137085439637303,0.0158784929662942,0.0212719398550689,0.0215271301567554,0.0088573896791785,0.0092386156320571,0.0094472186174243,0.0099099557846784,0.0067476491676643,0.0068076364696025,0.0067476491676643,0.0068076364696025,first,1.0,0.0,0.4089467823505401,-1.2511669397354126,0.0,0.4089467823505401,3.0,0.4094450771808624,False,0.4092151522636413,0.0002144956815754,0.0004982948303222,0.021271938458085,0.0001564638805575,0.006747649051249,5.4335774620994925e-05,134485,134488,48,16,0,False,False,0.0,0.0,0.000247613380761,0.0313229714235669,1.0401111832218703e-09,1.0401111777413874e-09,0.0,0.0,0.0,0.0,7.0,4.0,7.0,0.5858494359972742,0.8498008264287651,0.0227272727272727,0.1175063488371038,0.1124581741178717,0.1468829360463798,0.4324213340868724,3.875470981037726,13.24408045853778,494.72182798253175,700.60302734375,14.201902389526367,19.67608351272128,0.7795768901522302,504.5301818847656,11.82032585144043,21.10193209256462,0.9385815792021048,0.0281199868768453,0.0065200212411582,0.0217562317848205,0.0058534671552479,0.0153605118393898,0.4089467823505401,0.4089467823505401,0.0011733915146201,0.0144775999410427,14.0,0.0,2.521429885519745e-23,0.0,1.1056736068366554e-18,,,0.0019498812636329,0.0144775999410427,2.7755575615628917e-15,2.4807152245723085e-16,0.0,1.050531362790129e-18,2.7755575615628917e-15,0.0,True,126,8,success,-1,True,False,False,-1,,milk_1,False,-1,False,-1,False,0.0,1.0,126,57,0.2028247611478966,1.1759753077907915,0.3304560652418485,2.2558699204759183,434633.093787829,0.5910532176494598,0.0,3.8626912167022385e-18,,,,,,,,False,False
libero_object,7,11,1,5,132485,0,132485,3,48,pick up the milk and place it in the basket,-1,-1,none,-1,-1,-1,-1,4.0,0.0013849114766344,0.0063040787354111,0.0039723725058138,0.002436869777739,0.0005736969760619,0.0006626804824918,0.0077535905875265,0.4687052071094513,6.642584776272997e-05,0.0001647174358367,0.0009054348920471,0.0021636167075484,0.5614349246025085,1.5,16.976085662841797,0.8315411806106567,2.345207929611206,21.67948341369629,0.0059700524434447,0.0106717273592948,0.0222751498222351,0.0056115216575562,0.0099346786737442,0.0194062944501638,0.0054370020516216,0.0097612896934151,0.0183975845575332,0.007695221574977,0.0077424789778888,0.0097345623653382,0.0098631614819169,0.0198130514472723,0.0204493217170238,0.0074572031153365,0.0075758122839033,0.0077419918961822,0.0078683421015739,0.0069424556568264,0.0070292986929416,0.0069424556568264,0.0070292986929416,first,1.0,0.0,0.4686499536037445,-0.8318073153495789,0.0,0.4686499536037445,3.0,0.4688045084476471,False,0.4687052071094513,6.642584776272997e-05,0.0001647174358367,0.0198130495846271,0.0004780176968779,0.0069424556568264,7.771397940814495e-05,135485,135488,64,16,0,False,False,0.0,0.0,0.1278537755574237,0.0330181757494932,1.0401111835043032e-09,1.0401111777413874e-09,0.0,0.0,0.0,0.0,105.0,7.0,105.0,0.7158434516038717,1.0517297717176466,0.0444444444444444,0.1370069042281534,0.1346253802924707,0.1712586302851917,0.4761138369588578,3.4671137576590105,6.647571957095133,175.58525606952017,630.5269165039062,13.616649627685549,20.133767300070176,0.8006610027356363,1328.7010498046875,19.07443046569824,16.896530827279413,0.8458783638088243,0.14344322681427,0.0197446029633283,0.1412826776504516,0.0043979533948004,0.0030763403046876,0.4686499536037445,0.4686499536037445,0.0161997813101957,0.1320146618559269,14.0,0.0,2.1706951722711406e-19,0.0,4.670885906470169e-18,,,0.1320146618559269,0.094782276486808,2.7755575615628917e-15,2.465505300536223e-16,0.0,5.816816042038073e-19,2.7755575615628917e-15,0.0,True,126,8,success,-1,True,False,False,-1,,milk_1,False,-1,False,-1,False,0.0,1.0,126,57,0.2028247611478966,1.1759753077907915,0.3304560652418485,2.2558699204759183,434633.093787829,0.5313500463962555,0.0,1.81930238930248e-18,,,,,,,,False,False
libero_object,7,11,1,5,132485,0,132485,4,64,pick up the milk and place it in the basket,-1,-1,none,-1,-1,-1,-1,4.0,0.0012335964711382,0.0057766470126807,0.0075068757869303,0.002251990372315,0.000396186398575,0.0006906455382704,0.0069087482988834,0.5603959560394287,0.0001854593429015,0.0004104971885681,0.0007679489790461,0.0011420105583965,0.5829324126243591,1.658312439918518,18.912628173828125,0.8257439136505127,2.549509763717652,17.909494400024414,0.0058028972707688,0.0103573920205235,0.0179306250065565,0.0055701653473079,0.0098836552351713,0.0169721264392137,0.0052394052036106,0.0093154702335596,0.0183684322983026,0.0073591384571045,0.0073919626884162,0.0090803662315011,0.0093169379979372,0.0207649082876741,0.021140057593584,0.0073455147212371,0.0074405390769243,0.0075427072588354,0.0076013100333511,0.0066915365168824,0.0067651402205228,0.0066915365168824,0.0067651402205228,first,1.0,0.0,0.5605932474136353,1.0637985467910769,0.0,0.5605932474136353,0.0,0.5605932474136353,True,0.5603959560394287,0.0001854593429015,0.0004104971885681,0.0207649078220129,0.0002361169317737,0.0066915368661284,4.6086148358881474e-05,136485,136485,80,16,0,False,False,0.0,0.0,0.1916590775064847,0.0345776489657425,1.0401111837941436e-09,1.0401111777413874e-09,0.0,0.0,0.0,0.0,118.0,9.0,118.0,0.8481988857628255,0.959584569412159,0.1,0.1781285113622157,0.1727651537003172,0.2226606392027697,0.2434963683176447,1.2623518977937298,4.703637096058438,19.57733816912422,571.1246337890625,12.58139991760254,20.563494682781087,0.8121754207315909,869.1060180664062,15.11607837677002,18.74007603691025,0.9066378619149094,0.0334743820130825,0.007883520796895,0.0268137827515602,0.0129547817632555,0.0308226030319929,0.5605932474136353,0.5605932474136353,0.0131632948217752,0.1725002882766244,14.0,0.0,9.480488906770741e-24,0.0,1.788112030672749e-18,,,0.1725002882766244,0.0117858392282231,2.7755575615628917e-15,2.7159643131455206e-16,0.0,3.3182894440823046e-18,2.7755575615628917e-15,0.0,True,126,8,success,-1,True,False,False,-1,,milk_1,False,-1,False,-1,False,0.0,1.0,126,57,0.2028247611478966,1.1759753077907915,0.3304560652418485,2.2558699204759183,434633.093787829,0.4394067525863647,0.0,1.4104130849793905e-18,,,,,,,,False,False
libero_object,7,11,1,5,132485,0,132485,5,80,pick up the milk and place it in the basket,-1,-1,none,-1,-1,-1,-1,4.0,0.000828836869914,0.0035647510085254,0.0028757010586559,0.0011493590427562,0.0005652781110256,0.000657946569845,0.0041157980449497,0.6527400016784668,0.0002469222818035,0.0005706548690795,0.0004493172455113,0.000827656360343,0.5369563102722168,1.4790199995040894,13.827056884765623,0.7426433563232422,2.1650636196136475,16.31525421142578,0.0057284515351057,0.0101150721311569,0.0227191857993602,0.0054965559393167,0.0097149591892957,0.0188034605234861,0.0053305579349398,0.0095212804153561,0.0175325851887464,0.0072981902630999,0.0073798862285912,0.0089987453538924,0.0093954987823963,0.0188682540319859,0.0194798000156879,0.0072768777608871,0.0073991888202726,0.0076777003705501,0.0078015499748289,0.0068021236220374,0.0069265677593648,0.0068021236220374,0.0069265677593648,first,1.0,0.0,0.6529455780982971,0.8325551748275757,0.0,0.6529455780982971,2.0,0.653020977973938,False,0.6527400016784668,0.0002469222818035,0.0005706548690795,0.0188682544976472,0.0004111165762878,0.0068021235056221,7.934063614811748e-05,137485,137487,96,16,0,False,False,0.0,0.0,0.2025370826700003,0.0348959945236929,1.04011118409139e-09,1.0401111777413874e-09,0.0,0.0,0.0,0.0,154.0,11.0,154.0,0.8268488629028626,0.8323759914108795,0.0333333333333333,0.1728312517765743,0.1723351136859424,0.2160390647207179,0.0692031361569385,0.4649079929729171,0.9444392834384202,2.0321115056108843,559.7208862304688,12.777729034423828,20.65108847769652,0.8158204603234509,1745.0303955078125,22.15195846557617,15.712773648240866,0.8236795248238348,0.0106046544387936,0.0030820157844573,0.0051706954836845,0.0041559762321412,0.0086041437461972,0.6529455780982971,0.6529455780982971,0.0147847223441481,0.1725722800382668,14.0,0.0,4.142011866029702e-25,0.0,1.5332934166833741e-18,,,0.1725722800382668,0.0344138327798019,2.484124017598788e-15,2.833665620913121e-16,0.0,5.7819679394949355e-18,2.7755575615628917e-15,0.0,True,126,8,success,-1,True,False,False,-1,,milk_1,False,-1,False,-1,False,0.0,1.0,126,57,0.2028247611478966,1.1759753077907915,0.3304560652418485,2.2558699204759183,434633.093787829,0.3470544219017029,0.0,5.913141349575037e-19,,,,,,,,False,False
libero_object,7,11,1,5,132485,0,132485,6,96,pick up the milk and place it in the basket,-1,-1,none,-1,-1,-1,-1,4.0,0.000915830314625,0.0046672229655086,0.0024420442059636,0.0013253139331936,0.0005973092629574,0.0006429424975067,0.0045128068886697,0.7547228932380676,0.0001359897869406,0.0003662109375,0.0004587485454976,0.0010244008153676,0.538704514503479,1.4790199995040894,14.5150785446167,0.7788528203964233,2.291287899017334,13.553135871887209,0.0058058127760887,0.0103502171114087,0.0175556391477584,0.0055842953734099,0.0098903700709342,0.0172798372805118,0.0055910665541887,0.0099638840183615,0.0177574045956134,0.0074626377318054,0.0074975662864744,0.0094085105229169,0.009486611932516,0.0192720210179686,0.0198816657066345,0.0073359317611902,0.0074898800812661,0.0077063646167516,0.0080518936738371,0.0072469242149963,0.0073115830309689,0.0072469242149963,0.0073115830309689,first,1.0,0.0,0.7547121644020081,-0.0788944214582443,0.0,0.7547121644020081,3.0,0.7549431324005127,False,0.7547228932380676,0.0001359897869406,0.0003662109375,0.019272020086646,0.0007698671543039,0.0072469245642423,7.356344576692209e-05,138485,138488,112,16,0,False,False,0.0,0.0,0.2028247611478966,0.0349533192768015,1.0401111843960432e-09,1.0401111777413874e-09,0.0,0.0,0.0,0.0,177.0,12.0,177.0,0.8029089255990881,0.8303151464328985,0.0333333333333333,0.168758592797043,0.1665493320027853,0.2109482409963037,0.1634565814945943,0.9772120723934682,1.9714297598467008,10.222700232180724,607.1817016601562,13.317954063415527,20.297616859050027,0.8019573051857479,991.6642456054688,16.825746536254883,18.16715705813561,0.8931022696829589,0.0135822258889675,0.0031264959834516,0.0100196599960327,0.0107782557606697,0.0081551661714911,0.7547121644020081,0.7547121644020081,0.0163491115089875,0.1656272154140309,14.0,0.0,1.0586676666925261e-26,0.0,3.496446946337351e-18,,,0.1656272154140309,0.0632603457117892,2.7755575615628917e-15,2.453269466693398e-16,0.0,4.784889398756963e-18,2.7755575615628917e-15,0.0,True,126,8,success,-1,True,False,False,-1,,milk_1,False,-1,False,-1,False,0.0,1.0,126,57,0.2028247611478966,1.1759753077907915,0.3304560652418485,2.2558699204759183,434633.093787829,0.2452878355979919,0.0,8.79913663362413e-19,,,,,,,,False,False
libero_object,7,11,1,5,132485,0,132485,7,112,pick up the milk and place it in the basket,-1,-1,none,-1,-1,-1,-1,4.0,0.009593985043466,0.7861663103103638,0.0065348092466592,0.0043621170334517,0.0012268438003957,0.0503910072147846,0.0798279419541359,0.8836582899093628,0.0010933356825262,0.0027029514312744,0.0011488127056509,0.0030514770187437,1.063967227935791,3.5619516372680664,35.1025276184082,2.820389986038208,10.779030799865724,60.67536544799805,0.014116040430963,0.0154796903952956,0.8309695720672607,0.0057452139444649,0.0102313524112105,0.017894459888339,0.0061150318942964,0.010719334706664,0.0183182768523693,0.0088626251090317,0.0093036023899912,0.0539458619896322,0.0995217114686966,0.0218961336649954,0.0227418206632137,0.0077408663928508,0.007972102612257,0.0081868367269635,0.0086528807878494,0.0075482670217752,0.0076693957671523,0.0075482670217752,0.0076693957671523,first,1.0,0.0,0.8827403783798218,-0.8395514488220215,0.0,0.8827403783798218,2.0,0.8852862119674683,False,0.8836582899093628,0.0010933356825262,0.0027029514312744,0.0218961331993341,0.0005313228466548,0.0075482670217752,7.299635763047263e-05,139485,139487,126,14,0,False,True,1.0,1.0,0.1802480247935607,0.0351731178302572,0.001245683709501,0.0012437533824913,0.0,0.0,0.0,0.0,166.0,12.0,166.0,0.721832641424406,0.8585304172823057,0.0384615384615384,0.1333316855865831,0.1254408125182568,0.1904738365522617,0.422213940300825,2.4734119855321968,4.287481619455968,40.431560197103806,667.4151611328125,13.641362190246582,19.886842929190298,0.7915109881681724,5490.158203125,50.356895446777344,10.734955017084785,0.5119507190436472,0.0300085041671991,0.0077538243494927,0.0184342861175537,0.0222356542944908,0.013636065647006,0.1172596216201782,0.8827403783798218,0.0166911498738673,0.1268084046014413,14.0,0.0,7.388082970823208e-28,0.0012053962399594,0.008696893911064,,,0.1268084046014413,0.0969654034816731,2.414735078559716e-15,2.1546782702899383e-16,0.0,3.1340635610985242e-18,2.4286128663675303e-15,0.0,True,126,8,success,-1,True,False,False,-1,,milk_1,False,-1,False,-1,False,0.0,1.0,126,57,0.2028247611478966,1.1759753077907915,0.3304560652418485,2.2558699204759183,434633.093787829,0.1172596216201782,0.0,2.9573753320902666e-18,,,,,,,,False,False
libero_object,9,12,2,0,142000,0,142000,0,0,pick up the orange juice and place it in the basket,-1,-1,none,-1,-1,-1,-1,4.0,0.001599995070137,0.0082372603937983,0.0112408809363842,0.0030918957199901,0.000402283767471,0.000717426999472,0.0096067739650607,0.3160848617553711,0.0005577733973041,0.0014339685440063,0.0006357438978739,0.0017698485171422,0.6457492709159851,1.9202864170074463,20.607948303222656,1.5796669721603394,5.852349758148193,60.37590408325195,0.0061657247133553,0.0113910119980573,0.0214643497020006,0.0054743927903473,0.0096775591373443,0.0165388248860836,0.0055484655313193,0.0098495669662952,0.0172708332538604,0.0076596358558163,0.0077371397055685,0.0101828007027506,0.0103501640260219,0.020751763600856,0.0216191187500953,0.0072832191362977,0.007340436335653,0.0075399804627522,0.0076411054469645,0.0070023979060351,0.007108308840543,0.0070023979060351,0.007108308840543,first,1.0,0.0,0.316213309764862,0.2302870899438858,0.0,0.316213309764862,1.0,0.3165790438652038,False,0.3160848617553711,0.0005577733973041,0.0014339685440063,0.0207517631351947,0.0005617160350084,0.0070023979060351,0.0001258491247426,142000,142001,16,16,0,False,False,0.0,0.0,1.040111344274841e-09,0.1945045090566081,4.419355112070633e-09,4.419238516795154e-09,0.0,0.0,0.0,0.0,0.0,0.0,0.0,0.8092130303724804,1.017300380548565,0.2,0.145479114942315,0.1447680486310378,0.1818488936778938,0.3618857165048056,1.4974926814832483,2.702007271992924,27.7492798395153,522.6513061523438,12.016475677490234,20.94868320793944,0.8321886621909271,1298.9500732421875,17.929500579833984,16.994879021213773,0.8256642253274801,0.0241924859583377,0.0058590141125023,0.0151162296533584,0.0174860153347253,0.0166846588253974,0.316213309764862,0.316213309764862,7.900439176792136e-10,5.010161242854773e-09,14.0,,,5.463251379067557e-14,2.158509271188712e-14,,,,,,,9.743941764561724e-15,4.7176288810198236e-18,1.1791583183296594e-09,7.95663915449642e-13,True,115,8,success,-1,True,False,False,-1,,orange_juice_1,False,-1,False,-1,False,0.0,1.0,115,62,0.1822563731216691,1.0009089536433,0.3236723584576539,3.9508686669194737,3220758.020389568,0.6837866902351379,7.412473412848897e-15,1.6631978732348118e-17,4.2965631052993563e-13,1.363182864574172e-17,4.608793016927828e-09,7.93164346699211e-12,5.010161242854773e-09,2.532518967006409e-10,,False,False
libero_object,9,12,2,0,142000,0,142000,1,16,pick up the orange juice and place it in the basket,-1,-1,none,-1,-1,-1,-1,4.0,0.0022414494305849,0.0120122153311967,0.0061983214691281,0.0045781000517308,0.0003798712568823,0.0008162339800037,0.0132650388404726,0.3692191839218139,0.0007871189736761,0.0019138157367706,0.000561426160857,0.0014359103515744,0.7458580732345581,2.384848117828369,35.21718215942383,1.2853351831436155,3.960744857788086,49.15473175048828,0.0064006326720118,0.0117835626006126,0.0228980723768472,0.0055998675525188,0.0099213989451527,0.0179078392684459,0.0055431202054023,0.0097952745854854,0.016456164419651,0.0077355926623567,0.0077810361981391,0.0100820087827742,0.0103014484047889,0.0208023572340607,0.0211551301181316,0.0074380391743034,0.0074831377714872,0.0077401595190167,0.007814597338438,0.0068240683758631,0.0068525271490216,0.0068240683758631,0.0068525271490216,first,1.0,0.0,0.3686414659023285,-0.733965277671814,0.0,0.3686414659023285,2.0,0.3705552816390991,False,0.3692191839218139,0.0007871189736761,0.0019138157367706,0.0208023563027381,0.0002102868747897,0.0068240677937865,1.8341779650654644e-05,143000,143002,32,16,0,False,False,0.0,0.0,1.040111344274841e-09,0.1177419929001282,4.419355152371429e-09,4.419238516795154e-09,0.0,0.0,0.0,0.0,0.0,0.0,0.0,0.7562362682651844,1.0103282836287208,0.0666666666666666,0.1530034552910351,0.1347164045512539,0.1912543191137939,0.4445988051338709,2.4923677144358924,3.90248961618748,66.28378928134006,580.4393310546875,12.413643836975098,20.49323527947689,0.8227437928418454,683.8766479492188,13.475937843322754,19.781025865543057,0.9206342498352064,0.030823053792119,0.0063066352158784,0.0244202017784118,0.018428836017847,0.024627910926938,0.3686414659023285,0.3686414659023285,1.0394641782594328e-15,6.2063353831181824e-15,14.0,,,0.0,1.788112030672749e-18,,,,,,,0.0,3.0219811100689473e-18,6.2063353831181824e-15,0.0,True,115,8,success,-1,True,False,False,-1,,orange_juice_1,False,-1,False,-1,False,0.0,1.0,115,62,0.1822563731216691,1.0009089536433,0.3236723584576539,3.9508686669194737,3220758.020389568,0.6313585340976715,0.0,1.2414327304357014e-18,0.0,1.3438901954026019e-17,2.7755575615628917e-15,0.0,5.551115123125783e-15,0.0,,False,False
libero_object,9,12,2,0,142000,0,142000,2,32,pick up the orange juice and place it in the basket,-1,-1,none,-1,-1,-1,-1,4.0,0.0014880208764225,0.0090969512239098,0.0105548333376646,0.0028027745429426,0.0004328087961766,0.0007093951571732,0.008708513341844,0.4511884748935699,0.0003138470056001,0.0008459389209747,0.0004985322593711,0.0007396852597594,0.5675119161605835,1.6393595933914185,12.439855575561523,0.790174663066864,2.549509763717652,26.25238037109375,0.0059464019723236,0.0107206124812364,0.0201125778257846,0.0055419113487005,0.009874883107841,0.0198212899267673,0.0052018309943377,0.0092763258144259,0.0157757196575403,0.0075058279326185,0.0076336595229804,0.0093358373269438,0.0096708880737423,0.0200855708681046,0.0206769332289695,0.0073926463956013,0.0074471649713814,0.0077202442334964,0.0078554963693022,0.0066881348611786,0.0067935660481452,0.0066881348611786,0.0067935660481452,first,1.0,0.0,0.4511429369449615,-0.1450960040092468,0.0,0.4511429369449615,1.0,0.451552003622055,False,0.4511884748935699,0.0003138470056001,0.0008459389209747,0.0200855713337659,0.000613420503214,0.0066881347447633,8.586909098085016e-05,144000,144001,48,16,0,False,False,0.0,0.0,0.0009141994836328,0.0298271216102836,4.419355192679197e-09,4.419238516795154e-09,0.0,0.0,0.0,0.0,13.0,6.0,13.0,0.7206730766055284,0.784643196963144,0.0454545454545454,0.1082496916300058,0.0976023133310726,0.1353121145375072,0.6449748671468175,15.872301455328,74.6284608411734,13079.589010909613,554.0662841796875,12.603801727294922,20.6951863741838,0.8359777792069772,888.6746215820312,14.663052558898926,18.643375829324057,0.9110601148695796,0.0266866534948349,0.0065077105537056,0.0223310738801956,0.0107413837686181,0.0230838079005479,0.4511429369449615,0.4511429369449615,0.0041702329989521,0.0509522489398689,14.0,,,0.0,2.6200929389626925e-18,,,,,,,0.0,3.5124909009487185e-19,0.0074310130454522,0.0509522489398689,True,115,8,success,-1,True,False,False,-1,,orange_juice_1,False,-1,False,-1,False,0.0,1.0,115,62,0.1822563731216691,1.0009089536433,0.3236723584576539,3.9508686669194737,3220758.020389568,0.5488570630550385,0.0,2.1239882009742765e-18,0.0,1.567597934568042e-17,2.7755575615628917e-15,0.0,5.551115123125783e-15,0.0,,False,False
libero_object,9,12,2,0,142000,0,142000,3,48,pick up the orange juice and place it in the basket,-1,-1,none,-1,-1,-1,-1,4.0,0.0160281248390674,0.8918612599372864,0.0276372414082288,0.0170604642480611,0.0011478209635242,0.0575720258057117,0.1072338223457336,0.5435492396354675,0.002043823711574,0.0051588416099548,0.00141596281901,0.0034341874998062,1.676818609237671,6.103277683258057,77.97114562988281,2.7774014472961426,10.568230628967283,103.9230499267578,0.0200478844344615,0.043220292776823,0.9140770435333252,0.0057384120300412,0.0101730311289429,0.0171308573335409,0.006602035369724,0.0112864719703793,0.0198013111948966,0.0080009431112557,0.0081328367814421,0.0178210700396448,0.0210719555616378,0.0212251925840973,0.0226241424679756,0.0074770170031115,0.0075684692710638,0.0077544036321341,0.0079146847128868,0.006852411897853,0.0070168622769415,0.006852411897853,0.0070168622769415,first,1.0,0.0,0.5447443127632141,0.5847241878509521,0.0,0.5447443127632141,1.0,0.5452306866645813,False,0.5435492396354675,0.002043823711574,0.0051588416099548,0.0212251935154199,0.000876864825841,0.0068524121306836,0.0001422433415427,145000,145001,64,16,0,False,False,0.0,0.0,0.0610380307104872,0.030484871873701,4.419355232993938e-09,4.419238516795154e-09,0.0,0.0,0.0,0.0,102.0,9.0,102.0,0.469546923628779,0.9243765148818952,0.0444444444444444,0.0733634012008692,0.0640384320233227,0.0917042515010865,0.3868175552743689,3.375375506594101,6.69803388181457,627.3197160153588,630.1137084960938,13.158767700195312,20.136614328169053,0.8079830633074775,956.5955810546876,15.26983642578125,18.3235199052891,0.9081223984359308,0.1006702408194542,0.0180577840656042,0.0727652013301849,0.0049432292580604,0.0119058014824986,0.5447443127632141,0.5447443127632141,0.0079031469825361,0.0610218303569927,14.0,,,0.0,6.133173666733498e-19,,,,,,,0.0,2.193964527682285e-18,0.0610218303569927,0.0496222273985046,True,115,8,success,-1,True,False,False,-1,,orange_juice_1,False,-1,False,-1,False,0.0,1.0,115,62,0.1822563731216691,1.0009089536433,0.3236723584576539,3.9508686669194737,3220758.020389568,0.4552556872367859,0.0,1.4013775770461831e-18,0.0,1.4192785357740008e-17,2.7755575615628917e-15,0.0,5.551115123125783e-15,0.0,,False,False
libero_object,9,12,2,0,142000,0,142000,4,64,pick up the orange juice and place it in the basket,-1,-1,none,-1,-1,-1,-1,4.0,0.0011511511402204,0.0035716679412871,0.0029674163088202,0.001984073780477,0.0004949136055074,0.0006210962310433,0.0060358946211636,0.6388530731201172,0.0004380974278319,0.001071810722351,0.0006646108813583,0.0013127108104526,0.6025261878967285,1.785357117652893,22.083648681640625,1.1117185354232788,4.123105525970459,37.150875091552734,0.0058258990757167,0.010432300157845,0.0192214176058769,0.005525923334062,0.0098435385152697,0.0173867829144001,0.0053779217414557,0.0095731392502784,0.0159761030226945,0.0075891884043812,0.0076968460343778,0.0094511702191084,0.0095872720703482,0.0211535291746258,0.0218480955809354,0.0073381667025387,0.0074513447470963,0.0076965561602264,0.0079251863062381,0.0067879942944273,0.0068456237204372,0.0067879942944273,0.0068456237204372,first,1.0,0.0,0.639500617980957,1.4780840873718262,0.0,0.639500617980957,0.0,0.639500617980957,True,0.6388530731201172,0.0004380974278319,0.001071810722351,0.0211535282433033,0.0005930941551923,0.0067879944108426,4.106956839677878e-05,146000,146000,80,16,0,False,False,0.0,0.0,0.1696585741636781,0.032245118063508,4.419355273315651e-09,4.419238516795154e-09,0.0,0.0,0.0,0.0,141.0,9.0,141.0,0.8254021852043564,0.9501263991115062,0.0454545454545454,0.1686034014842535,0.1561398173640726,0.2107542518553169,0.3340764197431315,1.728366265756777,5.264656872590153,35.40409940495247,541.0765991210938,12.203557014465332,20.798216092165024,0.838247993451869,1750.0933837890625,20.415271759033203,15.700191379060458,0.8359766286058048,0.0186722557991743,0.0048819133080542,0.0132361203432083,0.0118789933621883,0.0143217155709862,0.639500617980957,0.639500617980957,0.0175215132149912,0.1552182932496648,14.0,,,0.0,4.336808689942019e-19,,,,,,,0.0,4.7034215639098384e-18,0.1552182932496648,0.0900828917602038,True,115,8,success,-1,True,False,False,-1,,orange_juice_1,False,-1,False,-1,False,0.0,1.0,115,62,0.1822563731216691,1.0009089536433,0.3236723584576539,3.9508686669194737,3220758.020389568,0.3604993820190429,0.0,6.349389299793617e-18,0.0,1.879036158164078e-18,2.7755575615628917e-15,0.0,5.551115123125783e-15,0.0,,False,False
libero_object,9,12,2,0,142000,0,142000,5,80,pick up the orange juice and place it in the basket,-1,-1,none,-1,-1,-1,-1,4.0,0.0008623912581242,0.0033195677679032,0.0043675946071743,0.001416114741005,0.0003668084682431,0.0006879694410599,0.004488356411457,0.7475200891494751,0.0001785252679837,0.0004872679710388,0.0003707142313942,0.0007196026854217,0.5332229137420654,1.4790199995040894,16.284578323364258,0.6566797494888306,1.785357117652893,18.186532974243164,0.0057102381251752,0.0100295078009366,0.019485455006361,0.0054263276979327,0.009603994898498,0.0183504447340965,0.005486196372658,0.009770200587809,0.0175901055335998,0.0073615143774077,0.0074511980637907,0.0092298842500895,0.0099201994016766,0.0199654339812695,0.0205415058881044,0.0072224031900987,0.0073276255279779,0.0074297381797805,0.0076416218653321,0.0070523659233003,0.0073741320520639,0.0070523659233003,0.0073741320520639,first,1.0,0.0,0.7477691173553467,1.3949185609817505,0.0,0.7477691173553467,0.0,0.7477691173553467,True,0.7475200891494751,0.0001785252679837,0.0004872679710388,0.0199654344469308,0.0006317494553513,0.0070523656904697,0.0002318437182111,147000,147000,96,16,0,False,False,0.0,0.0,0.1822143198459702,0.0326567358721611,4.419355313644337e-09,4.419238516795154e-09,0.0,0.0,0.0,0.0,128.0,8.0,128.0,0.7909182453209566,0.8054954474337455,0.1222222222222222,0.1659119465683216,0.1657165295161788,0.2073899332104021,0.0885487463020507,1.1430343359437103,5.530074081067109,24.455702521054214,593.615234375,12.991403579711914,20.395753228420563,0.8177431284832458,1305.93115234375,18.86122131347656,16.97160078986546,0.8804790524198166,0.0454400368034839,0.0104217398911714,0.0362163744866848,0.0248317010700702,0.0372824370861053,0.7477691173553467,0.7477691173553467,0.014693069001972,0.165334936443393,14.0,,,0.0,4.336808689942019e-19,,,,,,,0.0,2.575676983407467e-18,0.165334936443393,0.0403680295842075,True,115,8,success,-1,True,False,False,-1,,orange_juice_1,False,-1,False,-1,False,0.0,1.0,115,62,0.1822563731216691,1.0009089536433,0.3236723584576539,3.9508686669194737,3220758.020389568,0.2522308826446533,0.0,2.6125576098246658e-18,0.0,2.576674620914578e-18,2.7755575615628917e-15,0.0,5.551115123125783e-15,0.0,,False,False
libero_object,9,12,2,0,142000,0,142000,6,96,pick up the orange juice and place it in the basket,-1,-1,none,-1,-1,-1,-1,4.0,0.0009959125891327,0.0038845064118504,0.0046526617370545,0.0017102943966165,0.0003661323280539,0.000742107629776,0.0052743577398359,0.8819887638092041,0.0003500665479805,0.0008741021156311,0.0005009390297345,0.0009589719120413,0.5976362824440002,1.785357117652893,17.311485290527344,0.8631166815757751,2.586019992828369,15.497983932495115,0.0056712650693953,0.0101838763803243,0.0176426582038402,0.0054696765728294,0.009696589782834,0.0186757408082485,0.0058108903467655,0.0103622321039438,0.0221805293112993,0.007452443591319,0.007605911232531,0.0091206177603453,0.0093936044722795,0.0199465742334723,0.0206239949911832,0.0073561784811317,0.0074668154120445,0.0076115644769743,0.0078395903110504,0.0075421028304845,0.0076670488342642,0.0075421028304845,0.0076670488342642,first,1.0,0.0,0.882266640663147,0.7937829494476318,0.0,0.882266640663147,0.0,0.882266640663147,True,0.8819887638092041,0.0003500665479805,0.0008741021156311,0.0199465751647949,0.0008203848847188,0.0075421025976538,0.0001302970485994,148000,148000,112,16,0,False,False,0.0,0.0,0.1822563731216691,0.0327594940693918,0.0020330992498987,0.0020302301589112,0.0,0.0,0.0,0.0,128.0,8.0,128.0,0.756580540370399,0.7817776486865219,0.0795454545454545,0.1579038146601005,0.1398750847867544,0.1973797683251256,0.3919502213041342,1.7156900920739486,3.0653881187091194,30.94913671216021,708.508544921875,13.859128952026367,19.62735268472095,0.7877521588781726,1003.4063720703124,16.867420196533203,18.116035062070846,0.9171738356840644,0.0167874414473772,0.0045573222450912,0.0115515496581792,0.0066837114281952,0.014677164144814,0.882266640663147,0.882266640663147,0.012186097863982,0.1394482234608246,14.0,,,0.0019449742636158,0.0137477968395803,,,,,,,0.0,4.594110335533705e-18,0.1394482234608246,0.0154643755317196,True,115,8,success,-1,True,False,False,-1,,orange_juice_1,False,-1,False,-1,False,0.0,1.0,115,62,0.1822563731216691,1.0009089536433,0.3236723584576539,3.9508686669194737,3220758.020389568,0.117733359336853,0.0,2.8269390028440633e-18,0.0,1.0016229477530725e-18,2.7755575615628917e-15,0.0,5.551115123125783e-15,0.0,,False,False
libero_object,9,12,2,0,142000,0,142000,7,112,pick up the orange juice and place it in the basket,-1,-1,none,-1,-1,-1,-1,4.0,0.0011937472736462,0.0062542576342821,0.0067765107378363,0.0020582191646099,0.0004328439536038,0.0008830421138554,0.0066578150726854,0.9997678399086,0.0002084150037262,0.0004673600196838,0.0007069032290019,0.0018830847693607,0.5964439511299133,1.658312439918518,18.84807777404785,0.7595698237419128,2.2776083946228027,15.46568775177002,0.0057575479149818,0.0103335548192262,0.0206983145326375,0.0056014554575085,0.0099108731374144,0.0172223299741745,0.0060286265797913,0.0106974029913544,0.0196243673563003,0.0076512857340276,0.0077383881434798,0.0106956837698817,0.0109957931563258,0.0204595760442316,0.0207258574664592,0.0076233115978538,0.0077800471335649,0.0081994470674544,0.0084218708798289,0.0077331993961706,0.0080774100497365,0.0077331993961706,0.0080774100497365,first,1.0,0.0,0.9999489188194276,0.8688381910324097,0.0,0.9999489188194276,1.0,1.0,False,0.9997678399086,0.0002084150037262,0.0004673600196838,0.0204595774412155,0.0002938274119514,0.007733198814094,0.0002369540889048,149000,149001,115,3,0,False,True,1.0,1.0,0.0866661212038014,0.0332871307260691,0.0041987482232741,0.0041959386221059,0.0,0.0,0.0,0.0,24.0,8.0,24.0,0.6845067899905399,0.7224108700814489,0.25,0.0283941278663989,0.0283642181828837,0.1892941857759931,0.2710123055141576,4.141438210613565,4.141438210613565,0.0807740026745742,700.7467041015625,13.808633804321287,19.67519297095409,0.7926437518437833,4397.1806640625,46.600467681884766,11.699060513106208,0.5663371196578959,0.1910102665424347,0.0303278937935829,0.1861440539360046,0.0352681651711463,0.0222709234803915,5.1081180572509766e-05,0.9999489188194276,0.0043642817395666,0.0281178305505917,14.0,,,0.00221035347876,0.0153110039832726,,,,,,,0.0,9.767137690475889e-19,0.0281178305505917,0.0154607563413074,True,115,8,success,-1,True,False,False,-1,,orange_juice_1,False,-1,False,-1,False,0.0,1.0,115,62,0.1822563731216691,1.0009089536433,0.3236723584576539,3.9508686669194737,3220758.020389568,5.1081180572509766e-05,0.0,1.29310247655761e-18,0.0,1.7106762684423738e-18,5.204170427930421e-16,0.0,1.0408340855860845e-15,0.0,,False,False
libero_object,9,13,2,1,142097,0,142097,0,0,pick up the orange juice and place it in the basket,-1,-1,none,-1,-1,-1,-1,4.0,0.0020446388516575,0.0113429864868521,0.0156329274177551,0.0040330411866307,0.0004091660666745,0.0009858501143753,0.0123224416747689,0.3144855499267578,0.001184869557619,0.002816617488861,0.0006980953621678,0.0010972360614687,0.7613953948020935,2.291287899017334,24.320772171020508,2.324009418487549,9.364160537719728,59.955711364746094,0.0064694010652601,0.0122226634994149,0.0249438099563121,0.0055877189151942,0.0099556585773825,0.0190595034509897,0.0059754154644906,0.0105796577408909,0.0185477994382381,0.0077267796732485,0.0078376261517405,0.0103396289050579,0.0106989126652479,0.0210198215208947,0.0215408559888601,0.0074213566258549,0.0074746706523001,0.0076433615759015,0.0077499020844697,0.0071461313636973,0.007347366772592,0.0071461313636973,0.007347366772592,first,1.0,0.0,0.3139234781265259,-0.4743744134902954,0.0,0.3139234781265259,3.0,0.3165335655212402,False,0.3144855499267578,0.001184869557619,0.002816617488861,0.021019821986556,0.0003684515249915,0.007146131247282,0.0001482875959482,142097,142100,16,16,0,False,False,0.0,0.0,1.040111344274841e-09,0.1964227863217481,4.419355112070633e-09,4.419238516795154e-09,0.0,0.0,0.0,0.0,0.0,0.0,0.0,0.7906894695244376,1.0162178851393164,0.1666666666666666,0.1417463959240661,0.1410044253807861,0.1771829949050826,0.3665856890076885,1.3958043487138192,2.514348839789289,25.15887618825445,520.8464965820312,12.030333518981934,20.96370613595715,0.8325907488217837,1261.769287109375,17.56283950805664,17.12100408887862,0.8315110062916408,0.0190513022243976,0.0051147933118045,0.010889247059822,0.013083946891129,0.0137755386531353,0.3139234781265259,0.3139234781265259,7.900439178064093e-10,5.010161242854773e-09,14.0,,,5.463251379067557e-14,2.1587839636810128e-14,,,,,,,9.743941764561724e-15,4.59318138939993e-18,1.1791583183296594e-09,7.95663915449642e-13,True,116,8,success,-1,True,False,False,-1,,orange_juice_1,False,-1,False,-1,False,0.0,1.0,116,62,0.1797002369961042,1.006383277633256,0.327197084450895,2.618858213035988,651000.475742115,0.6860765218734741,7.412473412848897e-15,1.6841475846422294e-17,4.2965631052993563e-13,1.2580596848026077e-17,4.608793016927828e-09,7.93164346699211e-12,5.010161242854773e-09,2.532518967006409e-10,,False,False
libero_object,9,13,2,1,142097,0,142097,1,16,pick up the orange juice and place it in the basket,-1,-1,none,-1,-1,-1,-1,4.0,0.0019879599567502,0.0088339457288384,0.0065074390731751,0.0039691128768026,0.0004496663750614,0.0006593813886865,0.0114543167874217,0.3591958284378052,0.0008796692709438,0.0023726522922515,0.0005341051728464,0.0008880225359462,0.8123162984848022,2.586019992828369,33.2377815246582,1.3667937517166138,4.4370598793029785,39.921016693115234,0.0062636719085276,0.0113557456061244,0.0224410127848386,0.0055135744623839,0.0098065948113799,0.0184700172394514,0.0056126420386135,0.0099251084029674,0.0201757624745368,0.0078746951185166,0.0079441480338573,0.0115525959990918,0.0130614303052425,0.0209721443243324,0.0215586740523576,0.0073236330645158,0.0074497959576547,0.0075879844371229,0.0077768163755536,0.0068510337732732,0.0069790165871381,0.0068510337732732,0.0069790165871381,first,1.0,0.0,0.3587602376937866,-0.4951755702495575,0.0,0.3587602376937866,2.0,0.3604596555233001,False,0.3591958284378052,0.0008796692709438,0.0023726522922515,0.0209721438586711,0.0004887649556621,0.0068510337732732,9.833688818616793e-05,143097,143099,32,16,0,False,False,0.0,0.0,1.040111344274841e-09,0.1246575898231625,4.419355152371429e-09,4.419238516795154e-09,0.0,0.0,0.0,0.0,0.0,0.0,0.0,0.7459646277424261,1.0051845254108294,0.0444444444444444,0.1522346280105836,0.1353203103995243,0.1902932850132296,0.4198431966500572,2.2726821642398,3.71821163684294,57.11874549451529,526.1129760742188,12.02764892578125,20.920013474799266,0.8376394339315784,670.0858764648438,13.58022403717041,19.8694989654791,0.9204595792120034,0.0336711965501308,0.0066052284091711,0.0265907198190689,0.0203763358294963,0.0267086140811443,0.3587602376937866,0.3587602376937866,1.0396238809425791e-15,6.2063353831181824e-15,14.0,,,0.0,3.8424222889120255e-18,,,,,,,0.0,2.639071368251433e-18,6.2063353831181824e-15,0.0,True,116,8,success,-1,True,False,False,-1,,orange_juice_1,False,-1,False,-1,False,0.0,1.0,116,62,0.1797002369961042,1.006383277633256,0.327197084450895,2.618858213035988,651000.475742115,0.6412397623062134,0.0,1.0040369370552471e-18,0.0,1.4240734795034053e-17,2.7755575615628917e-15,0.0,5.551115123125783e-15,0.0,,False,False
libero_object,9,13,2,1,142097,0,142097,2,32,pick up the orange juice and place it in the basket,-1,-1,none,-1,-1,-1,-1,4.0,0.0013115360634401,0.0061307656578719,0.0047639687545597,0.002381072146818,0.0004473019216675,0.0006956302095204,0.0073138140141963,0.4392266273498535,0.0004019360640086,0.0010096132755279,0.000596797442995,0.0008266712538897,0.5656864643096924,1.6393595933914185,17.762319564819336,0.7656342387199402,2.384848117828369,32.825294494628906,0.0058415518142282,0.0103874374181032,0.0175569914281368,0.0055488105863332,0.0098956013098359,0.0174069833010435,0.0053944867104291,0.0096102710813283,0.0163853764533996,0.0075568004976958,0.0076491283252835,0.0094494852237403,0.010069141164422,0.0193150653503835,0.0201167501509189,0.0073811108013615,0.007481419481337,0.0076593613484874,0.0077645857818424,0.0068763432791456,0.0069400812499225,0.0068763432791456,0.0069400812499225,first,1.0,0.0,0.4393660426139831,0.3468593060970306,0.0,0.4393660426139831,3.0,0.4398207068443298,False,0.4392266273498535,0.0004019360640086,0.0010096132755279,0.0193150639533996,0.0005121412104927,0.0068763429298996,7.422207272611558e-05,144097,144100,48,16,0,False,False,0.0,0.0,0.0013299149006666,0.0297752475227584,4.419355192679197e-09,4.419238516795154e-09,0.0,0.0,0.0,0.0,7.0,2.0,7.0,0.7127119567962332,0.776842301749854,0.0888888888888888,0.1141065513572373,0.1029043303563955,0.1426331891965466,0.4325215507873143,5.611303011696864,23.666392703351736,1525.174051315963,556.8692626953125,12.659080505371094,20.67327113906897,0.8353986528067138,954.5104370117188,15.170799255371094,18.33299679356857,0.9052821489702196,0.0314770303666591,0.0071637206710875,0.0275566056370735,0.0111879026517272,0.0281967557966709,0.4393660426139831,0.4393660426139831,0.0038661710855281,0.0473488174866007,14.0,,,0.0,3.0202377658689313e-18,,,,,,,0.0,1.6931682567883781e-18,0.0067775777107844,0.0473488174866007,True,116,8,success,-1,True,False,False,-1,,orange_juice_1,False,-1,False,-1,False,0.0,1.0,116,62,0.1797002369961042,1.006383277633256,0.327197084450895,2.618858213035988,651000.475742115,0.5606339573860168,0.0,6.699735799003775e-19,0.0,1.5171457390657128e-17,2.7755575615628917e-15,0.0,5.551115123125783e-15,0.0,,False,False
libero_object,9,13,2,1,142097,0,142097,3,48,pick up the orange juice and place it in the basket,-1,-1,none,-1,-1,-1,-1,4.0,0.0020944999996572,0.0095792952924966,0.0053196088410913,0.0037199675571173,0.0007429187535308,0.0012728422880172,0.0111569305881857,0.5406649112701416,0.0001736359263304,0.0004864931106567,0.0009858440607786,0.0021838468965142,0.7725988030433655,2.345207929611206,21.725561141967773,1.8388339281082156,8.17006778717041,58.35451889038086,0.0063462182879447,0.0114121185615658,0.0231983680278062,0.0055899485014379,0.0099298832938075,0.0162761025130748,0.0054136123508214,0.009603907354176,0.0176326241344213,0.0078778167953714,0.0079662865027785,0.0119483647868037,0.0130098136141896,0.0225497526116669,0.0233859978616237,0.0075076563516631,0.0076537686400115,0.0079793754266574,0.0081982742995023,0.0069061748217791,0.007135831285268,0.0069061748217791,0.007135831285268,first,1.0,0.0,0.5406600832939148,-0.0278051681816577,0.0,0.5406600832939148,1.0,0.5409290790557861,False,0.5406649112701416,0.0001736359263304,0.0004864931106567,0.0225497521460056,0.000592048279941,0.0069061745889484,0.0002377500059083,145097,145098,64,16,0,False,False,0.0,0.0,0.0566332548989568,0.0300079852433452,4.419355232993938e-09,4.419238516795154e-09,0.0,0.0,0.0,0.0,114.0,11.0,114.0,0.4796121520885503,0.918751115574924,0.0444444444444444,0.0700226647243479,0.0598466834485823,0.0875283309054349,0.3584935900177713,2.8081879975542305,5.129450708974312,446.0677590477033,655.5282592773438,13.318943977355955,19.96488942364808,0.7995404007619851,999.6849365234376,15.149102210998535,18.13217212756879,0.9038183708426772,0.1825987994670868,0.0314295329153537,0.1312398910522461,0.0085364691913127,0.0091830119490623,0.5406600832939148,0.5406600832939148,0.0084315560306747,0.060720391792204,14.0,,,0.0,1.5636586103463756e-18,,,,,,,0.0,2.044331659714504e-18,0.0573213926372346,0.060720391792204,True,116,8,success,-1,True,False,False,-1,,orange_juice_1,False,-1,False,-1,False,0.0,1.0,116,62,0.1797002369961042,1.006383277633256,0.327197084450895,2.618858213035988,651000.475742115,0.4593399167060852,0.0,7.478011808464604e-19,0.0,1.4353310367042626e-17,2.7755575615628917e-15,0.0,5.551115123125783e-15,0.0,,False,False
libero_object,9,13,2,1,142097,0,142097,4,64,pick up the orange juice and place it in the basket,-1,-1,none,-1,-1,-1,-1,4.0,0.0011167603079229,0.0035306822974234,0.0044760070741176,0.0017590140923857,0.000591866846662,0.0007646792801097,0.0057066213339567,0.6264053583145142,0.0001718081184662,0.0004732012748718,0.0003865580074489,0.0006637527840211,0.5660108923912048,1.6393595933914185,19.188213348388672,0.8393866419792175,2.772634029388428,25.567312240600582,0.0059388624504208,0.010625772178173,0.0193344689905643,0.0055607808753848,0.0099387997761368,0.0199449080973863,0.0053603029809892,0.0096022551879286,0.0172235444188117,0.0076981679303571,0.0079492535442113,0.0094550047069787,0.0102265765890479,0.0213213050737977,0.0224086306989192,0.0074392112437635,0.0075839394703507,0.007746476912871,0.0079138735309243,0.0068389519583433,0.0069677885621786,0.0068389519583433,0.0069677885621786,first,1.0,0.0,0.6261496543884277,-1.4883110523223877,0.0,0.6261496543884277,1.0,0.6266228556632996,False,0.6264053583145142,0.0001718081184662,0.0004732012748718,0.0213213041424751,0.0006707452703267,0.006838952191174,9.872169903246686e-05,146097,146098,80,16,0,False,False,0.0,0.0,0.1661060915530041,0.0305689313949918,4.419355273315651e-09,4.419238516795154e-09,0.0,0.0,0.0,0.0,168.0,11.0,168.0,0.8113713629609289,0.9419293003219316,0.0666666666666666,0.1646768578309911,0.1514205934976971,0.2058460722887389,0.343846526500834,1.7601968018892709,4.07728063614647,33.087522849526366,551.95556640625,12.310447692871094,20.711762433584425,0.8352257719256055,1713.08984375,20.326099395751957,15.793002205400732,0.8407798885386097,0.0242303032428026,0.0064116050489246,0.014202706515789,0.0135455597192049,0.0142630208283662,0.6261496543884277,0.6261496543884277,0.0174440423346375,0.1506956621533066,14.0,,,0.0,3.2016106476538253e-18,,,,,,,0.0,3.223362764078565e-18,0.1506956621533066,0.0935209305316113,True,116,8,success,-1,True,False,False,-1,,orange_juice_1,False,-1,False,-1,False,0.0,1.0,116,62,0.1797002369961042,1.006383277633256,0.327197084450895,2.618858213035988,651000.475742115,0.3738503456115722,0.0,2.1582600720052803e-18,0.0,1.0656601353200577e-18,2.7755575615628917e-15,0.0,5.551115123125783e-15,0.0,,False,False
libero_object,9,13,2,1,142097,0,142097,5,80,pick up the orange juice and place it in the basket,-1,-1,none,-1,-1,-1,-1,4.0,0.001013247994706,0.0033966591581702,0.0027155426796525,0.001750138006173,0.0003796635428443,0.0007033312576822,0.0053826211951673,0.7350238561630249,0.0004889178089797,0.0011819005012512,0.0005255930591374,0.0008619682630524,0.552372395992279,1.5,15.022899627685549,0.8977879881858826,3.1124749183654785,28.19906997680664,0.0057505602017045,0.0102156866341829,0.0164960324764251,0.0055070742964744,0.0098695633932948,0.0185234975069761,0.0055701043456792,0.0098537933081388,0.0179862026125192,0.0074118612101301,0.0074534825980663,0.0091465527657419,0.0098567521199584,0.0196448513306677,0.0207284241914749,0.0073287209961563,0.0074644219130277,0.0075526990694925,0.0077616856433451,0.0070515524130314,0.0071373051032423,0.0070515524130314,0.0071373051032423,first,1.0,0.0,0.734813928604126,-0.4293718934059143,0.0,0.734813928604126,2.0,0.7355026602745056,False,0.7350238561630249,0.0004889178089797,0.0011819005012512,0.0196448508650064,0.001059923088178,0.0070515526458621,7.744676986476406e-05,147097,147099,96,16,0,False,False,0.0,0.0,0.1793665017234446,0.0310788842032955,4.419355313644337e-09,4.419238516795154e-09,0.0,0.0,0.0,0.0,154.0,11.0,154.0,0.7983619960353303,0.8064946783893298,0.0222222222222222,0.1675287424057706,0.1673234933581232,0.2094109280072132,0.0803387687108276,0.8463428794873418,2.856657868548694,9.337022052992616,627.4932861328125,13.362656593322754,20.15471277425704,0.8119615223521626,1745.0576171875,21.43617057800293,15.712705900807372,0.842003176896717,0.0386610589921474,0.0104210209101438,0.0286168456077575,0.0297001246362924,0.0207180511206388,0.734813928604126,0.734813928604126,0.0128824028198393,0.1671462375035535,14.0,,,0.0,4.390684155514436e-18,,,,,,,0.0,2.5377086647143882e-18,0.1671462375035535,0.0132074019741888,True,116,8,success,-1,True,False,False,-1,,orange_juice_1,False,-1,False,-1,False,0.0,1.0,116,62,0.1797002369961042,1.006383277633256,0.327197084450895,2.618858213035988,651000.475742115,0.265186071395874,0.0,1.3123491331355037e-18,0.0,1.053995263758344e-18,2.7755575615628917e-15,0.0,5.551115123125783e-15,0.0,,False,False
libero_object,9,13,2,1,142097,0,142097,6,96,pick up the orange juice and place it in the basket,-1,-1,none,-1,-1,-1,-1,4.0,0.0012768754968419,0.0054250811226665,0.0043344316072762,0.0021344211418181,0.0005795496399514,0.0007962166564539,0.006609980482608,0.8774416446685791,0.0004218236135784,0.0010925531387329,0.000528386735823,0.0009380826959386,0.6172764301300049,1.8027756214141848,13.60836124420166,1.499160885810852,6.3442888259887695,41.17341232299805,0.0058874562382698,0.0104982089251279,0.0216981563717126,0.0055169025436043,0.0097939651459455,0.0214070510119199,0.0057360175997018,0.0101892640814185,0.0178056694567203,0.0076392119517549,0.0078468117862939,0.0093442178331315,0.0095279328525066,0.0204536812379956,0.0210024155676364,0.0075100306421518,0.0076004988513886,0.0077361238654702,0.0078439731150865,0.0073981324676424,0.0074654426425695,0.0073981324676424,0.0074654426425695,first,1.0,0.0,0.8776243925094604,0.433232843875885,0.0,0.8776243925094604,1.0,0.8778187036514282,False,0.8774416446685791,0.0004218236135784,0.0010925531387329,0.020453680306673,0.0005407823482528,0.007398132700473,4.1352137486683205e-05,148097,148098,112,16,0,False,False,0.0,0.0,0.1797002369961042,0.0313175677698626,4.419355353979995e-09,4.419238516795154e-09,0.0,0.0,0.0,0.0,144.0,9.0,144.0,0.7542290811171571,0.7958786287596735,0.0444444444444444,0.1562049424263396,0.1356194314699902,0.1952561780329245,0.3844380512853917,1.9667233071703736,3.851891346093872,42.838754376076814,746.7029418945312,14.09580898284912,19.39932498482946,0.7792400931121434,1148.1781005859375,18.53024673461914,17.530711016365924,0.9037082550616956,0.0214255042374134,0.0061291228048503,0.0126417428255081,0.0101921670138835,0.0162342023104429,0.8776243925094604,0.8776243925094604,0.0115137848471501,0.1352235832413802,14.0,,,0.0,8.673617379884035e-19,,,,,,,0.0,4.596968872937096e-18,0.1352235832413802,0.0259694046187129,True,116,8,success,-1,True,False,False,-1,,orange_juice_1,False,-1,False,-1,False,0.0,1.0,116,62,0.1797002369961042,1.006383277633256,0.327197084450895,2.618858213035988,651000.475742115,0.1223756074905395,0.0,6.608870164764245e-19,0.0,1.1689840069836134e-18,2.7755575615628917e-15,0.0,5.551115123125783e-15,0.0,,False,False
libero_object,9,13,2,1,142097,0,142097,7,112,pick up the orange juice and place it in the basket,-1,-1,none,-1,-1,-1,-1,4.0,0.0054894722998142,0.3888275325298309,0.0064034140668809,0.0035632483195513,0.0008189599029719,0.0252796821296215,0.0397420711815357,0.999862790107727,0.0001381308829877,0.0003572702407836,0.0006628492847084,0.0015582996420562,0.591707706451416,1.8027756214141848,15.132745742797852,0.8481046557426453,2.598076105117798,14.491376876831056,0.0098688667640089,0.0137504562735557,0.4697744846343994,0.0054715233854949,0.0097997030243277,0.0188395623117685,0.0058615203015506,0.0104036312550306,0.0173039436340332,0.0078608954790979,0.0083207227289676,0.0314582942519336,0.0870433896780014,0.0205517327412962,0.0206250716000795,0.0075842709047719,0.007599314674735,0.0084694153629243,0.0086321774870157,0.007535365410149,0.0077123753726482,0.007535365410149,0.0077123753726482,first,1.0,0.0,0.9999573230743408,0.6843724250793457,0.0,0.9999573230743408,2.0,1.0,False,0.999862790107727,0.0001381308829877,0.0003572702407836,0.0205517318099737,8.253341366071254e-05,0.007535365410149,0.0001325082266703,149097,149099,116,4,0,False,True,1.0,1.0,0.0900663326557743,0.0319312625879109,0.0005818462294569,0.000580686558628,0.0,0.0,0.0,0.0,38.0,11.0,38.0,0.7124518134460784,0.7977957646274508,0.0,0.0398624949539194,0.0397991131405332,0.1993124747695973,0.3290716294291004,4.862723224539554,5.068327422627847,0.4770411458060566,617.6961669921875,13.028400421142578,20.223054544619096,0.8214463102418453,4056.66748046875,43.63462448120117,12.049109502343232,0.5917088960313652,0.3086107075214386,0.0476860515773296,0.2998731732368469,0.0179603528231382,0.0192741658538579,4.267692565917969e-05,0.9999573230743408,0.0037577186507723,0.039834305151801,14.0,,,0.0005719269546981,0.0042811534062309,,,,,,,0.0,4.069194990518233e-19,0.039834305151801,0.0079206755980813,True,116,8,success,-1,True,False,False,-1,,orange_juice_1,False,-1,False,-1,False,0.0,1.0,116,62,0.1797002369961042,1.006383277633256,0.327197084450895,2.618858213035988,651000.475742115,4.267692565917969e-05,0.0,1.574477329852637e-18,0.0,3.5015542675501324e-18,6.938893903907228e-16,0.0,1.3877787807814457e-15,0.0,,False,False
libero_object,9,14,2,2,142194,0,142194,0,0,pick up the orange juice and place it in the basket,-1,-1,none,-1,-1,-1,-1,4.0,0.0018977709114551,0.0128365233540534,0.0105434777215123,0.0037248234730213,0.0004553821345325,0.0007437790045514,0.0117522282525897,0.3159440457820892,0.0009126977529376,0.0023676753044128,0.0006833316292613,0.0015092428075149,0.7629747986793518,2.2776083946228027,25.945858001708984,2.374544620513916,10.266942977905272,70.81446075439453,0.0064261658117175,0.0121191376820206,0.024395540356636,0.0054963026195764,0.0097700618207454,0.0201636664569377,0.0057508288882672,0.0102264154702425,0.0231098178774118,0.0076826752629131,0.0077203470282256,0.0100523212458938,0.0101930722594261,0.0211747172288596,0.0221523623913526,0.0073223507497459,0.0073358225636184,0.0078177718678489,0.0079361414536833,0.0071336873807013,0.0072099566459655,0.0071336873807013,0.0072099566459655,first,1.0,0.0,0.316886305809021,1.032389998435974,0.0,0.316886305809021,0.0,0.316886305809021,True,0.3159440457820892,0.0009126977529376,0.0023676753044128,0.0211747176945209,0.0007644843426533,0.0071336878463625,7.999959052540362e-05,142194,142194,16,16,0,False,False,0.0,0.0,1.040111344274841e-09,0.1952744575336794,4.419355112070633e-09,4.419238516795154e-09,0.0,0.0,0.0,0.0,0.0,0.0,0.0,0.8009294045108388,1.018755747915611,0.1666666666666666,0.1436696415928515,0.1430467234057733,0.1795870519910643,0.3642197069598555,1.461392401596049,2.4039672860340704,26.472733139921733,523.0479736328125,12.04088306427002,20.94538836955692,0.8316385486029463,1317.8511962890625,18.06914329528809,16.932139857229078,0.8232648490951562,0.0233283415436744,0.0054847826249897,0.0152259767055511,0.0163914673030376,0.0165875144302845,0.316886305809021,0.316886305809021,7.900439175965162e-10,5.010161242854773e-09,14.0,,,5.463251379067557e-14,2.1585702753078885e-14,,,,,,,9.743941764561724e-15,1.621112820154382e-18,1.1791583183296594e-09,7.95663915449642e-13,True,117,8,success,-1,True,False,False,-1,,orange_juice_1,False,-1,False,-1,False,0.0,1.0,117,63,0.1844172212321291,1.0124228991488615,0.3397612764804315,2.6906320814818385,628192.4831804581,0.683113694190979,7.412473412848897e-15,1.6555846005924418e-17,4.2965631052993563e-13,1.503667563105679e-17,4.608793016927828e-09,7.93164346699211e-12,5.010161242854773e-09,2.532518967006409e-10,,False,False
libero_object,9,14,2,2,142194,0,142194,1,16,pick up the orange juice and place it in the basket,-1,-1,none,-1,-1,-1,-1,4.0,0.0026328538078814,0.0103934640064835,0.0066140564158558,0.0053544417023658,0.000473453226732,0.0009462915477342,0.0155002251267433,0.3552673757076263,0.0012676180340349,0.0033004283905029,0.0007466666866093,0.0014677715953439,1.2982615232467651,4.609772205352783,68.4703369140625,2.430910587310791,8.995004653930664,65.01345825195312,0.0067069730721414,0.0125046903267502,0.0233709663152694,0.0056579648517072,0.0100686196237802,0.0176823046058416,0.0059325913898646,0.0104146236553788,0.0192320775240659,0.0078940747771412,0.0080058323219418,0.0110801900736987,0.0115015553310513,0.0211980217136442,0.0214982517063617,0.0074528772383928,0.0075837979093194,0.0077254108618944,0.0078161302953958,0.0069379744818434,0.007094909902662,0.0069379744818434,0.007094909902662,first,1.0,0.0,0.353799819946289,-1.1577271223068235,0.0,0.353799819946289,1.0,0.357100248336792,False,0.3552673757076263,0.0012676180340349,0.0033004283905029,0.0211980231106281,0.0002780059003271,0.0069379741325974,0.0001308619102928,143194,143195,32,16,0,False,False,0.0,0.0,1.040111344274841e-09,0.1277031401059819,4.419355152371429e-09,4.419238516795154e-09,0.0,0.0,0.0,0.0,0.0,0.0,0.0,0.7333795383222717,0.9976816768122992,0.0909090909090909,0.1496039999433621,0.1331427191033916,0.1870049999292027,0.4092297969558354,2.287409782927305,3.7471545739153216,60.26211252453771,529.1856079101562,12.092374801635742,20.89472336558412,0.8362072967979703,653.6995849609375,13.652789115905762,19.977021516389232,0.9214130497312406,0.0336100459098815,0.0068380031734704,0.0260471701622009,0.0209865290671587,0.0262381769716739,0.353799819946289,0.353799819946289,1.0395427445316817e-15,6.2063353831181824e-15,14.0,,,0.0,6.857096618313871e-19,,,,,,,0.0,3.079992946061257e-18,6.2063353831181824e-15,0.0,True,117,8,success,-1,True,False,False,-1,,orange_juice_1,False,-1,False,-1,False,0.0,1.0,117,63,0.1844172212321291,1.0124228991488615,0.3397612764804315,2.6906320814818385,628192.4831804581,0.6462001800537109,0.0,2.1122812206894527e-18,0.0,1.471237180810459e-17,2.7755575615628917e-15,0.0,5.551115123125783e-15,0.0,,False,False
libero_object,9,14,2,2,142194,0,142194,2,32,pick up the orange juice and place it in the basket,-1,-1,none,-1,-1,-1,-1,4.0,0.0015549610834568,0.0078051770105957,0.0088311536237597,0.0030410864856094,0.0003630157734733,0.0006724210688844,0.008966420777142,0.4313840866088867,0.0002452822518534,0.000564306974411,0.00049968669191,0.0011273170821368,0.5795003175735474,1.6393595933914185,18.513507843017575,0.9738869071006776,3.464101552963257,35.51408004760742,0.0060281571932137,0.0109251402318477,0.0191568303853273,0.0054844226688146,0.0097686126828193,0.0171360317617654,0.00531542673707,0.0094765089452266,0.0174235794693231,0.0076378531521186,0.0077043459750711,0.0094535483513027,0.0097519652917981,0.0201026853173971,0.0208953730762004,0.007332059671171,0.0073887524195015,0.0076973360264673,0.0079643903300166,0.0068252639612182,0.0069434861652553,0.0068252639612182,0.0069434861652553,first,1.0,0.0,0.4312283396720886,-0.6349702477455139,0.0,0.4312283396720886,2.0,0.4316276907920837,False,0.4313840866088867,0.0002452822518534,0.000564306974411,0.0201026853173971,0.0005107951001264,0.0068252640776336,8.2761725934688e-05,144194,144196,48,16,0,False,False,0.0,0.0,0.0010373265266205,0.0293361034298844,4.419355192679197e-09,4.419238516795154e-09,0.0,0.0,0.0,0.0,6.0,2.0,6.0,0.7152684062495168,0.780854338523405,0.1111111111111111,0.116398417751107,0.1051982126443135,0.1454980221888838,0.4183704357670926,6.500911110857244,22.53062718692211,1348.3018703461871,547.2107543945312,12.528499603271484,20.749257368336558,0.8392427131015314,918.2066040039062,14.93078327178955,18.50139948856836,0.9097132048290708,0.0323971360921859,0.0073649934493005,0.0287717916071414,0.0115646375343203,0.0292603094130754,0.4312283396720886,0.4312283396720886,0.003525764046254,0.0431982818419026,14.0,,,0.0,1.264386142409949e-18,,,,,,,0.0,2.772749563208874e-18,0.0061624148056452,0.0431982818419026,True,117,8,success,-1,True,False,False,-1,,orange_juice_1,False,-1,False,-1,False,0.0,1.0,117,63,0.1844172212321291,1.0124228991488615,0.3397612764804315,2.6906320814818385,628192.4831804581,0.5687716603279114,0.0,4.123929921993762e-18,0.0,1.4765067085215092e-17,2.7755575615628917e-15,0.0,5.551115123125783e-15,0.0,,False,False
libero_object,9,14,2,2,142194,0,142194,3,48,pick up the orange juice and place it in the basket,-1,-1,none,-1,-1,-1,-1,4.0,0.0185802895575761,0.9991868138313292,0.0356080494821071,0.0192066840827465,0.0014923298731446,0.0679650008678436,0.1483630090951919,0.5378385186195374,0.002113505732268,0.005414068698883,0.0012593942228704,0.0038677596021443,1.9017465114593504,6.873863697052002,81.5689926147461,3.876451253890991,15.767691612243652,92.01766204833984,0.0230758246034383,0.053804337978363,1.0454539060592651,0.0056710084900259,0.0100826928392052,0.0182666610926389,0.0067514679394662,0.0116305816918611,0.0199182648211717,0.0088161551393568,0.0102505581453442,0.0359531519934535,0.0805984959006309,0.0225527989678084,0.0236754659563303,0.0074826866621151,0.0075264531187713,0.0078225801698863,0.0079528810456395,0.0069850779836997,0.0070962612517178,0.0069850779836997,0.0070962612517178,first,1.0,0.0,0.5343561172485352,-1.6476895809173584,0.0,0.5343561172485352,3.0,0.5397701859474182,False,0.5378385186195374,0.002113505732268,0.005414068698883,0.0225527975708246,0.0008078819373622,0.0069850776344537,6.528592348331586e-05,145194,145197,64,16,0,False,False,0.0,0.0,0.053441617550949,0.0293147746111964,4.419355232993938e-09,4.419238516795154e-09,0.0,0.0,0.0,0.0,103.0,9.0,103.0,0.4864594858812754,0.9121149473444782,0.0888888888888888,0.0676997490990856,0.0568662481044485,0.0846246863738571,0.3595536985352686,2.993450599421952,6.119607215587631,570.3976727098217,670.488525390625,13.3757905960083,19.866890110474447,0.7947289891785081,1015.4624633789062,15.20138454437256,18.06416486547772,0.9020437777515457,0.1745344847440719,0.0318138785660266,0.1265749335289001,0.0129361217841506,0.0211015027016401,0.5343561172485352,0.5343561172485352,0.0096033123920063,0.0801640186429917,14.0,,,0.0,5.0295763668221236e-18,,,,,,,0.0,1.8079555361900877e-18,0.0542823548450886,0.0801640186429917,True,117,8,success,-1,True,False,False,-1,,orange_juice_1,False,-1,False,-1,False,0.0,1.0,117,63,0.1844172212321291,1.0124228991488615,0.3397612764804315,2.6906320814818385,628192.4831804581,0.4656438827514648,0.0,6.264643121468806e-19,0.0,1.092888469488533e-17,2.7755575615628917e-15,0.0,5.551115123125783e-15,0.0,,False,False
libero_object,9,14,2,2,142194,0,142194,4,64,pick up the orange juice and place it in the basket,-1,-1,none,-1,-1,-1,-1,4.0,0.0011589707573875,0.0039066695608198,0.0046278266236186,0.0019543103408068,0.0004070511495228,0.0010287105105817,0.0059919282793998,0.6230393648147583,0.000407997315051,0.0011414289474487,0.0007046751561574,0.0012052616802975,0.580287516117096,1.658312439918518,19.98749542236328,1.0892844200134275,4.092676162719727,33.5885009765625,0.0059493617154657,0.010639714077115,0.019545467570424,0.0056284246966242,0.0100488932803273,0.0212326478213071,0.0056211180053651,0.0100825866684317,0.0186503417789936,0.0078026425326243,0.0080751525238156,0.009857399854809,0.0101772146299481,0.0219693933613598,0.0232782997190952,0.0074794993270188,0.0075939646922051,0.0077629009028896,0.0079696383327245,0.0071319951675832,0.0074686342850327,0.0071319951675832,0.0074686342850327,first,1.0,0.0,0.6236153244972229,1.411675214767456,0.0,0.6236153244972229,0.0,0.6236153244972229,True,0.6230393648147583,0.000407997315051,0.0011414289474487,0.0219693928956985,0.0008548215264454,0.0071319951675832,0.0002224733325419,146194,146194,80,16,0,False,False,0.0,0.0,0.1666543918780587,0.0299746029270405,4.419355273315651e-09,4.419238516795154e-09,0.0,0.0,0.0,0.0,144.0,9.0,144.0,0.8211192263477118,0.9448207545208176,0.0444444444444444,0.1656368400557865,0.1524678472903942,0.2070460500697332,0.3358720492192978,1.7656413122504495,3.5678624369912373,31.01062215922432,525.1685180664062,12.047307014465332,20.92781677037364,0.8419237747122404,1754.0994873046875,20.90686798095703,15.69026139248298,0.8364955620191643,0.0266788080334663,0.0070790713652968,0.0159898996353149,0.0173908732831478,0.0154634024947881,0.6236153244972229,0.6236153244972229,0.0168837588564001,0.1517896913821285,14.0,,,0.0,8.673617379884035e-19,,,,,,,0.0,4.657049297303279e-18,0.1517896913821285,0.0845829326074656,True,117,8,success,-1,True,False,False,-1,,orange_juice_1,False,-1,False,-1,False,0.0,1.0,117,63,0.1844172212321291,1.0124228991488615,0.3397612764804315,2.6906320814818385,628192.4831804581,0.3763846755027771,0.0,2.1613119036534684e-18,0.0,1.882198015674415e-18,2.7755575615628917e-15,0.0,5.551115123125783e-15,0.0,,False,False
libero_object,9,14,2,2,142194,0,142194,5,80,pick up the orange juice and place it in the basket,-1,-1,none,-1,-1,-1,-1,4.0,0.0009750857134349,0.0038667558692395,0.0052743856795132,0.0015489490469917,0.0004738535790238,0.0007571924943476,0.0051407567225396,0.7301908731460571,0.0003008675703313,0.0007797479629516,0.0004942672676406,0.0007437468739226,0.5535402894020081,1.4790199995040894,12.980754852294922,0.7123161554336548,2.061552762985229,17.102630615234375,0.0058215023018419,0.0103843342512846,0.0187866501510143,0.0055362000130116,0.0098661920055747,0.0171099994331598,0.0054878890514373,0.0097418157383799,0.0184294823557138,0.0074299111729487,0.0075515350326895,0.0093998727388679,0.0098631549626588,0.019886998925358,0.020184826105833,0.0073753740871325,0.0074269631877541,0.0076648344984278,0.0079142162576317,0.0070354503113776,0.007120796944946,0.0070354503113776,0.007120796944946,first,1.0,0.0,0.729859471321106,-1.101487398147583,0.0,0.729859471321106,2.0,0.7306392192840576,False,0.7301908731460571,0.0003008675703313,0.0007797479629516,0.0198870003223419,0.0002107221225742,0.007035450078547,8.568714838474989e-05,147194,147196,96,16,0,False,False,0.0,0.0,0.1839197760762995,0.0304681832720365,4.419355313644337e-09,4.419238516795154e-09,0.0,0.0,0.0,0.0,144.0,9.0,144.0,0.8167744506728734,0.8296672656808727,0.2045454545454545,0.1708021354575641,0.1705438998093307,0.2135026693219551,0.0742056940043379,0.6945263714525927,2.0449402871264994,5.261523340962071,621.1249389648438,13.313197135925291,20.19901393790486,0.8150870810831331,1709.79541015625,21.20790100097656,15.801362139587392,0.845425341208614,0.0242916364222764,0.0062673017382621,0.0143006742000579,0.0154159916564822,0.0088132852688431,0.729859471321106,0.729859471321106,0.0131554917820077,0.1706490549310737,14.0,,,0.0,3.0357660829594124e-18,,,,,,,0.0,2.7624711029772497e-18,0.1706490549310737,0.0135278300170259,True,117,8,success,-1,True,False,False,-1,,orange_juice_1,False,-1,False,-1,False,0.0,1.0,117,63,0.1844172212321291,1.0124228991488615,0.3397612764804315,2.6906320814818385,628192.4831804581,0.270140528678894,0.0,6.665307374600243e-19,0.0,2.917381121612673e-18,2.7755575615628917e-15,0.0,5.551115123125783e-15,0.0,,False,False
libero_object,9,14,2,2,142194,0,142194,6,96,pick up the orange juice and place it in the basket,-1,-1,none,-1,-1,-1,-1,4.0,0.0011382258962839,0.004853066522628,0.0051559079438447,0.0019257428357377,0.0005603947211056,0.0005091684288345,0.0060366098769009,0.8638482093811035,0.0001413943682564,0.0003398656845092,0.0005700277979485,0.0014244894264265,0.5714803338050842,1.6393595933914185,13.729530334472656,0.84161376953125,2.772634029388428,17.879806518554688,0.0057195802219212,0.0102849248796701,0.0198379699140787,0.0054565849713981,0.0096715167164802,0.017972145229578,0.0056116846390068,0.0099479397758841,0.0170075427740812,0.0075053280452266,0.007605040911585,0.0093912789598107,0.0099357096478343,0.0198703198693692,0.0210397858172655,0.0073678648332133,0.0074342233128845,0.0078005498507991,0.0081007592380046,0.0072916585486382,0.0073957918211817,0.0072916585486382,0.0073957918211817,first,1.0,0.0,0.8637382388114929,-0.7777577638626099,0.0,0.8637382388114929,1.0,0.864022970199585,False,0.8638482093811035,0.0001413943682564,0.0003398656845092,0.0198703203350305,0.0007465748349204,0.0072916583158075,7.548151916125789e-05,148194,148195,112,16,0,False,False,0.0,0.0,0.1844172212321291,0.0307112208637286,4.419355353979995e-09,4.419238516795154e-09,0.0,0.0,0.0,0.0,144.0,9.0,144.0,0.721733556258428,0.821382293036747,0.0333333333333333,0.1485115222598131,0.1233890415103222,0.1856394028247664,0.3930128121506217,2.2430576064266616,4.3494607603240345,64.9448546118756,788.7546997070312,14.357129096984863,19.16138400912709,0.773143074752855,1431.0621337890625,20.23434257507324,16.57421870521189,0.8716835110627176,0.0127840582281351,0.0039886785671114,0.0063375011086463,0.0075783398933708,0.0080100074410438,0.8637382388114929,0.8637382388114929,0.0104123953805084,0.1238219548818241,14.0,,,0.0,1.3714193236627741e-18,,,,,,,0.0,3.050896443828087e-18,0.1238219548818241,0.021951580445286,True,117,8,success,-1,True,False,False,-1,,orange_juice_1,False,-1,False,-1,False,0.0,1.0,117,63,0.1844172212321291,1.0124228991488615,0.3397612764804315,2.6906320814818385,628192.4831804581,0.136261761188507,0.0,1.5323766379656183e-18,0.0,2.1312991519470458e-18,2.7755575615628917e-15,0.0,5.551115123125783e-15,0.0,,False,False
libero_object,9,14,2,2,142194,0,142194,7,112,pick up the orange juice and place it in the basket,-1,-1,none,-1,-1,-1,-1,4.0,0.0015546592185273,0.0051291729323565,0.0055070053786039,0.0025317019317299,0.0007935700123198,0.0009067975915968,0.00808956194669,1.0,0.0,0.0,0.0006365813314914,0.0013996192719787,0.5851655602455139,1.658312439918518,14.370107650756836,1.0751081705093384,3.8078866004943848,22.63155937194824,0.0059776194393634,0.0106196561828255,0.0220491513609886,0.0054645454511046,0.0098014185205101,0.0168123487383127,0.0059115760959684,0.0105461431667208,0.0182235520333051,0.0077764084562659,0.0078328261151909,0.0105061891954392,0.0112726250663399,0.0199493886902928,0.0210341345518827,0.0076686558313667,0.0078278928995132,0.0081851126160472,0.0084682339802384,0.0076236148597672,0.007712370250374,0.0076236148597672,0.007712370250374,first,1.0,0.0,1.0,0.0,0.0,1.0,0.0,1.0,True,1.0,0.0,0.0,0.0199493896216154,0.0011086704907938,0.0076236147433519,7.377627480309457e-05,149194,149194,117,5,0,False,True,1.0,1.0,0.0990572512772188,0.031286346544641,4.4193553665863184e-09,4.419238516795154e-09,0.0,0.0,0.0,0.0,45.0,9.0,45.0,0.7676611213320422,0.8397591169593203,0.0416666666666666,0.0501005929892913,0.0500645724688691,0.2004023719571652,0.2031241812305437,2.9082873209228466,3.622557690766064,0.5087861423258168,580.2520141601562,12.956751823425291,20.494637042222934,0.8353882723358325,2231.869873046875,28.24801445007324,14.64411490972054,0.8083683481029457,0.2252024859189987,0.0444308593869209,0.197743222117424,0.0340597368776798,0.0301351007074117,0.0,1.0,0.0046784003938066,0.0503310895505743,14.0,,,0.0,6.133173666733498e-19,,,,,,,0.0,1.0283320050740873e-18,0.0503310895505743,0.0151665159627155,True,117,8,success,-1,True,False,False,-1,,orange_juice_1,False,-1,False,-1,False,0.0,1.0,117,63,0.1844172212321291,1.0124228991488615,0.3397612764804315,2.6906320814818385,628192.4831804581,0.0,0.0,1.3187632448930644e-18,0.0,1.5258725255900069e-18,8.673617379884035e-16,0.0,1.7347234759768069e-15,0.0,,False,False
libero_object,9,15,2,3,142291,0,142291,0,0,pick up the orange juice and place it in the basket,-1,-1,none,-1,-1,-1,-1,4.0,0.0015974107664078,0.0083419922739267,0.0099922781810164,0.0030310677830129,0.0004337869759183,0.0007873112335801,0.0093584293499588,0.3146793246269226,0.0003197163459844,0.0008683502674102,0.0005587236373685,0.000848215073347,0.7176447510719299,2.1650636196136475,19.319679260253903,1.7393251657485962,5.852349758148193,57.76893615722656,0.0061299526132643,0.011176785454154,0.0191502179950475,0.0055486615747213,0.0098630869761109,0.0257237590849399,0.0055449679493904,0.0098923929035663,0.0176097732037305,0.0076699479250237,0.0077610076405107,0.0100024531129747,0.0109231304377317,0.021001745481044,0.021203251555562,0.0073693390004336,0.0074307769536972,0.0077349579660221,0.0078498255461454,0.0071038450114429,0.007249410264194,0.0071038450114429,0.007249410264194,first,1.0,0.0,0.3146761059761047,-0.0100672077387571,0.0,0.3146761059761047,2.0,0.3151874244213104,False,0.3146793246269226,0.0003197163459844,0.0008683502674102,0.0210017450153827,0.0003022983437404,0.0071038454771041,0.0001160625906777,142291,142293,16,16,0,False,False,0.0,0.0,1.040111344274841e-09,0.1956286124236102,4.419355112070633e-09,4.419238516795154e-09,0.0,0.0,0.0,0.0,0.0,0.0,0.0,0.7993784733169582,1.0218778543704292,0.2,0.1433384203269655,0.1426306813948427,0.1791730254087069,0.3666729533477723,1.5063879035416596,2.451032424420484,28.77504654661784,520.1527099609375,11.994107246398926,20.969494953928887,0.8329367800413124,1250.073974609375,17.63677215576172,17.161446472086027,0.8326325046295098,0.0232343710958957,0.0061095147393643,0.0148991644382476,0.0176838282495737,0.0150019638240337,0.3146761059761047,0.3146761059761047,7.90043917861855e-10,5.010161242854773e-09,14.0,,,5.463251379067557e-14,2.1587526604843413e-14,,,,,,,9.743941764561724e-15,4.867302373521269e-18,1.1791583183296594e-09,7.95663915449642e-13,True,116,8,success,-1,True,False,False,-1,,orange_juice_1,False,-1,False,-1,False,0.0,1.0,116,62,0.1834054942306507,1.0097915753486424,0.3401009896486541,2.5736089615351943,635439.0463213897,0.6853238940238953,7.412473412848897e-15,1.6158537505701648e-17,4.2965631052993563e-13,1.4078686369409384e-17,4.608793016927828e-09,7.93164346699211e-12,5.010161242854773e-09,2.532518967006409e-10,,False,False
libero_object,9,15,2,3,142291,0,142291,1,16,pick up the orange juice and place it in the basket,-1,-1,none,-1,-1,-1,-1,4.0,0.0021149835083633,0.0113255735486745,0.004325087647885,0.0041513293981552,0.0005132130463607,0.0008112580399028,0.0120354397222399,0.358273446559906,0.0009737054351717,0.0026725530624389,0.000689034583047,0.0009710259037092,0.8755490183830261,2.9474565982818604,42.76973342895508,1.5198568105697632,5.117372512817383,45.86597442626953,0.0064532575197517,0.0117899840697646,0.0214273501187562,0.0055478289723396,0.0098654991015791,0.0188048165291547,0.0056892181746661,0.010089031420648,0.0175734814256429,0.0079331097658723,0.0079895304515957,0.0107664843089878,0.011598078534007,0.0211838660761713,0.0215837620198726,0.007374131353572,0.0074081323109567,0.0075546741718426,0.0076442919671535,0.0068817081628367,0.0071272356435656,0.0068817081628367,0.0071272356435656,first,1.0,0.0,0.3585019111633301,0.2346342056989669,0.0,0.3585019111633301,2.0,0.3593746423721313,False,0.358273446559906,0.0009737054351717,0.0026725530624389,0.0211838670074939,0.0003986816736869,0.006881708279252,0.0001717034174362,143291,143293,32,16,0,False,False,0.0,0.0,1.040111344274841e-09,0.12527205357375,4.419355152371429e-09,4.419238516795154e-09,0.0,0.0,0.0,0.0,0.0,0.0,0.0,0.7444435057032728,1.0089405337945136,0.0666666666666666,0.1518288116678984,0.135000946874209,0.1897860145848731,0.4164885112322939,2.307183406694483,3.984936127365677,60.82231094251035,535.01953125,12.055079460144045,20.847107243433708,0.8355531761998264,759.4033203125,14.135469436645508,19.326078692094512,0.9099637947607732,0.034464880824089,0.0071868267841637,0.0277568399906158,0.0200178362429142,0.0280084162950515,0.3585019111633301,0.3585019111633301,1.0395054676016836e-15,6.2063353831181824e-15,14.0,,,0.0,3.0665868333667487e-18,,,,,,,0.0,1.883274079502211e-18,6.2063353831181824e-15,0.0,True,116,8,success,-1,True,False,False,-1,,orange_juice_1,False,-1,False,-1,False,0.0,1.0,116,62,0.1834054942306507,1.0097915753486424,0.3401009896486541,2.5736089615351943,635439.0463213897,0.6414980888366699,0.0,1.4775322527810791e-18,0.0,1.3641085451063859e-17,2.7755575615628917e-15,0.0,5.551115123125783e-15,0.0,,False,False
libero_object,9,15,2,3,142291,0,142291,2,32,pick up the orange juice and place it in the basket,-1,-1,none,-1,-1,-1,-1,4.0,0.0013361884048208,0.0052953092381358,0.0052671241573989,0.0024654113221913,0.0004608921299222,0.0005744083900935,0.0072717457078397,0.4353280663490295,0.0002952497161459,0.0008270144462585,0.0004613564524333,0.0009438112610951,0.5719031691551208,1.6393595933914185,12.754900932312012,0.8797736167907715,3.031088829040528,27.143138885498047,0.0058201453648507,0.0104557387530803,0.0185532122850418,0.0055298805236816,0.0097433626651763,0.0166294053196907,0.0052382070571184,0.0093770669773221,0.018697690218687,0.0075099297100678,0.007586873602122,0.0091069319751113,0.0092150662094354,0.0199722005054354,0.0205982755869627,0.0073687772965058,0.0074278754182159,0.0076186755904927,0.0078079411759972,0.0067123838234692,0.0068078767508268,0.0067123838234692,0.0068078767508268,first,1.0,0.0,0.4353096783161163,-0.0622795969247818,0.0,0.4353096783161163,2.0,0.4357154071331024,False,0.4353280663490295,0.0002952497161459,0.0008270144462585,0.019972201436758,0.0003811084316112,0.0067123835906386,7.07372892065905e-05,144291,144293,48,16,0,False,False,0.0,0.0,0.0005565728523694,0.0292287424536035,4.419355192679197e-09,4.419238516795154e-09,0.0,0.0,0.0,0.0,7.0,2.0,7.0,0.7127977228326273,0.77829058718902,0.1111111111111111,0.1147828180063048,0.1032700477760888,0.143478522507881,0.4306689431756292,5.247979299636869,23.044327393976303,1396.327687462394,553.6071166992188,12.595989227294922,20.698786964652097,0.8368932521676438,995.3579711914062,15.582642555236816,18.15101062077959,0.9017718462548344,0.0301556941121816,0.0067673060111701,0.0269437059760093,0.0104612503200769,0.0272670276463031,0.4353096783161163,0.4353096783161163,0.0039484567601999,0.0483612163615237,14.0,,,0.0,3.2598265186100746e-18,,,,,,,0.0,9.34375492035075e-19,0.0069171782812668,0.0483612163615237,True,116,8,success,-1,True,False,False,-1,,orange_juice_1,False,-1,False,-1,False,0.0,1.0,116,62,0.1834054942306507,1.0097915753486424,0.3401009896486541,2.5736089615351943,635439.0463213897,0.5646903216838837,0.0,1.973942601352935e-18,0.0,1.6144033472436748e-17,2.7755575615628917e-15,0.0,5.551115123125783e-15,0.0,,False,False
libero_object,9,15,2,3,142291,0,142291,3,48,pick up the orange juice and place it in the basket,-1,-1,none,-1,-1,-1,-1,4.0,0.0032455420587211,0.0198969151824712,0.0144317653030157,0.006068283226341,0.0006919770967215,0.0024380148388445,0.0187840163707733,0.5380678772926331,0.0002919663675129,0.0007218718528747,0.0009355113725177,0.0023552894126623,1.081624150276184,3.570714235305786,42.35858917236328,2.277616262435913,7.949056625366211,86.54623413085938,0.0073159639723598,0.0154860354959964,0.0390975885093212,0.0054901423864066,0.0098144588991999,0.0173258334398269,0.0053944466635584,0.0095386719331145,0.0168292876332998,0.0079574091359972,0.0080736419185996,0.0135269341990351,0.015727324411273,0.0231062760576605,0.0244123265147209,0.0073864462319761,0.0074703288264572,0.007678038207814,0.0077391932718455,0.0068589076399803,0.007149645127356,0.0068589076399803,0.007149645127356,first,1.0,0.0,0.5380529165267944,-0.0512414015829563,0.0,0.5380529165267944,3.0,0.5385493636131287,False,0.5380678772926331,0.0002919663675129,0.0007218718528747,0.023106275126338,0.0007787038921378,0.0068589081056416,0.0002051252376986,145291,145294,64,16,0,False,False,0.0,0.0,0.0645465919748745,0.0291615154086423,4.419355232993938e-09,4.419238516795154e-09,0.0,0.0,0.0,0.0,112.0,11.0,112.0,0.5065017962188667,0.946271045756138,0.0888888888888888,0.077500542391512,0.066782828073453,0.09687567798939,0.367865989698035,3.0330557531032305,5.553575514567646,420.5026721454889,606.9053344726562,12.890332221984863,20.29959406073345,0.8134285193160222,833.4686279296875,13.8361234664917,18.92191103402673,0.9191478357483184,0.1116766780614852,0.0207712370902299,0.0837497860193252,0.0067527373321354,0.0198518950492143,0.5380529165267944,0.5380529165267944,0.0101561570695259,0.0772394812957239,14.0,,,0.0,3.576224061345498e-18,,,,,,,0.0,2.9655683194483003e-18,0.0649467176776308,0.0772394812957239,True,116,8,success,-1,True,False,False,-1,,orange_juice_1,False,-1,False,-1,False,0.0,1.0,116,62,0.1834054942306507,1.0097915753486424,0.3401009896486541,2.5736089615351943,635439.0463213897,0.4619470834732055,0.0,3.021508676170952e-19,0.0,1.4073265252239246e-17,2.7755575615628917e-15,0.0,5.551115123125783e-15,0.0,,False,False
libero_object,9,15,2,3,142291,0,142291,4,64,pick up the orange juice and place it in the basket,-1,-1,none,-1,-1,-1,-1,4.0,0.0013841164764016,0.0054382039234042,0.0062141767702996,0.0021642935462296,0.000774584186729,0.0008721816120669,0.0073611908592283,0.6316275596618652,0.000285041576717,0.0007746815681457,0.0007781240856274,0.0024759608786553,0.6302229166030884,1.8708287477493288,18.29617500305176,1.1575597524642944,4.2646803855896,41.11872863769531,0.0060855229385197,0.0111209480091929,0.0229853149503469,0.0056108036078512,0.0100235138088464,0.0184197537600994,0.0053746406920254,0.0096518592908978,0.0179136972874403,0.0076846084557473,0.0078469701111316,0.0095417937263846,0.0099211111664772,0.0209011696279048,0.0223134700208902,0.0074719068361446,0.0077697718515992,0.0078893997706472,0.0082723451778292,0.0068447809899225,0.006930022034794,0.0068447809899225,0.006930022034794,first,1.0,0.0,0.6313134431838989,-1.1020022630691528,0.0,0.6313134431838989,2.0,0.6320881247520447,False,0.6316275596618652,0.000285041576717,0.0007746815681457,0.0209011696279048,0.0009049973450601,0.0068447813391685,6.760278483852744e-05,146291,146293,80,16,0,False,False,0.0,0.0,0.1715633908487897,0.0291865768608629,4.419355273315651e-09,4.419238516795154e-09,0.0,0.0,0.0,0.0,144.0,9.0,144.0,0.8076807215014151,0.9622273304019828,0.0666666666666666,0.1646230308392653,0.1523005568088593,0.2057787885490816,0.3332561909776899,1.8288875406084,5.40646983832181,37.78030023922545,487.02099609375,11.663352012634276,21.25532676262928,0.8526889549465926,1919.7164306640625,21.799863815307617,15.29843278879506,0.8224470753030813,0.0411331728100776,0.009789865463972,0.0271165519952774,0.0271574668586254,0.0274384263902902,0.6313134431838989,0.6313134431838989,0.0160793375083327,0.1515177270656845,14.0,,,0.0,1.5636586103463756e-18,,,,,,,0.0,2.858488500990916e-18,0.1515177270656845,0.073592998050966,True,116,8,success,-1,True,False,False,-1,,orange_juice_1,False,-1,False,-1,False,0.0,1.0,116,62,0.1834054942306507,1.0097915753486424,0.3401009896486541,2.5736089615351943,635439.0463213897,0.3686865568161011,0.0,4.6355195523595065e-18,0.0,2.928088110340433e-18,2.7755575615628917e-15,0.0,5.551115123125783e-15,0.0,,False,False
libero_object,9,15,2,3,142291,0,142291,5,80,pick up the orange juice and place it in the basket,-1,-1,none,-1,-1,-1,-1,4.0,0.0010321245063096,0.00505231320858,0.0053038266487419,0.0016656633233651,0.0004301617445889,0.0009373961365781,0.0056234006769955,0.7374078631401062,9.591015987098216e-05,0.000248372554779,0.0006439622957259,0.0010289930505678,0.5483381748199463,1.5,17.5712833404541,0.7339542508125305,2.1794495582580566,13.057564735412598,0.005793104879558,0.0104104802012443,0.0212162006646394,0.0055915117263793,0.0100059388205409,0.0165514815598726,0.0055210450664162,0.0098471650853753,0.0173508692532777,0.0074056496378034,0.0075446576811373,0.0091090770438313,0.009774518199265,0.0197884901426732,0.0206871684640645,0.0073835619259625,0.0076070385985076,0.0077126933028921,0.0079603604972362,0.0071197636425495,0.0073084188625216,0.0071197636425495,0.0073084188625216,first,1.0,0.0,0.7374738454818726,0.6879598498344421,0.0,0.7374738454818726,1.0,0.737514853477478,False,0.7374078631401062,9.591015987098216e-05,0.000248372554779,0.0197884906083345,0.0005243562627583,0.0071197636425495,0.0001716780097922,147291,147292,96,16,0,False,False,0.0,0.0,0.1832025675688707,0.0298160724377253,4.419355313644337e-09,4.419238516795154e-09,0.0,0.0,0.0,0.0,144.0,9.0,144.0,0.8198805000152878,0.8356885234070833,0.1111111111111111,0.1710975225987587,0.1707952383982508,0.2138719032484484,0.0725972279272729,0.7451450375000298,2.787909225962634,7.2204289494198735,642.0839233398438,13.511492729187012,20.05488564790695,0.8068615669834963,1640.7626953125,20.77745056152344,15.980345875959143,0.8511370302614613,0.0200254451483488,0.0056301997974514,0.0111132264137268,0.0106552662327885,0.0102244550362229,0.7374738454818726,0.7374738454818726,0.0127981895557574,0.1709597194940032,14.0,,,0.0,2.146610783356724e-18,,,,,,,0.0,2.7618682809268442e-18,0.1709597194940032,0.0082149342865933,True,116,8,success,-1,True,False,False,-1,,orange_juice_1,False,-1,False,-1,False,0.0,1.0,116,62,0.1834054942306507,1.0097915753486424,0.3401009896486541,2.5736089615351943,635439.0463213897,0.2625261545181274,0.0,2.0825363597775002e-18,0.0,3.3922658425512478e-18,2.7755575615628917e-15,0.0,5.551115123125783e-15,0.0,,False,False
libero_object,9,15,2,3,142291,0,142291,6,96,pick up the orange juice and place it in the basket,-1,-1,none,-1,-1,-1,-1,4.0,0.0009981767507269,0.0030344435945153,0.0018788647139444,0.0015180761693045,0.0005685852956958,0.0007272535003721,0.0048554711975157,0.8692939281463623,0.000258152897004,0.0006369352340698,0.000457292277133,0.0007451256969943,0.582602322101593,1.658312439918518,17.078861236572266,0.8788312077522278,2.915475845336914,16.813312530517578,0.005714186001569,0.0100335124880075,0.0177908279001712,0.0054344362579286,0.0097451405599713,0.0184812936931848,0.0057182684540748,0.0101933805271983,0.019008407369256,0.0075716065475717,0.0075942031107842,0.0094177238643169,0.0097962757572531,0.0204088557511568,0.0206884928047657,0.0073229003464803,0.0074096154421567,0.0076070617651566,0.0076727019622921,0.0073523722821846,0.0074319201521575,0.0073523722821846,0.0074319201521575,first,1.0,0.0,0.8689866065979004,-1.190463304519653,0.0,0.8689866065979004,2.0,0.8696235418319702,False,0.8692939281463623,0.000258152897004,0.0006369352340698,0.0204088557511568,0.0001997625804506,0.0073523721657693,6.766614387743175e-05,148291,148293,112,16,0,False,False,0.0,0.0,0.1834054942306507,0.0301394219961936,4.419355353979995e-09,4.419238516795154e-09,0.0,0.0,0.0,0.0,144.0,9.0,144.0,0.716107483378724,0.8208865479980144,0.0444444444444444,0.1476758671691708,0.1222134791653104,0.1845948339614635,0.3981088107793816,2.1990321869897023,4.200530726847277,64.80657963067944,805.13134765625,14.55094051361084,19.072136247123694,0.7675813128715117,1405.1123046875,20.08987045288086,16.65369323917275,0.8747735207240633,0.0128775341436266,0.0036619859747588,0.0074201226234436,0.0073371306061744,0.0069264299236238,0.8689866065979004,0.8689866065979004,0.0101719633619669,0.1228636005878014,14.0,,,0.0,2.6379777400251014e-18,,,,,,,0.0,2.616421850778369e-18,0.1228636005878014,0.0195438864797271,True,116,8,success,-1,True,False,False,-1,,orange_juice_1,False,-1,False,-1,False,0.0,1.0,116,62,0.1834054942306507,1.0097915753486424,0.3401009896486541,2.5736089615351943,635439.0463213897,0.1310133934020996,0.0,2.149467822577421e-18,0.0,4.251872819374512e-19,2.7755575615628917e-15,0.0,5.551115123125783e-15,0.0,,False,False
libero_object,9,15,2,3,142291,0,142291,7,112,pick up the orange juice and place it in the basket,-1,-1,none,-1,-1,-1,-1,4.0,0.0013796490384265,0.007413962855935,0.0056365942582488,0.0021983392070978,0.0006965438951738,0.000972893089056,0.0072251167148351,0.9998806715011596,0.0001325911434832,0.000329852104187,0.0006693762843497,0.0024482225999236,0.5954272150993347,1.658312439918518,18.466184616088867,0.8378392457962036,2.861380815505981,19.954635620117188,0.0058569316752254,0.0104568907991051,0.0201634932309389,0.005557962693274,0.0099108517169952,0.0170258283615112,0.0060898424126207,0.010831257328391,0.0201452746987342,0.0077496542362496,0.0078298021107912,0.0116683084052056,0.0132107129320502,0.0201980555430054,0.0204066298902034,0.0075859421631321,0.0077829635702073,0.0081002564402297,0.0082171047106385,0.0078515285858884,0.0081164054572582,0.0078515285858884,0.0081164054572582,first,1.0,0.0,0.9998648166656494,-0.1195768788456916,0.0,0.9998648166656494,2.0,1.0,False,0.9998806715011596,0.0001325911434832,0.000329852104187,0.0201980546116828,0.0001494844036642,0.0078515280038118,0.0002238295128336,149291,149293,116,4,0,False,True,1.0,1.0,0.092147985022587,0.0307574828702401,4.419355364064998e-09,4.419238516795154e-09,0.0,0.0,0.0,0.0,36.0,9.0,36.0,0.7394208688074362,0.805670198973524,0.0,0.0389445623487665,0.0389331759544438,0.1947228117438327,0.1782703769858401,3.231357966970074,3.8203022021311352,0.2276242780287068,627.0913696289062,13.331128120422363,20.157495370473278,0.8214294758985963,2385.0400390625,29.340394973754883,14.355846866750287,0.7950775308587787,0.1974690854549408,0.0417278930544853,0.1750736534595489,0.0404532141983509,0.0389865823090076,0.0001351833343505,0.9998648166656494,0.0036613642233654,0.0391381812509753,14.0,,,0.0,1.264386142409949e-18,,,,,,,0.0,1.9639417009781407e-18,0.0391381812509753,0.0121209178761387,True,116,8,success,-1,True,False,False,-1,,orange_juice_1,False,-1,False,-1,False,0.0,1.0,116,62,0.1834054942306507,1.0097915753486424,0.3401009896486541,2.5736089615351943,635439.0463213897,0.0001351833343505,0.0,1.2765781175753776e-18,0.0,7.178605313305161e-19,6.938893903907228e-16,0.0,1.3877787807814457e-15,0.0,,False,False
libero_object,9,16,2,4,142388,0,142388,0,0,pick up the orange juice and place it in the basket,-1,-1,none,-1,-1,-1,-1,4.0,0.0017236092826351,0.0093269664794206,0.0118078365921974,0.0032628867775201,0.0005215595592744,0.0007119256770238,0.0102767394855618,0.3145695328712463,0.0005814096657559,0.0014911592006683,0.0006419289275072,0.0018680256325751,0.7931146025657654,2.384848117828369,30.878795623779297,1.98048996925354,8.015609741210938,56.89683532714844,0.0062485043890774,0.0116591118276119,0.023793576285243,0.0055252388119697,0.0097730802372097,0.017936473712325,0.0056196306832134,0.0100070377811789,0.0197584070265293,0.007621330092661,0.0076928799971938,0.0098470388911664,0.009989901445806,0.0211405935697257,0.0213667917996644,0.0073258432094007,0.0074425349012017,0.0076041172724217,0.007669192738831,0.0071319907438009,0.0072809262201189,0.0071319907438009,0.0072809262201189,first,1.0,0.0,0.314556360244751,-0.0226563587784767,0.0,0.314556360244751,3.0,0.3155195713043213,False,0.3145695328712463,0.0005814096657559,0.0014911592006683,0.021140594035387,0.0002377541532041,0.0071319909766316,8.72097589308396e-05,142388,142391,16,16,0,False,False,0.0,0.0,1.040111344274841e-09,0.1949587945130815,4.419355112070633e-09,4.419238516795154e-09,0.0,0.0,0.0,0.0,0.0,0.0,0.0,0.8037006325525348,1.0230662041950414,0.1555555555555555,0.1443559308954134,0.143608248605243,0.1804449136192668,0.367646749643859,1.485622176610597,2.303973741733887,27.318272726383128,525.2113647460938,12.044928550720217,20.927462459007412,0.8310574601665671,1252.9195556640625,17.636924743652344,17.15157173076261,0.8322754877706966,0.021516541019082,0.0054349200800061,0.0133566409349441,0.0147740887477993,0.0156274307519197,0.314556360244751,0.314556360244751,7.900439224717332e-10,5.010161242854773e-09,14.0,,,5.463251379067557e-14,2.1584176034047224e-14,,,,,,,9.743941764561724e-15,2.0224092305171893e-18,1.1791583183296594e-09,7.95663915449642e-13,True,115,8,success,-1,True,False,False,-1,,orange_juice_1,False,-1,False,-1,False,0.0,1.0,115,62,0.1807464220562007,1.0038062284968945,0.3259819798905259,2.9357534379556727,689761.6824593632,0.685443639755249,7.412473412848897e-15,1.6836225455176586e-17,4.2965631052993563e-13,1.455236490522997e-17,4.60879301692917e-09,7.931713048040022e-12,5.010161242854773e-09,2.532518967006409e-10,,False,False
libero_object,9,16,2,4,142388,0,142388,1,16,pick up the orange juice and place it in the basket,-1,-1,none,-1,-1,-1,-1,4.0,0.0022912595886737,0.0125996833667159,0.0091380923986434,0.0046644969843328,0.0004459604097064,0.0007074447348713,0.0136581370607018,0.3622020184993744,0.0008413892937824,0.0021153688430786,0.0006950842798687,0.0011427069548517,0.916335105895996,3.2015621662139893,40.993900299072266,1.5507928133010864,5.244044303894043,47.4262580871582,0.0065886438824236,0.0122644454240798,0.0265108719468116,0.0055845617316663,0.0099522825330495,0.0165453851222991,0.0056296405382454,0.0100026996806263,0.0209352020174264,0.0078936594072729,0.0079638045281171,0.0105013975407928,0.0109255462884902,0.0212148367427289,0.0219249483197927,0.0073839105898514,0.0075388718396425,0.0076706478139385,0.0079274643212556,0.0069254621630534,0.0071036042645573,0.0069254621630534,0.0071036042645573,first,1.0,0.0,0.3615520298480987,-0.7725183367729187,0.0,0.3615520298480987,1.0,0.3635482788085937,False,0.3622020184993744,0.0008413892937824,0.0021153688430786,0.0212148372083902,0.000515840423759,0.0069254618138074,0.0001304668548982,143388,143389,32,16,0,False,False,0.0,0.0,1.040111344274841e-09,0.1212292088937917,4.419355152371429e-09,4.419238516795154e-09,0.0,0.0,0.0,0.0,0.0,0.0,0.0,0.7454930165936501,1.007423928460432,0.0666666666666666,0.1516631274908038,0.1342587974740782,0.1895789093635047,0.4344224648339387,2.3745143212443875,3.859943272371997,62.67521266575764,558.7976684570312,12.27729034423828,20.658257754843884,0.8282580461787271,697.5021362304688,13.633098602294922,19.69534818812334,0.9182560564881928,0.0312801524996757,0.0063503603450953,0.0248411446809768,0.0187595169991254,0.0249919090420007,0.3615520298480987,0.3615520298480987,1.0395383243403228e-15,6.2063353831181824e-15,14.0,,,0.0,1.788112030672749e-18,,,,,,,0.0,3.701437365965217e-18,6.2063353831181824e-15,0.0,True,115,8,success,-1,True,False,False,-1,,orange_juice_1,False,-1,False,-1,False,0.0,1.0,115,62,0.1807464220562007,1.0038062284968945,0.3259819798905259,2.9357534379556727,689761.6824593632,0.6384479701519012,0.0,1.0167659841487022e-18,0.0,1.402215757687613e-17,2.7755575615628917e-15,0.0,5.551115123125783e-15,0.0,,False,False
libero_object,9,16,2,4,142388,0,142388,2,32,pick up the orange juice and place it in the basket,-1,-1,none,-1,-1,-1,-1,4.0,0.0015782179543748,0.0096664642915129,0.0119837010279297,0.0030230665579438,0.0004161990946158,0.0007297278498299,0.009173322468996,0.4434094727039337,0.0003575411101337,0.0009631514549255,0.000420692609623,0.0008098626858554,0.5697017312049866,1.6393595933914185,10.78192901611328,0.7111590504646301,2.1650636196136475,26.967573165893555,0.0060570761561393,0.011137475259602,0.0217111408710479,0.0054541542194783,0.0096994824707508,0.0168001092970371,0.0052969381213188,0.0094389906153082,0.0159257259219884,0.0075766388326883,0.0076316818594932,0.0094947381876409,0.0102039640769362,0.0196763323619961,0.0201913956552743,0.0073099106084555,0.0074163833633065,0.0075832791626453,0.0076862294226884,0.0067697819322347,0.0069673028774559,0.0067697819322347,0.0069673028774559,first,1.0,0.0,0.4432232975959778,-0.5207096338272095,0.0,0.4432232975959778,2.0,0.4439677894115448,False,0.4434094727039337,0.0003575411101337,0.0009631514549255,0.0196763332933187,0.0003774973156396,0.0067697819322347,0.0001171750191133,144388,144390,48,16,0,False,False,0.0,0.0,0.0027740762152223,0.029397842893258,4.419355192679197e-09,4.419238516795154e-09,0.0,0.0,0.0,0.0,8.0,2.0,8.0,0.7167533263979476,0.7772116267813342,0.0888888888888888,0.1118167059994614,0.1001927235471653,0.1397708824993267,0.4576974746470346,7.527340954197327,19.068706064253355,1682.4233833570386,550.9061279296875,12.561483383178713,20.72002757651882,0.8371836751225861,939.68115234375,15.134207725524902,18.400998447874844,0.9064936480839172,0.0305843893438577,0.006999512668699,0.0260151028633117,0.0133020486682653,0.0264213439077138,0.4432232975959778,0.4432232975959778,0.0045941179941351,0.0562173214326966,14.0,,,0.0,9.199760500100244e-19,,,,,,,0.0,4.5915499998214594e-18,0.0081003304851873,0.0562173214326966,True,115,8,success,-1,True,False,False,-1,,orange_juice_1,False,-1,False,-1,False,0.0,1.0,115,62,0.1807464220562007,1.0038062284968945,0.3259819798905259,2.9357534379556727,689761.6824593632,0.5567767024040222,0.0,1.3258141688766511e-18,0.0,1.3001670296273556e-17,2.7755575615628917e-15,0.0,5.551115123125783e-15,0.0,,False,False
libero_object,9,16,2,4,142388,0,142388,3,48,pick up the orange juice and place it in the basket,-1,-1,none,-1,-1,-1,-1,4.0,0.0019770434591919,0.0114143108949065,0.0057979407720267,0.0035303302574902,0.0007722467998974,0.0009315737988799,0.0111234150826931,0.5433506965637207,0.0002019686216954,0.0005478858947753,0.0007968092686496,0.0014785918174311,0.8255095481872559,2.549509763717652,31.69680595397949,1.3388938903808594,4.918078899383545,58.53364562988281,0.006356022786349,0.0115619916468858,0.0215801801532506,0.0055574411526322,0.0099201574921607,0.0177697148174047,0.0053913933224976,0.0095812510699033,0.0187043361365795,0.007834288990125,0.007910075597465,0.011485124239698,0.012815935537219,0.0213342970237135,0.0229133740067482,0.0075528000015765,0.0075618145056068,0.0079527236521244,0.0080640884116292,0.0068721533752977,0.0069359359331429,0.0068721533752977,0.0069359359331429,first,1.0,0.0,0.5433011651039124,-0.2452433407306671,0.0,0.5433011651039124,2.0,0.5436007976531982,False,0.5433506965637207,0.0002019686216954,0.0005478858947753,0.021334296092391,0.0009541278122924,0.0068721533752977,8.18306507426314e-05,145388,145390,64,16,0,False,False,0.0,0.0,0.0663671944587015,0.029768770741373,4.419355232993938e-09,4.419238516795154e-09,0.0,0.0,0.0,0.0,102.0,9.0,102.0,0.5037567089226311,0.926145965938532,0.0666666666666666,0.0781787631764267,0.0682053489397116,0.0977234539705334,0.3709415488559952,3.110463524310975,4.897720062443004,419.7437356018626,630.4325561523438,13.197325706481934,20.13441728416497,0.807273883785517,976.5639038085938,14.68488883972168,18.23379693209853,0.9057857626815424,0.1807159185409546,0.0310942530632019,0.1287040561437606,0.005678619723767,0.0106519609689712,0.5433011651039124,0.5433011651039124,0.0084675837263722,0.0661353389914098,14.0,,,0.0,2.3950808821442263e-18,,,,,,,0.0,3.505294145760611e-18,0.0661353389914098,0.0524108331777928,True,115,8,success,-1,True,False,False,-1,,orange_juice_1,False,-1,False,-1,False,0.0,1.0,115,62,0.1807464220562007,1.0038062284968945,0.3259819798905259,2.9357534379556727,689761.6824593632,0.4566988348960876,0.0,1.3435086285784532e-18,0.0,1.4568561658120676e-17,2.7755575615628917e-15,0.0,5.551115123125783e-15,0.0,,False,False
libero_object,9,16,2,4,142388,0,142388,4,64,pick up the orange juice and place it in the basket,-1,-1,none,-1,-1,-1,-1,4.0,0.0010284699965268,0.003527516266331,0.0023434169124811,0.0017168805934488,0.000443905359134,0.0007169324671849,0.0052999029867351,0.6307529807090759,0.0001356918510282,0.0003247857093811,0.0006173484725877,0.000904555665329,0.5290996432304382,1.4790199995040894,12.090802192687988,0.7197695374488831,2.1650636196136475,24.82312393188477,0.0057209907099604,0.01017124671489,0.0184837989509105,0.0054759359918534,0.0097313160076737,0.0184623170644044,0.0052908146753907,0.009404924698174,0.0171143412590026,0.0075474927434697,0.0076839686371386,0.00948620820418,0.0096476860344409,0.0212884643115103,0.0217015873640775,0.0073146345093846,0.0075288265943527,0.0076199233299121,0.0077436324208974,0.0067573258420452,0.0067992154508829,0.0067573258420452,0.0067992154508829,first,1.0,0.0,0.6306233406066895,-0.955400824546814,0.0,0.6306233406066895,3.0,0.6309481263160706,False,0.6307529807090759,0.0001356918510282,0.0003247857093811,0.021288463845849,0.0004298300482332,0.0067573259584605,2.65374928858364e-05,146388,146391,80,16,0,False,False,0.0,0.0,0.1684738922729138,0.0304676804375978,4.419355273315651e-09,4.419238516795154e-09,0.0,0.0,0.0,0.0,144.0,9.0,144.0,0.8059018563152176,0.9296244204630304,0.0444444444444444,0.1638709283275635,0.1507334930803624,0.2048386604094544,0.3360465059628801,1.63448526804365,4.574415749313524,31.45580619162882,543.5216674804688,12.251933097839355,20.778634989596068,0.8373787490197312,1847.914794921875,21.23504638671875,15.463984183065245,0.8282510151298018,0.0261817574501037,0.0068045104853808,0.0156282782554626,0.0134853413328528,0.0142154498025774,0.6306233406066895,0.6306233406066895,0.0174076782775851,0.1500364840848292,14.0,,,0.0,3.496446946337351e-18,,,,,,,0.0,3.2141790095988095e-18,0.1500364840848292,0.0936710118013542,True,115,8,success,-1,True,False,False,-1,,orange_juice_1,False,-1,False,-1,False,0.0,1.0,115,62,0.1807464220562007,1.0038062284968945,0.3259819798905259,2.9357534379556727,689761.6824593632,0.3693766593933105,0.0,2.4997408814472375e-18,0.0,2.302280970454117e-18,2.7755575615628917e-15,0.0,5.551115123125783e-15,0.0,,False,False
libero_object,9,16,2,4,142388,0,142388,5,80,pick up the orange juice and place it in the basket,-1,-1,none,-1,-1,-1,-1,4.0,0.0010713363299146,0.0037942808121442,0.0042403601109981,0.0017570928903296,0.0004713796952273,0.0008139361161738,0.0056047686375677,0.7374907732009888,0.0002474647189956,0.0006150603294372,0.0005014598136767,0.0010693821823224,0.5418841242790222,1.4790199995040894,12.278029441833496,0.9387138485908508,3.269174098968506,23.885141372680664,0.0057205618359148,0.010082472115755,0.0183385331183671,0.0054469089955091,0.0096457889303565,0.0159769672900438,0.0054773990996181,0.0097276791930198,0.0161665063351392,0.0073193648131564,0.0073863738216459,0.0086937411688268,0.0088064977899193,0.0196124115027487,0.0204788669943809,0.007260086829774,0.007327611092478,0.0075457169441506,0.0077828471548855,0.0070009065093472,0.0071112220175564,0.0070009065093472,0.0071112220175564,first,1.0,0.0,0.7372521162033081,-0.9644081592559814,0.0,0.7372521162033081,2.0,0.7378671765327454,False,0.7374907732009888,0.0002474647189956,0.0006150603294372,0.0196124128997325,0.0005764192319475,0.0070009063929319,7.390360406134278e-05,147388,147390,96,16,0,False,False,0.0,0.0,0.1806207511682037,0.0310437405725944,4.419355313644337e-09,4.419238516795154e-09,0.0,0.0,0.0,0.0,144.0,9.0,144.0,0.7987800816892643,0.8049457770186731,0.0222222222222222,0.167712771850495,0.1675222806836689,0.2096409648131187,0.0725110116424262,0.8479825480490861,2.9281608066513782,9.501362548869716,625.0623168945312,13.329752922058104,20.171570434689805,0.8119231975076932,1688.830078125,21.13172912597656,15.854944056989424,0.8468800763757222,0.0399092659354209,0.0102636814117431,0.0304546058177948,0.031409490853548,0.0219481084495782,0.7372521162033081,0.7372521162033081,0.0132153781476944,0.1673293121869571,14.0,,,0.0,1.963573647892308e-18,,,,,,,0.0,1.0877775227511981e-18,0.1673293121869571,0.0176859818807565,True,115,8,success,-1,True,False,False,-1,,orange_juice_1,False,-1,False,-1,False,0.0,1.0,115,62,0.1807464220562007,1.0038062284968945,0.3259819798905259,2.9357534379556727,689761.6824593632,0.2627478837966919,0.0,6.713326988583097e-19,0.0,1.7227059001874157e-18,2.7755575615628917e-15,0.0,5.551115123125783e-15,0.0,,False,False
libero_object,9,16,2,4,142388,0,142388,6,96,pick up the orange juice and place it in the basket,-1,-1,none,-1,-1,-1,-1,4.0,0.0013836872531101,0.0052615972235798,0.0026873596943914,0.002429443411529,0.000575439480599,0.0006711615715175,0.0073265521787106,0.8814651370048523,0.0003098443557973,0.0006445050239562,0.0006183871300891,0.0013002174673601,0.6354963779449463,1.8708287477493288,18.79328346252441,1.3660407066345217,5.356071472167969,23.583627700805664,0.0058773751370608,0.0105299707502126,0.0188103895634412,0.0055664996616542,0.009926313534379,0.0170904174447059,0.0057245907373726,0.0101818609982728,0.0191722325980663,0.0075900641968473,0.0076659517362713,0.0095450347289443,0.0099174799397587,0.0190580612979829,0.0201625116169452,0.0075174166122451,0.0075632100924849,0.0077574189053848,0.0078482683748006,0.0073792460607364,0.007525959983468,0.0073792460607364,0.007525959983468,first,1.0,0.0,0.8817540407180786,0.9324156045913696,0.0,0.8817540407180786,3.0,0.8817952275276184,False,0.8814651370048523,0.0003098443557973,0.0006445050239562,0.019058059900999,0.0007504162495024,0.0073792459443211,0.0001263982849195,148388,148391,112,16,0,False,False,0.0,0.0,0.1807464220562007,0.0312818963439443,4.419355353979995e-09,4.419238516795154e-09,0.0,0.0,0.0,0.0,144.0,9.0,144.0,0.7523454536236076,0.7953536569784183,0.0555555555555555,0.1558436506041737,0.1352623815263773,0.1948045632552172,0.3824600207386408,2.0274830040128067,4.1765611309877455,46.61189417129472,749.24267578125,14.10024070739746,19.384578546734307,0.7787569586176594,1210.9241943359375,19.105382919311523,17.299634043574432,0.8993477978602255,0.0199636165052652,0.0059202052652835,0.0109405517578125,0.0112440651282668,0.0146375093609094,0.8817540407180786,0.8817540407180786,0.0113317812328748,0.134976091558714,14.0,,,0.0,6.133173666733498e-19,,,,,,,0.0,2.2028678774312687e-18,0.134976091558714,0.023668845701525,True,115,8,success,-1,True,False,False,-1,,orange_juice_1,False,-1,False,-1,False,0.0,1.0,115,62,0.1807464220562007,1.0038062284968945,0.3259819798905259,2.9357534379556727,689761.6824593632,0.1182459592819213,0.0,1.9949954506250365e-18,0.0,1.0166049202323797e-18,2.7755575615628917e-15,0.0,5.551115123125783e-15,0.0,,False,False
libero_object,9,16,2,4,142388,0,142388,7,112,pick up the orange juice and place it in the basket,-1,-1,none,-1,-1,-1,-1,4.0,0.0011399912182241,0.0059194527566432,0.0061693876050412,0.0017756001325324,0.0005501763080246,0.0010026087984442,0.006082144100219,0.9999498128890992,8.692662959219888e-05,0.0002007484436035,0.000581577012781,0.0011773081496357,0.5711252689361572,1.7320507764816284,17.762319564819336,0.7965749502182007,2.4494898319244385,14.534441947937012,0.0056669968180358,0.0101835913956165,0.016423562541604,0.0054296096786856,0.0096775498241186,0.0157300420105457,0.0058186808601021,0.0102354353293776,0.0256142374128103,0.0075308574596419,0.0076230368576943,0.0101603218354284,0.0105739468708634,0.0211561801843345,0.0213520843535661,0.007554818643257,0.0075830528512597,0.0081970235332846,0.0082893706858158,0.007485871319659,0.007571461610496,0.007485871319659,0.007571461610496,first,1.0,0.0,1.0,0.5773502588272095,0.0,1.0,0.0,1.0,True,0.9999498128890992,8.692662959219888e-05,0.0002007484436035,0.0211561806499958,0.0002001014654524,0.0074858712032437,5.145819159224629e-05,149388,149388,115,3,0,False,True,1.0,1.0,0.0864478771732149,0.0318808131162733,4.419355361543707e-09,4.419238516795154e-09,0.0,0.0,0.0,0.0,27.0,9.0,27.0,0.7331458171009153,0.7910472424223393,0.0,0.0303643501525565,0.0303340737847944,0.2024290010170433,0.2849794441971666,5.563670882307704,5.563670882307704,0.1274738729035551,640.2138061523438,13.25441074371338,20.067553254379163,0.8142373119167565,4977.74609375,48.94552612304688,11.16047620643466,0.517527094974945,0.3144032955169678,0.04900474101305,0.3041863441467285,0.0281049720942974,0.0195124633610248,0.0,1.0,0.0024808586192238,0.0304190044972765,14.0,,,0.0,2.2113472136733112e-18,,,,,,,0.0,8.977116637757378e-19,0.0304190044972765,0.0043130161718561,True,115,8,success,-1,True,False,False,-1,,orange_juice_1,False,-1,False,-1,False,0.0,1.0,115,62,0.1807464220562007,1.0038062284968945,0.3259819798905259,2.9357534379556727,689761.6824593632,0.0,0.0,2.156209935679202e-18,0.0,1.4850641062073548e-18,5.204170427930421e-16,0.0,1.0408340855860845e-15,0.0,,False,False
libero_object,9,17,2,5,142485,0,142485,0,0,pick up the orange juice and place it in the basket,-1,-1,none,-1,-1,-1,-1,4.0,0.0018669430864974,0.0099660931155085,0.0093066385015845,0.0036247828975319,0.000470111524919,0.0007839183090254,0.0115188434720039,0.3161720931529999,0.0003464905894361,0.000876247882843,0.0007524320390075,0.0021076288539916,0.6642053723335266,1.9202864170074463,21.85606384277344,1.8631384372711184,7.968688488006592,49.0433464050293,0.0063118673861026,0.0118486229330301,0.0212759263813495,0.0055225584656,0.0098264692351222,0.0197368450462818,0.0055761579424142,0.009886466898024,0.0197214763611555,0.0076302118832245,0.0076635149307549,0.0100164071191102,0.0105630718171596,0.0202698069624602,0.0210282243788242,0.0073012359207496,0.007339566014707,0.0076884203590452,0.0080731576308608,0.0071290202904492,0.0072049237787723,0.0071290202904492,0.0072049237787723,first,1.0,0.0,0.3161286115646362,-0.1254913955926895,0.0,0.3161286115646362,1.0,0.3167497515678406,False,0.3161720931529999,0.0003464905894361,0.000876247882843,0.0202698074281215,0.0006267616990953,0.0071290205232799,5.2884293836541474e-05,142485,142486,16,16,0,False,False,0.0,0.0,1.040111344274841e-09,0.1945142777122275,4.419355112070633e-09,4.419238516795154e-09,0.0,0.0,0.0,0.0,0.0,0.0,0.0,0.8028483117619225,1.0131654000268673,0.1555555555555555,0.1440639758165836,0.1433804238084266,0.1800799697707295,0.3610361511635899,1.486471297517277,2.203503292022684,27.35455153328223,527.0209350585938,12.040424346923828,20.912524936632558,0.8308662350791644,1280.472412109375,17.759706497192383,17.057101348754365,0.8285120545841812,0.0230243727564811,0.0055366796441376,0.0151458084583282,0.0156179843470454,0.0168919116258621,0.3161286115646362,0.3161286115646362,7.900439179622691e-10,5.010161242854773e-09,14.0,,,5.463251379067557e-14,2.1587834847238952e-14,,,,,,,9.743941764561724e-15,5.957707535537912e-18,1.1791583183296594e-09,7.95663915449642e-13,True,118,8,success,-1,True,False,False,-1,,orange_juice_1,False,-1,False,-1,False,0.0,1.0,118,61,0.1788306990226149,1.0275481964215456,0.343289989104397,2.729583004014222,633268.5840793977,0.6838713884353638,7.412473412848897e-15,1.588771871111862e-17,4.2965631052993563e-13,1.4356652383061018e-17,4.608793016927828e-09,7.93164346699211e-12,5.010161242854773e-09,2.532518967006409e-10,,False,False
libero_object,9,17,2,5,142485,0,142485,1,16,pick up the orange juice and place it in the basket,-1,-1,none,-1,-1,-1,-1,4.0,0.0019861890468746,0.0096600977703928,0.0055278963409364,0.0038531820755451,0.0005156707484275,0.0007967642741277,0.0116599174216389,0.3478700220584869,0.000973618007265,0.0026125907897949,0.0005345736281014,0.0010781545424833,1.667211890220642,6.759253025054932,67.97931671142578,3.1535563468933105,12.774486541748049,69.29285430908203,0.0063318572938442,0.0115805827081203,0.0218949280679225,0.0055048842914402,0.0097915800288319,0.0176876466721296,0.005684582516551,0.0101323630660772,0.0196732226759195,0.0077874650014564,0.0078555652871727,0.0105944899842143,0.0110811032354831,0.0207488178275525,0.0214709155261516,0.0073229799745604,0.007400095462799,0.0076173738343641,0.0077813421376049,0.0068874791031703,0.0070395832881331,0.0068874791031703,0.0070395832881331,first,1.0,0.0,0.3466712832450866,-1.231220841407776,0.0,0.3466712832450866,1.0,0.3492838740348816,False,0.3478700220584869,0.000973618007265,0.0026125907897949,0.0207488182932138,0.0007477746112272,0.0068874787539243,0.0001181995976367,143485,143486,32,16,0,False,False,0.0,0.0,1.040111344274841e-09,0.1311877312915378,4.419355152371429e-09,4.419238516795154e-09,0.0,0.0,0.0,0.0,0.0,0.0,0.0,0.7124299577563924,0.9788700275221212,0.0568181818181818,0.1456502621046368,0.1298703328155168,0.1820628276307959,0.3983851326196189,2.36830940948058,3.750009190545714,66.28067591409734,572.21484375,12.492094039916992,20.55521241276505,0.8231792024081497,638.4644775390625,13.429454803466797,20.0794362158316,0.9222914356528102,0.0318418629467487,0.0069376742467284,0.0252623707056045,0.0188323259353637,0.0255829486995935,0.3466712832450866,0.3466712832450866,1.039989798391037e-15,6.2063353831181824e-15,14.0,,,0.0,3.2598265186100746e-18,,,,,,,0.0,5.021047383566864e-18,6.2063353831181824e-15,0.0,True,118,8,success,-1,True,False,False,-1,,orange_juice_1,False,-1,False,-1,False,0.0,1.0,118,61,0.1788306990226149,1.0275481964215456,0.343289989104397,2.729583004014222,633268.5840793977,0.6533287167549133,0.0,3.602180813964447e-18,0.0,1.4966054951516622e-17,2.7755575615628917e-15,0.0,5.551115123125783e-15,0.0,,False,False
libero_object,9,17,2,5,142485,0,142485,2,32,pick up the orange juice and place it in the basket,-1,-1,none,-1,-1,-1,-1,4.0,0.001388493925333,0.0096490206196904,0.011901625432074,0.0025677133817225,0.0004421205667313,0.0006899562431499,0.0075953709892928,0.4195606708526611,0.000356818025466,0.0009857714176177,0.0006292289472185,0.0009439575369469,0.57137131690979,1.6393595933914185,11.247221946716309,0.6652576923370361,1.9202864170074463,20.116846084594727,0.0059170150198042,0.0106705361977219,0.0213711056858301,0.0055883526802062,0.0098936548456549,0.0180489886552095,0.0053582969121634,0.0096603585407137,0.0175503306090831,0.0076086653862148,0.0076994481496512,0.0097190262749791,0.0101859057322144,0.0208887387998402,0.0211119409650564,0.0074593138415366,0.0075710671953856,0.0078164857113733,0.0080384891480207,0.0068510650889948,0.00704878102988,0.0068510650889948,0.00704878102988,first,1.0,0.0,0.4201132357120514,1.548590064048767,0.0,0.4201132357120514,0.0,0.4201132357120514,True,0.4195606708526611,0.000356818025466,0.0009857714176177,0.0208887383341789,0.0001682389702182,0.0068510649725794,0.0001541278907097,144485,144485,48,16,0,False,False,0.0,0.0,0.000217390303647,0.0281716431773144,4.419355192679197e-09,4.419238516795154e-09,0.0,0.0,0.0,0.0,5.0,2.0,5.0,0.734231237646868,0.801054933773194,0.1,0.1213260186035269,0.1076553872085153,0.1516575232544086,0.4283394056858284,5.183423890546368,21.59322602502297,1034.321475515165,537.0274047851562,12.508197784423828,20.83083912331688,0.843137055987282,1059.2744140625,15.950786590576172,17.88071878498932,0.897724484518904,0.0371764041483402,0.0073446175083518,0.0335514843463897,0.0141822081059217,0.0338432714343071,0.4201132357120514,0.4201132357120514,0.0033967457455068,0.0416331248325243,14.0,,,0.0,6.133173666733498e-19,,,,,,,0.0,5.093165148172511e-18,0.0059213156045627,0.0416331248325243,True,118,8,success,-1,True,False,False,-1,,orange_juice_1,False,-1,False,-1,False,0.0,1.0,118,61,0.1788306990226149,1.0275481964215456,0.343289989104397,2.729583004014222,633268.5840793977,0.5798867642879486,0.0,2.072655502940104e-18,0.0,1.611651616832339e-17,2.7755575615628917e-15,0.0,5.551115123125783e-15,0.0,,False,False
libero_object,9,17,2,5,142485,0,142485,3,48,pick up the orange juice and place it in the basket,-1,-1,none,-1,-1,-1,-1,4.0,0.0145028755068779,0.7912356853485107,0.0244154147803783,0.0156909376382827,0.0012347319861873,0.0507431179285049,0.1107057332992553,0.5230391621589661,0.0015198430046439,0.0040608048439025,0.0010138772195205,0.0026250032242387,1.5471628904342651,5.931905269622803,61.06298065185547,2.580165386199951,9.653367042541504,79.0233383178711,0.018867777660489,0.0456495471298694,0.8309295773506165,0.0056256693787872,0.0100642461329698,0.0171619839966297,0.0062260809354484,0.011002087034285,0.0195409599691629,0.0087621356360614,0.0089969495311379,0.0349310697056353,0.0557380616664886,0.0405719676055014,0.0589350089430809,0.0075319691095501,0.0077532697468996,0.0080448766238987,0.0084836389869451,0.0070998092414811,0.0073659708723425,0.0070998092414811,0.0073659708723425,first,1.0,0.0,0.5222904682159424,-0.4926126897335052,0.0,0.5222904682159424,1.0,0.5255221128463745,False,0.5230391621589661,0.0015198430046439,0.0040608048439025,0.0405719690024852,0.0121592786163091,0.0070998091250658,0.0001993219048017,145485,145486,64,16,0,False,False,0.0,0.0,0.0708682839868832,0.0279725590820336,4.419355232993938e-09,4.419238516795154e-09,0.0,0.0,0.0,0.0,132.0,12.0,132.0,0.5410812137246586,0.951819989645176,0.0555555555555555,0.0854652245347704,0.0736656839515886,0.106831530668463,0.3734360800620758,3.613635449038256,8.23986178922877,571.5350414469555,626.427001953125,13.264575004577637,20.16209891277635,0.8072684953227965,663.5571899414062,13.01741886138916,19.91202001556501,0.9353790488107432,0.0434284582734108,0.0087235961109399,0.0406190156936645,0.0103713842108845,0.0407635904848575,0.5222904682159424,0.5222904682159424,0.0125041459369061,0.1036074082897162,14.0,,,0.0,2.6379777400251014e-18,,,,,,,0.0,1.9097545474101698e-18,0.0714506348269621,0.1036074082897162,True,118,8,success,-1,True,False,False,-1,,orange_juice_1,False,-1,False,-1,False,0.0,1.0,118,61,0.1788306990226149,1.0275481964215456,0.343289989104397,2.729583004014222,633268.5840793977,0.4777095317840576,0.0,1.0431447225856096e-18,0.0,9.570037982353165e-18,2.7755575615628917e-15,0.0,5.551115123125783e-15,0.0,,False,False
libero_object,9,17,2,5,142485,0,142485,4,64,pick up the orange juice and place it in the basket,-1,-1,none,-1,-1,-1,-1,4.0,0.0012038041604682,0.0054689259268343,0.0062014795839786,0.0019645900465548,0.0006139032193459,0.000691148568876,0.0063422843813896,0.6154381036758423,0.0001990099117392,0.0005251765251159,0.0007541019003838,0.0014750412665307,0.5792885422706604,1.658312439918518,29.037691116333008,0.9448099732398988,2.935963630676269,28.490129470825195,0.0058870855718851,0.0104800015687942,0.0193931777030229,0.0056404448114335,0.0101346904411911,0.0201301556080579,0.005456275306642,0.0097572971135377,0.0183234922587871,0.0075437615159899,0.0077438321895897,0.0094043954741209,0.0098575549200177,0.0204567709006369,0.0213312692940235,0.0075002177618443,0.0077233975753188,0.0078325379872694,0.0080190300941467,0.0069962991401553,0.0071667768061161,0.0069962991401553,0.0071667768061161,first,1.0,0.0,0.6151702404022217,-1.3459795713424685,0.0,0.6151702404022217,1.0,0.6156954169273376,False,0.6154381036758423,0.0001990099117392,0.0005251765251159,0.0204567704349756,0.0008552378276363,0.0069962991401553,0.0001257009425899,146485,146486,80,16,0,False,False,0.0,0.0,0.1778850647729321,0.0279923368986831,4.419355273315651e-09,4.419238516795154e-09,0.0,0.0,0.0,0.0,176.0,11.0,176.0,0.7969701711899764,0.9857717868127536,0.0555555555555555,0.1635145351559143,0.1469997745516043,0.2043931689448929,0.3831151802717816,1.860093745868576,4.05900014555484,37.12027761527063,511.5032958984375,12.033156394958496,21.04231924411339,0.8401551191057416,1265.7364501953125,17.280366897583008,17.10737073939511,0.8757625202238485,0.0181934386491775,0.0048019965179264,0.0116607472300529,0.0114507302641868,0.0118033615872263,0.6151702404022217,0.6151702404022217,0.0118852055447475,0.1463076765194023,14.0,,,0.0,3.692659538806487e-18,,,,,,,0.0,2.5546127504118622e-18,0.1463076765194023,0.0200852011070545,True,118,8,success,-1,True,False,False,-1,,orange_juice_1,False,-1,False,-1,False,0.0,1.0,118,61,0.1788306990226149,1.0275481964215456,0.343289989104397,2.729583004014222,633268.5840793977,0.3848297595977783,0.0,3.0605901818056524e-18,0.0,3.6641923731961e-18,2.7755575615628917e-15,0.0,5.551115123125783e-15,0.0,,False,False
libero_object,9,17,2,5,142485,0,142485,5,80,pick up the orange juice and place it in the basket,-1,-1,none,-1,-1,-1,-1,4.0,0.0007426344673149,0.0051197758875787,0.0066530243493616,0.0012100442545488,0.0002663826744537,0.0007691606879234,0.0039525218307971,0.723152756690979,0.0002136651892215,0.0005344152450561,0.0004538564535323,0.0007030233973637,0.5229209661483765,1.4790199995040894,25.42021751403809,0.6914120316505432,1.8708287477493288,13.90143871307373,0.005705791991204,0.0101845636963844,0.0220011658966541,0.0055226585827767,0.0098097780719399,0.0214133542031049,0.0054621379822492,0.0097127426415681,0.016920818015933,0.0074548047268763,0.0075966129079461,0.0092616395559161,0.0094448402523994,0.0201945253647863,0.0209987517446279,0.0074148663552477,0.0075452360324561,0.0078075834317132,0.008071195334196,0.0070752090541645,0.0071783899329602,0.0070752090541645,0.0071783899329602,first,1.0,0.0,0.723518967628479,1.7139476537704468,0.0,0.723518967628479,0.0,0.723518967628479,True,0.723152756690979,0.0002136651892215,0.0005344152450561,0.0201945248991251,0.0005465067806653,0.0070752091705799,7.47108060750179e-05,147485,147485,96,16,0,False,False,0.0,0.0,0.1788306990226149,0.0285575103232395,4.419355313644337e-09,4.419238516795154e-09,0.0,0.0,0.0,0.0,176.0,11.0,176.0,0.8362153602110587,0.8557247953893627,0.1011235955056179,0.1733118666641485,0.1729106000337919,0.2166398333301856,0.0851857677094701,0.7561752797903983,2.5843259915681145,7.569593210791888,599.044189453125,13.286372184753418,20.356215008695887,0.8119169306601373,805.6633911132812,14.367685317993164,19.06926730870016,0.9166409755690836,0.0207296684384346,0.0061607826501131,0.01125068962574,0.008936895057559,0.0146243153139948,0.723518967628479,0.723518967628479,0.0135141534079568,0.1732018866219304,14.0,,,0.0,1.6514075493068657e-18,,,,,,,0.0,1.706126780585128e-18,0.1732018866219304,0.0159962610894576,True,118,8,success,-1,True,False,False,-1,,orange_juice_1,False,-1,False,-1,False,0.0,1.0,118,61,0.1788306990226149,1.0275481964215456,0.343289989104397,2.729583004014222,633268.5840793977,0.276481032371521,0.0,1.4808772355130231e-18,0.0,1.1315238465851944e-18,2.7755575615628917e-15,0.0,5.551115123125783e-15,0.0,,False,False
libero_object,9,17,2,5,142485,0,142485,6,96,pick up the orange juice and place it in the basket,-1,-1,none,-1,-1,-1,-1,4.0,0.0010196595685556,0.0049768602475523,0.0032246524933725,0.0016701529966667,0.0004832460545003,0.0006774199428036,0.0052537624724209,0.8518850207328796,0.0002955327800009,0.0006979703903198,0.0004004969378001,0.0006944595952518,0.5716940760612488,1.6393595933914185,13.490737915039062,0.7788121700286865,2.2776083946228027,18.403465270996094,0.0056371190585196,0.0100295171141624,0.0163415670394897,0.0054712928831577,0.0097493380308151,0.0166286639869213,0.0056347982026636,0.0101128611713647,0.0213962998241186,0.0073643517680466,0.0074300807900726,0.0091864122077822,0.0092417122796177,0.0193010084331035,0.0200879443436861,0.0073597115697339,0.0074597746133804,0.0076385166030377,0.0078563997521996,0.0072869927389547,0.007377163041383,0.0072869927389547,0.007377163041383,first,1.0,0.0,0.8520764112472534,0.6476117968559265,0.0,0.8520764112472534,2.0,0.8522676229476929,False,0.8518850207328796,0.0002955327800009,0.0006979703903198,0.0193010084331035,0.0004630461044143,0.0072869923897087,6.79827353451401e-05,148485,148487,112,16,0,False,False,0.0,0.0,0.1769091198418005,0.0287316693689672,4.419355353979995e-09,4.419238516795154e-09,0.0,0.0,0.0,0.0,176.0,11.0,176.0,0.7222818285969582,0.836766674594473,0.1,0.1525621927189318,0.1301976615878727,0.1907027408986646,0.4057103631890238,2.5669064069754493,3.909634260840409,71.75739337105581,676.7294311523438,13.72102165222168,19.826652963851608,0.7935758094232239,1323.101806640625,19.1822509765625,16.914870984180013,0.8732355128770571,0.0163049157708883,0.0046524796634912,0.0099428296089172,0.0117498990148305,0.0096295699477195,0.8520764112472534,0.8520764112472534,0.0103960769750187,0.130687003089701,14.0,,,0.0,4.0334652366644325e-18,,,,,,,0.0,4.039338272142377e-18,0.130687003089701,0.0148580745605532,True,118,8,success,-1,True,False,False,-1,,orange_juice_1,False,-1,False,-1,False,0.0,1.0,118,61,0.1788306990226149,1.0275481964215456,0.343289989104397,2.729583004014222,633268.5840793977,0.1479235887527465,0.0,5.8944824105657366e-18,0.0,8.472305076249985e-19,2.7755575615628917e-15,0.0,5.551115123125783e-15,0.0,,False,False
libero_object,9,17,2,5,142485,0,142485,7,112,pick up the orange juice and place it in the basket,-1,-1,none,-1,-1,-1,-1,4.0,0.0125888818874955,1.018582820892334,0.0041905241087079,0.0061759389936923,0.0012753886403515,0.0657681971788406,0.1031785383820533,0.9818711280822754,0.0024862997233867,0.0054906010627746,0.0140851037576794,0.0624480210244655,1.113132357597351,3.269174098968506,48.44778060913086,4.663322448730469,17.839563369750977,92.53749084472656,0.0168045833706855,0.0191643070429563,1.044851303100586,0.0178995542228221,0.0636983588337898,0.0760869830846786,0.0075904871337115,0.0129609182476997,0.0226184017956256,0.008316651219502,0.0085839312523603,0.0183263127692043,0.0228685680776834,0.0209163348190486,0.0216506160795688,0.0085066163446754,0.0086355693638324,0.0092978458851575,0.0099797938019037,0.0077756525715813,0.0079931179061532,0.0077756525715813,0.0079931179061532,first,1.0,0.0,0.979219913482666,-1.0663294792175293,0.0,0.979219913482666,1.0,0.9847105145454408,False,0.9818711280822754,0.0024862997233867,0.0054906010627746,0.0209163352847099,0.0005840162048116,0.0077756531536579,0.0001936322951223,149485,149486,118,6,0,False,True,1.0,1.0,0.0988951426529456,0.029153236959553,4.419355369107664e-09,4.419238516795154e-09,0.0,0.0,0.0,0.0,66.0,11.0,66.0,0.5328140915739962,0.571053539334618,0.0,0.0416541208230332,0.0412831070205531,0.1388470694101108,0.2700365345271224,1.734564924467394,2.6593695492057834,0.9355333669072754,565.5541381835938,12.559637069702148,20.606061763827235,0.8287135023027195,3460.39892578125,38.32391357421875,12.739541923414272,0.6849152434311669,0.4790417551994324,0.0788271129131317,0.4681695699691772,0.049151424318552,0.062589943408966,0.0207800865173339,0.979219913482666,0.0044182570891599,0.0415044082879973,14.0,,,0.0,3.0665868333667484e-19,,,,,,,0.0,4.634805566027849e-19,0.0415044082879973,0.0203511909602389,True,118,8,success,-1,True,False,False,-1,,orange_juice_1,False,-1,False,-1,False,0.0,1.0,118,61,0.1788306990226149,1.0275481964215456,0.343289989104397,2.729583004014222,633268.5840793977,0.0207800865173339,0.0,2.528627610853896e-18,0.0,2.747556580015341e-19,1.0408340855860845e-15,0.0,2.0816681711721685e-15,0.0,,False,False
