source_run,strategy_id,case_id,suite,task_id,init_state_id,rollout_seed,planning_strategy,planning_risk_lambda,planning_difficulty_threshold,planning_value_margin,planning_uncertainty_margin,planning_phase_fraction,planning_short_open_loop_steps,experiment_split,num_open_loop_steps,success,final_t,num_queries,failure_type,target_drop_candidate,wrong_object_interaction_candidate,num_queries_observed,rerank_rate,gate_rate,requery_rate,mean_selected_open_loop_steps,nominal_queries_for_executed_steps,query_compute_ratio
adaptive_regime_threshold_20260813/adaptive_regime_threshold_20260813__long_mug_threshold_01__libero_10_with_mug__task4__init0__difficulty_gated_action__l1p0,difficulty_l1_t0.1,long_mug_task4_init0_adaptive_screen,libero_10_with_mug,4,0,630000,difficulty_gated_action,1.0,0.1,0.002,0.0,0.5,8.0,calibration,16,False,520,33,target_drop_candidate,True,False,33,0.0,0.0,0.0,16.0,33.0,1.0
adaptive_regime_threshold_20260813/adaptive_regime_threshold_20260813__long_mug_threshold_01__libero_10_with_mug__task4__init0__difficulty_gated_action__l1p0,difficulty_l1_t0.1,long_mug_task4_init0_adaptive_screen,libero_10_with_mug,4,0,630097,difficulty_gated_action,1.0,0.1,0.002,0.0,0.5,8.0,calibration,16,True,228,15,success,True,False,15,0.0,0.0,0.0,16.0,15.0,1.0
adaptive_regime_threshold_20260813/adaptive_regime_threshold_20260813__long_mug_threshold_01__libero_10_with_mug__task4__init0__difficulty_gated_action__l1p0,difficulty_l1_t0.1,long_mug_task4_init0_adaptive_screen,libero_10_with_mug,4,0,630194,difficulty_gated_action,1.0,0.1,0.002,0.0,0.5,8.0,calibration,16,True,227,15,success,True,False,15,0.0,0.0,0.0,16.0,15.0,1.0
adaptive_regime_threshold_20260813/adaptive_regime_threshold_20260813__long_mug_threshold_01__libero_10_with_mug__task4__init0__difficulty_gated_action__l1p0,difficulty_l1_t0.1,long_mug_task4_init0_adaptive_screen,libero_10_with_mug,4,0,630291,difficulty_gated_action,1.0,0.1,0.002,0.0,0.5,8.0,calibration,16,False,520,33,target_drop_candidate,True,False,33,0.0,0.0,0.0,16.0,33.0,1.0
adaptive_regime_threshold_20260813/adaptive_regime_threshold_20260813__long_mug_threshold_01__libero_10_with_mug__task4__init0__difficulty_gated_action__l1p0,difficulty_l1_t0.1,long_mug_task4_init0_adaptive_screen,libero_10_with_mug,4,0,630388,difficulty_gated_action,1.0,0.1,0.002,0.0,0.5,8.0,calibration,16,True,227,15,success,True,False,15,0.0,0.0,0.0,16.0,15.0,1.0
adaptive_regime_threshold_20260813/adaptive_regime_threshold_20260813__long_mug_threshold_01__libero_10_with_mug__task4__init0__difficulty_gated_action__l1p0,difficulty_l1_t0.1,long_mug_task4_init0_adaptive_screen,libero_10_with_mug,4,0,630485,difficulty_gated_action,1.0,0.1,0.002,0.0,0.5,8.0,calibration,16,True,228,15,success,True,False,15,0.0,0.0,0.0,16.0,15.0,1.0
adaptive_regime_threshold_20260813/adaptive_regime_threshold_20260813__long_mug_threshold_01__libero_10_with_mug__task4__init0__difficulty_gated_action__l1p0,difficulty_l1_t0.1,long_mug_task4_init0_adaptive_screen,libero_10_with_mug,4,0,630582,difficulty_gated_action,1.0,0.1,0.002,0.0,0.5,8.0,calibration,16,True,230,15,success,True,False,15,0.0,0.0,0.0,16.0,15.0,1.0
adaptive_regime_threshold_20260813/adaptive_regime_threshold_20260813__long_mug_threshold_01__libero_10_with_mug__task4__init0__difficulty_gated_action__l1p0,difficulty_l1_t0.1,long_mug_task4_init0_adaptive_screen,libero_10_with_mug,4,0,630679,difficulty_gated_action,1.0,0.1,0.002,0.0,0.5,8.0,calibration,16,True,226,15,success,True,False,15,0.0,0.0,0.0,16.0,15.0,1.0
adaptive_regime_threshold_20260813/adaptive_regime_threshold_20260813__long_mug_threshold_01__libero_10_with_mug__task4__init0__difficulty_gated_action__l1p0,difficulty_l1_t0.1,long_mug_task4_init0_adaptive_screen,libero_10_with_mug,4,0,630776,difficulty_gated_action,1.0,0.1,0.002,0.0,0.5,8.0,calibration,16,True,228,15,success,True,False,15,0.0,0.0,0.0,16.0,15.0,1.0
adaptive_regime_threshold_20260813/adaptive_regime_threshold_20260813__long_mug_threshold_01__libero_10_with_mug__task4__init0__difficulty_gated_action__l1p0,difficulty_l1_t0.1,long_mug_task4_init0_adaptive_screen,libero_10_with_mug,4,0,630873,difficulty_gated_action,1.0,0.1,0.002,0.0,0.5,8.0,calibration,16,True,228,15,success,True,False,15,0.0,0.0,0.0,16.0,15.0,1.0
adaptive_regime_threshold_20260813/adaptive_regime_threshold_20260813__long_mug_threshold_01__libero_10_with_mug__task4__init0__difficulty_gated_action__l1p0,difficulty_l1_t0.1,long_mug_task4_init0_adaptive_screen,libero_10_with_mug,4,0,630970,difficulty_gated_action,1.0,0.1,0.002,0.0,0.5,8.0,calibration,16,True,229,15,success,True,False,15,0.0,0.0,0.0,16.0,15.0,1.0
adaptive_regime_threshold_20260813/adaptive_regime_threshold_20260813__long_mug_threshold_01__libero_10_with_mug__task4__init0__difficulty_gated_action__l1p0,difficulty_l1_t0.1,long_mug_task4_init0_adaptive_screen,libero_10_with_mug,4,0,631067,difficulty_gated_action,1.0,0.1,0.002,0.0,0.5,8.0,calibration,16,False,520,33,target_drop_candidate,True,False,33,0.0,0.0,0.0,16.0,33.0,1.0
adaptive_regime_threshold_20260813/adaptive_regime_threshold_20260813__long_mug_threshold_01__libero_10_with_mug__task4__init0__difficulty_gated_requery_action__l1p0,difficulty_requery_l1_t0.1_h8,long_mug_task4_init0_adaptive_screen,libero_10_with_mug,4,0,630000,difficulty_gated_requery_action,1.0,0.1,0.002,0.0,0.5,8.0,calibration,16,False,520,33,target_drop_candidate,True,False,33,0.0,0.0,0.0,16.0,33.0,1.0
adaptive_regime_threshold_20260813/adaptive_regime_threshold_20260813__long_mug_threshold_01__libero_10_with_mug__task4__init0__difficulty_gated_requery_action__l1p0,difficulty_requery_l1_t0.1_h8,long_mug_task4_init0_adaptive_screen,libero_10_with_mug,4,0,630097,difficulty_gated_requery_action,1.0,0.1,0.002,0.0,0.5,8.0,calibration,16,True,228,15,success,True,False,15,0.0,0.0,0.0,16.0,15.0,1.0
adaptive_regime_threshold_20260813/adaptive_regime_threshold_20260813__long_mug_threshold_01__libero_10_with_mug__task4__init0__difficulty_gated_requery_action__l1p0,difficulty_requery_l1_t0.1_h8,long_mug_task4_init0_adaptive_screen,libero_10_with_mug,4,0,630194,difficulty_gated_requery_action,1.0,0.1,0.002,0.0,0.5,8.0,calibration,16,True,227,15,success,True,False,15,0.0,0.0,0.0,16.0,15.0,1.0
adaptive_regime_threshold_20260813/adaptive_regime_threshold_20260813__long_mug_threshold_01__libero_10_with_mug__task4__init0__difficulty_gated_requery_action__l1p0,difficulty_requery_l1_t0.1_h8,long_mug_task4_init0_adaptive_screen,libero_10_with_mug,4,0,630291,difficulty_gated_requery_action,1.0,0.1,0.002,0.0,0.5,8.0,calibration,16,False,520,33,target_drop_candidate,True,False,33,0.0,0.0,0.0,16.0,33.0,1.0
adaptive_regime_threshold_20260813/adaptive_regime_threshold_20260813__long_mug_threshold_01__libero_10_with_mug__task4__init0__difficulty_gated_requery_action__l1p0,difficulty_requery_l1_t0.1_h8,long_mug_task4_init0_adaptive_screen,libero_10_with_mug,4,0,630388,difficulty_gated_requery_action,1.0,0.1,0.002,0.0,0.5,8.0,calibration,16,True,227,15,success,True,False,15,0.0,0.0,0.0,16.0,15.0,1.0
adaptive_regime_threshold_20260813/adaptive_regime_threshold_20260813__long_mug_threshold_01__libero_10_with_mug__task4__init0__difficulty_gated_requery_action__l1p0,difficulty_requery_l1_t0.1_h8,long_mug_task4_init0_adaptive_screen,libero_10_with_mug,4,0,630485,difficulty_gated_requery_action,1.0,0.1,0.002,0.0,0.5,8.0,calibration,16,True,228,15,success,True,False,15,0.0,0.0,0.0,16.0,15.0,1.0
adaptive_regime_threshold_20260813/adaptive_regime_threshold_20260813__long_mug_threshold_01__libero_10_with_mug__task4__init0__difficulty_gated_requery_action__l1p0,difficulty_requery_l1_t0.1_h8,long_mug_task4_init0_adaptive_screen,libero_10_with_mug,4,0,630582,difficulty_gated_requery_action,1.0,0.1,0.002,0.0,0.5,8.0,calibration,16,True,230,15,success,True,False,15,0.0,0.0,0.0,16.0,15.0,1.0
adaptive_regime_threshold_20260813/adaptive_regime_threshold_20260813__long_mug_threshold_01__libero_10_with_mug__task4__init0__difficulty_gated_requery_action__l1p0,difficulty_requery_l1_t0.1_h8,long_mug_task4_init0_adaptive_screen,libero_10_with_mug,4,0,630679,difficulty_gated_requery_action,1.0,0.1,0.002,0.0,0.5,8.0,calibration,16,True,226,15,success,True,False,15,0.0,0.0,0.0,16.0,15.0,1.0
adaptive_regime_threshold_20260813/adaptive_regime_threshold_20260813__long_mug_threshold_01__libero_10_with_mug__task4__init0__difficulty_gated_requery_action__l1p0,difficulty_requery_l1_t0.1_h8,long_mug_task4_init0_adaptive_screen,libero_10_with_mug,4,0,630776,difficulty_gated_requery_action,1.0,0.1,0.002,0.0,0.5,8.0,calibration,16,True,228,15,success,True,False,15,0.0,0.0,0.0,16.0,15.0,1.0
adaptive_regime_threshold_20260813/adaptive_regime_threshold_20260813__long_mug_threshold_01__libero_10_with_mug__task4__init0__difficulty_gated_requery_action__l1p0,difficulty_requery_l1_t0.1_h8,long_mug_task4_init0_adaptive_screen,libero_10_with_mug,4,0,630873,difficulty_gated_requery_action,1.0,0.1,0.002,0.0,0.5,8.0,calibration,16,True,228,15,success,True,False,15,0.0,0.0,0.0,16.0,15.0,1.0
adaptive_regime_threshold_20260813/adaptive_regime_threshold_20260813__long_mug_threshold_01__libero_10_with_mug__task4__init0__difficulty_gated_requery_action__l1p0,difficulty_requery_l1_t0.1_h8,long_mug_task4_init0_adaptive_screen,libero_10_with_mug,4,0,630970,difficulty_gated_requery_action,1.0,0.1,0.002,0.0,0.5,8.0,calibration,16,True,229,15,success,True,False,15,0.0,0.0,0.0,16.0,15.0,1.0
adaptive_regime_threshold_20260813/adaptive_regime_threshold_20260813__long_mug_threshold_01__libero_10_with_mug__task4__init0__difficulty_gated_requery_action__l1p0,difficulty_requery_l1_t0.1_h8,long_mug_task4_init0_adaptive_screen,libero_10_with_mug,4,0,631067,difficulty_gated_requery_action,1.0,0.1,0.002,0.0,0.5,8.0,calibration,16,False,520,33,target_drop_candidate,True,False,33,0.0,0.0,0.0,16.0,33.0,1.0
adaptive_regime_threshold_20260813/adaptive_regime_threshold_20260813__long_mug_threshold_02__libero_10_with_mug__task4__init0__difficulty_gated_action__l1p0,difficulty_l1_t0.2,long_mug_task4_init0_adaptive_screen,libero_10_with_mug,4,0,630000,difficulty_gated_action,1.0,0.2,0.002,0.0,0.5,8.0,calibration,16,False,520,33,target_drop_candidate,True,False,33,0.0,0.0,0.0,16.0,33.0,1.0
adaptive_regime_threshold_20260813/adaptive_regime_threshold_20260813__long_mug_threshold_02__libero_10_with_mug__task4__init0__difficulty_gated_action__l1p0,difficulty_l1_t0.2,long_mug_task4_init0_adaptive_screen,libero_10_with_mug,4,0,630097,difficulty_gated_action,1.0,0.2,0.002,0.0,0.5,8.0,calibration,16,True,228,15,success,True,False,15,0.0,0.0,0.0,16.0,15.0,1.0
adaptive_regime_threshold_20260813/adaptive_regime_threshold_20260813__long_mug_threshold_02__libero_10_with_mug__task4__init0__difficulty_gated_action__l1p0,difficulty_l1_t0.2,long_mug_task4_init0_adaptive_screen,libero_10_with_mug,4,0,630194,difficulty_gated_action,1.0,0.2,0.002,0.0,0.5,8.0,calibration,16,True,227,15,success,True,False,15,0.0,0.0,0.0,16.0,15.0,1.0
adaptive_regime_threshold_20260813/adaptive_regime_threshold_20260813__long_mug_threshold_02__libero_10_with_mug__task4__init0__difficulty_gated_action__l1p0,difficulty_l1_t0.2,long_mug_task4_init0_adaptive_screen,libero_10_with_mug,4,0,630291,difficulty_gated_action,1.0,0.2,0.002,0.0,0.5,8.0,calibration,16,False,520,33,target_drop_candidate,True,False,33,0.0,0.0,0.0,16.0,33.0,1.0
adaptive_regime_threshold_20260813/adaptive_regime_threshold_20260813__long_mug_threshold_02__libero_10_with_mug__task4__init0__difficulty_gated_action__l1p0,difficulty_l1_t0.2,long_mug_task4_init0_adaptive_screen,libero_10_with_mug,4,0,630388,difficulty_gated_action,1.0,0.2,0.002,0.0,0.5,8.0,calibration,16,True,227,15,success,True,False,15,0.0,0.0,0.0,16.0,15.0,1.0
adaptive_regime_threshold_20260813/adaptive_regime_threshold_20260813__long_mug_threshold_02__libero_10_with_mug__task4__init0__difficulty_gated_action__l1p0,difficulty_l1_t0.2,long_mug_task4_init0_adaptive_screen,libero_10_with_mug,4,0,630485,difficulty_gated_action,1.0,0.2,0.002,0.0,0.5,8.0,calibration,16,True,228,15,success,True,False,15,0.0,0.0,0.0,16.0,15.0,1.0
adaptive_regime_threshold_20260813/adaptive_regime_threshold_20260813__long_mug_threshold_02__libero_10_with_mug__task4__init0__difficulty_gated_action__l1p0,difficulty_l1_t0.2,long_mug_task4_init0_adaptive_screen,libero_10_with_mug,4,0,630582,difficulty_gated_action,1.0,0.2,0.002,0.0,0.5,8.0,calibration,16,True,230,15,success,True,False,15,0.0,0.0,0.0,16.0,15.0,1.0
adaptive_regime_threshold_20260813/adaptive_regime_threshold_20260813__long_mug_threshold_02__libero_10_with_mug__task4__init0__difficulty_gated_action__l1p0,difficulty_l1_t0.2,long_mug_task4_init0_adaptive_screen,libero_10_with_mug,4,0,630679,difficulty_gated_action,1.0,0.2,0.002,0.0,0.5,8.0,calibration,16,True,226,15,success,True,False,15,0.0,0.0,0.0,16.0,15.0,1.0
adaptive_regime_threshold_20260813/adaptive_regime_threshold_20260813__long_mug_threshold_02__libero_10_with_mug__task4__init0__difficulty_gated_action__l1p0,difficulty_l1_t0.2,long_mug_task4_init0_adaptive_screen,libero_10_with_mug,4,0,630776,difficulty_gated_action,1.0,0.2,0.002,0.0,0.5,8.0,calibration,16,True,228,15,success,True,False,15,0.0,0.0,0.0,16.0,15.0,1.0
adaptive_regime_threshold_20260813/adaptive_regime_threshold_20260813__long_mug_threshold_02__libero_10_with_mug__task4__init0__difficulty_gated_action__l1p0,difficulty_l1_t0.2,long_mug_task4_init0_adaptive_screen,libero_10_with_mug,4,0,630873,difficulty_gated_action,1.0,0.2,0.002,0.0,0.5,8.0,calibration,16,True,228,15,success,True,False,15,0.0,0.0,0.0,16.0,15.0,1.0
adaptive_regime_threshold_20260813/adaptive_regime_threshold_20260813__long_mug_threshold_02__libero_10_with_mug__task4__init0__difficulty_gated_action__l1p0,difficulty_l1_t0.2,long_mug_task4_init0_adaptive_screen,libero_10_with_mug,4,0,630970,difficulty_gated_action,1.0,0.2,0.002,0.0,0.5,8.0,calibration,16,True,229,15,success,True,False,15,0.0,0.0,0.0,16.0,15.0,1.0
adaptive_regime_threshold_20260813/adaptive_regime_threshold_20260813__long_mug_threshold_02__libero_10_with_mug__task4__init0__difficulty_gated_action__l1p0,difficulty_l1_t0.2,long_mug_task4_init0_adaptive_screen,libero_10_with_mug,4,0,631067,difficulty_gated_action,1.0,0.2,0.002,0.0,0.5,8.0,calibration,16,False,520,33,target_drop_candidate,True,False,33,0.0,0.0,0.0,16.0,33.0,1.0
adaptive_regime_threshold_20260813/adaptive_regime_threshold_20260813__long_mug_threshold_02__libero_10_with_mug__task4__init0__difficulty_gated_requery_action__l1p0,difficulty_requery_l1_t0.2_h8,long_mug_task4_init0_adaptive_screen,libero_10_with_mug,4,0,630000,difficulty_gated_requery_action,1.0,0.2,0.002,0.0,0.5,8.0,calibration,16,False,520,33,target_drop_candidate,True,False,33,0.0,0.0,0.0,16.0,33.0,1.0
adaptive_regime_threshold_20260813/adaptive_regime_threshold_20260813__long_mug_threshold_02__libero_10_with_mug__task4__init0__difficulty_gated_requery_action__l1p0,difficulty_requery_l1_t0.2_h8,long_mug_task4_init0_adaptive_screen,libero_10_with_mug,4,0,630097,difficulty_gated_requery_action,1.0,0.2,0.002,0.0,0.5,8.0,calibration,16,True,228,15,success,True,False,15,0.0,0.0,0.0,16.0,15.0,1.0
adaptive_regime_threshold_20260813/adaptive_regime_threshold_20260813__long_mug_threshold_02__libero_10_with_mug__task4__init0__difficulty_gated_requery_action__l1p0,difficulty_requery_l1_t0.2_h8,long_mug_task4_init0_adaptive_screen,libero_10_with_mug,4,0,630194,difficulty_gated_requery_action,1.0,0.2,0.002,0.0,0.5,8.0,calibration,16,True,227,15,success,True,False,15,0.0,0.0,0.0,16.0,15.0,1.0
adaptive_regime_threshold_20260813/adaptive_regime_threshold_20260813__long_mug_threshold_02__libero_10_with_mug__task4__init0__difficulty_gated_requery_action__l1p0,difficulty_requery_l1_t0.2_h8,long_mug_task4_init0_adaptive_screen,libero_10_with_mug,4,0,630291,difficulty_gated_requery_action,1.0,0.2,0.002,0.0,0.5,8.0,calibration,16,False,520,33,target_drop_candidate,True,False,33,0.0,0.0,0.0,16.0,33.0,1.0
adaptive_regime_threshold_20260813/adaptive_regime_threshold_20260813__long_mug_threshold_02__libero_10_with_mug__task4__init0__difficulty_gated_requery_action__l1p0,difficulty_requery_l1_t0.2_h8,long_mug_task4_init0_adaptive_screen,libero_10_with_mug,4,0,630388,difficulty_gated_requery_action,1.0,0.2,0.002,0.0,0.5,8.0,calibration,16,True,227,15,success,True,False,15,0.0,0.0,0.0,16.0,15.0,1.0
adaptive_regime_threshold_20260813/adaptive_regime_threshold_20260813__long_mug_threshold_02__libero_10_with_mug__task4__init0__difficulty_gated_requery_action__l1p0,difficulty_requery_l1_t0.2_h8,long_mug_task4_init0_adaptive_screen,libero_10_with_mug,4,0,630485,difficulty_gated_requery_action,1.0,0.2,0.002,0.0,0.5,8.0,calibration,16,True,228,15,success,True,False,15,0.0,0.0,0.0,16.0,15.0,1.0
adaptive_regime_threshold_20260813/adaptive_regime_threshold_20260813__long_mug_threshold_02__libero_10_with_mug__task4__init0__difficulty_gated_requery_action__l1p0,difficulty_requery_l1_t0.2_h8,long_mug_task4_init0_adaptive_screen,libero_10_with_mug,4,0,630582,difficulty_gated_requery_action,1.0,0.2,0.002,0.0,0.5,8.0,calibration,16,True,230,15,success,True,False,15,0.0,0.0,0.0,16.0,15.0,1.0
adaptive_regime_threshold_20260813/adaptive_regime_threshold_20260813__long_mug_threshold_02__libero_10_with_mug__task4__init0__difficulty_gated_requery_action__l1p0,difficulty_requery_l1_t0.2_h8,long_mug_task4_init0_adaptive_screen,libero_10_with_mug,4,0,630679,difficulty_gated_requery_action,1.0,0.2,0.002,0.0,0.5,8.0,calibration,16,True,226,15,success,True,False,15,0.0,0.0,0.0,16.0,15.0,1.0
adaptive_regime_threshold_20260813/adaptive_regime_threshold_20260813__long_mug_threshold_02__libero_10_with_mug__task4__init0__difficulty_gated_requery_action__l1p0,difficulty_requery_l1_t0.2_h8,long_mug_task4_init0_adaptive_screen,libero_10_with_mug,4,0,630776,difficulty_gated_requery_action,1.0,0.2,0.002,0.0,0.5,8.0,calibration,16,True,228,15,success,True,False,15,0.0,0.0,0.0,16.0,15.0,1.0
adaptive_regime_threshold_20260813/adaptive_regime_threshold_20260813__long_mug_threshold_02__libero_10_with_mug__task4__init0__difficulty_gated_requery_action__l1p0,difficulty_requery_l1_t0.2_h8,long_mug_task4_init0_adaptive_screen,libero_10_with_mug,4,0,630873,difficulty_gated_requery_action,1.0,0.2,0.002,0.0,0.5,8.0,calibration,16,True,228,15,success,True,False,15,0.0,0.0,0.0,16.0,15.0,1.0
adaptive_regime_threshold_20260813/adaptive_regime_threshold_20260813__long_mug_threshold_02__libero_10_with_mug__task4__init0__difficulty_gated_requery_action__l1p0,difficulty_requery_l1_t0.2_h8,long_mug_task4_init0_adaptive_screen,libero_10_with_mug,4,0,630970,difficulty_gated_requery_action,1.0,0.2,0.002,0.0,0.5,8.0,calibration,16,True,229,15,success,True,False,15,0.0,0.0,0.0,16.0,15.0,1.0
adaptive_regime_threshold_20260813/adaptive_regime_threshold_20260813__long_mug_threshold_02__libero_10_with_mug__task4__init0__difficulty_gated_requery_action__l1p0,difficulty_requery_l1_t0.2_h8,long_mug_task4_init0_adaptive_screen,libero_10_with_mug,4,0,631067,difficulty_gated_requery_action,1.0,0.2,0.002,0.0,0.5,8.0,calibration,16,False,520,33,target_drop_candidate,True,False,33,0.0,0.0,0.0,16.0,33.0,1.0
adaptive_regime_threshold_20260813/adaptive_regime_threshold_20260813__milk_threshold_01__libero_spatial_with_milk__task5__init0__difficulty_gated_action__l1p0,difficulty_l1_t0.1,milk_task5_init0_adaptive_screen,libero_spatial_with_milk,5,0,610000,difficulty_gated_action,1.0,0.1,0.002,0.0,0.5,8.0,calibration,16,True,143,9,success,False,False,9,0.33333333333333337,1.0,0.0,16.0,9.0,1.0
adaptive_regime_threshold_20260813/adaptive_regime_threshold_20260813__milk_threshold_01__libero_spatial_with_milk__task5__init0__difficulty_gated_action__l1p0,difficulty_l1_t0.1,milk_task5_init0_adaptive_screen,libero_spatial_with_milk,5,0,610097,difficulty_gated_action,1.0,0.1,0.002,0.0,0.5,8.0,calibration,16,False,220,14,target_drop_candidate,True,False,14,0.5,1.0,0.0,16.0,14.0,1.0
adaptive_regime_threshold_20260813/adaptive_regime_threshold_20260813__milk_threshold_01__libero_spatial_with_milk__task5__init0__difficulty_gated_action__l1p0,difficulty_l1_t0.1,milk_task5_init0_adaptive_screen,libero_spatial_with_milk,5,0,610194,difficulty_gated_action,1.0,0.1,0.002,0.0,0.5,8.0,calibration,16,True,144,9,success,False,False,9,0.5555555555555556,1.0,0.0,16.0,9.0,1.0
adaptive_regime_threshold_20260813/adaptive_regime_threshold_20260813__milk_threshold_01__libero_spatial_with_milk__task5__init0__difficulty_gated_action__l1p0,difficulty_l1_t0.1,milk_task5_init0_adaptive_screen,libero_spatial_with_milk,5,0,610291,difficulty_gated_action,1.0,0.1,0.002,0.0,0.5,8.0,calibration,16,False,220,14,target_drop_candidate,True,False,14,0.4285714285714286,1.0,0.0,16.0,14.0,1.0
adaptive_regime_threshold_20260813/adaptive_regime_threshold_20260813__milk_threshold_01__libero_spatial_with_milk__task5__init0__difficulty_gated_action__l1p0,difficulty_l1_t0.1,milk_task5_init0_adaptive_screen,libero_spatial_with_milk,5,0,610388,difficulty_gated_action,1.0,0.1,0.002,0.0,0.5,8.0,calibration,16,True,145,10,success,False,False,10,0.6,1.0,0.0,16.0,10.0,1.0
adaptive_regime_threshold_20260813/adaptive_regime_threshold_20260813__milk_threshold_01__libero_spatial_with_milk__task5__init0__difficulty_gated_action__l1p0,difficulty_l1_t0.1,milk_task5_init0_adaptive_screen,libero_spatial_with_milk,5,0,610485,difficulty_gated_action,1.0,0.1,0.002,0.0,0.5,8.0,calibration,16,True,117,8,success,False,False,8,0.5,1.0,0.0,16.0,8.0,1.0
adaptive_regime_threshold_20260813/adaptive_regime_threshold_20260813__milk_threshold_01__libero_spatial_with_milk__task5__init0__difficulty_gated_action__l1p0,difficulty_l1_t0.1,milk_task5_init0_adaptive_screen,libero_spatial_with_milk,5,0,610582,difficulty_gated_action,1.0,0.1,0.002,0.0,0.5,8.0,calibration,16,False,220,14,target_drop_candidate,True,False,14,0.5,1.0,0.0,16.0,14.0,1.0
adaptive_regime_threshold_20260813/adaptive_regime_threshold_20260813__milk_threshold_01__libero_spatial_with_milk__task5__init0__difficulty_gated_action__l1p0,difficulty_l1_t0.1,milk_task5_init0_adaptive_screen,libero_spatial_with_milk,5,0,610679,difficulty_gated_action,1.0,0.1,0.002,0.0,0.5,8.0,calibration,16,True,124,8,success,False,False,8,0.25,1.0,0.0,16.0,8.0,1.0
adaptive_regime_threshold_20260813/adaptive_regime_threshold_20260813__milk_threshold_01__libero_spatial_with_milk__task5__init0__difficulty_gated_action__l1p0,difficulty_l1_t0.1,milk_task5_init0_adaptive_screen,libero_spatial_with_milk,5,0,610776,difficulty_gated_action,1.0,0.1,0.002,0.0,0.5,8.0,calibration,16,False,220,14,target_drop_candidate,True,False,14,0.2857142857142857,1.0,0.0,16.0,14.0,1.0
adaptive_regime_threshold_20260813/adaptive_regime_threshold_20260813__milk_threshold_01__libero_spatial_with_milk__task5__init0__difficulty_gated_action__l1p0,difficulty_l1_t0.1,milk_task5_init0_adaptive_screen,libero_spatial_with_milk,5,0,610873,difficulty_gated_action,1.0,0.1,0.002,0.0,0.5,8.0,calibration,16,False,220,14,timeout_no_goal,False,False,14,0.5714285714285714,1.0,0.0,16.0,14.0,1.0
adaptive_regime_threshold_20260813/adaptive_regime_threshold_20260813__milk_threshold_01__libero_spatial_with_milk__task5__init0__difficulty_gated_action__l1p0,difficulty_l1_t0.1,milk_task5_init0_adaptive_screen,libero_spatial_with_milk,5,0,610970,difficulty_gated_action,1.0,0.1,0.002,0.0,0.5,8.0,calibration,16,True,146,10,success,False,False,10,0.6,1.0,0.0,16.0,10.0,1.0
adaptive_regime_threshold_20260813/adaptive_regime_threshold_20260813__milk_threshold_01__libero_spatial_with_milk__task5__init0__difficulty_gated_action__l1p0,difficulty_l1_t0.1,milk_task5_init0_adaptive_screen,libero_spatial_with_milk,5,0,611067,difficulty_gated_action,1.0,0.1,0.002,0.0,0.5,8.0,calibration,16,False,220,14,target_drop_candidate,True,False,14,0.5,1.0,0.0,16.0,14.0,1.0
adaptive_regime_threshold_20260813/adaptive_regime_threshold_20260813__milk_threshold_01__libero_spatial_with_milk__task5__init0__difficulty_gated_requery_action__l1p0,difficulty_requery_l1_t0.1_h8,milk_task5_init0_adaptive_screen,libero_spatial_with_milk,5,0,610000,difficulty_gated_requery_action,1.0,0.1,0.002,0.0,0.5,8.0,calibration,16,True,112,8,success,False,False,8,0.125,1.0,0.125,15.0,7.0,1.1428571428571428
adaptive_regime_threshold_20260813/adaptive_regime_threshold_20260813__milk_threshold_01__libero_spatial_with_milk__task5__init0__difficulty_gated_requery_action__l1p0,difficulty_requery_l1_t0.1_h8,milk_task5_init0_adaptive_screen,libero_spatial_with_milk,5,0,610097,difficulty_gated_requery_action,1.0,0.1,0.002,0.0,0.5,8.0,calibration,16,False,220,16,timeout_no_goal,False,False,16,0.25,1.0,0.25,14.0,14.0,1.1428571428571428
adaptive_regime_threshold_20260813/adaptive_regime_threshold_20260813__milk_threshold_01__libero_spatial_with_milk__task5__init0__difficulty_gated_requery_action__l1p0,difficulty_requery_l1_t0.1_h8,milk_task5_init0_adaptive_screen,libero_spatial_with_milk,5,0,610194,difficulty_gated_requery_action,1.0,0.1,0.002,0.0,0.5,8.0,calibration,16,True,117,9,success,False,False,9,0.33333333333333337,1.0,0.3333333333333333,13.333333333333334,8.0,1.125
adaptive_regime_threshold_20260813/adaptive_regime_threshold_20260813__milk_threshold_01__libero_spatial_with_milk__task5__init0__difficulty_gated_requery_action__l1p0,difficulty_requery_l1_t0.1_h8,milk_task5_init0_adaptive_screen,libero_spatial_with_milk,5,0,610291,difficulty_gated_requery_action,1.0,0.1,0.002,0.0,0.5,8.0,calibration,16,False,220,21,timeout_no_goal,False,False,21,0.6190476190476191,1.0,0.6190476190476191,11.047619047619047,14.0,1.5
adaptive_regime_threshold_20260813/adaptive_regime_threshold_20260813__milk_threshold_01__libero_spatial_with_milk__task5__init0__difficulty_gated_requery_action__l1p0,difficulty_requery_l1_t0.1_h8,milk_task5_init0_adaptive_screen,libero_spatial_with_milk,5,0,610388,difficulty_gated_requery_action,1.0,0.1,0.002,0.0,0.5,8.0,calibration,16,True,111,10,success,False,False,10,0.6,1.0,0.6,11.2,7.0,1.4285714285714286
adaptive_regime_threshold_20260813/adaptive_regime_threshold_20260813__milk_threshold_01__libero_spatial_with_milk__task5__init0__difficulty_gated_requery_action__l1p0,difficulty_requery_l1_t0.1_h8,milk_task5_init0_adaptive_screen,libero_spatial_with_milk,5,0,610485,difficulty_gated_requery_action,1.0,0.1,0.002,0.0,0.5,8.0,calibration,16,False,220,17,timeout_no_goal,False,False,17,0.2941176470588235,1.0,0.29411764705882354,13.647058823529411,14.0,1.2142857142857142
adaptive_regime_threshold_20260813/adaptive_regime_threshold_20260813__milk_threshold_01__libero_spatial_with_milk__task5__init0__difficulty_gated_requery_action__l1p0,difficulty_requery_l1_t0.1_h8,milk_task5_init0_adaptive_screen,libero_spatial_with_milk,5,0,610582,difficulty_gated_requery_action,1.0,0.1,0.002,0.0,0.5,8.0,calibration,16,False,220,19,timeout_no_goal,False,False,19,0.4736842105263158,1.0,0.47368421052631576,12.210526315789474,14.0,1.3571428571428572
adaptive_regime_threshold_20260813/adaptive_regime_threshold_20260813__milk_threshold_01__libero_spatial_with_milk__task5__init0__difficulty_gated_requery_action__l1p0,difficulty_requery_l1_t0.1_h8,milk_task5_init0_adaptive_screen,libero_spatial_with_milk,5,0,610679,difficulty_gated_requery_action,1.0,0.1,0.002,0.0,0.5,8.0,calibration,16,True,121,11,success,False,False,11,0.5454545454545454,1.0,0.5454545454545454,11.636363636363637,8.0,1.375
adaptive_regime_threshold_20260813/adaptive_regime_threshold_20260813__milk_threshold_01__libero_spatial_with_milk__task5__init0__difficulty_gated_requery_action__l1p0,difficulty_requery_l1_t0.1_h8,milk_task5_init0_adaptive_screen,libero_spatial_with_milk,5,0,610776,difficulty_gated_requery_action,1.0,0.1,0.002,0.0,0.5,8.0,calibration,16,True,124,11,success,False,False,11,0.5454545454545454,1.0,0.5454545454545454,11.636363636363637,8.0,1.375
adaptive_regime_threshold_20260813/adaptive_regime_threshold_20260813__milk_threshold_01__libero_spatial_with_milk__task5__init0__difficulty_gated_requery_action__l1p0,difficulty_requery_l1_t0.1_h8,milk_task5_init0_adaptive_screen,libero_spatial_with_milk,5,0,610873,difficulty_gated_requery_action,1.0,0.1,0.002,0.0,0.5,8.0,calibration,16,True,111,10,success,False,False,10,0.5,1.0,0.5,12.0,7.0,1.4285714285714286
adaptive_regime_threshold_20260813/adaptive_regime_threshold_20260813__milk_threshold_01__libero_spatial_with_milk__task5__init0__difficulty_gated_requery_action__l1p0,difficulty_requery_l1_t0.1_h8,milk_task5_init0_adaptive_screen,libero_spatial_with_milk,5,0,610970,difficulty_gated_requery_action,1.0,0.1,0.002,0.0,0.5,8.0,calibration,16,True,113,11,success,False,False,11,0.5454545454545454,1.0,0.5454545454545454,11.636363636363637,8.0,1.375
adaptive_regime_threshold_20260813/adaptive_regime_threshold_20260813__milk_threshold_01__libero_spatial_with_milk__task5__init0__difficulty_gated_requery_action__l1p0,difficulty_requery_l1_t0.1_h8,milk_task5_init0_adaptive_screen,libero_spatial_with_milk,5,0,611067,difficulty_gated_requery_action,1.0,0.1,0.002,0.0,0.5,8.0,calibration,16,True,111,9,success,False,False,9,0.4444444444444444,1.0,0.4444444444444444,12.444444444444445,7.0,1.2857142857142858
adaptive_regime_threshold_20260813/adaptive_regime_threshold_20260813__milk_threshold_02__libero_spatial_with_milk__task5__init0__difficulty_gated_action__l1p0,difficulty_l1_t0.2,milk_task5_init0_adaptive_screen,libero_spatial_with_milk,5,0,610000,difficulty_gated_action,1.0,0.2,0.002,0.0,0.5,8.0,calibration,16,True,143,9,success,False,False,9,0.2222222222222222,1.0,0.0,16.0,9.0,1.0
adaptive_regime_threshold_20260813/adaptive_regime_threshold_20260813__milk_threshold_02__libero_spatial_with_milk__task5__init0__difficulty_gated_action__l1p0,difficulty_l1_t0.2,milk_task5_init0_adaptive_screen,libero_spatial_with_milk,5,0,610097,difficulty_gated_action,1.0,0.2,0.002,0.0,0.5,8.0,calibration,16,True,145,10,success,False,False,10,0.7,1.0,0.0,16.0,10.0,1.0
adaptive_regime_threshold_20260813/adaptive_regime_threshold_20260813__milk_threshold_02__libero_spatial_with_milk__task5__init0__difficulty_gated_action__l1p0,difficulty_l1_t0.2,milk_task5_init0_adaptive_screen,libero_spatial_with_milk,5,0,610194,difficulty_gated_action,1.0,0.2,0.002,0.0,0.5,8.0,calibration,16,False,220,14,target_drop_candidate,True,False,14,0.2142857142857143,1.0,0.0,16.0,14.0,1.0
adaptive_regime_threshold_20260813/adaptive_regime_threshold_20260813__milk_threshold_02__libero_spatial_with_milk__task5__init0__difficulty_gated_action__l1p0,difficulty_l1_t0.2,milk_task5_init0_adaptive_screen,libero_spatial_with_milk,5,0,610291,difficulty_gated_action,1.0,0.2,0.002,0.0,0.5,8.0,calibration,16,True,145,10,success,False,False,10,0.6,1.0,0.0,16.0,10.0,1.0
adaptive_regime_threshold_20260813/adaptive_regime_threshold_20260813__milk_threshold_02__libero_spatial_with_milk__task5__init0__difficulty_gated_action__l1p0,difficulty_l1_t0.2,milk_task5_init0_adaptive_screen,libero_spatial_with_milk,5,0,610388,difficulty_gated_action,1.0,0.2,0.002,0.0,0.5,8.0,calibration,16,True,145,10,success,False,False,10,0.7,1.0,0.0,16.0,10.0,1.0
adaptive_regime_threshold_20260813/adaptive_regime_threshold_20260813__milk_threshold_02__libero_spatial_with_milk__task5__init0__difficulty_gated_action__l1p0,difficulty_l1_t0.2,milk_task5_init0_adaptive_screen,libero_spatial_with_milk,5,0,610485,difficulty_gated_action,1.0,0.2,0.002,0.0,0.5,8.0,calibration,16,True,145,10,success,False,False,10,0.30000000000000004,1.0,0.0,16.0,10.0,1.0
adaptive_regime_threshold_20260813/adaptive_regime_threshold_20260813__milk_threshold_02__libero_spatial_with_milk__task5__init0__difficulty_gated_action__l1p0,difficulty_l1_t0.2,milk_task5_init0_adaptive_screen,libero_spatial_with_milk,5,0,610582,difficulty_gated_action,1.0,0.2,0.002,0.0,0.5,8.0,calibration,16,False,220,14,timeout_no_goal,False,False,14,0.5,1.0,0.0,16.0,14.0,1.0
adaptive_regime_threshold_20260813/adaptive_regime_threshold_20260813__milk_threshold_02__libero_spatial_with_milk__task5__init0__difficulty_gated_action__l1p0,difficulty_l1_t0.2,milk_task5_init0_adaptive_screen,libero_spatial_with_milk,5,0,610679,difficulty_gated_action,1.0,0.2,0.002,0.0,0.5,8.0,calibration,16,True,153,10,success,False,False,10,0.4,1.0,0.0,16.0,10.0,1.0
adaptive_regime_threshold_20260813/adaptive_regime_threshold_20260813__milk_threshold_02__libero_spatial_with_milk__task5__init0__difficulty_gated_action__l1p0,difficulty_l1_t0.2,milk_task5_init0_adaptive_screen,libero_spatial_with_milk,5,0,610776,difficulty_gated_action,1.0,0.2,0.002,0.0,0.5,8.0,calibration,16,True,216,14,success,False,False,14,0.4285714285714286,1.0,0.0,16.0,14.0,1.0
adaptive_regime_threshold_20260813/adaptive_regime_threshold_20260813__milk_threshold_02__libero_spatial_with_milk__task5__init0__difficulty_gated_action__l1p0,difficulty_l1_t0.2,milk_task5_init0_adaptive_screen,libero_spatial_with_milk,5,0,610873,difficulty_gated_action,1.0,0.2,0.002,0.0,0.5,8.0,calibration,16,True,145,10,success,False,False,10,0.5,1.0,0.0,16.0,10.0,1.0
adaptive_regime_threshold_20260813/adaptive_regime_threshold_20260813__milk_threshold_02__libero_spatial_with_milk__task5__init0__difficulty_gated_action__l1p0,difficulty_l1_t0.2,milk_task5_init0_adaptive_screen,libero_spatial_with_milk,5,0,610970,difficulty_gated_action,1.0,0.2,0.002,0.0,0.5,8.0,calibration,16,False,220,14,timeout_no_goal,False,False,14,0.4285714285714286,1.0,0.0,16.0,14.0,1.0
adaptive_regime_threshold_20260813/adaptive_regime_threshold_20260813__milk_threshold_02__libero_spatial_with_milk__task5__init0__difficulty_gated_action__l1p0,difficulty_l1_t0.2,milk_task5_init0_adaptive_screen,libero_spatial_with_milk,5,0,611067,difficulty_gated_action,1.0,0.2,0.002,0.0,0.5,8.0,calibration,16,False,220,14,timeout_no_goal,False,False,14,0.2857142857142857,1.0,0.0,16.0,14.0,1.0
adaptive_regime_threshold_20260813/adaptive_regime_threshold_20260813__milk_threshold_02__libero_spatial_with_milk__task5__init0__difficulty_gated_requery_action__l1p0,difficulty_requery_l1_t0.2_h8,milk_task5_init0_adaptive_screen,libero_spatial_with_milk,5,0,610000,difficulty_gated_requery_action,1.0,0.2,0.002,0.0,0.5,8.0,calibration,16,True,112,8,success,False,False,8,0.125,1.0,0.125,15.0,7.0,1.1428571428571428
adaptive_regime_threshold_20260813/adaptive_regime_threshold_20260813__milk_threshold_02__libero_spatial_with_milk__task5__init0__difficulty_gated_requery_action__l1p0,difficulty_requery_l1_t0.2_h8,milk_task5_init0_adaptive_screen,libero_spatial_with_milk,5,0,610097,difficulty_gated_requery_action,1.0,0.2,0.002,0.0,0.5,8.0,calibration,16,False,220,16,timeout_no_goal,False,False,16,0.25,1.0,0.25,14.0,14.0,1.1428571428571428
adaptive_regime_threshold_20260813/adaptive_regime_threshold_20260813__milk_threshold_02__libero_spatial_with_milk__task5__init0__difficulty_gated_requery_action__l1p0,difficulty_requery_l1_t0.2_h8,milk_task5_init0_adaptive_screen,libero_spatial_with_milk,5,0,610194,difficulty_gated_requery_action,1.0,0.2,0.002,0.0,0.5,8.0,calibration,16,True,117,9,success,False,False,9,0.33333333333333337,1.0,0.3333333333333333,13.333333333333334,8.0,1.125
adaptive_regime_threshold_20260813/adaptive_regime_threshold_20260813__milk_threshold_02__libero_spatial_with_milk__task5__init0__difficulty_gated_requery_action__l1p0,difficulty_requery_l1_t0.2_h8,milk_task5_init0_adaptive_screen,libero_spatial_with_milk,5,0,610291,difficulty_gated_requery_action,1.0,0.2,0.002,0.0,0.5,8.0,calibration,16,False,220,21,timeout_no_goal,False,False,21,0.6190476190476191,1.0,0.6190476190476191,11.047619047619047,14.0,1.5
adaptive_regime_threshold_20260813/adaptive_regime_threshold_20260813__milk_threshold_02__libero_spatial_with_milk__task5__init0__difficulty_gated_requery_action__l1p0,difficulty_requery_l1_t0.2_h8,milk_task5_init0_adaptive_screen,libero_spatial_with_milk,5,0,610388,difficulty_gated_requery_action,1.0,0.2,0.002,0.0,0.5,8.0,calibration,16,True,111,10,success,False,False,10,0.6,1.0,0.6,11.2,7.0,1.4285714285714286
adaptive_regime_threshold_20260813/adaptive_regime_threshold_20260813__milk_threshold_02__libero_spatial_with_milk__task5__init0__difficulty_gated_requery_action__l1p0,difficulty_requery_l1_t0.2_h8,milk_task5_init0_adaptive_screen,libero_spatial_with_milk,5,0,610485,difficulty_gated_requery_action,1.0,0.2,0.002,0.0,0.5,8.0,calibration,16,False,220,17,timeout_no_goal,False,False,17,0.2941176470588235,1.0,0.29411764705882354,13.647058823529411,14.0,1.2142857142857142
adaptive_regime_threshold_20260813/adaptive_regime_threshold_20260813__milk_threshold_02__libero_spatial_with_milk__task5__init0__difficulty_gated_requery_action__l1p0,difficulty_requery_l1_t0.2_h8,milk_task5_init0_adaptive_screen,libero_spatial_with_milk,5,0,610582,difficulty_gated_requery_action,1.0,0.2,0.002,0.0,0.5,8.0,calibration,16,False,220,19,timeout_no_goal,False,False,19,0.4736842105263158,1.0,0.47368421052631576,12.210526315789474,14.0,1.3571428571428572
adaptive_regime_threshold_20260813/adaptive_regime_threshold_20260813__milk_threshold_02__libero_spatial_with_milk__task5__init0__difficulty_gated_requery_action__l1p0,difficulty_requery_l1_t0.2_h8,milk_task5_init0_adaptive_screen,libero_spatial_with_milk,5,0,610679,difficulty_gated_requery_action,1.0,0.2,0.002,0.0,0.5,8.0,calibration,16,True,121,11,success,False,False,11,0.5454545454545454,1.0,0.5454545454545454,11.636363636363637,8.0,1.375
adaptive_regime_threshold_20260813/adaptive_regime_threshold_20260813__milk_threshold_02__libero_spatial_with_milk__task5__init0__difficulty_gated_requery_action__l1p0,difficulty_requery_l1_t0.2_h8,milk_task5_init0_adaptive_screen,libero_spatial_with_milk,5,0,610776,difficulty_gated_requery_action,1.0,0.2,0.002,0.0,0.5,8.0,calibration,16,True,124,11,success,False,False,11,0.5454545454545454,1.0,0.5454545454545454,11.636363636363637,8.0,1.375
adaptive_regime_threshold_20260813/adaptive_regime_threshold_20260813__milk_threshold_02__libero_spatial_with_milk__task5__init0__difficulty_gated_requery_action__l1p0,difficulty_requery_l1_t0.2_h8,milk_task5_init0_adaptive_screen,libero_spatial_with_milk,5,0,610873,difficulty_gated_requery_action,1.0,0.2,0.002,0.0,0.5,8.0,calibration,16,True,111,10,success,False,False,10,0.5,1.0,0.5,12.0,7.0,1.4285714285714286
adaptive_regime_threshold_20260813/adaptive_regime_threshold_20260813__milk_threshold_02__libero_spatial_with_milk__task5__init0__difficulty_gated_requery_action__l1p0,difficulty_requery_l1_t0.2_h8,milk_task5_init0_adaptive_screen,libero_spatial_with_milk,5,0,610970,difficulty_gated_requery_action,1.0,0.2,0.002,0.0,0.5,8.0,calibration,16,True,113,11,success,False,False,11,0.5454545454545454,1.0,0.5454545454545454,11.636363636363637,8.0,1.375
adaptive_regime_threshold_20260813/adaptive_regime_threshold_20260813__milk_threshold_02__libero_spatial_with_milk__task5__init0__difficulty_gated_requery_action__l1p0,difficulty_requery_l1_t0.2_h8,milk_task5_init0_adaptive_screen,libero_spatial_with_milk,5,0,611067,difficulty_gated_requery_action,1.0,0.2,0.002,0.0,0.5,8.0,calibration,16,True,111,9,success,False,False,9,0.4444444444444444,1.0,0.4444444444444444,12.444444444444445,7.0,1.2857142857142858
adaptive_regime_threshold_20260813/adaptive_regime_threshold_20260813__yellow_threshold_01__libero_spatial_with_yellow_book__task8__init0__difficulty_gated_action__l1p0,difficulty_l1_t0.1,yellow_task8_init0_adaptive_screen,libero_spatial_with_yellow_book,8,0,620000,difficulty_gated_action,1.0,0.1,0.002,0.0,0.5,8.0,calibration,16,False,220,14,timeout_no_goal,False,False,14,0.4285714285714286,1.0,0.0,16.0,14.0,1.0
adaptive_regime_threshold_20260813/adaptive_regime_threshold_20260813__yellow_threshold_01__libero_spatial_with_yellow_book__task8__init0__difficulty_gated_action__l1p0,difficulty_l1_t0.1,yellow_task8_init0_adaptive_screen,libero_spatial_with_yellow_book,8,0,620097,difficulty_gated_action,1.0,0.1,0.002,0.0,0.5,8.0,calibration,16,False,220,14,timeout_no_goal,False,False,14,0.2857142857142857,1.0,0.0,16.0,14.0,1.0
adaptive_regime_threshold_20260813/adaptive_regime_threshold_20260813__yellow_threshold_01__libero_spatial_with_yellow_book__task8__init0__difficulty_gated_action__l1p0,difficulty_l1_t0.1,yellow_task8_init0_adaptive_screen,libero_spatial_with_yellow_book,8,0,620194,difficulty_gated_action,1.0,0.1,0.002,0.0,0.5,8.0,calibration,16,False,220,14,timeout_no_goal,False,False,14,0.6428571428571428,1.0,0.0,16.0,14.0,1.0
adaptive_regime_threshold_20260813/adaptive_regime_threshold_20260813__yellow_threshold_01__libero_spatial_with_yellow_book__task8__init0__difficulty_gated_action__l1p0,difficulty_l1_t0.1,yellow_task8_init0_adaptive_screen,libero_spatial_with_yellow_book,8,0,620291,difficulty_gated_action,1.0,0.1,0.002,0.0,0.5,8.0,calibration,16,True,151,10,success,False,False,10,0.4,1.0,0.0,16.0,10.0,1.0
adaptive_regime_threshold_20260813/adaptive_regime_threshold_20260813__yellow_threshold_01__libero_spatial_with_yellow_book__task8__init0__difficulty_gated_action__l1p0,difficulty_l1_t0.1,yellow_task8_init0_adaptive_screen,libero_spatial_with_yellow_book,8,0,620388,difficulty_gated_action,1.0,0.1,0.002,0.0,0.5,8.0,calibration,16,True,218,14,success,True,False,14,0.5,1.0,0.0,16.0,14.0,1.0
adaptive_regime_threshold_20260813/adaptive_regime_threshold_20260813__yellow_threshold_01__libero_spatial_with_yellow_book__task8__init0__difficulty_gated_action__l1p0,difficulty_l1_t0.1,yellow_task8_init0_adaptive_screen,libero_spatial_with_yellow_book,8,0,620485,difficulty_gated_action,1.0,0.1,0.002,0.0,0.5,8.0,calibration,16,True,144,9,success,False,False,9,0.33333333333333337,1.0,0.0,16.0,9.0,1.0
adaptive_regime_threshold_20260813/adaptive_regime_threshold_20260813__yellow_threshold_01__libero_spatial_with_yellow_book__task8__init0__difficulty_gated_action__l1p0,difficulty_l1_t0.1,yellow_task8_init0_adaptive_screen,libero_spatial_with_yellow_book,8,0,620582,difficulty_gated_action,1.0,0.1,0.002,0.0,0.5,8.0,calibration,16,False,220,14,timeout_no_goal,False,False,14,0.0714285714285714,1.0,0.0,16.0,14.0,1.0
adaptive_regime_threshold_20260813/adaptive_regime_threshold_20260813__yellow_threshold_01__libero_spatial_with_yellow_book__task8__init0__difficulty_gated_action__l1p0,difficulty_l1_t0.1,yellow_task8_init0_adaptive_screen,libero_spatial_with_yellow_book,8,0,620679,difficulty_gated_action,1.0,0.1,0.002,0.0,0.5,8.0,calibration,16,True,144,9,success,False,False,9,0.2222222222222222,1.0,0.0,16.0,9.0,1.0
adaptive_regime_threshold_20260813/adaptive_regime_threshold_20260813__yellow_threshold_01__libero_spatial_with_yellow_book__task8__init0__difficulty_gated_action__l1p0,difficulty_l1_t0.1,yellow_task8_init0_adaptive_screen,libero_spatial_with_yellow_book,8,0,620776,difficulty_gated_action,1.0,0.1,0.002,0.0,0.5,8.0,calibration,16,False,220,14,timeout_no_goal,False,False,14,0.2142857142857143,1.0,0.0,16.0,14.0,1.0
adaptive_regime_threshold_20260813/adaptive_regime_threshold_20260813__yellow_threshold_01__libero_spatial_with_yellow_book__task8__init0__difficulty_gated_action__l1p0,difficulty_l1_t0.1,yellow_task8_init0_adaptive_screen,libero_spatial_with_yellow_book,8,0,620873,difficulty_gated_action,1.0,0.1,0.002,0.0,0.5,8.0,calibration,16,False,220,14,timeout_no_goal,False,False,14,0.5,1.0,0.0,16.0,14.0,1.0
adaptive_regime_threshold_20260813/adaptive_regime_threshold_20260813__yellow_threshold_01__libero_spatial_with_yellow_book__task8__init0__difficulty_gated_action__l1p0,difficulty_l1_t0.1,yellow_task8_init0_adaptive_screen,libero_spatial_with_yellow_book,8,0,620970,difficulty_gated_action,1.0,0.1,0.002,0.0,0.5,8.0,calibration,16,True,150,10,success,False,False,10,0.5,1.0,0.0,16.0,10.0,1.0
adaptive_regime_threshold_20260813/adaptive_regime_threshold_20260813__yellow_threshold_01__libero_spatial_with_yellow_book__task8__init0__difficulty_gated_action__l1p0,difficulty_l1_t0.1,yellow_task8_init0_adaptive_screen,libero_spatial_with_yellow_book,8,0,621067,difficulty_gated_action,1.0,0.1,0.002,0.0,0.5,8.0,calibration,16,False,220,14,timeout_no_goal,False,False,14,0.3571428571428571,1.0,0.0,16.0,14.0,1.0
adaptive_regime_threshold_20260813/adaptive_regime_threshold_20260813__yellow_threshold_01__libero_spatial_with_yellow_book__task8__init0__difficulty_gated_requery_action__l1p0,difficulty_requery_l1_t0.1_h8,yellow_task8_init0_adaptive_screen,libero_spatial_with_yellow_book,8,0,620000,difficulty_gated_requery_action,1.0,0.1,0.002,0.0,0.5,8.0,calibration,16,True,141,11,success,False,False,11,0.36363636363636365,1.0,0.36363636363636365,13.090909090909092,9.0,1.2222222222222223
adaptive_regime_threshold_20260813/adaptive_regime_threshold_20260813__yellow_threshold_01__libero_spatial_with_yellow_book__task8__init0__difficulty_gated_requery_action__l1p0,difficulty_requery_l1_t0.1_h8,yellow_task8_init0_adaptive_screen,libero_spatial_with_yellow_book,8,0,620097,difficulty_gated_requery_action,1.0,0.1,0.002,0.0,0.5,8.0,calibration,16,False,220,16,timeout_no_goal,False,False,16,0.25,1.0,0.25,14.0,14.0,1.1428571428571428
adaptive_regime_threshold_20260813/adaptive_regime_threshold_20260813__yellow_threshold_01__libero_spatial_with_yellow_book__task8__init0__difficulty_gated_requery_action__l1p0,difficulty_requery_l1_t0.1_h8,yellow_task8_init0_adaptive_screen,libero_spatial_with_yellow_book,8,0,620194,difficulty_gated_requery_action,1.0,0.1,0.002,0.0,0.5,8.0,calibration,16,True,142,12,success,False,False,12,0.41666666666666663,1.0,0.4166666666666667,12.666666666666666,9.0,1.3333333333333333
adaptive_regime_threshold_20260813/adaptive_regime_threshold_20260813__yellow_threshold_01__libero_spatial_with_yellow_book__task8__init0__difficulty_gated_requery_action__l1p0,difficulty_requery_l1_t0.1_h8,yellow_task8_init0_adaptive_screen,libero_spatial_with_yellow_book,8,0,620291,difficulty_gated_requery_action,1.0,0.1,0.002,0.0,0.5,8.0,calibration,16,True,115,8,success,False,False,8,0.125,1.0,0.125,15.0,8.0,1.0
adaptive_regime_threshold_20260813/adaptive_regime_threshold_20260813__yellow_threshold_01__libero_spatial_with_yellow_book__task8__init0__difficulty_gated_requery_action__l1p0,difficulty_requery_l1_t0.1_h8,yellow_task8_init0_adaptive_screen,libero_spatial_with_yellow_book,8,0,620388,difficulty_gated_requery_action,1.0,0.1,0.002,0.0,0.5,8.0,calibration,16,True,108,10,success,False,False,10,0.6,1.0,0.6,11.2,7.0,1.4285714285714286
adaptive_regime_threshold_20260813/adaptive_regime_threshold_20260813__yellow_threshold_01__libero_spatial_with_yellow_book__task8__init0__difficulty_gated_requery_action__l1p0,difficulty_requery_l1_t0.1_h8,yellow_task8_init0_adaptive_screen,libero_spatial_with_yellow_book,8,0,620485,difficulty_gated_requery_action,1.0,0.1,0.002,0.0,0.5,8.0,calibration,16,True,110,9,success,False,False,9,0.4444444444444444,1.0,0.4444444444444444,12.444444444444445,7.0,1.2857142857142858
adaptive_regime_threshold_20260813/adaptive_regime_threshold_20260813__yellow_threshold_01__libero_spatial_with_yellow_book__task8__init0__difficulty_gated_requery_action__l1p0,difficulty_requery_l1_t0.1_h8,yellow_task8_init0_adaptive_screen,libero_spatial_with_yellow_book,8,0,620582,difficulty_gated_requery_action,1.0,0.1,0.002,0.0,0.5,8.0,calibration,16,False,220,17,timeout_no_goal,False,False,17,0.3529411764705882,1.0,0.35294117647058826,13.176470588235293,14.0,1.2142857142857142
adaptive_regime_threshold_20260813/adaptive_regime_threshold_20260813__yellow_threshold_01__libero_spatial_with_yellow_book__task8__init0__difficulty_gated_requery_action__l1p0,difficulty_requery_l1_t0.1_h8,yellow_task8_init0_adaptive_screen,libero_spatial_with_yellow_book,8,0,620679,difficulty_gated_requery_action,1.0,0.1,0.002,0.0,0.5,8.0,calibration,16,True,145,11,success,False,False,11,0.2727272727272727,1.0,0.2727272727272727,13.818181818181818,10.0,1.1
adaptive_regime_threshold_20260813/adaptive_regime_threshold_20260813__yellow_threshold_01__libero_spatial_with_yellow_book__task8__init0__difficulty_gated_requery_action__l1p0,difficulty_requery_l1_t0.1_h8,yellow_task8_init0_adaptive_screen,libero_spatial_with_yellow_book,8,0,620776,difficulty_gated_requery_action,1.0,0.1,0.002,0.0,0.5,8.0,calibration,16,False,220,17,wrong_object_interaction_candidate,False,True,17,0.2941176470588235,1.0,0.29411764705882354,13.647058823529411,14.0,1.2142857142857142
adaptive_regime_threshold_20260813/adaptive_regime_threshold_20260813__yellow_threshold_01__libero_spatial_with_yellow_book__task8__init0__difficulty_gated_requery_action__l1p0,difficulty_requery_l1_t0.1_h8,yellow_task8_init0_adaptive_screen,libero_spatial_with_yellow_book,8,0,620873,difficulty_gated_requery_action,1.0,0.1,0.002,0.0,0.5,8.0,calibration,16,True,107,10,success,False,False,10,0.6,1.0,0.6,11.2,7.0,1.4285714285714286
adaptive_regime_threshold_20260813/adaptive_regime_threshold_20260813__yellow_threshold_01__libero_spatial_with_yellow_book__task8__init0__difficulty_gated_requery_action__l1p0,difficulty_requery_l1_t0.1_h8,yellow_task8_init0_adaptive_screen,libero_spatial_with_yellow_book,8,0,620970,difficulty_gated_requery_action,1.0,0.1,0.002,0.0,0.5,8.0,calibration,16,True,114,10,success,False,False,10,0.5,1.0,0.5,12.0,8.0,1.25
adaptive_regime_threshold_20260813/adaptive_regime_threshold_20260813__yellow_threshold_01__libero_spatial_with_yellow_book__task8__init0__difficulty_gated_requery_action__l1p0,difficulty_requery_l1_t0.1_h8,yellow_task8_init0_adaptive_screen,libero_spatial_with_yellow_book,8,0,621067,difficulty_gated_requery_action,1.0,0.1,0.002,0.0,0.5,8.0,calibration,16,True,113,10,success,False,False,10,0.4,1.0,0.4,12.8,8.0,1.25
adaptive_regime_threshold_20260813/adaptive_regime_threshold_20260813__yellow_threshold_02__libero_spatial_with_yellow_book__task8__init0__difficulty_gated_action__l1p0,difficulty_l1_t0.2,yellow_task8_init0_adaptive_screen,libero_spatial_with_yellow_book,8,0,620000,difficulty_gated_action,1.0,0.2,0.002,0.0,0.5,8.0,calibration,16,False,220,14,timeout_no_goal,False,False,14,0.4285714285714286,1.0,0.0,16.0,14.0,1.0
adaptive_regime_threshold_20260813/adaptive_regime_threshold_20260813__yellow_threshold_02__libero_spatial_with_yellow_book__task8__init0__difficulty_gated_action__l1p0,difficulty_l1_t0.2,yellow_task8_init0_adaptive_screen,libero_spatial_with_yellow_book,8,0,620097,difficulty_gated_action,1.0,0.2,0.002,0.0,0.5,8.0,calibration,16,False,220,14,timeout_no_goal,False,False,14,0.2857142857142857,1.0,0.0,16.0,14.0,1.0
adaptive_regime_threshold_20260813/adaptive_regime_threshold_20260813__yellow_threshold_02__libero_spatial_with_yellow_book__task8__init0__difficulty_gated_action__l1p0,difficulty_l1_t0.2,yellow_task8_init0_adaptive_screen,libero_spatial_with_yellow_book,8,0,620194,difficulty_gated_action,1.0,0.2,0.002,0.0,0.5,8.0,calibration,16,False,220,14,timeout_no_goal,False,False,14,0.6428571428571428,1.0,0.0,16.0,14.0,1.0
adaptive_regime_threshold_20260813/adaptive_regime_threshold_20260813__yellow_threshold_02__libero_spatial_with_yellow_book__task8__init0__difficulty_gated_action__l1p0,difficulty_l1_t0.2,yellow_task8_init0_adaptive_screen,libero_spatial_with_yellow_book,8,0,620291,difficulty_gated_action,1.0,0.2,0.002,0.0,0.5,8.0,calibration,16,True,151,10,success,False,False,10,0.4,1.0,0.0,16.0,10.0,1.0
adaptive_regime_threshold_20260813/adaptive_regime_threshold_20260813__yellow_threshold_02__libero_spatial_with_yellow_book__task8__init0__difficulty_gated_action__l1p0,difficulty_l1_t0.2,yellow_task8_init0_adaptive_screen,libero_spatial_with_yellow_book,8,0,620388,difficulty_gated_action,1.0,0.2,0.002,0.0,0.5,8.0,calibration,16,True,218,14,success,True,False,14,0.5,1.0,0.0,16.0,14.0,1.0
adaptive_regime_threshold_20260813/adaptive_regime_threshold_20260813__yellow_threshold_02__libero_spatial_with_yellow_book__task8__init0__difficulty_gated_action__l1p0,difficulty_l1_t0.2,yellow_task8_init0_adaptive_screen,libero_spatial_with_yellow_book,8,0,620485,difficulty_gated_action,1.0,0.2,0.002,0.0,0.5,8.0,calibration,16,True,144,9,success,False,False,9,0.33333333333333337,1.0,0.0,16.0,9.0,1.0
adaptive_regime_threshold_20260813/adaptive_regime_threshold_20260813__yellow_threshold_02__libero_spatial_with_yellow_book__task8__init0__difficulty_gated_action__l1p0,difficulty_l1_t0.2,yellow_task8_init0_adaptive_screen,libero_spatial_with_yellow_book,8,0,620582,difficulty_gated_action,1.0,0.2,0.002,0.0,0.5,8.0,calibration,16,False,220,14,timeout_no_goal,False,False,14,0.0714285714285714,1.0,0.0,16.0,14.0,1.0
adaptive_regime_threshold_20260813/adaptive_regime_threshold_20260813__yellow_threshold_02__libero_spatial_with_yellow_book__task8__init0__difficulty_gated_action__l1p0,difficulty_l1_t0.2,yellow_task8_init0_adaptive_screen,libero_spatial_with_yellow_book,8,0,620679,difficulty_gated_action,1.0,0.2,0.002,0.0,0.5,8.0,calibration,16,True,144,9,success,False,False,9,0.2222222222222222,1.0,0.0,16.0,9.0,1.0
adaptive_regime_threshold_20260813/adaptive_regime_threshold_20260813__yellow_threshold_02__libero_spatial_with_yellow_book__task8__init0__difficulty_gated_action__l1p0,difficulty_l1_t0.2,yellow_task8_init0_adaptive_screen,libero_spatial_with_yellow_book,8,0,620776,difficulty_gated_action,1.0,0.2,0.002,0.0,0.5,8.0,calibration,16,False,220,14,timeout_no_goal,False,False,14,0.2142857142857143,1.0,0.0,16.0,14.0,1.0
adaptive_regime_threshold_20260813/adaptive_regime_threshold_20260813__yellow_threshold_02__libero_spatial_with_yellow_book__task8__init0__difficulty_gated_action__l1p0,difficulty_l1_t0.2,yellow_task8_init0_adaptive_screen,libero_spatial_with_yellow_book,8,0,620873,difficulty_gated_action,1.0,0.2,0.002,0.0,0.5,8.0,calibration,16,False,220,14,timeout_no_goal,False,False,14,0.5,1.0,0.0,16.0,14.0,1.0
adaptive_regime_threshold_20260813/adaptive_regime_threshold_20260813__yellow_threshold_02__libero_spatial_with_yellow_book__task8__init0__difficulty_gated_action__l1p0,difficulty_l1_t0.2,yellow_task8_init0_adaptive_screen,libero_spatial_with_yellow_book,8,0,620970,difficulty_gated_action,1.0,0.2,0.002,0.0,0.5,8.0,calibration,16,True,150,10,success,False,False,10,0.5,1.0,0.0,16.0,10.0,1.0
adaptive_regime_threshold_20260813/adaptive_regime_threshold_20260813__yellow_threshold_02__libero_spatial_with_yellow_book__task8__init0__difficulty_gated_action__l1p0,difficulty_l1_t0.2,yellow_task8_init0_adaptive_screen,libero_spatial_with_yellow_book,8,0,621067,difficulty_gated_action,1.0,0.2,0.002,0.0,0.5,8.0,calibration,16,False,220,14,timeout_no_goal,False,False,14,0.3571428571428571,1.0,0.0,16.0,14.0,1.0
adaptive_regime_threshold_20260813/adaptive_regime_threshold_20260813__yellow_threshold_02__libero_spatial_with_yellow_book__task8__init0__difficulty_gated_requery_action__l1p0,difficulty_requery_l1_t0.2_h8,yellow_task8_init0_adaptive_screen,libero_spatial_with_yellow_book,8,0,620000,difficulty_gated_requery_action,1.0,0.2,0.002,0.0,0.5,8.0,calibration,16,True,141,11,success,False,False,11,0.36363636363636365,1.0,0.36363636363636365,13.090909090909092,9.0,1.2222222222222223
adaptive_regime_threshold_20260813/adaptive_regime_threshold_20260813__yellow_threshold_02__libero_spatial_with_yellow_book__task8__init0__difficulty_gated_requery_action__l1p0,difficulty_requery_l1_t0.2_h8,yellow_task8_init0_adaptive_screen,libero_spatial_with_yellow_book,8,0,620097,difficulty_gated_requery_action,1.0,0.2,0.002,0.0,0.5,8.0,calibration,16,False,220,16,timeout_no_goal,False,False,16,0.25,1.0,0.25,14.0,14.0,1.1428571428571428
adaptive_regime_threshold_20260813/adaptive_regime_threshold_20260813__yellow_threshold_02__libero_spatial_with_yellow_book__task8__init0__difficulty_gated_requery_action__l1p0,difficulty_requery_l1_t0.2_h8,yellow_task8_init0_adaptive_screen,libero_spatial_with_yellow_book,8,0,620194,difficulty_gated_requery_action,1.0,0.2,0.002,0.0,0.5,8.0,calibration,16,True,142,12,success,False,False,12,0.41666666666666663,1.0,0.4166666666666667,12.666666666666666,9.0,1.3333333333333333
adaptive_regime_threshold_20260813/adaptive_regime_threshold_20260813__yellow_threshold_02__libero_spatial_with_yellow_book__task8__init0__difficulty_gated_requery_action__l1p0,difficulty_requery_l1_t0.2_h8,yellow_task8_init0_adaptive_screen,libero_spatial_with_yellow_book,8,0,620291,difficulty_gated_requery_action,1.0,0.2,0.002,0.0,0.5,8.0,calibration,16,True,115,8,success,False,False,8,0.125,1.0,0.125,15.0,8.0,1.0
adaptive_regime_threshold_20260813/adaptive_regime_threshold_20260813__yellow_threshold_02__libero_spatial_with_yellow_book__task8__init0__difficulty_gated_requery_action__l1p0,difficulty_requery_l1_t0.2_h8,yellow_task8_init0_adaptive_screen,libero_spatial_with_yellow_book,8,0,620388,difficulty_gated_requery_action,1.0,0.2,0.002,0.0,0.5,8.0,calibration,16,True,108,10,success,False,False,10,0.6,1.0,0.6,11.2,7.0,1.4285714285714286
adaptive_regime_threshold_20260813/adaptive_regime_threshold_20260813__yellow_threshold_02__libero_spatial_with_yellow_book__task8__init0__difficulty_gated_requery_action__l1p0,difficulty_requery_l1_t0.2_h8,yellow_task8_init0_adaptive_screen,libero_spatial_with_yellow_book,8,0,620485,difficulty_gated_requery_action,1.0,0.2,0.002,0.0,0.5,8.0,calibration,16,True,110,9,success,False,False,9,0.4444444444444444,1.0,0.4444444444444444,12.444444444444445,7.0,1.2857142857142858
adaptive_regime_threshold_20260813/adaptive_regime_threshold_20260813__yellow_threshold_02__libero_spatial_with_yellow_book__task8__init0__difficulty_gated_requery_action__l1p0,difficulty_requery_l1_t0.2_h8,yellow_task8_init0_adaptive_screen,libero_spatial_with_yellow_book,8,0,620582,difficulty_gated_requery_action,1.0,0.2,0.002,0.0,0.5,8.0,calibration,16,False,220,17,timeout_no_goal,False,False,17,0.3529411764705882,1.0,0.35294117647058826,13.176470588235293,14.0,1.2142857142857142
adaptive_regime_threshold_20260813/adaptive_regime_threshold_20260813__yellow_threshold_02__libero_spatial_with_yellow_book__task8__init0__difficulty_gated_requery_action__l1p0,difficulty_requery_l1_t0.2_h8,yellow_task8_init0_adaptive_screen,libero_spatial_with_yellow_book,8,0,620679,difficulty_gated_requery_action,1.0,0.2,0.002,0.0,0.5,8.0,calibration,16,True,145,11,success,False,False,11,0.2727272727272727,1.0,0.2727272727272727,13.818181818181818,10.0,1.1
adaptive_regime_threshold_20260813/adaptive_regime_threshold_20260813__yellow_threshold_02__libero_spatial_with_yellow_book__task8__init0__difficulty_gated_requery_action__l1p0,difficulty_requery_l1_t0.2_h8,yellow_task8_init0_adaptive_screen,libero_spatial_with_yellow_book,8,0,620776,difficulty_gated_requery_action,1.0,0.2,0.002,0.0,0.5,8.0,calibration,16,False,220,17,wrong_object_interaction_candidate,False,True,17,0.2941176470588235,1.0,0.29411764705882354,13.647058823529411,14.0,1.2142857142857142
adaptive_regime_threshold_20260813/adaptive_regime_threshold_20260813__yellow_threshold_02__libero_spatial_with_yellow_book__task8__init0__difficulty_gated_requery_action__l1p0,difficulty_requery_l1_t0.2_h8,yellow_task8_init0_adaptive_screen,libero_spatial_with_yellow_book,8,0,620873,difficulty_gated_requery_action,1.0,0.2,0.002,0.0,0.5,8.0,calibration,16,True,107,10,success,False,False,10,0.6,1.0,0.6,11.2,7.0,1.4285714285714286
adaptive_regime_threshold_20260813/adaptive_regime_threshold_20260813__yellow_threshold_02__libero_spatial_with_yellow_book__task8__init0__difficulty_gated_requery_action__l1p0,difficulty_requery_l1_t0.2_h8,yellow_task8_init0_adaptive_screen,libero_spatial_with_yellow_book,8,0,620970,difficulty_gated_requery_action,1.0,0.2,0.002,0.0,0.5,8.0,calibration,16,True,114,10,success,False,False,10,0.5,1.0,0.5,12.0,8.0,1.25
adaptive_regime_threshold_20260813/adaptive_regime_threshold_20260813__yellow_threshold_02__libero_spatial_with_yellow_book__task8__init0__difficulty_gated_requery_action__l1p0,difficulty_requery_l1_t0.2_h8,yellow_task8_init0_adaptive_screen,libero_spatial_with_yellow_book,8,0,621067,difficulty_gated_requery_action,1.0,0.2,0.002,0.0,0.5,8.0,calibration,16,True,113,10,success,False,False,10,0.4,1.0,0.4,12.8,8.0,1.25
adaptive_screening_20260813/adaptive_screening_20260813__long_mug_core__libero_10_with_mug__task4__init0__consensus_action__l1p0,consensus_l1,long_mug_task4_init0_adaptive_screen,libero_10_with_mug,4,0,630000,consensus_action,1.0,0.088588,0.002,0.0,0.5,8.0,calibration,16,True,228,15,success,True,False,15,0.5333333333333333,0.0,0.0,16.0,15.0,1.0
adaptive_screening_20260813/adaptive_screening_20260813__long_mug_core__libero_10_with_mug__task4__init0__consensus_action__l1p0,consensus_l1,long_mug_task4_init0_adaptive_screen,libero_10_with_mug,4,0,630097,consensus_action,1.0,0.088588,0.002,0.0,0.5,8.0,calibration,16,True,229,15,success,True,False,15,0.2666666666666667,0.0,0.0,16.0,15.0,1.0
adaptive_screening_20260813/adaptive_screening_20260813__long_mug_core__libero_10_with_mug__task4__init0__consensus_action__l1p0,consensus_l1,long_mug_task4_init0_adaptive_screen,libero_10_with_mug,4,0,630194,consensus_action,1.0,0.088588,0.002,0.0,0.5,8.0,calibration,16,True,228,15,success,True,False,15,0.4,0.0,0.0,16.0,15.0,1.0
adaptive_screening_20260813/adaptive_screening_20260813__long_mug_core__libero_10_with_mug__task4__init0__consensus_action__l1p0,consensus_l1,long_mug_task4_init0_adaptive_screen,libero_10_with_mug,4,0,630291,consensus_action,1.0,0.088588,0.002,0.0,0.5,8.0,calibration,16,True,225,15,success,True,False,15,0.4666666666666667,0.0,0.0,16.0,15.0,1.0
adaptive_screening_20260813/adaptive_screening_20260813__long_mug_core__libero_10_with_mug__task4__init0__consensus_action__l1p0,consensus_l1,long_mug_task4_init0_adaptive_screen,libero_10_with_mug,4,0,630388,consensus_action,1.0,0.088588,0.002,0.0,0.5,8.0,calibration,16,True,228,15,success,True,False,15,0.6,0.0,0.0,16.0,15.0,1.0
adaptive_screening_20260813/adaptive_screening_20260813__long_mug_core__libero_10_with_mug__task4__init0__consensus_action__l1p0,consensus_l1,long_mug_task4_init0_adaptive_screen,libero_10_with_mug,4,0,630485,consensus_action,1.0,0.088588,0.002,0.0,0.5,8.0,calibration,16,True,229,15,success,True,False,15,0.4666666666666667,0.0,0.0,16.0,15.0,1.0
adaptive_screening_20260813/adaptive_screening_20260813__long_mug_core__libero_10_with_mug__task4__init0__consensus_action__l1p0,consensus_l1,long_mug_task4_init0_adaptive_screen,libero_10_with_mug,4,0,630582,consensus_action,1.0,0.088588,0.002,0.0,0.5,8.0,calibration,16,True,228,15,success,True,False,15,0.1333333333333333,0.0,0.0,16.0,15.0,1.0
adaptive_screening_20260813/adaptive_screening_20260813__long_mug_core__libero_10_with_mug__task4__init0__consensus_action__l1p0,consensus_l1,long_mug_task4_init0_adaptive_screen,libero_10_with_mug,4,0,630679,consensus_action,1.0,0.088588,0.002,0.0,0.5,8.0,calibration,16,False,520,33,target_drop_candidate,True,False,33,0.36363636363636365,0.0,0.0,16.0,33.0,1.0
adaptive_screening_20260813/adaptive_screening_20260813__long_mug_core__libero_10_with_mug__task4__init0__consensus_action__l1p0,consensus_l1,long_mug_task4_init0_adaptive_screen,libero_10_with_mug,4,0,630776,consensus_action,1.0,0.088588,0.002,0.0,0.5,8.0,calibration,16,True,228,15,success,True,False,15,0.4,0.0,0.0,16.0,15.0,1.0
adaptive_screening_20260813/adaptive_screening_20260813__long_mug_core__libero_10_with_mug__task4__init0__consensus_action__l1p0,consensus_l1,long_mug_task4_init0_adaptive_screen,libero_10_with_mug,4,0,630873,consensus_action,1.0,0.088588,0.002,0.0,0.5,8.0,calibration,16,True,228,15,success,True,False,15,0.1333333333333333,0.0,0.0,16.0,15.0,1.0
adaptive_screening_20260813/adaptive_screening_20260813__long_mug_core__libero_10_with_mug__task4__init0__consensus_action__l1p0,consensus_l1,long_mug_task4_init0_adaptive_screen,libero_10_with_mug,4,0,630970,consensus_action,1.0,0.088588,0.002,0.0,0.5,8.0,calibration,16,True,228,15,success,True,False,15,0.33333333333333337,0.0,0.0,16.0,15.0,1.0
adaptive_screening_20260813/adaptive_screening_20260813__long_mug_core__libero_10_with_mug__task4__init0__consensus_action__l1p0,consensus_l1,long_mug_task4_init0_adaptive_screen,libero_10_with_mug,4,0,631067,consensus_action,1.0,0.088588,0.002,0.0,0.5,8.0,calibration,16,False,520,33,target_drop_candidate,True,False,33,0.4242424242424242,0.0,0.0,16.0,33.0,1.0
adaptive_screening_20260813/adaptive_screening_20260813__long_mug_core__libero_10_with_mug__task4__init0__difficulty_gated_action__l1p0,difficulty_l1_t0.088588,long_mug_task4_init0_adaptive_screen,libero_10_with_mug,4,0,630000,difficulty_gated_action,1.0,0.088588,0.002,0.0,0.5,8.0,calibration,16,True,228,15,success,True,False,15,0.0,0.0,0.0,16.0,15.0,1.0
adaptive_screening_20260813/adaptive_screening_20260813__long_mug_core__libero_10_with_mug__task4__init0__difficulty_gated_action__l1p0,difficulty_l1_t0.088588,long_mug_task4_init0_adaptive_screen,libero_10_with_mug,4,0,630097,difficulty_gated_action,1.0,0.088588,0.002,0.0,0.5,8.0,calibration,16,True,231,15,success,True,False,15,0.4666666666666667,1.0,0.0,16.0,15.0,1.0
adaptive_screening_20260813/adaptive_screening_20260813__long_mug_core__libero_10_with_mug__task4__init0__difficulty_gated_action__l1p0,difficulty_l1_t0.088588,long_mug_task4_init0_adaptive_screen,libero_10_with_mug,4,0,630194,difficulty_gated_action,1.0,0.088588,0.002,0.0,0.5,8.0,calibration,16,True,225,15,success,True,False,15,0.4666666666666667,1.0,0.0,16.0,15.0,1.0
adaptive_screening_20260813/adaptive_screening_20260813__long_mug_core__libero_10_with_mug__task4__init0__difficulty_gated_action__l1p0,difficulty_l1_t0.088588,long_mug_task4_init0_adaptive_screen,libero_10_with_mug,4,0,630291,difficulty_gated_action,1.0,0.088588,0.002,0.0,0.5,8.0,calibration,16,True,225,15,success,True,False,15,0.0,0.0,0.0,16.0,15.0,1.0
adaptive_screening_20260813/adaptive_screening_20260813__long_mug_core__libero_10_with_mug__task4__init0__difficulty_gated_action__l1p0,difficulty_l1_t0.088588,long_mug_task4_init0_adaptive_screen,libero_10_with_mug,4,0,630388,difficulty_gated_action,1.0,0.088588,0.002,0.0,0.5,8.0,calibration,16,True,227,15,success,True,False,15,0.0,0.0,0.0,16.0,15.0,1.0
adaptive_screening_20260813/adaptive_screening_20260813__long_mug_core__libero_10_with_mug__task4__init0__difficulty_gated_action__l1p0,difficulty_l1_t0.088588,long_mug_task4_init0_adaptive_screen,libero_10_with_mug,4,0,630485,difficulty_gated_action,1.0,0.088588,0.002,0.0,0.5,8.0,calibration,16,True,229,15,success,True,False,15,0.0,0.0,0.0,16.0,15.0,1.0
adaptive_screening_20260813/adaptive_screening_20260813__long_mug_core__libero_10_with_mug__task4__init0__difficulty_gated_action__l1p0,difficulty_l1_t0.088588,long_mug_task4_init0_adaptive_screen,libero_10_with_mug,4,0,630582,difficulty_gated_action,1.0,0.088588,0.002,0.0,0.5,8.0,calibration,16,True,230,15,success,True,False,15,0.0,0.0,0.0,16.0,15.0,1.0
adaptive_screening_20260813/adaptive_screening_20260813__long_mug_core__libero_10_with_mug__task4__init0__difficulty_gated_action__l1p0,difficulty_l1_t0.088588,long_mug_task4_init0_adaptive_screen,libero_10_with_mug,4,0,630679,difficulty_gated_action,1.0,0.088588,0.002,0.0,0.5,8.0,calibration,16,True,225,15,success,True,False,15,0.0,0.0,0.0,16.0,15.0,1.0
adaptive_screening_20260813/adaptive_screening_20260813__long_mug_core__libero_10_with_mug__task4__init0__difficulty_gated_action__l1p0,difficulty_l1_t0.088588,long_mug_task4_init0_adaptive_screen,libero_10_with_mug,4,0,630776,difficulty_gated_action,1.0,0.088588,0.002,0.0,0.5,8.0,calibration,16,True,228,15,success,True,False,15,0.0,0.0,0.0,16.0,15.0,1.0
adaptive_screening_20260813/adaptive_screening_20260813__long_mug_core__libero_10_with_mug__task4__init0__difficulty_gated_action__l1p0,difficulty_l1_t0.088588,long_mug_task4_init0_adaptive_screen,libero_10_with_mug,4,0,630873,difficulty_gated_action,1.0,0.088588,0.002,0.0,0.5,8.0,calibration,16,True,228,15,success,True,False,15,0.5333333333333333,1.0,0.0,16.0,15.0,1.0
adaptive_screening_20260813/adaptive_screening_20260813__long_mug_core__libero_10_with_mug__task4__init0__difficulty_gated_action__l1p0,difficulty_l1_t0.088588,long_mug_task4_init0_adaptive_screen,libero_10_with_mug,4,0,630970,difficulty_gated_action,1.0,0.088588,0.002,0.0,0.5,8.0,calibration,16,False,520,33,target_drop_candidate,True,False,33,0.36363636363636365,1.0,0.0,16.0,33.0,1.0
adaptive_screening_20260813/adaptive_screening_20260813__long_mug_core__libero_10_with_mug__task4__init0__difficulty_gated_action__l1p0,difficulty_l1_t0.088588,long_mug_task4_init0_adaptive_screen,libero_10_with_mug,4,0,631067,difficulty_gated_action,1.0,0.088588,0.002,0.0,0.5,8.0,calibration,16,False,520,33,target_drop_candidate,True,False,33,0.5151515151515151,1.0,0.0,16.0,33.0,1.0
adaptive_screening_20260813/adaptive_screening_20260813__long_mug_core__libero_10_with_mug__task4__init0__difficulty_gated_requery_action__l1p0,difficulty_requery_l1_t0.088588_h8,long_mug_task4_init0_adaptive_screen,libero_10_with_mug,4,0,630000,difficulty_gated_requery_action,1.0,0.088588,0.002,0.0,0.5,8.0,calibration,16,False,520,33,target_drop_candidate,True,False,33,0.0,0.0,0.0,16.0,33.0,1.0
adaptive_screening_20260813/adaptive_screening_20260813__long_mug_core__libero_10_with_mug__task4__init0__difficulty_gated_requery_action__l1p0,difficulty_requery_l1_t0.088588_h8,long_mug_task4_init0_adaptive_screen,libero_10_with_mug,4,0,630097,difficulty_gated_requery_action,1.0,0.088588,0.002,0.0,0.5,8.0,calibration,16,True,210,16,success,True,False,16,0.25,1.0,0.25,14.0,14.0,1.1428571428571428
adaptive_screening_20260813/adaptive_screening_20260813__long_mug_core__libero_10_with_mug__task4__init0__difficulty_gated_requery_action__l1p0,difficulty_requery_l1_t0.088588_h8,long_mug_task4_init0_adaptive_screen,libero_10_with_mug,4,0,630194,difficulty_gated_requery_action,1.0,0.088588,0.002,0.0,0.5,8.0,calibration,16,True,216,20,success,True,False,20,0.65,1.0,0.65,10.8,14.0,1.4285714285714286
adaptive_screening_20260813/adaptive_screening_20260813__long_mug_core__libero_10_with_mug__task4__init0__difficulty_gated_requery_action__l1p0,difficulty_requery_l1_t0.088588_h8,long_mug_task4_init0_adaptive_screen,libero_10_with_mug,4,0,630291,difficulty_gated_requery_action,1.0,0.088588,0.002,0.0,0.5,8.0,calibration,16,False,520,33,target_drop_candidate,True,False,33,0.0,0.0,0.0,16.0,33.0,1.0
adaptive_screening_20260813/adaptive_screening_20260813__long_mug_core__libero_10_with_mug__task4__init0__difficulty_gated_requery_action__l1p0,difficulty_requery_l1_t0.088588_h8,long_mug_task4_init0_adaptive_screen,libero_10_with_mug,4,0,630388,difficulty_gated_requery_action,1.0,0.088588,0.002,0.0,0.5,8.0,calibration,16,True,227,15,success,True,False,15,0.0,0.0,0.0,16.0,15.0,1.0
adaptive_screening_20260813/adaptive_screening_20260813__long_mug_core__libero_10_with_mug__task4__init0__difficulty_gated_requery_action__l1p0,difficulty_requery_l1_t0.088588_h8,long_mug_task4_init0_adaptive_screen,libero_10_with_mug,4,0,630485,difficulty_gated_requery_action,1.0,0.088588,0.002,0.0,0.5,8.0,calibration,16,True,228,15,success,True,False,15,0.0,0.0,0.0,16.0,15.0,1.0
adaptive_screening_20260813/adaptive_screening_20260813__long_mug_core__libero_10_with_mug__task4__init0__difficulty_gated_requery_action__l1p0,difficulty_requery_l1_t0.088588_h8,long_mug_task4_init0_adaptive_screen,libero_10_with_mug,4,0,630582,difficulty_gated_requery_action,1.0,0.088588,0.002,0.0,0.5,8.0,calibration,16,True,230,15,success,True,False,15,0.0,0.0,0.0,16.0,15.0,1.0
adaptive_screening_20260813/adaptive_screening_20260813__long_mug_core__libero_10_with_mug__task4__init0__difficulty_gated_requery_action__l1p0,difficulty_requery_l1_t0.088588_h8,long_mug_task4_init0_adaptive_screen,libero_10_with_mug,4,0,630679,difficulty_gated_requery_action,1.0,0.088588,0.002,0.0,0.5,8.0,calibration,16,True,226,15,success,True,False,15,0.0,0.0,0.0,16.0,15.0,1.0
adaptive_screening_20260813/adaptive_screening_20260813__long_mug_core__libero_10_with_mug__task4__init0__difficulty_gated_requery_action__l1p0,difficulty_requery_l1_t0.088588_h8,long_mug_task4_init0_adaptive_screen,libero_10_with_mug,4,0,630776,difficulty_gated_requery_action,1.0,0.088588,0.002,0.0,0.5,8.0,calibration,16,True,228,15,success,True,False,15,0.0,0.0,0.0,16.0,15.0,1.0
adaptive_screening_20260813/adaptive_screening_20260813__long_mug_core__libero_10_with_mug__task4__init0__difficulty_gated_requery_action__l1p0,difficulty_requery_l1_t0.088588_h8,long_mug_task4_init0_adaptive_screen,libero_10_with_mug,4,0,630873,difficulty_gated_requery_action,1.0,0.088588,0.002,0.0,0.5,8.0,calibration,16,True,219,17,success,True,False,17,0.3529411764705882,1.0,0.35294117647058826,13.176470588235293,14.0,1.2142857142857142
adaptive_screening_20260813/adaptive_screening_20260813__long_mug_core__libero_10_with_mug__task4__init0__difficulty_gated_requery_action__l1p0,difficulty_requery_l1_t0.088588_h8,long_mug_task4_init0_adaptive_screen,libero_10_with_mug,4,0,630970,difficulty_gated_requery_action,1.0,0.088588,0.002,0.0,0.5,8.0,calibration,16,True,215,16,success,True,False,16,0.3125,1.0,0.3125,13.5,14.0,1.1428571428571428
adaptive_screening_20260813/adaptive_screening_20260813__long_mug_core__libero_10_with_mug__task4__init0__difficulty_gated_requery_action__l1p0,difficulty_requery_l1_t0.088588_h8,long_mug_task4_init0_adaptive_screen,libero_10_with_mug,4,0,631067,difficulty_gated_requery_action,1.0,0.088588,0.002,0.0,0.5,8.0,calibration,16,True,219,18,success,True,False,18,0.4444444444444444,1.0,0.4444444444444444,12.444444444444445,14.0,1.2857142857142858
adaptive_screening_20260813/adaptive_screening_20260813__long_mug_core__libero_10_with_mug__task4__init0__disagreement_requery_action__l1p0,requery_l1_h8,long_mug_task4_init0_adaptive_screen,libero_10_with_mug,4,0,630000,disagreement_requery_action,1.0,0.088588,0.002,0.0,0.5,8.0,calibration,16,True,215,18,success,True,False,18,0.5,0.0,0.5,12.0,14.0,1.2857142857142858
adaptive_screening_20260813/adaptive_screening_20260813__long_mug_core__libero_10_with_mug__task4__init0__disagreement_requery_action__l1p0,requery_l1_h8,long_mug_task4_init0_adaptive_screen,libero_10_with_mug,4,0,630097,disagreement_requery_action,1.0,0.088588,0.002,0.0,0.5,8.0,calibration,16,True,210,16,success,True,False,16,0.25,0.0,0.25,14.0,14.0,1.1428571428571428
adaptive_screening_20260813/adaptive_screening_20260813__long_mug_core__libero_10_with_mug__task4__init0__disagreement_requery_action__l1p0,requery_l1_h8,long_mug_task4_init0_adaptive_screen,libero_10_with_mug,4,0,630194,disagreement_requery_action,1.0,0.088588,0.002,0.0,0.5,8.0,calibration,16,True,216,20,success,True,False,20,0.65,0.0,0.65,10.8,14.0,1.4285714285714286
adaptive_screening_20260813/adaptive_screening_20260813__long_mug_core__libero_10_with_mug__task4__init0__disagreement_requery_action__l1p0,requery_l1_h8,long_mug_task4_init0_adaptive_screen,libero_10_with_mug,4,0,630291,disagreement_requery_action,1.0,0.088588,0.002,0.0,0.5,8.0,calibration,16,True,228,17,success,True,False,17,0.23529411764705888,0.0,0.23529411764705882,14.117647058823529,15.0,1.1333333333333333
adaptive_screening_20260813/adaptive_screening_20260813__long_mug_core__libero_10_with_mug__task4__init0__disagreement_requery_action__l1p0,requery_l1_h8,long_mug_task4_init0_adaptive_screen,libero_10_with_mug,4,0,630388,disagreement_requery_action,1.0,0.088588,0.002,0.0,0.5,8.0,calibration,16,True,229,20,success,True,False,20,0.55,0.0,0.55,11.6,15.0,1.3333333333333333
adaptive_screening_20260813/adaptive_screening_20260813__long_mug_core__libero_10_with_mug__task4__init0__disagreement_requery_action__l1p0,requery_l1_h8,long_mug_task4_init0_adaptive_screen,libero_10_with_mug,4,0,630485,disagreement_requery_action,1.0,0.088588,0.002,0.0,0.5,8.0,calibration,16,True,209,17,success,True,False,17,0.3529411764705882,0.0,0.35294117647058826,13.176470588235293,14.0,1.2142857142857142
adaptive_screening_20260813/adaptive_screening_20260813__long_mug_core__libero_10_with_mug__task4__init0__disagreement_requery_action__l1p0,requery_l1_h8,long_mug_task4_init0_adaptive_screen,libero_10_with_mug,4,0,630582,disagreement_requery_action,1.0,0.088588,0.002,0.0,0.5,8.0,calibration,16,True,226,17,success,True,False,17,0.2941176470588235,0.0,0.29411764705882354,13.647058823529411,15.0,1.1333333333333333
adaptive_screening_20260813/adaptive_screening_20260813__long_mug_core__libero_10_with_mug__task4__init0__disagreement_requery_action__l1p0,requery_l1_h8,long_mug_task4_init0_adaptive_screen,libero_10_with_mug,4,0,630679,disagreement_requery_action,1.0,0.088588,0.002,0.0,0.5,8.0,calibration,16,True,215,19,success,True,False,19,0.5789473684210527,0.0,0.5789473684210527,11.368421052631579,14.0,1.3571428571428572
adaptive_screening_20260813/adaptive_screening_20260813__long_mug_core__libero_10_with_mug__task4__init0__disagreement_requery_action__l1p0,requery_l1_h8,long_mug_task4_init0_adaptive_screen,libero_10_with_mug,4,0,630776,disagreement_requery_action,1.0,0.088588,0.002,0.0,0.5,8.0,calibration,16,True,227,18,success,True,False,18,0.33333333333333337,0.0,0.3333333333333333,13.333333333333334,15.0,1.2
adaptive_screening_20260813/adaptive_screening_20260813__long_mug_core__libero_10_with_mug__task4__init0__disagreement_requery_action__l1p0,requery_l1_h8,long_mug_task4_init0_adaptive_screen,libero_10_with_mug,4,0,630873,disagreement_requery_action,1.0,0.088588,0.002,0.0,0.5,8.0,calibration,16,True,219,17,success,True,False,17,0.3529411764705882,0.0,0.35294117647058826,13.176470588235293,14.0,1.2142857142857142
adaptive_screening_20260813/adaptive_screening_20260813__long_mug_core__libero_10_with_mug__task4__init0__disagreement_requery_action__l1p0,requery_l1_h8,long_mug_task4_init0_adaptive_screen,libero_10_with_mug,4,0,630970,disagreement_requery_action,1.0,0.088588,0.002,0.0,0.5,8.0,calibration,16,True,215,16,success,True,False,16,0.3125,0.0,0.3125,13.5,14.0,1.1428571428571428
adaptive_screening_20260813/adaptive_screening_20260813__long_mug_core__libero_10_with_mug__task4__init0__disagreement_requery_action__l1p0,requery_l1_h8,long_mug_task4_init0_adaptive_screen,libero_10_with_mug,4,0,631067,disagreement_requery_action,1.0,0.088588,0.002,0.0,0.5,8.0,calibration,16,True,219,18,success,True,False,18,0.4444444444444444,0.0,0.4444444444444444,12.444444444444445,14.0,1.2857142857142858
adaptive_screening_20260813/adaptive_screening_20260813__long_mug_core__libero_10_with_mug__task4__init0__margin_gated_action__l1p0,margin_l1_v0.002_u0,long_mug_task4_init0_adaptive_screen,libero_10_with_mug,4,0,630000,margin_gated_action,1.0,0.088588,0.002,0.0,0.5,8.0,calibration,16,True,228,15,success,True,False,15,0.6,0.6,0.0,16.0,15.0,1.0
adaptive_screening_20260813/adaptive_screening_20260813__long_mug_core__libero_10_with_mug__task4__init0__margin_gated_action__l1p0,margin_l1_v0.002_u0,long_mug_task4_init0_adaptive_screen,libero_10_with_mug,4,0,630097,margin_gated_action,1.0,0.088588,0.002,0.0,0.5,8.0,calibration,16,True,225,15,success,True,False,15,0.6666666666666667,0.6666666666666666,0.0,16.0,15.0,1.0
adaptive_screening_20260813/adaptive_screening_20260813__long_mug_core__libero_10_with_mug__task4__init0__margin_gated_action__l1p0,margin_l1_v0.002_u0,long_mug_task4_init0_adaptive_screen,libero_10_with_mug,4,0,630194,margin_gated_action,1.0,0.088588,0.002,0.0,0.5,8.0,calibration,16,True,227,15,success,True,False,15,0.33333333333333337,0.3333333333333333,0.0,16.0,15.0,1.0
adaptive_screening_20260813/adaptive_screening_20260813__long_mug_core__libero_10_with_mug__task4__init0__margin_gated_action__l1p0,margin_l1_v0.002_u0,long_mug_task4_init0_adaptive_screen,libero_10_with_mug,4,0,630291,margin_gated_action,1.0,0.088588,0.002,0.0,0.5,8.0,calibration,16,False,520,33,target_drop_candidate,True,False,33,0.303030303030303,0.30303030303030304,0.0,16.0,33.0,1.0
adaptive_screening_20260813/adaptive_screening_20260813__long_mug_core__libero_10_with_mug__task4__init0__margin_gated_action__l1p0,margin_l1_v0.002_u0,long_mug_task4_init0_adaptive_screen,libero_10_with_mug,4,0,630388,margin_gated_action,1.0,0.088588,0.002,0.0,0.5,8.0,calibration,16,True,225,15,success,True,False,15,0.2666666666666667,0.26666666666666666,0.0,16.0,15.0,1.0
adaptive_screening_20260813/adaptive_screening_20260813__long_mug_core__libero_10_with_mug__task4__init0__margin_gated_action__l1p0,margin_l1_v0.002_u0,long_mug_task4_init0_adaptive_screen,libero_10_with_mug,4,0,630485,margin_gated_action,1.0,0.088588,0.002,0.0,0.5,8.0,calibration,16,True,231,15,success,True,False,15,0.4,0.4,0.0,16.0,15.0,1.0
adaptive_screening_20260813/adaptive_screening_20260813__long_mug_core__libero_10_with_mug__task4__init0__margin_gated_action__l1p0,margin_l1_v0.002_u0,long_mug_task4_init0_adaptive_screen,libero_10_with_mug,4,0,630582,margin_gated_action,1.0,0.088588,0.002,0.0,0.5,8.0,calibration,16,True,231,15,success,True,False,15,0.33333333333333337,0.3333333333333333,0.0,16.0,15.0,1.0
adaptive_screening_20260813/adaptive_screening_20260813__long_mug_core__libero_10_with_mug__task4__init0__margin_gated_action__l1p0,margin_l1_v0.002_u0,long_mug_task4_init0_adaptive_screen,libero_10_with_mug,4,0,630679,margin_gated_action,1.0,0.088588,0.002,0.0,0.5,8.0,calibration,16,True,228,15,success,True,False,15,0.4,0.4,0.0,16.0,15.0,1.0
adaptive_screening_20260813/adaptive_screening_20260813__long_mug_core__libero_10_with_mug__task4__init0__margin_gated_action__l1p0,margin_l1_v0.002_u0,long_mug_task4_init0_adaptive_screen,libero_10_with_mug,4,0,630776,margin_gated_action,1.0,0.088588,0.002,0.0,0.5,8.0,calibration,16,True,227,15,success,True,False,15,0.4,0.4,0.0,16.0,15.0,1.0
adaptive_screening_20260813/adaptive_screening_20260813__long_mug_core__libero_10_with_mug__task4__init0__margin_gated_action__l1p0,margin_l1_v0.002_u0,long_mug_task4_init0_adaptive_screen,libero_10_with_mug,4,0,630873,margin_gated_action,1.0,0.088588,0.002,0.0,0.5,8.0,calibration,16,True,228,15,success,True,False,15,0.4,0.4,0.0,16.0,15.0,1.0
adaptive_screening_20260813/adaptive_screening_20260813__long_mug_core__libero_10_with_mug__task4__init0__margin_gated_action__l1p0,margin_l1_v0.002_u0,long_mug_task4_init0_adaptive_screen,libero_10_with_mug,4,0,630970,margin_gated_action,1.0,0.088588,0.002,0.0,0.5,8.0,calibration,16,True,230,15,success,True,False,15,0.4666666666666667,0.4666666666666667,0.0,16.0,15.0,1.0
adaptive_screening_20260813/adaptive_screening_20260813__long_mug_core__libero_10_with_mug__task4__init0__margin_gated_action__l1p0,margin_l1_v0.002_u0,long_mug_task4_init0_adaptive_screen,libero_10_with_mug,4,0,631067,margin_gated_action,1.0,0.088588,0.002,0.0,0.5,8.0,calibration,16,False,520,33,target_drop_candidate,True,False,33,0.4545454545454546,0.45454545454545453,0.0,16.0,33.0,1.0
adaptive_screening_20260813/adaptive_screening_20260813__long_mug_core__libero_10_with_mug__task4__init0__max_value__l0,max_value,long_mug_task4_init0_adaptive_screen,libero_10_with_mug,4,0,630000,max_value,0.0,0.088588,0.002,0.0,0.5,8.0,calibration,16,False,520,33,target_drop_candidate,True,False,33,0.0,0.0,0.0,16.0,33.0,1.0
adaptive_screening_20260813/adaptive_screening_20260813__long_mug_core__libero_10_with_mug__task4__init0__max_value__l0,max_value,long_mug_task4_init0_adaptive_screen,libero_10_with_mug,4,0,630097,max_value,0.0,0.088588,0.002,0.0,0.5,8.0,calibration,16,True,228,15,success,True,False,15,0.0,0.0,0.0,16.0,15.0,1.0
adaptive_screening_20260813/adaptive_screening_20260813__long_mug_core__libero_10_with_mug__task4__init0__max_value__l0,max_value,long_mug_task4_init0_adaptive_screen,libero_10_with_mug,4,0,630194,max_value,0.0,0.088588,0.002,0.0,0.5,8.0,calibration,16,True,227,15,success,True,False,15,0.0,0.0,0.0,16.0,15.0,1.0
adaptive_screening_20260813/adaptive_screening_20260813__long_mug_core__libero_10_with_mug__task4__init0__max_value__l0,max_value,long_mug_task4_init0_adaptive_screen,libero_10_with_mug,4,0,630291,max_value,0.0,0.088588,0.002,0.0,0.5,8.0,calibration,16,False,520,33,target_drop_candidate,True,False,33,0.0,0.0,0.0,16.0,33.0,1.0
adaptive_screening_20260813/adaptive_screening_20260813__long_mug_core__libero_10_with_mug__task4__init0__max_value__l0,max_value,long_mug_task4_init0_adaptive_screen,libero_10_with_mug,4,0,630388,max_value,0.0,0.088588,0.002,0.0,0.5,8.0,calibration,16,True,227,15,success,True,False,15,0.0,0.0,0.0,16.0,15.0,1.0
adaptive_screening_20260813/adaptive_screening_20260813__long_mug_core__libero_10_with_mug__task4__init0__max_value__l0,max_value,long_mug_task4_init0_adaptive_screen,libero_10_with_mug,4,0,630485,max_value,0.0,0.088588,0.002,0.0,0.5,8.0,calibration,16,True,228,15,success,True,False,15,0.0,0.0,0.0,16.0,15.0,1.0
adaptive_screening_20260813/adaptive_screening_20260813__long_mug_core__libero_10_with_mug__task4__init0__max_value__l0,max_value,long_mug_task4_init0_adaptive_screen,libero_10_with_mug,4,0,630582,max_value,0.0,0.088588,0.002,0.0,0.5,8.0,calibration,16,True,230,15,success,True,False,15,0.0,0.0,0.0,16.0,15.0,1.0
adaptive_screening_20260813/adaptive_screening_20260813__long_mug_core__libero_10_with_mug__task4__init0__max_value__l0,max_value,long_mug_task4_init0_adaptive_screen,libero_10_with_mug,4,0,630679,max_value,0.0,0.088588,0.002,0.0,0.5,8.0,calibration,16,True,226,15,success,True,False,15,0.0,0.0,0.0,16.0,15.0,1.0
adaptive_screening_20260813/adaptive_screening_20260813__long_mug_core__libero_10_with_mug__task4__init0__max_value__l0,max_value,long_mug_task4_init0_adaptive_screen,libero_10_with_mug,4,0,630776,max_value,0.0,0.088588,0.002,0.0,0.5,8.0,calibration,16,True,228,15,success,True,False,15,0.0,0.0,0.0,16.0,15.0,1.0
adaptive_screening_20260813/adaptive_screening_20260813__long_mug_core__libero_10_with_mug__task4__init0__max_value__l0,max_value,long_mug_task4_init0_adaptive_screen,libero_10_with_mug,4,0,630873,max_value,0.0,0.088588,0.002,0.0,0.5,8.0,calibration,16,True,228,15,success,True,False,15,0.0,0.0,0.0,16.0,15.0,1.0
adaptive_screening_20260813/adaptive_screening_20260813__long_mug_core__libero_10_with_mug__task4__init0__max_value__l0,max_value,long_mug_task4_init0_adaptive_screen,libero_10_with_mug,4,0,630970,max_value,0.0,0.088588,0.002,0.0,0.5,8.0,calibration,16,True,229,15,success,True,False,15,0.0,0.0,0.0,16.0,15.0,1.0
adaptive_screening_20260813/adaptive_screening_20260813__long_mug_core__libero_10_with_mug__task4__init0__max_value__l0,max_value,long_mug_task4_init0_adaptive_screen,libero_10_with_mug,4,0,631067,max_value,0.0,0.088588,0.002,0.0,0.5,8.0,calibration,16,False,520,33,target_drop_candidate,True,False,33,0.0,0.0,0.0,16.0,33.0,1.0
adaptive_screening_20260813/adaptive_screening_20260813__long_mug_core__libero_10_with_mug__task4__init0__max_value_replay__l0,max_value_replay,long_mug_task4_init0_adaptive_screen,libero_10_with_mug,4,0,630000,max_value_replay,0.0,0.088588,0.002,0.0,0.5,8.0,calibration,16,False,520,33,target_drop_candidate,True,False,33,0.0,0.0,0.0,16.0,33.0,1.0
adaptive_screening_20260813/adaptive_screening_20260813__long_mug_core__libero_10_with_mug__task4__init0__max_value_replay__l0,max_value_replay,long_mug_task4_init0_adaptive_screen,libero_10_with_mug,4,0,630097,max_value_replay,0.0,0.088588,0.002,0.0,0.5,8.0,calibration,16,True,228,15,success,True,False,15,0.0,0.0,0.0,16.0,15.0,1.0
adaptive_screening_20260813/adaptive_screening_20260813__long_mug_core__libero_10_with_mug__task4__init0__max_value_replay__l0,max_value_replay,long_mug_task4_init0_adaptive_screen,libero_10_with_mug,4,0,630194,max_value_replay,0.0,0.088588,0.002,0.0,0.5,8.0,calibration,16,True,227,15,success,True,False,15,0.0,0.0,0.0,16.0,15.0,1.0
adaptive_screening_20260813/adaptive_screening_20260813__long_mug_core__libero_10_with_mug__task4__init0__max_value_replay__l0,max_value_replay,long_mug_task4_init0_adaptive_screen,libero_10_with_mug,4,0,630291,max_value_replay,0.0,0.088588,0.002,0.0,0.5,8.0,calibration,16,False,520,33,target_drop_candidate,True,False,33,0.0,0.0,0.0,16.0,33.0,1.0
adaptive_screening_20260813/adaptive_screening_20260813__long_mug_core__libero_10_with_mug__task4__init0__max_value_replay__l0,max_value_replay,long_mug_task4_init0_adaptive_screen,libero_10_with_mug,4,0,630388,max_value_replay,0.0,0.088588,0.002,0.0,0.5,8.0,calibration,16,True,227,15,success,True,False,15,0.0,0.0,0.0,16.0,15.0,1.0
adaptive_screening_20260813/adaptive_screening_20260813__long_mug_core__libero_10_with_mug__task4__init0__max_value_replay__l0,max_value_replay,long_mug_task4_init0_adaptive_screen,libero_10_with_mug,4,0,630485,max_value_replay,0.0,0.088588,0.002,0.0,0.5,8.0,calibration,16,True,228,15,success,True,False,15,0.0,0.0,0.0,16.0,15.0,1.0
adaptive_screening_20260813/adaptive_screening_20260813__long_mug_core__libero_10_with_mug__task4__init0__max_value_replay__l0,max_value_replay,long_mug_task4_init0_adaptive_screen,libero_10_with_mug,4,0,630582,max_value_replay,0.0,0.088588,0.002,0.0,0.5,8.0,calibration,16,True,230,15,success,True,False,15,0.0,0.0,0.0,16.0,15.0,1.0
adaptive_screening_20260813/adaptive_screening_20260813__long_mug_core__libero_10_with_mug__task4__init0__max_value_replay__l0,max_value_replay,long_mug_task4_init0_adaptive_screen,libero_10_with_mug,4,0,630679,max_value_replay,0.0,0.088588,0.002,0.0,0.5,8.0,calibration,16,True,226,15,success,True,False,15,0.0,0.0,0.0,16.0,15.0,1.0
adaptive_screening_20260813/adaptive_screening_20260813__long_mug_core__libero_10_with_mug__task4__init0__max_value_replay__l0,max_value_replay,long_mug_task4_init0_adaptive_screen,libero_10_with_mug,4,0,630776,max_value_replay,0.0,0.088588,0.002,0.0,0.5,8.0,calibration,16,True,228,15,success,True,False,15,0.0,0.0,0.0,16.0,15.0,1.0
adaptive_screening_20260813/adaptive_screening_20260813__long_mug_core__libero_10_with_mug__task4__init0__max_value_replay__l0,max_value_replay,long_mug_task4_init0_adaptive_screen,libero_10_with_mug,4,0,630873,max_value_replay,0.0,0.088588,0.002,0.0,0.5,8.0,calibration,16,True,228,15,success,True,False,15,0.0,0.0,0.0,16.0,15.0,1.0
adaptive_screening_20260813/adaptive_screening_20260813__long_mug_core__libero_10_with_mug__task4__init0__max_value_replay__l0,max_value_replay,long_mug_task4_init0_adaptive_screen,libero_10_with_mug,4,0,630970,max_value_replay,0.0,0.088588,0.002,0.0,0.5,8.0,calibration,16,True,229,15,success,True,False,15,0.0,0.0,0.0,16.0,15.0,1.0
adaptive_screening_20260813/adaptive_screening_20260813__long_mug_core__libero_10_with_mug__task4__init0__max_value_replay__l0,max_value_replay,long_mug_task4_init0_adaptive_screen,libero_10_with_mug,4,0,631067,max_value_replay,0.0,0.088588,0.002,0.0,0.5,8.0,calibration,16,False,520,33,target_drop_candidate,True,False,33,0.0,0.0,0.0,16.0,33.0,1.0
adaptive_screening_20260813/adaptive_screening_20260813__long_mug_core__libero_10_with_mug__task4__init0__phase_gated_action__l1p0,phase_l1_r0.5,long_mug_task4_init0_adaptive_screen,libero_10_with_mug,4,0,630000,phase_gated_action,1.0,0.088588,0.002,0.0,0.5,8.0,calibration,16,True,228,15,success,True,False,15,0.6,1.0,0.0,16.0,15.0,1.0
adaptive_screening_20260813/adaptive_screening_20260813__long_mug_core__libero_10_with_mug__task4__init0__phase_gated_action__l1p0,phase_l1_r0.5,long_mug_task4_init0_adaptive_screen,libero_10_with_mug,4,0,630097,phase_gated_action,1.0,0.088588,0.002,0.0,0.5,8.0,calibration,16,True,225,15,success,True,False,15,0.6666666666666667,1.0,0.0,16.0,15.0,1.0
adaptive_screening_20260813/adaptive_screening_20260813__long_mug_core__libero_10_with_mug__task4__init0__phase_gated_action__l1p0,phase_l1_r0.5,long_mug_task4_init0_adaptive_screen,libero_10_with_mug,4,0,630194,phase_gated_action,1.0,0.088588,0.002,0.0,0.5,8.0,calibration,16,True,229,15,success,True,False,15,0.5333333333333333,1.0,0.0,16.0,15.0,1.0
adaptive_screening_20260813/adaptive_screening_20260813__long_mug_core__libero_10_with_mug__task4__init0__phase_gated_action__l1p0,phase_l1_r0.5,long_mug_task4_init0_adaptive_screen,libero_10_with_mug,4,0,630291,phase_gated_action,1.0,0.088588,0.002,0.0,0.5,8.0,calibration,16,False,520,33,target_drop_candidate,True,False,33,0.21212121212121215,0.5151515151515151,0.0,16.0,33.0,1.0
adaptive_screening_20260813/adaptive_screening_20260813__long_mug_core__libero_10_with_mug__task4__init0__phase_gated_action__l1p0,phase_l1_r0.5,long_mug_task4_init0_adaptive_screen,libero_10_with_mug,4,0,630388,phase_gated_action,1.0,0.088588,0.002,0.0,0.5,8.0,calibration,16,True,225,15,success,True,False,15,0.2666666666666667,1.0,0.0,16.0,15.0,1.0
adaptive_screening_20260813/adaptive_screening_20260813__long_mug_core__libero_10_with_mug__task4__init0__phase_gated_action__l1p0,phase_l1_r0.5,long_mug_task4_init0_adaptive_screen,libero_10_with_mug,4,0,630485,phase_gated_action,1.0,0.088588,0.002,0.0,0.5,8.0,calibration,16,True,231,15,success,True,False,15,0.4,1.0,0.0,16.0,15.0,1.0
adaptive_screening_20260813/adaptive_screening_20260813__long_mug_core__libero_10_with_mug__task4__init0__phase_gated_action__l1p0,phase_l1_r0.5,long_mug_task4_init0_adaptive_screen,libero_10_with_mug,4,0,630582,phase_gated_action,1.0,0.088588,0.002,0.0,0.5,8.0,calibration,16,True,230,15,success,True,False,15,0.2666666666666667,1.0,0.0,16.0,15.0,1.0
adaptive_screening_20260813/adaptive_screening_20260813__long_mug_core__libero_10_with_mug__task4__init0__phase_gated_action__l1p0,phase_l1_r0.5,long_mug_task4_init0_adaptive_screen,libero_10_with_mug,4,0,630679,phase_gated_action,1.0,0.088588,0.002,0.0,0.5,8.0,calibration,16,True,228,15,success,True,False,15,0.4,1.0,0.0,16.0,15.0,1.0
adaptive_screening_20260813/adaptive_screening_20260813__long_mug_core__libero_10_with_mug__task4__init0__phase_gated_action__l1p0,phase_l1_r0.5,long_mug_task4_init0_adaptive_screen,libero_10_with_mug,4,0,630776,phase_gated_action,1.0,0.088588,0.002,0.0,0.5,8.0,calibration,16,True,227,15,success,True,False,15,0.4,1.0,0.0,16.0,15.0,1.0
adaptive_screening_20260813/adaptive_screening_20260813__long_mug_core__libero_10_with_mug__task4__init0__phase_gated_action__l1p0,phase_l1_r0.5,long_mug_task4_init0_adaptive_screen,libero_10_with_mug,4,0,630873,phase_gated_action,1.0,0.088588,0.002,0.0,0.5,8.0,calibration,16,True,228,15,success,True,False,15,0.4,1.0,0.0,16.0,15.0,1.0
adaptive_screening_20260813/adaptive_screening_20260813__long_mug_core__libero_10_with_mug__task4__init0__phase_gated_action__l1p0,phase_l1_r0.5,long_mug_task4_init0_adaptive_screen,libero_10_with_mug,4,0,630970,phase_gated_action,1.0,0.088588,0.002,0.0,0.5,8.0,calibration,16,True,230,15,success,True,False,15,0.4666666666666667,1.0,0.0,16.0,15.0,1.0
adaptive_screening_20260813/adaptive_screening_20260813__long_mug_core__libero_10_with_mug__task4__init0__phase_gated_action__l1p0,phase_l1_r0.5,long_mug_task4_init0_adaptive_screen,libero_10_with_mug,4,0,631067,phase_gated_action,1.0,0.088588,0.002,0.0,0.5,8.0,calibration,16,False,520,33,target_drop_candidate,True,False,33,0.24242424242424243,0.5151515151515151,0.0,16.0,33.0,1.0
adaptive_screening_20260813/adaptive_screening_20260813__long_mug_core__libero_10_with_mug__task4__init0__uncertainty_penalty_action__l0p5,action_l0.5,long_mug_task4_init0_adaptive_screen,libero_10_with_mug,4,0,630000,uncertainty_penalty_action,0.5,0.088588,0.002,0.0,0.5,8.0,calibration,16,True,228,15,success,True,False,15,0.2666666666666667,0.0,0.0,16.0,15.0,1.0
adaptive_screening_20260813/adaptive_screening_20260813__long_mug_core__libero_10_with_mug__task4__init0__uncertainty_penalty_action__l0p5,action_l0.5,long_mug_task4_init0_adaptive_screen,libero_10_with_mug,4,0,630097,uncertainty_penalty_action,0.5,0.088588,0.002,0.0,0.5,8.0,calibration,16,True,228,15,success,True,False,15,0.19999999999999996,0.0,0.0,16.0,15.0,1.0
adaptive_screening_20260813/adaptive_screening_20260813__long_mug_core__libero_10_with_mug__task4__init0__uncertainty_penalty_action__l0p5,action_l0.5,long_mug_task4_init0_adaptive_screen,libero_10_with_mug,4,0,630194,uncertainty_penalty_action,0.5,0.088588,0.002,0.0,0.5,8.0,calibration,16,True,224,14,success,True,False,14,0.3571428571428571,0.0,0.0,16.0,14.0,1.0
adaptive_screening_20260813/adaptive_screening_20260813__long_mug_core__libero_10_with_mug__task4__init0__uncertainty_penalty_action__l0p5,action_l0.5,long_mug_task4_init0_adaptive_screen,libero_10_with_mug,4,0,630291,uncertainty_penalty_action,0.5,0.088588,0.002,0.0,0.5,8.0,calibration,16,False,520,33,target_drop_candidate,True,False,33,0.18181818181818177,0.0,0.0,16.0,33.0,1.0
adaptive_screening_20260813/adaptive_screening_20260813__long_mug_core__libero_10_with_mug__task4__init0__uncertainty_penalty_action__l0p5,action_l0.5,long_mug_task4_init0_adaptive_screen,libero_10_with_mug,4,0,630388,uncertainty_penalty_action,0.5,0.088588,0.002,0.0,0.5,8.0,calibration,16,True,226,15,success,True,False,15,0.19999999999999996,0.0,0.0,16.0,15.0,1.0
adaptive_screening_20260813/adaptive_screening_20260813__long_mug_core__libero_10_with_mug__task4__init0__uncertainty_penalty_action__l0p5,action_l0.5,long_mug_task4_init0_adaptive_screen,libero_10_with_mug,4,0,630485,uncertainty_penalty_action,0.5,0.088588,0.002,0.0,0.5,8.0,calibration,16,True,231,15,success,True,False,15,0.1333333333333333,0.0,0.0,16.0,15.0,1.0
adaptive_screening_20260813/adaptive_screening_20260813__long_mug_core__libero_10_with_mug__task4__init0__uncertainty_penalty_action__l0p5,action_l0.5,long_mug_task4_init0_adaptive_screen,libero_10_with_mug,4,0,630582,uncertainty_penalty_action,0.5,0.088588,0.002,0.0,0.5,8.0,calibration,16,True,230,15,success,True,False,15,0.1333333333333333,0.0,0.0,16.0,15.0,1.0
adaptive_screening_20260813/adaptive_screening_20260813__long_mug_core__libero_10_with_mug__task4__init0__uncertainty_penalty_action__l0p5,action_l0.5,long_mug_task4_init0_adaptive_screen,libero_10_with_mug,4,0,630679,uncertainty_penalty_action,0.5,0.088588,0.002,0.0,0.5,8.0,calibration,16,True,226,15,success,True,False,15,0.06666666666666665,0.0,0.0,16.0,15.0,1.0
adaptive_screening_20260813/adaptive_screening_20260813__long_mug_core__libero_10_with_mug__task4__init0__uncertainty_penalty_action__l0p5,action_l0.5,long_mug_task4_init0_adaptive_screen,libero_10_with_mug,4,0,630776,uncertainty_penalty_action,0.5,0.088588,0.002,0.0,0.5,8.0,calibration,16,True,229,15,success,True,False,15,0.19999999999999996,0.0,0.0,16.0,15.0,1.0
adaptive_screening_20260813/adaptive_screening_20260813__long_mug_core__libero_10_with_mug__task4__init0__uncertainty_penalty_action__l0p5,action_l0.5,long_mug_task4_init0_adaptive_screen,libero_10_with_mug,4,0,630873,uncertainty_penalty_action,0.5,0.088588,0.002,0.0,0.5,8.0,calibration,16,True,227,15,success,True,False,15,0.1333333333333333,0.0,0.0,16.0,15.0,1.0
adaptive_screening_20260813/adaptive_screening_20260813__long_mug_core__libero_10_with_mug__task4__init0__uncertainty_penalty_action__l0p5,action_l0.5,long_mug_task4_init0_adaptive_screen,libero_10_with_mug,4,0,630970,uncertainty_penalty_action,0.5,0.088588,0.002,0.0,0.5,8.0,calibration,16,True,228,15,success,True,False,15,0.33333333333333337,0.0,0.0,16.0,15.0,1.0
adaptive_screening_20260813/adaptive_screening_20260813__long_mug_core__libero_10_with_mug__task4__init0__uncertainty_penalty_action__l0p5,action_l0.5,long_mug_task4_init0_adaptive_screen,libero_10_with_mug,4,0,631067,uncertainty_penalty_action,0.5,0.088588,0.002,0.0,0.5,8.0,calibration,16,False,520,33,target_drop_candidate,True,False,33,0.2727272727272727,0.0,0.0,16.0,33.0,1.0
adaptive_screening_20260813/adaptive_screening_20260813__long_mug_core__libero_10_with_mug__task4__init0__uncertainty_penalty_action__l1p0,action_l1,long_mug_task4_init0_adaptive_screen,libero_10_with_mug,4,0,630000,uncertainty_penalty_action,1.0,0.088588,0.002,0.0,0.5,8.0,calibration,16,True,228,15,success,True,False,15,0.6,0.0,0.0,16.0,15.0,1.0
adaptive_screening_20260813/adaptive_screening_20260813__long_mug_core__libero_10_with_mug__task4__init0__uncertainty_penalty_action__l1p0,action_l1,long_mug_task4_init0_adaptive_screen,libero_10_with_mug,4,0,630097,uncertainty_penalty_action,1.0,0.088588,0.002,0.0,0.5,8.0,calibration,16,True,225,15,success,True,False,15,0.6666666666666667,0.0,0.0,16.0,15.0,1.0
adaptive_screening_20260813/adaptive_screening_20260813__long_mug_core__libero_10_with_mug__task4__init0__uncertainty_penalty_action__l1p0,action_l1,long_mug_task4_init0_adaptive_screen,libero_10_with_mug,4,0,630194,uncertainty_penalty_action,1.0,0.088588,0.002,0.0,0.5,8.0,calibration,16,True,229,15,success,True,False,15,0.5333333333333333,0.0,0.0,16.0,15.0,1.0
adaptive_screening_20260813/adaptive_screening_20260813__long_mug_core__libero_10_with_mug__task4__init0__uncertainty_penalty_action__l1p0,action_l1,long_mug_task4_init0_adaptive_screen,libero_10_with_mug,4,0,630291,uncertainty_penalty_action,1.0,0.088588,0.002,0.0,0.5,8.0,calibration,16,False,520,33,target_drop_candidate,True,False,33,0.4545454545454546,0.0,0.0,16.0,33.0,1.0
adaptive_screening_20260813/adaptive_screening_20260813__long_mug_core__libero_10_with_mug__task4__init0__uncertainty_penalty_action__l1p0,action_l1,long_mug_task4_init0_adaptive_screen,libero_10_with_mug,4,0,630388,uncertainty_penalty_action,1.0,0.088588,0.002,0.0,0.5,8.0,calibration,16,True,225,15,success,True,False,15,0.2666666666666667,0.0,0.0,16.0,15.0,1.0
adaptive_screening_20260813/adaptive_screening_20260813__long_mug_core__libero_10_with_mug__task4__init0__uncertainty_penalty_action__l1p0,action_l1,long_mug_task4_init0_adaptive_screen,libero_10_with_mug,4,0,630485,uncertainty_penalty_action,1.0,0.088588,0.002,0.0,0.5,8.0,calibration,16,True,231,15,success,True,False,15,0.4,0.0,0.0,16.0,15.0,1.0
adaptive_screening_20260813/adaptive_screening_20260813__long_mug_core__libero_10_with_mug__task4__init0__uncertainty_penalty_action__l1p0,action_l1,long_mug_task4_init0_adaptive_screen,libero_10_with_mug,4,0,630582,uncertainty_penalty_action,1.0,0.088588,0.002,0.0,0.5,8.0,calibration,16,True,230,15,success,True,False,15,0.2666666666666667,0.0,0.0,16.0,15.0,1.0
adaptive_screening_20260813/adaptive_screening_20260813__long_mug_core__libero_10_with_mug__task4__init0__uncertainty_penalty_action__l1p0,action_l1,long_mug_task4_init0_adaptive_screen,libero_10_with_mug,4,0,630679,uncertainty_penalty_action,1.0,0.088588,0.002,0.0,0.5,8.0,calibration,16,True,228,15,success,True,False,15,0.4,0.0,0.0,16.0,15.0,1.0
adaptive_screening_20260813/adaptive_screening_20260813__long_mug_core__libero_10_with_mug__task4__init0__uncertainty_penalty_action__l1p0,action_l1,long_mug_task4_init0_adaptive_screen,libero_10_with_mug,4,0,630776,uncertainty_penalty_action,1.0,0.088588,0.002,0.0,0.5,8.0,calibration,16,True,227,15,success,True,False,15,0.4,0.0,0.0,16.0,15.0,1.0
adaptive_screening_20260813/adaptive_screening_20260813__long_mug_core__libero_10_with_mug__task4__init0__uncertainty_penalty_action__l1p0,action_l1,long_mug_task4_init0_adaptive_screen,libero_10_with_mug,4,0,630873,uncertainty_penalty_action,1.0,0.088588,0.002,0.0,0.5,8.0,calibration,16,True,228,15,success,True,False,15,0.4,0.0,0.0,16.0,15.0,1.0
adaptive_screening_20260813/adaptive_screening_20260813__long_mug_core__libero_10_with_mug__task4__init0__uncertainty_penalty_action__l1p0,action_l1,long_mug_task4_init0_adaptive_screen,libero_10_with_mug,4,0,630970,uncertainty_penalty_action,1.0,0.088588,0.002,0.0,0.5,8.0,calibration,16,True,230,15,success,True,False,15,0.4666666666666667,0.0,0.0,16.0,15.0,1.0
adaptive_screening_20260813/adaptive_screening_20260813__long_mug_core__libero_10_with_mug__task4__init0__uncertainty_penalty_action__l1p0,action_l1,long_mug_task4_init0_adaptive_screen,libero_10_with_mug,4,0,631067,uncertainty_penalty_action,1.0,0.088588,0.002,0.0,0.5,8.0,calibration,16,False,520,33,target_drop_candidate,True,False,33,0.5151515151515151,0.0,0.0,16.0,33.0,1.0
adaptive_screening_20260813/adaptive_screening_20260813__long_mug_core__libero_10_with_mug__task4__init0__uncertainty_penalty_action__l2p0,action_l2,long_mug_task4_init0_adaptive_screen,libero_10_with_mug,4,0,630000,uncertainty_penalty_action,2.0,0.088588,0.002,0.0,0.5,8.0,calibration,16,True,228,15,success,True,False,15,0.6,0.0,0.0,16.0,15.0,1.0
adaptive_screening_20260813/adaptive_screening_20260813__long_mug_core__libero_10_with_mug__task4__init0__uncertainty_penalty_action__l2p0,action_l2,long_mug_task4_init0_adaptive_screen,libero_10_with_mug,4,0,630097,uncertainty_penalty_action,2.0,0.088588,0.002,0.0,0.5,8.0,calibration,16,True,225,15,success,True,False,15,0.6,0.0,0.0,16.0,15.0,1.0
adaptive_screening_20260813/adaptive_screening_20260813__long_mug_core__libero_10_with_mug__task4__init0__uncertainty_penalty_action__l2p0,action_l2,long_mug_task4_init0_adaptive_screen,libero_10_with_mug,4,0,630194,uncertainty_penalty_action,2.0,0.088588,0.002,0.0,0.5,8.0,calibration,16,True,228,15,success,True,False,15,0.6,0.0,0.0,16.0,15.0,1.0
adaptive_screening_20260813/adaptive_screening_20260813__long_mug_core__libero_10_with_mug__task4__init0__uncertainty_penalty_action__l2p0,action_l2,long_mug_task4_init0_adaptive_screen,libero_10_with_mug,4,0,630291,uncertainty_penalty_action,2.0,0.088588,0.002,0.0,0.5,8.0,calibration,16,False,520,33,target_drop_candidate,True,False,33,0.6666666666666667,0.0,0.0,16.0,33.0,1.0
adaptive_screening_20260813/adaptive_screening_20260813__long_mug_core__libero_10_with_mug__task4__init0__uncertainty_penalty_action__l2p0,action_l2,long_mug_task4_init0_adaptive_screen,libero_10_with_mug,4,0,630388,uncertainty_penalty_action,2.0,0.088588,0.002,0.0,0.5,8.0,calibration,16,True,228,15,success,True,False,15,0.6,0.0,0.0,16.0,15.0,1.0
adaptive_screening_20260813/adaptive_screening_20260813__long_mug_core__libero_10_with_mug__task4__init0__uncertainty_penalty_action__l2p0,action_l2,long_mug_task4_init0_adaptive_screen,libero_10_with_mug,4,0,630485,uncertainty_penalty_action,2.0,0.088588,0.002,0.0,0.5,8.0,calibration,16,True,227,15,success,True,False,15,0.6666666666666667,0.0,0.0,16.0,15.0,1.0
adaptive_screening_20260813/adaptive_screening_20260813__long_mug_core__libero_10_with_mug__task4__init0__uncertainty_penalty_action__l2p0,action_l2,long_mug_task4_init0_adaptive_screen,libero_10_with_mug,4,0,630582,uncertainty_penalty_action,2.0,0.088588,0.002,0.0,0.5,8.0,calibration,16,True,230,15,success,True,False,15,0.5333333333333333,0.0,0.0,16.0,15.0,1.0
adaptive_screening_20260813/adaptive_screening_20260813__long_mug_core__libero_10_with_mug__task4__init0__uncertainty_penalty_action__l2p0,action_l2,long_mug_task4_init0_adaptive_screen,libero_10_with_mug,4,0,630679,uncertainty_penalty_action,2.0,0.088588,0.002,0.0,0.5,8.0,calibration,16,True,229,15,success,True,False,15,0.4666666666666667,0.0,0.0,16.0,15.0,1.0
adaptive_screening_20260813/adaptive_screening_20260813__long_mug_core__libero_10_with_mug__task4__init0__uncertainty_penalty_action__l2p0,action_l2,long_mug_task4_init0_adaptive_screen,libero_10_with_mug,4,0,630776,uncertainty_penalty_action,2.0,0.088588,0.002,0.0,0.5,8.0,calibration,16,False,520,33,target_drop_candidate,True,False,33,0.5757575757575757,0.0,0.0,16.0,33.0,1.0
adaptive_screening_20260813/adaptive_screening_20260813__long_mug_core__libero_10_with_mug__task4__init0__uncertainty_penalty_action__l2p0,action_l2,long_mug_task4_init0_adaptive_screen,libero_10_with_mug,4,0,630873,uncertainty_penalty_action,2.0,0.088588,0.002,0.0,0.5,8.0,calibration,16,False,520,33,target_drop_candidate,True,False,33,0.5757575757575757,0.0,0.0,16.0,33.0,1.0
adaptive_screening_20260813/adaptive_screening_20260813__long_mug_core__libero_10_with_mug__task4__init0__uncertainty_penalty_action__l2p0,action_l2,long_mug_task4_init0_adaptive_screen,libero_10_with_mug,4,0,630970,uncertainty_penalty_action,2.0,0.088588,0.002,0.0,0.5,8.0,calibration,16,False,520,33,target_drop_candidate,True,False,33,0.7272727272727273,0.0,0.0,16.0,33.0,1.0
adaptive_screening_20260813/adaptive_screening_20260813__long_mug_core__libero_10_with_mug__task4__init0__uncertainty_penalty_action__l2p0,action_l2,long_mug_task4_init0_adaptive_screen,libero_10_with_mug,4,0,631067,uncertainty_penalty_action,2.0,0.088588,0.002,0.0,0.5,8.0,calibration,16,True,228,15,success,True,False,15,0.6,0.0,0.0,16.0,15.0,1.0
adaptive_screening_20260813/adaptive_screening_20260813__long_mug_core__libero_10_with_mug__task4__init0__uncertainty_penalty_action_replay__l1p0,action_l1_replay,long_mug_task4_init0_adaptive_screen,libero_10_with_mug,4,0,630000,uncertainty_penalty_action_replay,1.0,0.088588,0.002,0.0,0.5,8.0,calibration,16,True,228,15,success,True,False,15,0.6,0.0,0.0,16.0,15.0,1.0
adaptive_screening_20260813/adaptive_screening_20260813__long_mug_core__libero_10_with_mug__task4__init0__uncertainty_penalty_action_replay__l1p0,action_l1_replay,long_mug_task4_init0_adaptive_screen,libero_10_with_mug,4,0,630097,uncertainty_penalty_action_replay,1.0,0.088588,0.002,0.0,0.5,8.0,calibration,16,True,225,15,success,True,False,15,0.6666666666666667,0.0,0.0,16.0,15.0,1.0
adaptive_screening_20260813/adaptive_screening_20260813__long_mug_core__libero_10_with_mug__task4__init0__uncertainty_penalty_action_replay__l1p0,action_l1_replay,long_mug_task4_init0_adaptive_screen,libero_10_with_mug,4,0,630194,uncertainty_penalty_action_replay,1.0,0.088588,0.002,0.0,0.5,8.0,calibration,16,True,229,15,success,True,False,15,0.5333333333333333,0.0,0.0,16.0,15.0,1.0
adaptive_screening_20260813/adaptive_screening_20260813__long_mug_core__libero_10_with_mug__task4__init0__uncertainty_penalty_action_replay__l1p0,action_l1_replay,long_mug_task4_init0_adaptive_screen,libero_10_with_mug,4,0,630291,uncertainty_penalty_action_replay,1.0,0.088588,0.002,0.0,0.5,8.0,calibration,16,False,520,33,target_drop_candidate,True,False,33,0.4545454545454546,0.0,0.0,16.0,33.0,1.0
adaptive_screening_20260813/adaptive_screening_20260813__long_mug_core__libero_10_with_mug__task4__init0__uncertainty_penalty_action_replay__l1p0,action_l1_replay,long_mug_task4_init0_adaptive_screen,libero_10_with_mug,4,0,630388,uncertainty_penalty_action_replay,1.0,0.088588,0.002,0.0,0.5,8.0,calibration,16,True,225,15,success,True,False,15,0.2666666666666667,0.0,0.0,16.0,15.0,1.0
adaptive_screening_20260813/adaptive_screening_20260813__long_mug_core__libero_10_with_mug__task4__init0__uncertainty_penalty_action_replay__l1p0,action_l1_replay,long_mug_task4_init0_adaptive_screen,libero_10_with_mug,4,0,630485,uncertainty_penalty_action_replay,1.0,0.088588,0.002,0.0,0.5,8.0,calibration,16,True,231,15,success,True,False,15,0.4,0.0,0.0,16.0,15.0,1.0
adaptive_screening_20260813/adaptive_screening_20260813__long_mug_core__libero_10_with_mug__task4__init0__uncertainty_penalty_action_replay__l1p0,action_l1_replay,long_mug_task4_init0_adaptive_screen,libero_10_with_mug,4,0,630582,uncertainty_penalty_action_replay,1.0,0.088588,0.002,0.0,0.5,8.0,calibration,16,True,230,15,success,True,False,15,0.2666666666666667,0.0,0.0,16.0,15.0,1.0
adaptive_screening_20260813/adaptive_screening_20260813__long_mug_core__libero_10_with_mug__task4__init0__uncertainty_penalty_action_replay__l1p0,action_l1_replay,long_mug_task4_init0_adaptive_screen,libero_10_with_mug,4,0,630679,uncertainty_penalty_action_replay,1.0,0.088588,0.002,0.0,0.5,8.0,calibration,16,True,228,15,success,True,False,15,0.4,0.0,0.0,16.0,15.0,1.0
adaptive_screening_20260813/adaptive_screening_20260813__long_mug_core__libero_10_with_mug__task4__init0__uncertainty_penalty_action_replay__l1p0,action_l1_replay,long_mug_task4_init0_adaptive_screen,libero_10_with_mug,4,0,630776,uncertainty_penalty_action_replay,1.0,0.088588,0.002,0.0,0.5,8.0,calibration,16,True,227,15,success,True,False,15,0.4,0.0,0.0,16.0,15.0,1.0
adaptive_screening_20260813/adaptive_screening_20260813__long_mug_core__libero_10_with_mug__task4__init0__uncertainty_penalty_action_replay__l1p0,action_l1_replay,long_mug_task4_init0_adaptive_screen,libero_10_with_mug,4,0,630873,uncertainty_penalty_action_replay,1.0,0.088588,0.002,0.0,0.5,8.0,calibration,16,True,228,15,success,True,False,15,0.4,0.0,0.0,16.0,15.0,1.0
adaptive_screening_20260813/adaptive_screening_20260813__long_mug_core__libero_10_with_mug__task4__init0__uncertainty_penalty_action_replay__l1p0,action_l1_replay,long_mug_task4_init0_adaptive_screen,libero_10_with_mug,4,0,630970,uncertainty_penalty_action_replay,1.0,0.088588,0.002,0.0,0.5,8.0,calibration,16,True,230,15,success,True,False,15,0.4666666666666667,0.0,0.0,16.0,15.0,1.0
adaptive_screening_20260813/adaptive_screening_20260813__long_mug_core__libero_10_with_mug__task4__init0__uncertainty_penalty_action_replay__l1p0,action_l1_replay,long_mug_task4_init0_adaptive_screen,libero_10_with_mug,4,0,631067,uncertainty_penalty_action_replay,1.0,0.088588,0.002,0.0,0.5,8.0,calibration,16,False,520,33,target_drop_candidate,True,False,33,0.5151515151515151,0.0,0.0,16.0,33.0,1.0
adaptive_screening_20260813/adaptive_screening_20260813__long_mug_hyperparameters__libero_10_with_mug__task4__init0__consensus_action__l0p5,consensus_l0.5,long_mug_task4_init0_adaptive_screen,libero_10_with_mug,4,0,630000,consensus_action,0.5,0.088588,0.002,0.0,0.5,8.0,calibration,16,True,229,15,success,True,False,15,0.4,0.0,0.0,16.0,15.0,1.0
adaptive_screening_20260813/adaptive_screening_20260813__long_mug_hyperparameters__libero_10_with_mug__task4__init0__consensus_action__l0p5,consensus_l0.5,long_mug_task4_init0_adaptive_screen,libero_10_with_mug,4,0,630097,consensus_action,0.5,0.088588,0.002,0.0,0.5,8.0,calibration,16,True,228,15,success,True,False,15,0.06666666666666665,0.0,0.0,16.0,15.0,1.0
adaptive_screening_20260813/adaptive_screening_20260813__long_mug_hyperparameters__libero_10_with_mug__task4__init0__consensus_action__l0p5,consensus_l0.5,long_mug_task4_init0_adaptive_screen,libero_10_with_mug,4,0,630194,consensus_action,0.5,0.088588,0.002,0.0,0.5,8.0,calibration,16,True,227,15,success,True,False,15,0.4,0.0,0.0,16.0,15.0,1.0
adaptive_screening_20260813/adaptive_screening_20260813__long_mug_hyperparameters__libero_10_with_mug__task4__init0__consensus_action__l0p5,consensus_l0.5,long_mug_task4_init0_adaptive_screen,libero_10_with_mug,4,0,630291,consensus_action,0.5,0.088588,0.002,0.0,0.5,8.0,calibration,16,False,520,33,target_drop_candidate,True,False,33,0.12121212121212122,0.0,0.0,16.0,33.0,1.0
adaptive_screening_20260813/adaptive_screening_20260813__long_mug_hyperparameters__libero_10_with_mug__task4__init0__consensus_action__l0p5,consensus_l0.5,long_mug_task4_init0_adaptive_screen,libero_10_with_mug,4,0,630388,consensus_action,0.5,0.088588,0.002,0.0,0.5,8.0,calibration,16,True,225,15,success,True,False,15,0.2666666666666667,0.0,0.0,16.0,15.0,1.0
adaptive_screening_20260813/adaptive_screening_20260813__long_mug_hyperparameters__libero_10_with_mug__task4__init0__consensus_action__l0p5,consensus_l0.5,long_mug_task4_init0_adaptive_screen,libero_10_with_mug,4,0,630485,consensus_action,0.5,0.088588,0.002,0.0,0.5,8.0,calibration,16,True,227,15,success,True,False,15,0.1333333333333333,0.0,0.0,16.0,15.0,1.0
adaptive_screening_20260813/adaptive_screening_20260813__long_mug_hyperparameters__libero_10_with_mug__task4__init0__consensus_action__l0p5,consensus_l0.5,long_mug_task4_init0_adaptive_screen,libero_10_with_mug,4,0,630582,consensus_action,0.5,0.088588,0.002,0.0,0.5,8.0,calibration,16,True,230,15,success,True,False,15,0.33333333333333337,0.0,0.0,16.0,15.0,1.0
adaptive_screening_20260813/adaptive_screening_20260813__long_mug_hyperparameters__libero_10_with_mug__task4__init0__consensus_action__l0p5,consensus_l0.5,long_mug_task4_init0_adaptive_screen,libero_10_with_mug,4,0,630679,consensus_action,0.5,0.088588,0.002,0.0,0.5,8.0,calibration,16,True,226,15,success,True,False,15,0.1333333333333333,0.0,0.0,16.0,15.0,1.0
adaptive_screening_20260813/adaptive_screening_20260813__long_mug_hyperparameters__libero_10_with_mug__task4__init0__consensus_action__l0p5,consensus_l0.5,long_mug_task4_init0_adaptive_screen,libero_10_with_mug,4,0,630776,consensus_action,0.5,0.088588,0.002,0.0,0.5,8.0,calibration,16,True,228,15,success,True,False,15,0.19999999999999996,0.0,0.0,16.0,15.0,1.0
adaptive_screening_20260813/adaptive_screening_20260813__long_mug_hyperparameters__libero_10_with_mug__task4__init0__consensus_action__l0p5,consensus_l0.5,long_mug_task4_init0_adaptive_screen,libero_10_with_mug,4,0,630873,consensus_action,0.5,0.088588,0.002,0.0,0.5,8.0,calibration,16,True,229,15,success,True,False,15,0.1333333333333333,0.0,0.0,16.0,15.0,1.0
adaptive_screening_20260813/adaptive_screening_20260813__long_mug_hyperparameters__libero_10_with_mug__task4__init0__consensus_action__l0p5,consensus_l0.5,long_mug_task4_init0_adaptive_screen,libero_10_with_mug,4,0,630970,consensus_action,0.5,0.088588,0.002,0.0,0.5,8.0,calibration,16,True,229,15,success,True,False,15,0.19999999999999996,0.0,0.0,16.0,15.0,1.0
adaptive_screening_20260813/adaptive_screening_20260813__long_mug_hyperparameters__libero_10_with_mug__task4__init0__consensus_action__l0p5,consensus_l0.5,long_mug_task4_init0_adaptive_screen,libero_10_with_mug,4,0,631067,consensus_action,0.5,0.088588,0.002,0.0,0.5,8.0,calibration,16,False,520,33,target_drop_candidate,True,False,33,0.21212121212121215,0.0,0.0,16.0,33.0,1.0
adaptive_screening_20260813/adaptive_screening_20260813__long_mug_hyperparameters__libero_10_with_mug__task4__init0__consensus_action__l2p0,consensus_l2,long_mug_task4_init0_adaptive_screen,libero_10_with_mug,4,0,630000,consensus_action,2.0,0.088588,0.002,0.0,0.5,8.0,calibration,16,True,229,15,success,True,False,15,0.6,0.0,0.0,16.0,15.0,1.0
adaptive_screening_20260813/adaptive_screening_20260813__long_mug_hyperparameters__libero_10_with_mug__task4__init0__consensus_action__l2p0,consensus_l2,long_mug_task4_init0_adaptive_screen,libero_10_with_mug,4,0,630097,consensus_action,2.0,0.088588,0.002,0.0,0.5,8.0,calibration,16,True,229,15,success,True,False,15,0.19999999999999996,0.0,0.0,16.0,15.0,1.0
adaptive_screening_20260813/adaptive_screening_20260813__long_mug_hyperparameters__libero_10_with_mug__task4__init0__consensus_action__l2p0,consensus_l2,long_mug_task4_init0_adaptive_screen,libero_10_with_mug,4,0,630194,consensus_action,2.0,0.088588,0.002,0.0,0.5,8.0,calibration,16,True,227,15,success,True,False,15,0.6,0.0,0.0,16.0,15.0,1.0
adaptive_screening_20260813/adaptive_screening_20260813__long_mug_hyperparameters__libero_10_with_mug__task4__init0__consensus_action__l2p0,consensus_l2,long_mug_task4_init0_adaptive_screen,libero_10_with_mug,4,0,630291,consensus_action,2.0,0.088588,0.002,0.0,0.5,8.0,calibration,16,False,520,33,target_drop_candidate,True,False,33,0.48484848484848486,0.0,0.0,16.0,33.0,1.0
adaptive_screening_20260813/adaptive_screening_20260813__long_mug_hyperparameters__libero_10_with_mug__task4__init0__consensus_action__l2p0,consensus_l2,long_mug_task4_init0_adaptive_screen,libero_10_with_mug,4,0,630388,consensus_action,2.0,0.088588,0.002,0.0,0.5,8.0,calibration,16,True,228,15,success,True,False,15,0.6,0.0,0.0,16.0,15.0,1.0
adaptive_screening_20260813/adaptive_screening_20260813__long_mug_hyperparameters__libero_10_with_mug__task4__init0__consensus_action__l2p0,consensus_l2,long_mug_task4_init0_adaptive_screen,libero_10_with_mug,4,0,630485,consensus_action,2.0,0.088588,0.002,0.0,0.5,8.0,calibration,16,True,230,15,success,True,False,15,0.7333333333333334,0.0,0.0,16.0,15.0,1.0
adaptive_screening_20260813/adaptive_screening_20260813__long_mug_hyperparameters__libero_10_with_mug__task4__init0__consensus_action__l2p0,consensus_l2,long_mug_task4_init0_adaptive_screen,libero_10_with_mug,4,0,630582,consensus_action,2.0,0.088588,0.002,0.0,0.5,8.0,calibration,16,True,220,14,success,True,False,14,0.4285714285714286,0.0,0.0,16.0,14.0,1.0
adaptive_screening_20260813/adaptive_screening_20260813__long_mug_hyperparameters__libero_10_with_mug__task4__init0__consensus_action__l2p0,consensus_l2,long_mug_task4_init0_adaptive_screen,libero_10_with_mug,4,0,630679,consensus_action,2.0,0.088588,0.002,0.0,0.5,8.0,calibration,16,False,520,33,target_drop_candidate,True,False,33,0.6363636363636364,0.0,0.0,16.0,33.0,1.0
adaptive_screening_20260813/adaptive_screening_20260813__long_mug_hyperparameters__libero_10_with_mug__task4__init0__consensus_action__l2p0,consensus_l2,long_mug_task4_init0_adaptive_screen,libero_10_with_mug,4,0,630776,consensus_action,2.0,0.088588,0.002,0.0,0.5,8.0,calibration,16,True,228,15,success,True,False,15,0.5333333333333333,0.0,0.0,16.0,15.0,1.0
adaptive_screening_20260813/adaptive_screening_20260813__long_mug_hyperparameters__libero_10_with_mug__task4__init0__consensus_action__l2p0,consensus_l2,long_mug_task4_init0_adaptive_screen,libero_10_with_mug,4,0,630873,consensus_action,2.0,0.088588,0.002,0.0,0.5,8.0,calibration,16,True,228,15,success,True,False,15,0.33333333333333337,0.0,0.0,16.0,15.0,1.0
adaptive_screening_20260813/adaptive_screening_20260813__long_mug_hyperparameters__libero_10_with_mug__task4__init0__consensus_action__l2p0,consensus_l2,long_mug_task4_init0_adaptive_screen,libero_10_with_mug,4,0,630970,consensus_action,2.0,0.088588,0.002,0.0,0.5,8.0,calibration,16,True,227,15,success,True,False,15,0.5333333333333333,0.0,0.0,16.0,15.0,1.0
adaptive_screening_20260813/adaptive_screening_20260813__long_mug_hyperparameters__libero_10_with_mug__task4__init0__consensus_action__l2p0,consensus_l2,long_mug_task4_init0_adaptive_screen,libero_10_with_mug,4,0,631067,consensus_action,2.0,0.088588,0.002,0.0,0.5,8.0,calibration,16,False,520,33,target_drop_candidate,True,False,33,0.4545454545454546,0.0,0.0,16.0,33.0,1.0
adaptive_screening_20260813/adaptive_screening_20260813__long_mug_margin_low__libero_10_with_mug__task4__init0__margin_gated_action__l1p0,margin_l1_v0.0005_u0,long_mug_task4_init0_adaptive_screen,libero_10_with_mug,4,0,630000,margin_gated_action,1.0,0.088588,0.0005,0.0,0.5,8.0,calibration,16,True,228,15,success,True,False,15,0.2666666666666667,0.26666666666666666,0.0,16.0,15.0,1.0
adaptive_screening_20260813/adaptive_screening_20260813__long_mug_margin_low__libero_10_with_mug__task4__init0__margin_gated_action__l1p0,margin_l1_v0.0005_u0,long_mug_task4_init0_adaptive_screen,libero_10_with_mug,4,0,630097,margin_gated_action,1.0,0.088588,0.0005,0.0,0.5,8.0,calibration,16,True,231,15,success,True,False,15,0.4,0.4,0.0,16.0,15.0,1.0
adaptive_screening_20260813/adaptive_screening_20260813__long_mug_margin_low__libero_10_with_mug__task4__init0__margin_gated_action__l1p0,margin_l1_v0.0005_u0,long_mug_task4_init0_adaptive_screen,libero_10_with_mug,4,0,630194,margin_gated_action,1.0,0.088588,0.0005,0.0,0.5,8.0,calibration,16,True,227,15,success,True,False,15,0.33333333333333337,0.3333333333333333,0.0,16.0,15.0,1.0
adaptive_screening_20260813/adaptive_screening_20260813__long_mug_margin_low__libero_10_with_mug__task4__init0__margin_gated_action__l1p0,margin_l1_v0.0005_u0,long_mug_task4_init0_adaptive_screen,libero_10_with_mug,4,0,630291,margin_gated_action,1.0,0.088588,0.0005,0.0,0.5,8.0,calibration,16,False,520,33,target_drop_candidate,True,False,33,0.24242424242424243,0.24242424242424243,0.0,16.0,33.0,1.0
adaptive_screening_20260813/adaptive_screening_20260813__long_mug_margin_low__libero_10_with_mug__task4__init0__margin_gated_action__l1p0,margin_l1_v0.0005_u0,long_mug_task4_init0_adaptive_screen,libero_10_with_mug,4,0,630388,margin_gated_action,1.0,0.088588,0.0005,0.0,0.5,8.0,calibration,16,True,225,15,success,True,False,15,0.19999999999999996,0.2,0.0,16.0,15.0,1.0
adaptive_screening_20260813/adaptive_screening_20260813__long_mug_margin_low__libero_10_with_mug__task4__init0__margin_gated_action__l1p0,margin_l1_v0.0005_u0,long_mug_task4_init0_adaptive_screen,libero_10_with_mug,4,0,630485,margin_gated_action,1.0,0.088588,0.0005,0.0,0.5,8.0,calibration,16,True,230,15,success,True,False,15,0.1333333333333333,0.13333333333333333,0.0,16.0,15.0,1.0
adaptive_screening_20260813/adaptive_screening_20260813__long_mug_margin_low__libero_10_with_mug__task4__init0__margin_gated_action__l1p0,margin_l1_v0.0005_u0,long_mug_task4_init0_adaptive_screen,libero_10_with_mug,4,0,630582,margin_gated_action,1.0,0.088588,0.0005,0.0,0.5,8.0,calibration,16,True,229,15,success,True,False,15,0.06666666666666665,0.06666666666666667,0.0,16.0,15.0,1.0
adaptive_screening_20260813/adaptive_screening_20260813__long_mug_margin_low__libero_10_with_mug__task4__init0__margin_gated_action__l1p0,margin_l1_v0.0005_u0,long_mug_task4_init0_adaptive_screen,libero_10_with_mug,4,0,630679,margin_gated_action,1.0,0.088588,0.0005,0.0,0.5,8.0,calibration,16,True,226,15,success,True,False,15,0.06666666666666665,0.06666666666666667,0.0,16.0,15.0,1.0
adaptive_screening_20260813/adaptive_screening_20260813__long_mug_margin_low__libero_10_with_mug__task4__init0__margin_gated_action__l1p0,margin_l1_v0.0005_u0,long_mug_task4_init0_adaptive_screen,libero_10_with_mug,4,0,630776,margin_gated_action,1.0,0.088588,0.0005,0.0,0.5,8.0,calibration,16,True,229,15,success,True,False,15,0.1333333333333333,0.13333333333333333,0.0,16.0,15.0,1.0
adaptive_screening_20260813/adaptive_screening_20260813__long_mug_margin_low__libero_10_with_mug__task4__init0__margin_gated_action__l1p0,margin_l1_v0.0005_u0,long_mug_task4_init0_adaptive_screen,libero_10_with_mug,4,0,630873,margin_gated_action,1.0,0.088588,0.0005,0.0,0.5,8.0,calibration,16,True,228,15,success,True,False,15,0.06666666666666665,0.06666666666666667,0.0,16.0,15.0,1.0
adaptive_screening_20260813/adaptive_screening_20260813__long_mug_margin_low__libero_10_with_mug__task4__init0__margin_gated_action__l1p0,margin_l1_v0.0005_u0,long_mug_task4_init0_adaptive_screen,libero_10_with_mug,4,0,630970,margin_gated_action,1.0,0.088588,0.0005,0.0,0.5,8.0,calibration,16,True,230,15,success,True,False,15,0.4666666666666667,0.4666666666666667,0.0,16.0,15.0,1.0
adaptive_screening_20260813/adaptive_screening_20260813__long_mug_margin_low__libero_10_with_mug__task4__init0__margin_gated_action__l1p0,margin_l1_v0.0005_u0,long_mug_task4_init0_adaptive_screen,libero_10_with_mug,4,0,631067,margin_gated_action,1.0,0.088588,0.0005,0.0,0.5,8.0,calibration,16,False,520,33,target_drop_candidate,True,False,33,0.21212121212121215,0.21212121212121213,0.0,16.0,33.0,1.0
adaptive_screening_20260813/adaptive_screening_20260813__long_mug_phase_03__libero_10_with_mug__task4__init0__phase_gated_action__l1p0,phase_l1_r0.3,long_mug_task4_init0_adaptive_screen,libero_10_with_mug,4,0,630000,phase_gated_action,1.0,0.088588,0.002,0.0,0.3,8.0,calibration,16,True,226,15,success,True,False,15,0.33333333333333337,0.6666666666666666,0.0,16.0,15.0,1.0
adaptive_screening_20260813/adaptive_screening_20260813__long_mug_phase_03__libero_10_with_mug__task4__init0__phase_gated_action__l1p0,phase_l1_r0.3,long_mug_task4_init0_adaptive_screen,libero_10_with_mug,4,0,630097,phase_gated_action,1.0,0.088588,0.002,0.0,0.3,8.0,calibration,16,True,227,15,success,True,False,15,0.2666666666666667,0.6666666666666666,0.0,16.0,15.0,1.0
adaptive_screening_20260813/adaptive_screening_20260813__long_mug_phase_03__libero_10_with_mug__task4__init0__phase_gated_action__l1p0,phase_l1_r0.3,long_mug_task4_init0_adaptive_screen,libero_10_with_mug,4,0,630194,phase_gated_action,1.0,0.088588,0.002,0.0,0.3,8.0,calibration,16,True,228,15,success,True,False,15,0.4,0.6666666666666666,0.0,16.0,15.0,1.0
adaptive_screening_20260813/adaptive_screening_20260813__long_mug_phase_03__libero_10_with_mug__task4__init0__phase_gated_action__l1p0,phase_l1_r0.3,long_mug_task4_init0_adaptive_screen,libero_10_with_mug,4,0,630291,phase_gated_action,1.0,0.088588,0.002,0.0,0.3,8.0,calibration,16,False,520,33,target_drop_candidate,True,False,33,0.06060606060606055,0.30303030303030304,0.0,16.0,33.0,1.0
adaptive_screening_20260813/adaptive_screening_20260813__long_mug_phase_03__libero_10_with_mug__task4__init0__phase_gated_action__l1p0,phase_l1_r0.3,long_mug_task4_init0_adaptive_screen,libero_10_with_mug,4,0,630388,phase_gated_action,1.0,0.088588,0.002,0.0,0.3,8.0,calibration,16,True,226,15,success,True,False,15,0.19999999999999996,0.6666666666666666,0.0,16.0,15.0,1.0
adaptive_screening_20260813/adaptive_screening_20260813__long_mug_phase_03__libero_10_with_mug__task4__init0__phase_gated_action__l1p0,phase_l1_r0.3,long_mug_task4_init0_adaptive_screen,libero_10_with_mug,4,0,630485,phase_gated_action,1.0,0.088588,0.002,0.0,0.3,8.0,calibration,16,True,230,15,success,True,False,15,0.5333333333333333,0.6666666666666666,0.0,16.0,15.0,1.0
adaptive_screening_20260813/adaptive_screening_20260813__long_mug_phase_03__libero_10_with_mug__task4__init0__phase_gated_action__l1p0,phase_l1_r0.3,long_mug_task4_init0_adaptive_screen,libero_10_with_mug,4,0,630582,phase_gated_action,1.0,0.088588,0.002,0.0,0.3,8.0,calibration,16,True,226,15,success,True,False,15,0.19999999999999996,0.6666666666666666,0.0,16.0,15.0,1.0
adaptive_screening_20260813/adaptive_screening_20260813__long_mug_phase_03__libero_10_with_mug__task4__init0__phase_gated_action__l1p0,phase_l1_r0.3,long_mug_task4_init0_adaptive_screen,libero_10_with_mug,4,0,630679,phase_gated_action,1.0,0.088588,0.002,0.0,0.3,8.0,calibration,16,True,226,15,success,True,False,15,0.1333333333333333,0.6666666666666666,0.0,16.0,15.0,1.0
adaptive_screening_20260813/adaptive_screening_20260813__long_mug_phase_03__libero_10_with_mug__task4__init0__phase_gated_action__l1p0,phase_l1_r0.3,long_mug_task4_init0_adaptive_screen,libero_10_with_mug,4,0,630776,phase_gated_action,1.0,0.088588,0.002,0.0,0.3,8.0,calibration,16,True,225,15,success,True,False,15,0.19999999999999996,0.6666666666666666,0.0,16.0,15.0,1.0
adaptive_screening_20260813/adaptive_screening_20260813__long_mug_phase_03__libero_10_with_mug__task4__init0__phase_gated_action__l1p0,phase_l1_r0.3,long_mug_task4_init0_adaptive_screen,libero_10_with_mug,4,0,630873,phase_gated_action,1.0,0.088588,0.002,0.0,0.3,8.0,calibration,16,True,228,15,success,True,False,15,0.33333333333333337,0.6666666666666666,0.0,16.0,15.0,1.0
adaptive_screening_20260813/adaptive_screening_20260813__long_mug_phase_03__libero_10_with_mug__task4__init0__phase_gated_action__l1p0,phase_l1_r0.3,long_mug_task4_init0_adaptive_screen,libero_10_with_mug,4,0,630970,phase_gated_action,1.0,0.088588,0.002,0.0,0.3,8.0,calibration,16,True,229,15,success,True,False,15,0.33333333333333337,0.6666666666666666,0.0,16.0,15.0,1.0
adaptive_screening_20260813/adaptive_screening_20260813__long_mug_phase_03__libero_10_with_mug__task4__init0__phase_gated_action__l1p0,phase_l1_r0.3,long_mug_task4_init0_adaptive_screen,libero_10_with_mug,4,0,631067,phase_gated_action,1.0,0.088588,0.002,0.0,0.3,8.0,calibration,16,False,520,33,target_drop_candidate,True,False,33,0.09090909090909094,0.30303030303030304,0.0,16.0,33.0,1.0
adaptive_screening_20260813/adaptive_screening_20260813__long_mug_requery_12__libero_10_with_mug__task4__init0__difficulty_gated_requery_action__l1p0,difficulty_requery_l1_t0.088588_h12,long_mug_task4_init0_adaptive_screen,libero_10_with_mug,4,0,630000,difficulty_gated_requery_action,1.0,0.088588,0.002,0.0,0.5,12.0,calibration,16,True,228,15,success,True,False,15,0.0,0.0,0.0,16.0,15.0,1.0
adaptive_screening_20260813/adaptive_screening_20260813__long_mug_requery_12__libero_10_with_mug__task4__init0__difficulty_gated_requery_action__l1p0,difficulty_requery_l1_t0.088588_h12,long_mug_task4_init0_adaptive_screen,libero_10_with_mug,4,0,630097,difficulty_gated_requery_action,1.0,0.088588,0.002,0.0,0.5,12.0,calibration,16,True,215,16,success,True,False,16,0.5,1.0,0.5,14.0,14.0,1.1428571428571428
adaptive_screening_20260813/adaptive_screening_20260813__long_mug_requery_12__libero_10_with_mug__task4__init0__difficulty_gated_requery_action__l1p0,difficulty_requery_l1_t0.088588_h12,long_mug_task4_init0_adaptive_screen,libero_10_with_mug,4,0,630194,difficulty_gated_requery_action,1.0,0.088588,0.002,0.0,0.5,12.0,calibration,16,True,215,16,success,True,False,16,0.625,1.0,0.625,13.5,14.0,1.1428571428571428
adaptive_screening_20260813/adaptive_screening_20260813__long_mug_requery_12__libero_10_with_mug__task4__init0__difficulty_gated_requery_action__l1p0,difficulty_requery_l1_t0.088588_h12,long_mug_task4_init0_adaptive_screen,libero_10_with_mug,4,0,630291,difficulty_gated_requery_action,1.0,0.088588,0.002,0.0,0.5,12.0,calibration,16,True,225,15,success,True,False,15,0.0,0.0,0.0,16.0,15.0,1.0
adaptive_screening_20260813/adaptive_screening_20260813__long_mug_requery_12__libero_10_with_mug__task4__init0__difficulty_gated_requery_action__l1p0,difficulty_requery_l1_t0.088588_h12,long_mug_task4_init0_adaptive_screen,libero_10_with_mug,4,0,630388,difficulty_gated_requery_action,1.0,0.088588,0.002,0.0,0.5,12.0,calibration,16,True,227,15,success,True,False,15,0.0,0.0,0.0,16.0,15.0,1.0
adaptive_screening_20260813/adaptive_screening_20260813__long_mug_requery_12__libero_10_with_mug__task4__init0__difficulty_gated_requery_action__l1p0,difficulty_requery_l1_t0.088588_h12,long_mug_task4_init0_adaptive_screen,libero_10_with_mug,4,0,630485,difficulty_gated_requery_action,1.0,0.088588,0.002,0.0,0.5,12.0,calibration,16,True,229,15,success,True,False,15,0.0,0.0,0.0,16.0,15.0,1.0
adaptive_screening_20260813/adaptive_screening_20260813__long_mug_requery_12__libero_10_with_mug__task4__init0__difficulty_gated_requery_action__l1p0,difficulty_requery_l1_t0.088588_h12,long_mug_task4_init0_adaptive_screen,libero_10_with_mug,4,0,630582,difficulty_gated_requery_action,1.0,0.088588,0.002,0.0,0.5,12.0,calibration,16,True,230,15,success,True,False,15,0.0,0.0,0.0,16.0,15.0,1.0
adaptive_screening_20260813/adaptive_screening_20260813__long_mug_requery_12__libero_10_with_mug__task4__init0__difficulty_gated_requery_action__l1p0,difficulty_requery_l1_t0.088588_h12,long_mug_task4_init0_adaptive_screen,libero_10_with_mug,4,0,630679,difficulty_gated_requery_action,1.0,0.088588,0.002,0.0,0.5,12.0,calibration,16,True,225,15,success,True,False,15,0.0,0.0,0.0,16.0,15.0,1.0
adaptive_screening_20260813/adaptive_screening_20260813__long_mug_requery_12__libero_10_with_mug__task4__init0__difficulty_gated_requery_action__l1p0,difficulty_requery_l1_t0.088588_h12,long_mug_task4_init0_adaptive_screen,libero_10_with_mug,4,0,630776,difficulty_gated_requery_action,1.0,0.088588,0.002,0.0,0.5,12.0,calibration,16,True,228,15,success,True,False,15,0.0,0.0,0.0,16.0,15.0,1.0
adaptive_screening_20260813/adaptive_screening_20260813__long_mug_requery_12__libero_10_with_mug__task4__init0__difficulty_gated_requery_action__l1p0,difficulty_requery_l1_t0.088588_h12,long_mug_task4_init0_adaptive_screen,libero_10_with_mug,4,0,630873,difficulty_gated_requery_action,1.0,0.088588,0.002,0.0,0.5,12.0,calibration,16,True,213,16,success,True,False,16,0.5,1.0,0.5,14.0,14.0,1.1428571428571428
adaptive_screening_20260813/adaptive_screening_20260813__long_mug_requery_12__libero_10_with_mug__task4__init0__difficulty_gated_requery_action__l1p0,difficulty_requery_l1_t0.088588_h12,long_mug_task4_init0_adaptive_screen,libero_10_with_mug,4,0,630970,difficulty_gated_requery_action,1.0,0.088588,0.002,0.0,0.5,12.0,calibration,16,True,211,15,success,True,False,15,0.4666666666666667,1.0,0.4666666666666667,14.133333333333333,14.0,1.0714285714285714
adaptive_screening_20260813/adaptive_screening_20260813__long_mug_requery_12__libero_10_with_mug__task4__init0__difficulty_gated_requery_action__l1p0,difficulty_requery_l1_t0.088588_h12,long_mug_task4_init0_adaptive_screen,libero_10_with_mug,4,0,631067,difficulty_gated_requery_action,1.0,0.088588,0.002,0.0,0.5,12.0,calibration,16,True,210,15,success,True,False,15,0.4666666666666667,1.0,0.4666666666666667,14.133333333333333,14.0,1.0714285714285714
adaptive_screening_20260813/adaptive_screening_20260813__long_mug_requery_12__libero_10_with_mug__task4__init0__disagreement_requery_action__l1p0,requery_l1_h12,long_mug_task4_init0_adaptive_screen,libero_10_with_mug,4,0,630000,disagreement_requery_action,1.0,0.088588,0.002,0.0,0.5,12.0,calibration,16,True,214,15,success,True,False,15,0.33333333333333337,0.0,0.3333333333333333,14.666666666666666,14.0,1.0714285714285714
adaptive_screening_20260813/adaptive_screening_20260813__long_mug_requery_12__libero_10_with_mug__task4__init0__disagreement_requery_action__l1p0,requery_l1_h12,long_mug_task4_init0_adaptive_screen,libero_10_with_mug,4,0,630097,disagreement_requery_action,1.0,0.088588,0.002,0.0,0.5,12.0,calibration,16,True,213,16,success,True,False,16,0.4375,0.0,0.4375,14.25,14.0,1.1428571428571428
adaptive_screening_20260813/adaptive_screening_20260813__long_mug_requery_12__libero_10_with_mug__task4__init0__disagreement_requery_action__l1p0,requery_l1_h12,long_mug_task4_init0_adaptive_screen,libero_10_with_mug,4,0,630194,disagreement_requery_action,1.0,0.088588,0.002,0.0,0.5,12.0,calibration,16,True,216,16,success,True,False,16,0.5,0.0,0.5,14.0,14.0,1.1428571428571428
adaptive_screening_20260813/adaptive_screening_20260813__long_mug_requery_12__libero_10_with_mug__task4__init0__disagreement_requery_action__l1p0,requery_l1_h12,long_mug_task4_init0_adaptive_screen,libero_10_with_mug,4,0,630291,disagreement_requery_action,1.0,0.088588,0.002,0.0,0.5,12.0,calibration,16,True,221,16,success,True,False,16,0.375,0.0,0.375,14.5,14.0,1.1428571428571428
adaptive_screening_20260813/adaptive_screening_20260813__long_mug_requery_12__libero_10_with_mug__task4__init0__disagreement_requery_action__l1p0,requery_l1_h12,long_mug_task4_init0_adaptive_screen,libero_10_with_mug,4,0,630388,disagreement_requery_action,1.0,0.088588,0.002,0.0,0.5,12.0,calibration,16,True,225,16,success,True,False,16,0.3125,0.0,0.3125,14.75,15.0,1.0666666666666667
adaptive_screening_20260813/adaptive_screening_20260813__long_mug_requery_12__libero_10_with_mug__task4__init0__disagreement_requery_action__l1p0,requery_l1_h12,long_mug_task4_init0_adaptive_screen,libero_10_with_mug,4,0,630485,disagreement_requery_action,1.0,0.088588,0.002,0.0,0.5,12.0,calibration,16,True,211,15,success,True,False,15,0.4666666666666667,0.0,0.4666666666666667,14.133333333333333,14.0,1.0714285714285714
adaptive_screening_20260813/adaptive_screening_20260813__long_mug_requery_12__libero_10_with_mug__task4__init0__disagreement_requery_action__l1p0,requery_l1_h12,long_mug_task4_init0_adaptive_screen,libero_10_with_mug,4,0,630582,disagreement_requery_action,1.0,0.088588,0.002,0.0,0.5,12.0,calibration,16,True,228,15,success,True,False,15,0.19999999999999996,0.0,0.2,15.2,15.0,1.0
adaptive_screening_20260813/adaptive_screening_20260813__long_mug_requery_12__libero_10_with_mug__task4__init0__disagreement_requery_action__l1p0,requery_l1_h12,long_mug_task4_init0_adaptive_screen,libero_10_with_mug,4,0,630679,disagreement_requery_action,1.0,0.088588,0.002,0.0,0.5,12.0,calibration,16,True,211,16,success,True,False,16,0.5,0.0,0.5,14.0,14.0,1.1428571428571428
adaptive_screening_20260813/adaptive_screening_20260813__long_mug_requery_12__libero_10_with_mug__task4__init0__disagreement_requery_action__l1p0,requery_l1_h12,long_mug_task4_init0_adaptive_screen,libero_10_with_mug,4,0,630776,disagreement_requery_action,1.0,0.088588,0.002,0.0,0.5,12.0,calibration,16,True,216,15,success,True,False,15,0.4,0.0,0.4,14.4,14.0,1.0714285714285714
adaptive_screening_20260813/adaptive_screening_20260813__long_mug_requery_12__libero_10_with_mug__task4__init0__disagreement_requery_action__l1p0,requery_l1_h12,long_mug_task4_init0_adaptive_screen,libero_10_with_mug,4,0,630873,disagreement_requery_action,1.0,0.088588,0.002,0.0,0.5,12.0,calibration,16,True,219,16,success,True,False,16,0.4375,0.0,0.4375,14.25,14.0,1.1428571428571428
adaptive_screening_20260813/adaptive_screening_20260813__long_mug_requery_12__libero_10_with_mug__task4__init0__disagreement_requery_action__l1p0,requery_l1_h12,long_mug_task4_init0_adaptive_screen,libero_10_with_mug,4,0,630970,disagreement_requery_action,1.0,0.088588,0.002,0.0,0.5,12.0,calibration,16,True,218,16,success,True,False,16,0.5,0.0,0.5,14.0,14.0,1.1428571428571428
adaptive_screening_20260813/adaptive_screening_20260813__long_mug_requery_12__libero_10_with_mug__task4__init0__disagreement_requery_action__l1p0,requery_l1_h12,long_mug_task4_init0_adaptive_screen,libero_10_with_mug,4,0,631067,disagreement_requery_action,1.0,0.088588,0.002,0.0,0.5,12.0,calibration,16,True,223,16,success,True,False,16,0.4375,0.0,0.4375,14.25,14.0,1.1428571428571428
adaptive_screening_20260813/adaptive_screening_20260813__long_mug_requery_4__libero_10_with_mug__task4__init0__difficulty_gated_requery_action__l1p0,difficulty_requery_l1_t0.088588_h4,long_mug_task4_init0_adaptive_screen,libero_10_with_mug,4,0,630000,difficulty_gated_requery_action,1.0,0.088588,0.002,0.0,0.5,4.0,calibration,16,False,520,33,target_drop_candidate,True,False,33,0.0,0.0,0.0,16.0,33.0,1.0
adaptive_screening_20260813/adaptive_screening_20260813__long_mug_requery_4__libero_10_with_mug__task4__init0__difficulty_gated_requery_action__l1p0,difficulty_requery_l1_t0.088588_h4,long_mug_task4_init0_adaptive_screen,libero_10_with_mug,4,0,630097,difficulty_gated_requery_action,1.0,0.088588,0.002,0.0,0.5,4.0,calibration,16,True,207,21,success,True,False,21,0.47619047619047616,1.0,0.47619047619047616,10.285714285714286,13.0,1.6153846153846154
adaptive_screening_20260813/adaptive_screening_20260813__long_mug_requery_4__libero_10_with_mug__task4__init0__difficulty_gated_requery_action__l1p0,difficulty_requery_l1_t0.088588_h4,long_mug_task4_init0_adaptive_screen,libero_10_with_mug,4,0,630194,difficulty_gated_requery_action,1.0,0.088588,0.002,0.0,0.5,4.0,calibration,16,True,210,20,success,True,False,20,0.44999999999999996,1.0,0.45,10.6,14.0,1.4285714285714286
adaptive_screening_20260813/adaptive_screening_20260813__long_mug_requery_4__libero_10_with_mug__task4__init0__difficulty_gated_requery_action__l1p0,difficulty_requery_l1_t0.088588_h4,long_mug_task4_init0_adaptive_screen,libero_10_with_mug,4,0,630291,difficulty_gated_requery_action,1.0,0.088588,0.002,0.0,0.5,4.0,calibration,16,False,520,33,target_drop_candidate,True,False,33,0.0,0.0,0.0,16.0,33.0,1.0
adaptive_screening_20260813/adaptive_screening_20260813__long_mug_requery_4__libero_10_with_mug__task4__init0__difficulty_gated_requery_action__l1p0,difficulty_requery_l1_t0.088588_h4,long_mug_task4_init0_adaptive_screen,libero_10_with_mug,4,0,630388,difficulty_gated_requery_action,1.0,0.088588,0.002,0.0,0.5,4.0,calibration,16,True,227,15,success,True,False,15,0.0,0.0,0.0,16.0,15.0,1.0
adaptive_screening_20260813/adaptive_screening_20260813__long_mug_requery_4__libero_10_with_mug__task4__init0__difficulty_gated_requery_action__l1p0,difficulty_requery_l1_t0.088588_h4,long_mug_task4_init0_adaptive_screen,libero_10_with_mug,4,0,630485,difficulty_gated_requery_action,1.0,0.088588,0.002,0.0,0.5,4.0,calibration,16,True,228,15,success,True,False,15,0.0,0.0,0.0,16.0,15.0,1.0
adaptive_screening_20260813/adaptive_screening_20260813__long_mug_requery_4__libero_10_with_mug__task4__init0__difficulty_gated_requery_action__l1p0,difficulty_requery_l1_t0.088588_h4,long_mug_task4_init0_adaptive_screen,libero_10_with_mug,4,0,630582,difficulty_gated_requery_action,1.0,0.088588,0.002,0.0,0.5,4.0,calibration,16,True,230,15,success,True,False,15,0.0,0.0,0.0,16.0,15.0,1.0
adaptive_screening_20260813/adaptive_screening_20260813__long_mug_requery_4__libero_10_with_mug__task4__init0__difficulty_gated_requery_action__l1p0,difficulty_requery_l1_t0.088588_h4,long_mug_task4_init0_adaptive_screen,libero_10_with_mug,4,0,630679,difficulty_gated_requery_action,1.0,0.088588,0.002,0.0,0.5,4.0,calibration,16,True,226,15,success,True,False,15,0.0,0.0,0.0,16.0,15.0,1.0
adaptive_screening_20260813/adaptive_screening_20260813__long_mug_requery_4__libero_10_with_mug__task4__init0__difficulty_gated_requery_action__l1p0,difficulty_requery_l1_t0.088588_h4,long_mug_task4_init0_adaptive_screen,libero_10_with_mug,4,0,630776,difficulty_gated_requery_action,1.0,0.088588,0.002,0.0,0.5,4.0,calibration,16,True,228,15,success,True,False,15,0.0,0.0,0.0,16.0,15.0,1.0
adaptive_screening_20260813/adaptive_screening_20260813__long_mug_requery_4__libero_10_with_mug__task4__init0__difficulty_gated_requery_action__l1p0,difficulty_requery_l1_t0.088588_h4,long_mug_task4_init0_adaptive_screen,libero_10_with_mug,4,0,630873,difficulty_gated_requery_action,1.0,0.088588,0.002,0.0,0.5,4.0,calibration,16,True,224,20,success,True,False,20,0.35,1.0,0.35,11.8,14.0,1.4285714285714286
adaptive_screening_20260813/adaptive_screening_20260813__long_mug_requery_4__libero_10_with_mug__task4__init0__difficulty_gated_requery_action__l1p0,difficulty_requery_l1_t0.088588_h4,long_mug_task4_init0_adaptive_screen,libero_10_with_mug,4,0,630970,difficulty_gated_requery_action,1.0,0.088588,0.002,0.0,0.5,4.0,calibration,16,True,212,17,success,True,False,17,0.2941176470588235,1.0,0.29411764705882354,12.470588235294118,14.0,1.2142857142857142
adaptive_screening_20260813/adaptive_screening_20260813__long_mug_requery_4__libero_10_with_mug__task4__init0__difficulty_gated_requery_action__l1p0,difficulty_requery_l1_t0.088588_h4,long_mug_task4_init0_adaptive_screen,libero_10_with_mug,4,0,631067,difficulty_gated_requery_action,1.0,0.088588,0.002,0.0,0.5,4.0,calibration,16,True,215,21,success,True,False,21,0.47619047619047616,1.0,0.47619047619047616,10.285714285714286,14.0,1.5
adaptive_screening_20260813/adaptive_screening_20260813__long_mug_requery_4__libero_10_with_mug__task4__init0__disagreement_requery_action__l1p0,requery_l1_h4,long_mug_task4_init0_adaptive_screen,libero_10_with_mug,4,0,630000,disagreement_requery_action,1.0,0.088588,0.002,0.0,0.5,4.0,calibration,16,True,223,23,success,True,False,23,0.4782608695652174,0.0,0.4782608695652174,10.26086956521739,14.0,1.6428571428571428
adaptive_screening_20260813/adaptive_screening_20260813__long_mug_requery_4__libero_10_with_mug__task4__init0__disagreement_requery_action__l1p0,requery_l1_h4,long_mug_task4_init0_adaptive_screen,libero_10_with_mug,4,0,630097,disagreement_requery_action,1.0,0.088588,0.002,0.0,0.5,4.0,calibration,16,True,207,21,success,True,False,21,0.47619047619047616,0.0,0.47619047619047616,10.285714285714286,13.0,1.6153846153846154
adaptive_screening_20260813/adaptive_screening_20260813__long_mug_requery_4__libero_10_with_mug__task4__init0__disagreement_requery_action__l1p0,requery_l1_h4,long_mug_task4_init0_adaptive_screen,libero_10_with_mug,4,0,630194,disagreement_requery_action,1.0,0.088588,0.002,0.0,0.5,4.0,calibration,16,True,210,20,success,True,False,20,0.44999999999999996,0.0,0.45,10.6,14.0,1.4285714285714286
adaptive_screening_20260813/adaptive_screening_20260813__long_mug_requery_4__libero_10_with_mug__task4__init0__disagreement_requery_action__l1p0,requery_l1_h4,long_mug_task4_init0_adaptive_screen,libero_10_with_mug,4,0,630291,disagreement_requery_action,1.0,0.088588,0.002,0.0,0.5,4.0,calibration,16,False,520,59,target_drop_candidate,True,False,59,0.5932203389830508,0.0,0.5932203389830508,8.88135593220339,33.0,1.7878787878787878
adaptive_screening_20260813/adaptive_screening_20260813__long_mug_requery_4__libero_10_with_mug__task4__init0__disagreement_requery_action__l1p0,requery_l1_h4,long_mug_task4_init0_adaptive_screen,libero_10_with_mug,4,0,630388,disagreement_requery_action,1.0,0.088588,0.002,0.0,0.5,4.0,calibration,16,True,226,18,success,True,False,18,0.2777777777777778,0.0,0.2777777777777778,12.666666666666666,15.0,1.2
adaptive_screening_20260813/adaptive_screening_20260813__long_mug_requery_4__libero_10_with_mug__task4__init0__disagreement_requery_action__l1p0,requery_l1_h4,long_mug_task4_init0_adaptive_screen,libero_10_with_mug,4,0,630485,disagreement_requery_action,1.0,0.088588,0.002,0.0,0.5,4.0,calibration,16,True,215,21,success,True,False,21,0.47619047619047616,0.0,0.47619047619047616,10.285714285714286,14.0,1.5
adaptive_screening_20260813/adaptive_screening_20260813__long_mug_requery_4__libero_10_with_mug__task4__init0__disagreement_requery_action__l1p0,requery_l1_h4,long_mug_task4_init0_adaptive_screen,libero_10_with_mug,4,0,630582,disagreement_requery_action,1.0,0.088588,0.002,0.0,0.5,4.0,calibration,16,True,228,18,success,True,False,18,0.2777777777777778,0.0,0.2777777777777778,12.666666666666666,15.0,1.2
adaptive_screening_20260813/adaptive_screening_20260813__long_mug_requery_4__libero_10_with_mug__task4__init0__disagreement_requery_action__l1p0,requery_l1_h4,long_mug_task4_init0_adaptive_screen,libero_10_with_mug,4,0,630679,disagreement_requery_action,1.0,0.088588,0.002,0.0,0.5,4.0,calibration,16,True,213,17,success,True,False,17,0.23529411764705888,0.0,0.23529411764705882,13.176470588235293,14.0,1.2142857142857142
adaptive_screening_20260813/adaptive_screening_20260813__long_mug_requery_4__libero_10_with_mug__task4__init0__disagreement_requery_action__l1p0,requery_l1_h4,long_mug_task4_init0_adaptive_screen,libero_10_with_mug,4,0,630776,disagreement_requery_action,1.0,0.088588,0.002,0.0,0.5,4.0,calibration,16,True,228,24,success,True,False,24,0.5416666666666667,0.0,0.5416666666666666,9.5,15.0,1.6
adaptive_screening_20260813/adaptive_screening_20260813__long_mug_requery_4__libero_10_with_mug__task4__init0__disagreement_requery_action__l1p0,requery_l1_h4,long_mug_task4_init0_adaptive_screen,libero_10_with_mug,4,0,630873,disagreement_requery_action,1.0,0.088588,0.002,0.0,0.5,4.0,calibration,16,True,224,20,success,True,False,20,0.35,0.0,0.35,11.8,14.0,1.4285714285714286
adaptive_screening_20260813/adaptive_screening_20260813__long_mug_requery_4__libero_10_with_mug__task4__init0__disagreement_requery_action__l1p0,requery_l1_h4,long_mug_task4_init0_adaptive_screen,libero_10_with_mug,4,0,630970,disagreement_requery_action,1.0,0.088588,0.002,0.0,0.5,4.0,calibration,16,True,212,17,success,True,False,17,0.2941176470588235,0.0,0.29411764705882354,12.470588235294118,14.0,1.2142857142857142
adaptive_screening_20260813/adaptive_screening_20260813__long_mug_requery_4__libero_10_with_mug__task4__init0__disagreement_requery_action__l1p0,requery_l1_h4,long_mug_task4_init0_adaptive_screen,libero_10_with_mug,4,0,631067,disagreement_requery_action,1.0,0.088588,0.002,0.0,0.5,4.0,calibration,16,True,215,21,success,True,False,21,0.47619047619047616,0.0,0.47619047619047616,10.285714285714286,14.0,1.5
adaptive_screening_20260813/adaptive_screening_20260813__milk_consensus_sweep__libero_spatial_with_milk__task5__init0__consensus_action__l0p5,consensus_l0.5,milk_task5_init0_adaptive_screen,libero_spatial_with_milk,5,0,610000,consensus_action,0.5,0.088588,0.002,0.0,0.5,8.0,calibration,16,True,143,9,success,False,False,9,0.33333333333333337,0.0,0.0,16.0,9.0,1.0
adaptive_screening_20260813/adaptive_screening_20260813__milk_consensus_sweep__libero_spatial_with_milk__task5__init0__consensus_action__l0p5,consensus_l0.5,milk_task5_init0_adaptive_screen,libero_spatial_with_milk,5,0,610097,consensus_action,0.5,0.088588,0.002,0.0,0.5,8.0,calibration,16,False,220,14,target_drop_candidate,True,False,14,0.2857142857142857,0.0,0.0,16.0,14.0,1.0
adaptive_screening_20260813/adaptive_screening_20260813__milk_consensus_sweep__libero_spatial_with_milk__task5__init0__consensus_action__l0p5,consensus_l0.5,milk_task5_init0_adaptive_screen,libero_spatial_with_milk,5,0,610194,consensus_action,0.5,0.088588,0.002,0.0,0.5,8.0,calibration,16,False,220,14,timeout_no_goal,False,False,14,0.2142857142857143,0.0,0.0,16.0,14.0,1.0
adaptive_screening_20260813/adaptive_screening_20260813__milk_consensus_sweep__libero_spatial_with_milk__task5__init0__consensus_action__l0p5,consensus_l0.5,milk_task5_init0_adaptive_screen,libero_spatial_with_milk,5,0,610291,consensus_action,0.5,0.088588,0.002,0.0,0.5,8.0,calibration,16,False,220,14,target_drop_candidate,True,True,14,0.1428571428571429,0.0,0.0,16.0,14.0,1.0
adaptive_screening_20260813/adaptive_screening_20260813__milk_consensus_sweep__libero_spatial_with_milk__task5__init0__consensus_action__l0p5,consensus_l0.5,milk_task5_init0_adaptive_screen,libero_spatial_with_milk,5,0,610388,consensus_action,0.5,0.088588,0.002,0.0,0.5,8.0,calibration,16,True,146,10,success,False,False,10,0.30000000000000004,0.0,0.0,16.0,10.0,1.0
adaptive_screening_20260813/adaptive_screening_20260813__milk_consensus_sweep__libero_spatial_with_milk__task5__init0__consensus_action__l0p5,consensus_l0.5,milk_task5_init0_adaptive_screen,libero_spatial_with_milk,5,0,610485,consensus_action,0.5,0.088588,0.002,0.0,0.5,8.0,calibration,16,False,220,14,timeout_no_goal,False,False,14,0.4285714285714286,0.0,0.0,16.0,14.0,1.0
adaptive_screening_20260813/adaptive_screening_20260813__milk_consensus_sweep__libero_spatial_with_milk__task5__init0__consensus_action__l0p5,consensus_l0.5,milk_task5_init0_adaptive_screen,libero_spatial_with_milk,5,0,610582,consensus_action,0.5,0.088588,0.002,0.0,0.5,8.0,calibration,16,False,220,14,target_drop_candidate,True,False,14,0.3571428571428571,0.0,0.0,16.0,14.0,1.0
adaptive_screening_20260813/adaptive_screening_20260813__milk_consensus_sweep__libero_spatial_with_milk__task5__init0__consensus_action__l0p5,consensus_l0.5,milk_task5_init0_adaptive_screen,libero_spatial_with_milk,5,0,610679,consensus_action,0.5,0.088588,0.002,0.0,0.5,8.0,calibration,16,True,110,7,success,False,False,7,0.1428571428571429,0.0,0.0,16.0,7.0,1.0
adaptive_screening_20260813/adaptive_screening_20260813__milk_consensus_sweep__libero_spatial_with_milk__task5__init0__consensus_action__l0p5,consensus_l0.5,milk_task5_init0_adaptive_screen,libero_spatial_with_milk,5,0,610776,consensus_action,0.5,0.088588,0.002,0.0,0.5,8.0,calibration,16,False,220,14,timeout_no_goal,False,False,14,0.3571428571428571,0.0,0.0,16.0,14.0,1.0
adaptive_screening_20260813/adaptive_screening_20260813__milk_consensus_sweep__libero_spatial_with_milk__task5__init0__consensus_action__l0p5,consensus_l0.5,milk_task5_init0_adaptive_screen,libero_spatial_with_milk,5,0,610873,consensus_action,0.5,0.088588,0.002,0.0,0.5,8.0,calibration,16,True,152,10,success,False,False,10,0.09999999999999998,0.0,0.0,16.0,10.0,1.0
adaptive_screening_20260813/adaptive_screening_20260813__milk_consensus_sweep__libero_spatial_with_milk__task5__init0__consensus_action__l0p5,consensus_l0.5,milk_task5_init0_adaptive_screen,libero_spatial_with_milk,5,0,610970,consensus_action,0.5,0.088588,0.002,0.0,0.5,8.0,calibration,16,False,220,14,timeout_no_goal,False,False,14,0.0714285714285714,0.0,0.0,16.0,14.0,1.0
adaptive_screening_20260813/adaptive_screening_20260813__milk_consensus_sweep__libero_spatial_with_milk__task5__init0__consensus_action__l0p5,consensus_l0.5,milk_task5_init0_adaptive_screen,libero_spatial_with_milk,5,0,611067,consensus_action,0.5,0.088588,0.002,0.0,0.5,8.0,calibration,16,False,220,14,timeout_no_goal,False,False,14,0.1428571428571429,0.0,0.0,16.0,14.0,1.0
adaptive_screening_20260813/adaptive_screening_20260813__milk_consensus_sweep__libero_spatial_with_milk__task5__init0__consensus_action__l2p0,consensus_l2,milk_task5_init0_adaptive_screen,libero_spatial_with_milk,5,0,610000,consensus_action,2.0,0.088588,0.002,0.0,0.5,8.0,calibration,16,False,220,14,timeout_no_goal,False,False,14,0.5714285714285714,0.0,0.0,16.0,14.0,1.0
adaptive_screening_20260813/adaptive_screening_20260813__milk_consensus_sweep__libero_spatial_with_milk__task5__init0__consensus_action__l2p0,consensus_l2,milk_task5_init0_adaptive_screen,libero_spatial_with_milk,5,0,610097,consensus_action,2.0,0.088588,0.002,0.0,0.5,8.0,calibration,16,True,153,10,success,False,False,10,0.5,0.0,0.0,16.0,10.0,1.0
adaptive_screening_20260813/adaptive_screening_20260813__milk_consensus_sweep__libero_spatial_with_milk__task5__init0__consensus_action__l2p0,consensus_l2,milk_task5_init0_adaptive_screen,libero_spatial_with_milk,5,0,610194,consensus_action,2.0,0.088588,0.002,0.0,0.5,8.0,calibration,16,True,144,9,success,False,False,9,0.33333333333333337,0.0,0.0,16.0,9.0,1.0
adaptive_screening_20260813/adaptive_screening_20260813__milk_consensus_sweep__libero_spatial_with_milk__task5__init0__consensus_action__l2p0,consensus_l2,milk_task5_init0_adaptive_screen,libero_spatial_with_milk,5,0,610291,consensus_action,2.0,0.088588,0.002,0.0,0.5,8.0,calibration,16,False,220,14,timeout_no_goal,False,False,14,0.7142857142857143,0.0,0.0,16.0,14.0,1.0
adaptive_screening_20260813/adaptive_screening_20260813__milk_consensus_sweep__libero_spatial_with_milk__task5__init0__consensus_action__l2p0,consensus_l2,milk_task5_init0_adaptive_screen,libero_spatial_with_milk,5,0,610388,consensus_action,2.0,0.088588,0.002,0.0,0.5,8.0,calibration,16,False,220,14,target_drop_candidate,True,False,14,0.5714285714285714,0.0,0.0,16.0,14.0,1.0
adaptive_screening_20260813/adaptive_screening_20260813__milk_consensus_sweep__libero_spatial_with_milk__task5__init0__consensus_action__l2p0,consensus_l2,milk_task5_init0_adaptive_screen,libero_spatial_with_milk,5,0,610485,consensus_action,2.0,0.088588,0.002,0.0,0.5,8.0,calibration,16,False,220,14,timeout_no_goal,False,False,14,0.6428571428571428,0.0,0.0,16.0,14.0,1.0
adaptive_screening_20260813/adaptive_screening_20260813__milk_consensus_sweep__libero_spatial_with_milk__task5__init0__consensus_action__l2p0,consensus_l2,milk_task5_init0_adaptive_screen,libero_spatial_with_milk,5,0,610582,consensus_action,2.0,0.088588,0.002,0.0,0.5,8.0,calibration,16,False,220,14,target_drop_candidate,True,False,14,0.5,0.0,0.0,16.0,14.0,1.0
adaptive_screening_20260813/adaptive_screening_20260813__milk_consensus_sweep__libero_spatial_with_milk__task5__init0__consensus_action__l2p0,consensus_l2,milk_task5_init0_adaptive_screen,libero_spatial_with_milk,5,0,610679,consensus_action,2.0,0.088588,0.002,0.0,0.5,8.0,calibration,16,True,144,9,success,False,False,9,0.4444444444444444,0.0,0.0,16.0,9.0,1.0
adaptive_screening_20260813/adaptive_screening_20260813__milk_consensus_sweep__libero_spatial_with_milk__task5__init0__consensus_action__l2p0,consensus_l2,milk_task5_init0_adaptive_screen,libero_spatial_with_milk,5,0,610776,consensus_action,2.0,0.088588,0.002,0.0,0.5,8.0,calibration,16,True,156,10,success,False,False,10,0.7,0.0,0.0,16.0,10.0,1.0
adaptive_screening_20260813/adaptive_screening_20260813__milk_consensus_sweep__libero_spatial_with_milk__task5__init0__consensus_action__l2p0,consensus_l2,milk_task5_init0_adaptive_screen,libero_spatial_with_milk,5,0,610873,consensus_action,2.0,0.088588,0.002,0.0,0.5,8.0,calibration,16,True,143,9,success,False,False,9,0.5555555555555556,0.0,0.0,16.0,9.0,1.0
adaptive_screening_20260813/adaptive_screening_20260813__milk_consensus_sweep__libero_spatial_with_milk__task5__init0__consensus_action__l2p0,consensus_l2,milk_task5_init0_adaptive_screen,libero_spatial_with_milk,5,0,610970,consensus_action,2.0,0.088588,0.002,0.0,0.5,8.0,calibration,16,True,110,7,success,False,False,7,0.4285714285714286,0.0,0.0,16.0,7.0,1.0
adaptive_screening_20260813/adaptive_screening_20260813__milk_consensus_sweep__libero_spatial_with_milk__task5__init0__consensus_action__l2p0,consensus_l2,milk_task5_init0_adaptive_screen,libero_spatial_with_milk,5,0,611067,consensus_action,2.0,0.088588,0.002,0.0,0.5,8.0,calibration,16,True,118,8,success,False,False,8,0.75,0.0,0.0,16.0,8.0,1.0
adaptive_screening_20260813/adaptive_screening_20260813__milk_core__libero_spatial_with_milk__task5__init0__consensus_action__l1p0,consensus_l1,milk_task5_init0_adaptive_screen,libero_spatial_with_milk,5,0,610000,consensus_action,1.0,0.088588,0.002,0.0,0.5,8.0,calibration,16,False,220,14,target_drop_candidate,True,False,14,0.4285714285714286,0.0,0.0,16.0,14.0,1.0
adaptive_screening_20260813/adaptive_screening_20260813__milk_core__libero_spatial_with_milk__task5__init0__consensus_action__l1p0,consensus_l1,milk_task5_init0_adaptive_screen,libero_spatial_with_milk,5,0,610097,consensus_action,1.0,0.088588,0.002,0.0,0.5,8.0,calibration,16,False,220,14,timeout_no_goal,False,False,14,0.2857142857142857,0.0,0.0,16.0,14.0,1.0
adaptive_screening_20260813/adaptive_screening_20260813__milk_core__libero_spatial_with_milk__task5__init0__consensus_action__l1p0,consensus_l1,milk_task5_init0_adaptive_screen,libero_spatial_with_milk,5,0,610194,consensus_action,1.0,0.088588,0.002,0.0,0.5,8.0,calibration,16,True,145,10,success,False,False,10,0.09999999999999998,0.0,0.0,16.0,10.0,1.0
adaptive_screening_20260813/adaptive_screening_20260813__milk_core__libero_spatial_with_milk__task5__init0__consensus_action__l1p0,consensus_l1,milk_task5_init0_adaptive_screen,libero_spatial_with_milk,5,0,610291,consensus_action,1.0,0.088588,0.002,0.0,0.5,8.0,calibration,16,False,220,14,timeout_no_goal,False,False,14,0.5,0.0,0.0,16.0,14.0,1.0
adaptive_screening_20260813/adaptive_screening_20260813__milk_core__libero_spatial_with_milk__task5__init0__consensus_action__l1p0,consensus_l1,milk_task5_init0_adaptive_screen,libero_spatial_with_milk,5,0,610388,consensus_action,1.0,0.088588,0.002,0.0,0.5,8.0,calibration,16,False,220,14,target_drop_candidate,True,False,14,0.6428571428571428,0.0,0.0,16.0,14.0,1.0
adaptive_screening_20260813/adaptive_screening_20260813__milk_core__libero_spatial_with_milk__task5__init0__consensus_action__l1p0,consensus_l1,milk_task5_init0_adaptive_screen,libero_spatial_with_milk,5,0,610485,consensus_action,1.0,0.088588,0.002,0.0,0.5,8.0,calibration,16,False,220,14,timeout_no_goal,False,False,14,0.5,0.0,0.0,16.0,14.0,1.0
adaptive_screening_20260813/adaptive_screening_20260813__milk_core__libero_spatial_with_milk__task5__init0__consensus_action__l1p0,consensus_l1,milk_task5_init0_adaptive_screen,libero_spatial_with_milk,5,0,610582,consensus_action,1.0,0.088588,0.002,0.0,0.5,8.0,calibration,16,False,220,14,target_drop_candidate,True,False,14,0.2857142857142857,0.0,0.0,16.0,14.0,1.0
adaptive_screening_20260813/adaptive_screening_20260813__milk_core__libero_spatial_with_milk__task5__init0__consensus_action__l1p0,consensus_l1,milk_task5_init0_adaptive_screen,libero_spatial_with_milk,5,0,610679,consensus_action,1.0,0.088588,0.002,0.0,0.5,8.0,calibration,16,True,144,9,success,False,False,9,0.2222222222222222,0.0,0.0,16.0,9.0,1.0
adaptive_screening_20260813/adaptive_screening_20260813__milk_core__libero_spatial_with_milk__task5__init0__consensus_action__l1p0,consensus_l1,milk_task5_init0_adaptive_screen,libero_spatial_with_milk,5,0,610776,consensus_action,1.0,0.088588,0.002,0.0,0.5,8.0,calibration,16,False,220,14,target_drop_candidate,True,False,14,0.3571428571428571,0.0,0.0,16.0,14.0,1.0
adaptive_screening_20260813/adaptive_screening_20260813__milk_core__libero_spatial_with_milk__task5__init0__consensus_action__l1p0,consensus_l1,milk_task5_init0_adaptive_screen,libero_spatial_with_milk,5,0,610873,consensus_action,1.0,0.088588,0.002,0.0,0.5,8.0,calibration,16,True,145,10,success,False,False,10,0.4,0.0,0.0,16.0,10.0,1.0
adaptive_screening_20260813/adaptive_screening_20260813__milk_core__libero_spatial_with_milk__task5__init0__consensus_action__l1p0,consensus_l1,milk_task5_init0_adaptive_screen,libero_spatial_with_milk,5,0,610970,consensus_action,1.0,0.088588,0.002,0.0,0.5,8.0,calibration,16,False,220,14,timeout_no_goal,False,False,14,0.2857142857142857,0.0,0.0,16.0,14.0,1.0
adaptive_screening_20260813/adaptive_screening_20260813__milk_core__libero_spatial_with_milk__task5__init0__consensus_action__l1p0,consensus_l1,milk_task5_init0_adaptive_screen,libero_spatial_with_milk,5,0,611067,consensus_action,1.0,0.088588,0.002,0.0,0.5,8.0,calibration,16,False,220,14,target_drop_candidate,True,False,14,0.4285714285714286,0.0,0.0,16.0,14.0,1.0
adaptive_screening_20260813/adaptive_screening_20260813__milk_core__libero_spatial_with_milk__task5__init0__difficulty_gated_action__l1p0,difficulty_l1_t0.088588,milk_task5_init0_adaptive_screen,libero_spatial_with_milk,5,0,610000,difficulty_gated_action,1.0,0.088588,0.002,0.0,0.5,8.0,calibration,16,True,143,9,success,False,False,9,0.2222222222222222,1.0,0.0,16.0,9.0,1.0
adaptive_screening_20260813/adaptive_screening_20260813__milk_core__libero_spatial_with_milk__task5__init0__difficulty_gated_action__l1p0,difficulty_l1_t0.088588,milk_task5_init0_adaptive_screen,libero_spatial_with_milk,5,0,610097,difficulty_gated_action,1.0,0.088588,0.002,0.0,0.5,8.0,calibration,16,True,145,10,success,False,False,10,0.7,1.0,0.0,16.0,10.0,1.0
adaptive_screening_20260813/adaptive_screening_20260813__milk_core__libero_spatial_with_milk__task5__init0__difficulty_gated_action__l1p0,difficulty_l1_t0.088588,milk_task5_init0_adaptive_screen,libero_spatial_with_milk,5,0,610194,difficulty_gated_action,1.0,0.088588,0.002,0.0,0.5,8.0,calibration,16,False,220,14,target_drop_candidate,True,False,14,0.2142857142857143,1.0,0.0,16.0,14.0,1.0
adaptive_screening_20260813/adaptive_screening_20260813__milk_core__libero_spatial_with_milk__task5__init0__difficulty_gated_action__l1p0,difficulty_l1_t0.088588,milk_task5_init0_adaptive_screen,libero_spatial_with_milk,5,0,610291,difficulty_gated_action,1.0,0.088588,0.002,0.0,0.5,8.0,calibration,16,True,145,10,success,False,False,10,0.6,1.0,0.0,16.0,10.0,1.0
adaptive_screening_20260813/adaptive_screening_20260813__milk_core__libero_spatial_with_milk__task5__init0__difficulty_gated_action__l1p0,difficulty_l1_t0.088588,milk_task5_init0_adaptive_screen,libero_spatial_with_milk,5,0,610388,difficulty_gated_action,1.0,0.088588,0.002,0.0,0.5,8.0,calibration,16,True,145,10,success,False,False,10,0.7,1.0,0.0,16.0,10.0,1.0
adaptive_screening_20260813/adaptive_screening_20260813__milk_core__libero_spatial_with_milk__task5__init0__difficulty_gated_action__l1p0,difficulty_l1_t0.088588,milk_task5_init0_adaptive_screen,libero_spatial_with_milk,5,0,610485,difficulty_gated_action,1.0,0.088588,0.002,0.0,0.5,8.0,calibration,16,True,145,10,success,False,False,10,0.30000000000000004,1.0,0.0,16.0,10.0,1.0
adaptive_screening_20260813/adaptive_screening_20260813__milk_core__libero_spatial_with_milk__task5__init0__difficulty_gated_action__l1p0,difficulty_l1_t0.088588,milk_task5_init0_adaptive_screen,libero_spatial_with_milk,5,0,610582,difficulty_gated_action,1.0,0.088588,0.002,0.0,0.5,8.0,calibration,16,False,220,14,timeout_no_goal,False,False,14,0.5,1.0,0.0,16.0,14.0,1.0
adaptive_screening_20260813/adaptive_screening_20260813__milk_core__libero_spatial_with_milk__task5__init0__difficulty_gated_action__l1p0,difficulty_l1_t0.088588,milk_task5_init0_adaptive_screen,libero_spatial_with_milk,5,0,610679,difficulty_gated_action,1.0,0.088588,0.002,0.0,0.5,8.0,calibration,16,True,153,10,success,False,False,10,0.4,1.0,0.0,16.0,10.0,1.0
adaptive_screening_20260813/adaptive_screening_20260813__milk_core__libero_spatial_with_milk__task5__init0__difficulty_gated_action__l1p0,difficulty_l1_t0.088588,milk_task5_init0_adaptive_screen,libero_spatial_with_milk,5,0,610776,difficulty_gated_action,1.0,0.088588,0.002,0.0,0.5,8.0,calibration,16,True,216,14,success,False,False,14,0.4285714285714286,1.0,0.0,16.0,14.0,1.0
adaptive_screening_20260813/adaptive_screening_20260813__milk_core__libero_spatial_with_milk__task5__init0__difficulty_gated_action__l1p0,difficulty_l1_t0.088588,milk_task5_init0_adaptive_screen,libero_spatial_with_milk,5,0,610873,difficulty_gated_action,1.0,0.088588,0.002,0.0,0.5,8.0,calibration,16,True,145,10,success,False,False,10,0.5,1.0,0.0,16.0,10.0,1.0
adaptive_screening_20260813/adaptive_screening_20260813__milk_core__libero_spatial_with_milk__task5__init0__difficulty_gated_action__l1p0,difficulty_l1_t0.088588,milk_task5_init0_adaptive_screen,libero_spatial_with_milk,5,0,610970,difficulty_gated_action,1.0,0.088588,0.002,0.0,0.5,8.0,calibration,16,False,220,14,timeout_no_goal,False,False,14,0.4285714285714286,1.0,0.0,16.0,14.0,1.0
adaptive_screening_20260813/adaptive_screening_20260813__milk_core__libero_spatial_with_milk__task5__init0__difficulty_gated_action__l1p0,difficulty_l1_t0.088588,milk_task5_init0_adaptive_screen,libero_spatial_with_milk,5,0,611067,difficulty_gated_action,1.0,0.088588,0.002,0.0,0.5,8.0,calibration,16,False,220,14,timeout_no_goal,False,False,14,0.2857142857142857,1.0,0.0,16.0,14.0,1.0
adaptive_screening_20260813/adaptive_screening_20260813__milk_core__libero_spatial_with_milk__task5__init0__difficulty_gated_requery_action__l1p0,difficulty_requery_l1_t0.088588_h8,milk_task5_init0_adaptive_screen,libero_spatial_with_milk,5,0,610000,difficulty_gated_requery_action,1.0,0.088588,0.002,0.0,0.5,8.0,calibration,16,True,112,8,success,False,False,8,0.125,1.0,0.125,15.0,7.0,1.1428571428571428
adaptive_screening_20260813/adaptive_screening_20260813__milk_core__libero_spatial_with_milk__task5__init0__difficulty_gated_requery_action__l1p0,difficulty_requery_l1_t0.088588_h8,milk_task5_init0_adaptive_screen,libero_spatial_with_milk,5,0,610097,difficulty_gated_requery_action,1.0,0.088588,0.002,0.0,0.5,8.0,calibration,16,False,220,16,timeout_no_goal,False,False,16,0.25,1.0,0.25,14.0,14.0,1.1428571428571428
adaptive_screening_20260813/adaptive_screening_20260813__milk_core__libero_spatial_with_milk__task5__init0__difficulty_gated_requery_action__l1p0,difficulty_requery_l1_t0.088588_h8,milk_task5_init0_adaptive_screen,libero_spatial_with_milk,5,0,610194,difficulty_gated_requery_action,1.0,0.088588,0.002,0.0,0.5,8.0,calibration,16,True,117,9,success,False,False,9,0.33333333333333337,1.0,0.3333333333333333,13.333333333333334,8.0,1.125
adaptive_screening_20260813/adaptive_screening_20260813__milk_core__libero_spatial_with_milk__task5__init0__difficulty_gated_requery_action__l1p0,difficulty_requery_l1_t0.088588_h8,milk_task5_init0_adaptive_screen,libero_spatial_with_milk,5,0,610291,difficulty_gated_requery_action,1.0,0.088588,0.002,0.0,0.5,8.0,calibration,16,False,220,21,timeout_no_goal,False,False,21,0.6190476190476191,1.0,0.6190476190476191,11.047619047619047,14.0,1.5
adaptive_screening_20260813/adaptive_screening_20260813__milk_core__libero_spatial_with_milk__task5__init0__difficulty_gated_requery_action__l1p0,difficulty_requery_l1_t0.088588_h8,milk_task5_init0_adaptive_screen,libero_spatial_with_milk,5,0,610388,difficulty_gated_requery_action,1.0,0.088588,0.002,0.0,0.5,8.0,calibration,16,True,111,10,success,False,False,10,0.6,1.0,0.6,11.2,7.0,1.4285714285714286
adaptive_screening_20260813/adaptive_screening_20260813__milk_core__libero_spatial_with_milk__task5__init0__difficulty_gated_requery_action__l1p0,difficulty_requery_l1_t0.088588_h8,milk_task5_init0_adaptive_screen,libero_spatial_with_milk,5,0,610485,difficulty_gated_requery_action,1.0,0.088588,0.002,0.0,0.5,8.0,calibration,16,False,220,17,timeout_no_goal,False,False,17,0.2941176470588235,1.0,0.29411764705882354,13.647058823529411,14.0,1.2142857142857142
adaptive_screening_20260813/adaptive_screening_20260813__milk_core__libero_spatial_with_milk__task5__init0__difficulty_gated_requery_action__l1p0,difficulty_requery_l1_t0.088588_h8,milk_task5_init0_adaptive_screen,libero_spatial_with_milk,5,0,610582,difficulty_gated_requery_action,1.0,0.088588,0.002,0.0,0.5,8.0,calibration,16,False,220,19,timeout_no_goal,False,False,19,0.4736842105263158,1.0,0.47368421052631576,12.210526315789474,14.0,1.3571428571428572
adaptive_screening_20260813/adaptive_screening_20260813__milk_core__libero_spatial_with_milk__task5__init0__difficulty_gated_requery_action__l1p0,difficulty_requery_l1_t0.088588_h8,milk_task5_init0_adaptive_screen,libero_spatial_with_milk,5,0,610679,difficulty_gated_requery_action,1.0,0.088588,0.002,0.0,0.5,8.0,calibration,16,True,121,11,success,False,False,11,0.5454545454545454,1.0,0.5454545454545454,11.636363636363637,8.0,1.375
adaptive_screening_20260813/adaptive_screening_20260813__milk_core__libero_spatial_with_milk__task5__init0__difficulty_gated_requery_action__l1p0,difficulty_requery_l1_t0.088588_h8,milk_task5_init0_adaptive_screen,libero_spatial_with_milk,5,0,610776,difficulty_gated_requery_action,1.0,0.088588,0.002,0.0,0.5,8.0,calibration,16,True,124,11,success,False,False,11,0.5454545454545454,1.0,0.5454545454545454,11.636363636363637,8.0,1.375
adaptive_screening_20260813/adaptive_screening_20260813__milk_core__libero_spatial_with_milk__task5__init0__difficulty_gated_requery_action__l1p0,difficulty_requery_l1_t0.088588_h8,milk_task5_init0_adaptive_screen,libero_spatial_with_milk,5,0,610873,difficulty_gated_requery_action,1.0,0.088588,0.002,0.0,0.5,8.0,calibration,16,True,111,10,success,False,False,10,0.5,1.0,0.5,12.0,7.0,1.4285714285714286
adaptive_screening_20260813/adaptive_screening_20260813__milk_core__libero_spatial_with_milk__task5__init0__difficulty_gated_requery_action__l1p0,difficulty_requery_l1_t0.088588_h8,milk_task5_init0_adaptive_screen,libero_spatial_with_milk,5,0,610970,difficulty_gated_requery_action,1.0,0.088588,0.002,0.0,0.5,8.0,calibration,16,True,113,11,success,False,False,11,0.5454545454545454,1.0,0.5454545454545454,11.636363636363637,8.0,1.375
adaptive_screening_20260813/adaptive_screening_20260813__milk_core__libero_spatial_with_milk__task5__init0__difficulty_gated_requery_action__l1p0,difficulty_requery_l1_t0.088588_h8,milk_task5_init0_adaptive_screen,libero_spatial_with_milk,5,0,611067,difficulty_gated_requery_action,1.0,0.088588,0.002,0.0,0.5,8.0,calibration,16,True,111,9,success,False,False,9,0.4444444444444444,1.0,0.4444444444444444,12.444444444444445,7.0,1.2857142857142858
adaptive_screening_20260813/adaptive_screening_20260813__milk_core__libero_spatial_with_milk__task5__init0__disagreement_requery_action__l1p0,requery_l1_h8,milk_task5_init0_adaptive_screen,libero_spatial_with_milk,5,0,610000,disagreement_requery_action,1.0,0.088588,0.002,0.0,0.5,8.0,calibration,16,True,112,8,success,False,False,8,0.125,0.0,0.125,15.0,7.0,1.1428571428571428
adaptive_screening_20260813/adaptive_screening_20260813__milk_core__libero_spatial_with_milk__task5__init0__disagreement_requery_action__l1p0,requery_l1_h8,milk_task5_init0_adaptive_screen,libero_spatial_with_milk,5,0,610097,disagreement_requery_action,1.0,0.088588,0.002,0.0,0.5,8.0,calibration,16,False,220,16,timeout_no_goal,False,False,16,0.25,0.0,0.25,14.0,14.0,1.1428571428571428
adaptive_screening_20260813/adaptive_screening_20260813__milk_core__libero_spatial_with_milk__task5__init0__disagreement_requery_action__l1p0,requery_l1_h8,milk_task5_init0_adaptive_screen,libero_spatial_with_milk,5,0,610194,disagreement_requery_action,1.0,0.088588,0.002,0.0,0.5,8.0,calibration,16,True,117,9,success,False,False,9,0.33333333333333337,0.0,0.3333333333333333,13.333333333333334,8.0,1.125
adaptive_screening_20260813/adaptive_screening_20260813__milk_core__libero_spatial_with_milk__task5__init0__disagreement_requery_action__l1p0,requery_l1_h8,milk_task5_init0_adaptive_screen,libero_spatial_with_milk,5,0,610291,disagreement_requery_action,1.0,0.088588,0.002,0.0,0.5,8.0,calibration,16,False,220,21,timeout_no_goal,False,False,21,0.6190476190476191,0.0,0.6190476190476191,11.047619047619047,14.0,1.5
adaptive_screening_20260813/adaptive_screening_20260813__milk_core__libero_spatial_with_milk__task5__init0__disagreement_requery_action__l1p0,requery_l1_h8,milk_task5_init0_adaptive_screen,libero_spatial_with_milk,5,0,610388,disagreement_requery_action,1.0,0.088588,0.002,0.0,0.5,8.0,calibration,16,True,111,10,success,False,False,10,0.6,0.0,0.6,11.2,7.0,1.4285714285714286
adaptive_screening_20260813/adaptive_screening_20260813__milk_core__libero_spatial_with_milk__task5__init0__disagreement_requery_action__l1p0,requery_l1_h8,milk_task5_init0_adaptive_screen,libero_spatial_with_milk,5,0,610485,disagreement_requery_action,1.0,0.088588,0.002,0.0,0.5,8.0,calibration,16,False,220,17,timeout_no_goal,False,False,17,0.2941176470588235,0.0,0.29411764705882354,13.647058823529411,14.0,1.2142857142857142
adaptive_screening_20260813/adaptive_screening_20260813__milk_core__libero_spatial_with_milk__task5__init0__disagreement_requery_action__l1p0,requery_l1_h8,milk_task5_init0_adaptive_screen,libero_spatial_with_milk,5,0,610582,disagreement_requery_action,1.0,0.088588,0.002,0.0,0.5,8.0,calibration,16,False,220,19,timeout_no_goal,False,False,19,0.4736842105263158,0.0,0.47368421052631576,12.210526315789474,14.0,1.3571428571428572
adaptive_screening_20260813/adaptive_screening_20260813__milk_core__libero_spatial_with_milk__task5__init0__disagreement_requery_action__l1p0,requery_l1_h8,milk_task5_init0_adaptive_screen,libero_spatial_with_milk,5,0,610679,disagreement_requery_action,1.0,0.088588,0.002,0.0,0.5,8.0,calibration,16,True,121,11,success,False,False,11,0.5454545454545454,0.0,0.5454545454545454,11.636363636363637,8.0,1.375
adaptive_screening_20260813/adaptive_screening_20260813__milk_core__libero_spatial_with_milk__task5__init0__disagreement_requery_action__l1p0,requery_l1_h8,milk_task5_init0_adaptive_screen,libero_spatial_with_milk,5,0,610776,disagreement_requery_action,1.0,0.088588,0.002,0.0,0.5,8.0,calibration,16,True,124,11,success,False,False,11,0.5454545454545454,0.0,0.5454545454545454,11.636363636363637,8.0,1.375
adaptive_screening_20260813/adaptive_screening_20260813__milk_core__libero_spatial_with_milk__task5__init0__disagreement_requery_action__l1p0,requery_l1_h8,milk_task5_init0_adaptive_screen,libero_spatial_with_milk,5,0,610873,disagreement_requery_action,1.0,0.088588,0.002,0.0,0.5,8.0,calibration,16,True,111,10,success,False,False,10,0.5,0.0,0.5,12.0,7.0,1.4285714285714286
adaptive_screening_20260813/adaptive_screening_20260813__milk_core__libero_spatial_with_milk__task5__init0__disagreement_requery_action__l1p0,requery_l1_h8,milk_task5_init0_adaptive_screen,libero_spatial_with_milk,5,0,610970,disagreement_requery_action,1.0,0.088588,0.002,0.0,0.5,8.0,calibration,16,True,113,11,success,False,False,11,0.5454545454545454,0.0,0.5454545454545454,11.636363636363637,8.0,1.375
adaptive_screening_20260813/adaptive_screening_20260813__milk_core__libero_spatial_with_milk__task5__init0__disagreement_requery_action__l1p0,requery_l1_h8,milk_task5_init0_adaptive_screen,libero_spatial_with_milk,5,0,611067,disagreement_requery_action,1.0,0.088588,0.002,0.0,0.5,8.0,calibration,16,True,111,9,success,False,False,9,0.4444444444444444,0.0,0.4444444444444444,12.444444444444445,7.0,1.2857142857142858
adaptive_screening_20260813/adaptive_screening_20260813__milk_core__libero_spatial_with_milk__task5__init0__margin_gated_action__l1p0,margin_l1_v0.002_u0,milk_task5_init0_adaptive_screen,libero_spatial_with_milk,5,0,610000,margin_gated_action,1.0,0.088588,0.002,0.0,0.5,8.0,calibration,16,True,143,9,success,False,False,9,0.2222222222222222,0.2222222222222222,0.0,16.0,9.0,1.0
adaptive_screening_20260813/adaptive_screening_20260813__milk_core__libero_spatial_with_milk__task5__init0__margin_gated_action__l1p0,margin_l1_v0.002_u0,milk_task5_init0_adaptive_screen,libero_spatial_with_milk,5,0,610097,margin_gated_action,1.0,0.088588,0.002,0.0,0.5,8.0,calibration,16,True,145,10,success,False,False,10,0.6,0.6,0.0,16.0,10.0,1.0
adaptive_screening_20260813/adaptive_screening_20260813__milk_core__libero_spatial_with_milk__task5__init0__margin_gated_action__l1p0,margin_l1_v0.002_u0,milk_task5_init0_adaptive_screen,libero_spatial_with_milk,5,0,610194,margin_gated_action,1.0,0.088588,0.002,0.0,0.5,8.0,calibration,16,False,220,14,target_drop_candidate,True,False,14,0.2142857142857143,0.21428571428571427,0.0,16.0,14.0,1.0
adaptive_screening_20260813/adaptive_screening_20260813__milk_core__libero_spatial_with_milk__task5__init0__margin_gated_action__l1p0,margin_l1_v0.002_u0,milk_task5_init0_adaptive_screen,libero_spatial_with_milk,5,0,610291,margin_gated_action,1.0,0.088588,0.002,0.0,0.5,8.0,calibration,16,True,152,10,success,False,False,10,0.5,0.5,0.0,16.0,10.0,1.0
adaptive_screening_20260813/adaptive_screening_20260813__milk_core__libero_spatial_with_milk__task5__init0__margin_gated_action__l1p0,margin_l1_v0.002_u0,milk_task5_init0_adaptive_screen,libero_spatial_with_milk,5,0,610388,margin_gated_action,1.0,0.088588,0.002,0.0,0.5,8.0,calibration,16,True,145,10,success,False,False,10,0.6,0.6,0.0,16.0,10.0,1.0
adaptive_screening_20260813/adaptive_screening_20260813__milk_core__libero_spatial_with_milk__task5__init0__margin_gated_action__l1p0,margin_l1_v0.002_u0,milk_task5_init0_adaptive_screen,libero_spatial_with_milk,5,0,610485,margin_gated_action,1.0,0.088588,0.002,0.0,0.5,8.0,calibration,16,True,145,10,success,False,False,10,0.30000000000000004,0.3,0.0,16.0,10.0,1.0
adaptive_screening_20260813/adaptive_screening_20260813__milk_core__libero_spatial_with_milk__task5__init0__margin_gated_action__l1p0,margin_l1_v0.002_u0,milk_task5_init0_adaptive_screen,libero_spatial_with_milk,5,0,610582,margin_gated_action,1.0,0.088588,0.002,0.0,0.5,8.0,calibration,16,True,192,12,success,True,False,12,0.41666666666666663,0.4166666666666667,0.0,16.0,12.0,1.0
adaptive_screening_20260813/adaptive_screening_20260813__milk_core__libero_spatial_with_milk__task5__init0__margin_gated_action__l1p0,margin_l1_v0.002_u0,milk_task5_init0_adaptive_screen,libero_spatial_with_milk,5,0,610679,margin_gated_action,1.0,0.088588,0.002,0.0,0.5,8.0,calibration,16,True,146,10,success,False,False,10,0.30000000000000004,0.3,0.0,16.0,10.0,1.0
adaptive_screening_20260813/adaptive_screening_20260813__milk_core__libero_spatial_with_milk__task5__init0__margin_gated_action__l1p0,margin_l1_v0.002_u0,milk_task5_init0_adaptive_screen,libero_spatial_with_milk,5,0,610776,margin_gated_action,1.0,0.088588,0.002,0.0,0.5,8.0,calibration,16,True,158,10,success,False,False,10,0.30000000000000004,0.3,0.0,16.0,10.0,1.0
adaptive_screening_20260813/adaptive_screening_20260813__milk_core__libero_spatial_with_milk__task5__init0__margin_gated_action__l1p0,margin_l1_v0.002_u0,milk_task5_init0_adaptive_screen,libero_spatial_with_milk,5,0,610873,margin_gated_action,1.0,0.088588,0.002,0.0,0.5,8.0,calibration,16,True,148,10,success,False,False,10,0.4,0.4,0.0,16.0,10.0,1.0
adaptive_screening_20260813/adaptive_screening_20260813__milk_core__libero_spatial_with_milk__task5__init0__margin_gated_action__l1p0,margin_l1_v0.002_u0,milk_task5_init0_adaptive_screen,libero_spatial_with_milk,5,0,610970,margin_gated_action,1.0,0.088588,0.002,0.0,0.5,8.0,calibration,16,False,220,14,timeout_no_goal,False,False,14,0.2857142857142857,0.2857142857142857,0.0,16.0,14.0,1.0
adaptive_screening_20260813/adaptive_screening_20260813__milk_core__libero_spatial_with_milk__task5__init0__margin_gated_action__l1p0,margin_l1_v0.002_u0,milk_task5_init0_adaptive_screen,libero_spatial_with_milk,5,0,611067,margin_gated_action,1.0,0.088588,0.002,0.0,0.5,8.0,calibration,16,False,220,14,timeout_no_goal,False,False,14,0.2857142857142857,0.2857142857142857,0.0,16.0,14.0,1.0
adaptive_screening_20260813/adaptive_screening_20260813__milk_core__libero_spatial_with_milk__task5__init0__max_value__l0,max_value,milk_task5_init0_adaptive_screen,libero_spatial_with_milk,5,0,610000,max_value,0.0,0.088588,0.002,0.0,0.5,8.0,calibration,16,True,145,10,success,False,False,10,0.0,0.0,0.0,16.0,10.0,1.0
adaptive_screening_20260813/adaptive_screening_20260813__milk_core__libero_spatial_with_milk__task5__init0__max_value__l0,max_value,milk_task5_init0_adaptive_screen,libero_spatial_with_milk,5,0,610097,max_value,0.0,0.088588,0.002,0.0,0.5,8.0,calibration,16,False,220,14,timeout_no_goal,False,False,14,0.0,0.0,0.0,16.0,14.0,1.0
adaptive_screening_20260813/adaptive_screening_20260813__milk_core__libero_spatial_with_milk__task5__init0__max_value__l0,max_value,milk_task5_init0_adaptive_screen,libero_spatial_with_milk,5,0,610194,max_value,0.0,0.088588,0.002,0.0,0.5,8.0,calibration,16,False,220,14,timeout_no_goal,False,False,14,0.0,0.0,0.0,16.0,14.0,1.0
adaptive_screening_20260813/adaptive_screening_20260813__milk_core__libero_spatial_with_milk__task5__init0__max_value__l0,max_value,milk_task5_init0_adaptive_screen,libero_spatial_with_milk,5,0,610291,max_value,0.0,0.088588,0.002,0.0,0.5,8.0,calibration,16,False,220,14,target_drop_candidate,True,False,14,0.0,0.0,0.0,16.0,14.0,1.0
adaptive_screening_20260813/adaptive_screening_20260813__milk_core__libero_spatial_with_milk__task5__init0__max_value__l0,max_value,milk_task5_init0_adaptive_screen,libero_spatial_with_milk,5,0,610388,max_value,0.0,0.088588,0.002,0.0,0.5,8.0,calibration,16,True,145,10,success,False,False,10,0.0,0.0,0.0,16.0,10.0,1.0
adaptive_screening_20260813/adaptive_screening_20260813__milk_core__libero_spatial_with_milk__task5__init0__max_value__l0,max_value,milk_task5_init0_adaptive_screen,libero_spatial_with_milk,5,0,610485,max_value,0.0,0.088588,0.002,0.0,0.5,8.0,calibration,16,False,220,14,timeout_no_goal,False,False,14,0.0,0.0,0.0,16.0,14.0,1.0
adaptive_screening_20260813/adaptive_screening_20260813__milk_core__libero_spatial_with_milk__task5__init0__max_value__l0,max_value,milk_task5_init0_adaptive_screen,libero_spatial_with_milk,5,0,610582,max_value,0.0,0.088588,0.002,0.0,0.5,8.0,calibration,16,False,220,14,target_drop_candidate,True,False,14,0.0,0.0,0.0,16.0,14.0,1.0
adaptive_screening_20260813/adaptive_screening_20260813__milk_core__libero_spatial_with_milk__task5__init0__max_value__l0,max_value,milk_task5_init0_adaptive_screen,libero_spatial_with_milk,5,0,610679,max_value,0.0,0.088588,0.002,0.0,0.5,8.0,calibration,16,True,110,7,success,False,False,7,0.0,0.0,0.0,16.0,7.0,1.0
adaptive_screening_20260813/adaptive_screening_20260813__milk_core__libero_spatial_with_milk__task5__init0__max_value__l0,max_value,milk_task5_init0_adaptive_screen,libero_spatial_with_milk,5,0,610776,max_value,0.0,0.088588,0.002,0.0,0.5,8.0,calibration,16,True,160,10,success,False,False,10,0.0,0.0,0.0,16.0,10.0,1.0
adaptive_screening_20260813/adaptive_screening_20260813__milk_core__libero_spatial_with_milk__task5__init0__max_value__l0,max_value,milk_task5_init0_adaptive_screen,libero_spatial_with_milk,5,0,610873,max_value,0.0,0.088588,0.002,0.0,0.5,8.0,calibration,16,True,143,9,success,False,False,9,0.0,0.0,0.0,16.0,9.0,1.0
adaptive_screening_20260813/adaptive_screening_20260813__milk_core__libero_spatial_with_milk__task5__init0__max_value__l0,max_value,milk_task5_init0_adaptive_screen,libero_spatial_with_milk,5,0,610970,max_value,0.0,0.088588,0.002,0.0,0.5,8.0,calibration,16,False,220,14,target_drop_candidate,True,False,14,0.0,0.0,0.0,16.0,14.0,1.0
adaptive_screening_20260813/adaptive_screening_20260813__milk_core__libero_spatial_with_milk__task5__init0__max_value__l0,max_value,milk_task5_init0_adaptive_screen,libero_spatial_with_milk,5,0,611067,max_value,0.0,0.088588,0.002,0.0,0.5,8.0,calibration,16,True,145,10,success,False,False,10,0.0,0.0,0.0,16.0,10.0,1.0
adaptive_screening_20260813/adaptive_screening_20260813__milk_core__libero_spatial_with_milk__task5__init0__max_value_replay__l0,max_value_replay,milk_task5_init0_adaptive_screen,libero_spatial_with_milk,5,0,610000,max_value_replay,0.0,0.088588,0.002,0.0,0.5,8.0,calibration,16,True,145,10,success,False,False,10,0.0,0.0,0.0,16.0,10.0,1.0
adaptive_screening_20260813/adaptive_screening_20260813__milk_core__libero_spatial_with_milk__task5__init0__max_value_replay__l0,max_value_replay,milk_task5_init0_adaptive_screen,libero_spatial_with_milk,5,0,610097,max_value_replay,0.0,0.088588,0.002,0.0,0.5,8.0,calibration,16,False,220,14,timeout_no_goal,False,False,14,0.0,0.0,0.0,16.0,14.0,1.0
adaptive_screening_20260813/adaptive_screening_20260813__milk_core__libero_spatial_with_milk__task5__init0__max_value_replay__l0,max_value_replay,milk_task5_init0_adaptive_screen,libero_spatial_with_milk,5,0,610194,max_value_replay,0.0,0.088588,0.002,0.0,0.5,8.0,calibration,16,False,220,14,timeout_no_goal,False,False,14,0.0,0.0,0.0,16.0,14.0,1.0
adaptive_screening_20260813/adaptive_screening_20260813__milk_core__libero_spatial_with_milk__task5__init0__max_value_replay__l0,max_value_replay,milk_task5_init0_adaptive_screen,libero_spatial_with_milk,5,0,610291,max_value_replay,0.0,0.088588,0.002,0.0,0.5,8.0,calibration,16,False,220,14,target_drop_candidate,True,False,14,0.0,0.0,0.0,16.0,14.0,1.0
adaptive_screening_20260813/adaptive_screening_20260813__milk_core__libero_spatial_with_milk__task5__init0__max_value_replay__l0,max_value_replay,milk_task5_init0_adaptive_screen,libero_spatial_with_milk,5,0,610388,max_value_replay,0.0,0.088588,0.002,0.0,0.5,8.0,calibration,16,True,145,10,success,False,False,10,0.0,0.0,0.0,16.0,10.0,1.0
adaptive_screening_20260813/adaptive_screening_20260813__milk_core__libero_spatial_with_milk__task5__init0__max_value_replay__l0,max_value_replay,milk_task5_init0_adaptive_screen,libero_spatial_with_milk,5,0,610485,max_value_replay,0.0,0.088588,0.002,0.0,0.5,8.0,calibration,16,False,220,14,timeout_no_goal,False,False,14,0.0,0.0,0.0,16.0,14.0,1.0
adaptive_screening_20260813/adaptive_screening_20260813__milk_core__libero_spatial_with_milk__task5__init0__max_value_replay__l0,max_value_replay,milk_task5_init0_adaptive_screen,libero_spatial_with_milk,5,0,610582,max_value_replay,0.0,0.088588,0.002,0.0,0.5,8.0,calibration,16,False,220,14,target_drop_candidate,True,False,14,0.0,0.0,0.0,16.0,14.0,1.0
adaptive_screening_20260813/adaptive_screening_20260813__milk_core__libero_spatial_with_milk__task5__init0__max_value_replay__l0,max_value_replay,milk_task5_init0_adaptive_screen,libero_spatial_with_milk,5,0,610679,max_value_replay,0.0,0.088588,0.002,0.0,0.5,8.0,calibration,16,True,110,7,success,False,False,7,0.0,0.0,0.0,16.0,7.0,1.0
adaptive_screening_20260813/adaptive_screening_20260813__milk_core__libero_spatial_with_milk__task5__init0__max_value_replay__l0,max_value_replay,milk_task5_init0_adaptive_screen,libero_spatial_with_milk,5,0,610776,max_value_replay,0.0,0.088588,0.002,0.0,0.5,8.0,calibration,16,True,160,10,success,False,False,10,0.0,0.0,0.0,16.0,10.0,1.0
adaptive_screening_20260813/adaptive_screening_20260813__milk_core__libero_spatial_with_milk__task5__init0__max_value_replay__l0,max_value_replay,milk_task5_init0_adaptive_screen,libero_spatial_with_milk,5,0,610873,max_value_replay,0.0,0.088588,0.002,0.0,0.5,8.0,calibration,16,True,143,9,success,False,False,9,0.0,0.0,0.0,16.0,9.0,1.0
adaptive_screening_20260813/adaptive_screening_20260813__milk_core__libero_spatial_with_milk__task5__init0__max_value_replay__l0,max_value_replay,milk_task5_init0_adaptive_screen,libero_spatial_with_milk,5,0,610970,max_value_replay,0.0,0.088588,0.002,0.0,0.5,8.0,calibration,16,False,220,14,target_drop_candidate,True,False,14,0.0,0.0,0.0,16.0,14.0,1.0
adaptive_screening_20260813/adaptive_screening_20260813__milk_core__libero_spatial_with_milk__task5__init0__max_value_replay__l0,max_value_replay,milk_task5_init0_adaptive_screen,libero_spatial_with_milk,5,0,611067,max_value_replay,0.0,0.088588,0.002,0.0,0.5,8.0,calibration,16,True,145,10,success,False,False,10,0.0,0.0,0.0,16.0,10.0,1.0
adaptive_screening_20260813/adaptive_screening_20260813__milk_core__libero_spatial_with_milk__task5__init0__phase_gated_action__l1p0,phase_l1_r0.5,milk_task5_init0_adaptive_screen,libero_spatial_with_milk,5,0,610000,phase_gated_action,1.0,0.088588,0.002,0.0,0.5,8.0,calibration,16,True,143,9,success,False,False,9,0.2222222222222222,0.7777777777777778,0.0,16.0,9.0,1.0
adaptive_screening_20260813/adaptive_screening_20260813__milk_core__libero_spatial_with_milk__task5__init0__phase_gated_action__l1p0,phase_l1_r0.5,milk_task5_init0_adaptive_screen,libero_spatial_with_milk,5,0,610097,phase_gated_action,1.0,0.088588,0.002,0.0,0.5,8.0,calibration,16,True,145,10,success,False,False,10,0.5,0.7,0.0,16.0,10.0,1.0
adaptive_screening_20260813/adaptive_screening_20260813__milk_core__libero_spatial_with_milk__task5__init0__phase_gated_action__l1p0,phase_l1_r0.5,milk_task5_init0_adaptive_screen,libero_spatial_with_milk,5,0,610194,phase_gated_action,1.0,0.088588,0.002,0.0,0.5,8.0,calibration,16,False,220,14,target_drop_candidate,True,False,14,0.0714285714285714,0.5,0.0,16.0,14.0,1.0
adaptive_screening_20260813/adaptive_screening_20260813__milk_core__libero_spatial_with_milk__task5__init0__phase_gated_action__l1p0,phase_l1_r0.5,milk_task5_init0_adaptive_screen,libero_spatial_with_milk,5,0,610291,phase_gated_action,1.0,0.088588,0.002,0.0,0.5,8.0,calibration,16,True,152,10,success,False,False,10,0.5,0.7,0.0,16.0,10.0,1.0
adaptive_screening_20260813/adaptive_screening_20260813__milk_core__libero_spatial_with_milk__task5__init0__phase_gated_action__l1p0,phase_l1_r0.5,milk_task5_init0_adaptive_screen,libero_spatial_with_milk,5,0,610388,phase_gated_action,1.0,0.088588,0.002,0.0,0.5,8.0,calibration,16,True,145,10,success,False,False,10,0.6,0.7,0.0,16.0,10.0,1.0
adaptive_screening_20260813/adaptive_screening_20260813__milk_core__libero_spatial_with_milk__task5__init0__phase_gated_action__l1p0,phase_l1_r0.5,milk_task5_init0_adaptive_screen,libero_spatial_with_milk,5,0,610485,phase_gated_action,1.0,0.088588,0.002,0.0,0.5,8.0,calibration,16,True,145,10,success,False,False,10,0.30000000000000004,0.7,0.0,16.0,10.0,1.0
adaptive_screening_20260813/adaptive_screening_20260813__milk_core__libero_spatial_with_milk__task5__init0__phase_gated_action__l1p0,phase_l1_r0.5,milk_task5_init0_adaptive_screen,libero_spatial_with_milk,5,0,610582,phase_gated_action,1.0,0.088588,0.002,0.0,0.5,8.0,calibration,16,False,220,14,target_drop_candidate,True,False,14,0.2142857142857143,0.5,0.0,16.0,14.0,1.0
adaptive_screening_20260813/adaptive_screening_20260813__milk_core__libero_spatial_with_milk__task5__init0__phase_gated_action__l1p0,phase_l1_r0.5,milk_task5_init0_adaptive_screen,libero_spatial_with_milk,5,0,610679,phase_gated_action,1.0,0.088588,0.002,0.0,0.5,8.0,calibration,16,True,146,10,success,False,False,10,0.30000000000000004,0.7,0.0,16.0,10.0,1.0
adaptive_screening_20260813/adaptive_screening_20260813__milk_core__libero_spatial_with_milk__task5__init0__phase_gated_action__l1p0,phase_l1_r0.5,milk_task5_init0_adaptive_screen,libero_spatial_with_milk,5,0,610776,phase_gated_action,1.0,0.088588,0.002,0.0,0.5,8.0,calibration,16,False,220,14,timeout_no_goal,False,False,14,0.1428571428571429,0.5,0.0,16.0,14.0,1.0
adaptive_screening_20260813/adaptive_screening_20260813__milk_core__libero_spatial_with_milk__task5__init0__phase_gated_action__l1p0,phase_l1_r0.5,milk_task5_init0_adaptive_screen,libero_spatial_with_milk,5,0,610873,phase_gated_action,1.0,0.088588,0.002,0.0,0.5,8.0,calibration,16,True,160,10,success,False,False,10,0.30000000000000004,0.7,0.0,16.0,10.0,1.0
adaptive_screening_20260813/adaptive_screening_20260813__milk_core__libero_spatial_with_milk__task5__init0__phase_gated_action__l1p0,phase_l1_r0.5,milk_task5_init0_adaptive_screen,libero_spatial_with_milk,5,0,610970,phase_gated_action,1.0,0.088588,0.002,0.0,0.5,8.0,calibration,16,False,220,14,timeout_no_goal,False,False,14,0.2142857142857143,0.5,0.0,16.0,14.0,1.0
adaptive_screening_20260813/adaptive_screening_20260813__milk_core__libero_spatial_with_milk__task5__init0__phase_gated_action__l1p0,phase_l1_r0.5,milk_task5_init0_adaptive_screen,libero_spatial_with_milk,5,0,611067,phase_gated_action,1.0,0.088588,0.002,0.0,0.5,8.0,calibration,16,False,220,14,timeout_no_goal,False,False,14,0.2142857142857143,0.5,0.0,16.0,14.0,1.0
adaptive_screening_20260813/adaptive_screening_20260813__milk_core__libero_spatial_with_milk__task5__init0__uncertainty_penalty_action__l0p5,action_l0.5,milk_task5_init0_adaptive_screen,libero_spatial_with_milk,5,0,610000,uncertainty_penalty_action,0.5,0.088588,0.002,0.0,0.5,8.0,calibration,16,True,145,10,success,False,False,10,0.4,0.0,0.0,16.0,10.0,1.0
adaptive_screening_20260813/adaptive_screening_20260813__milk_core__libero_spatial_with_milk__task5__init0__uncertainty_penalty_action__l0p5,action_l0.5,milk_task5_init0_adaptive_screen,libero_spatial_with_milk,5,0,610097,uncertainty_penalty_action,0.5,0.088588,0.002,0.0,0.5,8.0,calibration,16,False,220,14,target_drop_candidate,True,False,14,0.3571428571428571,0.0,0.0,16.0,14.0,1.0
adaptive_screening_20260813/adaptive_screening_20260813__milk_core__libero_spatial_with_milk__task5__init0__uncertainty_penalty_action__l0p5,action_l0.5,milk_task5_init0_adaptive_screen,libero_spatial_with_milk,5,0,610194,uncertainty_penalty_action,0.5,0.088588,0.002,0.0,0.5,8.0,calibration,16,False,220,14,target_drop_candidate,True,False,14,0.0714285714285714,0.0,0.0,16.0,14.0,1.0
adaptive_screening_20260813/adaptive_screening_20260813__milk_core__libero_spatial_with_milk__task5__init0__uncertainty_penalty_action__l0p5,action_l0.5,milk_task5_init0_adaptive_screen,libero_spatial_with_milk,5,0,610291,uncertainty_penalty_action,0.5,0.088588,0.002,0.0,0.5,8.0,calibration,16,True,114,8,success,False,False,8,0.375,0.0,0.0,16.0,8.0,1.0
adaptive_screening_20260813/adaptive_screening_20260813__milk_core__libero_spatial_with_milk__task5__init0__uncertainty_penalty_action__l0p5,action_l0.5,milk_task5_init0_adaptive_screen,libero_spatial_with_milk,5,0,610388,uncertainty_penalty_action,0.5,0.088588,0.002,0.0,0.5,8.0,calibration,16,False,220,14,timeout_no_goal,False,False,14,0.3571428571428571,0.0,0.0,16.0,14.0,1.0
adaptive_screening_20260813/adaptive_screening_20260813__milk_core__libero_spatial_with_milk__task5__init0__uncertainty_penalty_action__l0p5,action_l0.5,milk_task5_init0_adaptive_screen,libero_spatial_with_milk,5,0,610485,uncertainty_penalty_action,0.5,0.088588,0.002,0.0,0.5,8.0,calibration,16,False,220,14,target_drop_candidate,True,False,14,0.2142857142857143,0.0,0.0,16.0,14.0,1.0
adaptive_screening_20260813/adaptive_screening_20260813__milk_core__libero_spatial_with_milk__task5__init0__uncertainty_penalty_action__l0p5,action_l0.5,milk_task5_init0_adaptive_screen,libero_spatial_with_milk,5,0,610582,uncertainty_penalty_action,0.5,0.088588,0.002,0.0,0.5,8.0,calibration,16,False,220,14,timeout_no_goal,False,False,14,0.4285714285714286,0.0,0.0,16.0,14.0,1.0
adaptive_screening_20260813/adaptive_screening_20260813__milk_core__libero_spatial_with_milk__task5__init0__uncertainty_penalty_action__l0p5,action_l0.5,milk_task5_init0_adaptive_screen,libero_spatial_with_milk,5,0,610679,uncertainty_penalty_action,0.5,0.088588,0.002,0.0,0.5,8.0,calibration,16,True,145,10,success,False,False,10,0.4,0.0,0.0,16.0,10.0,1.0
adaptive_screening_20260813/adaptive_screening_20260813__milk_core__libero_spatial_with_milk__task5__init0__uncertainty_penalty_action__l0p5,action_l0.5,milk_task5_init0_adaptive_screen,libero_spatial_with_milk,5,0,610776,uncertainty_penalty_action,0.5,0.088588,0.002,0.0,0.5,8.0,calibration,16,True,158,10,success,False,False,10,0.30000000000000004,0.0,0.0,16.0,10.0,1.0
adaptive_screening_20260813/adaptive_screening_20260813__milk_core__libero_spatial_with_milk__task5__init0__uncertainty_penalty_action__l0p5,action_l0.5,milk_task5_init0_adaptive_screen,libero_spatial_with_milk,5,0,610873,uncertainty_penalty_action,0.5,0.088588,0.002,0.0,0.5,8.0,calibration,16,True,148,10,success,False,False,10,0.4,0.0,0.0,16.0,10.0,1.0
adaptive_screening_20260813/adaptive_screening_20260813__milk_core__libero_spatial_with_milk__task5__init0__uncertainty_penalty_action__l0p5,action_l0.5,milk_task5_init0_adaptive_screen,libero_spatial_with_milk,5,0,610970,uncertainty_penalty_action,0.5,0.088588,0.002,0.0,0.5,8.0,calibration,16,False,220,14,timeout_no_goal,False,False,14,0.2857142857142857,0.0,0.0,16.0,14.0,1.0
adaptive_screening_20260813/adaptive_screening_20260813__milk_core__libero_spatial_with_milk__task5__init0__uncertainty_penalty_action__l0p5,action_l0.5,milk_task5_init0_adaptive_screen,libero_spatial_with_milk,5,0,611067,uncertainty_penalty_action,0.5,0.088588,0.002,0.0,0.5,8.0,calibration,16,True,145,10,success,False,False,10,0.09999999999999998,0.0,0.0,16.0,10.0,1.0
adaptive_screening_20260813/adaptive_screening_20260813__milk_core__libero_spatial_with_milk__task5__init0__uncertainty_penalty_action__l1p0,action_l1,milk_task5_init0_adaptive_screen,libero_spatial_with_milk,5,0,610000,uncertainty_penalty_action,1.0,0.088588,0.002,0.0,0.5,8.0,calibration,16,True,145,10,success,False,False,10,0.5,0.0,0.0,16.0,10.0,1.0
adaptive_screening_20260813/adaptive_screening_20260813__milk_core__libero_spatial_with_milk__task5__init0__uncertainty_penalty_action__l1p0,action_l1,milk_task5_init0_adaptive_screen,libero_spatial_with_milk,5,0,610097,uncertainty_penalty_action,1.0,0.088588,0.002,0.0,0.5,8.0,calibration,16,True,146,10,success,False,False,10,0.9,0.0,0.0,16.0,10.0,1.0
adaptive_screening_20260813/adaptive_screening_20260813__milk_core__libero_spatial_with_milk__task5__init0__uncertainty_penalty_action__l1p0,action_l1,milk_task5_init0_adaptive_screen,libero_spatial_with_milk,5,0,610194,uncertainty_penalty_action,1.0,0.088588,0.002,0.0,0.5,8.0,calibration,16,True,145,10,success,False,False,10,0.4,0.0,0.0,16.0,10.0,1.0
adaptive_screening_20260813/adaptive_screening_20260813__milk_core__libero_spatial_with_milk__task5__init0__uncertainty_penalty_action__l1p0,action_l1,milk_task5_init0_adaptive_screen,libero_spatial_with_milk,5,0,610291,uncertainty_penalty_action,1.0,0.088588,0.002,0.0,0.5,8.0,calibration,16,False,220,14,timeout_no_goal,False,False,14,0.6428571428571428,0.0,0.0,16.0,14.0,1.0
adaptive_screening_20260813/adaptive_screening_20260813__milk_core__libero_spatial_with_milk__task5__init0__uncertainty_penalty_action__l1p0,action_l1,milk_task5_init0_adaptive_screen,libero_spatial_with_milk,5,0,610388,uncertainty_penalty_action,1.0,0.088588,0.002,0.0,0.5,8.0,calibration,16,True,145,10,success,False,False,10,0.6,0.0,0.0,16.0,10.0,1.0
adaptive_screening_20260813/adaptive_screening_20260813__milk_core__libero_spatial_with_milk__task5__init0__uncertainty_penalty_action__l1p0,action_l1,milk_task5_init0_adaptive_screen,libero_spatial_with_milk,5,0,610485,uncertainty_penalty_action,1.0,0.088588,0.002,0.0,0.5,8.0,calibration,16,False,220,14,timeout_no_goal,False,False,14,0.7142857142857143,0.0,0.0,16.0,14.0,1.0
adaptive_screening_20260813/adaptive_screening_20260813__milk_core__libero_spatial_with_milk__task5__init0__uncertainty_penalty_action__l1p0,action_l1,milk_task5_init0_adaptive_screen,libero_spatial_with_milk,5,0,610582,uncertainty_penalty_action,1.0,0.088588,0.002,0.0,0.5,8.0,calibration,16,False,220,14,target_drop_candidate,True,False,14,0.2857142857142857,0.0,0.0,16.0,14.0,1.0
adaptive_screening_20260813/adaptive_screening_20260813__milk_core__libero_spatial_with_milk__task5__init0__uncertainty_penalty_action__l1p0,action_l1,milk_task5_init0_adaptive_screen,libero_spatial_with_milk,5,0,610679,uncertainty_penalty_action,1.0,0.088588,0.002,0.0,0.5,8.0,calibration,16,True,145,10,success,False,False,10,0.5,0.0,0.0,16.0,10.0,1.0
adaptive_screening_20260813/adaptive_screening_20260813__milk_core__libero_spatial_with_milk__task5__init0__uncertainty_penalty_action__l1p0,action_l1,milk_task5_init0_adaptive_screen,libero_spatial_with_milk,5,0,610776,uncertainty_penalty_action,1.0,0.088588,0.002,0.0,0.5,8.0,calibration,16,True,153,10,success,False,False,10,0.4,0.0,0.0,16.0,10.0,1.0
adaptive_screening_20260813/adaptive_screening_20260813__milk_core__libero_spatial_with_milk__task5__init0__uncertainty_penalty_action__l1p0,action_l1,milk_task5_init0_adaptive_screen,libero_spatial_with_milk,5,0,610873,uncertainty_penalty_action,1.0,0.088588,0.002,0.0,0.5,8.0,calibration,16,False,220,14,timeout_no_goal,False,False,14,0.2857142857142857,0.0,0.0,16.0,14.0,1.0
adaptive_screening_20260813/adaptive_screening_20260813__milk_core__libero_spatial_with_milk__task5__init0__uncertainty_penalty_action__l1p0,action_l1,milk_task5_init0_adaptive_screen,libero_spatial_with_milk,5,0,610970,uncertainty_penalty_action,1.0,0.088588,0.002,0.0,0.5,8.0,calibration,16,False,220,14,timeout_no_goal,False,False,14,0.3571428571428571,0.0,0.0,16.0,14.0,1.0
adaptive_screening_20260813/adaptive_screening_20260813__milk_core__libero_spatial_with_milk__task5__init0__uncertainty_penalty_action__l1p0,action_l1,milk_task5_init0_adaptive_screen,libero_spatial_with_milk,5,0,611067,uncertainty_penalty_action,1.0,0.088588,0.002,0.0,0.5,8.0,calibration,16,True,110,7,success,False,False,7,0.8571428571428572,0.0,0.0,16.0,7.0,1.0
adaptive_screening_20260813/adaptive_screening_20260813__milk_core__libero_spatial_with_milk__task5__init0__uncertainty_penalty_action__l2p0,action_l2,milk_task5_init0_adaptive_screen,libero_spatial_with_milk,5,0,610000,uncertainty_penalty_action,2.0,0.088588,0.002,0.0,0.5,8.0,calibration,16,True,145,10,success,False,False,10,0.6,0.0,0.0,16.0,10.0,1.0
adaptive_screening_20260813/adaptive_screening_20260813__milk_core__libero_spatial_with_milk__task5__init0__uncertainty_penalty_action__l2p0,action_l2,milk_task5_init0_adaptive_screen,libero_spatial_with_milk,5,0,610097,uncertainty_penalty_action,2.0,0.088588,0.002,0.0,0.5,8.0,calibration,16,True,145,10,success,False,False,10,0.7,0.0,0.0,16.0,10.0,1.0
adaptive_screening_20260813/adaptive_screening_20260813__milk_core__libero_spatial_with_milk__task5__init0__uncertainty_penalty_action__l2p0,action_l2,milk_task5_init0_adaptive_screen,libero_spatial_with_milk,5,0,610194,uncertainty_penalty_action,2.0,0.088588,0.002,0.0,0.5,8.0,calibration,16,False,220,14,timeout_no_goal,False,False,14,0.7142857142857143,0.0,0.0,16.0,14.0,1.0
adaptive_screening_20260813/adaptive_screening_20260813__milk_core__libero_spatial_with_milk__task5__init0__uncertainty_penalty_action__l2p0,action_l2,milk_task5_init0_adaptive_screen,libero_spatial_with_milk,5,0,610291,uncertainty_penalty_action,2.0,0.088588,0.002,0.0,0.5,8.0,calibration,16,True,145,10,success,False,False,10,0.6,0.0,0.0,16.0,10.0,1.0
adaptive_screening_20260813/adaptive_screening_20260813__milk_core__libero_spatial_with_milk__task5__init0__uncertainty_penalty_action__l2p0,action_l2,milk_task5_init0_adaptive_screen,libero_spatial_with_milk,5,0,610388,uncertainty_penalty_action,2.0,0.088588,0.002,0.0,0.5,8.0,calibration,16,True,145,10,success,False,False,10,0.7,0.0,0.0,16.0,10.0,1.0
adaptive_screening_20260813/adaptive_screening_20260813__milk_core__libero_spatial_with_milk__task5__init0__uncertainty_penalty_action__l2p0,action_l2,milk_task5_init0_adaptive_screen,libero_spatial_with_milk,5,0,610485,uncertainty_penalty_action,2.0,0.088588,0.002,0.0,0.5,8.0,calibration,16,True,145,10,success,False,False,10,0.4,0.0,0.0,16.0,10.0,1.0
adaptive_screening_20260813/adaptive_screening_20260813__milk_core__libero_spatial_with_milk__task5__init0__uncertainty_penalty_action__l2p0,action_l2,milk_task5_init0_adaptive_screen,libero_spatial_with_milk,5,0,610582,uncertainty_penalty_action,2.0,0.088588,0.002,0.0,0.5,8.0,calibration,16,True,152,10,success,False,False,10,0.4,0.0,0.0,16.0,10.0,1.0
adaptive_screening_20260813/adaptive_screening_20260813__milk_core__libero_spatial_with_milk__task5__init0__uncertainty_penalty_action__l2p0,action_l2,milk_task5_init0_adaptive_screen,libero_spatial_with_milk,5,0,610679,uncertainty_penalty_action,2.0,0.088588,0.002,0.0,0.5,8.0,calibration,16,False,220,14,timeout_no_goal,False,False,14,0.6428571428571428,0.0,0.0,16.0,14.0,1.0
adaptive_screening_20260813/adaptive_screening_20260813__milk_core__libero_spatial_with_milk__task5__init0__uncertainty_penalty_action__l2p0,action_l2,milk_task5_init0_adaptive_screen,libero_spatial_with_milk,5,0,610776,uncertainty_penalty_action,2.0,0.088588,0.002,0.0,0.5,8.0,calibration,16,False,220,14,timeout_no_goal,False,False,14,0.6428571428571428,0.0,0.0,16.0,14.0,1.0
adaptive_screening_20260813/adaptive_screening_20260813__milk_core__libero_spatial_with_milk__task5__init0__uncertainty_penalty_action__l2p0,action_l2,milk_task5_init0_adaptive_screen,libero_spatial_with_milk,5,0,610873,uncertainty_penalty_action,2.0,0.088588,0.002,0.0,0.5,8.0,calibration,16,True,145,10,success,False,False,10,0.5,0.0,0.0,16.0,10.0,1.0
adaptive_screening_20260813/adaptive_screening_20260813__milk_core__libero_spatial_with_milk__task5__init0__uncertainty_penalty_action__l2p0,action_l2,milk_task5_init0_adaptive_screen,libero_spatial_with_milk,5,0,610970,uncertainty_penalty_action,2.0,0.088588,0.002,0.0,0.5,8.0,calibration,16,True,145,10,success,False,False,10,0.6,0.0,0.0,16.0,10.0,1.0
adaptive_screening_20260813/adaptive_screening_20260813__milk_core__libero_spatial_with_milk__task5__init0__uncertainty_penalty_action__l2p0,action_l2,milk_task5_init0_adaptive_screen,libero_spatial_with_milk,5,0,611067,uncertainty_penalty_action,2.0,0.088588,0.002,0.0,0.5,8.0,calibration,16,False,220,14,timeout_no_goal,False,False,14,0.6428571428571428,0.0,0.0,16.0,14.0,1.0
adaptive_screening_20260813/adaptive_screening_20260813__milk_core__libero_spatial_with_milk__task5__init0__uncertainty_penalty_action_replay__l1p0,action_l1_replay,milk_task5_init0_adaptive_screen,libero_spatial_with_milk,5,0,610000,uncertainty_penalty_action_replay,1.0,0.088588,0.002,0.0,0.5,8.0,calibration,16,True,143,9,success,False,False,9,0.2222222222222222,0.0,0.0,16.0,9.0,1.0
adaptive_screening_20260813/adaptive_screening_20260813__milk_core__libero_spatial_with_milk__task5__init0__uncertainty_penalty_action_replay__l1p0,action_l1_replay,milk_task5_init0_adaptive_screen,libero_spatial_with_milk,5,0,610097,uncertainty_penalty_action_replay,1.0,0.088588,0.002,0.0,0.5,8.0,calibration,16,True,145,10,success,False,False,10,0.7,0.0,0.0,16.0,10.0,1.0
adaptive_screening_20260813/adaptive_screening_20260813__milk_core__libero_spatial_with_milk__task5__init0__uncertainty_penalty_action_replay__l1p0,action_l1_replay,milk_task5_init0_adaptive_screen,libero_spatial_with_milk,5,0,610194,uncertainty_penalty_action_replay,1.0,0.088588,0.002,0.0,0.5,8.0,calibration,16,False,220,14,target_drop_candidate,True,False,14,0.2142857142857143,0.0,0.0,16.0,14.0,1.0
adaptive_screening_20260813/adaptive_screening_20260813__milk_core__libero_spatial_with_milk__task5__init0__uncertainty_penalty_action_replay__l1p0,action_l1_replay,milk_task5_init0_adaptive_screen,libero_spatial_with_milk,5,0,610291,uncertainty_penalty_action_replay,1.0,0.088588,0.002,0.0,0.5,8.0,calibration,16,True,145,10,success,False,False,10,0.6,0.0,0.0,16.0,10.0,1.0
adaptive_screening_20260813/adaptive_screening_20260813__milk_core__libero_spatial_with_milk__task5__init0__uncertainty_penalty_action_replay__l1p0,action_l1_replay,milk_task5_init0_adaptive_screen,libero_spatial_with_milk,5,0,610388,uncertainty_penalty_action_replay,1.0,0.088588,0.002,0.0,0.5,8.0,calibration,16,True,145,10,success,False,False,10,0.7,0.0,0.0,16.0,10.0,1.0
adaptive_screening_20260813/adaptive_screening_20260813__milk_core__libero_spatial_with_milk__task5__init0__uncertainty_penalty_action_replay__l1p0,action_l1_replay,milk_task5_init0_adaptive_screen,libero_spatial_with_milk,5,0,610485,uncertainty_penalty_action_replay,1.0,0.088588,0.002,0.0,0.5,8.0,calibration,16,True,145,10,success,False,False,10,0.30000000000000004,0.0,0.0,16.0,10.0,1.0
adaptive_screening_20260813/adaptive_screening_20260813__milk_core__libero_spatial_with_milk__task5__init0__uncertainty_penalty_action_replay__l1p0,action_l1_replay,milk_task5_init0_adaptive_screen,libero_spatial_with_milk,5,0,610582,uncertainty_penalty_action_replay,1.0,0.088588,0.002,0.0,0.5,8.0,calibration,16,False,220,14,timeout_no_goal,False,False,14,0.5,0.0,0.0,16.0,14.0,1.0
adaptive_screening_20260813/adaptive_screening_20260813__milk_core__libero_spatial_with_milk__task5__init0__uncertainty_penalty_action_replay__l1p0,action_l1_replay,milk_task5_init0_adaptive_screen,libero_spatial_with_milk,5,0,610679,uncertainty_penalty_action_replay,1.0,0.088588,0.002,0.0,0.5,8.0,calibration,16,True,153,10,success,False,False,10,0.4,0.0,0.0,16.0,10.0,1.0
adaptive_screening_20260813/adaptive_screening_20260813__milk_core__libero_spatial_with_milk__task5__init0__uncertainty_penalty_action_replay__l1p0,action_l1_replay,milk_task5_init0_adaptive_screen,libero_spatial_with_milk,5,0,610776,uncertainty_penalty_action_replay,1.0,0.088588,0.002,0.0,0.5,8.0,calibration,16,True,216,14,success,False,False,14,0.4285714285714286,0.0,0.0,16.0,14.0,1.0
adaptive_screening_20260813/adaptive_screening_20260813__milk_core__libero_spatial_with_milk__task5__init0__uncertainty_penalty_action_replay__l1p0,action_l1_replay,milk_task5_init0_adaptive_screen,libero_spatial_with_milk,5,0,610873,uncertainty_penalty_action_replay,1.0,0.088588,0.002,0.0,0.5,8.0,calibration,16,True,145,10,success,False,False,10,0.5,0.0,0.0,16.0,10.0,1.0
adaptive_screening_20260813/adaptive_screening_20260813__milk_core__libero_spatial_with_milk__task5__init0__uncertainty_penalty_action_replay__l1p0,action_l1_replay,milk_task5_init0_adaptive_screen,libero_spatial_with_milk,5,0,610970,uncertainty_penalty_action_replay,1.0,0.088588,0.002,0.0,0.5,8.0,calibration,16,False,220,14,timeout_no_goal,False,False,14,0.4285714285714286,0.0,0.0,16.0,14.0,1.0
adaptive_screening_20260813/adaptive_screening_20260813__milk_core__libero_spatial_with_milk__task5__init0__uncertainty_penalty_action_replay__l1p0,action_l1_replay,milk_task5_init0_adaptive_screen,libero_spatial_with_milk,5,0,611067,uncertainty_penalty_action_replay,1.0,0.088588,0.002,0.0,0.5,8.0,calibration,16,False,220,14,timeout_no_goal,False,False,14,0.2857142857142857,0.0,0.0,16.0,14.0,1.0
adaptive_screening_20260813/adaptive_screening_20260813__milk_margin_high__libero_spatial_with_milk__task5__init0__margin_gated_action__l1p0,margin_l1_v0.01_u0,milk_task5_init0_adaptive_screen,libero_spatial_with_milk,5,0,610000,margin_gated_action,1.0,0.088588,0.01,0.0,0.5,8.0,calibration,16,True,143,9,success,False,False,9,0.2222222222222222,0.2222222222222222,0.0,16.0,9.0,1.0
adaptive_screening_20260813/adaptive_screening_20260813__milk_margin_high__libero_spatial_with_milk__task5__init0__margin_gated_action__l1p0,margin_l1_v0.01_u0,milk_task5_init0_adaptive_screen,libero_spatial_with_milk,5,0,610097,margin_gated_action,1.0,0.088588,0.01,0.0,0.5,8.0,calibration,16,True,145,10,success,False,False,10,0.6,0.6,0.0,16.0,10.0,1.0
adaptive_screening_20260813/adaptive_screening_20260813__milk_margin_high__libero_spatial_with_milk__task5__init0__margin_gated_action__l1p0,margin_l1_v0.01_u0,milk_task5_init0_adaptive_screen,libero_spatial_with_milk,5,0,610194,margin_gated_action,1.0,0.088588,0.01,0.0,0.5,8.0,calibration,16,False,220,14,target_drop_candidate,True,False,14,0.2142857142857143,0.21428571428571427,0.0,16.0,14.0,1.0
adaptive_screening_20260813/adaptive_screening_20260813__milk_margin_high__libero_spatial_with_milk__task5__init0__margin_gated_action__l1p0,margin_l1_v0.01_u0,milk_task5_init0_adaptive_screen,libero_spatial_with_milk,5,0,610291,margin_gated_action,1.0,0.088588,0.01,0.0,0.5,8.0,calibration,16,True,145,10,success,False,False,10,0.6,0.6,0.0,16.0,10.0,1.0
adaptive_screening_20260813/adaptive_screening_20260813__milk_margin_high__libero_spatial_with_milk__task5__init0__margin_gated_action__l1p0,margin_l1_v0.01_u0,milk_task5_init0_adaptive_screen,libero_spatial_with_milk,5,0,610388,margin_gated_action,1.0,0.088588,0.01,0.0,0.5,8.0,calibration,16,True,145,10,success,False,False,10,0.7,0.7,0.0,16.0,10.0,1.0
adaptive_screening_20260813/adaptive_screening_20260813__milk_margin_high__libero_spatial_with_milk__task5__init0__margin_gated_action__l1p0,margin_l1_v0.01_u0,milk_task5_init0_adaptive_screen,libero_spatial_with_milk,5,0,610485,margin_gated_action,1.0,0.088588,0.01,0.0,0.5,8.0,calibration,16,True,145,10,success,False,False,10,0.30000000000000004,0.3,0.0,16.0,10.0,1.0
adaptive_screening_20260813/adaptive_screening_20260813__milk_margin_high__libero_spatial_with_milk__task5__init0__margin_gated_action__l1p0,margin_l1_v0.01_u0,milk_task5_init0_adaptive_screen,libero_spatial_with_milk,5,0,610582,margin_gated_action,1.0,0.088588,0.01,0.0,0.5,8.0,calibration,16,False,220,14,timeout_no_goal,False,False,14,0.5,0.5,0.0,16.0,14.0,1.0
adaptive_screening_20260813/adaptive_screening_20260813__milk_margin_high__libero_spatial_with_milk__task5__init0__margin_gated_action__l1p0,margin_l1_v0.01_u0,milk_task5_init0_adaptive_screen,libero_spatial_with_milk,5,0,610679,margin_gated_action,1.0,0.088588,0.01,0.0,0.5,8.0,calibration,16,True,153,10,success,False,False,10,0.4,0.4,0.0,16.0,10.0,1.0
adaptive_screening_20260813/adaptive_screening_20260813__milk_margin_high__libero_spatial_with_milk__task5__init0__margin_gated_action__l1p0,margin_l1_v0.01_u0,milk_task5_init0_adaptive_screen,libero_spatial_with_milk,5,0,610776,margin_gated_action,1.0,0.088588,0.01,0.0,0.5,8.0,calibration,16,True,158,10,success,False,False,10,0.30000000000000004,0.3,0.0,16.0,10.0,1.0
adaptive_screening_20260813/adaptive_screening_20260813__milk_margin_high__libero_spatial_with_milk__task5__init0__margin_gated_action__l1p0,margin_l1_v0.01_u0,milk_task5_init0_adaptive_screen,libero_spatial_with_milk,5,0,610873,margin_gated_action,1.0,0.088588,0.01,0.0,0.5,8.0,calibration,16,True,145,10,success,False,False,10,0.5,0.5,0.0,16.0,10.0,1.0
adaptive_screening_20260813/adaptive_screening_20260813__milk_margin_high__libero_spatial_with_milk__task5__init0__margin_gated_action__l1p0,margin_l1_v0.01_u0,milk_task5_init0_adaptive_screen,libero_spatial_with_milk,5,0,610970,margin_gated_action,1.0,0.088588,0.01,0.0,0.5,8.0,calibration,16,False,220,14,timeout_no_goal,False,False,14,0.4285714285714286,0.42857142857142855,0.0,16.0,14.0,1.0
adaptive_screening_20260813/adaptive_screening_20260813__milk_margin_high__libero_spatial_with_milk__task5__init0__margin_gated_action__l1p0,margin_l1_v0.01_u0,milk_task5_init0_adaptive_screen,libero_spatial_with_milk,5,0,611067,margin_gated_action,1.0,0.088588,0.01,0.0,0.5,8.0,calibration,16,False,220,14,timeout_no_goal,False,False,14,0.2857142857142857,0.2857142857142857,0.0,16.0,14.0,1.0
adaptive_screening_20260813/adaptive_screening_20260813__milk_margin_low__libero_spatial_with_milk__task5__init0__margin_gated_action__l1p0,margin_l1_v0.0005_u0,milk_task5_init0_adaptive_screen,libero_spatial_with_milk,5,0,610000,margin_gated_action,1.0,0.088588,0.0005,0.0,0.5,8.0,calibration,16,True,143,9,success,False,False,9,0.11111111111111116,0.1111111111111111,0.0,16.0,9.0,1.0
adaptive_screening_20260813/adaptive_screening_20260813__milk_margin_low__libero_spatial_with_milk__task5__init0__margin_gated_action__l1p0,margin_l1_v0.0005_u0,milk_task5_init0_adaptive_screen,libero_spatial_with_milk,5,0,610097,margin_gated_action,1.0,0.088588,0.0005,0.0,0.5,8.0,calibration,16,False,220,14,target_drop_candidate,True,False,14,0.1428571428571429,0.14285714285714285,0.0,16.0,14.0,1.0
adaptive_screening_20260813/adaptive_screening_20260813__milk_margin_low__libero_spatial_with_milk__task5__init0__margin_gated_action__l1p0,margin_l1_v0.0005_u0,milk_task5_init0_adaptive_screen,libero_spatial_with_milk,5,0,610194,margin_gated_action,1.0,0.088588,0.0005,0.0,0.5,8.0,calibration,16,False,220,14,target_drop_candidate,True,False,14,0.1428571428571429,0.14285714285714285,0.0,16.0,14.0,1.0
adaptive_screening_20260813/adaptive_screening_20260813__milk_margin_low__libero_spatial_with_milk__task5__init0__margin_gated_action__l1p0,margin_l1_v0.0005_u0,milk_task5_init0_adaptive_screen,libero_spatial_with_milk,5,0,610291,margin_gated_action,1.0,0.088588,0.0005,0.0,0.5,8.0,calibration,16,True,152,10,success,False,False,10,0.5,0.5,0.0,16.0,10.0,1.0
adaptive_screening_20260813/adaptive_screening_20260813__milk_margin_low__libero_spatial_with_milk__task5__init0__margin_gated_action__l1p0,margin_l1_v0.0005_u0,milk_task5_init0_adaptive_screen,libero_spatial_with_milk,5,0,610388,margin_gated_action,1.0,0.088588,0.0005,0.0,0.5,8.0,calibration,16,True,145,10,success,False,False,10,0.0,0.0,0.0,16.0,10.0,1.0
adaptive_screening_20260813/adaptive_screening_20260813__milk_margin_low__libero_spatial_with_milk__task5__init0__margin_gated_action__l1p0,margin_l1_v0.0005_u0,milk_task5_init0_adaptive_screen,libero_spatial_with_milk,5,0,610485,margin_gated_action,1.0,0.088588,0.0005,0.0,0.5,8.0,calibration,16,False,220,14,target_drop_candidate,True,False,14,0.2142857142857143,0.21428571428571427,0.0,16.0,14.0,1.0
adaptive_screening_20260813/adaptive_screening_20260813__milk_margin_low__libero_spatial_with_milk__task5__init0__margin_gated_action__l1p0,margin_l1_v0.0005_u0,milk_task5_init0_adaptive_screen,libero_spatial_with_milk,5,0,610582,margin_gated_action,1.0,0.088588,0.0005,0.0,0.5,8.0,calibration,16,True,192,12,success,False,False,12,0.33333333333333337,0.3333333333333333,0.0,16.0,12.0,1.0
adaptive_screening_20260813/adaptive_screening_20260813__milk_margin_low__libero_spatial_with_milk__task5__init0__margin_gated_action__l1p0,margin_l1_v0.0005_u0,milk_task5_init0_adaptive_screen,libero_spatial_with_milk,5,0,610679,margin_gated_action,1.0,0.088588,0.0005,0.0,0.5,8.0,calibration,16,False,220,14,target_drop_candidate,True,False,14,0.2142857142857143,0.21428571428571427,0.0,16.0,14.0,1.0
adaptive_screening_20260813/adaptive_screening_20260813__milk_margin_low__libero_spatial_with_milk__task5__init0__margin_gated_action__l1p0,margin_l1_v0.0005_u0,milk_task5_init0_adaptive_screen,libero_spatial_with_milk,5,0,610776,margin_gated_action,1.0,0.088588,0.0005,0.0,0.5,8.0,calibration,16,False,220,14,timeout_no_goal,False,False,14,0.2857142857142857,0.2857142857142857,0.0,16.0,14.0,1.0
adaptive_screening_20260813/adaptive_screening_20260813__milk_margin_low__libero_spatial_with_milk__task5__init0__margin_gated_action__l1p0,margin_l1_v0.0005_u0,milk_task5_init0_adaptive_screen,libero_spatial_with_milk,5,0,610873,margin_gated_action,1.0,0.088588,0.0005,0.0,0.5,8.0,calibration,16,True,160,10,success,False,False,10,0.30000000000000004,0.3,0.0,16.0,10.0,1.0
adaptive_screening_20260813/adaptive_screening_20260813__milk_margin_low__libero_spatial_with_milk__task5__init0__margin_gated_action__l1p0,margin_l1_v0.0005_u0,milk_task5_init0_adaptive_screen,libero_spatial_with_milk,5,0,610970,margin_gated_action,1.0,0.088588,0.0005,0.0,0.5,8.0,calibration,16,False,220,14,target_drop_candidate,True,False,14,0.2142857142857143,0.21428571428571427,0.0,16.0,14.0,1.0
adaptive_screening_20260813/adaptive_screening_20260813__milk_margin_low__libero_spatial_with_milk__task5__init0__margin_gated_action__l1p0,margin_l1_v0.0005_u0,milk_task5_init0_adaptive_screen,libero_spatial_with_milk,5,0,611067,margin_gated_action,1.0,0.088588,0.0005,0.0,0.5,8.0,calibration,16,True,145,10,success,False,False,10,0.0,0.0,0.0,16.0,10.0,1.0
adaptive_screening_20260813/adaptive_screening_20260813__milk_margin_uncertainty__libero_spatial_with_milk__task5__init0__margin_gated_action__l1p0,margin_l1_v0.002_u0.5,milk_task5_init0_adaptive_screen,libero_spatial_with_milk,5,0,610000,margin_gated_action,1.0,0.088588,0.002,0.5,0.5,8.0,calibration,16,True,145,10,success,False,False,10,0.30000000000000004,0.3,0.0,16.0,10.0,1.0
adaptive_screening_20260813/adaptive_screening_20260813__milk_margin_uncertainty__libero_spatial_with_milk__task5__init0__margin_gated_action__l1p0,margin_l1_v0.002_u0.5,milk_task5_init0_adaptive_screen,libero_spatial_with_milk,5,0,610097,margin_gated_action,1.0,0.088588,0.002,0.5,0.5,8.0,calibration,16,True,145,10,success,False,False,10,0.6,0.6,0.0,16.0,10.0,1.0
adaptive_screening_20260813/adaptive_screening_20260813__milk_margin_uncertainty__libero_spatial_with_milk__task5__init0__margin_gated_action__l1p0,margin_l1_v0.002_u0.5,milk_task5_init0_adaptive_screen,libero_spatial_with_milk,5,0,610194,margin_gated_action,1.0,0.088588,0.002,0.5,0.5,8.0,calibration,16,False,220,14,target_drop_candidate,True,False,14,0.2142857142857143,0.21428571428571427,0.0,16.0,14.0,1.0
adaptive_screening_20260813/adaptive_screening_20260813__milk_margin_uncertainty__libero_spatial_with_milk__task5__init0__margin_gated_action__l1p0,margin_l1_v0.002_u0.5,milk_task5_init0_adaptive_screen,libero_spatial_with_milk,5,0,610291,margin_gated_action,1.0,0.088588,0.002,0.5,0.5,8.0,calibration,16,True,152,10,success,False,False,10,0.5,0.5,0.0,16.0,10.0,1.0
adaptive_screening_20260813/adaptive_screening_20260813__milk_margin_uncertainty__libero_spatial_with_milk__task5__init0__margin_gated_action__l1p0,margin_l1_v0.002_u0.5,milk_task5_init0_adaptive_screen,libero_spatial_with_milk,5,0,610388,margin_gated_action,1.0,0.088588,0.002,0.5,0.5,8.0,calibration,16,True,145,10,success,False,False,10,0.6,0.6,0.0,16.0,10.0,1.0
adaptive_screening_20260813/adaptive_screening_20260813__milk_margin_uncertainty__libero_spatial_with_milk__task5__init0__margin_gated_action__l1p0,margin_l1_v0.002_u0.5,milk_task5_init0_adaptive_screen,libero_spatial_with_milk,5,0,610485,margin_gated_action,1.0,0.088588,0.002,0.5,0.5,8.0,calibration,16,True,145,10,success,False,False,10,0.30000000000000004,0.3,0.0,16.0,10.0,1.0
adaptive_screening_20260813/adaptive_screening_20260813__milk_margin_uncertainty__libero_spatial_with_milk__task5__init0__margin_gated_action__l1p0,margin_l1_v0.002_u0.5,milk_task5_init0_adaptive_screen,libero_spatial_with_milk,5,0,610582,margin_gated_action,1.0,0.088588,0.002,0.5,0.5,8.0,calibration,16,True,192,12,success,True,False,12,0.41666666666666663,0.4166666666666667,0.0,16.0,12.0,1.0
adaptive_screening_20260813/adaptive_screening_20260813__milk_margin_uncertainty__libero_spatial_with_milk__task5__init0__margin_gated_action__l1p0,margin_l1_v0.002_u0.5,milk_task5_init0_adaptive_screen,libero_spatial_with_milk,5,0,610679,margin_gated_action,1.0,0.088588,0.002,0.5,0.5,8.0,calibration,16,True,146,10,success,False,False,10,0.30000000000000004,0.3,0.0,16.0,10.0,1.0
adaptive_screening_20260813/adaptive_screening_20260813__milk_margin_uncertainty__libero_spatial_with_milk__task5__init0__margin_gated_action__l1p0,margin_l1_v0.002_u0.5,milk_task5_init0_adaptive_screen,libero_spatial_with_milk,5,0,610776,margin_gated_action,1.0,0.088588,0.002,0.5,0.5,8.0,calibration,16,True,158,10,success,False,False,10,0.30000000000000004,0.3,0.0,16.0,10.0,1.0
adaptive_screening_20260813/adaptive_screening_20260813__milk_margin_uncertainty__libero_spatial_with_milk__task5__init0__margin_gated_action__l1p0,margin_l1_v0.002_u0.5,milk_task5_init0_adaptive_screen,libero_spatial_with_milk,5,0,610873,margin_gated_action,1.0,0.088588,0.002,0.5,0.5,8.0,calibration,16,True,148,10,success,False,False,10,0.4,0.4,0.0,16.0,10.0,1.0
adaptive_screening_20260813/adaptive_screening_20260813__milk_margin_uncertainty__libero_spatial_with_milk__task5__init0__margin_gated_action__l1p0,margin_l1_v0.002_u0.5,milk_task5_init0_adaptive_screen,libero_spatial_with_milk,5,0,610970,margin_gated_action,1.0,0.088588,0.002,0.5,0.5,8.0,calibration,16,False,220,14,timeout_no_goal,False,False,14,0.2857142857142857,0.2857142857142857,0.0,16.0,14.0,1.0
adaptive_screening_20260813/adaptive_screening_20260813__milk_margin_uncertainty__libero_spatial_with_milk__task5__init0__margin_gated_action__l1p0,margin_l1_v0.002_u0.5,milk_task5_init0_adaptive_screen,libero_spatial_with_milk,5,0,611067,margin_gated_action,1.0,0.088588,0.002,0.5,0.5,8.0,calibration,16,False,220,14,timeout_no_goal,False,False,14,0.2857142857142857,0.2857142857142857,0.0,16.0,14.0,1.0
adaptive_screening_20260813/adaptive_screening_20260813__milk_phase_03__libero_spatial_with_milk__task5__init0__phase_gated_action__l1p0,phase_l1_r0.3,milk_task5_init0_adaptive_screen,libero_spatial_with_milk,5,0,610000,phase_gated_action,1.0,0.088588,0.002,0.0,0.3,8.0,calibration,16,True,143,9,success,False,False,9,0.11111111111111116,0.5555555555555556,0.0,16.0,9.0,1.0
adaptive_screening_20260813/adaptive_screening_20260813__milk_phase_03__libero_spatial_with_milk__task5__init0__phase_gated_action__l1p0,phase_l1_r0.3,milk_task5_init0_adaptive_screen,libero_spatial_with_milk,5,0,610097,phase_gated_action,1.0,0.088588,0.002,0.0,0.3,8.0,calibration,16,True,145,10,success,False,False,10,0.30000000000000004,0.5,0.0,16.0,10.0,1.0
adaptive_screening_20260813/adaptive_screening_20260813__milk_phase_03__libero_spatial_with_milk__task5__init0__phase_gated_action__l1p0,phase_l1_r0.3,milk_task5_init0_adaptive_screen,libero_spatial_with_milk,5,0,610194,phase_gated_action,1.0,0.088588,0.002,0.0,0.3,8.0,calibration,16,False,220,14,target_drop_candidate,True,False,14,0.0714285714285714,0.35714285714285715,0.0,16.0,14.0,1.0
adaptive_screening_20260813/adaptive_screening_20260813__milk_phase_03__libero_spatial_with_milk__task5__init0__phase_gated_action__l1p0,phase_l1_r0.3,milk_task5_init0_adaptive_screen,libero_spatial_with_milk,5,0,610291,phase_gated_action,1.0,0.088588,0.002,0.0,0.3,8.0,calibration,16,True,148,10,success,False,False,10,0.4,0.5,0.0,16.0,10.0,1.0
adaptive_screening_20260813/adaptive_screening_20260813__milk_phase_03__libero_spatial_with_milk__task5__init0__phase_gated_action__l1p0,phase_l1_r0.3,milk_task5_init0_adaptive_screen,libero_spatial_with_milk,5,0,610388,phase_gated_action,1.0,0.088588,0.002,0.0,0.3,8.0,calibration,16,True,145,10,success,False,False,10,0.4,0.5,0.0,16.0,10.0,1.0
adaptive_screening_20260813/adaptive_screening_20260813__milk_phase_03__libero_spatial_with_milk__task5__init0__phase_gated_action__l1p0,phase_l1_r0.3,milk_task5_init0_adaptive_screen,libero_spatial_with_milk,5,0,610485,phase_gated_action,1.0,0.088588,0.002,0.0,0.3,8.0,calibration,16,True,145,10,success,False,False,10,0.30000000000000004,0.5,0.0,16.0,10.0,1.0
adaptive_screening_20260813/adaptive_screening_20260813__milk_phase_03__libero_spatial_with_milk__task5__init0__phase_gated_action__l1p0,phase_l1_r0.3,milk_task5_init0_adaptive_screen,libero_spatial_with_milk,5,0,610582,phase_gated_action,1.0,0.088588,0.002,0.0,0.3,8.0,calibration,16,False,220,14,target_drop_candidate,True,False,14,0.2142857142857143,0.35714285714285715,0.0,16.0,14.0,1.0
adaptive_screening_20260813/adaptive_screening_20260813__milk_phase_03__libero_spatial_with_milk__task5__init0__phase_gated_action__l1p0,phase_l1_r0.3,milk_task5_init0_adaptive_screen,libero_spatial_with_milk,5,0,610679,phase_gated_action,1.0,0.088588,0.002,0.0,0.3,8.0,calibration,16,True,153,10,success,False,False,10,0.09999999999999998,0.5,0.0,16.0,10.0,1.0
adaptive_screening_20260813/adaptive_screening_20260813__milk_phase_03__libero_spatial_with_milk__task5__init0__phase_gated_action__l1p0,phase_l1_r0.3,milk_task5_init0_adaptive_screen,libero_spatial_with_milk,5,0,610776,phase_gated_action,1.0,0.088588,0.002,0.0,0.3,8.0,calibration,16,True,142,9,success,False,False,9,0.11111111111111116,0.5555555555555556,0.0,16.0,9.0,1.0
adaptive_screening_20260813/adaptive_screening_20260813__milk_phase_03__libero_spatial_with_milk__task5__init0__phase_gated_action__l1p0,phase_l1_r0.3,milk_task5_init0_adaptive_screen,libero_spatial_with_milk,5,0,610873,phase_gated_action,1.0,0.088588,0.002,0.0,0.3,8.0,calibration,16,True,145,10,success,False,False,10,0.19999999999999996,0.5,0.0,16.0,10.0,1.0
adaptive_screening_20260813/adaptive_screening_20260813__milk_phase_03__libero_spatial_with_milk__task5__init0__phase_gated_action__l1p0,phase_l1_r0.3,milk_task5_init0_adaptive_screen,libero_spatial_with_milk,5,0,610970,phase_gated_action,1.0,0.088588,0.002,0.0,0.3,8.0,calibration,16,False,220,14,timeout_no_goal,False,False,14,0.1428571428571429,0.35714285714285715,0.0,16.0,14.0,1.0
adaptive_screening_20260813/adaptive_screening_20260813__milk_phase_03__libero_spatial_with_milk__task5__init0__phase_gated_action__l1p0,phase_l1_r0.3,milk_task5_init0_adaptive_screen,libero_spatial_with_milk,5,0,611067,phase_gated_action,1.0,0.088588,0.002,0.0,0.3,8.0,calibration,16,False,220,14,timeout_no_goal,False,False,14,0.1428571428571429,0.35714285714285715,0.0,16.0,14.0,1.0
adaptive_screening_20260813/adaptive_screening_20260813__milk_phase_07__libero_spatial_with_milk__task5__init0__phase_gated_action__l1p0,phase_l1_r0.7,milk_task5_init0_adaptive_screen,libero_spatial_with_milk,5,0,610000,phase_gated_action,1.0,0.088588,0.002,0.0,0.7,8.0,calibration,16,True,143,9,success,False,False,9,0.2222222222222222,1.0,0.0,16.0,9.0,1.0
adaptive_screening_20260813/adaptive_screening_20260813__milk_phase_07__libero_spatial_with_milk__task5__init0__phase_gated_action__l1p0,phase_l1_r0.7,milk_task5_init0_adaptive_screen,libero_spatial_with_milk,5,0,610097,phase_gated_action,1.0,0.088588,0.002,0.0,0.7,8.0,calibration,16,True,145,10,success,False,False,10,0.7,1.0,0.0,16.0,10.0,1.0
adaptive_screening_20260813/adaptive_screening_20260813__milk_phase_07__libero_spatial_with_milk__task5__init0__phase_gated_action__l1p0,phase_l1_r0.7,milk_task5_init0_adaptive_screen,libero_spatial_with_milk,5,0,610194,phase_gated_action,1.0,0.088588,0.002,0.0,0.7,8.0,calibration,16,False,220,14,target_drop_candidate,True,False,14,0.0714285714285714,0.7142857142857143,0.0,16.0,14.0,1.0
adaptive_screening_20260813/adaptive_screening_20260813__milk_phase_07__libero_spatial_with_milk__task5__init0__phase_gated_action__l1p0,phase_l1_r0.7,milk_task5_init0_adaptive_screen,libero_spatial_with_milk,5,0,610291,phase_gated_action,1.0,0.088588,0.002,0.0,0.7,8.0,calibration,16,True,145,10,success,False,False,10,0.6,1.0,0.0,16.0,10.0,1.0
adaptive_screening_20260813/adaptive_screening_20260813__milk_phase_07__libero_spatial_with_milk__task5__init0__phase_gated_action__l1p0,phase_l1_r0.7,milk_task5_init0_adaptive_screen,libero_spatial_with_milk,5,0,610388,phase_gated_action,1.0,0.088588,0.002,0.0,0.7,8.0,calibration,16,True,145,10,success,False,False,10,0.7,1.0,0.0,16.0,10.0,1.0
adaptive_screening_20260813/adaptive_screening_20260813__milk_phase_07__libero_spatial_with_milk__task5__init0__phase_gated_action__l1p0,phase_l1_r0.7,milk_task5_init0_adaptive_screen,libero_spatial_with_milk,5,0,610485,phase_gated_action,1.0,0.088588,0.002,0.0,0.7,8.0,calibration,16,True,145,10,success,False,False,10,0.30000000000000004,1.0,0.0,16.0,10.0,1.0
adaptive_screening_20260813/adaptive_screening_20260813__milk_phase_07__libero_spatial_with_milk__task5__init0__phase_gated_action__l1p0,phase_l1_r0.7,milk_task5_init0_adaptive_screen,libero_spatial_with_milk,5,0,610582,phase_gated_action,1.0,0.088588,0.002,0.0,0.7,8.0,calibration,16,False,220,14,timeout_no_goal,False,False,14,0.3571428571428571,0.7142857142857143,0.0,16.0,14.0,1.0
adaptive_screening_20260813/adaptive_screening_20260813__milk_phase_07__libero_spatial_with_milk__task5__init0__phase_gated_action__l1p0,phase_l1_r0.7,milk_task5_init0_adaptive_screen,libero_spatial_with_milk,5,0,610679,phase_gated_action,1.0,0.088588,0.002,0.0,0.7,8.0,calibration,16,True,153,10,success,False,False,10,0.4,1.0,0.0,16.0,10.0,1.0
adaptive_screening_20260813/adaptive_screening_20260813__milk_phase_07__libero_spatial_with_milk__task5__init0__phase_gated_action__l1p0,phase_l1_r0.7,milk_task5_init0_adaptive_screen,libero_spatial_with_milk,5,0,610776,phase_gated_action,1.0,0.088588,0.002,0.0,0.7,8.0,calibration,16,True,217,14,success,False,False,14,0.2857142857142857,0.7142857142857143,0.0,16.0,14.0,1.0
adaptive_screening_20260813/adaptive_screening_20260813__milk_phase_07__libero_spatial_with_milk__task5__init0__phase_gated_action__l1p0,phase_l1_r0.7,milk_task5_init0_adaptive_screen,libero_spatial_with_milk,5,0,610873,phase_gated_action,1.0,0.088588,0.002,0.0,0.7,8.0,calibration,16,True,145,10,success,False,False,10,0.5,1.0,0.0,16.0,10.0,1.0
adaptive_screening_20260813/adaptive_screening_20260813__milk_phase_07__libero_spatial_with_milk__task5__init0__phase_gated_action__l1p0,phase_l1_r0.7,milk_task5_init0_adaptive_screen,libero_spatial_with_milk,5,0,610970,phase_gated_action,1.0,0.088588,0.002,0.0,0.7,8.0,calibration,16,False,220,14,timeout_no_goal,False,False,14,0.2857142857142857,0.7142857142857143,0.0,16.0,14.0,1.0
adaptive_screening_20260813/adaptive_screening_20260813__milk_phase_07__libero_spatial_with_milk__task5__init0__phase_gated_action__l1p0,phase_l1_r0.7,milk_task5_init0_adaptive_screen,libero_spatial_with_milk,5,0,611067,phase_gated_action,1.0,0.088588,0.002,0.0,0.7,8.0,calibration,16,False,220,14,timeout_no_goal,False,False,14,0.2142857142857143,0.7142857142857143,0.0,16.0,14.0,1.0
adaptive_screening_20260813/adaptive_screening_20260813__milk_requery_12__libero_spatial_with_milk__task5__init0__difficulty_gated_requery_action__l1p0,difficulty_requery_l1_t0.088588_h12,milk_task5_init0_adaptive_screen,libero_spatial_with_milk,5,0,610000,difficulty_gated_requery_action,1.0,0.088588,0.002,0.0,0.5,12.0,calibration,16,False,220,16,timeout_no_goal,False,False,16,0.5,1.0,0.5,14.0,14.0,1.1428571428571428
adaptive_screening_20260813/adaptive_screening_20260813__milk_requery_12__libero_spatial_with_milk__task5__init0__difficulty_gated_requery_action__l1p0,difficulty_requery_l1_t0.088588_h12,milk_task5_init0_adaptive_screen,libero_spatial_with_milk,5,0,610097,difficulty_gated_requery_action,1.0,0.088588,0.002,0.0,0.5,12.0,calibration,16,True,126,10,success,False,False,10,0.6,1.0,0.6,13.6,8.0,1.25
adaptive_screening_20260813/adaptive_screening_20260813__milk_requery_12__libero_spatial_with_milk__task5__init0__difficulty_gated_requery_action__l1p0,difficulty_requery_l1_t0.088588_h12,milk_task5_init0_adaptive_screen,libero_spatial_with_milk,5,0,610194,difficulty_gated_requery_action,1.0,0.088588,0.002,0.0,0.5,12.0,calibration,16,True,117,8,success,False,False,8,0.125,1.0,0.125,15.5,8.0,1.0
adaptive_screening_20260813/adaptive_screening_20260813__milk_requery_12__libero_spatial_with_milk__task5__init0__difficulty_gated_requery_action__l1p0,difficulty_requery_l1_t0.088588_h12,milk_task5_init0_adaptive_screen,libero_spatial_with_milk,5,0,610291,difficulty_gated_requery_action,1.0,0.088588,0.002,0.0,0.5,12.0,calibration,16,False,220,15,timeout_no_goal,False,False,15,0.33333333333333337,1.0,0.3333333333333333,14.666666666666666,14.0,1.0714285714285714
adaptive_screening_20260813/adaptive_screening_20260813__milk_requery_12__libero_spatial_with_milk__task5__init0__difficulty_gated_requery_action__l1p0,difficulty_requery_l1_t0.088588_h12,milk_task5_init0_adaptive_screen,libero_spatial_with_milk,5,0,610388,difficulty_gated_requery_action,1.0,0.088588,0.002,0.0,0.5,12.0,calibration,16,True,212,15,success,True,False,15,0.4666666666666667,1.0,0.4666666666666667,14.133333333333333,14.0,1.0714285714285714
adaptive_screening_20260813/adaptive_screening_20260813__milk_requery_12__libero_spatial_with_milk__task5__init0__difficulty_gated_requery_action__l1p0,difficulty_requery_l1_t0.088588_h12,milk_task5_init0_adaptive_screen,libero_spatial_with_milk,5,0,610485,difficulty_gated_requery_action,1.0,0.088588,0.002,0.0,0.5,12.0,calibration,16,False,220,15,timeout_no_goal,False,False,15,0.2666666666666667,1.0,0.26666666666666666,14.933333333333334,14.0,1.0714285714285714
adaptive_screening_20260813/adaptive_screening_20260813__milk_requery_12__libero_spatial_with_milk__task5__init0__difficulty_gated_requery_action__l1p0,difficulty_requery_l1_t0.088588_h12,milk_task5_init0_adaptive_screen,libero_spatial_with_milk,5,0,610582,difficulty_gated_requery_action,1.0,0.088588,0.002,0.0,0.5,12.0,calibration,16,False,220,16,timeout_no_goal,False,False,16,0.5,1.0,0.5,14.0,14.0,1.1428571428571428
adaptive_screening_20260813/adaptive_screening_20260813__milk_requery_12__libero_spatial_with_milk__task5__init0__difficulty_gated_requery_action__l1p0,difficulty_requery_l1_t0.088588_h12,milk_task5_init0_adaptive_screen,libero_spatial_with_milk,5,0,610679,difficulty_gated_requery_action,1.0,0.088588,0.002,0.0,0.5,12.0,calibration,16,False,220,15,timeout_no_goal,False,False,15,0.33333333333333337,1.0,0.3333333333333333,14.666666666666666,14.0,1.0714285714285714
adaptive_screening_20260813/adaptive_screening_20260813__milk_requery_12__libero_spatial_with_milk__task5__init0__difficulty_gated_requery_action__l1p0,difficulty_requery_l1_t0.088588_h12,milk_task5_init0_adaptive_screen,libero_spatial_with_milk,5,0,610776,difficulty_gated_requery_action,1.0,0.088588,0.002,0.0,0.5,12.0,calibration,16,False,220,16,timeout_no_goal,False,False,16,0.4375,1.0,0.4375,14.25,14.0,1.1428571428571428
adaptive_screening_20260813/adaptive_screening_20260813__milk_requery_12__libero_spatial_with_milk__task5__init0__difficulty_gated_requery_action__l1p0,difficulty_requery_l1_t0.088588_h12,milk_task5_init0_adaptive_screen,libero_spatial_with_milk,5,0,610873,difficulty_gated_requery_action,1.0,0.088588,0.002,0.0,0.5,12.0,calibration,16,False,220,16,timeout_no_goal,False,False,16,0.5,1.0,0.5,14.0,14.0,1.1428571428571428
adaptive_screening_20260813/adaptive_screening_20260813__milk_requery_12__libero_spatial_with_milk__task5__init0__difficulty_gated_requery_action__l1p0,difficulty_requery_l1_t0.088588_h12,milk_task5_init0_adaptive_screen,libero_spatial_with_milk,5,0,610970,difficulty_gated_requery_action,1.0,0.088588,0.002,0.0,0.5,12.0,calibration,16,False,220,16,timeout_no_goal,False,False,16,0.5,1.0,0.5,14.0,14.0,1.1428571428571428
adaptive_screening_20260813/adaptive_screening_20260813__milk_requery_12__libero_spatial_with_milk__task5__init0__difficulty_gated_requery_action__l1p0,difficulty_requery_l1_t0.088588_h12,milk_task5_init0_adaptive_screen,libero_spatial_with_milk,5,0,611067,difficulty_gated_requery_action,1.0,0.088588,0.002,0.0,0.5,12.0,calibration,16,False,220,15,timeout_no_goal,False,False,15,0.33333333333333337,1.0,0.3333333333333333,14.666666666666666,14.0,1.0714285714285714
adaptive_screening_20260813/adaptive_screening_20260813__milk_requery_12__libero_spatial_with_milk__task5__init0__disagreement_requery_action__l1p0,requery_l1_h12,milk_task5_init0_adaptive_screen,libero_spatial_with_milk,5,0,610000,disagreement_requery_action,1.0,0.088588,0.002,0.0,0.5,12.0,calibration,16,False,220,16,timeout_no_goal,False,False,16,0.5,0.0,0.5,14.0,14.0,1.1428571428571428
adaptive_screening_20260813/adaptive_screening_20260813__milk_requery_12__libero_spatial_with_milk__task5__init0__disagreement_requery_action__l1p0,requery_l1_h12,milk_task5_init0_adaptive_screen,libero_spatial_with_milk,5,0,610097,disagreement_requery_action,1.0,0.088588,0.002,0.0,0.5,12.0,calibration,16,True,126,10,success,False,False,10,0.6,0.0,0.6,13.6,8.0,1.25
adaptive_screening_20260813/adaptive_screening_20260813__milk_requery_12__libero_spatial_with_milk__task5__init0__disagreement_requery_action__l1p0,requery_l1_h12,milk_task5_init0_adaptive_screen,libero_spatial_with_milk,5,0,610194,disagreement_requery_action,1.0,0.088588,0.002,0.0,0.5,12.0,calibration,16,True,117,8,success,False,False,8,0.125,0.0,0.125,15.5,8.0,1.0
adaptive_screening_20260813/adaptive_screening_20260813__milk_requery_12__libero_spatial_with_milk__task5__init0__disagreement_requery_action__l1p0,requery_l1_h12,milk_task5_init0_adaptive_screen,libero_spatial_with_milk,5,0,610291,disagreement_requery_action,1.0,0.088588,0.002,0.0,0.5,12.0,calibration,16,False,220,15,timeout_no_goal,False,False,15,0.33333333333333337,0.0,0.3333333333333333,14.666666666666666,14.0,1.0714285714285714
adaptive_screening_20260813/adaptive_screening_20260813__milk_requery_12__libero_spatial_with_milk__task5__init0__disagreement_requery_action__l1p0,requery_l1_h12,milk_task5_init0_adaptive_screen,libero_spatial_with_milk,5,0,610388,disagreement_requery_action,1.0,0.088588,0.002,0.0,0.5,12.0,calibration,16,True,212,15,success,True,False,15,0.4666666666666667,0.0,0.4666666666666667,14.133333333333333,14.0,1.0714285714285714
adaptive_screening_20260813/adaptive_screening_20260813__milk_requery_12__libero_spatial_with_milk__task5__init0__disagreement_requery_action__l1p0,requery_l1_h12,milk_task5_init0_adaptive_screen,libero_spatial_with_milk,5,0,610485,disagreement_requery_action,1.0,0.088588,0.002,0.0,0.5,12.0,calibration,16,False,220,15,timeout_no_goal,False,False,15,0.2666666666666667,0.0,0.26666666666666666,14.933333333333334,14.0,1.0714285714285714
adaptive_screening_20260813/adaptive_screening_20260813__milk_requery_12__libero_spatial_with_milk__task5__init0__disagreement_requery_action__l1p0,requery_l1_h12,milk_task5_init0_adaptive_screen,libero_spatial_with_milk,5,0,610582,disagreement_requery_action,1.0,0.088588,0.002,0.0,0.5,12.0,calibration,16,False,220,16,timeout_no_goal,False,False,16,0.5,0.0,0.5,14.0,14.0,1.1428571428571428
adaptive_screening_20260813/adaptive_screening_20260813__milk_requery_12__libero_spatial_with_milk__task5__init0__disagreement_requery_action__l1p0,requery_l1_h12,milk_task5_init0_adaptive_screen,libero_spatial_with_milk,5,0,610679,disagreement_requery_action,1.0,0.088588,0.002,0.0,0.5,12.0,calibration,16,False,220,15,timeout_no_goal,False,False,15,0.33333333333333337,0.0,0.3333333333333333,14.666666666666666,14.0,1.0714285714285714
adaptive_screening_20260813/adaptive_screening_20260813__milk_requery_12__libero_spatial_with_milk__task5__init0__disagreement_requery_action__l1p0,requery_l1_h12,milk_task5_init0_adaptive_screen,libero_spatial_with_milk,5,0,610776,disagreement_requery_action,1.0,0.088588,0.002,0.0,0.5,12.0,calibration,16,False,220,16,timeout_no_goal,False,False,16,0.4375,0.0,0.4375,14.25,14.0,1.1428571428571428
adaptive_screening_20260813/adaptive_screening_20260813__milk_requery_12__libero_spatial_with_milk__task5__init0__disagreement_requery_action__l1p0,requery_l1_h12,milk_task5_init0_adaptive_screen,libero_spatial_with_milk,5,0,610873,disagreement_requery_action,1.0,0.088588,0.002,0.0,0.5,12.0,calibration,16,False,220,16,timeout_no_goal,False,False,16,0.5,0.0,0.5,14.0,14.0,1.1428571428571428
adaptive_screening_20260813/adaptive_screening_20260813__milk_requery_12__libero_spatial_with_milk__task5__init0__disagreement_requery_action__l1p0,requery_l1_h12,milk_task5_init0_adaptive_screen,libero_spatial_with_milk,5,0,610970,disagreement_requery_action,1.0,0.088588,0.002,0.0,0.5,12.0,calibration,16,False,220,16,timeout_no_goal,False,False,16,0.5,0.0,0.5,14.0,14.0,1.1428571428571428
adaptive_screening_20260813/adaptive_screening_20260813__milk_requery_12__libero_spatial_with_milk__task5__init0__disagreement_requery_action__l1p0,requery_l1_h12,milk_task5_init0_adaptive_screen,libero_spatial_with_milk,5,0,611067,disagreement_requery_action,1.0,0.088588,0.002,0.0,0.5,12.0,calibration,16,False,220,15,timeout_no_goal,False,False,15,0.33333333333333337,0.0,0.3333333333333333,14.666666666666666,14.0,1.0714285714285714
adaptive_screening_20260813/adaptive_screening_20260813__milk_requery_sweep__libero_spatial_with_milk__task5__init0__difficulty_gated_requery_action__l1p0,difficulty_requery_l1_t0.088588_h4,milk_task5_init0_adaptive_screen,libero_spatial_with_milk,5,0,610000,difficulty_gated_requery_action,1.0,0.088588,0.002,0.0,0.5,4.0,calibration,16,True,115,11,success,False,False,11,0.36363636363636365,1.0,0.36363636363636365,11.636363636363637,8.0,1.375
adaptive_screening_20260813/adaptive_screening_20260813__milk_requery_sweep__libero_spatial_with_milk__task5__init0__difficulty_gated_requery_action__l1p0,difficulty_requery_l1_t0.088588_h4,milk_task5_init0_adaptive_screen,libero_spatial_with_milk,5,0,610097,difficulty_gated_requery_action,1.0,0.088588,0.002,0.0,0.5,4.0,calibration,16,True,112,11,success,False,False,11,0.4545454545454546,1.0,0.45454545454545453,10.545454545454545,7.0,1.5714285714285714
adaptive_screening_20260813/adaptive_screening_20260813__milk_requery_sweep__libero_spatial_with_milk__task5__init0__difficulty_gated_requery_action__l1p0,difficulty_requery_l1_t0.088588_h4,milk_task5_init0_adaptive_screen,libero_spatial_with_milk,5,0,610194,difficulty_gated_requery_action,1.0,0.088588,0.002,0.0,0.5,4.0,calibration,16,True,124,10,success,False,False,10,0.19999999999999996,1.0,0.2,13.6,8.0,1.25
adaptive_screening_20260813/adaptive_screening_20260813__milk_requery_sweep__libero_spatial_with_milk__task5__init0__difficulty_gated_requery_action__l1p0,difficulty_requery_l1_t0.088588_h4,milk_task5_init0_adaptive_screen,libero_spatial_with_milk,5,0,610291,difficulty_gated_requery_action,1.0,0.088588,0.002,0.0,0.5,4.0,calibration,16,True,157,15,success,False,False,15,0.4,1.0,0.4,11.2,10.0,1.5
adaptive_screening_20260813/adaptive_screening_20260813__milk_requery_sweep__libero_spatial_with_milk__task5__init0__difficulty_gated_requery_action__l1p0,difficulty_requery_l1_t0.088588_h4,milk_task5_init0_adaptive_screen,libero_spatial_with_milk,5,0,610388,difficulty_gated_requery_action,1.0,0.088588,0.002,0.0,0.5,4.0,calibration,16,False,220,22,timeout_no_goal,False,False,22,0.5,1.0,0.5,10.0,14.0,1.5714285714285714
adaptive_screening_20260813/adaptive_screening_20260813__milk_requery_sweep__libero_spatial_with_milk__task5__init0__difficulty_gated_requery_action__l1p0,difficulty_requery_l1_t0.088588_h4,milk_task5_init0_adaptive_screen,libero_spatial_with_milk,5,0,610485,difficulty_gated_requery_action,1.0,0.088588,0.002,0.0,0.5,4.0,calibration,16,False,220,19,timeout_no_goal,False,False,19,0.3157894736842105,1.0,0.3157894736842105,12.210526315789474,14.0,1.3571428571428572
adaptive_screening_20260813/adaptive_screening_20260813__milk_requery_sweep__libero_spatial_with_milk__task5__init0__difficulty_gated_requery_action__l1p0,difficulty_requery_l1_t0.088588_h4,milk_task5_init0_adaptive_screen,libero_spatial_with_milk,5,0,610582,difficulty_gated_requery_action,1.0,0.088588,0.002,0.0,0.5,4.0,calibration,16,True,111,8,success,False,False,8,0.125,1.0,0.125,14.5,7.0,1.1428571428571428
adaptive_screening_20260813/adaptive_screening_20260813__milk_requery_sweep__libero_spatial_with_milk__task5__init0__difficulty_gated_requery_action__l1p0,difficulty_requery_l1_t0.088588_h4,milk_task5_init0_adaptive_screen,libero_spatial_with_milk,5,0,610679,difficulty_gated_requery_action,1.0,0.088588,0.002,0.0,0.5,4.0,calibration,16,True,112,12,success,False,False,12,0.5,1.0,0.5,10.0,7.0,1.7142857142857142
adaptive_screening_20260813/adaptive_screening_20260813__milk_requery_sweep__libero_spatial_with_milk__task5__init0__difficulty_gated_requery_action__l1p0,difficulty_requery_l1_t0.088588_h4,milk_task5_init0_adaptive_screen,libero_spatial_with_milk,5,0,610776,difficulty_gated_requery_action,1.0,0.088588,0.002,0.0,0.5,4.0,calibration,16,True,175,17,success,False,False,17,0.47058823529411764,1.0,0.47058823529411764,10.352941176470589,11.0,1.5454545454545454
adaptive_screening_20260813/adaptive_screening_20260813__milk_requery_sweep__libero_spatial_with_milk__task5__init0__difficulty_gated_requery_action__l1p0,difficulty_requery_l1_t0.088588_h4,milk_task5_init0_adaptive_screen,libero_spatial_with_milk,5,0,610873,difficulty_gated_requery_action,1.0,0.088588,0.002,0.0,0.5,4.0,calibration,16,True,113,10,success,False,False,10,0.30000000000000004,1.0,0.3,12.4,8.0,1.25
adaptive_screening_20260813/adaptive_screening_20260813__milk_requery_sweep__libero_spatial_with_milk__task5__init0__difficulty_gated_requery_action__l1p0,difficulty_requery_l1_t0.088588_h4,milk_task5_init0_adaptive_screen,libero_spatial_with_milk,5,0,610970,difficulty_gated_requery_action,1.0,0.088588,0.002,0.0,0.5,4.0,calibration,16,False,220,19,timeout_no_goal,False,False,19,0.3157894736842105,1.0,0.3157894736842105,12.210526315789474,14.0,1.3571428571428572
adaptive_screening_20260813/adaptive_screening_20260813__milk_requery_sweep__libero_spatial_with_milk__task5__init0__difficulty_gated_requery_action__l1p0,difficulty_requery_l1_t0.088588_h4,milk_task5_init0_adaptive_screen,libero_spatial_with_milk,5,0,611067,difficulty_gated_requery_action,1.0,0.088588,0.002,0.0,0.5,4.0,calibration,16,False,220,25,target_drop_candidate,True,False,25,0.6,1.0,0.6,8.8,14.0,1.7857142857142858
adaptive_screening_20260813/adaptive_screening_20260813__milk_requery_sweep__libero_spatial_with_milk__task5__init0__disagreement_requery_action__l1p0,requery_l1_h4,milk_task5_init0_adaptive_screen,libero_spatial_with_milk,5,0,610000,disagreement_requery_action,1.0,0.088588,0.002,0.0,0.5,4.0,calibration,16,True,115,11,success,False,False,11,0.36363636363636365,0.0,0.36363636363636365,11.636363636363637,8.0,1.375
adaptive_screening_20260813/adaptive_screening_20260813__milk_requery_sweep__libero_spatial_with_milk__task5__init0__disagreement_requery_action__l1p0,requery_l1_h4,milk_task5_init0_adaptive_screen,libero_spatial_with_milk,5,0,610097,disagreement_requery_action,1.0,0.088588,0.002,0.0,0.5,4.0,calibration,16,True,112,11,success,False,False,11,0.4545454545454546,0.0,0.45454545454545453,10.545454545454545,7.0,1.5714285714285714
adaptive_screening_20260813/adaptive_screening_20260813__milk_requery_sweep__libero_spatial_with_milk__task5__init0__disagreement_requery_action__l1p0,requery_l1_h4,milk_task5_init0_adaptive_screen,libero_spatial_with_milk,5,0,610194,disagreement_requery_action,1.0,0.088588,0.002,0.0,0.5,4.0,calibration,16,True,124,10,success,False,False,10,0.19999999999999996,0.0,0.2,13.6,8.0,1.25
adaptive_screening_20260813/adaptive_screening_20260813__milk_requery_sweep__libero_spatial_with_milk__task5__init0__disagreement_requery_action__l1p0,requery_l1_h4,milk_task5_init0_adaptive_screen,libero_spatial_with_milk,5,0,610291,disagreement_requery_action,1.0,0.088588,0.002,0.0,0.5,4.0,calibration,16,True,157,15,success,False,False,15,0.4,0.0,0.4,11.2,10.0,1.5
adaptive_screening_20260813/adaptive_screening_20260813__milk_requery_sweep__libero_spatial_with_milk__task5__init0__disagreement_requery_action__l1p0,requery_l1_h4,milk_task5_init0_adaptive_screen,libero_spatial_with_milk,5,0,610388,disagreement_requery_action,1.0,0.088588,0.002,0.0,0.5,4.0,calibration,16,False,220,22,timeout_no_goal,False,False,22,0.5,0.0,0.5,10.0,14.0,1.5714285714285714
adaptive_screening_20260813/adaptive_screening_20260813__milk_requery_sweep__libero_spatial_with_milk__task5__init0__disagreement_requery_action__l1p0,requery_l1_h4,milk_task5_init0_adaptive_screen,libero_spatial_with_milk,5,0,610485,disagreement_requery_action,1.0,0.088588,0.002,0.0,0.5,4.0,calibration,16,False,220,19,timeout_no_goal,False,False,19,0.3157894736842105,0.0,0.3157894736842105,12.210526315789474,14.0,1.3571428571428572
adaptive_screening_20260813/adaptive_screening_20260813__milk_requery_sweep__libero_spatial_with_milk__task5__init0__disagreement_requery_action__l1p0,requery_l1_h4,milk_task5_init0_adaptive_screen,libero_spatial_with_milk,5,0,610582,disagreement_requery_action,1.0,0.088588,0.002,0.0,0.5,4.0,calibration,16,True,111,8,success,False,False,8,0.125,0.0,0.125,14.5,7.0,1.1428571428571428
adaptive_screening_20260813/adaptive_screening_20260813__milk_requery_sweep__libero_spatial_with_milk__task5__init0__disagreement_requery_action__l1p0,requery_l1_h4,milk_task5_init0_adaptive_screen,libero_spatial_with_milk,5,0,610679,disagreement_requery_action,1.0,0.088588,0.002,0.0,0.5,4.0,calibration,16,True,112,12,success,False,False,12,0.5,0.0,0.5,10.0,7.0,1.7142857142857142
adaptive_screening_20260813/adaptive_screening_20260813__milk_requery_sweep__libero_spatial_with_milk__task5__init0__disagreement_requery_action__l1p0,requery_l1_h4,milk_task5_init0_adaptive_screen,libero_spatial_with_milk,5,0,610776,disagreement_requery_action,1.0,0.088588,0.002,0.0,0.5,4.0,calibration,16,True,175,17,success,False,False,17,0.47058823529411764,0.0,0.47058823529411764,10.352941176470589,11.0,1.5454545454545454
adaptive_screening_20260813/adaptive_screening_20260813__milk_requery_sweep__libero_spatial_with_milk__task5__init0__disagreement_requery_action__l1p0,requery_l1_h4,milk_task5_init0_adaptive_screen,libero_spatial_with_milk,5,0,610873,disagreement_requery_action,1.0,0.088588,0.002,0.0,0.5,4.0,calibration,16,True,113,10,success,False,False,10,0.30000000000000004,0.0,0.3,12.4,8.0,1.25
adaptive_screening_20260813/adaptive_screening_20260813__milk_requery_sweep__libero_spatial_with_milk__task5__init0__disagreement_requery_action__l1p0,requery_l1_h4,milk_task5_init0_adaptive_screen,libero_spatial_with_milk,5,0,610970,disagreement_requery_action,1.0,0.088588,0.002,0.0,0.5,4.0,calibration,16,False,220,19,timeout_no_goal,False,False,19,0.3157894736842105,0.0,0.3157894736842105,12.210526315789474,14.0,1.3571428571428572
adaptive_screening_20260813/adaptive_screening_20260813__milk_requery_sweep__libero_spatial_with_milk__task5__init0__disagreement_requery_action__l1p0,requery_l1_h4,milk_task5_init0_adaptive_screen,libero_spatial_with_milk,5,0,611067,disagreement_requery_action,1.0,0.088588,0.002,0.0,0.5,4.0,calibration,16,False,220,25,target_drop_candidate,True,False,25,0.6,0.0,0.6,8.8,14.0,1.7857142857142858
adaptive_screening_20260813/adaptive_screening_20260813__yellow_core__libero_spatial_with_yellow_book__task8__init0__consensus_action__l1p0,consensus_l1,yellow_task8_init0_adaptive_screen,libero_spatial_with_yellow_book,8,0,620000,consensus_action,1.0,0.088588,0.002,0.0,0.5,8.0,calibration,16,False,220,14,timeout_no_goal,False,False,14,0.2857142857142857,0.0,0.0,16.0,14.0,1.0
adaptive_screening_20260813/adaptive_screening_20260813__yellow_core__libero_spatial_with_yellow_book__task8__init0__consensus_action__l1p0,consensus_l1,yellow_task8_init0_adaptive_screen,libero_spatial_with_yellow_book,8,0,620097,consensus_action,1.0,0.088588,0.002,0.0,0.5,8.0,calibration,16,False,220,14,timeout_no_goal,False,False,14,0.5714285714285714,0.0,0.0,16.0,14.0,1.0
adaptive_screening_20260813/adaptive_screening_20260813__yellow_core__libero_spatial_with_yellow_book__task8__init0__consensus_action__l1p0,consensus_l1,yellow_task8_init0_adaptive_screen,libero_spatial_with_yellow_book,8,0,620194,consensus_action,1.0,0.088588,0.002,0.0,0.5,8.0,calibration,16,False,220,14,timeout_no_goal,False,False,14,0.5,0.0,0.0,16.0,14.0,1.0
adaptive_screening_20260813/adaptive_screening_20260813__yellow_core__libero_spatial_with_yellow_book__task8__init0__consensus_action__l1p0,consensus_l1,yellow_task8_init0_adaptive_screen,libero_spatial_with_yellow_book,8,0,620291,consensus_action,1.0,0.088588,0.002,0.0,0.5,8.0,calibration,16,False,220,14,timeout_no_goal,False,False,14,0.4285714285714286,0.0,0.0,16.0,14.0,1.0
adaptive_screening_20260813/adaptive_screening_20260813__yellow_core__libero_spatial_with_yellow_book__task8__init0__consensus_action__l1p0,consensus_l1,yellow_task8_init0_adaptive_screen,libero_spatial_with_yellow_book,8,0,620388,consensus_action,1.0,0.088588,0.002,0.0,0.5,8.0,calibration,16,False,220,14,timeout_no_goal,False,False,14,0.5714285714285714,0.0,0.0,16.0,14.0,1.0
adaptive_screening_20260813/adaptive_screening_20260813__yellow_core__libero_spatial_with_yellow_book__task8__init0__consensus_action__l1p0,consensus_l1,yellow_task8_init0_adaptive_screen,libero_spatial_with_yellow_book,8,0,620485,consensus_action,1.0,0.088588,0.002,0.0,0.5,8.0,calibration,16,True,142,9,success,False,False,9,0.4444444444444444,0.0,0.0,16.0,9.0,1.0
adaptive_screening_20260813/adaptive_screening_20260813__yellow_core__libero_spatial_with_yellow_book__task8__init0__consensus_action__l1p0,consensus_l1,yellow_task8_init0_adaptive_screen,libero_spatial_with_yellow_book,8,0,620582,consensus_action,1.0,0.088588,0.002,0.0,0.5,8.0,calibration,16,False,220,14,timeout_no_goal,False,False,14,0.4285714285714286,0.0,0.0,16.0,14.0,1.0
adaptive_screening_20260813/adaptive_screening_20260813__yellow_core__libero_spatial_with_yellow_book__task8__init0__consensus_action__l1p0,consensus_l1,yellow_task8_init0_adaptive_screen,libero_spatial_with_yellow_book,8,0,620679,consensus_action,1.0,0.088588,0.002,0.0,0.5,8.0,calibration,16,True,144,9,success,False,False,9,0.11111111111111116,0.0,0.0,16.0,9.0,1.0
adaptive_screening_20260813/adaptive_screening_20260813__yellow_core__libero_spatial_with_yellow_book__task8__init0__consensus_action__l1p0,consensus_l1,yellow_task8_init0_adaptive_screen,libero_spatial_with_yellow_book,8,0,620776,consensus_action,1.0,0.088588,0.002,0.0,0.5,8.0,calibration,16,False,220,14,timeout_no_goal,False,False,14,0.5,0.0,0.0,16.0,14.0,1.0
adaptive_screening_20260813/adaptive_screening_20260813__yellow_core__libero_spatial_with_yellow_book__task8__init0__consensus_action__l1p0,consensus_l1,yellow_task8_init0_adaptive_screen,libero_spatial_with_yellow_book,8,0,620873,consensus_action,1.0,0.088588,0.002,0.0,0.5,8.0,calibration,16,False,220,14,timeout_no_goal,False,False,14,0.5,0.0,0.0,16.0,14.0,1.0
adaptive_screening_20260813/adaptive_screening_20260813__yellow_core__libero_spatial_with_yellow_book__task8__init0__consensus_action__l1p0,consensus_l1,yellow_task8_init0_adaptive_screen,libero_spatial_with_yellow_book,8,0,620970,consensus_action,1.0,0.088588,0.002,0.0,0.5,8.0,calibration,16,True,142,9,success,False,False,9,0.4444444444444444,0.0,0.0,16.0,9.0,1.0
adaptive_screening_20260813/adaptive_screening_20260813__yellow_core__libero_spatial_with_yellow_book__task8__init0__consensus_action__l1p0,consensus_l1,yellow_task8_init0_adaptive_screen,libero_spatial_with_yellow_book,8,0,621067,consensus_action,1.0,0.088588,0.002,0.0,0.5,8.0,calibration,16,True,159,10,success,False,False,10,0.19999999999999996,0.0,0.0,16.0,10.0,1.0
adaptive_screening_20260813/adaptive_screening_20260813__yellow_core__libero_spatial_with_yellow_book__task8__init0__difficulty_gated_action__l1p0,difficulty_l1_t0.088588,yellow_task8_init0_adaptive_screen,libero_spatial_with_yellow_book,8,0,620000,difficulty_gated_action,1.0,0.088588,0.002,0.0,0.5,8.0,calibration,16,False,220,14,timeout_no_goal,False,False,14,0.2857142857142857,1.0,0.0,16.0,14.0,1.0
adaptive_screening_20260813/adaptive_screening_20260813__yellow_core__libero_spatial_with_yellow_book__task8__init0__difficulty_gated_action__l1p0,difficulty_l1_t0.088588,yellow_task8_init0_adaptive_screen,libero_spatial_with_yellow_book,8,0,620097,difficulty_gated_action,1.0,0.088588,0.002,0.0,0.5,8.0,calibration,16,False,220,14,timeout_no_goal,False,False,14,0.5,1.0,0.0,16.0,14.0,1.0
adaptive_screening_20260813/adaptive_screening_20260813__yellow_core__libero_spatial_with_yellow_book__task8__init0__difficulty_gated_action__l1p0,difficulty_l1_t0.088588,yellow_task8_init0_adaptive_screen,libero_spatial_with_yellow_book,8,0,620194,difficulty_gated_action,1.0,0.088588,0.002,0.0,0.5,8.0,calibration,16,False,220,14,timeout_no_goal,False,False,14,0.6428571428571428,1.0,0.0,16.0,14.0,1.0
adaptive_screening_20260813/adaptive_screening_20260813__yellow_core__libero_spatial_with_yellow_book__task8__init0__difficulty_gated_action__l1p0,difficulty_l1_t0.088588,yellow_task8_init0_adaptive_screen,libero_spatial_with_yellow_book,8,0,620291,difficulty_gated_action,1.0,0.088588,0.002,0.0,0.5,8.0,calibration,16,True,147,10,success,False,False,10,0.30000000000000004,1.0,0.0,16.0,10.0,1.0
adaptive_screening_20260813/adaptive_screening_20260813__yellow_core__libero_spatial_with_yellow_book__task8__init0__difficulty_gated_action__l1p0,difficulty_l1_t0.088588,yellow_task8_init0_adaptive_screen,libero_spatial_with_yellow_book,8,0,620388,difficulty_gated_action,1.0,0.088588,0.002,0.0,0.5,8.0,calibration,16,False,220,14,timeout_no_goal,False,False,14,0.2857142857142857,1.0,0.0,16.0,14.0,1.0
adaptive_screening_20260813/adaptive_screening_20260813__yellow_core__libero_spatial_with_yellow_book__task8__init0__difficulty_gated_action__l1p0,difficulty_l1_t0.088588,yellow_task8_init0_adaptive_screen,libero_spatial_with_yellow_book,8,0,620485,difficulty_gated_action,1.0,0.088588,0.002,0.0,0.5,8.0,calibration,16,False,220,14,timeout_no_goal,False,False,14,0.4285714285714286,1.0,0.0,16.0,14.0,1.0
adaptive_screening_20260813/adaptive_screening_20260813__yellow_core__libero_spatial_with_yellow_book__task8__init0__difficulty_gated_action__l1p0,difficulty_l1_t0.088588,yellow_task8_init0_adaptive_screen,libero_spatial_with_yellow_book,8,0,620582,difficulty_gated_action,1.0,0.088588,0.002,0.0,0.5,8.0,calibration,16,False,220,14,timeout_no_goal,False,False,14,0.1428571428571429,1.0,0.0,16.0,14.0,1.0
adaptive_screening_20260813/adaptive_screening_20260813__yellow_core__libero_spatial_with_yellow_book__task8__init0__difficulty_gated_action__l1p0,difficulty_l1_t0.088588,yellow_task8_init0_adaptive_screen,libero_spatial_with_yellow_book,8,0,620679,difficulty_gated_action,1.0,0.088588,0.002,0.0,0.5,8.0,calibration,16,True,140,9,success,False,False,9,0.33333333333333337,1.0,0.0,16.0,9.0,1.0
adaptive_screening_20260813/adaptive_screening_20260813__yellow_core__libero_spatial_with_yellow_book__task8__init0__difficulty_gated_action__l1p0,difficulty_l1_t0.088588,yellow_task8_init0_adaptive_screen,libero_spatial_with_yellow_book,8,0,620776,difficulty_gated_action,1.0,0.088588,0.002,0.0,0.5,8.0,calibration,16,False,220,14,timeout_no_goal,False,False,14,0.2857142857142857,1.0,0.0,16.0,14.0,1.0
adaptive_screening_20260813/adaptive_screening_20260813__yellow_core__libero_spatial_with_yellow_book__task8__init0__difficulty_gated_action__l1p0,difficulty_l1_t0.088588,yellow_task8_init0_adaptive_screen,libero_spatial_with_yellow_book,8,0,620873,difficulty_gated_action,1.0,0.088588,0.002,0.0,0.5,8.0,calibration,16,False,220,14,timeout_no_goal,False,False,14,0.4285714285714286,1.0,0.0,16.0,14.0,1.0
adaptive_screening_20260813/adaptive_screening_20260813__yellow_core__libero_spatial_with_yellow_book__task8__init0__difficulty_gated_action__l1p0,difficulty_l1_t0.088588,yellow_task8_init0_adaptive_screen,libero_spatial_with_yellow_book,8,0,620970,difficulty_gated_action,1.0,0.088588,0.002,0.0,0.5,8.0,calibration,16,False,220,14,timeout_no_goal,False,False,14,0.4285714285714286,1.0,0.0,16.0,14.0,1.0
adaptive_screening_20260813/adaptive_screening_20260813__yellow_core__libero_spatial_with_yellow_book__task8__init0__difficulty_gated_action__l1p0,difficulty_l1_t0.088588,yellow_task8_init0_adaptive_screen,libero_spatial_with_yellow_book,8,0,621067,difficulty_gated_action,1.0,0.088588,0.002,0.0,0.5,8.0,calibration,16,True,151,10,success,False,False,10,0.4,1.0,0.0,16.0,10.0,1.0
adaptive_screening_20260813/adaptive_screening_20260813__yellow_core__libero_spatial_with_yellow_book__task8__init0__difficulty_gated_requery_action__l1p0,difficulty_requery_l1_t0.088588_h8,yellow_task8_init0_adaptive_screen,libero_spatial_with_yellow_book,8,0,620000,difficulty_gated_requery_action,1.0,0.088588,0.002,0.0,0.5,8.0,calibration,16,True,141,11,success,False,False,11,0.36363636363636365,1.0,0.36363636363636365,13.090909090909092,9.0,1.2222222222222223
adaptive_screening_20260813/adaptive_screening_20260813__yellow_core__libero_spatial_with_yellow_book__task8__init0__difficulty_gated_requery_action__l1p0,difficulty_requery_l1_t0.088588_h8,yellow_task8_init0_adaptive_screen,libero_spatial_with_yellow_book,8,0,620097,difficulty_gated_requery_action,1.0,0.088588,0.002,0.0,0.5,8.0,calibration,16,False,220,16,timeout_no_goal,False,False,16,0.25,1.0,0.25,14.0,14.0,1.1428571428571428
adaptive_screening_20260813/adaptive_screening_20260813__yellow_core__libero_spatial_with_yellow_book__task8__init0__difficulty_gated_requery_action__l1p0,difficulty_requery_l1_t0.088588_h8,yellow_task8_init0_adaptive_screen,libero_spatial_with_yellow_book,8,0,620194,difficulty_gated_requery_action,1.0,0.088588,0.002,0.0,0.5,8.0,calibration,16,True,142,12,success,False,False,12,0.41666666666666663,1.0,0.4166666666666667,12.666666666666666,9.0,1.3333333333333333
adaptive_screening_20260813/adaptive_screening_20260813__yellow_core__libero_spatial_with_yellow_book__task8__init0__difficulty_gated_requery_action__l1p0,difficulty_requery_l1_t0.088588_h8,yellow_task8_init0_adaptive_screen,libero_spatial_with_yellow_book,8,0,620291,difficulty_gated_requery_action,1.0,0.088588,0.002,0.0,0.5,8.0,calibration,16,True,115,8,success,False,False,8,0.125,1.0,0.125,15.0,8.0,1.0
adaptive_screening_20260813/adaptive_screening_20260813__yellow_core__libero_spatial_with_yellow_book__task8__init0__difficulty_gated_requery_action__l1p0,difficulty_requery_l1_t0.088588_h8,yellow_task8_init0_adaptive_screen,libero_spatial_with_yellow_book,8,0,620388,difficulty_gated_requery_action,1.0,0.088588,0.002,0.0,0.5,8.0,calibration,16,True,108,10,success,False,False,10,0.6,1.0,0.6,11.2,7.0,1.4285714285714286
adaptive_screening_20260813/adaptive_screening_20260813__yellow_core__libero_spatial_with_yellow_book__task8__init0__difficulty_gated_requery_action__l1p0,difficulty_requery_l1_t0.088588_h8,yellow_task8_init0_adaptive_screen,libero_spatial_with_yellow_book,8,0,620485,difficulty_gated_requery_action,1.0,0.088588,0.002,0.0,0.5,8.0,calibration,16,True,110,9,success,False,False,9,0.4444444444444444,1.0,0.4444444444444444,12.444444444444445,7.0,1.2857142857142858
adaptive_screening_20260813/adaptive_screening_20260813__yellow_core__libero_spatial_with_yellow_book__task8__init0__difficulty_gated_requery_action__l1p0,difficulty_requery_l1_t0.088588_h8,yellow_task8_init0_adaptive_screen,libero_spatial_with_yellow_book,8,0,620582,difficulty_gated_requery_action,1.0,0.088588,0.002,0.0,0.5,8.0,calibration,16,False,220,17,timeout_no_goal,False,False,17,0.3529411764705882,1.0,0.35294117647058826,13.176470588235293,14.0,1.2142857142857142
adaptive_screening_20260813/adaptive_screening_20260813__yellow_core__libero_spatial_with_yellow_book__task8__init0__difficulty_gated_requery_action__l1p0,difficulty_requery_l1_t0.088588_h8,yellow_task8_init0_adaptive_screen,libero_spatial_with_yellow_book,8,0,620679,difficulty_gated_requery_action,1.0,0.088588,0.002,0.0,0.5,8.0,calibration,16,True,145,11,success,False,False,11,0.2727272727272727,1.0,0.2727272727272727,13.818181818181818,10.0,1.1
adaptive_screening_20260813/adaptive_screening_20260813__yellow_core__libero_spatial_with_yellow_book__task8__init0__difficulty_gated_requery_action__l1p0,difficulty_requery_l1_t0.088588_h8,yellow_task8_init0_adaptive_screen,libero_spatial_with_yellow_book,8,0,620776,difficulty_gated_requery_action,1.0,0.088588,0.002,0.0,0.5,8.0,calibration,16,False,220,17,wrong_object_interaction_candidate,False,True,17,0.2941176470588235,1.0,0.29411764705882354,13.647058823529411,14.0,1.2142857142857142
adaptive_screening_20260813/adaptive_screening_20260813__yellow_core__libero_spatial_with_yellow_book__task8__init0__difficulty_gated_requery_action__l1p0,difficulty_requery_l1_t0.088588_h8,yellow_task8_init0_adaptive_screen,libero_spatial_with_yellow_book,8,0,620873,difficulty_gated_requery_action,1.0,0.088588,0.002,0.0,0.5,8.0,calibration,16,True,107,10,success,False,False,10,0.6,1.0,0.6,11.2,7.0,1.4285714285714286
adaptive_screening_20260813/adaptive_screening_20260813__yellow_core__libero_spatial_with_yellow_book__task8__init0__difficulty_gated_requery_action__l1p0,difficulty_requery_l1_t0.088588_h8,yellow_task8_init0_adaptive_screen,libero_spatial_with_yellow_book,8,0,620970,difficulty_gated_requery_action,1.0,0.088588,0.002,0.0,0.5,8.0,calibration,16,True,114,10,success,False,False,10,0.5,1.0,0.5,12.0,8.0,1.25
adaptive_screening_20260813/adaptive_screening_20260813__yellow_core__libero_spatial_with_yellow_book__task8__init0__difficulty_gated_requery_action__l1p0,difficulty_requery_l1_t0.088588_h8,yellow_task8_init0_adaptive_screen,libero_spatial_with_yellow_book,8,0,621067,difficulty_gated_requery_action,1.0,0.088588,0.002,0.0,0.5,8.0,calibration,16,True,113,10,success,False,False,10,0.4,1.0,0.4,12.8,8.0,1.25
adaptive_screening_20260813/adaptive_screening_20260813__yellow_core__libero_spatial_with_yellow_book__task8__init0__disagreement_requery_action__l1p0,requery_l1_h8,yellow_task8_init0_adaptive_screen,libero_spatial_with_yellow_book,8,0,620000,disagreement_requery_action,1.0,0.088588,0.002,0.0,0.5,8.0,calibration,16,True,141,11,success,False,False,11,0.36363636363636365,0.0,0.36363636363636365,13.090909090909092,9.0,1.2222222222222223
adaptive_screening_20260813/adaptive_screening_20260813__yellow_core__libero_spatial_with_yellow_book__task8__init0__disagreement_requery_action__l1p0,requery_l1_h8,yellow_task8_init0_adaptive_screen,libero_spatial_with_yellow_book,8,0,620097,disagreement_requery_action,1.0,0.088588,0.002,0.0,0.5,8.0,calibration,16,False,220,16,timeout_no_goal,False,False,16,0.25,0.0,0.25,14.0,14.0,1.1428571428571428
adaptive_screening_20260813/adaptive_screening_20260813__yellow_core__libero_spatial_with_yellow_book__task8__init0__disagreement_requery_action__l1p0,requery_l1_h8,yellow_task8_init0_adaptive_screen,libero_spatial_with_yellow_book,8,0,620194,disagreement_requery_action,1.0,0.088588,0.002,0.0,0.5,8.0,calibration,16,True,142,12,success,False,False,12,0.41666666666666663,0.0,0.4166666666666667,12.666666666666666,9.0,1.3333333333333333
adaptive_screening_20260813/adaptive_screening_20260813__yellow_core__libero_spatial_with_yellow_book__task8__init0__disagreement_requery_action__l1p0,requery_l1_h8,yellow_task8_init0_adaptive_screen,libero_spatial_with_yellow_book,8,0,620291,disagreement_requery_action,1.0,0.088588,0.002,0.0,0.5,8.0,calibration,16,True,115,8,success,False,False,8,0.125,0.0,0.125,15.0,8.0,1.0
adaptive_screening_20260813/adaptive_screening_20260813__yellow_core__libero_spatial_with_yellow_book__task8__init0__disagreement_requery_action__l1p0,requery_l1_h8,yellow_task8_init0_adaptive_screen,libero_spatial_with_yellow_book,8,0,620388,disagreement_requery_action,1.0,0.088588,0.002,0.0,0.5,8.0,calibration,16,True,108,10,success,False,False,10,0.6,0.0,0.6,11.2,7.0,1.4285714285714286
adaptive_screening_20260813/adaptive_screening_20260813__yellow_core__libero_spatial_with_yellow_book__task8__init0__disagreement_requery_action__l1p0,requery_l1_h8,yellow_task8_init0_adaptive_screen,libero_spatial_with_yellow_book,8,0,620485,disagreement_requery_action,1.0,0.088588,0.002,0.0,0.5,8.0,calibration,16,True,110,9,success,False,False,9,0.4444444444444444,0.0,0.4444444444444444,12.444444444444445,7.0,1.2857142857142858
adaptive_screening_20260813/adaptive_screening_20260813__yellow_core__libero_spatial_with_yellow_book__task8__init0__disagreement_requery_action__l1p0,requery_l1_h8,yellow_task8_init0_adaptive_screen,libero_spatial_with_yellow_book,8,0,620582,disagreement_requery_action,1.0,0.088588,0.002,0.0,0.5,8.0,calibration,16,False,220,17,timeout_no_goal,False,False,17,0.3529411764705882,0.0,0.35294117647058826,13.176470588235293,14.0,1.2142857142857142
adaptive_screening_20260813/adaptive_screening_20260813__yellow_core__libero_spatial_with_yellow_book__task8__init0__disagreement_requery_action__l1p0,requery_l1_h8,yellow_task8_init0_adaptive_screen,libero_spatial_with_yellow_book,8,0,620679,disagreement_requery_action,1.0,0.088588,0.002,0.0,0.5,8.0,calibration,16,True,145,11,success,False,False,11,0.2727272727272727,0.0,0.2727272727272727,13.818181818181818,10.0,1.1
adaptive_screening_20260813/adaptive_screening_20260813__yellow_core__libero_spatial_with_yellow_book__task8__init0__disagreement_requery_action__l1p0,requery_l1_h8,yellow_task8_init0_adaptive_screen,libero_spatial_with_yellow_book,8,0,620776,disagreement_requery_action,1.0,0.088588,0.002,0.0,0.5,8.0,calibration,16,False,220,17,wrong_object_interaction_candidate,False,True,17,0.2941176470588235,0.0,0.29411764705882354,13.647058823529411,14.0,1.2142857142857142
adaptive_screening_20260813/adaptive_screening_20260813__yellow_core__libero_spatial_with_yellow_book__task8__init0__disagreement_requery_action__l1p0,requery_l1_h8,yellow_task8_init0_adaptive_screen,libero_spatial_with_yellow_book,8,0,620873,disagreement_requery_action,1.0,0.088588,0.002,0.0,0.5,8.0,calibration,16,True,107,10,success,False,False,10,0.6,0.0,0.6,11.2,7.0,1.4285714285714286
adaptive_screening_20260813/adaptive_screening_20260813__yellow_core__libero_spatial_with_yellow_book__task8__init0__disagreement_requery_action__l1p0,requery_l1_h8,yellow_task8_init0_adaptive_screen,libero_spatial_with_yellow_book,8,0,620970,disagreement_requery_action,1.0,0.088588,0.002,0.0,0.5,8.0,calibration,16,True,114,10,success,False,False,10,0.5,0.0,0.5,12.0,8.0,1.25
adaptive_screening_20260813/adaptive_screening_20260813__yellow_core__libero_spatial_with_yellow_book__task8__init0__disagreement_requery_action__l1p0,requery_l1_h8,yellow_task8_init0_adaptive_screen,libero_spatial_with_yellow_book,8,0,621067,disagreement_requery_action,1.0,0.088588,0.002,0.0,0.5,8.0,calibration,16,True,113,10,success,False,False,10,0.4,0.0,0.4,12.8,8.0,1.25
adaptive_screening_20260813/adaptive_screening_20260813__yellow_core__libero_spatial_with_yellow_book__task8__init0__margin_gated_action__l1p0,margin_l1_v0.002_u0,yellow_task8_init0_adaptive_screen,libero_spatial_with_yellow_book,8,0,620000,margin_gated_action,1.0,0.088588,0.002,0.0,0.5,8.0,calibration,16,True,151,10,success,False,False,10,0.19999999999999996,0.2,0.0,16.0,10.0,1.0
adaptive_screening_20260813/adaptive_screening_20260813__yellow_core__libero_spatial_with_yellow_book__task8__init0__margin_gated_action__l1p0,margin_l1_v0.002_u0,yellow_task8_init0_adaptive_screen,libero_spatial_with_yellow_book,8,0,620097,margin_gated_action,1.0,0.088588,0.002,0.0,0.5,8.0,calibration,16,False,220,14,timeout_no_goal,False,False,14,0.1428571428571429,0.14285714285714285,0.0,16.0,14.0,1.0
adaptive_screening_20260813/adaptive_screening_20260813__yellow_core__libero_spatial_with_yellow_book__task8__init0__margin_gated_action__l1p0,margin_l1_v0.002_u0,yellow_task8_init0_adaptive_screen,libero_spatial_with_yellow_book,8,0,620194,margin_gated_action,1.0,0.088588,0.002,0.0,0.5,8.0,calibration,16,False,220,14,timeout_no_goal,False,False,14,0.2857142857142857,0.2857142857142857,0.0,16.0,14.0,1.0
adaptive_screening_20260813/adaptive_screening_20260813__yellow_core__libero_spatial_with_yellow_book__task8__init0__margin_gated_action__l1p0,margin_l1_v0.002_u0,yellow_task8_init0_adaptive_screen,libero_spatial_with_yellow_book,8,0,620291,margin_gated_action,1.0,0.088588,0.002,0.0,0.5,8.0,calibration,16,True,151,10,success,False,False,10,0.4,0.4,0.0,16.0,10.0,1.0
adaptive_screening_20260813/adaptive_screening_20260813__yellow_core__libero_spatial_with_yellow_book__task8__init0__margin_gated_action__l1p0,margin_l1_v0.002_u0,yellow_task8_init0_adaptive_screen,libero_spatial_with_yellow_book,8,0,620388,margin_gated_action,1.0,0.088588,0.002,0.0,0.5,8.0,calibration,16,False,220,14,timeout_no_goal,False,False,14,0.2857142857142857,0.2857142857142857,0.0,16.0,14.0,1.0
adaptive_screening_20260813/adaptive_screening_20260813__yellow_core__libero_spatial_with_yellow_book__task8__init0__margin_gated_action__l1p0,margin_l1_v0.002_u0,yellow_task8_init0_adaptive_screen,libero_spatial_with_yellow_book,8,0,620485,margin_gated_action,1.0,0.088588,0.002,0.0,0.5,8.0,calibration,16,True,144,9,success,False,False,9,0.33333333333333337,0.3333333333333333,0.0,16.0,9.0,1.0
adaptive_screening_20260813/adaptive_screening_20260813__yellow_core__libero_spatial_with_yellow_book__task8__init0__margin_gated_action__l1p0,margin_l1_v0.002_u0,yellow_task8_init0_adaptive_screen,libero_spatial_with_yellow_book,8,0,620582,margin_gated_action,1.0,0.088588,0.002,0.0,0.5,8.0,calibration,16,False,220,14,timeout_no_goal,False,False,14,0.0714285714285714,0.07142857142857142,0.0,16.0,14.0,1.0
adaptive_screening_20260813/adaptive_screening_20260813__yellow_core__libero_spatial_with_yellow_book__task8__init0__margin_gated_action__l1p0,margin_l1_v0.002_u0,yellow_task8_init0_adaptive_screen,libero_spatial_with_yellow_book,8,0,620679,margin_gated_action,1.0,0.088588,0.002,0.0,0.5,8.0,calibration,16,True,145,10,success,False,False,10,0.09999999999999998,0.1,0.0,16.0,10.0,1.0
adaptive_screening_20260813/adaptive_screening_20260813__yellow_core__libero_spatial_with_yellow_book__task8__init0__margin_gated_action__l1p0,margin_l1_v0.002_u0,yellow_task8_init0_adaptive_screen,libero_spatial_with_yellow_book,8,0,620776,margin_gated_action,1.0,0.088588,0.002,0.0,0.5,8.0,calibration,16,False,220,14,timeout_no_goal,False,False,14,0.1428571428571429,0.14285714285714285,0.0,16.0,14.0,1.0
adaptive_screening_20260813/adaptive_screening_20260813__yellow_core__libero_spatial_with_yellow_book__task8__init0__margin_gated_action__l1p0,margin_l1_v0.002_u0,yellow_task8_init0_adaptive_screen,libero_spatial_with_yellow_book,8,0,620873,margin_gated_action,1.0,0.088588,0.002,0.0,0.5,8.0,calibration,16,False,220,14,timeout_no_goal,False,False,14,0.0714285714285714,0.07142857142857142,0.0,16.0,14.0,1.0
adaptive_screening_20260813/adaptive_screening_20260813__yellow_core__libero_spatial_with_yellow_book__task8__init0__margin_gated_action__l1p0,margin_l1_v0.002_u0,yellow_task8_init0_adaptive_screen,libero_spatial_with_yellow_book,8,0,620970,margin_gated_action,1.0,0.088588,0.002,0.0,0.5,8.0,calibration,16,True,139,9,success,False,False,9,0.11111111111111116,0.1111111111111111,0.0,16.0,9.0,1.0
adaptive_screening_20260813/adaptive_screening_20260813__yellow_core__libero_spatial_with_yellow_book__task8__init0__margin_gated_action__l1p0,margin_l1_v0.002_u0,yellow_task8_init0_adaptive_screen,libero_spatial_with_yellow_book,8,0,621067,margin_gated_action,1.0,0.088588,0.002,0.0,0.5,8.0,calibration,16,False,220,14,timeout_no_goal,False,False,14,0.1428571428571429,0.14285714285714285,0.0,16.0,14.0,1.0
adaptive_screening_20260813/adaptive_screening_20260813__yellow_core__libero_spatial_with_yellow_book__task8__init0__max_value__l0,max_value,yellow_task8_init0_adaptive_screen,libero_spatial_with_yellow_book,8,0,620000,max_value,0.0,0.088588,0.002,0.0,0.5,8.0,calibration,16,True,150,10,success,False,False,10,0.0,0.0,0.0,16.0,10.0,1.0
adaptive_screening_20260813/adaptive_screening_20260813__yellow_core__libero_spatial_with_yellow_book__task8__init0__max_value__l0,max_value,yellow_task8_init0_adaptive_screen,libero_spatial_with_yellow_book,8,0,620097,max_value,0.0,0.088588,0.002,0.0,0.5,8.0,calibration,16,False,220,14,timeout_no_goal,False,False,14,0.0,0.0,0.0,16.0,14.0,1.0
adaptive_screening_20260813/adaptive_screening_20260813__yellow_core__libero_spatial_with_yellow_book__task8__init0__max_value__l0,max_value,yellow_task8_init0_adaptive_screen,libero_spatial_with_yellow_book,8,0,620194,max_value,0.0,0.088588,0.002,0.0,0.5,8.0,calibration,16,False,220,14,timeout_no_goal,False,False,14,0.0,0.0,0.0,16.0,14.0,1.0
adaptive_screening_20260813/adaptive_screening_20260813__yellow_core__libero_spatial_with_yellow_book__task8__init0__max_value__l0,max_value,yellow_task8_init0_adaptive_screen,libero_spatial_with_yellow_book,8,0,620291,max_value,0.0,0.088588,0.002,0.0,0.5,8.0,calibration,16,True,149,10,success,False,False,10,0.0,0.0,0.0,16.0,10.0,1.0
adaptive_screening_20260813/adaptive_screening_20260813__yellow_core__libero_spatial_with_yellow_book__task8__init0__max_value__l0,max_value,yellow_task8_init0_adaptive_screen,libero_spatial_with_yellow_book,8,0,620388,max_value,0.0,0.088588,0.002,0.0,0.5,8.0,calibration,16,False,220,14,timeout_no_goal,False,False,14,0.0,0.0,0.0,16.0,14.0,1.0
adaptive_screening_20260813/adaptive_screening_20260813__yellow_core__libero_spatial_with_yellow_book__task8__init0__max_value__l0,max_value,yellow_task8_init0_adaptive_screen,libero_spatial_with_yellow_book,8,0,620485,max_value,0.0,0.088588,0.002,0.0,0.5,8.0,calibration,16,False,220,14,target_drop_candidate,True,False,14,0.0,0.0,0.0,16.0,14.0,1.0
adaptive_screening_20260813/adaptive_screening_20260813__yellow_core__libero_spatial_with_yellow_book__task8__init0__max_value__l0,max_value,yellow_task8_init0_adaptive_screen,libero_spatial_with_yellow_book,8,0,620582,max_value,0.0,0.088588,0.002,0.0,0.5,8.0,calibration,16,False,220,14,timeout_no_goal,False,False,14,0.0,0.0,0.0,16.0,14.0,1.0
adaptive_screening_20260813/adaptive_screening_20260813__yellow_core__libero_spatial_with_yellow_book__task8__init0__max_value__l0,max_value,yellow_task8_init0_adaptive_screen,libero_spatial_with_yellow_book,8,0,620679,max_value,0.0,0.088588,0.002,0.0,0.5,8.0,calibration,16,True,144,9,success,False,False,9,0.0,0.0,0.0,16.0,9.0,1.0
adaptive_screening_20260813/adaptive_screening_20260813__yellow_core__libero_spatial_with_yellow_book__task8__init0__max_value__l0,max_value,yellow_task8_init0_adaptive_screen,libero_spatial_with_yellow_book,8,0,620776,max_value,0.0,0.088588,0.002,0.0,0.5,8.0,calibration,16,False,220,14,timeout_no_goal,False,False,14,0.0,0.0,0.0,16.0,14.0,1.0
adaptive_screening_20260813/adaptive_screening_20260813__yellow_core__libero_spatial_with_yellow_book__task8__init0__max_value__l0,max_value,yellow_task8_init0_adaptive_screen,libero_spatial_with_yellow_book,8,0,620873,max_value,0.0,0.088588,0.002,0.0,0.5,8.0,calibration,16,False,220,14,timeout_no_goal,False,False,14,0.0,0.0,0.0,16.0,14.0,1.0
adaptive_screening_20260813/adaptive_screening_20260813__yellow_core__libero_spatial_with_yellow_book__task8__init0__max_value__l0,max_value,yellow_task8_init0_adaptive_screen,libero_spatial_with_yellow_book,8,0,620970,max_value,0.0,0.088588,0.002,0.0,0.5,8.0,calibration,16,False,220,14,timeout_no_goal,False,False,14,0.0,0.0,0.0,16.0,14.0,1.0
adaptive_screening_20260813/adaptive_screening_20260813__yellow_core__libero_spatial_with_yellow_book__task8__init0__max_value__l0,max_value,yellow_task8_init0_adaptive_screen,libero_spatial_with_yellow_book,8,0,621067,max_value,0.0,0.088588,0.002,0.0,0.5,8.0,calibration,16,False,220,14,timeout_no_goal,False,False,14,0.0,0.0,0.0,16.0,14.0,1.0
adaptive_screening_20260813/adaptive_screening_20260813__yellow_core__libero_spatial_with_yellow_book__task8__init0__max_value_replay__l0,max_value_replay,yellow_task8_init0_adaptive_screen,libero_spatial_with_yellow_book,8,0,620000,max_value_replay,0.0,0.088588,0.002,0.0,0.5,8.0,calibration,16,True,150,10,success,False,False,10,0.0,0.0,0.0,16.0,10.0,1.0
adaptive_screening_20260813/adaptive_screening_20260813__yellow_core__libero_spatial_with_yellow_book__task8__init0__max_value_replay__l0,max_value_replay,yellow_task8_init0_adaptive_screen,libero_spatial_with_yellow_book,8,0,620097,max_value_replay,0.0,0.088588,0.002,0.0,0.5,8.0,calibration,16,False,220,14,timeout_no_goal,False,False,14,0.0,0.0,0.0,16.0,14.0,1.0
adaptive_screening_20260813/adaptive_screening_20260813__yellow_core__libero_spatial_with_yellow_book__task8__init0__max_value_replay__l0,max_value_replay,yellow_task8_init0_adaptive_screen,libero_spatial_with_yellow_book,8,0,620194,max_value_replay,0.0,0.088588,0.002,0.0,0.5,8.0,calibration,16,False,220,14,timeout_no_goal,False,False,14,0.0,0.0,0.0,16.0,14.0,1.0
adaptive_screening_20260813/adaptive_screening_20260813__yellow_core__libero_spatial_with_yellow_book__task8__init0__max_value_replay__l0,max_value_replay,yellow_task8_init0_adaptive_screen,libero_spatial_with_yellow_book,8,0,620291,max_value_replay,0.0,0.088588,0.002,0.0,0.5,8.0,calibration,16,False,220,14,timeout_no_goal,False,False,14,0.0,0.0,0.0,16.0,14.0,1.0
adaptive_screening_20260813/adaptive_screening_20260813__yellow_core__libero_spatial_with_yellow_book__task8__init0__max_value_replay__l0,max_value_replay,yellow_task8_init0_adaptive_screen,libero_spatial_with_yellow_book,8,0,620388,max_value_replay,0.0,0.088588,0.002,0.0,0.5,8.0,calibration,16,False,220,14,timeout_no_goal,False,False,14,0.0,0.0,0.0,16.0,14.0,1.0
adaptive_screening_20260813/adaptive_screening_20260813__yellow_core__libero_spatial_with_yellow_book__task8__init0__max_value_replay__l0,max_value_replay,yellow_task8_init0_adaptive_screen,libero_spatial_with_yellow_book,8,0,620485,max_value_replay,0.0,0.088588,0.002,0.0,0.5,8.0,calibration,16,True,139,9,success,False,False,9,0.0,0.0,0.0,16.0,9.0,1.0
adaptive_screening_20260813/adaptive_screening_20260813__yellow_core__libero_spatial_with_yellow_book__task8__init0__max_value_replay__l0,max_value_replay,yellow_task8_init0_adaptive_screen,libero_spatial_with_yellow_book,8,0,620582,max_value_replay,0.0,0.088588,0.002,0.0,0.5,8.0,calibration,16,False,220,14,timeout_no_goal,False,False,14,0.0,0.0,0.0,16.0,14.0,1.0
adaptive_screening_20260813/adaptive_screening_20260813__yellow_core__libero_spatial_with_yellow_book__task8__init0__max_value_replay__l0,max_value_replay,yellow_task8_init0_adaptive_screen,libero_spatial_with_yellow_book,8,0,620679,max_value_replay,0.0,0.088588,0.002,0.0,0.5,8.0,calibration,16,True,144,9,success,False,False,9,0.0,0.0,0.0,16.0,9.0,1.0
adaptive_screening_20260813/adaptive_screening_20260813__yellow_core__libero_spatial_with_yellow_book__task8__init0__max_value_replay__l0,max_value_replay,yellow_task8_init0_adaptive_screen,libero_spatial_with_yellow_book,8,0,620776,max_value_replay,0.0,0.088588,0.002,0.0,0.5,8.0,calibration,16,False,220,14,timeout_no_goal,False,False,14,0.0,0.0,0.0,16.0,14.0,1.0
adaptive_screening_20260813/adaptive_screening_20260813__yellow_core__libero_spatial_with_yellow_book__task8__init0__max_value_replay__l0,max_value_replay,yellow_task8_init0_adaptive_screen,libero_spatial_with_yellow_book,8,0,620873,max_value_replay,0.0,0.088588,0.002,0.0,0.5,8.0,calibration,16,False,220,14,timeout_no_goal,False,False,14,0.0,0.0,0.0,16.0,14.0,1.0
adaptive_screening_20260813/adaptive_screening_20260813__yellow_core__libero_spatial_with_yellow_book__task8__init0__max_value_replay__l0,max_value_replay,yellow_task8_init0_adaptive_screen,libero_spatial_with_yellow_book,8,0,620970,max_value_replay,0.0,0.088588,0.002,0.0,0.5,8.0,calibration,16,True,142,9,success,False,False,9,0.0,0.0,0.0,16.0,9.0,1.0
adaptive_screening_20260813/adaptive_screening_20260813__yellow_core__libero_spatial_with_yellow_book__task8__init0__max_value_replay__l0,max_value_replay,yellow_task8_init0_adaptive_screen,libero_spatial_with_yellow_book,8,0,621067,max_value_replay,0.0,0.088588,0.002,0.0,0.5,8.0,calibration,16,False,220,14,wrong_object_interaction_candidate,False,True,14,0.0,0.0,0.0,16.0,14.0,1.0
adaptive_screening_20260813/adaptive_screening_20260813__yellow_core__libero_spatial_with_yellow_book__task8__init0__phase_gated_action__l1p0,phase_l1_r0.5,yellow_task8_init0_adaptive_screen,libero_spatial_with_yellow_book,8,0,620000,phase_gated_action,1.0,0.088588,0.002,0.0,0.5,8.0,calibration,16,False,220,14,timeout_no_goal,False,False,14,0.1428571428571429,0.5,0.0,16.0,14.0,1.0
adaptive_screening_20260813/adaptive_screening_20260813__yellow_core__libero_spatial_with_yellow_book__task8__init0__phase_gated_action__l1p0,phase_l1_r0.5,yellow_task8_init0_adaptive_screen,libero_spatial_with_yellow_book,8,0,620097,phase_gated_action,1.0,0.088588,0.002,0.0,0.5,8.0,calibration,16,False,220,14,timeout_no_goal,False,False,14,0.1428571428571429,0.5,0.0,16.0,14.0,1.0
adaptive_screening_20260813/adaptive_screening_20260813__yellow_core__libero_spatial_with_yellow_book__task8__init0__phase_gated_action__l1p0,phase_l1_r0.5,yellow_task8_init0_adaptive_screen,libero_spatial_with_yellow_book,8,0,620194,phase_gated_action,1.0,0.088588,0.002,0.0,0.5,8.0,calibration,16,False,220,14,timeout_no_goal,False,False,14,0.3571428571428571,0.5,0.0,16.0,14.0,1.0
adaptive_screening_20260813/adaptive_screening_20260813__yellow_core__libero_spatial_with_yellow_book__task8__init0__phase_gated_action__l1p0,phase_l1_r0.5,yellow_task8_init0_adaptive_screen,libero_spatial_with_yellow_book,8,0,620291,phase_gated_action,1.0,0.088588,0.002,0.0,0.5,8.0,calibration,16,True,151,10,success,False,False,10,0.30000000000000004,0.7,0.0,16.0,10.0,1.0
adaptive_screening_20260813/adaptive_screening_20260813__yellow_core__libero_spatial_with_yellow_book__task8__init0__phase_gated_action__l1p0,phase_l1_r0.5,yellow_task8_init0_adaptive_screen,libero_spatial_with_yellow_book,8,0,620388,phase_gated_action,1.0,0.088588,0.002,0.0,0.5,8.0,calibration,16,True,220,14,success,True,False,14,0.3571428571428571,0.5,0.0,16.0,14.0,1.0
adaptive_screening_20260813/adaptive_screening_20260813__yellow_core__libero_spatial_with_yellow_book__task8__init0__phase_gated_action__l1p0,phase_l1_r0.5,yellow_task8_init0_adaptive_screen,libero_spatial_with_yellow_book,8,0,620485,phase_gated_action,1.0,0.088588,0.002,0.0,0.5,8.0,calibration,16,True,144,9,success,False,False,9,0.2222222222222222,0.7777777777777778,0.0,16.0,9.0,1.0
adaptive_screening_20260813/adaptive_screening_20260813__yellow_core__libero_spatial_with_yellow_book__task8__init0__phase_gated_action__l1p0,phase_l1_r0.5,yellow_task8_init0_adaptive_screen,libero_spatial_with_yellow_book,8,0,620582,phase_gated_action,1.0,0.088588,0.002,0.0,0.5,8.0,calibration,16,False,220,14,timeout_no_goal,False,False,14,0.0,0.5,0.0,16.0,14.0,1.0
adaptive_screening_20260813/adaptive_screening_20260813__yellow_core__libero_spatial_with_yellow_book__task8__init0__phase_gated_action__l1p0,phase_l1_r0.5,yellow_task8_init0_adaptive_screen,libero_spatial_with_yellow_book,8,0,620679,phase_gated_action,1.0,0.088588,0.002,0.0,0.5,8.0,calibration,16,True,145,10,success,False,False,10,0.09999999999999998,0.7,0.0,16.0,10.0,1.0
adaptive_screening_20260813/adaptive_screening_20260813__yellow_core__libero_spatial_with_yellow_book__task8__init0__phase_gated_action__l1p0,phase_l1_r0.5,yellow_task8_init0_adaptive_screen,libero_spatial_with_yellow_book,8,0,620776,phase_gated_action,1.0,0.088588,0.002,0.0,0.5,8.0,calibration,16,False,220,14,timeout_no_goal,False,False,14,0.0,0.5,0.0,16.0,14.0,1.0
adaptive_screening_20260813/adaptive_screening_20260813__yellow_core__libero_spatial_with_yellow_book__task8__init0__phase_gated_action__l1p0,phase_l1_r0.5,yellow_task8_init0_adaptive_screen,libero_spatial_with_yellow_book,8,0,620873,phase_gated_action,1.0,0.088588,0.002,0.0,0.5,8.0,calibration,16,False,220,14,timeout_no_goal,False,False,14,0.2142857142857143,0.5,0.0,16.0,14.0,1.0
adaptive_screening_20260813/adaptive_screening_20260813__yellow_core__libero_spatial_with_yellow_book__task8__init0__phase_gated_action__l1p0,phase_l1_r0.5,yellow_task8_init0_adaptive_screen,libero_spatial_with_yellow_book,8,0,620970,phase_gated_action,1.0,0.088588,0.002,0.0,0.5,8.0,calibration,16,True,150,10,success,False,False,10,0.30000000000000004,0.7,0.0,16.0,10.0,1.0
adaptive_screening_20260813/adaptive_screening_20260813__yellow_core__libero_spatial_with_yellow_book__task8__init0__phase_gated_action__l1p0,phase_l1_r0.5,yellow_task8_init0_adaptive_screen,libero_spatial_with_yellow_book,8,0,621067,phase_gated_action,1.0,0.088588,0.002,0.0,0.5,8.0,calibration,16,False,220,14,timeout_no_goal,False,False,14,0.1428571428571429,0.5,0.0,16.0,14.0,1.0
adaptive_screening_20260813/adaptive_screening_20260813__yellow_core__libero_spatial_with_yellow_book__task8__init0__uncertainty_penalty_action__l0p5,action_l0.5,yellow_task8_init0_adaptive_screen,libero_spatial_with_yellow_book,8,0,620000,uncertainty_penalty_action,0.5,0.088588,0.002,0.0,0.5,8.0,calibration,16,True,151,10,success,False,False,10,0.19999999999999996,0.0,0.0,16.0,10.0,1.0
adaptive_screening_20260813/adaptive_screening_20260813__yellow_core__libero_spatial_with_yellow_book__task8__init0__uncertainty_penalty_action__l0p5,action_l0.5,yellow_task8_init0_adaptive_screen,libero_spatial_with_yellow_book,8,0,620097,uncertainty_penalty_action,0.5,0.088588,0.002,0.0,0.5,8.0,calibration,16,False,220,14,timeout_no_goal,False,False,14,0.2857142857142857,0.0,0.0,16.0,14.0,1.0
adaptive_screening_20260813/adaptive_screening_20260813__yellow_core__libero_spatial_with_yellow_book__task8__init0__uncertainty_penalty_action__l0p5,action_l0.5,yellow_task8_init0_adaptive_screen,libero_spatial_with_yellow_book,8,0,620194,uncertainty_penalty_action,0.5,0.088588,0.002,0.0,0.5,8.0,calibration,16,False,220,14,timeout_no_goal,False,False,14,0.2142857142857143,0.0,0.0,16.0,14.0,1.0
adaptive_screening_20260813/adaptive_screening_20260813__yellow_core__libero_spatial_with_yellow_book__task8__init0__uncertainty_penalty_action__l0p5,action_l0.5,yellow_task8_init0_adaptive_screen,libero_spatial_with_yellow_book,8,0,620291,uncertainty_penalty_action,0.5,0.088588,0.002,0.0,0.5,8.0,calibration,16,True,151,10,success,False,False,10,0.30000000000000004,0.0,0.0,16.0,10.0,1.0
adaptive_screening_20260813/adaptive_screening_20260813__yellow_core__libero_spatial_with_yellow_book__task8__init0__uncertainty_penalty_action__l0p5,action_l0.5,yellow_task8_init0_adaptive_screen,libero_spatial_with_yellow_book,8,0,620388,uncertainty_penalty_action,0.5,0.088588,0.002,0.0,0.5,8.0,calibration,16,False,220,14,timeout_no_goal,False,False,14,0.2142857142857143,0.0,0.0,16.0,14.0,1.0
adaptive_screening_20260813/adaptive_screening_20260813__yellow_core__libero_spatial_with_yellow_book__task8__init0__uncertainty_penalty_action__l0p5,action_l0.5,yellow_task8_init0_adaptive_screen,libero_spatial_with_yellow_book,8,0,620485,uncertainty_penalty_action,0.5,0.088588,0.002,0.0,0.5,8.0,calibration,16,True,144,9,success,False,False,9,0.2222222222222222,0.0,0.0,16.0,9.0,1.0
adaptive_screening_20260813/adaptive_screening_20260813__yellow_core__libero_spatial_with_yellow_book__task8__init0__uncertainty_penalty_action__l0p5,action_l0.5,yellow_task8_init0_adaptive_screen,libero_spatial_with_yellow_book,8,0,620582,uncertainty_penalty_action,0.5,0.088588,0.002,0.0,0.5,8.0,calibration,16,False,220,14,timeout_no_goal,False,False,14,0.0714285714285714,0.0,0.0,16.0,14.0,1.0
adaptive_screening_20260813/adaptive_screening_20260813__yellow_core__libero_spatial_with_yellow_book__task8__init0__uncertainty_penalty_action__l0p5,action_l0.5,yellow_task8_init0_adaptive_screen,libero_spatial_with_yellow_book,8,0,620679,uncertainty_penalty_action,0.5,0.088588,0.002,0.0,0.5,8.0,calibration,16,True,144,9,success,False,False,9,0.0,0.0,0.0,16.0,9.0,1.0
adaptive_screening_20260813/adaptive_screening_20260813__yellow_core__libero_spatial_with_yellow_book__task8__init0__uncertainty_penalty_action__l0p5,action_l0.5,yellow_task8_init0_adaptive_screen,libero_spatial_with_yellow_book,8,0,620776,uncertainty_penalty_action,0.5,0.088588,0.002,0.0,0.5,8.0,calibration,16,False,220,14,timeout_no_goal,False,False,14,0.0,0.0,0.0,16.0,14.0,1.0
adaptive_screening_20260813/adaptive_screening_20260813__yellow_core__libero_spatial_with_yellow_book__task8__init0__uncertainty_penalty_action__l0p5,action_l0.5,yellow_task8_init0_adaptive_screen,libero_spatial_with_yellow_book,8,0,620873,uncertainty_penalty_action,0.5,0.088588,0.002,0.0,0.5,8.0,calibration,16,False,220,14,timeout_no_goal,False,False,14,0.3571428571428571,0.0,0.0,16.0,14.0,1.0
adaptive_screening_20260813/adaptive_screening_20260813__yellow_core__libero_spatial_with_yellow_book__task8__init0__uncertainty_penalty_action__l0p5,action_l0.5,yellow_task8_init0_adaptive_screen,libero_spatial_with_yellow_book,8,0,620970,uncertainty_penalty_action,0.5,0.088588,0.002,0.0,0.5,8.0,calibration,16,True,139,9,success,False,False,9,0.11111111111111116,0.0,0.0,16.0,9.0,1.0
adaptive_screening_20260813/adaptive_screening_20260813__yellow_core__libero_spatial_with_yellow_book__task8__init0__uncertainty_penalty_action__l0p5,action_l0.5,yellow_task8_init0_adaptive_screen,libero_spatial_with_yellow_book,8,0,621067,uncertainty_penalty_action,0.5,0.088588,0.002,0.0,0.5,8.0,calibration,16,False,220,14,timeout_no_goal,False,False,14,0.1428571428571429,0.0,0.0,16.0,14.0,1.0
adaptive_screening_20260813/adaptive_screening_20260813__yellow_core__libero_spatial_with_yellow_book__task8__init0__uncertainty_penalty_action__l1p0,action_l1,yellow_task8_init0_adaptive_screen,libero_spatial_with_yellow_book,8,0,620000,uncertainty_penalty_action,1.0,0.088588,0.002,0.0,0.5,8.0,calibration,16,False,220,14,timeout_no_goal,False,False,14,0.4285714285714286,0.0,0.0,16.0,14.0,1.0
adaptive_screening_20260813/adaptive_screening_20260813__yellow_core__libero_spatial_with_yellow_book__task8__init0__uncertainty_penalty_action__l1p0,action_l1,yellow_task8_init0_adaptive_screen,libero_spatial_with_yellow_book,8,0,620097,uncertainty_penalty_action,1.0,0.088588,0.002,0.0,0.5,8.0,calibration,16,False,220,14,timeout_no_goal,False,False,14,0.2857142857142857,0.0,0.0,16.0,14.0,1.0
adaptive_screening_20260813/adaptive_screening_20260813__yellow_core__libero_spatial_with_yellow_book__task8__init0__uncertainty_penalty_action__l1p0,action_l1,yellow_task8_init0_adaptive_screen,libero_spatial_with_yellow_book,8,0,620194,uncertainty_penalty_action,1.0,0.088588,0.002,0.0,0.5,8.0,calibration,16,False,220,14,timeout_no_goal,False,False,14,0.6428571428571428,0.0,0.0,16.0,14.0,1.0
adaptive_screening_20260813/adaptive_screening_20260813__yellow_core__libero_spatial_with_yellow_book__task8__init0__uncertainty_penalty_action__l1p0,action_l1,yellow_task8_init0_adaptive_screen,libero_spatial_with_yellow_book,8,0,620291,uncertainty_penalty_action,1.0,0.088588,0.002,0.0,0.5,8.0,calibration,16,True,151,10,success,False,False,10,0.4,0.0,0.0,16.0,10.0,1.0
adaptive_screening_20260813/adaptive_screening_20260813__yellow_core__libero_spatial_with_yellow_book__task8__init0__uncertainty_penalty_action__l1p0,action_l1,yellow_task8_init0_adaptive_screen,libero_spatial_with_yellow_book,8,0,620388,uncertainty_penalty_action,1.0,0.088588,0.002,0.0,0.5,8.0,calibration,16,True,218,14,success,True,False,14,0.5,0.0,0.0,16.0,14.0,1.0
adaptive_screening_20260813/adaptive_screening_20260813__yellow_core__libero_spatial_with_yellow_book__task8__init0__uncertainty_penalty_action__l1p0,action_l1,yellow_task8_init0_adaptive_screen,libero_spatial_with_yellow_book,8,0,620485,uncertainty_penalty_action,1.0,0.088588,0.002,0.0,0.5,8.0,calibration,16,True,144,9,success,False,False,9,0.33333333333333337,0.0,0.0,16.0,9.0,1.0
adaptive_screening_20260813/adaptive_screening_20260813__yellow_core__libero_spatial_with_yellow_book__task8__init0__uncertainty_penalty_action__l1p0,action_l1,yellow_task8_init0_adaptive_screen,libero_spatial_with_yellow_book,8,0,620582,uncertainty_penalty_action,1.0,0.088588,0.002,0.0,0.5,8.0,calibration,16,False,220,14,timeout_no_goal,False,False,14,0.0714285714285714,0.0,0.0,16.0,14.0,1.0
adaptive_screening_20260813/adaptive_screening_20260813__yellow_core__libero_spatial_with_yellow_book__task8__init0__uncertainty_penalty_action__l1p0,action_l1,yellow_task8_init0_adaptive_screen,libero_spatial_with_yellow_book,8,0,620679,uncertainty_penalty_action,1.0,0.088588,0.002,0.0,0.5,8.0,calibration,16,True,144,9,success,False,False,9,0.2222222222222222,0.0,0.0,16.0,9.0,1.0
adaptive_screening_20260813/adaptive_screening_20260813__yellow_core__libero_spatial_with_yellow_book__task8__init0__uncertainty_penalty_action__l1p0,action_l1,yellow_task8_init0_adaptive_screen,libero_spatial_with_yellow_book,8,0,620776,uncertainty_penalty_action,1.0,0.088588,0.002,0.0,0.5,8.0,calibration,16,False,220,14,timeout_no_goal,False,False,14,0.2142857142857143,0.0,0.0,16.0,14.0,1.0
adaptive_screening_20260813/adaptive_screening_20260813__yellow_core__libero_spatial_with_yellow_book__task8__init0__uncertainty_penalty_action__l1p0,action_l1,yellow_task8_init0_adaptive_screen,libero_spatial_with_yellow_book,8,0,620873,uncertainty_penalty_action,1.0,0.088588,0.002,0.0,0.5,8.0,calibration,16,False,220,14,timeout_no_goal,False,False,14,0.5,0.0,0.0,16.0,14.0,1.0
adaptive_screening_20260813/adaptive_screening_20260813__yellow_core__libero_spatial_with_yellow_book__task8__init0__uncertainty_penalty_action__l1p0,action_l1,yellow_task8_init0_adaptive_screen,libero_spatial_with_yellow_book,8,0,620970,uncertainty_penalty_action,1.0,0.088588,0.002,0.0,0.5,8.0,calibration,16,True,150,10,success,False,False,10,0.5,0.0,0.0,16.0,10.0,1.0
adaptive_screening_20260813/adaptive_screening_20260813__yellow_core__libero_spatial_with_yellow_book__task8__init0__uncertainty_penalty_action__l1p0,action_l1,yellow_task8_init0_adaptive_screen,libero_spatial_with_yellow_book,8,0,621067,uncertainty_penalty_action,1.0,0.088588,0.002,0.0,0.5,8.0,calibration,16,False,220,14,timeout_no_goal,False,False,14,0.3571428571428571,0.0,0.0,16.0,14.0,1.0
adaptive_screening_20260813/adaptive_screening_20260813__yellow_core__libero_spatial_with_yellow_book__task8__init0__uncertainty_penalty_action__l2p0,action_l2,yellow_task8_init0_adaptive_screen,libero_spatial_with_yellow_book,8,0,620000,uncertainty_penalty_action,2.0,0.088588,0.002,0.0,0.5,8.0,calibration,16,False,220,14,timeout_no_goal,False,False,14,0.5,0.0,0.0,16.0,14.0,1.0
adaptive_screening_20260813/adaptive_screening_20260813__yellow_core__libero_spatial_with_yellow_book__task8__init0__uncertainty_penalty_action__l2p0,action_l2,yellow_task8_init0_adaptive_screen,libero_spatial_with_yellow_book,8,0,620097,uncertainty_penalty_action,2.0,0.088588,0.002,0.0,0.5,8.0,calibration,16,False,220,14,timeout_no_goal,False,False,14,0.3571428571428571,0.0,0.0,16.0,14.0,1.0
adaptive_screening_20260813/adaptive_screening_20260813__yellow_core__libero_spatial_with_yellow_book__task8__init0__uncertainty_penalty_action__l2p0,action_l2,yellow_task8_init0_adaptive_screen,libero_spatial_with_yellow_book,8,0,620194,uncertainty_penalty_action,2.0,0.088588,0.002,0.0,0.5,8.0,calibration,16,True,107,7,success,False,False,7,0.5714285714285714,0.0,0.0,16.0,7.0,1.0
adaptive_screening_20260813/adaptive_screening_20260813__yellow_core__libero_spatial_with_yellow_book__task8__init0__uncertainty_penalty_action__l2p0,action_l2,yellow_task8_init0_adaptive_screen,libero_spatial_with_yellow_book,8,0,620291,uncertainty_penalty_action,2.0,0.088588,0.002,0.0,0.5,8.0,calibration,16,False,220,14,timeout_no_goal,False,False,14,0.4285714285714286,0.0,0.0,16.0,14.0,1.0
adaptive_screening_20260813/adaptive_screening_20260813__yellow_core__libero_spatial_with_yellow_book__task8__init0__uncertainty_penalty_action__l2p0,action_l2,yellow_task8_init0_adaptive_screen,libero_spatial_with_yellow_book,8,0,620388,uncertainty_penalty_action,2.0,0.088588,0.002,0.0,0.5,8.0,calibration,16,False,220,14,target_drop_candidate,True,False,14,0.7142857142857143,0.0,0.0,16.0,14.0,1.0
adaptive_screening_20260813/adaptive_screening_20260813__yellow_core__libero_spatial_with_yellow_book__task8__init0__uncertainty_penalty_action__l2p0,action_l2,yellow_task8_init0_adaptive_screen,libero_spatial_with_yellow_book,8,0,620485,uncertainty_penalty_action,2.0,0.088588,0.002,0.0,0.5,8.0,calibration,16,False,220,14,timeout_no_goal,False,False,14,0.5,0.0,0.0,16.0,14.0,1.0
adaptive_screening_20260813/adaptive_screening_20260813__yellow_core__libero_spatial_with_yellow_book__task8__init0__uncertainty_penalty_action__l2p0,action_l2,yellow_task8_init0_adaptive_screen,libero_spatial_with_yellow_book,8,0,620582,uncertainty_penalty_action,2.0,0.088588,0.002,0.0,0.5,8.0,calibration,16,True,137,9,success,False,False,9,0.6666666666666667,0.0,0.0,16.0,9.0,1.0
adaptive_screening_20260813/adaptive_screening_20260813__yellow_core__libero_spatial_with_yellow_book__task8__init0__uncertainty_penalty_action__l2p0,action_l2,yellow_task8_init0_adaptive_screen,libero_spatial_with_yellow_book,8,0,620679,uncertainty_penalty_action,2.0,0.088588,0.002,0.0,0.5,8.0,calibration,16,True,105,7,success,False,False,7,0.7142857142857143,0.0,0.0,16.0,7.0,1.0
adaptive_screening_20260813/adaptive_screening_20260813__yellow_core__libero_spatial_with_yellow_book__task8__init0__uncertainty_penalty_action__l2p0,action_l2,yellow_task8_init0_adaptive_screen,libero_spatial_with_yellow_book,8,0,620776,uncertainty_penalty_action,2.0,0.088588,0.002,0.0,0.5,8.0,calibration,16,False,220,14,timeout_no_goal,False,False,14,0.2142857142857143,0.0,0.0,16.0,14.0,1.0
adaptive_screening_20260813/adaptive_screening_20260813__yellow_core__libero_spatial_with_yellow_book__task8__init0__uncertainty_penalty_action__l2p0,action_l2,yellow_task8_init0_adaptive_screen,libero_spatial_with_yellow_book,8,0,620873,uncertainty_penalty_action,2.0,0.088588,0.002,0.0,0.5,8.0,calibration,16,True,140,9,success,False,False,9,0.6666666666666667,0.0,0.0,16.0,9.0,1.0
adaptive_screening_20260813/adaptive_screening_20260813__yellow_core__libero_spatial_with_yellow_book__task8__init0__uncertainty_penalty_action__l2p0,action_l2,yellow_task8_init0_adaptive_screen,libero_spatial_with_yellow_book,8,0,620970,uncertainty_penalty_action,2.0,0.088588,0.002,0.0,0.5,8.0,calibration,16,True,142,9,success,False,False,9,0.6666666666666667,0.0,0.0,16.0,9.0,1.0
adaptive_screening_20260813/adaptive_screening_20260813__yellow_core__libero_spatial_with_yellow_book__task8__init0__uncertainty_penalty_action__l2p0,action_l2,yellow_task8_init0_adaptive_screen,libero_spatial_with_yellow_book,8,0,621067,uncertainty_penalty_action,2.0,0.088588,0.002,0.0,0.5,8.0,calibration,16,True,148,10,success,False,False,10,0.6,0.0,0.0,16.0,10.0,1.0
adaptive_screening_20260813/adaptive_screening_20260813__yellow_core__libero_spatial_with_yellow_book__task8__init0__uncertainty_penalty_action_replay__l1p0,action_l1_replay,yellow_task8_init0_adaptive_screen,libero_spatial_with_yellow_book,8,0,620000,uncertainty_penalty_action_replay,1.0,0.088588,0.002,0.0,0.5,8.0,calibration,16,False,220,14,timeout_no_goal,False,False,14,0.4285714285714286,0.0,0.0,16.0,14.0,1.0
adaptive_screening_20260813/adaptive_screening_20260813__yellow_core__libero_spatial_with_yellow_book__task8__init0__uncertainty_penalty_action_replay__l1p0,action_l1_replay,yellow_task8_init0_adaptive_screen,libero_spatial_with_yellow_book,8,0,620097,uncertainty_penalty_action_replay,1.0,0.088588,0.002,0.0,0.5,8.0,calibration,16,False,220,14,timeout_no_goal,False,False,14,0.2857142857142857,0.0,0.0,16.0,14.0,1.0
adaptive_screening_20260813/adaptive_screening_20260813__yellow_core__libero_spatial_with_yellow_book__task8__init0__uncertainty_penalty_action_replay__l1p0,action_l1_replay,yellow_task8_init0_adaptive_screen,libero_spatial_with_yellow_book,8,0,620194,uncertainty_penalty_action_replay,1.0,0.088588,0.002,0.0,0.5,8.0,calibration,16,False,220,14,timeout_no_goal,False,False,14,0.6428571428571428,0.0,0.0,16.0,14.0,1.0
adaptive_screening_20260813/adaptive_screening_20260813__yellow_core__libero_spatial_with_yellow_book__task8__init0__uncertainty_penalty_action_replay__l1p0,action_l1_replay,yellow_task8_init0_adaptive_screen,libero_spatial_with_yellow_book,8,0,620291,uncertainty_penalty_action_replay,1.0,0.088588,0.002,0.0,0.5,8.0,calibration,16,True,151,10,success,False,False,10,0.4,0.0,0.0,16.0,10.0,1.0
adaptive_screening_20260813/adaptive_screening_20260813__yellow_core__libero_spatial_with_yellow_book__task8__init0__uncertainty_penalty_action_replay__l1p0,action_l1_replay,yellow_task8_init0_adaptive_screen,libero_spatial_with_yellow_book,8,0,620388,uncertainty_penalty_action_replay,1.0,0.088588,0.002,0.0,0.5,8.0,calibration,16,True,218,14,success,True,False,14,0.5,0.0,0.0,16.0,14.0,1.0
adaptive_screening_20260813/adaptive_screening_20260813__yellow_core__libero_spatial_with_yellow_book__task8__init0__uncertainty_penalty_action_replay__l1p0,action_l1_replay,yellow_task8_init0_adaptive_screen,libero_spatial_with_yellow_book,8,0,620485,uncertainty_penalty_action_replay,1.0,0.088588,0.002,0.0,0.5,8.0,calibration,16,True,144,9,success,False,False,9,0.33333333333333337,0.0,0.0,16.0,9.0,1.0
adaptive_screening_20260813/adaptive_screening_20260813__yellow_core__libero_spatial_with_yellow_book__task8__init0__uncertainty_penalty_action_replay__l1p0,action_l1_replay,yellow_task8_init0_adaptive_screen,libero_spatial_with_yellow_book,8,0,620582,uncertainty_penalty_action_replay,1.0,0.088588,0.002,0.0,0.5,8.0,calibration,16,False,220,14,timeout_no_goal,False,False,14,0.0714285714285714,0.0,0.0,16.0,14.0,1.0
adaptive_screening_20260813/adaptive_screening_20260813__yellow_core__libero_spatial_with_yellow_book__task8__init0__uncertainty_penalty_action_replay__l1p0,action_l1_replay,yellow_task8_init0_adaptive_screen,libero_spatial_with_yellow_book,8,0,620679,uncertainty_penalty_action_replay,1.0,0.088588,0.002,0.0,0.5,8.0,calibration,16,True,144,9,success,False,False,9,0.2222222222222222,0.0,0.0,16.0,9.0,1.0
adaptive_screening_20260813/adaptive_screening_20260813__yellow_core__libero_spatial_with_yellow_book__task8__init0__uncertainty_penalty_action_replay__l1p0,action_l1_replay,yellow_task8_init0_adaptive_screen,libero_spatial_with_yellow_book,8,0,620776,uncertainty_penalty_action_replay,1.0,0.088588,0.002,0.0,0.5,8.0,calibration,16,False,220,14,timeout_no_goal,False,False,14,0.2142857142857143,0.0,0.0,16.0,14.0,1.0
adaptive_screening_20260813/adaptive_screening_20260813__yellow_core__libero_spatial_with_yellow_book__task8__init0__uncertainty_penalty_action_replay__l1p0,action_l1_replay,yellow_task8_init0_adaptive_screen,libero_spatial_with_yellow_book,8,0,620873,uncertainty_penalty_action_replay,1.0,0.088588,0.002,0.0,0.5,8.0,calibration,16,False,220,14,timeout_no_goal,False,False,14,0.5,0.0,0.0,16.0,14.0,1.0
adaptive_screening_20260813/adaptive_screening_20260813__yellow_core__libero_spatial_with_yellow_book__task8__init0__uncertainty_penalty_action_replay__l1p0,action_l1_replay,yellow_task8_init0_adaptive_screen,libero_spatial_with_yellow_book,8,0,620970,uncertainty_penalty_action_replay,1.0,0.088588,0.002,0.0,0.5,8.0,calibration,16,True,150,10,success,False,False,10,0.5,0.0,0.0,16.0,10.0,1.0
adaptive_screening_20260813/adaptive_screening_20260813__yellow_core__libero_spatial_with_yellow_book__task8__init0__uncertainty_penalty_action_replay__l1p0,action_l1_replay,yellow_task8_init0_adaptive_screen,libero_spatial_with_yellow_book,8,0,621067,uncertainty_penalty_action_replay,1.0,0.088588,0.002,0.0,0.5,8.0,calibration,16,False,220,14,timeout_no_goal,False,False,14,0.3571428571428571,0.0,0.0,16.0,14.0,1.0
adaptive_screening_20260813/adaptive_screening_20260813__yellow_hyperparameters__libero_spatial_with_yellow_book__task8__init0__consensus_action__l0p5,consensus_l0.5,yellow_task8_init0_adaptive_screen,libero_spatial_with_yellow_book,8,0,620000,consensus_action,0.5,0.088588,0.002,0.0,0.5,8.0,calibration,16,True,141,9,success,False,False,9,0.11111111111111116,0.0,0.0,16.0,9.0,1.0
adaptive_screening_20260813/adaptive_screening_20260813__yellow_hyperparameters__libero_spatial_with_yellow_book__task8__init0__consensus_action__l0p5,consensus_l0.5,yellow_task8_init0_adaptive_screen,libero_spatial_with_yellow_book,8,0,620097,consensus_action,0.5,0.088588,0.002,0.0,0.5,8.0,calibration,16,False,220,14,timeout_no_goal,False,False,14,0.3571428571428571,0.0,0.0,16.0,14.0,1.0
adaptive_screening_20260813/adaptive_screening_20260813__yellow_hyperparameters__libero_spatial_with_yellow_book__task8__init0__consensus_action__l0p5,consensus_l0.5,yellow_task8_init0_adaptive_screen,libero_spatial_with_yellow_book,8,0,620194,consensus_action,0.5,0.088588,0.002,0.0,0.5,8.0,calibration,16,False,220,14,timeout_no_goal,False,False,14,0.4285714285714286,0.0,0.0,16.0,14.0,1.0
adaptive_screening_20260813/adaptive_screening_20260813__yellow_hyperparameters__libero_spatial_with_yellow_book__task8__init0__consensus_action__l0p5,consensus_l0.5,yellow_task8_init0_adaptive_screen,libero_spatial_with_yellow_book,8,0,620291,consensus_action,0.5,0.088588,0.002,0.0,0.5,8.0,calibration,16,True,150,10,success,False,False,10,0.4,0.0,0.0,16.0,10.0,1.0
adaptive_screening_20260813/adaptive_screening_20260813__yellow_hyperparameters__libero_spatial_with_yellow_book__task8__init0__consensus_action__l0p5,consensus_l0.5,yellow_task8_init0_adaptive_screen,libero_spatial_with_yellow_book,8,0,620388,consensus_action,0.5,0.088588,0.002,0.0,0.5,8.0,calibration,16,False,220,14,timeout_no_goal,False,False,14,0.2857142857142857,0.0,0.0,16.0,14.0,1.0
adaptive_screening_20260813/adaptive_screening_20260813__yellow_hyperparameters__libero_spatial_with_yellow_book__task8__init0__consensus_action__l0p5,consensus_l0.5,yellow_task8_init0_adaptive_screen,libero_spatial_with_yellow_book,8,0,620485,consensus_action,0.5,0.088588,0.002,0.0,0.5,8.0,calibration,16,True,138,9,success,False,False,9,0.2222222222222222,0.0,0.0,16.0,9.0,1.0
adaptive_screening_20260813/adaptive_screening_20260813__yellow_hyperparameters__libero_spatial_with_yellow_book__task8__init0__consensus_action__l0p5,consensus_l0.5,yellow_task8_init0_adaptive_screen,libero_spatial_with_yellow_book,8,0,620582,consensus_action,0.5,0.088588,0.002,0.0,0.5,8.0,calibration,16,False,220,14,timeout_no_goal,False,False,14,0.2142857142857143,0.0,0.0,16.0,14.0,1.0
adaptive_screening_20260813/adaptive_screening_20260813__yellow_hyperparameters__libero_spatial_with_yellow_book__task8__init0__consensus_action__l0p5,consensus_l0.5,yellow_task8_init0_adaptive_screen,libero_spatial_with_yellow_book,8,0,620679,consensus_action,0.5,0.088588,0.002,0.0,0.5,8.0,calibration,16,True,144,9,success,False,False,9,0.0,0.0,0.0,16.0,9.0,1.0
adaptive_screening_20260813/adaptive_screening_20260813__yellow_hyperparameters__libero_spatial_with_yellow_book__task8__init0__consensus_action__l0p5,consensus_l0.5,yellow_task8_init0_adaptive_screen,libero_spatial_with_yellow_book,8,0,620776,consensus_action,0.5,0.088588,0.002,0.0,0.5,8.0,calibration,16,False,220,14,timeout_no_goal,False,False,14,0.2857142857142857,0.0,0.0,16.0,14.0,1.0
adaptive_screening_20260813/adaptive_screening_20260813__yellow_hyperparameters__libero_spatial_with_yellow_book__task8__init0__consensus_action__l0p5,consensus_l0.5,yellow_task8_init0_adaptive_screen,libero_spatial_with_yellow_book,8,0,620873,consensus_action,0.5,0.088588,0.002,0.0,0.5,8.0,calibration,16,False,220,14,timeout_no_goal,False,False,14,0.3571428571428571,0.0,0.0,16.0,14.0,1.0
adaptive_screening_20260813/adaptive_screening_20260813__yellow_hyperparameters__libero_spatial_with_yellow_book__task8__init0__consensus_action__l0p5,consensus_l0.5,yellow_task8_init0_adaptive_screen,libero_spatial_with_yellow_book,8,0,620970,consensus_action,0.5,0.088588,0.002,0.0,0.5,8.0,calibration,16,True,152,10,success,False,False,10,0.19999999999999996,0.0,0.0,16.0,10.0,1.0
adaptive_screening_20260813/adaptive_screening_20260813__yellow_hyperparameters__libero_spatial_with_yellow_book__task8__init0__consensus_action__l0p5,consensus_l0.5,yellow_task8_init0_adaptive_screen,libero_spatial_with_yellow_book,8,0,621067,consensus_action,0.5,0.088588,0.002,0.0,0.5,8.0,calibration,16,True,159,10,success,False,False,10,0.19999999999999996,0.0,0.0,16.0,10.0,1.0
adaptive_screening_20260813/adaptive_screening_20260813__yellow_hyperparameters__libero_spatial_with_yellow_book__task8__init0__consensus_action__l2p0,consensus_l2,yellow_task8_init0_adaptive_screen,libero_spatial_with_yellow_book,8,0,620000,consensus_action,2.0,0.088588,0.002,0.0,0.5,8.0,calibration,16,False,220,14,timeout_no_goal,False,False,14,0.4285714285714286,0.0,0.0,16.0,14.0,1.0
adaptive_screening_20260813/adaptive_screening_20260813__yellow_hyperparameters__libero_spatial_with_yellow_book__task8__init0__consensus_action__l2p0,consensus_l2,yellow_task8_init0_adaptive_screen,libero_spatial_with_yellow_book,8,0,620097,consensus_action,2.0,0.088588,0.002,0.0,0.5,8.0,calibration,16,False,220,14,timeout_no_goal,False,False,14,0.4285714285714286,0.0,0.0,16.0,14.0,1.0
adaptive_screening_20260813/adaptive_screening_20260813__yellow_hyperparameters__libero_spatial_with_yellow_book__task8__init0__consensus_action__l2p0,consensus_l2,yellow_task8_init0_adaptive_screen,libero_spatial_with_yellow_book,8,0,620194,consensus_action,2.0,0.088588,0.002,0.0,0.5,8.0,calibration,16,False,220,14,timeout_no_goal,False,False,14,0.6428571428571428,0.0,0.0,16.0,14.0,1.0
adaptive_screening_20260813/adaptive_screening_20260813__yellow_hyperparameters__libero_spatial_with_yellow_book__task8__init0__consensus_action__l2p0,consensus_l2,yellow_task8_init0_adaptive_screen,libero_spatial_with_yellow_book,8,0,620291,consensus_action,2.0,0.088588,0.002,0.0,0.5,8.0,calibration,16,False,220,14,timeout_no_goal,False,False,14,0.5,0.0,0.0,16.0,14.0,1.0
adaptive_screening_20260813/adaptive_screening_20260813__yellow_hyperparameters__libero_spatial_with_yellow_book__task8__init0__consensus_action__l2p0,consensus_l2,yellow_task8_init0_adaptive_screen,libero_spatial_with_yellow_book,8,0,620388,consensus_action,2.0,0.088588,0.002,0.0,0.5,8.0,calibration,16,False,220,14,timeout_no_goal,False,False,14,0.5,0.0,0.0,16.0,14.0,1.0
adaptive_screening_20260813/adaptive_screening_20260813__yellow_hyperparameters__libero_spatial_with_yellow_book__task8__init0__consensus_action__l2p0,consensus_l2,yellow_task8_init0_adaptive_screen,libero_spatial_with_yellow_book,8,0,620485,consensus_action,2.0,0.088588,0.002,0.0,0.5,8.0,calibration,16,True,144,9,success,False,False,9,0.8888888888888888,0.0,0.0,16.0,9.0,1.0
adaptive_screening_20260813/adaptive_screening_20260813__yellow_hyperparameters__libero_spatial_with_yellow_book__task8__init0__consensus_action__l2p0,consensus_l2,yellow_task8_init0_adaptive_screen,libero_spatial_with_yellow_book,8,0,620582,consensus_action,2.0,0.088588,0.002,0.0,0.5,8.0,calibration,16,False,220,14,timeout_no_goal,False,False,14,0.5714285714285714,0.0,0.0,16.0,14.0,1.0
adaptive_screening_20260813/adaptive_screening_20260813__yellow_hyperparameters__libero_spatial_with_yellow_book__task8__init0__consensus_action__l2p0,consensus_l2,yellow_task8_init0_adaptive_screen,libero_spatial_with_yellow_book,8,0,620679,consensus_action,2.0,0.088588,0.002,0.0,0.5,8.0,calibration,16,True,144,9,success,False,False,9,0.11111111111111116,0.0,0.0,16.0,9.0,1.0
adaptive_screening_20260813/adaptive_screening_20260813__yellow_hyperparameters__libero_spatial_with_yellow_book__task8__init0__consensus_action__l2p0,consensus_l2,yellow_task8_init0_adaptive_screen,libero_spatial_with_yellow_book,8,0,620776,consensus_action,2.0,0.088588,0.002,0.0,0.5,8.0,calibration,16,False,220,14,timeout_no_goal,False,False,14,0.5,0.0,0.0,16.0,14.0,1.0
adaptive_screening_20260813/adaptive_screening_20260813__yellow_hyperparameters__libero_spatial_with_yellow_book__task8__init0__consensus_action__l2p0,consensus_l2,yellow_task8_init0_adaptive_screen,libero_spatial_with_yellow_book,8,0,620873,consensus_action,2.0,0.088588,0.002,0.0,0.5,8.0,calibration,16,False,220,14,timeout_no_goal,False,False,14,0.3571428571428571,0.0,0.0,16.0,14.0,1.0
adaptive_screening_20260813/adaptive_screening_20260813__yellow_hyperparameters__libero_spatial_with_yellow_book__task8__init0__consensus_action__l2p0,consensus_l2,yellow_task8_init0_adaptive_screen,libero_spatial_with_yellow_book,8,0,620970,consensus_action,2.0,0.088588,0.002,0.0,0.5,8.0,calibration,16,True,208,13,success,False,False,13,0.6153846153846154,0.0,0.0,16.0,13.0,1.0
adaptive_screening_20260813/adaptive_screening_20260813__yellow_hyperparameters__libero_spatial_with_yellow_book__task8__init0__consensus_action__l2p0,consensus_l2,yellow_task8_init0_adaptive_screen,libero_spatial_with_yellow_book,8,0,621067,consensus_action,2.0,0.088588,0.002,0.0,0.5,8.0,calibration,16,True,142,9,success,False,False,9,0.7777777777777778,0.0,0.0,16.0,9.0,1.0
adaptive_screening_20260813/adaptive_screening_20260813__yellow_margin_low__libero_spatial_with_yellow_book__task8__init0__margin_gated_action__l1p0,margin_l1_v0.0005_u0,yellow_task8_init0_adaptive_screen,libero_spatial_with_yellow_book,8,0,620000,margin_gated_action,1.0,0.088588,0.0005,0.0,0.5,8.0,calibration,16,True,151,10,success,False,False,10,0.19999999999999996,0.2,0.0,16.0,10.0,1.0
adaptive_screening_20260813/adaptive_screening_20260813__yellow_margin_low__libero_spatial_with_yellow_book__task8__init0__margin_gated_action__l1p0,margin_l1_v0.0005_u0,yellow_task8_init0_adaptive_screen,libero_spatial_with_yellow_book,8,0,620097,margin_gated_action,1.0,0.088588,0.0005,0.0,0.5,8.0,calibration,16,False,220,14,timeout_no_goal,False,False,14,0.0,0.0,0.0,16.0,14.0,1.0
adaptive_screening_20260813/adaptive_screening_20260813__yellow_margin_low__libero_spatial_with_yellow_book__task8__init0__margin_gated_action__l1p0,margin_l1_v0.0005_u0,yellow_task8_init0_adaptive_screen,libero_spatial_with_yellow_book,8,0,620194,margin_gated_action,1.0,0.088588,0.0005,0.0,0.5,8.0,calibration,16,False,220,14,timeout_no_goal,False,False,14,0.0,0.0,0.0,16.0,14.0,1.0
adaptive_screening_20260813/adaptive_screening_20260813__yellow_margin_low__libero_spatial_with_yellow_book__task8__init0__margin_gated_action__l1p0,margin_l1_v0.0005_u0,yellow_task8_init0_adaptive_screen,libero_spatial_with_yellow_book,8,0,620291,margin_gated_action,1.0,0.088588,0.0005,0.0,0.5,8.0,calibration,16,False,220,14,timeout_no_goal,False,False,14,0.2142857142857143,0.21428571428571427,0.0,16.0,14.0,1.0
adaptive_screening_20260813/adaptive_screening_20260813__yellow_margin_low__libero_spatial_with_yellow_book__task8__init0__margin_gated_action__l1p0,margin_l1_v0.0005_u0,yellow_task8_init0_adaptive_screen,libero_spatial_with_yellow_book,8,0,620388,margin_gated_action,1.0,0.088588,0.0005,0.0,0.5,8.0,calibration,16,False,220,14,timeout_no_goal,False,False,14,0.0714285714285714,0.07142857142857142,0.0,16.0,14.0,1.0
adaptive_screening_20260813/adaptive_screening_20260813__yellow_margin_low__libero_spatial_with_yellow_book__task8__init0__margin_gated_action__l1p0,margin_l1_v0.0005_u0,yellow_task8_init0_adaptive_screen,libero_spatial_with_yellow_book,8,0,620485,margin_gated_action,1.0,0.088588,0.0005,0.0,0.5,8.0,calibration,16,True,102,7,success,False,False,7,0.2857142857142857,0.2857142857142857,0.0,16.0,7.0,1.0
adaptive_screening_20260813/adaptive_screening_20260813__yellow_margin_low__libero_spatial_with_yellow_book__task8__init0__margin_gated_action__l1p0,margin_l1_v0.0005_u0,yellow_task8_init0_adaptive_screen,libero_spatial_with_yellow_book,8,0,620582,margin_gated_action,1.0,0.088588,0.0005,0.0,0.5,8.0,calibration,16,False,220,14,timeout_no_goal,False,False,14,0.0,0.0,0.0,16.0,14.0,1.0
adaptive_screening_20260813/adaptive_screening_20260813__yellow_margin_low__libero_spatial_with_yellow_book__task8__init0__margin_gated_action__l1p0,margin_l1_v0.0005_u0,yellow_task8_init0_adaptive_screen,libero_spatial_with_yellow_book,8,0,620679,margin_gated_action,1.0,0.088588,0.0005,0.0,0.5,8.0,calibration,16,True,144,9,success,False,False,9,0.0,0.0,0.0,16.0,9.0,1.0
adaptive_screening_20260813/adaptive_screening_20260813__yellow_margin_low__libero_spatial_with_yellow_book__task8__init0__margin_gated_action__l1p0,margin_l1_v0.0005_u0,yellow_task8_init0_adaptive_screen,libero_spatial_with_yellow_book,8,0,620776,margin_gated_action,1.0,0.088588,0.0005,0.0,0.5,8.0,calibration,16,False,220,14,timeout_no_goal,False,False,14,0.0,0.0,0.0,16.0,14.0,1.0
adaptive_screening_20260813/adaptive_screening_20260813__yellow_margin_low__libero_spatial_with_yellow_book__task8__init0__margin_gated_action__l1p0,margin_l1_v0.0005_u0,yellow_task8_init0_adaptive_screen,libero_spatial_with_yellow_book,8,0,620873,margin_gated_action,1.0,0.088588,0.0005,0.0,0.5,8.0,calibration,16,False,220,14,timeout_no_goal,False,False,14,0.0714285714285714,0.07142857142857142,0.0,16.0,14.0,1.0
adaptive_screening_20260813/adaptive_screening_20260813__yellow_margin_low__libero_spatial_with_yellow_book__task8__init0__margin_gated_action__l1p0,margin_l1_v0.0005_u0,yellow_task8_init0_adaptive_screen,libero_spatial_with_yellow_book,8,0,620970,margin_gated_action,1.0,0.088588,0.0005,0.0,0.5,8.0,calibration,16,True,139,9,success,False,False,9,0.11111111111111116,0.1111111111111111,0.0,16.0,9.0,1.0
adaptive_screening_20260813/adaptive_screening_20260813__yellow_margin_low__libero_spatial_with_yellow_book__task8__init0__margin_gated_action__l1p0,margin_l1_v0.0005_u0,yellow_task8_init0_adaptive_screen,libero_spatial_with_yellow_book,8,0,621067,margin_gated_action,1.0,0.088588,0.0005,0.0,0.5,8.0,calibration,16,False,220,14,wrong_object_interaction_candidate,False,True,14,0.0,0.0,0.0,16.0,14.0,1.0
adaptive_screening_20260813/adaptive_screening_20260813__yellow_phase_03__libero_spatial_with_yellow_book__task8__init0__phase_gated_action__l1p0,phase_l1_r0.3,yellow_task8_init0_adaptive_screen,libero_spatial_with_yellow_book,8,0,620000,phase_gated_action,1.0,0.088588,0.002,0.0,0.3,8.0,calibration,16,True,151,10,success,False,False,10,0.19999999999999996,0.5,0.0,16.0,10.0,1.0
adaptive_screening_20260813/adaptive_screening_20260813__yellow_phase_03__libero_spatial_with_yellow_book__task8__init0__phase_gated_action__l1p0,phase_l1_r0.3,yellow_task8_init0_adaptive_screen,libero_spatial_with_yellow_book,8,0,620097,phase_gated_action,1.0,0.088588,0.002,0.0,0.3,8.0,calibration,16,False,220,14,timeout_no_goal,False,False,14,0.0714285714285714,0.35714285714285715,0.0,16.0,14.0,1.0
adaptive_screening_20260813/adaptive_screening_20260813__yellow_phase_03__libero_spatial_with_yellow_book__task8__init0__phase_gated_action__l1p0,phase_l1_r0.3,yellow_task8_init0_adaptive_screen,libero_spatial_with_yellow_book,8,0,620194,phase_gated_action,1.0,0.088588,0.002,0.0,0.3,8.0,calibration,16,False,220,14,timeout_no_goal,False,False,14,0.2857142857142857,0.35714285714285715,0.0,16.0,14.0,1.0
adaptive_screening_20260813/adaptive_screening_20260813__yellow_phase_03__libero_spatial_with_yellow_book__task8__init0__phase_gated_action__l1p0,phase_l1_r0.3,yellow_task8_init0_adaptive_screen,libero_spatial_with_yellow_book,8,0,620291,phase_gated_action,1.0,0.088588,0.002,0.0,0.3,8.0,calibration,16,True,156,10,success,False,False,10,0.19999999999999996,0.5,0.0,16.0,10.0,1.0
adaptive_screening_20260813/adaptive_screening_20260813__yellow_phase_03__libero_spatial_with_yellow_book__task8__init0__phase_gated_action__l1p0,phase_l1_r0.3,yellow_task8_init0_adaptive_screen,libero_spatial_with_yellow_book,8,0,620388,phase_gated_action,1.0,0.088588,0.002,0.0,0.3,8.0,calibration,16,False,220,14,target_drop_candidate,True,False,14,0.2857142857142857,0.35714285714285715,0.0,16.0,14.0,1.0
adaptive_screening_20260813/adaptive_screening_20260813__yellow_phase_03__libero_spatial_with_yellow_book__task8__init0__phase_gated_action__l1p0,phase_l1_r0.3,yellow_task8_init0_adaptive_screen,libero_spatial_with_yellow_book,8,0,620485,phase_gated_action,1.0,0.088588,0.002,0.0,0.3,8.0,calibration,16,False,220,14,timeout_no_goal,False,False,14,0.2142857142857143,0.35714285714285715,0.0,16.0,14.0,1.0
adaptive_screening_20260813/adaptive_screening_20260813__yellow_phase_03__libero_spatial_with_yellow_book__task8__init0__phase_gated_action__l1p0,phase_l1_r0.3,yellow_task8_init0_adaptive_screen,libero_spatial_with_yellow_book,8,0,620582,phase_gated_action,1.0,0.088588,0.002,0.0,0.3,8.0,calibration,16,True,139,9,success,False,False,9,0.33333333333333337,0.5555555555555556,0.0,16.0,9.0,1.0
adaptive_screening_20260813/adaptive_screening_20260813__yellow_phase_03__libero_spatial_with_yellow_book__task8__init0__phase_gated_action__l1p0,phase_l1_r0.3,yellow_task8_init0_adaptive_screen,libero_spatial_with_yellow_book,8,0,620679,phase_gated_action,1.0,0.088588,0.002,0.0,0.3,8.0,calibration,16,True,144,9,success,False,False,9,0.11111111111111116,0.5555555555555556,0.0,16.0,9.0,1.0
adaptive_screening_20260813/adaptive_screening_20260813__yellow_phase_03__libero_spatial_with_yellow_book__task8__init0__phase_gated_action__l1p0,phase_l1_r0.3,yellow_task8_init0_adaptive_screen,libero_spatial_with_yellow_book,8,0,620776,phase_gated_action,1.0,0.088588,0.002,0.0,0.3,8.0,calibration,16,False,220,14,timeout_no_goal,False,False,14,0.0,0.35714285714285715,0.0,16.0,14.0,1.0
adaptive_screening_20260813/adaptive_screening_20260813__yellow_phase_03__libero_spatial_with_yellow_book__task8__init0__phase_gated_action__l1p0,phase_l1_r0.3,yellow_task8_init0_adaptive_screen,libero_spatial_with_yellow_book,8,0,620873,phase_gated_action,1.0,0.088588,0.002,0.0,0.3,8.0,calibration,16,True,139,9,success,False,False,9,0.33333333333333337,0.5555555555555556,0.0,16.0,9.0,1.0
adaptive_screening_20260813/adaptive_screening_20260813__yellow_phase_03__libero_spatial_with_yellow_book__task8__init0__phase_gated_action__l1p0,phase_l1_r0.3,yellow_task8_init0_adaptive_screen,libero_spatial_with_yellow_book,8,0,620970,phase_gated_action,1.0,0.088588,0.002,0.0,0.3,8.0,calibration,16,True,147,10,success,False,False,10,0.30000000000000004,0.5,0.0,16.0,10.0,1.0
adaptive_screening_20260813/adaptive_screening_20260813__yellow_phase_03__libero_spatial_with_yellow_book__task8__init0__phase_gated_action__l1p0,phase_l1_r0.3,yellow_task8_init0_adaptive_screen,libero_spatial_with_yellow_book,8,0,621067,phase_gated_action,1.0,0.088588,0.002,0.0,0.3,8.0,calibration,16,True,151,10,success,False,False,10,0.30000000000000004,0.5,0.0,16.0,10.0,1.0
adaptive_screening_20260813/adaptive_screening_20260813__yellow_requery_12__libero_spatial_with_yellow_book__task8__init0__difficulty_gated_requery_action__l1p0,difficulty_requery_l1_t0.088588_h12,yellow_task8_init0_adaptive_screen,libero_spatial_with_yellow_book,8,0,620000,difficulty_gated_requery_action,1.0,0.088588,0.002,0.0,0.5,12.0,calibration,16,True,139,10,success,False,False,10,0.5,1.0,0.5,14.0,9.0,1.1111111111111112
adaptive_screening_20260813/adaptive_screening_20260813__yellow_requery_12__libero_spatial_with_yellow_book__task8__init0__difficulty_gated_requery_action__l1p0,difficulty_requery_l1_t0.088588_h12,yellow_task8_init0_adaptive_screen,libero_spatial_with_yellow_book,8,0,620097,difficulty_gated_requery_action,1.0,0.088588,0.002,0.0,0.5,12.0,calibration,16,True,141,10,success,False,False,10,0.19999999999999996,1.0,0.2,15.2,9.0,1.1111111111111112
adaptive_screening_20260813/adaptive_screening_20260813__yellow_requery_12__libero_spatial_with_yellow_book__task8__init0__difficulty_gated_requery_action__l1p0,difficulty_requery_l1_t0.088588_h12,yellow_task8_init0_adaptive_screen,libero_spatial_with_yellow_book,8,0,620194,difficulty_gated_requery_action,1.0,0.088588,0.002,0.0,0.5,12.0,calibration,16,False,220,16,timeout_no_goal,False,False,16,0.5,1.0,0.5,14.0,14.0,1.1428571428571428
adaptive_screening_20260813/adaptive_screening_20260813__yellow_requery_12__libero_spatial_with_yellow_book__task8__init0__difficulty_gated_requery_action__l1p0,difficulty_requery_l1_t0.088588_h12,yellow_task8_init0_adaptive_screen,libero_spatial_with_yellow_book,8,0,620291,difficulty_gated_requery_action,1.0,0.088588,0.002,0.0,0.5,12.0,calibration,16,True,143,10,success,False,False,10,0.4,1.0,0.4,14.4,9.0,1.1111111111111112
adaptive_screening_20260813/adaptive_screening_20260813__yellow_requery_12__libero_spatial_with_yellow_book__task8__init0__difficulty_gated_requery_action__l1p0,difficulty_requery_l1_t0.088588_h12,yellow_task8_init0_adaptive_screen,libero_spatial_with_yellow_book,8,0,620388,difficulty_gated_requery_action,1.0,0.088588,0.002,0.0,0.5,12.0,calibration,16,False,220,16,timeout_no_goal,False,False,16,0.5625,1.0,0.5625,13.75,14.0,1.1428571428571428
adaptive_screening_20260813/adaptive_screening_20260813__yellow_requery_12__libero_spatial_with_yellow_book__task8__init0__difficulty_gated_requery_action__l1p0,difficulty_requery_l1_t0.088588_h12,yellow_task8_init0_adaptive_screen,libero_spatial_with_yellow_book,8,0,620485,difficulty_gated_requery_action,1.0,0.088588,0.002,0.0,0.5,12.0,calibration,16,True,114,8,success,False,False,8,0.375,1.0,0.375,14.5,8.0,1.0
adaptive_screening_20260813/adaptive_screening_20260813__yellow_requery_12__libero_spatial_with_yellow_book__task8__init0__difficulty_gated_requery_action__l1p0,difficulty_requery_l1_t0.088588_h12,yellow_task8_init0_adaptive_screen,libero_spatial_with_yellow_book,8,0,620582,difficulty_gated_requery_action,1.0,0.088588,0.002,0.0,0.5,12.0,calibration,16,False,220,15,timeout_no_goal,False,False,15,0.33333333333333337,1.0,0.3333333333333333,14.666666666666666,14.0,1.0714285714285714
adaptive_screening_20260813/adaptive_screening_20260813__yellow_requery_12__libero_spatial_with_yellow_book__task8__init0__difficulty_gated_requery_action__l1p0,difficulty_requery_l1_t0.088588_h12,yellow_task8_init0_adaptive_screen,libero_spatial_with_yellow_book,8,0,620679,difficulty_gated_requery_action,1.0,0.088588,0.002,0.0,0.5,12.0,calibration,16,True,108,8,success,False,False,8,0.375,1.0,0.375,14.5,7.0,1.1428571428571428
adaptive_screening_20260813/adaptive_screening_20260813__yellow_requery_12__libero_spatial_with_yellow_book__task8__init0__difficulty_gated_requery_action__l1p0,difficulty_requery_l1_t0.088588_h12,yellow_task8_init0_adaptive_screen,libero_spatial_with_yellow_book,8,0,620776,difficulty_gated_requery_action,1.0,0.088588,0.002,0.0,0.5,12.0,calibration,16,False,220,15,timeout_no_goal,False,False,15,0.2666666666666667,1.0,0.26666666666666666,14.933333333333334,14.0,1.0714285714285714
adaptive_screening_20260813/adaptive_screening_20260813__yellow_requery_12__libero_spatial_with_yellow_book__task8__init0__difficulty_gated_requery_action__l1p0,difficulty_requery_l1_t0.088588_h12,yellow_task8_init0_adaptive_screen,libero_spatial_with_yellow_book,8,0,620873,difficulty_gated_requery_action,1.0,0.088588,0.002,0.0,0.5,12.0,calibration,16,True,110,8,success,False,False,8,0.25,1.0,0.25,15.0,7.0,1.1428571428571428
adaptive_screening_20260813/adaptive_screening_20260813__yellow_requery_12__libero_spatial_with_yellow_book__task8__init0__difficulty_gated_requery_action__l1p0,difficulty_requery_l1_t0.088588_h12,yellow_task8_init0_adaptive_screen,libero_spatial_with_yellow_book,8,0,620970,difficulty_gated_requery_action,1.0,0.088588,0.002,0.0,0.5,12.0,calibration,16,False,220,16,target_drop_candidate,True,False,16,0.5,1.0,0.5,14.0,14.0,1.1428571428571428
adaptive_screening_20260813/adaptive_screening_20260813__yellow_requery_12__libero_spatial_with_yellow_book__task8__init0__difficulty_gated_requery_action__l1p0,difficulty_requery_l1_t0.088588_h12,yellow_task8_init0_adaptive_screen,libero_spatial_with_yellow_book,8,0,621067,difficulty_gated_requery_action,1.0,0.088588,0.002,0.0,0.5,12.0,calibration,16,True,112,8,success,False,False,8,0.375,1.0,0.375,14.5,7.0,1.1428571428571428
adaptive_screening_20260813/adaptive_screening_20260813__yellow_requery_12__libero_spatial_with_yellow_book__task8__init0__disagreement_requery_action__l1p0,requery_l1_h12,yellow_task8_init0_adaptive_screen,libero_spatial_with_yellow_book,8,0,620000,disagreement_requery_action,1.0,0.088588,0.002,0.0,0.5,12.0,calibration,16,False,220,15,timeout_no_goal,False,False,15,0.33333333333333337,0.0,0.3333333333333333,14.666666666666666,14.0,1.0714285714285714
adaptive_screening_20260813/adaptive_screening_20260813__yellow_requery_12__libero_spatial_with_yellow_book__task8__init0__disagreement_requery_action__l1p0,requery_l1_h12,yellow_task8_init0_adaptive_screen,libero_spatial_with_yellow_book,8,0,620097,disagreement_requery_action,1.0,0.088588,0.002,0.0,0.5,12.0,calibration,16,False,220,15,timeout_no_goal,False,False,15,0.2666666666666667,0.0,0.26666666666666666,14.933333333333334,14.0,1.0714285714285714
adaptive_screening_20260813/adaptive_screening_20260813__yellow_requery_12__libero_spatial_with_yellow_book__task8__init0__disagreement_requery_action__l1p0,requery_l1_h12,yellow_task8_init0_adaptive_screen,libero_spatial_with_yellow_book,8,0,620194,disagreement_requery_action,1.0,0.088588,0.002,0.0,0.5,12.0,calibration,16,False,220,16,timeout_no_goal,False,False,16,0.5,0.0,0.5,14.0,14.0,1.1428571428571428
adaptive_screening_20260813/adaptive_screening_20260813__yellow_requery_12__libero_spatial_with_yellow_book__task8__init0__disagreement_requery_action__l1p0,requery_l1_h12,yellow_task8_init0_adaptive_screen,libero_spatial_with_yellow_book,8,0,620291,disagreement_requery_action,1.0,0.088588,0.002,0.0,0.5,12.0,calibration,16,True,122,9,success,False,False,9,0.5555555555555556,0.0,0.5555555555555556,13.777777777777779,8.0,1.125
adaptive_screening_20260813/adaptive_screening_20260813__yellow_requery_12__libero_spatial_with_yellow_book__task8__init0__disagreement_requery_action__l1p0,requery_l1_h12,yellow_task8_init0_adaptive_screen,libero_spatial_with_yellow_book,8,0,620388,disagreement_requery_action,1.0,0.088588,0.002,0.0,0.5,12.0,calibration,16,False,220,16,timeout_no_goal,False,False,16,0.5,0.0,0.5,14.0,14.0,1.1428571428571428
adaptive_screening_20260813/adaptive_screening_20260813__yellow_requery_12__libero_spatial_with_yellow_book__task8__init0__disagreement_requery_action__l1p0,requery_l1_h12,yellow_task8_init0_adaptive_screen,libero_spatial_with_yellow_book,8,0,620485,disagreement_requery_action,1.0,0.088588,0.002,0.0,0.5,12.0,calibration,16,False,220,16,target_drop_candidate,True,False,16,0.5625,0.0,0.5625,13.75,14.0,1.1428571428571428
adaptive_screening_20260813/adaptive_screening_20260813__yellow_requery_12__libero_spatial_with_yellow_book__task8__init0__disagreement_requery_action__l1p0,requery_l1_h12,yellow_task8_init0_adaptive_screen,libero_spatial_with_yellow_book,8,0,620582,disagreement_requery_action,1.0,0.088588,0.002,0.0,0.5,12.0,calibration,16,False,220,15,timeout_no_goal,False,False,15,0.19999999999999996,0.0,0.2,15.2,14.0,1.0714285714285714
adaptive_screening_20260813/adaptive_screening_20260813__yellow_requery_12__libero_spatial_with_yellow_book__task8__init0__disagreement_requery_action__l1p0,requery_l1_h12,yellow_task8_init0_adaptive_screen,libero_spatial_with_yellow_book,8,0,620679,disagreement_requery_action,1.0,0.088588,0.002,0.0,0.5,12.0,calibration,16,True,144,10,success,False,False,10,0.4,0.0,0.4,14.4,9.0,1.1111111111111112
adaptive_screening_20260813/adaptive_screening_20260813__yellow_requery_12__libero_spatial_with_yellow_book__task8__init0__disagreement_requery_action__l1p0,requery_l1_h12,yellow_task8_init0_adaptive_screen,libero_spatial_with_yellow_book,8,0,620776,disagreement_requery_action,1.0,0.088588,0.002,0.0,0.5,12.0,calibration,16,False,220,15,timeout_no_goal,False,False,15,0.19999999999999996,0.0,0.2,15.2,14.0,1.0714285714285714
adaptive_screening_20260813/adaptive_screening_20260813__yellow_requery_12__libero_spatial_with_yellow_book__task8__init0__disagreement_requery_action__l1p0,requery_l1_h12,yellow_task8_init0_adaptive_screen,libero_spatial_with_yellow_book,8,0,620873,disagreement_requery_action,1.0,0.088588,0.002,0.0,0.5,12.0,calibration,16,True,103,7,success,False,False,7,0.2857142857142857,0.0,0.2857142857142857,14.857142857142858,7.0,1.0
adaptive_screening_20260813/adaptive_screening_20260813__yellow_requery_12__libero_spatial_with_yellow_book__task8__init0__disagreement_requery_action__l1p0,requery_l1_h12,yellow_task8_init0_adaptive_screen,libero_spatial_with_yellow_book,8,0,620970,disagreement_requery_action,1.0,0.088588,0.002,0.0,0.5,12.0,calibration,16,True,208,15,success,True,False,15,0.4666666666666667,0.0,0.4666666666666667,14.133333333333333,13.0,1.1538461538461537
adaptive_screening_20260813/adaptive_screening_20260813__yellow_requery_12__libero_spatial_with_yellow_book__task8__init0__disagreement_requery_action__l1p0,requery_l1_h12,yellow_task8_init0_adaptive_screen,libero_spatial_with_yellow_book,8,0,621067,disagreement_requery_action,1.0,0.088588,0.002,0.0,0.5,12.0,calibration,16,True,113,9,success,False,False,9,0.5555555555555556,0.0,0.5555555555555556,13.777777777777779,8.0,1.125
adaptive_screening_20260813/adaptive_screening_20260813__yellow_requery_4__libero_spatial_with_yellow_book__task8__init0__difficulty_gated_requery_action__l1p0,difficulty_requery_l1_t0.088588_h4,yellow_task8_init0_adaptive_screen,libero_spatial_with_yellow_book,8,0,620000,difficulty_gated_requery_action,1.0,0.088588,0.002,0.0,0.5,4.0,calibration,16,False,220,20,timeout_no_goal,False,False,20,0.4,1.0,0.4,11.2,14.0,1.4285714285714286
adaptive_screening_20260813/adaptive_screening_20260813__yellow_requery_4__libero_spatial_with_yellow_book__task8__init0__difficulty_gated_requery_action__l1p0,difficulty_requery_l1_t0.088588_h4,yellow_task8_init0_adaptive_screen,libero_spatial_with_yellow_book,8,0,620097,difficulty_gated_requery_action,1.0,0.088588,0.002,0.0,0.5,4.0,calibration,16,False,220,17,timeout_no_goal,False,False,17,0.23529411764705888,1.0,0.23529411764705882,13.176470588235293,14.0,1.2142857142857142
adaptive_screening_20260813/adaptive_screening_20260813__yellow_requery_4__libero_spatial_with_yellow_book__task8__init0__difficulty_gated_requery_action__l1p0,difficulty_requery_l1_t0.088588_h4,yellow_task8_init0_adaptive_screen,libero_spatial_with_yellow_book,8,0,620194,difficulty_gated_requery_action,1.0,0.088588,0.002,0.0,0.5,4.0,calibration,16,False,220,17,timeout_no_goal,False,False,17,0.23529411764705888,1.0,0.23529411764705882,13.176470588235293,14.0,1.2142857142857142
adaptive_screening_20260813/adaptive_screening_20260813__yellow_requery_4__libero_spatial_with_yellow_book__task8__init0__difficulty_gated_requery_action__l1p0,difficulty_requery_l1_t0.088588_h4,yellow_task8_init0_adaptive_screen,libero_spatial_with_yellow_book,8,0,620291,difficulty_gated_requery_action,1.0,0.088588,0.002,0.0,0.5,4.0,calibration,16,False,220,19,timeout_no_goal,False,False,19,0.3157894736842105,1.0,0.3157894736842105,12.210526315789474,14.0,1.3571428571428572
adaptive_screening_20260813/adaptive_screening_20260813__yellow_requery_4__libero_spatial_with_yellow_book__task8__init0__difficulty_gated_requery_action__l1p0,difficulty_requery_l1_t0.088588_h4,yellow_task8_init0_adaptive_screen,libero_spatial_with_yellow_book,8,0,620388,difficulty_gated_requery_action,1.0,0.088588,0.002,0.0,0.5,4.0,calibration,16,False,220,22,timeout_no_goal,False,False,22,0.4545454545454546,1.0,0.45454545454545453,10.545454545454545,14.0,1.5714285714285714
adaptive_screening_20260813/adaptive_screening_20260813__yellow_requery_4__libero_spatial_with_yellow_book__task8__init0__difficulty_gated_requery_action__l1p0,difficulty_requery_l1_t0.088588_h4,yellow_task8_init0_adaptive_screen,libero_spatial_with_yellow_book,8,0,620485,difficulty_gated_requery_action,1.0,0.088588,0.002,0.0,0.5,4.0,calibration,16,True,106,13,success,False,False,13,0.6153846153846154,1.0,0.6153846153846154,8.615384615384615,7.0,1.8571428571428572
adaptive_screening_20260813/adaptive_screening_20260813__yellow_requery_4__libero_spatial_with_yellow_book__task8__init0__difficulty_gated_requery_action__l1p0,difficulty_requery_l1_t0.088588_h4,yellow_task8_init0_adaptive_screen,libero_spatial_with_yellow_book,8,0,620582,difficulty_gated_requery_action,1.0,0.088588,0.002,0.0,0.5,4.0,calibration,16,False,220,16,timeout_no_goal,False,False,16,0.1875,1.0,0.1875,13.75,14.0,1.1428571428571428
adaptive_screening_20260813/adaptive_screening_20260813__yellow_requery_4__libero_spatial_with_yellow_book__task8__init0__difficulty_gated_requery_action__l1p0,difficulty_requery_l1_t0.088588_h4,yellow_task8_init0_adaptive_screen,libero_spatial_with_yellow_book,8,0,620679,difficulty_gated_requery_action,1.0,0.088588,0.002,0.0,0.5,4.0,calibration,16,True,146,17,success,False,False,17,0.5882352941176471,1.0,0.5882352941176471,8.941176470588236,10.0,1.7
adaptive_screening_20260813/adaptive_screening_20260813__yellow_requery_4__libero_spatial_with_yellow_book__task8__init0__difficulty_gated_requery_action__l1p0,difficulty_requery_l1_t0.088588_h4,yellow_task8_init0_adaptive_screen,libero_spatial_with_yellow_book,8,0,620776,difficulty_gated_requery_action,1.0,0.088588,0.002,0.0,0.5,4.0,calibration,16,False,220,17,timeout_no_goal,False,False,17,0.23529411764705888,1.0,0.23529411764705882,13.176470588235293,14.0,1.2142857142857142
adaptive_screening_20260813/adaptive_screening_20260813__yellow_requery_4__libero_spatial_with_yellow_book__task8__init0__difficulty_gated_requery_action__l1p0,difficulty_requery_l1_t0.088588_h4,yellow_task8_init0_adaptive_screen,libero_spatial_with_yellow_book,8,0,620873,difficulty_gated_requery_action,1.0,0.088588,0.002,0.0,0.5,4.0,calibration,16,False,220,22,timeout_no_goal,False,False,22,0.4545454545454546,1.0,0.45454545454545453,10.545454545454545,14.0,1.5714285714285714
adaptive_screening_20260813/adaptive_screening_20260813__yellow_requery_4__libero_spatial_with_yellow_book__task8__init0__difficulty_gated_requery_action__l1p0,difficulty_requery_l1_t0.088588_h4,yellow_task8_init0_adaptive_screen,libero_spatial_with_yellow_book,8,0,620970,difficulty_gated_requery_action,1.0,0.088588,0.002,0.0,0.5,4.0,calibration,16,True,103,11,success,False,False,11,0.5454545454545454,1.0,0.5454545454545454,9.454545454545455,7.0,1.5714285714285714
adaptive_screening_20260813/adaptive_screening_20260813__yellow_requery_4__libero_spatial_with_yellow_book__task8__init0__difficulty_gated_requery_action__l1p0,difficulty_requery_l1_t0.088588_h4,yellow_task8_init0_adaptive_screen,libero_spatial_with_yellow_book,8,0,621067,difficulty_gated_requery_action,1.0,0.088588,0.002,0.0,0.5,4.0,calibration,16,False,220,23,timeout_no_goal,False,False,23,0.5217391304347826,1.0,0.5217391304347826,9.73913043478261,14.0,1.6428571428571428
adaptive_screening_20260813/adaptive_screening_20260813__yellow_requery_4__libero_spatial_with_yellow_book__task8__init0__disagreement_requery_action__l1p0,requery_l1_h4,yellow_task8_init0_adaptive_screen,libero_spatial_with_yellow_book,8,0,620000,disagreement_requery_action,1.0,0.088588,0.002,0.0,0.5,4.0,calibration,16,False,220,20,timeout_no_goal,False,False,20,0.4,0.0,0.4,11.2,14.0,1.4285714285714286
adaptive_screening_20260813/adaptive_screening_20260813__yellow_requery_4__libero_spatial_with_yellow_book__task8__init0__disagreement_requery_action__l1p0,requery_l1_h4,yellow_task8_init0_adaptive_screen,libero_spatial_with_yellow_book,8,0,620097,disagreement_requery_action,1.0,0.088588,0.002,0.0,0.5,4.0,calibration,16,False,220,17,timeout_no_goal,False,False,17,0.23529411764705888,0.0,0.23529411764705882,13.176470588235293,14.0,1.2142857142857142
adaptive_screening_20260813/adaptive_screening_20260813__yellow_requery_4__libero_spatial_with_yellow_book__task8__init0__disagreement_requery_action__l1p0,requery_l1_h4,yellow_task8_init0_adaptive_screen,libero_spatial_with_yellow_book,8,0,620194,disagreement_requery_action,1.0,0.088588,0.002,0.0,0.5,4.0,calibration,16,False,220,17,timeout_no_goal,False,False,17,0.23529411764705888,0.0,0.23529411764705882,13.176470588235293,14.0,1.2142857142857142
adaptive_screening_20260813/adaptive_screening_20260813__yellow_requery_4__libero_spatial_with_yellow_book__task8__init0__disagreement_requery_action__l1p0,requery_l1_h4,yellow_task8_init0_adaptive_screen,libero_spatial_with_yellow_book,8,0,620291,disagreement_requery_action,1.0,0.088588,0.002,0.0,0.5,4.0,calibration,16,False,220,19,timeout_no_goal,False,False,19,0.3157894736842105,0.0,0.3157894736842105,12.210526315789474,14.0,1.3571428571428572
adaptive_screening_20260813/adaptive_screening_20260813__yellow_requery_4__libero_spatial_with_yellow_book__task8__init0__disagreement_requery_action__l1p0,requery_l1_h4,yellow_task8_init0_adaptive_screen,libero_spatial_with_yellow_book,8,0,620388,disagreement_requery_action,1.0,0.088588,0.002,0.0,0.5,4.0,calibration,16,False,220,22,timeout_no_goal,False,False,22,0.4545454545454546,0.0,0.45454545454545453,10.545454545454545,14.0,1.5714285714285714
adaptive_screening_20260813/adaptive_screening_20260813__yellow_requery_4__libero_spatial_with_yellow_book__task8__init0__disagreement_requery_action__l1p0,requery_l1_h4,yellow_task8_init0_adaptive_screen,libero_spatial_with_yellow_book,8,0,620485,disagreement_requery_action,1.0,0.088588,0.002,0.0,0.5,4.0,calibration,16,True,106,13,success,False,False,13,0.6153846153846154,0.0,0.6153846153846154,8.615384615384615,7.0,1.8571428571428572
adaptive_screening_20260813/adaptive_screening_20260813__yellow_requery_4__libero_spatial_with_yellow_book__task8__init0__disagreement_requery_action__l1p0,requery_l1_h4,yellow_task8_init0_adaptive_screen,libero_spatial_with_yellow_book,8,0,620582,disagreement_requery_action,1.0,0.088588,0.002,0.0,0.5,4.0,calibration,16,False,220,16,timeout_no_goal,False,False,16,0.1875,0.0,0.1875,13.75,14.0,1.1428571428571428
adaptive_screening_20260813/adaptive_screening_20260813__yellow_requery_4__libero_spatial_with_yellow_book__task8__init0__disagreement_requery_action__l1p0,requery_l1_h4,yellow_task8_init0_adaptive_screen,libero_spatial_with_yellow_book,8,0,620679,disagreement_requery_action,1.0,0.088588,0.002,0.0,0.5,4.0,calibration,16,True,146,17,success,False,False,17,0.5882352941176471,0.0,0.5882352941176471,8.941176470588236,10.0,1.7
adaptive_screening_20260813/adaptive_screening_20260813__yellow_requery_4__libero_spatial_with_yellow_book__task8__init0__disagreement_requery_action__l1p0,requery_l1_h4,yellow_task8_init0_adaptive_screen,libero_spatial_with_yellow_book,8,0,620776,disagreement_requery_action,1.0,0.088588,0.002,0.0,0.5,4.0,calibration,16,False,220,17,timeout_no_goal,False,False,17,0.23529411764705888,0.0,0.23529411764705882,13.176470588235293,14.0,1.2142857142857142
adaptive_screening_20260813/adaptive_screening_20260813__yellow_requery_4__libero_spatial_with_yellow_book__task8__init0__disagreement_requery_action__l1p0,requery_l1_h4,yellow_task8_init0_adaptive_screen,libero_spatial_with_yellow_book,8,0,620873,disagreement_requery_action,1.0,0.088588,0.002,0.0,0.5,4.0,calibration,16,False,220,22,timeout_no_goal,False,False,22,0.4545454545454546,0.0,0.45454545454545453,10.545454545454545,14.0,1.5714285714285714
adaptive_screening_20260813/adaptive_screening_20260813__yellow_requery_4__libero_spatial_with_yellow_book__task8__init0__disagreement_requery_action__l1p0,requery_l1_h4,yellow_task8_init0_adaptive_screen,libero_spatial_with_yellow_book,8,0,620970,disagreement_requery_action,1.0,0.088588,0.002,0.0,0.5,4.0,calibration,16,True,103,11,success,False,False,11,0.5454545454545454,0.0,0.5454545454545454,9.454545454545455,7.0,1.5714285714285714
adaptive_screening_20260813/adaptive_screening_20260813__yellow_requery_4__libero_spatial_with_yellow_book__task8__init0__disagreement_requery_action__l1p0,requery_l1_h4,yellow_task8_init0_adaptive_screen,libero_spatial_with_yellow_book,8,0,621067,disagreement_requery_action,1.0,0.088588,0.002,0.0,0.5,4.0,calibration,16,False,220,23,timeout_no_goal,False,False,23,0.5217391304347826,0.0,0.5217391304347826,9.73913043478261,14.0,1.6428571428571428
