suite,task_id,episode_id,pair_id,rollout_id,rollout_seed,init_state_id,base_seed,query_idx,t,task_description,task_level,task_level_id,intervention_mode,intervention_start_t,intervention_end_t,intervention_start_query,intervention_end_query,num_samples,action_std_mean,action_std_max,action_first_step_l2_std,action_xyz_std_mean,action_rot_std_mean,action_gripper_std_mean,action_pairwise_l2_mean,value_mean,value_std,value_range,future_proprio_std_mean,future_proprio_std_max,future_image_pixel_std_mean,future_image_pixel_std_p95,future_image_pixel_std_max,future_wrist_pixel_std_mean,future_wrist_pixel_std_p95,future_wrist_pixel_std_max,latent_action_across_seed_std_mean,latent_action_across_seed_std_p95,latent_action_across_seed_std_max,latent_future_proprio_across_seed_std_mean,latent_future_proprio_across_seed_std_p95,latent_future_proprio_across_seed_std_max,latent_value_across_seed_std_mean,latent_value_across_seed_std_p95,latent_value_across_seed_std_max,latent_action_copy_std_mean_mean_over_samples,latent_action_copy_std_mean_max_over_samples,latent_action_copy_std_max_mean_over_samples,latent_action_copy_std_max_max_over_samples,latent_action_first_step_copy_l2_std_mean_over_samples,latent_action_first_step_copy_l2_std_max_over_samples,latent_future_proprio_copy_std_mean_mean_over_samples,latent_future_proprio_copy_std_mean_max_over_samples,latent_future_proprio_copy_std_max_mean_over_samples,latent_future_proprio_copy_std_max_max_over_samples,latent_value_element_std_mean_mean_over_samples,latent_value_element_std_mean_max_over_samples,latent_value_element_std_max_mean_over_samples,latent_value_element_std_max_max_over_samples,planning_strategy,planning_risk_lambda,selected_sample_idx,selected_value,selected_value_z,selected_risk,selected_planning_score,max_value_sample_idx,max_value,max_value_selected,candidate_value_mean,candidate_value_std,candidate_value_range,candidate_action_internal_consistency_mean,candidate_action_internal_consistency_std,candidate_value_internal_consistency_mean,candidate_value_internal_consistency_std,selected_seed,max_value_seed,t_after,executed_steps,intervention_steps,intervention_applied,chunk_success,observed_goal_progress_end,observed_goal_progress_delta,observed_target_lift_max,observed_target_eef_distance_min,observed_non_target_displacement_max,observed_non_target_lift_max,observed_target_drop_candidate,observed_wrong_object_interaction_candidate,observed_official_safety_violation,observed_official_safety_cost_sum,observed_robot_contact_count_sum,observed_robot_contact_count_max,observed_robot_target_contact_count_sum,observed_action_motion_norm_mean,observed_action_motion_norm_max,observed_action_sign_flip_rate,observed_eef_path_length,observed_eef_net_displacement,observed_eef_speed_mean,observed_eef_acceleration_mean,observed_eef_jerk_mean,observed_eef_jerk_max,observed_eef_dimensionless_jerk_proxy,prediction_error_future_image_mse,prediction_error_future_image_mae,prediction_error_future_image_psnr,prediction_error_future_image_ssim_global,prediction_error_future_wrist_mse,prediction_error_future_wrist_mae,prediction_error_future_wrist_psnr,prediction_error_future_wrist_ssim_global,prediction_error_future_proprio_l2,prediction_error_future_proprio_mae,prediction_error_future_proprio_max_abs,prediction_error_future_proprio_eef_pos_l2,prediction_error_future_proprio_eef_quat_l2,prediction_error_value_abs_chunk_success,prediction_value_executed_sample,actual_object_state_delta_l2_mean,actual_object_state_delta_l2_max,actual_object_state_num_keys,actual_object_state_delta_l2__akita_black_bowl_1_pos,actual_object_state_delta_l2__akita_black_bowl_1_quat,actual_object_state_delta_l2__akita_black_bowl_2_pos,actual_object_state_delta_l2__akita_black_bowl_2_quat,actual_object_state_delta_l2__cookies_1_pos,actual_object_state_delta_l2__cookies_1_quat,actual_object_state_delta_l2__glazed_rim_porcelain_ramekin_1_pos,actual_object_state_delta_l2__glazed_rim_porcelain_ramekin_1_quat,actual_object_state_delta_l2__plate_1_pos,actual_object_state_delta_l2__plate_1_quat,actual_object_state_delta_l2__libero_mug_yellow_1_pos,actual_object_state_delta_l2__libero_mug_yellow_1_quat,success,final_t,num_queries,failure_type,failure_event_t,safe_task_success,safety_terminated,official_safety_violation,official_safety_violation_t,official_safety_cost_types,target_objects,target_drop_candidate,target_drop_candidate_t,wrong_object_interaction_candidate,wrong_object_interaction_candidate_t,kinematic_deadlock_candidate,episode_goal_progress_initial,episode_goal_progress_max,episode_time_to_first_goal_progress,episode_time_to_first_target_lift,episode_target_lift_max,episode_eef_path_length,episode_eef_net_displacement,episode_eef_jerk_mean,episode_eef_dimensionless_jerk_proxy,prediction_error_value_abs_final_success,steps_to_failure_event,query_is_pre_failure,failure_event_in_executed_chunk
libero_spatial_with_mug,0,0,0,0,131000,0,131000,0,0,pick up the black bowl between the plate and the ramekin and place it on the plate,-1,-1,none,-1,-1,-1,-1,4.0,0.0038319171871989,0.0353302210569381,0.0204987172037363,0.0079240603372454,0.0007260674028657,0.0008730370900593,0.0235440265387296,0.4557151198387146,0.0008160272845998,0.002019464969635,0.0007681010756641,0.0020134684164077,0.83735191822052,2.692582368850708,42.11294174194336,2.2041056156158447,11.683320999145508,64.45153045654297,0.0080622965469956,0.0191468521952629,0.0515730008482933,0.0056396857835352,0.0099818296730518,0.0188878159970045,0.0055917804129421,0.0099930539727211,0.020328102633357,0.0080608313437551,0.0081290369853377,0.0110371487680822,0.0112605169415473,0.0239213579334318,0.0249412879347801,0.0074003125773742,0.0074918363243341,0.0077322336146607,0.0078606540337204,0.0069534679641947,0.0071205627173185,0.0069534679641947,0.0071205627173185,first,1.0,0.0,0.4547799825668335,-1.145963191986084,0.0,0.4547799825668335,2.0,0.4567994475364685,False,0.4557151198387146,0.0008160272845998,0.002019464969635,0.0239213556051254,0.0006928374059498,0.00695346808061,0.0001185503933811,131000,131002,16,16,0,False,False,0.0,0.0,2.786076397365278e-07,0.2947677351768984,2.724381856814304e-06,2.4378680735237523e-06,0.0,0.0,0.0,0.0,0.0,0.0,0.0,0.8432541640076912,1.082888353008095,0.0227272727272727,0.1497709181664878,0.1463523317291077,0.1872136477081098,0.4714819221086277,3.9388613991440034,9.405759993709236,220.2563970974228,556.8604125976562,10.15432357788086,20.673340160280524,0.8900592676864721,1288.5096435546875,15.577719688415527,17.029926875914533,0.7934994840102315,0.0063424869440495,0.001725356793031,0.0048832036554813,0.002865174319595,0.0056130727753043,0.4547799825668335,0.4547799825668335,5.403613779121614e-05,0.0006456186340803,12.0,2.934624683612725e-07,5.8837568205634124e-09,2.934624683612516e-07,5.883756828429599e-09,2.530519738197512e-07,4.693870411059346e-17,2.6346862755526685e-07,3.568444200826748e-09,2.673608637928073e-07,9.18779978112974e-09,1.4196892547206094e-06,0.0006456186340803,False,220,14,target_drop_candidate,94,False,False,False,-1,,akita_black_bowl_1,True,94,False,-1,False,0.0,0.0,-1,54,0.1376672830050067,1.8716275677382412,0.2710728103133273,6.483633708430154,77666792.06073555,0.4547799825668335,94.0,True,False
libero_spatial_with_mug,0,0,0,0,131000,0,131000,1,16,pick up the black bowl between the plate and the ramekin and place it on the plate,-1,-1,none,-1,-1,-1,-1,4.0,0.001966853858903,0.0093593820929527,0.0055372659116983,0.0035566457081586,0.0008215031703002,0.000633529969491,0.0111242914572358,0.5166468620300293,0.0005088239558972,0.0013409256935119,0.0006449811626225,0.0010956047335639,0.9646975994110109,3.2015621662139893,46.61745834350586,2.8201587200164795,14.512757301330566,62.93399429321289,0.0064923432655632,0.0118838716298341,0.0199430603533983,0.0055189351551234,0.0098210396245121,0.0180363878607749,0.0053319744765758,0.009540275670588,0.0182461142539978,0.0085745032411068,0.0087540792301297,0.0119949309155344,0.0127052711322903,0.0221807844936847,0.0230266507714986,0.0072590052150189,0.0074046468362212,0.00762001844123,0.0077414126135408,0.0068187875440344,0.0068989843130111,0.0068187875440344,0.0068989843130111,first,1.0,0.0,0.5171689391136169,1.026046633720398,0.0,0.5171689391136169,0.0,0.5171689391136169,True,0.5166468620300293,0.0005088239558972,0.0013409256935119,0.0221807844936847,0.0004950229777023,0.0068187871947884,6.0187150666024536e-05,132000,132000,32,16,0,False,False,0.0,0.0,2.786076397365278e-07,0.1585501395384922,4.0289453436835805e-06,2.07709151922586e-06,0.0,0.0,0.0,0.0,0.0,0.0,0.0,1.0811494426273056,1.2544264749308078,0.0888888888888888,0.2050291894306309,0.1752483403282046,0.2562864867882887,0.6612655790015877,4.701505017668216,8.90245410310737,145.57673728014433,840.7674560546875,12.778593063354492,18.884044679445417,0.8448069249005762,1324.6431884765625,17.881383895874023,16.909814502511963,0.8245046642088003,0.0218443907797336,0.0044373772107064,0.0202697478234767,0.006127614993602,0.0208273883908987,0.5171689391136169,0.5171689391136169,6.729847775054853e-07,5.959568071899461e-06,12.0,0.0,3.7474662146167584e-17,0.0,3.688679632294686e-17,0.0,4.290415367286168e-18,0.0,2.978820328026373e-18,0.0,3.8693844586790084e-18,2.116249258080862e-06,5.959568071899461e-06,False,220,14,target_drop_candidate,94,False,False,False,-1,,akita_black_bowl_1,True,94,False,-1,False,0.0,0.0,-1,54,0.1376672830050067,1.8716275677382412,0.2710728103133273,6.483633708430154,77666792.06073555,0.5171689391136169,78.0,True,False
libero_spatial_with_mug,0,0,0,0,131000,0,131000,2,32,pick up the black bowl between the plate and the ramekin and place it on the plate,-1,-1,none,-1,-1,-1,-1,4.0,0.0023992829956114,0.0130749903619289,0.0078185433521866,0.0041066189296543,0.0009686897974461,0.0015690543223172,0.0132231013849377,0.6409071683883667,0.0011830674484372,0.0030155181884765,0.0007476571481674,0.0018787210574373,0.6462969183921814,1.9202864170074463,21.412612915039062,2.64160680770874,13.388427734375,52.8251838684082,0.0066994093358516,0.0124438283964991,0.0238371472805738,0.0054418887011706,0.0098359445109963,0.0171581115573644,0.0058176601305603,0.010315578430891,0.0194457489997148,0.0086324829608201,0.0087979296222329,0.0151061683427542,0.0163966007530689,0.0251657436601817,0.0263926405459642,0.0075052597094327,0.0075422110967338,0.007907579652965,0.0079495217651128,0.0069384338567033,0.0070660966448485,0.0069384338567033,0.0070660966448485,first,1.0,0.0,0.641574501991272,0.5640706419944763,0.0,0.641574501991272,2.0,0.6419161558151245,False,0.6409071683883667,0.0011830674484372,0.0030155181884765,0.025165744125843,0.00077321450226,0.0069384342059493,7.576397911179811e-05,133000,133002,48,16,0,False,False,0.0,0.0,0.0087019970591661,0.0527115747383483,5.868525357397708e-06,2.0774381899180128e-06,0.0,0.0,0.0,0.0,19.0,6.0,19.0,0.6989070673058699,1.2077544953447548,0.0777777777777777,0.1388561366769524,0.1288824437387232,0.1735701708461905,0.5294322558566155,3.5478122968374595,8.653286115906083,217.9467278629923,820.453125,12.982123374938965,18.990265873439693,0.8452242495000271,1265.451171875,17.42159652709961,17.10834968540261,0.8174652333012206,0.1289392262697219,0.0248278677463531,0.0948250293731689,0.0240394808351993,0.0069595049135386,0.641574501991272,0.641574501991272,0.008684231643881,0.0892982657396789,12.0,0.0148623401352587,0.0892982657396789,0.0,1.6030144962476401e-18,0.0,1.1136117263916748e-18,0.0,9.677480940440373e-19,0.0,1.32638327790222e-18,2.14652126034331e-06,4.8027330375083945e-05,False,220,14,target_drop_candidate,94,False,False,False,-1,,akita_black_bowl_1,True,94,False,-1,False,0.0,0.0,-1,54,0.1376672830050067,1.8716275677382412,0.2710728103133273,6.483633708430154,77666792.06073555,0.641574501991272,62.0,True,False
libero_spatial_with_mug,0,0,0,0,131000,0,131000,3,48,pick up the black bowl between the plate and the ramekin and place it on the plate,-1,-1,none,-1,-1,-1,-1,4.0,0.001967990770936,0.0087768267840147,0.0102590210735797,0.0032669871579855,0.0010859145550057,0.0007172301411628,0.0104523859918117,0.6892260313034058,0.0004622804408427,0.0012767910957336,0.000870170770213,0.0013011415721848,0.5522038340568542,1.7320507764816284,19.37137031555176,1.792079210281372,8.5293607711792,42.68708801269531,0.0065230224281549,0.0115844337269663,0.0203593987971544,0.0057119848206639,0.0101187070831656,0.0187280625104904,0.0055263089016079,0.0098674958571791,0.0180709026753902,0.0083273805212229,0.0083985617384314,0.0105729999486356,0.0113407745957374,0.0217434312216937,0.0225863792002201,0.0075565956067293,0.0076372781768441,0.0078167300671339,0.0078951530158519,0.0070707005215808,0.0072061116807162,0.0070707005215808,0.0072061116807162,first,1.0,0.0,0.6892502307891846,0.0523480623960495,0.0,0.6892502307891846,1.0,0.6899369359016418,False,0.6892260313034058,0.0004622804408427,0.0012767910957336,0.021743431687355,0.0006126028019934,0.0070707006379961,9.656749898567796e-05,134000,134001,64,16,0,False,False,0.0,0.0,0.1291257920307489,0.0525979816412673,7.866010677081205e-06,2.077448221227129e-06,0.0,0.0,0.0,0.0,109.0,7.0,109.0,0.8529291933068543,1.0384362432400729,0.0222222222222222,0.144663653821465,0.1386347029400654,0.1808295672768312,0.4311945390400163,2.971281857989728,4.776651261130464,107.7027466257846,661.958740234375,11.238354682922363,19.92249440079214,0.8774959252969062,2436.185791015625,25.275243759155277,14.263699550121478,0.6833092666431454,0.1622223854064941,0.0304879508912563,0.1247333884239196,0.0096815144643187,0.0287209991365671,0.6892502307891846,0.6892502307891846,0.0205786889048889,0.1403896912383049,12.0,0.1403896912383049,0.1065027792406169,0.0,5.022042915075464e-19,0.0,1.7158741975879914e-18,0.0,2.0724654916995842e-18,0.0,8.318219771280004e-18,2.147477712417379e-06,4.964890203351896e-05,False,220,14,target_drop_candidate,94,False,False,False,-1,,akita_black_bowl_1,True,94,False,-1,False,0.0,0.0,-1,54,0.1376672830050067,1.8716275677382412,0.2710728103133273,6.483633708430154,77666792.06073555,0.6892502307891846,46.0,True,False
libero_spatial_with_mug,0,0,0,0,131000,0,131000,4,64,pick up the black bowl between the plate and the ramekin and place it on the plate,-1,-1,none,-1,-1,-1,-1,4.0,0.0019654557108879,0.0132437599822878,0.004416961222887,0.0031810095533728,0.0011544108856469,0.0007519300561398,0.011234107427299,0.8643248677253723,0.0007914673187769,0.0019598007202148,0.0007257384131662,0.0013829417293891,0.5735519528388977,1.785357117652893,16.573699951171875,1.4601008892059326,5.356071472167969,56.7026252746582,0.0066535589285194,0.0123952254652976,0.0228032022714614,0.0055003417655825,0.0097302515059709,0.0200373455882072,0.0057751475833356,0.0102131208404898,0.0169769749045372,0.0086923781782388,0.0087407594546675,0.0116107151843607,0.011867101304233,0.0221936730667948,0.0224791541695594,0.0073553493712097,0.0073793581686913,0.0077368716010823,0.0079995822161436,0.007355858455412,0.0074460990726947,0.007355858455412,0.0074460990726947,first,1.0,0.0,0.8656604290008545,1.6874496936798096,0.0,0.8656604290008545,0.0,0.8656604290008545,True,0.8643248677253723,0.0007914673187769,0.0019598007202148,0.0221936739981174,0.0003251133020967,0.0073558585718274,5.465946742333472e-05,135000,135000,80,16,0,False,False,0.0,0.0,0.1376672830050067,0.0521009693717482,0.0029852402844411,2.077447231685348e-06,0.0,0.0,0.0,0.0,105.0,13.0,105.0,1.0112554353888,1.297987703391535,0.0555555555555555,0.1697173821346252,0.1261187654053235,0.2121467276682815,0.909287233316042,7.938854141495191,28.650045785493056,861.2059269702623,863.4141845703125,13.283615112304688,18.76861181697056,0.8493126407115922,2098.027587890625,22.092016220092773,14.912691662430252,0.7369998271179508,0.0509695671498775,0.0122818564996123,0.0382844805717468,0.0312684439122676,0.0111083984375,0.8656604290008545,0.8656604290008545,0.0195165720921999,0.1233470523507277,12.0,0.1233470523507277,0.0700553789483423,0.0,2.894226182127232e-19,0.0,1.1727534738218945e-18,0.0,1.625563516272686e-18,0.0,4.321609910325254e-18,0.0024538431606329,0.0383425906466965,False,220,14,target_drop_candidate,94,False,False,False,-1,,akita_black_bowl_1,True,94,False,-1,False,0.0,0.0,-1,54,0.1376672830050067,1.8716275677382412,0.2710728103133273,6.483633708430154,77666792.06073555,0.8656604290008545,30.0,True,False
libero_spatial_with_mug,0,0,0,0,131000,0,131000,5,80,pick up the black bowl between the plate and the ramekin and place it on the plate,-1,-1,none,-1,-1,-1,-1,4.0,0.0217665899544954,0.8792566061019897,0.0739050656557083,0.0281419232487678,0.0036449388135224,0.0570055395364761,0.1378387957811355,1.0,0.0,0.0,0.0015819777036085,0.0038664513267576,0.9762458205223083,3.674234628677368,47.50263214111328,2.4994513988494877,10.709224700927734,62.8147087097168,0.0274222902953624,0.0778502225875854,0.8940042853355408,0.0058439527638256,0.0105060497298836,0.0186555031687021,0.0059889792464673,0.0106283323839306,0.0202971026301383,0.0102234019432216,0.0108242873102426,0.0177744219545274,0.0209908783435821,0.0333925383165478,0.0360531471669673,0.0078029413707554,0.0079106390476226,0.0081338318996131,0.008331929333508,0.0078902784734964,0.0080072544515132,0.0078902784734964,0.0080072544515132,first,1.0,0.0,1.0,0.0,0.0,1.0,0.0,1.0,True,1.0,0.0,0.0,0.0333925373852252,0.0024567164946347,0.0078902784734964,0.0001071072838385,136000,136000,96,16,0,False,False,0.0,0.0,0.0553017960464639,0.0520666005024139,0.0082434057155681,0.0074620713369263,1.0,0.0,0.0,0.0,39.0,13.0,39.0,0.6651693424958122,0.8887578201829561,0.0777777777777777,0.108396702920984,0.10331054138124,0.13549587865123,0.3489790697718413,3.543845860058673,8.875643725842545,333.27084973283854,1117.2242431640625,16.464624404907227,17.649400097804556,0.7970028578067575,2988.579833984375,30.724550247192383,13.376154992273086,0.6357968928999738,0.0866231918334961,0.0205150488764047,0.0684496462345123,0.0761080011725425,0.0226578898727893,1.0,1.0,0.022244722285617,0.1520683976058257,12.0,0.0363363904420849,0.1520683976058257,0.0,4.753787065441516e-19,0.0,9.80316438761475e-19,0.0,1.5221793882726598e-18,1.2159369037455098e-05,9.264894889059464e-05,0.0055318997406265,0.072895171320939,False,220,14,target_drop_candidate,94,False,False,False,-1,,akita_black_bowl_1,True,94,False,-1,False,0.0,0.0,-1,54,0.1376672830050067,1.8716275677382412,0.2710728103133273,6.483633708430154,77666792.06073555,1.0,14.0,True,True
libero_spatial_with_mug,0,0,0,0,131000,0,131000,6,96,pick up the black bowl between the plate and the ramekin and place it on the plate,-1,-1,none,-1,-1,-1,-1,4.0,0.0161956753581762,0.863658607006073,0.0217517185956239,0.0081139346584677,0.0016970125725492,0.0839368775486946,0.125693216919899,0.6542909741401672,0.0280173551291227,0.0779990553855896,0.0061304196715354,0.026511076837778,2.563959836959839,12.557368278503418,62.58194732666016,4.734319686889648,18.090051651000977,56.96490097045898,0.0206025056540966,0.0221194084733724,0.8817558884620667,0.010027103126049,0.0278293062001466,0.0398765355348587,0.0563850589096546,0.0641506686806678,0.0800191164016723,0.0105083165690302,0.0112686892971396,0.0536419758573174,0.0863023921847343,0.0287867384031415,0.0291157569736242,0.0089370100758969,0.009441927075386,0.0101654408499598,0.0109338583424687,0.0122916905675083,0.0127635775133967,0.0122916905675083,0.0127635775133967,first,1.0,0.0,0.6945816874504089,1.4380626678466797,0.0,0.6945816874504089,0.0,0.6945816874504089,True,0.6542909741401672,0.0280173551291227,0.0779990553855896,0.028786739334464,0.0002504399744793,0.0122916903346776,0.0003789172915276,137000,137000,112,16,0,False,False,0.0,0.0,0.0129528341566658,0.073947219518083,0.0059199287958906,0.0008313274482123,1.0,0.0,0.0,0.0,0.0,0.0,0.0,0.7508707991485958,0.9291828106062128,0.0333333333333333,0.1291035631672613,0.1216252681195542,0.1613794539590766,0.6398245911739734,7.827643213237304,61.20298710981676,4038.5407218391897,1241.80859375,17.182636260986328,17.19025699877764,0.7784971578760532,3060.732421875,34.44923782348633,13.27254996897046,0.6295296588545825,0.0959847569465637,0.0260845050215721,0.0610408186912536,0.0692889690399169,0.0425586253404617,0.6945816874504089,0.6945816874504089,4.809429836929069e-05,0.0003242592757531,12.0,1.7204659071981483e-05,0.0003242592757531,0.0,5.21665030311044e-20,0.0,1.0628342280801522e-18,0.0,2.085646969868858e-18,4.711162409353524e-06,1.639475778361937e-05,3.706459567090482e-05,0.0001774971297424,False,220,14,target_drop_candidate,94,False,False,False,-1,,akita_black_bowl_1,True,94,False,-1,False,0.0,0.0,-1,54,0.1376672830050067,1.8716275677382412,0.2710728103133273,6.483633708430154,77666792.06073555,0.6945816874504089,-2.0,False,False
libero_spatial_with_mug,0,0,0,0,131000,0,131000,7,112,pick up the black bowl between the plate and the ramekin and place it on the plate,-1,-1,none,-1,-1,-1,-1,4.0,0.0019589394796639,0.0084803914651274,0.0102806696668267,0.002749863313511,0.0016148969298228,0.0006182964425534,0.0087694628164172,0.999994456768036,9.626980499888305e-06,2.2232532501220703e-05,0.0004167937149759,0.000932440161705,0.6946545839309692,2.2776083946228027,26.536531448364254,1.8604165315628047,8.746427536010742,37.76241683959961,0.0066014970652759,0.0118219312280416,0.0267901252955198,0.0055944239720702,0.009902661666274,0.0187009461224079,0.0059776240959763,0.0105995638296008,0.0210221409797668,0.0085767242126166,0.0086223082616925,0.0148247622419148,0.0156715363264083,0.0276006679050624,0.0281157754361629,0.0077597451163455,0.007850332185626,0.0086928789969533,0.0090085351839661,0.0077712120255455,0.0078224278986454,0.0077712120255455,0.0078224278986454,first,1.0,0.0,1.0,0.5758017301559448,0.0,1.0,0.0,1.0,True,0.999994456768036,9.626980499888305e-06,2.2232532501220703e-05,0.0276006683707237,0.0004163471166975,0.0077712116762995,4.858258762396872e-05,138000,138000,128,16,0,False,False,0.0,0.0,0.0129542976814763,0.0769736721786386,0.0059447402823566,0.0008325291097432,1.0,0.0,0.0,0.0,0.0,0.0,0.0,0.8375097594345692,0.8628866194209406,0.0,0.1559056910598882,0.1552230723445346,0.1948821138248603,0.2128204988432677,3.2979921592254797,24.38950550064657,452.9567950200447,1313.389404296875,18.70902442932129,16.946868525511462,0.7647332695018143,4331.34033203125,41.085723876953125,11.764580514127797,0.51524131401375,0.2522526383399963,0.0584244728088378,0.2152214646339416,0.2244481593370437,0.0516967847943306,1.0,1.0,5.807812094997969e-05,0.0003615853308843,12.0,1.9802086509585568e-05,0.0003615853308843,0.0,1.3049875166069952e-19,0.0,1.4565343238529824e-18,0.0,1.6839019092470785e-18,4.713226678015913e-06,1.6452307303506485e-05,2.980416248234297e-05,0.0002645803375419,False,220,14,target_drop_candidate,94,False,False,False,-1,,akita_black_bowl_1,True,94,False,-1,False,0.0,0.0,-1,54,0.1376672830050067,1.8716275677382412,0.2710728103133273,6.483633708430154,77666792.06073555,1.0,-18.0,False,False
libero_spatial_with_mug,0,0,0,0,131000,0,131000,8,128,pick up the black bowl between the plate and the ramekin and place it on the plate,-1,-1,none,-1,-1,-1,-1,4.0,0.0030021094717085,0.0152247119694948,0.0166044533252716,0.005074196960777,0.0016783531755208,0.0007571168243885,0.0160310193896293,0.6036479473114014,0.023892618715763,0.064865231513977,0.0011039214441552,0.003115594619885,0.930732488632202,2.915475845336914,29.90819358825684,4.158338069915772,15.911866188049316,48.86396789550781,0.0075371726416051,0.0142916217446327,0.0270497873425483,0.0058826194144785,0.0104229254648089,0.0197039023041725,0.0482046157121658,0.0561289899051189,0.0721894279122352,0.0090896550100296,0.0091771502047777,0.0134371863678097,0.0143728833645582,0.0281087588518857,0.0284001417458057,0.0082189843524247,0.0083237821236252,0.0086592903826385,0.0088145146146416,0.0111184883862733,0.0118027748540043,0.0111184883862733,0.0118027748540043,first,1.0,0.0,0.6068426370620728,0.1337103247642517,0.0,0.6068426370620728,1.0,0.6402766704559326,False,0.6036479473114014,0.023892618715763,0.064865231513977,0.0281087588518857,0.00020656522247,0.0111184883862733,0.0004274355014786,139000,139001,144,16,0,False,False,0.0,0.0,0.0129541098581001,0.0688165300224017,0.0059578953135977,0.0008320073927742,1.0,0.0,0.0,0.0,0.0,0.0,0.0,0.8568951557681517,0.988682703568294,0.0888888888888888,0.1568199130975766,0.1471998602923393,0.1960248913719708,0.672816236288092,8.028188025303514,56.47138998628424,2484.5732519074954,1231.270751953125,16.5280818939209,17.2272679766049,0.7830083396639336,2605.9169921875,29.17477798461914,13.971197831095626,0.6984772313701594,0.0746769607067108,0.019239978864789,0.0515995621681213,0.044129878282547,0.0579873323440551,0.6068426370620728,0.6068426370620728,3.798416337103273e-05,0.0002103377401412,12.0,1.2372877206844013e-05,0.0002103377401412,0.0,7.900179625717273e-19,0.0,3.3006808333408426e-18,0.0,3.1518249266579786e-18,4.716673601872143e-06,1.6547670242932592e-05,2.01602484699182e-05,0.0001916747507895,False,220,14,target_drop_candidate,94,False,False,False,-1,,akita_black_bowl_1,True,94,False,-1,False,0.0,0.0,-1,54,0.1376672830050067,1.8716275677382412,0.2710728103133273,6.483633708430154,77666792.06073555,0.6068426370620728,-34.0,False,False
libero_spatial_with_mug,0,0,0,0,131000,0,131000,9,144,pick up the black bowl between the plate and the ramekin and place it on the plate,-1,-1,none,-1,-1,-1,-1,4.0,0.0029116314835846,0.0108849089592695,0.0125657683238387,0.0045852302573621,0.0019741009455174,0.000703425030224,0.01510716881603,0.9997592568397522,0.000252561236266,0.0005894303321838,0.0005668292287737,0.0011854293989017,0.4870142638683319,1.4790199995040894,10.700467109680176,1.1819252967834473,4.322904109954834,38.86836624145508,0.0075410986319184,0.0137848136946558,0.0254993680864572,0.0055841342546045,0.0099404053762555,0.0179819148033857,0.0059041562490165,0.0105971954762935,0.0190442241728305,0.0100325248204171,0.0101330131292343,0.0190950161777436,0.0197504926472902,0.0328008462674915,0.0343086533248424,0.0078255945118144,0.0078902058303356,0.0082588938530534,0.0083652921020984,0.0076984380139037,0.0078431535512208,0.0076984380139037,0.0078431535512208,first,1.0,0.0,1.0,0.9532070755958556,0.0,1.0,0.0,1.0,True,0.9997592568397522,0.000252561236266,0.0005894303321838,0.0328008458018302,0.0013850446557626,0.0076984381303191,0.0001236581738339,140000,140000,160,16,0,False,False,0.0,0.0,0.0129543484228499,0.0699419565721631,0.0059766580666841,0.0008316348809349,1.0,0.0,0.0,0.0,0.0,0.0,0.0,0.4755058160796587,0.5088060659034238,0.0,0.0752256565368319,0.069190300179768,0.0940320706710399,0.2233612493224609,3.561039545462496,26.134487223819544,2171.0147506232724,1354.0751953125,17.807783126831055,16.814375783485445,0.7626291066304645,3070.909912109375,34.592063903808594,13.258132846552735,0.6570697936240989,0.3088064789772033,0.0650131627917289,0.2737754583358764,0.1093214377760887,0.2871198654174804,1.0,1.0,4.387521570077932e-05,0.0002694646748758,12.0,1.5309479784612378e-05,0.0002694646748758,0.0,1.9188701380844133e-18,0.0,3.147352591314666e-18,0.0,4.0486663931843724e-18,4.71624773481344e-06,1.666882456913401e-05,1.9157908506930916e-05,0.000201185452938,False,220,14,target_drop_candidate,94,False,False,False,-1,,akita_black_bowl_1,True,94,False,-1,False,0.0,0.0,-1,54,0.1376672830050067,1.8716275677382412,0.2710728103133273,6.483633708430154,77666792.06073555,1.0,-50.0,False,False
libero_spatial_with_mug,0,0,0,0,131000,0,131000,10,160,pick up the black bowl between the plate and the ramekin and place it on the plate,-1,-1,none,-1,-1,-1,-1,4.0,0.0025456945877522,0.0072590769268572,0.0110355215147137,0.0046277581714093,0.001096409629099,0.0006473588291555,0.0133020728826522,0.9994360208511353,0.0001896904723253,0.0004194974899291,0.0003240208316128,0.0004964870167896,0.458385020494461,1.299038052558899,9.630680084228516,0.8327027559280396,2.598076105117798,12.376893997192385,0.00668391212821,0.0118759479373693,0.0228997766971588,0.0055521326139569,0.0099121537059545,0.0205049961805343,0.0058260951191186,0.0103501882404088,0.0181167181581258,0.0096008467953652,0.0096518443897366,0.0140352672897279,0.0145307714119553,0.0283373910933733,0.0293354708701372,0.0081170802004635,0.0081722605973482,0.0090913453605026,0.0093041015788912,0.0079069873318076,0.0079511580988764,0.0079069873318076,0.0079511580988764,first,1.0,0.0,0.9992300271987916,-1.0859462022781372,0.0,0.9992300271987916,2.0,0.9996495246887208,False,0.9994360208511353,0.0001896904723253,0.0004194974899291,0.0283373910933733,0.0007171826437115,0.0079069873318076,4.227834870107472e-05,141000,141002,176,16,0,False,False,0.0,0.0,0.0129557574407935,0.1336482183429648,0.0060037931325156,0.0008324643905747,1.0,0.0,0.0,0.0,0.0,0.0,0.0,0.5017743076380103,0.5529710072038515,0.0,0.1099631372242386,0.1085637276320127,0.1374539215302982,0.1342461887983331,2.1123650241424823,10.138983350116236,187.2678364839654,1299.8466796875,18.41575050354004,16.991882317091765,0.7698674893243176,3718.94775390625,37.901611328125,12.42660283705388,0.5824453526311556,0.177478402853012,0.0325808189809322,0.1701452136039734,0.1750091165304184,0.0264251809567213,0.9992300271987916,0.9992300271987916,5.975093102928952e-05,0.0003812095643899,12.0,2.046545915424306e-05,0.0003812095643899,0.0,9.1106889006608e-19,0.0,1.9739790032329896e-18,0.0,1.921216708362699e-18,4.713219760521549e-06,1.674302359044897e-05,3.5409307736322725e-05,0.0002584705977199,False,220,14,target_drop_candidate,94,False,False,False,-1,,akita_black_bowl_1,True,94,False,-1,False,0.0,0.0,-1,54,0.1376672830050067,1.8716275677382412,0.2710728103133273,6.483633708430154,77666792.06073555,0.9992300271987916,-66.0,False,False
libero_spatial_with_mug,0,0,0,0,131000,0,131000,11,176,pick up the black bowl between the plate and the ramekin and place it on the plate,-1,-1,none,-1,-1,-1,-1,4.0,0.0030874570365995,0.0133219324052333,0.0170327294617891,0.0056616119109094,0.0013009436661377,0.0007245315937325,0.0164431110024452,0.4747952222824096,0.0038264242466539,0.0102709233760833,0.0007048567058518,0.0017877145437523,0.7148947715759277,2.2360680103302,31.83551406860352,1.396734595298767,6.015604496002197,47.058475494384766,0.0073110559023916,0.0134304175153374,0.0246729683130979,0.0055748973973095,0.0099036321043968,0.0169163607060909,0.0094347959384322,0.0148541806265711,0.022854259237647,0.0089566973038017,0.0090238684788346,0.0121763979550451,0.012564655393362,0.0269595519639551,0.0274784229695796,0.0078680308070033,0.0079259453341364,0.0083027279470115,0.0084600979462265,0.0081176063977181,0.0083401184529066,0.0081176063977181,0.0083401184529066,first,1.0,0.0,0.4768356084823608,0.5332357287406921,0.0,0.4768356084823608,1.0,0.4790387153625488,False,0.4747952222824096,0.0038264242466539,0.0102709233760833,0.026959553360939,0.0003925412311218,0.0081176068633794,0.0001934514002641,142000,142001,192,16,0,False,False,0.0,0.0,0.0129553255667096,0.2040141070522001,0.0060195348726174,0.0008321392604105,1.0,0.0,0.0,0.0,0.0,0.0,0.0,0.9020921181291384,1.1353202751890936,0.0444444444444444,0.1735677228063131,0.1664391223400704,0.2169596535078914,0.5189997396543853,6.198056698222211,38.35348586035718,946.9160229648908,699.356689453125,11.919968605041504,19.68381627538569,0.868474573056189,680.0343017578125,11.845629692077637,19.805495412669416,0.9075724976112975,0.0902076363563537,0.0203889422118663,0.0720024853944778,0.0487885996699333,0.0749156400561332,0.4768356084823608,0.4768356084823608,4.450366160418144e-05,0.0002615670484257,12.0,1.4866778494593534e-05,0.0002615670484257,0.0,5.835559092245156e-19,0.0,3.0786434970868864e-18,0.0,2.8647016927239826e-18,4.719763990497519e-06,1.6854128266266154e-05,2.3561448713021163e-05,0.00021247477136,False,220,14,target_drop_candidate,94,False,False,False,-1,,akita_black_bowl_1,True,94,False,-1,False,0.0,0.0,-1,54,0.1376672830050067,1.8716275677382412,0.2710728103133273,6.483633708430154,77666792.06073555,0.4768356084823608,-82.0,False,False
libero_spatial_with_mug,0,0,0,0,131000,0,131000,12,192,pick up the black bowl between the plate and the ramekin and place it on the plate,-1,-1,none,-1,-1,-1,-1,4.0,0.0124113988131284,0.8735341429710388,0.0124962395057082,0.0094522750005126,0.0008821845985949,0.0558764114975929,0.0878265500068664,0.5490902662277222,0.0019978887867182,0.0053826570510864,0.0145125733688473,0.0644216164946556,0.7069991827011108,2.384848117828369,32.29841232299805,1.953488111495972,9.144402503967283,77.01744842529297,0.0163258537650108,0.022425627335906,0.8901905417442322,0.0181220825761556,0.0654183253645896,0.0809975713491439,0.0065453671850264,0.0113198356702923,0.0186702236533164,0.0083339374978095,0.0083838431164622,0.0135104316286742,0.0148976733908057,0.0248965513892471,0.0255036205053329,0.0082166611682623,0.0084617864340543,0.0093763589393347,0.0095217721536755,0.0072320913895964,0.007301072590053,0.0072320913895964,0.007301072590053,first,1.0,0.0,0.5512756109237671,1.0938270092010498,0.0,0.5512756109237671,0.0,0.5512756109237671,True,0.5490902662277222,0.0019978887867182,0.0053826570510864,0.0248965509235858,0.0004290125216357,0.0072320913895964,6.139064498711377e-05,143000,143000,208,16,0,False,False,0.0,0.0,0.0129557070197723,0.2150026926788861,0.0094026511967443,0.0068136091988036,1.0,0.0,0.0,0.0,41.0,7.0,0.0,0.4230024815585463,0.9190035537330132,0.0666666666666666,0.0804228273942697,0.062392317669886,0.1005285342428371,0.5319295065933569,9.506385463290474,36.55154810659161,6572.00414811965,521.9199829101562,9.810300827026367,20.954764357283462,0.9003778793858154,768.7492065429688,11.677169799804688,19.2729568033704,0.8888323800230101,0.1090268343687057,0.0260744895786046,0.0849707126617431,0.0502019673585891,0.0242550652474164,0.5512756109237671,0.5512756109237671,0.0078516492914774,0.0840387190374533,12.0,2.2451061131557487e-05,0.0004138428202804,0.0,4.731300784251219e-19,0.0,1.4246209134458676e-18,0.0093963775495271,0.0840387190374533,4.7163151286425176e-06,1.6983147736365113e-05,3.1078068154227944e-05,0.0002956234983171,False,220,14,target_drop_candidate,94,False,False,False,-1,,akita_black_bowl_1,True,94,False,-1,False,0.0,0.0,-1,54,0.1376672830050067,1.8716275677382412,0.2710728103133273,6.483633708430154,77666792.06073555,0.5512756109237671,-98.0,False,False
libero_spatial_with_mug,0,0,0,0,131000,0,131000,13,208,pick up the black bowl between the plate and the ramekin and place it on the plate,-1,-1,none,-1,-1,-1,-1,4.0,0.0039698341861367,0.0177578777074813,0.0127986343577504,0.0076722675003111,0.0012956949649378,0.000884952431079,0.0239562839269638,0.644534170627594,0.0007280947174876,0.001808762550354,0.0011746076634153,0.0031703170388936,1.073807954788208,3.8971142768859854,39.66342926025391,2.208763837814331,10.034316062927246,45.06869888305664,0.0082397293299436,0.0171471275389194,0.0323310904204845,0.0058973687700927,0.0104743307456374,0.0181264579296112,0.0057688611559569,0.0102606955915689,0.0183693319559097,0.009070134256035,0.009191452525556,0.0174907259643077,0.0191703755408525,0.0237020058557391,0.0242285784333944,0.0084155469667166,0.0085123823955655,0.009353035595268,0.0094919372349977,0.007642799988389,0.0077003403566777,0.007642799988389,0.0077003403566777,first,1.0,0.0,0.6449803709983826,0.6128328442573547,0.0,0.6449803709983826,1.0,0.6454809904098511,False,0.644534170627594,0.0007280947174876,0.001808762550354,0.0237020067870616,0.0006691293092444,0.007642799988389,5.140942448633723e-05,144000,144001,220,12,0,False,False,0.0,0.0,0.0129543680650284,0.2247684914811312,0.0093970417166419,0.0008296765132295,1.0,0.0,0.0,0.0,0.0,0.0,0.0,0.5336444706079276,0.73929871154045,0.0454545454545454,0.0741850733007161,0.0735277146029633,0.1236417888345269,0.2908095555769986,2.4702213027187616,4.843094252300923,55.13246816888077,581.6524047851562,10.452672958374023,20.48416832886717,0.8910854974749829,985.703857421875,15.01858139038086,18.1933390475602,0.8618119979009098,0.0813389047980308,0.0226059649139642,0.0488715916872024,0.0514478608965873,0.0556781888008117,0.6449803709983826,0.6449803709983826,7.67103403453867e-05,0.0005095145727871,12.0,1.0393419731423546e-05,0.0001799387703926,0.0,3.32797725099423e-19,0.0,2.2031858702938524e-18,3.909352028165468e-05,0.0005095145727871,3.5417478270300378e-06,1.2820629044820936e-05,1.511138944628492e-05,0.0001501100346336,False,220,14,target_drop_candidate,94,False,False,False,-1,,akita_black_bowl_1,True,94,False,-1,False,0.0,0.0,-1,54,0.1376672830050067,1.8716275677382412,0.2710728103133273,6.483633708430154,77666792.06073555,0.6449803709983826,-114.0,False,False
libero_spatial_with_mug,0,1,0,1,131097,0,131097,0,0,pick up the black bowl between the plate and the ramekin and place it on the plate,-1,-1,none,-1,-1,-1,-1,4.0,0.0024843667633831,0.0162755977362394,0.0073563703335821,0.0046965610235929,0.0008864910923875,0.0006414116360247,0.0139534519985318,0.4559122323989868,0.0011531639611348,0.0029473602771759,0.0010892027057707,0.0023914731573313,0.6676201820373535,2.1213202476501465,32.641998291015625,1.5230178833007812,7.084313869476318,48.20269775390625,0.0068542044609785,0.01270969863981,0.0267066918313503,0.0056943772360682,0.0102935750037431,0.0183230824768543,0.0057686045765876,0.0101509783416986,0.0170570369809865,0.0080351086799055,0.0081034144386649,0.0113144710194319,0.0125607466325163,0.0235807807184755,0.024473613128066,0.007431578123942,0.0074965474195778,0.0077801392180845,0.0078758401796221,0.006884163361974,0.0069893570616841,0.006884163361974,0.0069893570616841,first,1.0,0.0,0.4561311900615692,0.1898755729198455,0.0,0.4561311900615692,2.0,0.456923097372055,False,0.4559122323989868,0.0011531639611348,0.0029473602771759,0.0235807802528142,0.0005323851946741,0.00688416371122,7.05239363014698e-05,131097,131099,16,16,0,False,False,0.0,0.0,2.786076397365278e-07,0.2936200415062091,2.7243818568045284e-06,2.4378680735237523e-06,0.0,0.0,0.0,0.0,0.0,0.0,0.0,0.8473277563774743,1.0842572863796915,0.0333333333333333,0.1504901406518825,0.1476793330585831,0.1881126758148531,0.4636361463385988,3.870639988227919,8.619712060517571,207.3656279834456,568.5316772460938,10.27701187133789,20.58325693304293,0.887672872857509,1277.3016357421875,15.51773738861084,17.067868925242806,0.7959113004058205,0.0114703401923179,0.0023908447474241,0.0094430595636367,0.0094515066593885,0.006416019052267,0.4561311900615692,0.4561311900615692,5.403613779114639e-05,0.0006456186340796,12.0,2.934624683612725e-07,5.883756820346918e-09,2.934624683612516e-07,5.883756828817037e-09,2.530519738197512e-07,4.4365634661188177e-17,2.6346862755526685e-07,3.568444199181403e-09,2.673608637928073e-07,9.18779977874347e-09,1.419689254584777e-06,0.0006456186340796,True,92,6,success,-1,True,False,False,-1,,akita_black_bowl_1,False,-1,False,-1,False,0.0,1.0,92,55,0.1336366998479476,0.8719379702554939,0.3795412549257519,4.824972230197997,398883.66185584426,0.5438688099384308,,False,False
libero_spatial_with_mug,0,1,0,1,131097,0,131097,1,16,pick up the black bowl between the plate and the ramekin and place it on the plate,-1,-1,none,-1,-1,-1,-1,4.0,0.0022524357773363,0.0132259838283061,0.0068130251020193,0.0041538891382515,0.0008301339112222,0.0008149798959493,0.0130749708041548,0.5190449953079224,0.0002594074467197,0.0007258057594299,0.0005517962854355,0.0009862004080787,0.9711064696311952,3.240370273590088,43.44536972045898,2.741168737411499,13.970952033996582,54.49483871459961,0.0067396597005426,0.0128760486841201,0.0262183714658021,0.0055852495133876,0.0099456887692213,0.0173184070736169,0.0052183456718921,0.0092942547053098,0.0203431863337755,0.0087345994543284,0.0087959682568907,0.0120536368340253,0.0125815263018012,0.0224019484594464,0.0229748263955116,0.0073528588982298,0.007438538596034,0.0077581454534083,0.0079766623675823,0.0067532828543335,0.0068454267457127,0.0067532828543335,0.0068454267457127,first,1.0,0.0,0.5194345116615295,1.501561999320984,0.0,0.5194345116615295,0.0,0.5194345116615295,True,0.5190449953079224,0.0002594074467197,0.0007258057594299,0.022401949390769,0.0004561021341942,0.0067532826215028,7.961077790241688e-05,132097,132097,32,16,0,False,False,0.0,0.0,2.786076397365278e-07,0.1549771579864374,4.028945343523505e-06,2.07709151922586e-06,0.0,0.0,0.0,0.0,0.0,0.0,0.0,1.0850976560900536,1.2572534261499144,0.0666666666666666,0.2065898512844814,0.1776766974112828,0.2582373141056018,0.6527830508177473,4.899015702061148,9.791576282571086,151.3955388693343,858.3740234375,12.980156898498535,18.79403794557329,0.8417902896353565,1297.9034423828125,17.633230209350586,16.998379765700847,0.8286745252840462,0.0220505017787218,0.00472047412768,0.0198211409151554,0.0059484387747943,0.0210766103118658,0.5194345116615295,0.5194345116615295,6.729847776543223e-07,5.959568073612631e-06,12.0,0.0,3.8179479032793477e-17,0.0,3.6515252248723074e-17,0.0,7.913227475692729e-18,0.0,1.2912554246779965e-18,0.0,4.3866625223112156e-18,2.116249258150951e-06,5.959568073612631e-06,True,92,6,success,-1,True,False,False,-1,,akita_black_bowl_1,False,-1,False,-1,False,0.0,1.0,92,55,0.1336366998479476,0.8719379702554939,0.3795412549257519,4.824972230197997,398883.66185584426,0.4805654883384704,,False,False
libero_spatial_with_mug,0,1,0,1,131097,0,131097,2,32,pick up the black bowl between the plate and the ramekin and place it on the plate,-1,-1,none,-1,-1,-1,-1,4.0,0.004483088850975,0.0433189570903778,0.0111065413802862,0.0079238098114728,0.0011580017162486,0.0041361832991242,0.0269688051193952,0.6359164714813232,0.0007869734545238,0.002129316329956,0.0018898008856922,0.0080935843288898,1.042427659034729,3.535533905029297,38.74596786499024,4.6191020011901855,21.51017189025879,67.86521911621094,0.0086707063019275,0.0208315104246139,0.0794827193021774,0.0059841675683856,0.0111684957519173,0.0262653026729822,0.0056568817235529,0.0100336363539099,0.0188492462038993,0.0091186347417533,0.009265967644751,0.0273428503423929,0.0364437215030193,0.0299470680765807,0.0329314656555652,0.0075965193100273,0.0077207726426422,0.0079986846540123,0.0082322778180241,0.0070934083778411,0.0072009908035397,0.0070934083778411,0.0072009908035397,first,1.0,0.0,0.6370267868041992,1.4108675718307495,0.0,0.6370267868041992,0.0,0.6370267868041992,True,0.6359164714813232,0.0007869734545238,0.002129316329956,0.029947068542242,0.002069741487503,0.0070934081450104,9.806367597775534e-05,133097,133097,48,16,0,False,False,0.0,0.0,0.0043462369100738,0.0523200499212237,5.868525357244117e-06,2.0774381899180128e-06,0.0,0.0,0.0,0.0,21.0,5.0,21.0,0.7030188114210709,1.192035249468156,0.0888888888888888,0.1387640363041627,0.1296662927629814,0.1734550453802034,0.5156051045396768,3.779962754156952,7.441765669197106,211.87768538477013,799.6286010742188,12.831944465637209,19.101920413215744,0.8487136282097688,1255.816650390625,17.869659423828125,17.141541239636787,0.8153662182272179,0.0493614375591278,0.0122696459293365,0.0328457951545715,0.0262481439858675,0.0072321412153542,0.6370267868041992,0.6370267868041992,0.0063950903372967,0.0621340308487815,12.0,0.0145568793471446,0.0621340308487815,0.0,2.1866873686737626e-18,0.0,2.2104771715047387e-18,0.0,9.27027947121661e-19,0.0,3.7865404506155425e-18,2.1465212603124397e-06,4.802733037406338e-05,True,92,6,success,-1,True,False,False,-1,,akita_black_bowl_1,False,-1,False,-1,False,0.0,1.0,92,55,0.1336366998479476,0.8719379702554939,0.3795412549257519,4.824972230197997,398883.66185584426,0.3629732131958008,,False,False
libero_spatial_with_mug,0,1,0,1,131097,0,131097,3,48,pick up the black bowl between the plate and the ramekin and place it on the plate,-1,-1,none,-1,-1,-1,-1,4.0,0.0018714100588113,0.0064649106934666,0.0077258353121578,0.0031084027141332,0.0010614558123052,0.0005902954726479,0.0095063969492912,0.6770279407501221,0.0005469508469104,0.0012205243110656,0.0006999651668593,0.0012149942340329,0.6243734359741211,2.1213202476501465,26.2154541015625,1.42181658744812,6.533566951751709,38.14118576049805,0.0064474544487893,0.0114396912977099,0.0200760383158922,0.0056267264299094,0.0099751586094498,0.0173714868724346,0.0054242308251559,0.0096211051568388,0.0200481340289115,0.0082718695048242,0.008433218114078,0.0103108952753245,0.0103967795148491,0.0221203798428177,0.0236965361982584,0.0074811154045164,0.0075666671618819,0.0077578956261277,0.008093312382698,0.0070498405257239,0.0072128046303987,0.0070498405257239,0.0072128046303987,first,1.0,0.0,0.6775795817375183,1.0085750818252563,0.0,0.6775795817375183,0.0,0.6775795817375183,True,0.6770279407501221,0.0005469508469104,0.0012205243110656,0.0221203789114952,0.0009531333344057,0.0070498404093086,0.000104624479718,134097,134097,64,16,0,False,False,0.0,0.0,0.1226996454129007,0.0511035953291294,7.86601067695175e-06,2.077448221227129e-06,0.0,0.0,0.0,0.0,96.0,7.0,96.0,0.8243291048557961,1.027286558620793,0.0333333333333333,0.1426907869936418,0.1376984213554532,0.1783634837420523,0.4101063731852352,2.69836190909322,5.276740155785212,99.0417134047834,636.2561645507812,11.129783630371094,20.094483577157582,0.8820498528142213,2410.45458984375,25.30367088317871,14.309814065738976,0.6810363968535776,0.1025509536266326,0.0236716866493225,0.0732291936874389,0.0228694844990968,0.0239469148218631,0.6775795817375183,0.6775795817375183,0.0209678569547054,0.1358053068934684,12.0,0.1358053068934684,0.115757180183249,0.0,5.558401617500625e-20,0.0,3.1827185641282254e-18,0.0,1.2064390319681293e-18,0.0,5.9743738307183075e-18,2.1474777123436644e-06,4.9648902035481726e-05,True,92,6,success,-1,True,False,False,-1,,akita_black_bowl_1,False,-1,False,-1,False,0.0,1.0,92,55,0.1336366998479476,0.8719379702554939,0.3795412549257519,4.824972230197997,398883.66185584426,0.3224204182624817,,False,False
libero_spatial_with_mug,0,1,0,1,131097,0,131097,4,64,pick up the black bowl between the plate and the ramekin and place it on the plate,-1,-1,none,-1,-1,-1,-1,4.0,0.0018636181484907,0.0081933811306953,0.0046333996579051,0.0030469277407974,0.0010603632545098,0.0007234537042677,0.0095009254291653,0.8394606113433838,0.001202383544296,0.0031505823135375,0.0006102403858676,0.0016385336639359,0.702954888343811,2.4494898319244385,20.904544830322266,1.2078309059143066,4.183300018310547,37.31203079223633,0.0062947808764874,0.0113110113888978,0.0209532603621482,0.0055112857371568,0.0097133023664355,0.0170093718916177,0.0060512125492095,0.0106160761788487,0.019482197239995,0.0085217426531016,0.0085415309295058,0.0110390575136989,0.0112464167177677,0.0225624130107462,0.0229686014354228,0.0073563029291108,0.0074038058519363,0.0076172540429979,0.0077936411835253,0.0074814561521634,0.0075878649950027,0.0074814561521634,0.0075878649950027,first,1.0,0.0,0.8374993801116943,-1.6311194896697998,0.0,0.8374993801116943,1.0,0.8406499624252319,False,0.8394606113433838,0.001202383544296,0.0031505823135375,0.0225624125450849,0.0003760841209441,0.0074814562685787,7.509146234951913e-05,135097,135098,80,16,0,False,False,0.0,0.0,0.1336366998479476,0.0512594943096321,0.0011988089939364,0.0009927216638008,0.0,0.0,0.0,0.0,94.0,7.0,94.0,0.9512168970015762,1.230681017418948,0.0555555555555555,0.1652129380475062,0.1217657977264266,0.2065161725593828,0.7315208709338722,5.015802781531496,11.021751678337887,261.73474829824164,834.57861328125,13.085332870483398,18.916131094796945,0.8528903838713915,2070.486572265625,23.10238647460937,14.970079425520218,0.7296442414003836,0.0402004979550838,0.0101052392274141,0.0278065204620361,0.0106408670544624,0.0224630571901798,0.8374993801116943,0.8374993801116943,0.0188026082658755,0.1215016873590894,12.0,0.1215016873590894,0.0589928521681077,0.0,2.1659280065772464e-18,0.0,2.254949565972845e-18,0.0,3.177167295313093e-18,0.0,4.626100354631138e-18,0.0010234966201016,0.0441132630432084,True,92,6,success,-1,True,False,False,-1,,akita_black_bowl_1,False,-1,False,-1,False,0.0,1.0,92,55,0.1336366998479476,0.8719379702554939,0.3795412549257519,4.824972230197997,398883.66185584426,0.1625006198883056,,False,False
libero_spatial_with_mug,0,1,0,1,131097,0,131097,5,80,pick up the black bowl between the plate and the ramekin and place it on the plate,-1,-1,none,-1,-1,-1,-1,4.0,0.0084266262128949,0.2214351147413253,0.0196752920746803,0.0124722914770245,0.0018024618038907,0.0161621179431676,0.0502574294805526,0.959953784942627,0.0018372550839558,0.0044785737991333,0.0041169156320393,0.0158109907060861,1.4561583995819092,5.673402786254883,45.08880233764648,3.880875587463379,15.785674095153809,59.41538238525391,0.0129002211615443,0.0285039339214563,0.2801964282989502,0.0078121107071638,0.0181921701878309,0.0314430482685565,0.0068249935284256,0.0118671655654907,0.0191313810646533,0.0115005716215819,0.0123286973685026,0.0325867105275392,0.0700476840138435,0.0324609819799661,0.0332700498402118,0.0084992074407637,0.0086771734058856,0.0096043504308909,0.0099532697349786,0.0079080113209784,0.0080259153619408,0.0079080113209784,0.0080259153619408,first,1.0,0.0,0.9610295295715332,0.5855172872543335,0.0,0.9610295295715332,2.0,0.961267352104187,False,0.959953784942627,0.0018372550839558,0.0044785737991333,0.0324609838426113,0.0009452192462049,0.0079080117866396,8.759942284086719e-05,136097,136099,92,12,0,False,True,1.0,1.0,0.0502571920117714,0.0496682409943959,0.0259772294713922,0.0257023338326514,0.0,0.0,0.0,0.0,106.0,15.0,105.0,0.8319481428336597,1.223643623074261,0.0757575757575757,0.0681902169738191,0.0647558659926579,0.1136503616230318,0.4361694049181354,8.077236629562599,13.280782573058035,651.0093166174122,1186.6634521484375,16.279417037963867,17.38752794060838,0.7873582431363657,3324.06787109375,34.88551712036133,12.914104782045214,0.5468878574892002,1.1126923561096191,0.2023801207542419,0.8181883096694946,0.0499572716653347,0.1132749393582344,0.0389704704284668,0.9610295295715332,0.0264462315213782,0.0858393148750082,12.0,0.0581678247562037,0.0698049869793318,0.0,1.7012070538940184e-18,0.0,7.770030409187069e-19,0.0,2.383452735227717e-18,0.0082977499853767,0.0858393148750082,0.0095695697318497,0.085675331928768,True,92,6,success,-1,True,False,False,-1,,akita_black_bowl_1,False,-1,False,-1,False,0.0,1.0,92,55,0.1336366998479476,0.8719379702554939,0.3795412549257519,4.824972230197997,398883.66185584426,0.0389704704284668,,False,False
libero_spatial_with_mug,0,2,0,2,131194,0,131194,0,0,pick up the black bowl between the plate and the ramekin and place it on the plate,-1,-1,none,-1,-1,-1,-1,4.0,0.0035284496843814,0.020946541801095,0.0150739355012774,0.006959393620491,0.0009114362765103,0.0010866570519283,0.0204545129090547,0.4562671184539795,0.0010576476342976,0.0027789175510406,0.001018670736812,0.0023903490509837,0.6361328363418579,1.9202864170074463,29.34706115722656,1.7013423442840576,8.732124328613281,52.49285507202149,0.007768565788865,0.0170673504471778,0.0334960035979747,0.0057105622254312,0.010143737308681,0.0177250765264034,0.0057262913323938,0.0101619809865951,0.0194674897938966,0.0080821637529879,0.0081269722431898,0.0116200561169534,0.0120580634102225,0.0234501874074339,0.0243601258844137,0.0074760054703801,0.0075196474790573,0.0077091476414352,0.0077933710999786,0.0069367761025205,0.0072079943493008,0.0069367761025205,0.0072079943493008,first,1.0,0.0,0.4545289278030395,-1.6434496641159058,0.0,0.4545289278030395,1.0,0.4573078453540802,False,0.4562671184539795,0.0010576476342976,0.0027789175510406,0.0234501864761114,0.0006174984155222,0.0069367759861052,0.0001626571902306,131194,131195,16,16,0,False,False,0.0,0.0,2.786076397365278e-07,0.2947026849947189,2.7243818568045284e-06,2.4378680735237523e-06,0.0,0.0,0.0,0.0,0.0,0.0,0.0,0.8421414505394735,1.0805265462604676,0.0222222222222222,0.1496486941248213,0.146987210984809,0.1870608676560266,0.4544772875517771,4.025988700967028,8.376920077610844,223.686438164119,557.06591796875,10.160980224609377,20.671737723077435,0.8899745718758155,1302.42626953125,15.632686614990234,16.98327213650327,0.7917796088056089,0.0100403791293501,0.0022236716467887,0.0067293941974639,0.0067502306774258,0.0074210027232766,0.4545289278030395,0.4545289278030395,5.4036137791281405e-05,0.000645618634081,12.0,2.934624683612725e-07,5.8837568208634614e-09,2.934624683612516e-07,5.8837568288937374e-09,2.530519738197512e-07,4.781921180390941e-17,2.6346862755526685e-07,3.5684441982784583e-09,2.673608637928073e-07,9.18779976847921e-09,1.419689254802109e-06,0.000645618634081,True,88,6,success,-1,True,False,False,-1,,akita_black_bowl_1,False,-1,False,-1,False,0.0,1.0,88,54,0.1311523747853684,0.8318481663034445,0.371934299707341,4.522838498281782,299039.70420405327,0.5454710721969604,,False,False
libero_spatial_with_mug,0,2,0,2,131194,0,131194,1,16,pick up the black bowl between the plate and the ramekin and place it on the plate,-1,-1,none,-1,-1,-1,-1,4.0,0.0020407771226018,0.0085904384031891,0.0093111125752329,0.0035939689259976,0.0009131759870797,0.0007640050025656,0.0116139026358723,0.5210312008857727,0.0007852940470911,0.0020917654037475,0.0005752557772211,0.0010760116856545,0.7290634512901306,2.2776083946228027,31.50694274902344,2.337120056152344,11.853269577026367,46.800106048583984,0.0065762158483266,0.0119453771039843,0.0206841435283422,0.0056162304244935,0.0099397124722599,0.0171465910971164,0.0054876087233424,0.0097848558798432,0.0190238859504461,0.0086125533562153,0.0086525408551096,0.0125574020203202,0.0126933474093675,0.0219663390889763,0.0227244012057781,0.0073686826508492,0.0073953047394752,0.0077246000291779,0.0078284740447998,0.0068591791205108,0.0069654905237257,0.0068591791205108,0.0069654905237257,first,1.0,0.0,0.5223410129547119,1.6679255962371826,0.0,0.5223410129547119,0.0,0.5223410129547119,True,0.5210312008857727,0.0007852940470911,0.0020917654037475,0.0219663381576538,0.0005311970598995,0.0068591791205108,9.011982911033556e-05,132194,132194,32,16,0,False,False,0.0,0.0,2.786076397365278e-07,0.1557921083087415,4.028945343544754e-06,2.07709151922586e-06,0.0,0.0,0.0,0.0,0.0,0.0,0.0,1.089399615899964,1.2607550697379633,0.0666666666666666,0.2066376359353643,0.1767748069160507,0.2582970449192054,0.664894608691908,4.841853317658748,9.71498037540853,149.8110641965009,851.9361572265625,12.95411491394043,18.82673310236281,0.8429222418994016,1299.3045654296875,17.82427215576172,16.993693964140668,0.8277163422663533,0.0218362789601087,0.0043437900021672,0.0199883989989757,0.0068181329406797,0.0205931738018989,0.5223410129547119,0.5223410129547119,6.729847778081142e-07,5.959568075677265e-06,12.0,0.0,3.784699895757104e-17,0.0,3.684855034706209e-17,0.0,5.512662840292661e-18,0.0,1.1671014814403714e-18,0.0,9.327694958765308e-18,2.116249257929403e-06,5.959568075677265e-06,True,88,6,success,-1,True,False,False,-1,,akita_black_bowl_1,False,-1,False,-1,False,0.0,1.0,88,54,0.1311523747853684,0.8318481663034445,0.371934299707341,4.522838498281782,299039.70420405327,0.4776589870452881,,False,False
libero_spatial_with_mug,0,2,0,2,131194,0,131194,2,32,pick up the black bowl between the plate and the ramekin and place it on the plate,-1,-1,none,-1,-1,-1,-1,4.0,0.0022354167886078,0.0102766929194331,0.0114273875951766,0.0037420529406517,0.000972170557361,0.0015052477829158,0.0122172748669981,0.6394044160842896,0.0007935106405057,0.0019181966781616,0.0008598954300396,0.0017935851356014,0.6814773082733154,2.1650636196136475,17.73943328857422,2.6888628005981445,13.273564338684082,66.51691436767578,0.006546389311552,0.0120450099930167,0.0215817242860794,0.0054866927675902,0.0097375595942139,0.0212169867008924,0.0056327087804675,0.0099786026403307,0.0177557952702045,0.0085447719320654,0.0086446236819028,0.0143614641856402,0.0151379480957984,0.024161322042346,0.0261374842375516,0.0074255237122997,0.007472114637494,0.0076971607049927,0.0077690910547971,0.0069953197380527,0.0071271900087594,0.0069953197380527,0.0071271900087594,first,1.0,0.0,0.6382681131362915,-1.4319945573806765,0.0,0.6382681131362915,2.0,0.6401863098144531,False,0.6394044160842896,0.0007935106405057,0.0019181966781616,0.024161322042346,0.0012185620144009,0.0069953193888068,0.0001236767566297,133194,133196,48,16,0,False,False,0.0,0.0,0.0037694589061241,0.0509313990483267,5.868525357376569e-06,2.0774381899180128e-06,0.0,0.0,0.0,0.0,19.0,5.0,19.0,0.7050899889831519,1.1993442576947724,0.0555555555555555,0.140183225013086,0.1306780015551558,0.1752290312663575,0.5249539296414344,3.583015008629008,8.024361227008066,200.0917890452496,813.41015625,12.924771308898926,19.027707701588263,0.846391208021204,1403.03662109375,19.197166442871094,16.660113540367185,0.7962327719515169,0.0787027180194854,0.0172973535954952,0.056780993938446,0.0239574648439884,0.0081554111093282,0.6382681131362915,0.6382681131362915,0.0053473006429439,0.0498846307137124,12.0,0.0142328031499804,0.0498846307137124,0.0,5.409623514541125e-19,0.0,1.2603966366764371e-18,0.0,3.658135786080067e-18,0.0,5.97436110112464e-18,2.146521260473963e-06,4.80273303739061e-05,True,88,6,success,-1,True,False,False,-1,,akita_black_bowl_1,False,-1,False,-1,False,0.0,1.0,88,54,0.1311523747853684,0.8318481663034445,0.371934299707341,4.522838498281782,299039.70420405327,0.3617318868637085,,False,False
libero_spatial_with_mug,0,2,0,2,131194,0,131194,3,48,pick up the black bowl between the plate and the ramekin and place it on the plate,-1,-1,none,-1,-1,-1,-1,4.0,0.0032453893218189,0.0151486089453101,0.0186136793345212,0.0058473381213843,0.0014442569809034,0.0008429397130385,0.0174828022718429,0.6885274648666382,0.0006161733763292,0.0014631748199462,0.0009626356186345,0.0016222015256062,0.9256657361984252,3.3447721004486084,46.693145751953125,2.9775187969207764,16.068214416503906,59.482666015625,0.0074592498131096,0.0139015670865774,0.0279486700892448,0.0056704385206103,0.0100528942421078,0.0190390590578317,0.0055367085151374,0.0098471697419881,0.0185949355363845,0.0082324112299829,0.008302679285407,0.0105370080564171,0.0116672711446881,0.0219620848074555,0.022531708702445,0.0075689725345,0.0076996916905045,0.0079058663686737,0.0081764589995145,0.0070409926120191,0.0071386136114597,0.0070409926120191,0.0071386136114597,first,1.0,0.0,0.6889786124229431,0.7321763038635254,0.0,0.6889786124229431,1.0,0.6892802715301514,False,0.6885274648666382,0.0006161733763292,0.0014631748199462,0.0219620857387781,0.0005586475599557,0.0070409923791885,9.27997170947492e-05,134194,134195,64,16,0,False,False,0.0,0.0,0.1230984240122379,0.0499594247822813,7.86601067701826e-06,2.077448221227129e-06,0.0,0.0,0.0,0.0,85.0,6.0,85.0,0.8476554020727809,1.0326115692118187,0.0333333333333333,0.1477097948240695,0.1424550586557056,0.1846372435300869,0.4147586152687195,2.414844017403349,5.528782883102638,72.7997070986764,640.19287109375,11.236480712890623,20.067695271452145,0.8812797931376036,2767.503662109375,28.5433406829834,13.70992156635003,0.6400842253881375,0.1104868277907371,0.0242022220045328,0.0754494071006774,0.0222075339406728,0.0242700427770614,0.6889786124229431,0.6889786124229431,0.0213485462166101,0.1409986972747112,12.0,0.1409986972747112,0.1151320609448631,0.0,1.3697400798826557e-18,0.0,4.17058706443246e-18,0.0,5.5921304576490696e-18,0.0,3.926067427934736e-18,2.147477712354108e-06,4.96489020346965e-05,True,88,6,success,-1,True,False,False,-1,,akita_black_bowl_1,False,-1,False,-1,False,0.0,1.0,88,54,0.1311523747853684,0.8318481663034445,0.371934299707341,4.522838498281782,299039.70420405327,0.3110213875770569,,False,False
libero_spatial_with_mug,0,2,0,2,131194,0,131194,4,64,pick up the black bowl between the plate and the ramekin and place it on the plate,-1,-1,none,-1,-1,-1,-1,4.0,0.0021062549203634,0.0102912383154034,0.0051912595517933,0.0036171393003314,0.0010541514493525,0.0007299116696231,0.0113177197054028,0.8352146148681641,0.0025951333809643,0.0066584348678588,0.0005580361466854,0.0011820623185485,0.6545407176017761,2.1650636196136475,19.50640869140625,1.0844427347183228,3.570714235305786,36.92221450805664,0.0065046967938542,0.0118231289088726,0.0219278428703546,0.0055134263820946,0.0098356762900948,0.01987050101161,0.0075027719140052,0.0127317160367965,0.018903324380517,0.0086895416025072,0.0087432507425546,0.0118379502091556,0.0119798090308904,0.0227291346527636,0.0235176216810941,0.0073708759155124,0.0074559641070663,0.0076705028768628,0.0077938195317983,0.0077272884082049,0.0078632133081555,0.0077272884082049,0.0078632133081555,first,1.0,0.0,0.8329594135284424,-0.8690117001533508,0.0,0.8329594135284424,2.0,0.8396178483963013,False,0.8352146148681641,0.0025951333809643,0.0066584348678588,0.0227291341871023,0.000481274415506,0.0077272881753742,7.930771971587092e-05,135194,135196,80,16,0,False,False,0.0,0.0,0.1311523747853684,0.0497582114069762,0.0044031886154634,0.0016786172719051,0.0,0.0,0.0,0.0,83.0,6.0,83.0,0.9683354860012772,1.286987821627695,0.0555555555555555,0.1628725866266345,0.1190871545161905,0.2035907332832931,0.7465380757516067,5.311197682514394,10.917724144088076,310.36266240359174,890.796875,13.484793663024902,18.63301676049507,0.8428484725288593,2064.08544921875,23.01557159423828,14.983526885735742,0.7258588736326846,0.0742884501814842,0.016485484316945,0.064715564250946,0.019642774015665,0.0226214434951543,0.8329594135284424,0.8329594135284424,0.0238082581187898,0.1136461015096506,12.0,0.1136461015096506,0.1043234804269543,0.0,1.0770403633555185e-18,0.0,3.494495164656802e-18,0.0,4.185801648782426e-18,0.0,6.046937302387564e-18,0.0043254777909997,0.0634040376978729,True,88,6,success,-1,True,False,False,-1,,akita_black_bowl_1,False,-1,False,-1,False,0.0,1.0,88,54,0.1311523747853684,0.8318481663034445,0.371934299707341,4.522838498281782,299039.70420405327,0.1670405864715576,,False,False
libero_spatial_with_mug,0,2,0,2,131194,0,131194,5,80,pick up the black bowl between the plate and the ramekin and place it on the plate,-1,-1,none,-1,-1,-1,-1,4.0,0.0187026858329772,1.002460479736328,0.0235619135200977,0.0180036425590515,0.0039446442387998,0.0650739446282386,0.1369063705205917,0.9962751865386964,0.0019953469745814,0.0055984854698181,0.0016147412825375,0.0039169043302536,1.196602702140808,4.602988243103027,49.76130676269531,3.865406274795532,18.430612564086918,65.97110748291016,0.0244097653776407,0.0459946170449256,1.0271443128585815,0.005781328305602,0.0102009465917944,0.0198890715837478,0.0071959081105887,0.0124991722404956,0.0211839471012353,0.0104189915582537,0.0105135785415768,0.0184202105738222,0.0195652712136507,0.0336892083287239,0.0340110510587692,0.007835348136723,0.0078533925116062,0.0081394356675446,0.0082670403644442,0.0087219886481761,0.0089081600308418,0.0087219886481761,0.0089081600308418,first,1.0,0.0,0.9966821670532228,0.2039647847414016,0.0,0.9966821670532228,2.0,0.9988642930984496,False,0.9962751865386964,0.0019953469745814,0.0055984854698181,0.0336892083287239,0.0002437388029647,0.0087219886481761,0.0001216388336615,136194,136196,88,8,0,False,True,1.0,1.0,0.0498791682692515,0.0496782672000807,0.0148895479138723,0.0102716876039811,0.0,0.0,0.0,0.0,53.0,10.0,53.0,0.5309370168296377,0.9916598368634666,0.119047619047619,0.0247962297794686,0.014648072370313,0.0619905744486716,0.5871728442276086,7.598041876101045,13.332621841274568,354.4831507065969,1291.8975830078125,17.445331573486328,17.018522751481534,0.7665828276714454,4134.68017578125,39.19987487792969,11.96638439062835,0.5045355568022564,1.4164071083068848,0.2434869408607483,1.0535434484481812,0.0717448964715004,0.0748520791530609,0.0033178329467773,0.9966821670532228,0.0228560585290084,0.1240911421076644,12.0,0.0440059645193892,0.0955464904191257,0.0,5.686613586716848e-19,0.0,2.3407991484091147e-18,0.0,1.869741668966264e-18,6.470513685112612e-05,0.0006407235414594,0.0099236766236108,0.1240911421076644,True,88,6,success,-1,True,False,False,-1,,akita_black_bowl_1,False,-1,False,-1,False,0.0,1.0,88,54,0.1311523747853684,0.8318481663034445,0.371934299707341,4.522838498281782,299039.70420405327,0.0033178329467773,,False,False
libero_spatial_with_mug,0,3,0,3,131291,0,131291,0,0,pick up the black bowl between the plate and the ramekin and place it on the plate,-1,-1,none,-1,-1,-1,-1,4.0,0.0060859429650008,0.0579675696790218,0.0272721890360116,0.0129350274801254,0.0009878544369712,0.0008329568663612,0.0393187403678894,0.4560941159725189,0.0015967458020895,0.004118263721466,0.0011537163518369,0.0042361412197351,1.209181308746338,4.380353927612305,63.41283416748047,2.958698034286499,16.723859786987305,76.83220672607422,0.0104759093374013,0.0330269373953342,0.0735260173678398,0.0057967184111475,0.0102596525102853,0.0189305767416954,0.0061375340446829,0.0107297981157898,0.0188457667827606,0.0081289643421769,0.0081873023882508,0.0113697715569287,0.0121212340891361,0.0243431846611201,0.0248897317796945,0.0074319134000688,0.0075117405503988,0.0078074019402265,0.0079714599996805,0.006935938145034,0.0071203154511749,0.006935938145034,0.0071203154511749,first,1.0,0.0,0.4549741744995117,-0.7013899683952332,0.0,0.4549741744995117,1.0,0.4584390819072723,False,0.4560941159725189,0.0015967458020895,0.004118263721466,0.0243431832641363,0.0004940441576763,0.0069359382614493,0.0001269375206902,131291,131292,16,16,0,False,False,0.0,0.0,2.786076397365278e-07,0.2963404781987023,2.724381856818127e-06,2.4378680735237523e-06,0.0,0.0,0.0,0.0,0.0,0.0,0.0,0.823105326506409,1.083870268023828,0.0555555555555555,0.1456801402861081,0.1426688619304054,0.1821001753576351,0.4525359960359907,3.952918404615424,8.627962921686501,228.01988797220017,559.3397216796875,10.195199966430664,20.654046988903744,0.8894685342336479,1306.09326171875,15.574344635009766,16.9710617198113,0.7916548842139708,0.0067901187576353,0.0018254545284435,0.0046385340392589,0.0031347170006483,0.0059384247288107,0.4549741744995117,0.4549741744995117,5.403613779122041e-05,0.0006456186340805,12.0,2.934624683612725e-07,5.883756820596733e-09,2.934624683612516e-07,5.8837568291468894e-09,2.530519738197512e-07,4.7670689770291857e-17,2.6346862755526685e-07,3.5684441983605593e-09,2.673608637928073e-07,9.187799778580826e-09,1.4196892545336377e-06,0.0006456186340805,True,82,6,success,-1,True,False,False,-1,,akita_black_bowl_1,False,-1,False,-1,False,0.0,1.0,82,55,0.1223703328151575,0.8289744611191936,0.3918444905728238,4.262388667325236,163329.42357978591,0.5450258255004883,,False,False
libero_spatial_with_mug,0,3,0,3,131291,0,131291,1,16,pick up the black bowl between the plate and the ramekin and place it on the plate,-1,-1,none,-1,-1,-1,-1,4.0,0.0019818530417978,0.0095962611958384,0.0059612398035824,0.003407813841477,0.0009512466494925,0.000795790576376,0.0108833545818924,0.5147765278816223,0.0006505932542495,0.0016157031059265,0.0006140175973996,0.0008917943341657,1.027402400970459,3.4910600185394287,52.31156539916992,3.385267734527588,19.91802024841309,65.53768157958984,0.0064779142849147,0.0118087874725461,0.0201277043670415,0.0055431243963539,0.0098769087344408,0.0190389510244131,0.005330832209438,0.0095134992152452,0.0196075532585382,0.0085195717401802,0.0086954776197671,0.0119915339164435,0.0128622045740485,0.0219236770644783,0.0229539144784212,0.0072785407537594,0.007302701473236,0.0076888104667887,0.007762384135276,0.0067676336038857,0.0068875346332788,0.0067676336038857,0.0068875346332788,first,1.0,0.0,0.5149765014648438,0.3073711395263672,0.0,0.5149765014648438,3.0,0.515281617641449,False,0.5147765278816223,0.0006505932542495,0.0016157031059265,0.0219236761331558,0.0008593086968176,0.0067676333710551,7.690311031183228e-05,132291,132294,32,16,0,False,False,0.0,0.0,2.786076397365278e-07,0.1611447382479992,4.028945343459555e-06,2.0770915191148376e-06,0.0,0.0,0.0,0.0,0.0,0.0,0.0,1.0775492319285631,1.243874049920026,0.0666666666666666,0.2059885303443772,0.1773813213345148,0.2574856629304715,0.6649534386088806,4.711963136282499,9.015040553302953,144.4239231914848,816.9566040039062,12.619758605957031,19.00881373052985,0.8490005015159189,1536.7525634765625,18.45705795288086,16.264764146222433,0.794914901682484,0.0197785664349794,0.0043542478233575,0.0173259750008583,0.0069195642136037,0.0183206256479024,0.5149765014648438,0.5149765014648438,6.729847777803875e-07,5.959568075188796e-06,12.0,0.0,3.717085928367482e-17,0.0,3.736385609908184e-17,0.0,4.1885950559532896e-18,0.0,1.4729785516063638e-18,0.0,1.4796401821531894e-17,2.116249258080862e-06,5.959568075188796e-06,True,82,6,success,-1,True,False,False,-1,,akita_black_bowl_1,False,-1,False,-1,False,0.0,1.0,82,55,0.1223703328151575,0.8289744611191936,0.3918444905728238,4.262388667325236,163329.42357978591,0.4850234985351562,,False,False
libero_spatial_with_mug,0,3,0,3,131291,0,131291,2,32,pick up the black bowl between the plate and the ramekin and place it on the plate,-1,-1,none,-1,-1,-1,-1,4.0,0.0060177659615874,0.292556494474411,0.0105121908709406,0.0056910007260739,0.0011371140135452,0.0216400139033794,0.0444119162857532,0.6417973041534424,0.0010101330699399,0.0028321146965026,0.0011749611003324,0.0028983794618397,0.8264111280441284,2.586019992828369,34.24543762207031,3.111405611038208,14.754236221313477,58.623268127441406,0.0103024002164602,0.0167399644851684,0.3486660122871399,0.0056470516137778,0.0100811030715703,0.0178797114640474,0.0057936264201998,0.0102881491184234,0.0185224022716283,0.009237733669579,0.0094610163941979,0.0335003908257931,0.051323976367712,0.0246880380436778,0.0256056413054466,0.0077603157842531,0.0078756380826234,0.0081473717000335,0.0083407144993543,0.0070438726106658,0.0075530102476477,0.0070438726106658,0.0075530102476477,first,1.0,0.0,0.6417316794395447,-0.0649664029479026,0.0,0.6417316794395447,3.0,0.6433395743370056,False,0.6417973041534424,0.0010101330699399,0.0028321146965026,0.0246880389750003,0.0008814760949462,0.0070438729599118,0.0002987480838783,133291,133294,48,16,0,False,False,0.0,0.0,0.0013203960184033,0.0526392209082145,5.868525357253851e-06,2.0774381899180128e-06,0.0,0.0,0.0,0.0,17.0,4.0,17.0,0.708307593065557,1.2056046362018216,0.0666666666666666,0.1383672069408709,0.1289638181257438,0.1729590086760887,0.5370886644128278,4.471454070562877,9.47441801181236,308.23628053590227,785.8738403320312,12.652050971984863,19.17727528372108,0.8516074713843997,1085.0306396484375,15.729917526245115,17.776383586811846,0.8443366842717265,0.2233185768127441,0.027287246659398,0.2228957414627075,0.0135222505778074,0.0024106674827635,0.6417316794395447,0.6417316794395447,0.0043026318025132,0.038769413641945,12.0,0.0128119941365794,0.038769413641945,0.0,3.6268072523501474e-19,0.0,1.2833014770067852e-18,0.0,1.0596526295144049e-18,0.0,1.9643316655485945e-17,2.1465212604462523e-06,4.802733037406321e-05,True,82,6,success,-1,True,False,False,-1,,akita_black_bowl_1,False,-1,False,-1,False,0.0,1.0,82,55,0.1223703328151575,0.8289744611191936,0.3918444905728238,4.262388667325236,163329.42357978591,0.3582683205604553,,False,False
libero_spatial_with_mug,0,3,0,3,131291,0,131291,3,48,pick up the black bowl between the plate and the ramekin and place it on the plate,-1,-1,none,-1,-1,-1,-1,4.0,0.0021550834644585,0.0090088257566094,0.0067935371771454,0.0034371458459645,0.0013169320300221,0.0008233507396653,0.0111751332879066,0.7028896808624268,0.0005729968543164,0.001548409461975,0.0005659986636601,0.0012959468876942,0.621065080165863,2.061552762985229,25.539186477661133,1.3021187782287598,5.916079998016357,35.79804611206055,0.0066826706752181,0.0119852218776941,0.0203222427517175,0.0056530274450778,0.0100036850199103,0.020466398447752,0.0055817463435232,0.0099425008520483,0.0184329710900783,0.008322462439537,0.0084065627306699,0.0102725236210972,0.0108435917645692,0.0223740404471755,0.0232953932136297,0.0075137227540835,0.0077596437186002,0.0078209989005699,0.0080597223713994,0.00706041615922,0.0072059091180562,0.00706041615922,0.0072059091180562,first,1.0,0.0,0.702239990234375,-1.1338467597961426,0.0,0.702239990234375,3.0,0.7037883996963501,False,0.7028896808624268,0.0005729968543164,0.001548409461975,0.022374041378498,0.0008251348626799,0.0070604160428047,0.0001035148961818,134291,134294,64,16,0,False,False,0.0,0.0,0.116154971231327,0.0518126496642181,7.866010677095102e-06,2.077448221227129e-06,0.0,0.0,0.0,0.0,86.0,6.0,86.0,0.8632685567609608,1.0549133234472714,0.0333333333333333,0.1472164208568522,0.1399366594282402,0.1840205260710652,0.4461998765095368,2.9163044844762567,5.151325096773991,109.39272580997287,753.9917602539062,12.349589347839355,19.357137610138047,0.86077005426252,2347.390869140625,23.867374420166016,14.42494949932623,0.7010923809074027,0.0305421780794858,0.0079791229218244,0.0209778547286987,0.0110026421025395,0.0123347295448184,0.702239990234375,0.702239990234375,0.0207654921842715,0.1352137080840201,12.0,0.1352137080840201,0.1139204017474938,0.0,9.449490600270377e-19,0.0,2.6802031235090177e-19,0.0,1.5449470988457328e-18,0.0,1.506343970192884e-17,2.14747771248379e-06,4.964890203226272e-05,True,82,6,success,-1,True,False,False,-1,,akita_black_bowl_1,False,-1,False,-1,False,0.0,1.0,82,55,0.1223703328151575,0.8289744611191936,0.3918444905728238,4.262388667325236,163329.42357978591,0.297760009765625,,False,False
libero_spatial_with_mug,0,3,0,3,131291,0,131291,4,64,pick up the black bowl between the plate and the ramekin and place it on the plate,-1,-1,none,-1,-1,-1,-1,4.0,0.0016516966279596,0.0054594427347183,0.0053242710418999,0.0025263999123126,0.0010577758075669,0.0008093491778708,0.0083444649353623,0.8378510475158691,0.0009665939141996,0.0025582313537597,0.0007157633663155,0.0014604168245568,0.8846594095230103,2.9474565982818604,28.939592361450195,3.187305450439453,13.589978218078612,82.29937744140625,0.006276458967477,0.0111596947535872,0.0190466288477182,0.0055485526099801,0.0099475160241127,0.0190158262848854,0.0059422766789793,0.0105046425014734,0.0238201469182968,0.0084834150038659,0.0085147945210337,0.0120375121477991,0.013142698444426,0.0228543919511139,0.0239216443151235,0.0074501987546682,0.0075109931640326,0.007774009485729,0.0078913588076829,0.0076184367062523,0.0078046410344541,0.0076184367062523,0.0078046410344541,first,1.0,0.0,0.8392266035079956,1.4230960607528689,0.0,0.8392266035079956,0.0,0.8392266035079956,True,0.8378510475158691,0.0009665939141996,0.0025582313537597,0.0228543933480978,0.0006460380973294,0.0076184370554983,0.0001143620102084,135291,135291,80,16,0,False,False,0.0,0.0,0.1223703328151575,0.0520772715540812,0.0016936384793586,0.0001844878225175,0.0,0.0,0.0,0.0,127.0,10.0,127.0,0.9745170087760152,1.268908299367718,0.0777777777777777,0.1699116241007978,0.1245298963707457,0.2123895301259973,0.7153344978344987,4.180482253638618,9.645919219243,186.38345950801013,674.4178466796875,11.65965175628662,19.84151306647493,0.8821755911347686,2254.362548828125,24.79052352905273,14.600565998703663,0.735352115748809,0.0369542576372623,0.0105038629844784,0.0223037004470825,0.0327748470008373,0.0128373112529516,0.8392266035079956,0.8392266035079956,0.0154018760477024,0.1220533735316164,12.0,0.1220533735316164,0.0552301142771135,0.0,3.492406309907713e-20,0.0,1.524392407196771e-19,0.0,1.912087272651364e-18,0.0,5.434550715759128e-18,0.0016849693651912,0.0058540553985082,True,82,6,success,-1,True,False,False,-1,,akita_black_bowl_1,False,-1,False,-1,False,0.0,1.0,82,55,0.1223703328151575,0.8289744611191936,0.3918444905728238,4.262388667325236,163329.42357978591,0.1607733964920044,,False,False
libero_spatial_with_mug,0,3,0,3,131291,0,131291,5,80,pick up the black bowl between the plate and the ramekin and place it on the plate,-1,-1,none,-1,-1,-1,-1,4.0,0.0045622386969625,0.0310057830065488,0.0083768190816044,0.0078692315146327,0.0015810217009857,0.0035849085543304,0.0270188078284263,0.9771913886070251,0.000845614937134,0.0018309354782104,0.0016112613957375,0.0045287432149052,1.4329359531402588,5.361902713775635,48.29337310791016,3.812795162200928,16.132265090942383,72.25821685791016,0.0089315688237547,0.0216794051229953,0.0513499230146408,0.0058825952000916,0.0104502877220511,0.0224979128688573,0.0063186432234942,0.0111376401036977,0.0192157421261072,0.0098653868772089,0.010114848613739,0.0169028008822351,0.0198375284671783,0.0278137433342635,0.029384609311819,0.0079569697845727,0.0080879619345068,0.0089456252753734,0.0093410024419426,0.0080084819346666,0.0083669815212488,0.0080084819346666,0.0083669815212488,first,1.0,0.0,0.978058934211731,1.0259345769882202,0.0,0.978058934211731,0.0,0.978058934211731,True,0.9771913886070251,0.000845614937134,0.0018309354782104,0.0278137419372797,0.0009438943816348,0.0080084819346666,0.000207856792258,136291,136291,82,2,0,False,True,1.0,1.0,0.0142334821726377,0.052181520915923,0.0016686617559695,0.0003473557891622,0.0,0.0,0.0,0.0,15.0,9.0,15.0,1.1541453261065455,1.1714790909246575,0.1666666666666666,0.0218105385901874,0.0218101666972994,0.2181053859018744,0.1196154254402358,0.0,0.0,0.0,1295.932373046875,17.298076629638672,17.004980219713598,0.7694877145110484,2098.48046875,24.553165435791016,14.911754294236054,0.7728715763795647,1.6902167797088623,0.2812966406345367,1.242501974105835,0.0599397830665111,0.0263993553817272,0.021941065788269,0.978058934211731,0.0078574961143371,0.0492957200956465,12.0,0.0177815741931057,0.0492957200956465,0.0,1.9860342065263303e-18,0.0,1.0832267376076766e-18,0.0,2.8945522683659443e-18,0.0002839413504795,0.0213386987158216,0.0001303732584165,0.0054596457585757,True,82,6,success,-1,True,False,False,-1,,akita_black_bowl_1,False,-1,False,-1,False,0.0,1.0,82,55,0.1223703328151575,0.8289744611191936,0.3918444905728238,4.262388667325236,163329.42357978591,0.021941065788269,,False,False
libero_spatial_with_mug,0,4,0,4,131388,0,131388,0,0,pick up the black bowl between the plate and the ramekin and place it on the plate,-1,-1,none,-1,-1,-1,-1,4.0,0.0040800170972943,0.0273446943610906,0.0172295086085796,0.0082749584689736,0.0009432919323444,0.0009053694084286,0.0241140592843294,0.4562674462795257,0.0008194675901904,0.0021345913410186,0.0011518478859215,0.0047623673453927,0.8954071998596191,2.9580399990081787,42.76315689086914,2.1790425777435303,11.456439018249512,60.903099060058594,0.0083220656961202,0.0204526428133249,0.0382272638380527,0.0058095674030482,0.0102580990642309,0.0204166509211063,0.0055780988186597,0.0100057041272521,0.0185272246599197,0.0080552329309284,0.0081177568063139,0.0115133335348218,0.0120638571679592,0.0235161925666034,0.0243661776185035,0.0074147747363895,0.0075055370107293,0.0077181591186672,0.007833082228899,0.006956972181797,0.0071635129861533,0.006956972181797,0.0071635129861533,first,1.0,0.0,0.4549681842327118,-1.5854953527450562,0.0,0.4549681842327118,1.0,0.4571027755737304,False,0.4562674462795257,0.0008194675901904,0.0021345913410186,0.0235161930322647,0.0009471877710893,0.006956972181797,0.0001503280072938,131388,131389,16,16,0,False,False,0.0,0.0,2.786076397365278e-07,0.294882698769199,2.724381856803254e-06,2.4378680735237523e-06,0.0,0.0,0.0,0.0,0.0,0.0,0.0,0.8431381036315861,1.0804279229771776,0.0444444444444444,0.149573734682172,0.1471712148975071,0.186967168352715,0.4491553945374888,3.838276554025042,7.544736401276128,200.2057267370637,552.2291870117188,10.097264289855955,20.70961004158381,0.8907932206884678,1307.861083984375,15.663012504577637,16.96518743533298,0.7906410631685789,0.0121041471138596,0.0029561738483607,0.008445918560028,0.0085232853889465,0.0085749020799994,0.4549681842327118,0.4549681842327118,5.403613779196025e-05,0.0006456186340893,12.0,2.934624683612725e-07,5.883756820601865e-09,2.934624683612516e-07,5.883756828774636e-09,2.530519738197512e-07,4.938777681399454e-17,2.6346862755526685e-07,3.568444197703545e-09,2.673608637928073e-07,9.187799770807225e-09,1.4196892546479858e-06,0.0006456186340893,False,220,14,target_drop_candidate,96,False,False,False,-1,,akita_black_bowl_1,True,96,False,-1,False,0.0,0.0,-1,54,0.1378779320712959,1.7248632918490587,0.3574345540677896,6.283557117936367,75690111.5621962,0.4549681842327118,96.0,True,False
libero_spatial_with_mug,0,4,0,4,131388,0,131388,1,16,pick up the black bowl between the plate and the ramekin and place it on the plate,-1,-1,none,-1,-1,-1,-1,4.0,0.001824251958169,0.0085571184754371,0.0069469911977648,0.0032168002799153,0.0008093169890344,0.0006914127152413,0.010362041182816,0.5183719992637634,0.0012827483005821,0.0032102465629577,0.0005008014268241,0.0011154928943142,0.7822811007499695,2.345207929611206,31.53173065185547,2.3192331790924072,11.157957077026367,48.97703552246094,0.0063516106456518,0.0115365525707602,0.0191949531435966,0.0054934062063694,0.0097352163866162,0.0169729497283697,0.0058787330053746,0.0103652337566018,0.0181277729570865,0.0085776702035218,0.0086319716647267,0.0117956278845667,0.0125259961932897,0.0225519309751689,0.0228360816836357,0.0072485491400584,0.0072842305526137,0.007645042380318,0.0076731671579182,0.0069025239208713,0.0071498691104352,0.0069025239208713,0.0071498691104352,first,1.0,0.0,0.5197021961212158,1.0369898080825806,0.0,0.5197021961212158,0.0,0.5197021961212158,True,0.5183719992637634,0.0012827483005821,0.0032102465629577,0.0225519314408302,0.0003005231556016,0.0069025238044559,0.0002062412386294,132388,132388,32,16,0,False,False,0.0,0.0,2.786076397365278e-07,0.1580747318661417,4.0289453432104e-06,2.07709151922586e-06,0.0,0.0,0.0,0.0,0.0,0.0,0.0,1.0852137928045584,1.2550397906381472,0.0666666666666666,0.2059061397770976,0.175886278710816,0.257382674721372,0.666334443775419,4.653960040156465,9.4365098346403,143.05943655038664,820.417236328125,12.57942008972168,18.990455848864052,0.8484807234812294,1300.838623046875,17.603469848632812,16.988569378399994,0.8272188036743784,0.0198271144181489,0.0041346121579408,0.0180471576750278,0.005610623396933,0.018855046480894,0.5197021961212158,0.5197021961212158,6.72984777656271e-07,5.95956807394933e-06,12.0,0.0,3.727057753461967e-17,0.0,3.673149343864288e-17,0.0,2.0126889222943174e-18,0.0,1.9426819907602833e-18,0.0,5.3539614559294825e-18,2.116249257842611e-06,5.95956807394933e-06,False,220,14,target_drop_candidate,96,False,False,False,-1,,akita_black_bowl_1,True,96,False,-1,False,0.0,0.0,-1,54,0.1378779320712959,1.7248632918490587,0.3574345540677896,6.283557117936367,75690111.5621962,0.5197021961212158,80.0,True,False
libero_spatial_with_mug,0,4,0,4,131388,0,131388,2,32,pick up the black bowl between the plate and the ramekin and place it on the plate,-1,-1,none,-1,-1,-1,-1,4.0,0.0020547634921967,0.0087203299626708,0.0093327891081571,0.0034042124170809,0.0010181184625253,0.001116351224482,0.0107577452436089,0.639681339263916,0.0005868785083293,0.0016453862190246,0.0011708483798429,0.002701582852751,0.6952211856842041,2.1213202476501465,19.163768768310547,3.250188112258911,17.01205825805664,53.46260452270508,0.0064889984205365,0.0118742128834128,0.0202176701277494,0.0056488113477826,0.0100754182785749,0.0189883783459663,0.005577917676419,0.0099712293595075,0.0176780261099338,0.0085999425500631,0.0087069710716605,0.0147999105975031,0.0152360834181308,0.0245606661774218,0.0261211618781089,0.0075237904675304,0.0075798681937158,0.0079074825625866,0.0080742500722408,0.0070914471289142,0.0073516815900802,0.0070914471289142,0.0073516815900802,first,1.0,0.0,0.6388384699821472,-1.4361903667449951,0.0,0.6388384699821472,3.0,0.6404838562011719,False,0.639681339263916,0.0005868785083293,0.0016453862190246,0.0245606657117605,0.0009866346372291,0.0070914472453296,0.0001504303072579,133388,133391,48,16,0,False,False,0.0,0.0,0.0085143711039248,0.0536054852244098,5.868525357196464e-06,2.0774381899180128e-06,0.0,0.0,0.0,0.0,38.0,11.0,38.0,0.7043210253386339,1.2000236898220882,0.0666666666666666,0.1399390157774983,0.1302924224813021,0.1749237697218728,0.5239152265165408,3.671672068649073,8.3904594813367,212.42183481081824,821.5407104492188,12.99380874633789,18.98451271629537,0.8450129717864245,1170.11474609375,16.4831600189209,17.44851908393701,0.8292862562378354,0.0582518130540847,0.0131510309875011,0.0466663837432861,0.0251075252890586,0.0059044184163212,0.6388384699821472,0.6388384699821472,0.0082334502476889,0.0853731429349568,12.0,0.0133780861856762,0.0853731429349568,0.0,1.784532784473694e-18,0.0,3.209378751433562e-18,0.0,1.4320303210188404e-18,0.0,9.580508054315612e-18,2.1465212605111528e-06,4.802733037382719e-05,False,220,14,target_drop_candidate,96,False,False,False,-1,,akita_black_bowl_1,True,96,False,-1,False,0.0,0.0,-1,54,0.1378779320712959,1.7248632918490587,0.3574345540677896,6.283557117936367,75690111.5621962,0.6388384699821472,64.0,True,False
libero_spatial_with_mug,0,4,0,4,131388,0,131388,3,48,pick up the black bowl between the plate and the ramekin and place it on the plate,-1,-1,none,-1,-1,-1,-1,4.0,0.0022633303888142,0.0130103463307023,0.0073269889689981,0.0039488389156758,0.0011412625899538,0.000573007739149,0.0121109569445252,0.6826863884925842,0.000412231136579,0.0010843873023986,0.0009315747302025,0.0023968117311596,1.010074019432068,3.9370038509368896,59.88061141967773,1.9013227224349976,8.874119758605957,34.945491790771484,0.0067287045530974,0.0121760359033942,0.0216440595686435,0.0056876181624829,0.0101132243871688,0.0169573202729225,0.0054795406758785,0.0097728557884693,0.0171381682157516,0.0083114088047295,0.0084416549652814,0.0106476442888379,0.0108012938871979,0.021647841669619,0.0223137848079204,0.0074921949999406,0.0075708427466452,0.0077523387735709,0.0078856032341718,0.0070363940903916,0.0071456343866884,0.0070363940903916,0.0071456343866884,first,1.0,0.0,0.6831517219543457,1.128816843032837,0.0,0.6831517219543457,0.0,0.6831517219543457,True,0.6826863884925842,0.000412231136579,0.0010843873023986,0.0216478407382965,0.0004899632767774,0.0070363939739763,8.473252091789618e-05,134388,134388,64,16,0,False,False,0.0,0.0,0.1289101708010538,0.0530786966273952,7.866010676809586e-06,2.077448221227129e-06,0.0,0.0,0.0,0.0,164.0,11.0,164.0,0.8274080946228448,1.0167926786931278,0.0111111111111111,0.1414495163667752,0.1368450074811676,0.1768118954584691,0.3860309927750062,2.674612421797707,4.9184584245686445,97.8307684265188,658.8602905273438,11.240918159484863,19.942870274356256,0.8780133960960058,2290.6640625,24.10282516479492,14.53118958496571,0.699603121058366,0.1614775359630584,0.0284002758562564,0.1409872770309448,0.0078867617994546,0.0237883366644382,0.6831517219543457,0.6831517219543457,0.0211290562013368,0.1384965010900257,12.0,0.1384965010900257,0.1150003769462705,0.0,2.2745120482589253e-18,0.0,1.4277361237879306e-18,0.0,2.114025188635252e-18,0.0,1.3776802965834749e-17,2.147477712260531e-06,4.964890203320485e-05,False,220,14,target_drop_candidate,96,False,False,False,-1,,akita_black_bowl_1,True,96,False,-1,False,0.0,0.0,-1,54,0.1378779320712959,1.7248632918490587,0.3574345540677896,6.283557117936367,75690111.5621962,0.6831517219543457,48.0,True,False
libero_spatial_with_mug,0,4,0,4,131388,0,131388,4,64,pick up the black bowl between the plate and the ramekin and place it on the plate,-1,-1,none,-1,-1,-1,-1,4.0,0.0017716515576466,0.0065564927645027,0.0084721772000193,0.0028041724581271,0.001088608871214,0.0007232172065414,0.0092466101050376,0.8638477325439453,0.0005002179532311,0.0013883113861083,0.0006416032556444,0.0011474423808977,0.6330594420433044,2.0463380813598637,15.779733657836914,1.429203987121582,5.147815227508545,49.71104049682617,0.0063817896880209,0.011559197679162,0.0199432075023651,0.0054608858190476,0.0096876239404082,0.0207229945808649,0.005659672897309,0.0100416773930192,0.0168140493333339,0.0085789004806429,0.008640369400382,0.0114380004815757,0.0119167184457182,0.0221505630761384,0.0227790102362632,0.0073768205475062,0.0074622631072998,0.007744557224214,0.007871201261878,0.0073848188621923,0.0074600083753466,0.0073848188621923,0.0074600083753466,first,1.0,0.0,0.8639190793037415,0.1426313519477844,0.0,0.8639190793037415,1.0,0.8644469976425171,False,0.8638477325439453,0.0005002179532311,0.0013883113861083,0.0221505630761384,0.0003830992791336,0.0073848189786076,7.697532419115305e-05,135388,135389,80,16,0,False,False,0.0,0.0,0.1378779320712959,0.0525299294682502,0.0025502784951183,2.077447231685348e-06,0.0,0.0,0.0,0.0,130.0,13.0,130.0,0.999737729293208,1.269023392588239,0.0555555555555555,0.1707346857719245,0.1292857498062119,0.2134183572149057,0.8773964633695066,7.991163932219264,34.30360948865674,992.650016790578,849.1063842773438,13.154987335205078,18.841182545931364,0.8514258537856894,2051.168212890625,22.170917510986328,15.010790832715646,0.7380606182558195,0.0351055935025215,0.0092473411932587,0.0249385237693786,0.0212392155081033,0.0111096240580081,0.8639190793037415,0.8639190793037415,0.0199773561450238,0.128370496859757,12.0,0.128370496859757,0.0715833067520728,0.0,1.5338890267638486e-18,0.0,2.559866991708885e-18,0.0,1.990904762749615e-18,0.0,7.015561110959724e-18,0.0025710141878452,0.0372034559406109,False,220,14,target_drop_candidate,96,False,False,False,-1,,akita_black_bowl_1,True,96,False,-1,False,0.0,0.0,-1,54,0.1378779320712959,1.7248632918490587,0.3574345540677896,6.283557117936367,75690111.5621962,0.8639190793037415,32.0,True,False
libero_spatial_with_mug,0,4,0,4,131388,0,131388,5,80,pick up the black bowl between the plate and the ramekin and place it on the plate,-1,-1,none,-1,-1,-1,-1,4.0,0.0218505878001451,0.8653681874275208,0.0404692627489566,0.0281420201063156,0.0042782551608979,0.0556932985782623,0.1408238708972931,0.9994406700134276,0.0009687363635748,0.0022372007369995,0.0015959636075422,0.0035873085726052,0.90744286775589,3.269174098968506,30.42511367797852,2.557625770568848,11.368817329406738,61.79603576660156,0.0279381889849901,0.06923858076334,0.8884162306785583,0.0058139995671808,0.0104279024526476,0.0175367351621389,0.0062711397185921,0.0111816124990582,0.0196350514888763,0.010024748975411,0.0101890722289681,0.0162389012984931,0.0168961882591247,0.0327777378261089,0.0335685573518276,0.0077361435396596,0.0078328466042876,0.0080308499746024,0.0081636253744363,0.0077959628542885,0.0079085575416684,0.0077959628542885,0.0079085575416684,first,1.0,0.0,0.9977627992630004,-1.7320200204849243,0.0,0.9977627992630004,1.0,1.0,False,0.9994406700134276,0.0009687363635748,0.0022372007369995,0.0327777378261089,0.0007520371582359,0.0077959625050425,0.000108578846266,136388,136389,96,16,0,False,False,0.0,0.0,0.0538018546433654,0.0523943178719611,0.0084202698092109,0.0082604479494315,1.0,0.0,0.0,0.0,68.0,13.0,68.0,0.6590902701544714,0.9236357072673376,0.0777777777777777,0.090568496045115,0.0831173631682643,0.1132106200563938,0.372417877019051,4.131221282269581,10.731409894138904,608.8134759802364,873.4574584960938,14.05943775177002,18.71838603226481,0.841003128735433,2872.95849609375,29.830602645874023,13.547510088222417,0.6471479965804675,0.0745941251516342,0.0181917026638984,0.0474911630153656,0.0548580661416053,0.0322893597185611,0.9977627992630004,0.9977627992630004,0.0197258283029251,0.1476997455391706,12.0,0.0367512648611296,0.1476997455391706,0.0,4.725229305476837e-19,0.0,2.5938434500016884e-18,0.0,2.4691529612525445e-18,7.691480696526405e-06,0.0001309024931184,0.0031065581401483,0.0490137771208382,False,220,14,target_drop_candidate,96,False,False,False,-1,,akita_black_bowl_1,True,96,False,-1,False,0.0,0.0,-1,54,0.1378779320712959,1.7248632918490587,0.3574345540677896,6.283557117936367,75690111.5621962,0.9977627992630004,16.0,True,True
libero_spatial_with_mug,0,4,0,4,131388,0,131388,6,96,pick up the black bowl between the plate and the ramekin and place it on the plate,-1,-1,none,-1,-1,-1,-1,4.0,0.0056874901056289,0.0364789403975009,0.0282703563570976,0.0117342062294483,0.0012622856302186,0.0008229574305005,0.0429967641830444,0.9908004999160768,0.0015863578300923,0.0038437843322753,0.0007296103285625,0.0017908705631271,1.0223160982131958,3.960744857788086,40.88016128540039,1.2241746187210083,4.918078899383545,35.59757614135742,0.0102122835814952,0.0338248237967491,0.0572323463857173,0.0057539609260857,0.0101981591433286,0.0203713998198509,0.0075371908023953,0.0134157231077551,0.0236401911824941,0.0105524226091802,0.0108620943501591,0.0254650716669857,0.0266722459346056,0.0404573297128081,0.0417734459042549,0.0080781809519976,0.0082372641190886,0.0084658204577863,0.0087123587727546,0.0113607761450111,0.0126797100529074,0.0113607761450111,0.0126797100529074,first,1.0,0.0,0.9921025037765504,0.8207504153251648,0.0,0.9921025037765504,1.0,0.992552638053894,False,0.9908004999160768,0.0015863578300923,0.0038437843322753,0.0404573306441307,0.0010907772229984,0.0113607766106724,0.0009146871743723,137388,137389,112,16,0,False,False,0.0,0.0,0.0125410740484295,0.1294991950838658,0.0032706764130678,1.3137582864808373e-05,1.0,0.0,0.0,0.0,0.0,0.0,0.0,0.3193332222491385,0.4526177243655839,0.0666666666666666,0.0462405741788671,0.0377946862056313,0.0578007177235838,0.3334423223529895,6.855967402209652,44.60096843194837,17708.384976073125,936.020751953125,14.306567192077637,18.417948835413164,0.826092454216979,3029.3427734375,33.3207893371582,13.31731943860563,0.6435531062176629,0.1177151203155517,0.0313289687037467,0.0715564936399459,0.0706663504242897,0.0827449336647987,0.9921025037765504,0.9921025037765504,0.000564838803447,0.0067761227079792,12.0,8.541785149216745e-08,7.863059001509215e-07,0.0,1.0623836243309317e-18,0.0,1.9138358426183305e-18,0.0,2.6566509832773243e-18,2.901536403581764e-08,4.142187664480242e-07,6.27975502653694e-07,0.0067761227079792,False,220,14,target_drop_candidate,96,False,False,False,-1,,akita_black_bowl_1,True,96,False,-1,False,0.0,0.0,-1,54,0.1378779320712959,1.7248632918490587,0.3574345540677896,6.283557117936367,75690111.5621962,0.9921025037765504,0.0,False,False
libero_spatial_with_mug,0,4,0,4,131388,0,131388,7,112,pick up the black bowl between the plate and the ramekin and place it on the plate,-1,-1,none,-1,-1,-1,-1,4.0,0.0049943691119551,0.0202590841799974,0.0233392063528299,0.0105759082362055,0.0008306486415676,0.0007409165264107,0.0315185077488422,0.9995477795600892,0.0002119123091688,0.0005668401718139,0.0005272602429613,0.0008889479213394,0.4324233531951904,1.2247449159622192,7.648529052734375,0.6299670934677124,1.9202864170074463,7.495831966400146,0.0091676535084843,0.0220953151583671,0.0459377355873584,0.0059335334226489,0.0105993766337633,0.018856106325984,0.0057965265586972,0.0101907113566994,0.0180793423205614,0.0113342888653278,0.0114227468147873,0.0348131842911243,0.0361747965216636,0.0480519738048315,0.048695720732212,0.0104042023885995,0.0104719549417495,0.014379586558789,0.0144783454015851,0.0076984526822343,0.0077943317592144,0.0076984526822343,0.0077943317592144,first,1.0,0.0,0.9994913935661316,-0.2660817205905914,0.0,0.9994913935661316,1.0,0.9998995661735536,False,0.9995477795600892,0.0002119123091688,0.0005668401718139,0.0480519756674766,0.000624154927209,0.0076984530314803,5.81180393055547e-05,138388,138389,128,16,0,False,False,0.0,0.0,0.0125410598592458,0.130785369965535,0.003270680715278,1.3084202297175551e-05,1.0,0.0,0.0,0.0,0.0,0.0,0.0,0.3794405084894033,0.4414532447646451,0.1555555555555555,0.0678682328350816,0.0673758392960881,0.084835291043852,0.1613367784630458,3.850401555380661,12.435210211259884,1075.5806350229088,1160.75244140625,16.624095916748047,17.483407550787856,0.787006479520913,3387.895751953125,34.67584228515625,12.831503225646316,0.6231886222338368,0.1617594063282013,0.0459343791007995,0.1131795644760131,0.1203209906816482,0.0815243348479271,0.9994913935661316,0.9994913935661316,0.0005647820533433,0.006776207174545,12.0,9.058435375390637e-08,4.698010756478341e-07,0.0,3.3299088786213507e-19,0.0,8.443082992814548e-19,0.0,4.994473212051249e-18,2.64355468998616e-12,2.660089684114028e-10,6.168114935877917e-07,0.006776207174545,False,220,14,target_drop_candidate,96,False,False,False,-1,,akita_black_bowl_1,True,96,False,-1,False,0.0,0.0,-1,54,0.1378779320712959,1.7248632918490587,0.3574345540677896,6.283557117936367,75690111.5621962,0.9994913935661316,-16.0,False,False
libero_spatial_with_mug,0,4,0,4,131388,0,131388,8,128,pick up the black bowl between the plate and the ramekin and place it on the plate,-1,-1,none,-1,-1,-1,-1,4.0,0.0026827943511307,0.0104436054825782,0.0082880407571792,0.004382137209177,0.0014961449196562,0.0011447160504758,0.0141955614089965,0.7062439322471619,0.0496598519384861,0.1375369429588318,0.0010045381495729,0.0018821731209754,1.0346224308013916,3.674234628677368,36.44430541992188,3.3704872131347656,14.991663932800291,73.37361907958984,0.0070982533507049,0.0131889330223202,0.0251604225486516,0.0056496239267289,0.0099942022934556,0.0173518247902393,0.0994930565357208,0.1069365292787551,0.1218641623854637,0.0089551145210862,0.0091135567054152,0.0133160057011991,0.0140689304098486,0.0270898840390145,0.0278318375349044,0.0082270414568483,0.0083472691476345,0.0093396538868546,0.0095543032512068,0.0119222456123679,0.0126338647678494,0.0119222456123679,0.0126338647678494,first,1.0,0.0,0.7162126898765564,0.200740784406662,0.0,0.7162126898765564,2.0,0.778443455696106,False,0.7062439322471619,0.0496598519384861,0.1375369429588318,0.0270898845046758,0.0005045621655881,0.0119222458451986,0.0006717985379509,139388,139390,144,16,0,False,False,0.0,0.0,0.0125410441596404,0.0724398949223418,0.0032706873573856,1.3059054903452603e-05,1.0,0.0,0.0,0.0,0.0,0.0,0.0,0.8730950182911081,0.9618360937178556,0.0777777777777777,0.1590780282549956,0.1510345965127374,0.1988475353187445,0.5561813245680476,6.934941191640927,46.963158504592094,1638.2443710461532,1259.5032958984375,16.997150421142578,17.128810525600734,0.778340165757158,3222.884033203125,32.831298828125,13.048356819910268,0.6318342817832755,0.0857716128230094,0.0197078194469213,0.0578321516513824,0.0638827085494995,0.0554888322949409,0.7162126898765564,0.7162126898765564,0.0005647892842204,0.0067763009544571,12.0,9.058443638971503e-08,4.698022381144543e-07,0.0,1.0300423029742497e-18,0.0,1.9471100632836763e-18,0.0,7.037481952430898e-19,2.64355468998616e-12,2.660094787358262e-10,6.098008611830657e-07,0.0067763009544571,False,220,14,target_drop_candidate,96,False,False,False,-1,,akita_black_bowl_1,True,96,False,-1,False,0.0,0.0,-1,54,0.1378779320712959,1.7248632918490587,0.3574345540677896,6.283557117936367,75690111.5621962,0.7162126898765564,-32.0,False,False
libero_spatial_with_mug,0,4,0,4,131388,0,131388,9,144,pick up the black bowl between the plate and the ramekin and place it on the plate,-1,-1,none,-1,-1,-1,-1,4.0,0.0590227618813514,0.9969908595085144,0.0467654019594192,0.0279513653367757,0.0055531314574182,0.3126458525657654,0.4774434864521026,0.8891948461532593,0.0454701483249664,0.1141907572746276,0.1000916063785553,0.4640475511550903,2.8833906650543213,14.306903839111328,80.54346466064453,7.9594645500183105,37.559120178222656,110.77313232421876,0.0655436217784881,0.337262362241745,1.0164183378219604,0.1025729104876518,0.4659890234470367,0.4864197969436645,0.09110888838768,0.0989821106195449,0.1097837388515472,0.0138730406761169,0.0157272070646286,0.0601660571992397,0.0795643776655197,0.0314269457012414,0.0347991660237312,0.0106372979935258,0.0112291034311056,0.0130323031917214,0.0150342695415019,0.0106278711464256,0.0118446992710232,0.0106278711464256,0.0118446992710232,first,1.0,0.0,0.8616752624511719,-0.6052231192588806,0.0,0.8616752624511719,3.0,0.9443532824516296,False,0.8891948461532593,0.0454701483249664,0.1141907572746276,0.0314269438385963,0.0020790426060557,0.0106278704479336,0.0010587488068267,140388,140391,160,16,0,False,False,0.0,0.0,0.0149346702489364,0.0719299335657609,0.0032706916051628,0.0008200465884803,1.0,0.0,0.0,0.0,5.0,2.0,5.0,0.3893446534384704,0.5989230050807096,0.0444444444444444,0.0687121135298119,0.0334568255030605,0.0858901419122649,0.4858358516556285,5.0620626211884,12.142390595028806,1709.888785541863,769.9229736328125,12.934377670288086,19.26633082188313,0.863944255391605,2691.030517578125,29.51582336425781,13.831617379682848,0.6959506389528818,1.6579681634902954,0.2760685682296753,1.1971511840820312,0.0379362218081951,0.0576355308294296,0.8616752624511719,0.8616752624511719,0.0026907585374451,0.0220470274573755,12.0,0.0037354899400388,0.0220470274573755,0.0,7.771444202913495e-19,0.0,1.7327245939824938e-18,0.0,2.995954501485676e-18,0.0018637768942698,0.0003107982906501,0.0010696538970048,0.0032623559700025,False,220,14,target_drop_candidate,96,False,False,False,-1,,akita_black_bowl_1,True,96,False,-1,False,0.0,0.0,-1,54,0.1378779320712959,1.7248632918490587,0.3574345540677896,6.283557117936367,75690111.5621962,0.8616752624511719,-48.0,False,False
libero_spatial_with_mug,0,4,0,4,131388,0,131388,10,160,pick up the black bowl between the plate and the ramekin and place it on the plate,-1,-1,none,-1,-1,-1,-1,4.0,0.0024460505228489,0.0073165730573236,0.0058547845110297,0.0041119451634585,0.0013142878888174,0.000843656307552,0.0124272527173161,0.9998201727867126,0.0001014301014947,0.0002756118774414,0.0011206420604139,0.0037127649411559,0.4687725901603699,1.4790199995040894,8.645808219909668,0.7569712400436401,2.549509763717652,17.24094009399414,0.0068807518109679,0.0124526843428611,0.0257496051490306,0.0058428193442523,0.0103857535868883,0.0177554097026586,0.005847088061273,0.0103166718035936,0.0208424739539623,0.0087044120300561,0.0088864285498857,0.0165976397693157,0.0189435295760631,0.0275938347913324,0.0286184940487146,0.0081295068375766,0.0082334848120808,0.0090576035436242,0.0093512292951345,0.0077243223786354,0.0078923609107732,0.0077243223786354,0.0078923609107732,first,1.0,0.0,0.9997087717056274,-1.0983039140701294,0.0,0.9997087717056274,2.0,0.9999843835830688,False,0.9998201727867126,0.0001014301014947,0.0002756118774414,0.0275938361883163,0.0009128162637352,0.0077243223786354,0.0001260440185433,141388,141390,176,16,0,False,False,0.0,0.0,0.0134629441151848,0.0826229346655025,0.0029955709130564,0.0008356969438955,1.0,0.0,0.0,0.0,0.0,0.0,0.0,0.8232066112463081,0.843644541925342,0.0,0.1755764065448796,0.1750603774371585,0.2194705081810994,0.1415415201120386,2.100977021659896,13.7813243831227,119.36995632275436,1402.502197265625,18.86359977722168,16.661768105407177,0.7532851547403255,4245.478515625,40.78874969482422,11.851537134061246,0.5403061034620446,0.3690168261528015,0.0920795127749443,0.2557443976402282,0.2557972967624664,0.1320681422948837,0.9997087717056274,0.9997087717056274,2.6842907197544285e-05,0.0002035119097507,12.0,1.1182822537551577e-05,0.0002035119097507,0.0,1.2642176720743769e-18,0.0,2.5135338014048273e-18,0.0,1.723395309650617e-18,4.6337959427210405e-06,4.603194331251835e-06,3.829575816044985e-05,5.988740564781821e-05,False,220,14,target_drop_candidate,96,False,False,False,-1,,akita_black_bowl_1,True,96,False,-1,False,0.0,0.0,-1,54,0.1378779320712959,1.7248632918490587,0.3574345540677896,6.283557117936367,75690111.5621962,0.9997087717056274,-64.0,False,False
libero_spatial_with_mug,0,4,0,4,131388,0,131388,11,176,pick up the black bowl between the plate and the ramekin and place it on the plate,-1,-1,none,-1,-1,-1,-1,4.0,0.0031177997589111,0.015288240276277,0.0106077156960964,0.0052943523041903,0.001728894538246,0.0007548568537458,0.0163585543632507,0.90729421377182,0.0221784468740224,0.0605303645133972,0.0006137978634797,0.0012726704590022,0.975054919719696,3.3447721004486084,36.676795959472656,2.7647767066955566,11.583932876586914,47.81932067871094,0.0075173620134592,0.0139178037643432,0.0275970585644245,0.0058321212418377,0.0104791149497032,0.0204607862979173,0.0448252707719802,0.0540120638906955,0.0665992125868797,0.0092374561354517,0.0093334149569273,0.0131225634831935,0.0133347995579242,0.0258613070473074,0.0267861671745777,0.0084959105588495,0.0086993612349033,0.0094424872659146,0.0098301330581307,0.0187403140589594,0.0192633494734764,0.0187403140589594,0.0192633494734764,first,1.0,0.0,0.8758222460746765,-1.4190338850021362,0.0,0.8758222460746765,1.0,0.9363526105880736,False,0.90729421377182,0.0221784468740224,0.0605303645133972,0.0258613061159849,0.000568913470488,0.018740314990282,0.0004297054838389,142388,142389,192,16,0,False,False,0.0,0.0,0.0134649030455121,0.1072673963981757,0.0029777561614373,0.0008383216781289,1.0,0.0,0.0,0.0,0.0,0.0,0.0,0.816411571977754,0.8678024766523142,0.1222222222222222,0.144391275431265,0.1302672631583286,0.1804890942890812,0.6650625363909697,7.438155798419248,50.71250281842198,2302.4133241929226,1149.931884765625,16.241371154785156,17.524082448156374,0.7932649201789291,2035.7708740234373,25.65338706970215,15.043514642890887,0.7694196417662463,0.0627900809049606,0.0144778154790401,0.0506337583065032,0.0537730380892753,0.0322172790765762,0.8758222460746765,0.8758222460746765,7.315801514305996e-06,4.423867209638553e-05,12.0,6.4869683340728775e-06,4.423867209638553e-05,0.0,5.696597274788536e-19,0.0,1.2178255610922857e-18,0.0,2.001065011937124e-18,4.637298194189562e-06,4.505983261071271e-06,1.2048327287854408e-05,1.5872368998094524e-05,False,220,14,target_drop_candidate,96,False,False,False,-1,,akita_black_bowl_1,True,96,False,-1,False,0.0,0.0,-1,54,0.1378779320712959,1.7248632918490587,0.3574345540677896,6.283557117936367,75690111.5621962,0.8758222460746765,-80.0,False,False
libero_spatial_with_mug,0,4,0,4,131388,0,131388,12,192,pick up the black bowl between the plate and the ramekin and place it on the plate,-1,-1,none,-1,-1,-1,-1,4.0,0.006047370377928,0.0264496114104986,0.0243930239230394,0.0126819508150219,0.0011986180907115,0.0006898831343278,0.0371565110981464,0.998805820941925,0.0002151249645976,0.0005684494972229,0.0006465953192673,0.0013321721926331,0.4368439614772796,1.299038052558899,10.07472038269043,0.6140773296356201,1.8708287477493288,8.674675941467285,0.0100514255464077,0.0264096911996603,0.039454024285078,0.005815387237817,0.0103841014206409,0.0183797739446163,0.0057872552424669,0.0103072393685579,0.0188245456665754,0.0099947755225002,0.0102019822224974,0.0351051827892661,0.0364630185067653,0.0317804650403559,0.0335433706641197,0.0109882249962538,0.0110748223960399,0.0139421233907341,0.0142670245841145,0.0076202091295272,0.007750847376883,0.0076202091295272,0.007750847376883,first,1.0,0.0,0.9987289905548096,-0.3571430444717407,0.0,0.9987289905548096,3.0,0.99916672706604,False,0.998805820941925,0.0002151249645976,0.0005684494972229,0.0317804664373397,0.0016217570519074,0.0076202088966965,0.0001059930291376,143388,143391,208,16,0,False,False,0.0,0.0,0.0134644189811227,0.1064149967786435,0.0029857538586745,0.0008377026029209,1.0,0.0,0.0,0.0,0.0,0.0,0.0,0.3192673427675788,0.3363959417947124,0.0,0.0624231182193263,0.0604077647117631,0.0780288977741579,0.1739268985135263,3.613220036413647,22.54042715336791,2465.446922763802,1319.9970703125,17.339664459228516,16.925073935624596,0.7626371706047147,3509.80322265625,37.77887725830078,12.67797592467656,0.6018275550427264,0.2063632309436798,0.0641206502914428,0.1214299798011779,0.1539042890071869,0.1183077692985534,0.9987289905548096,0.9987289905548096,2.322009222254581e-05,0.0001310417657094,12.0,7.655023173639044e-06,0.0001310417657094,0.0,1.5412034480681378e-18,0.0,2.661102704316916e-18,0.0,3.83808111079294e-18,4.6425313513687625e-06,4.474593301967848e-06,2.4006022335399545e-05,0.0001068211707987,False,220,14,target_drop_candidate,96,False,False,False,-1,,akita_black_bowl_1,True,96,False,-1,False,0.0,0.0,-1,54,0.1378779320712959,1.7248632918490587,0.3574345540677896,6.283557117936367,75690111.5621962,0.9987289905548096,-96.0,False,False
libero_spatial_with_mug,0,4,0,4,131388,0,131388,13,208,pick up the black bowl between the plate and the ramekin and place it on the plate,-1,-1,none,-1,-1,-1,-1,4.0,0.0063503268174827,0.0241648666560649,0.0254957508295774,0.0119324773550033,0.0025472166016697,0.001013204222545,0.0363338254392147,0.9667181968688964,0.0096247065812349,0.0267626047134399,0.0011296611046418,0.0020178856793791,1.082232117652893,3.269174098968506,34.90254211425781,3.684943914413452,15.179266929626465,39.71382141113281,0.0112849902361631,0.0259024016559124,0.0419108234345912,0.0057126060128211,0.0102176005020737,0.0188802573829889,0.0200674533843994,0.0270266253501176,0.037280797958374,0.0102671415079385,0.0105399237945675,0.0173659110441803,0.0180219877511262,0.0307853962294757,0.0329198911786079,0.0083432712126523,0.0085888355970382,0.0090838777832686,0.0092682875692844,0.0114603582769632,0.0127122271806001,0.0114603582769632,0.0127122271806001,first,1.0,0.0,0.951701521873474,-1.560221552848816,0.0,0.951701521873474,1.0,0.978464126586914,False,0.9667181968688964,0.0096247065812349,0.0267626047134399,0.030785396695137,0.0014095641672611,0.0114603582769632,0.0008217332069762,144388,144389,220,12,0,False,False,0.0,0.0,0.0134586611209022,0.1222964467920476,0.0029904117567857,0.0008296903338618,1.0,0.0,0.0,0.0,0.0,0.0,0.0,0.6178277890012851,0.8327045653726457,0.0909090909090909,0.1024019544342484,0.1000556590650385,0.1706699240570807,0.4476317583826282,6.670252153298177,29.50533171904729,399.4554825037738,941.3236694335938,14.008516311645508,18.39341381777078,0.8282152332860658,2057.692138671875,25.680644989013672,14.99699962490785,0.7408347040812842,0.1167666614055633,0.0334940887987613,0.0602108836174011,0.0892664045095443,0.0649935379624366,0.951701521873474,0.951701521873474,4.112684846031243e-06,1.8512971054388376e-05,12.0,4.443035952362423e-06,1.529340703352344e-05,0.0,4.861011683902254e-19,0.0,2.482466430545997e-18,0.0,1.935943115242673e-18,3.4811485656965164e-06,3.3882092184241164e-06,4.233446327975139e-06,1.8512971054388376e-05,False,220,14,target_drop_candidate,96,False,False,False,-1,,akita_black_bowl_1,True,96,False,-1,False,0.0,0.0,-1,54,0.1378779320712959,1.7248632918490587,0.3574345540677896,6.283557117936367,75690111.5621962,0.951701521873474,-112.0,False,False
libero_spatial_with_mug,0,5,0,5,131485,0,131485,0,0,pick up the black bowl between the plate and the ramekin and place it on the plate,-1,-1,none,-1,-1,-1,-1,4.0,0.0039753699675202,0.0299056824296712,0.0206861756742,0.0080523611977696,0.0009927743813022,0.0006921831518411,0.0234904214739799,0.4568176567554474,0.0010494424495846,0.0028338730335235,0.0007762351306155,0.0013026943197473,0.9206784963607788,3.031088829040528,49.36344909667969,1.7466700077056885,8.154753684997559,63.12883758544922,0.008305219002068,0.0204196386039257,0.0445548817515373,0.0055965636856853,0.0100087160244584,0.0161758456379175,0.0057254876010119,0.0101890917867422,0.0166819710284471,0.0080066483933478,0.0081209857016801,0.0112081097904592,0.0118402615189552,0.0235667251981794,0.024494282901287,0.0073653823928907,0.0073919701389968,0.0076339221559464,0.0076569514349102,0.0069482940016314,0.0070857685059309,0.0069482940016314,0.0070857685059309,first,1.0,0.0,0.4572872221469879,0.4474427402019501,0.0,0.4572872221469879,2.0,0.4579516351222992,False,0.4568176567554474,0.0010494424495846,0.0028338730335235,0.0235667247325181,0.0007072931621223,0.0069482941180467,0.0001004069199552,131485,131487,16,16,0,False,False,0.0,0.0,2.786076397365278e-07,0.2934454333814458,2.724381856803254e-06,2.4378680735237523e-06,0.0,0.0,0.0,0.0,0.0,0.0,0.0,0.86025158002053,1.0833790965078287,0.0222222222222222,0.1531837087551704,0.1500015938291755,0.1914796359439629,0.4671771988088001,3.903978712394895,8.258055642328484,206.66381265817856,539.7355346679688,9.957449913024902,20.808993491354972,0.8932859089744613,1337.461669921875,15.89854335784912,16.86799016365264,0.7855319882406124,0.0139435995370149,0.003229355206713,0.0115034282207489,0.0121148908510804,0.0068683526478707,0.4572872221469879,0.4572872221469879,5.403613779193908e-05,0.0006456186340891,12.0,2.934624683612725e-07,5.883756820511533e-09,2.934624683612516e-07,5.8837568288458875e-09,2.530519738197512e-07,4.7266372087281935e-17,2.6346862755526685e-07,3.56844420125727e-09,2.673608637928073e-07,9.187799771018716e-09,1.4196892545519285e-06,0.0006456186340891,True,197,13,success,96,True,False,False,-1,,akita_black_bowl_1,True,96,False,-1,False,0.0,1.0,197,55,0.1313033023180969,1.5507703133779094,0.3961512793111907,7.13758767555264,61865441.04073671,0.5427127778530121,96.0,False,False
libero_spatial_with_mug,0,5,0,5,131485,0,131485,1,16,pick up the black bowl between the plate and the ramekin and place it on the plate,-1,-1,none,-1,-1,-1,-1,4.0,0.0020857553463429,0.0095330765470862,0.0077174804173409,0.0036420917604118,0.0009625406819395,0.0007863896316848,0.0115199536085128,0.5197903513908386,0.0004152873298153,0.0011616349220275,0.0005255803116597,0.0009514233097434,0.9096560478210448,2.861380815505981,37.339656829833984,2.881073474884033,14.411367416381836,55.53827667236328,0.0065869470126926,0.0119381844997406,0.023029314354062,0.0055713397450745,0.009842874482274,0.0172897893935441,0.0052824201993644,0.0093747032806277,0.0174093637615442,0.008578788023442,0.0088099809363484,0.0120307579636573,0.0126241315156221,0.0220267502591013,0.0227339211851358,0.0073014608351513,0.0074094706214964,0.0076044750167056,0.0076445746235549,0.0067834419896826,0.006868524942547,0.0067834419896826,0.006868524942547,first,1.0,0.0,0.5192163586616516,-1.3821580410003662,0.0,0.5192163586616516,2.0,0.5203779935836792,False,0.5197903513908386,0.0004152873298153,0.0011616349220275,0.0220267493277788,0.000493551720865,0.0067834421060979,9.342793055111542e-05,132485,132487,32,16,0,False,False,0.0,0.0,2.786076397365278e-07,0.1558086934440776,4.028945343274956e-06,2.0770915191148376e-06,0.0,0.0,0.0,0.0,0.0,0.0,0.0,1.0854405021607718,1.2607777919386305,0.0666666666666666,0.2054098511067033,0.1753756511362095,0.2567623138833792,0.6560172417633744,4.85268776019648,9.637722829303083,149.37528291533653,857.2603149414062,12.97265625,18.79967641423089,0.8419419079118841,1282.4736328125,17.687612533569336,17.050319159275258,0.8311154247897677,0.0199824292212724,0.0040827835910022,0.0184828229248523,0.0042388024739921,0.0193868298083543,0.5192163586616516,0.5192163586616516,6.729847776694283e-07,5.959568074024079e-06,12.0,0.0,3.704831010798854e-17,0.0,3.6402422931177675e-17,0.0,3.0577379226434163e-18,0.0,2.486146478656621e-18,0.0,4.37579843951984e-18,2.1162492579256914e-06,5.959568074024079e-06,True,197,13,success,96,True,False,False,-1,,akita_black_bowl_1,True,96,False,-1,False,0.0,1.0,197,55,0.1313033023180969,1.5507703133779094,0.3961512793111907,7.13758767555264,61865441.04073671,0.4807836413383484,80.0,False,False
libero_spatial_with_mug,0,5,0,5,131485,0,131485,2,32,pick up the black bowl between the plate and the ramekin and place it on the plate,-1,-1,none,-1,-1,-1,-1,4.0,0.0023252589162439,0.009284870699048,0.0091809770092368,0.0039578885771334,0.0009811921045184,0.0014595707179978,0.0124719552695751,0.6398425102233887,0.000319443817716,0.000860571861267,0.001257557538338,0.0055080251768231,0.6531339287757874,1.9202864170074463,17.15189552307129,2.232374668121338,10.977249145507812,40.549354553222656,0.0066668353974819,0.0120926285162568,0.0223097745329141,0.0057641449384391,0.0103076975792646,0.0191508624702692,0.0054180230945348,0.0096546420827507,0.0174003038555383,0.0087005386594682,0.0088411020115017,0.0146907896269112,0.0171293132007122,0.0249529932625591,0.0270712934434413,0.0074479995528236,0.0075516221113502,0.0077593467431142,0.0080287419259548,0.0069544569123536,0.0070361080579459,0.0069544569123536,0.0070361080579459,first,1.0,0.0,0.6397825479507446,-0.1877083480358123,0.0,0.6397825479507446,2.0,0.6402184963226318,False,0.6398425102233887,0.000319443817716,0.000860571861267,0.0249529927968978,0.001317259739153,0.0069544566795229,8.085909939836711e-05,133485,133487,48,16,0,False,False,0.0,0.0,0.0037508360801694,0.0504876529597926,5.868525357086941e-06,2.0774381899180128e-06,0.0,0.0,0.0,0.0,19.0,5.0,19.0,0.7100187155571585,1.2117053722249584,0.0555555555555555,0.1412984144644197,0.1315850784786111,0.1766230180805247,0.525104366230407,3.577154699361752,8.921918239157076,201.9200738255395,815.5302734375,12.91711139678955,19.016402736733145,0.8464046430625088,1474.79541015625,19.784690856933597,16.443485835387374,0.786220735216547,0.0724591091275215,0.0160632822662591,0.049523651599884,0.0247761476784944,0.0066407644189894,0.6397825479507446,0.6397825479507446,0.0050165981865018,0.045831015443042,12.0,0.0143179889433449,0.045831015443042,0.0,1.3423548215795177e-18,0.0,4.0891439674431136e-18,0.0,3.824916125038915e-20,0.0,2.7328806266316925e-18,2.14652126037418e-06,4.802733037531914e-05,True,197,13,success,96,True,False,False,-1,,akita_black_bowl_1,True,96,False,-1,False,0.0,1.0,197,55,0.1313033023180969,1.5507703133779094,0.3961512793111907,7.13758767555264,61865441.04073671,0.3602174520492553,64.0,False,False
libero_spatial_with_mug,0,5,0,5,131485,0,131485,3,48,pick up the black bowl between the plate and the ramekin and place it on the plate,-1,-1,none,-1,-1,-1,-1,4.0,0.0025367068592458,0.0092738540843129,0.011974373832345,0.0043982430361211,0.0012547472724691,0.000797979242634,0.0131881646811962,0.6944584250450134,0.0003439583233557,0.0009020566940307,0.0006266121636144,0.0012225947575643,0.7681567668914795,2.6809513568878174,35.30226516723633,2.476940155029297,12.53744411468506,57.11610794067383,0.0069390679709613,0.0127044580876827,0.0250820908695459,0.0056257750838994,0.0099878134205937,0.0172414947301149,0.0054160947911441,0.0095217190682888,0.0175498574972152,0.0082574884872883,0.0084784915670752,0.0101828663609921,0.0104380929842591,0.0219600717537105,0.0227447710931301,0.0075646751793101,0.0075964722782373,0.0078530926257371,0.0079358741641044,0.0070232958532869,0.0070767714641988,0.0070232958532869,0.0070767714641988,first,1.0,0.0,0.6939042210578918,-1.611253261566162,0.0,0.6939042210578918,3.0,0.6948062777519226,False,0.6944584250450134,0.0003439583233557,0.0009020566940307,0.0219600722193717,0.0004540011286735,0.0070232953876256,4.427669773576781e-05,134485,134488,64,16,0,False,False,0.0,0.0,0.1216208755724137,0.0495634789655467,7.866010676666232e-06,2.077448221227129e-06,0.0,0.0,0.0,0.0,84.0,6.0,84.0,0.8443344082749771,1.0325784140999672,0.0333333333333333,0.1466529077405079,0.1416428061995689,0.1833161346756349,0.4118850007971817,2.41367512489318,4.930473362122091,73.3656793405409,618.7546997070312,10.986108779907228,20.21561850261108,0.8852266117878063,2743.149658203125,28.113420486450195,13.748308587833344,0.6458977747504051,0.1100383847951889,0.0241309832781553,0.077798843383789,0.0194842461496591,0.025431789457798,0.6939042210578918,0.6939042210578918,0.0215114443252978,0.1399252672326779,12.0,0.1399252672326779,0.1181602682911499,0.0,6.274852145632225e-19,0.0,3.2159435162961313e-18,0.0,2.880231855796202e-18,0.0,9.845375229085333e-18,2.147477712249542e-06,4.9648902033989945e-05,True,197,13,success,96,True,False,False,-1,,akita_black_bowl_1,True,96,False,-1,False,0.0,1.0,197,55,0.1313033023180969,1.5507703133779094,0.3961512793111907,7.13758767555264,61865441.04073671,0.3060957789421081,48.0,False,False
libero_spatial_with_mug,0,5,0,5,131485,0,131485,4,64,pick up the black bowl between the plate and the ramekin and place it on the plate,-1,-1,none,-1,-1,-1,-1,4.0,0.0019258453976362,0.0085873547941446,0.0089770453050732,0.0031498121097683,0.0010572075843811,0.0008598585263825,0.0101651847362518,0.8414954543113708,0.0004485083627514,0.0011571645736694,0.00067812402267,0.0016178910154849,0.5632169246673584,1.785357117652893,18.389875411987305,1.06150484085083,3.6314597129821777,31.83060646057129,0.0064815264195203,0.0117344260215759,0.0232380870729684,0.0054949861951172,0.0098524149507284,0.0174077227711677,0.0056372806429862,0.0099783958867192,0.0181259457021951,0.0087548268493264,0.0088539095595479,0.0127061435487121,0.0130686564370989,0.0222670817747712,0.0228409208357334,0.0073282670928165,0.0073673385195434,0.0076585845090448,0.0077039650641381,0.007530641159974,0.0076176989823579,0.007530641159974,0.0076176989823579,first,1.0,0.0,0.8408344984054565,-1.4736757278442385,0.0,0.8408344984054565,2.0,0.841991662979126,False,0.8414954543113708,0.0004485083627514,0.0011571645736694,0.0222670808434486,0.0005180274602025,0.007530640810728,5.4197949793888256e-05,135485,135487,80,16,0,False,False,0.0,0.0,0.1313033023180969,0.0493995728230158,0.0051967934351733,0.0010095261846237,0.0,0.0,0.0,0.0,84.0,6.0,84.0,0.976671971500422,1.280613224290625,0.0555555555555555,0.1642783592513137,0.1197172654158349,0.2053479490641421,0.7692290203188038,5.407704286644375,9.796234167698994,314.3717100148126,901.5631103515624,13.605170249938965,18.58084227681812,0.8414207639711051,2069.490966796875,23.12897300720215,14.972168257961872,0.729105906174935,0.0970481634140014,0.0194485187530517,0.0844821333885192,0.0161931756883859,0.0265487041324377,0.8408344984054565,0.8408344984054565,0.0256475143736628,0.1165334990572887,12.0,0.1138897452911751,0.1165334990572887,0.0,8.998472365140808e-19,0.0,3.101284260498857e-18,0.0,1.117836123788919e-18,0.0,7.96959773896599e-18,0.005030585766885,0.0723163423686051,True,197,13,success,96,True,False,False,-1,,akita_black_bowl_1,True,96,False,-1,False,0.0,1.0,197,55,0.1313033023180969,1.5507703133779094,0.3961512793111907,7.13758767555264,61865441.04073671,0.1591655015945434,32.0,False,False
libero_spatial_with_mug,0,5,0,5,131485,0,131485,5,80,pick up the black bowl between the plate and the ramekin and place it on the plate,-1,-1,none,-1,-1,-1,-1,4.0,0.0205644164234399,0.8799204230308533,0.0570715814828872,0.02595173753798,0.0031901625916361,0.0565252117812633,0.13284932076931,0.9976732134819032,0.0014539191033691,0.0031365752220153,0.0013495030580088,0.002829689765349,1.1876287460327148,4.602988243103027,45.653587341308594,3.7559196949005127,17.56758689880371,70.88150024414062,0.0259360875934362,0.0724569261074066,0.9018707275390624,0.0057546915486454,0.0102933440357446,0.0168944336473941,0.0065811253152787,0.0115979742258787,0.0198108814656734,0.0101257842034101,0.0106548909097909,0.0173555912915617,0.0206811539828777,0.0329036060720682,0.0370923802256584,0.0078465223778039,0.0079930545762181,0.0081818413455039,0.0082494039088487,0.0082195561844855,0.0083451392129063,0.0082195561844855,0.0083451392129063,first,1.0,0.0,0.9963427186012268,-0.9151092767715454,0.0,0.9963427186012268,1.0,0.9992423057556152,False,0.9976732134819032,0.0014539191033691,0.0031365752220153,0.0329036079347133,0.0029151034541428,0.0082195559516549,9.43218619795516e-05,136485,136486,96,16,0,False,False,0.0,0.0,0.0513410897519195,0.0491384090896033,0.0113080165765684,0.0086325480402991,1.0,0.0,0.0,0.0,46.0,12.0,46.0,0.6713061767078476,0.9644882857421444,0.0777777777777777,0.0944975336887936,0.0766134757903195,0.118121917110992,0.4250454394860011,4.921261563537797,17.200578559423175,1031.6406726968614,788.794189453125,12.997522354125977,19.161166580951758,0.8553955658576163,2832.89453125,29.743709564208984,13.60849954843336,0.632185448796639,0.0646053031086921,0.0166148319840431,0.0368885695934295,0.0406466983258724,0.0329568833112716,0.9963427186012268,0.9963427186012268,0.0208577557559766,0.1425558418140011,12.0,0.0412617392351427,0.1425558418140011,0.0,1.4809426406203865e-18,0.0,3.247886280161495e-18,0.0,3.722569456618525e-18,1.2244422707243931e-05,0.0001654361897672,0.0043407503140342,0.0619570570960668,True,197,13,success,96,True,False,False,-1,,akita_black_bowl_1,True,96,False,-1,False,0.0,1.0,197,55,0.1313033023180969,1.5507703133779094,0.3961512793111907,7.13758767555264,61865441.04073671,0.0036572813987731,16.0,False,False
libero_spatial_with_mug,0,5,0,5,131485,0,131485,6,96,pick up the black bowl between the plate and the ramekin and place it on the plate,-1,-1,none,-1,-1,-1,-1,4.0,0.0036196953151375,0.0243281777948141,0.0173156186938285,0.0062926425598561,0.0017210599035024,0.0012967598158866,0.0204270090907812,0.6694459915161133,0.042721789330244,0.113715648651123,0.0014620915753766,0.0034369654022157,1.6402705907821655,6.123724460601807,47.69958114624024,5.243608474731445,19.49942398071289,54.08557891845703,0.0083386376500129,0.0164079032838344,0.0412735156714916,0.0062840501777827,0.0112020326778292,0.0217205453664064,0.085696704685688,0.0979791581630706,0.1178895235061645,0.01016237703152,0.0105126351118087,0.0163055155426263,0.0172438211739063,0.0328871300444006,0.035324040800333,0.0092002097517251,0.0094959316775202,0.0121817134786397,0.0125922346487641,0.0166339110583066,0.0225762482732534,0.0166339110583066,0.0225762482732534,first,1.0,0.0,0.7348676919937134,1.5313427448272705,0.0,0.7348676919937134,0.0,0.7348676919937134,True,0.6694459915161133,0.042721789330244,0.113715648651123,0.0328871309757232,0.0020385126117616,0.0166339110583066,0.0035401775967329,137485,137485,112,16,0,False,False,0.0,0.0,0.0117585344537535,0.0705499379528196,0.0091229045959421,2.299017416107496e-06,1.0,0.0,0.0,0.0,0.0,0.0,0.0,0.6181640312926804,0.8871350649864648,0.1,0.1106668333805623,0.1039609663651837,0.1383335417257029,0.6143131135430727,7.8990844495776384,54.18400418453332,4455.461423362007,1163.9207763671875,16.901500701904297,17.471569403113392,0.7870193244636957,2578.6044921875,30.782625198364254,14.016956259547475,0.662356557638327,0.1102920696139335,0.0267105549573898,0.0818538963794708,0.0855293273925781,0.0613682977855205,0.7348676919937134,0.7348676919937134,3.64691718971652e-05,0.000435095171648,12.0,1.1275640476485884e-07,7.596088207871342e-07,0.0,2.3104081341241745e-18,0.0,2.515022488216615e-18,0.0,3.161590126859663e-18,5.672707937695008e-09,7.3778679638112e-08,1.5830745047928967e-06,0.000435095171648,True,197,13,success,96,True,False,False,-1,,akita_black_bowl_1,True,96,False,-1,False,0.0,1.0,197,55,0.1313033023180969,1.5507703133779094,0.3961512793111907,7.13758767555264,61865441.04073671,0.2651323080062866,0.0,False,False
libero_spatial_with_mug,0,5,0,5,131485,0,131485,7,112,pick up the black bowl between the plate and the ramekin and place it on the plate,-1,-1,none,-1,-1,-1,-1,4.0,0.0045195040293037,0.0235498677939176,0.0248498190194368,0.0079435938969254,0.0024070020299404,0.0005847419379279,0.0236597806215286,0.9985265731811525,0.0002651706163305,0.000637948513031,0.0006584749789908,0.0014014802873134,0.7258456349372864,2.1650636196136475,15.10794448852539,3.035228729248047,13.31352710723877,47.07706451416016,0.0089651988819241,0.0159895587712526,0.0414908900856971,0.0056240484118461,0.0099751623347401,0.0216279383748769,0.0060019753873348,0.0106673594564199,0.0190334655344486,0.0097677679732441,0.009889431297779,0.0201905383728444,0.0228648725897073,0.0361782796680927,0.0376246348023414,0.0078720040619373,0.0078911306336522,0.0082548467908054,0.0084473006427288,0.0080104791559278,0.0080745089799165,0.0080104791559278,0.0080745089799165,first,1.0,0.0,0.9983052611351012,-0.8346024751663208,0.0,0.9983052611351012,3.0,0.998873770236969,False,0.9985265731811525,0.0002651706163305,0.000637948513031,0.0361782796680927,0.0010874058352783,0.0080104786902666,5.386193879530765e-05,138485,138488,128,16,0,False,False,0.0,0.0,0.0117585143979994,0.0735266591254409,0.0091212780146656,2.0898110589806507e-06,1.0,0.0,0.0,0.0,0.0,0.0,0.0,0.7611144454100712,0.789693089845328,0.0222222222222222,0.1371730070894959,0.1362056767382404,0.1714662588618699,0.222311576269419,3.4207658345574568,14.310414098731645,301.5002855610531,1275.8736572265625,18.391016006469727,17.07272690155164,0.7686062651096112,3419.079345703125,37.53835678100586,12.79171181392994,0.6015916472931796,0.2824608385562897,0.0633208081126213,0.198172852396965,0.1896711140871048,0.2062837928533554,0.9983052611351012,0.9983052611351012,1.4533019041052018e-06,1.4554537373690528e-05,12.0,1.1437218451875168e-07,7.161525502804544e-07,0.0,2.6626041481067625e-18,0.0,2.6721256383445373e-18,0.0,2.081235918156867e-18,2.2097962192528783e-12,3.686614900388816e-10,2.054189869479012e-06,1.4554537373690528e-05,True,197,13,success,96,True,False,False,-1,,akita_black_bowl_1,True,96,False,-1,False,0.0,1.0,197,55,0.1313033023180969,1.5507703133779094,0.3961512793111907,7.13758767555264,61865441.04073671,0.0016947388648986,-16.0,False,False
libero_spatial_with_mug,0,5,0,5,131485,0,131485,8,128,pick up the black bowl between the plate and the ramekin and place it on the plate,-1,-1,none,-1,-1,-1,-1,4.0,0.0033971737138926,0.0168634075671434,0.0200953651219606,0.0060224519111216,0.0015662992373108,0.0010139604564756,0.0184240713715553,0.6999450325965881,0.018600795418024,0.046072244644165,0.0009621932404115,0.0021497604902833,1.6741726398468018,7.632168769836426,71.8100814819336,3.008423089981079,14.115593910217283,44.42057418823242,0.0078935883939266,0.0155933853238821,0.029587535187602,0.0058621214702725,0.0104062194004654,0.0204441361129283,0.0377389080822467,0.0455834344029426,0.0567781664431095,0.0096383299678564,0.0098814638331532,0.0138746360316872,0.0141908610239624,0.0271112639456987,0.0280268527567386,0.0080611379817128,0.0085441237315535,0.0083561276551336,0.0087560955435037,0.0144713795743882,0.0162136070430278,0.0144713795743882,0.0162136070430278,first,1.0,0.0,0.6980376243591309,-0.1025444418191909,0.0,0.6980376243591309,2.0,0.7308945655822754,False,0.6999450325965881,0.018600795418024,0.046072244644165,0.0271112639456987,0.0008679120801389,0.0144713800400495,0.0010110540315508,139485,139487,144,16,0,False,False,0.0,0.0,0.0117584940779882,0.120514698795493,0.0091192689087878,2.0806302083453687e-06,1.0,0.0,0.0,0.0,0.0,0.0,0.0,0.860849623016763,1.1037087923376592,0.0666666666666666,0.1374337470628955,0.130326100725754,0.1717921838286193,0.5790993917528978,7.070689384772945,47.559717126804095,2217.183652214552,644.7805786132812,11.560699462890623,20.036684132248936,0.8837133945748218,2040.2606201171875,25.79863548278809,15.03394713711936,0.7407628179752779,0.0815353244543075,0.0199236441403627,0.0605032444000244,0.0295729748904705,0.0757172480225563,0.6980376243591309,0.6980376243591309,3.747837073226229e-06,4.207537715896742e-05,12.0,1.1437231454820974e-07,7.161554705698306e-07,0.0,2.4242988936147533e-18,0.0,3.838920207579378e-18,0.0,2.037595294354951e-18,2.209755860220326e-12,3.6866182876714285e-10,2.0677690630363585e-06,4.207537715896742e-05,True,197,13,success,96,True,False,False,-1,,akita_black_bowl_1,True,96,False,-1,False,0.0,1.0,197,55,0.1313033023180969,1.5507703133779094,0.3961512793111907,7.13758767555264,61865441.04073671,0.3019623756408691,-32.0,False,False
libero_spatial_with_mug,0,5,0,5,131485,0,131485,9,144,pick up the black bowl between the plate and the ramekin and place it on the plate,-1,-1,none,-1,-1,-1,-1,4.0,0.0038920992519706,0.0215993672609329,0.0293688625097274,0.0080388532951474,0.0008268196252174,0.000647674431093,0.0233440790325403,0.9987770318984984,0.0003094692947342,0.0008274912834167,0.0004555305058602,0.0008714268915355,0.4555516242980957,1.299038052558899,6.83739709854126,1.006574630737305,3.316624879837036,18.364368438720703,0.008144105784595,0.0185689590871334,0.047671265900135,0.0056216814555227,0.0099792443215847,0.0167313683778047,0.0059303822927176,0.0105266282334923,0.0188425425440073,0.0111669534817337,0.0113048022612929,0.0390364089980721,0.0429250411689281,0.0492552258074283,0.0529591776430606,0.0087320918682962,0.0087585188448429,0.0099643536377698,0.010125114582479,0.0085513431113213,0.0086302030831575,0.0085513431113213,0.0086302030831575,first,1.0,0.0,0.9986376762390136,-0.4503052830696106,0.0,0.9986376762390136,2.0,0.9991875290870668,False,0.9987770318984984,0.0003094692947342,0.0008274912834167,0.049255222082138,0.00243107881397,0.0085513433441519,4.922100561088882e-05,140485,140487,160,16,0,False,False,0.0,0.0,0.0117584737579419,0.1206960526234127,0.009117250642731,2.080523855307881e-06,1.0,0.0,0.0,0.0,0.0,0.0,0.0,0.4683941236457487,0.5315853283831242,0.0,0.0819099322030171,0.0778269370853698,0.1023874152537714,0.2311532388468138,3.7136224410627454,18.19684203906249,1116.6373158685028,1241.534912109375,16.73077392578125,17.191214243931384,0.7759318347645925,3233.984619140625,36.14592742919922,13.03342410801003,0.6294439291343606,0.1989093571901321,0.0504695363342762,0.1370457857847213,0.135036364197731,0.1446278244256973,0.9986376762390136,0.9986376762390136,3.7479771972587534e-06,4.207713355466952e-05,12.0,1.143724430932723e-07,7.161583855221314e-07,0.0,1.886885668643952e-18,0.0,2.546671210839772e-18,0.0,4.515188890826327e-18,2.209755860220326e-12,3.686622470242864e-10,2.0676911118082958e-06,4.207713355466952e-05,True,197,13,success,96,True,False,False,-1,,akita_black_bowl_1,True,96,False,-1,False,0.0,1.0,197,55,0.1313033023180969,1.5507703133779094,0.3961512793111907,7.13758767555264,61865441.04073671,0.0013623237609863,-48.0,False,False
libero_spatial_with_mug,0,5,0,5,131485,0,131485,10,160,pick up the black bowl between the plate and the ramekin and place it on the plate,-1,-1,none,-1,-1,-1,-1,4.0,0.0126631008461117,0.5643647313117981,0.0140001215040683,0.0083179250359535,0.0013816043501719,0.0595431178808212,0.0919171795248985,0.6479514837265015,0.0064102858304977,0.0170600414276123,0.0079619949683547,0.0400642752647399,0.8175867795944214,2.586019992828369,27.562429428100582,3.1172103881835938,13.275918006896973,70.74425506591797,0.0169075541198253,0.0201069358736276,0.6749629378318787,0.0119222179055213,0.0410025566816329,0.0547378323972225,0.0141012631356716,0.0205148197710514,0.0320824049413204,0.012067886069417,0.0126284230500459,0.1078016879037022,0.1761367321014404,0.0303215938620269,0.0308559034019708,0.0092346891760826,0.0095857037231326,0.012074606725946,0.0124642429873347,0.0114314486272633,0.0118781058117747,0.0114314486272633,0.0118781058117747,first,1.0,0.0,0.6454867124557495,-0.3845025599002838,0.0,0.6454867124557495,2.0,0.6559649109840393,False,0.6479514837265015,0.0064102858304977,0.0170600414276123,0.0303215943276882,0.0005390603328123,0.0114314490929245,0.0003796895616687,141485,141487,176,16,0,False,False,0.0,0.0,0.0117584534378608,0.1052306458456422,0.0091152322937459,2.0805249276723004e-06,1.0,0.0,0.0,0.0,0.0,0.0,0.0,0.6267755027214359,1.0636947005178508,0.1363636363636363,0.1083678247632865,0.0999334404413541,0.1354597809541081,0.6082611076164313,6.462570864567718,35.37196338197308,2162.933671497819,897.4056396484375,13.886924743652344,18.600915663856973,0.8350464986761007,2021.7861328125,27.84391021728516,15.07345147422905,0.7201505417079372,0.1695769727230072,0.045962706208229,0.1091542840003967,0.0784339010715484,0.0837949514389038,0.6454867124557495,0.6454867124557495,3.748852273593637e-06,4.208758773585999e-05,12.0,1.1437257290369897e-07,7.161613020095949e-07,0.0,4.449771721459089e-19,0.0,1.950610837831754e-18,0.0,1.982092201818213e-18,2.2097962192528783e-12,3.6866270535683646e-10,2.0677347998444006e-06,4.208758773585999e-05,True,197,13,success,96,True,False,False,-1,,akita_black_bowl_1,True,96,False,-1,False,0.0,1.0,197,55,0.1313033023180969,1.5507703133779094,0.3961512793111907,7.13758767555264,61865441.04073671,0.3545132875442505,-64.0,False,False
libero_spatial_with_mug,0,5,0,5,131485,0,131485,11,176,pick up the black bowl between the plate and the ramekin and place it on the plate,-1,-1,none,-1,-1,-1,-1,4.0,0.0042057861573994,0.0290011186152696,0.0174023211002349,0.0072837113402783,0.0010238754330202,0.0045177405700087,0.0247229691594839,0.7012068033218384,0.0021467595361173,0.0054799318313598,0.0012583568459376,0.0037392524536699,0.8767838478088379,2.7386128902435303,24.96372413635254,4.333230972290039,16.25384521484375,52.2607650756836,0.0083776079118251,0.0178397800773382,0.0612609907984733,0.0058044074103236,0.0103237507864832,0.0194341149181127,0.0071509261615574,0.0122833894565701,0.0226518493145704,0.010412156349048,0.0106227118521928,0.0227162414230406,0.0272106379270553,0.0362037234008312,0.0376935452222824,0.0083959042094647,0.008466001600027,0.0090641330461949,0.0091664567589759,0.0086720616091042,0.0088421506807208,0.0086720616091042,0.0088421506807208,first,1.0,0.0,0.7026578783988953,0.6759374141693115,0.0,0.7026578783988953,3.0,0.7031437158584595,False,0.7012068033218384,0.0021467595361173,0.0054799318313598,0.0362037234008312,0.0010583364637568,0.0086720613762736,0.0001024583252728,142485,142488,192,16,0,False,False,0.0,0.0,0.0125662970487765,0.0923976243882027,0.0133231221879202,0.0020083312123114,1.0,0.0,0.0,0.0,9.0,4.0,0.0,0.3966168313680415,0.8670263570847472,0.1,0.0494580894024832,0.0324211844818091,0.061822611753104,0.4587537704759555,10.91051884995648,34.97901199944679,23436.30488696396,715.4293212890625,12.20997428894043,19.585136254839632,0.8698210937740684,2631.084716796875,33.143489837646484,13.92945528956636,0.6855377021084855,0.1470773518085479,0.0386490188539028,0.0885997414588928,0.0923951491713523,0.0899627804756164,0.7026578783988953,0.7026578783988953,0.0060725252379267,0.0327533886800679,12.0,0.009451935562836,0.0327533886800679,0.0,3.6267652147821463e-19,0.0,9.812411060486633e-19,0.0,3.7978310743359325e-18,0.0133143292468972,0.0112680027987008,0.0037900385834045,0.0022926079832142,True,197,13,success,96,True,False,False,-1,,akita_black_bowl_1,True,96,False,-1,False,0.0,1.0,197,55,0.1313033023180969,1.5507703133779094,0.3961512793111907,7.13758767555264,61865441.04073671,0.2973421216011047,-80.0,False,False
libero_spatial_with_mug,0,5,0,5,131485,0,131485,12,192,pick up the black bowl between the plate and the ramekin and place it on the plate,-1,-1,none,-1,-1,-1,-1,4.0,0.0080537488684058,0.0507164932787418,0.0251366477459669,0.0158605519682168,0.0025227414444088,0.0012263614917173,0.0491638071835041,0.8100383281707764,0.0007413841085508,0.0020509362220764,0.001842048484832,0.0053724194876849,1.2361897230148315,4.656983852386475,43.21096420288086,4.382458686828613,19.954635620117188,69.175048828125,0.0129928709939122,0.0365100651979446,0.0670368671417236,0.0059945210814476,0.010742025449872,0.0196012686938047,0.0057092886418104,0.0101049188524484,0.0187065042555332,0.0103802604135125,0.0105458740144968,0.0191669999621808,0.0196348764002323,0.0372244324535131,0.037773635238409,0.0079786714632064,0.00808622315526,0.0087573053315281,0.0088441548869013,0.0075075556524097,0.007606232073158,0.0075075556524097,0.007606232073158,first,1.0,0.0,0.8102588057518005,0.2973864376544952,0.0,0.8102588057518005,2.0,0.8110617995262146,False,0.8100383281707764,0.0007413841085508,0.0020509362220764,0.0372244343161582,0.0004843651840928,0.0075075556524097,7.65638324082829e-05,143485,143487,197,5,0,False,True,1.0,1.0,0.017460656923783,0.0836286842603945,0.0134174114549564,0.0035659835811499,1.0,0.0,0.0,0.0,4.0,2.0,0.0,0.4977117176876019,0.8995820296108007,0.25,0.0204401044692598,0.0169605887403481,0.0817604178770392,1.2584336556565814,22.9070379530936,44.69203586321225,274.05844405644694,1150.883544921875,15.972689628601074,17.520489802064535,0.794999624403835,4782.005859375,48.155460357666016,11.334702569483238,0.362097296501451,0.1642070263624191,0.0415409058332443,0.1139159798622131,0.1533504873514175,0.0551751554012298,0.1897411942481994,0.8102588057518005,0.0067914237238725,0.0493640992042655,12.0,0.0053340530710888,0.0179036469256893,0.0,8.31827756005797e-19,0.0,2.7096010360451923e-18,0.0,3.503267383366739e-18,0.0036991832140026,0.0493640992042655,0.0009284284900522,0.0042676737813722,True,197,13,success,96,True,False,False,-1,,akita_black_bowl_1,True,96,False,-1,False,0.0,1.0,197,55,0.1313033023180969,1.5507703133779094,0.3961512793111907,7.13758767555264,61865441.04073671,0.1897411942481994,-96.0,False,False
libero_spatial_with_mug,0,6,0,6,131582,0,131582,0,0,pick up the black bowl between the plate and the ramekin and place it on the plate,-1,-1,none,-1,-1,-1,-1,4.0,0.0041101342067122,0.0336334258317947,0.0189151242375373,0.0085876481607556,0.0007793011609464,0.0006700929952785,0.0249017644673585,0.4559628069400787,0.0005280728219076,0.0013891458511352,0.0012567335506901,0.0042530689388513,0.9376459717750548,3.082206964492798,48.05465698242188,2.2410213947296143,11.926860809326172,64.28841400146484,0.0083401892334222,0.0207585915923118,0.0468881130218505,0.005785902030766,0.010292774066329,0.0171944834291934,0.0053999577648937,0.0096409935504198,0.016166765242815,0.0080587505362927,0.0081276223063468,0.0112973337527364,0.0116006201133131,0.0238009328022599,0.025022380053997,0.0073815045179799,0.0074490713886916,0.0076940624276176,0.0077672395855188,0.0068896793527528,0.0070334244519472,0.0068896793527528,0.0070334244519472,first,1.0,0.0,0.4564641714096069,0.9494229555130004,0.0,0.4564641714096069,0.0,0.4564641714096069,True,0.4559628069400787,0.0005280728219076,0.0013891458511352,0.0238009337335824,0.000736893445719,0.0068896794691681,8.302983042085543e-05,131582,131582,16,16,0,False,False,0.0,0.0,2.786076397365278e-07,0.2968697242316103,2.724381856830452e-06,2.4378680735237523e-06,0.0,0.0,0.0,0.0,0.0,0.0,0.0,0.8231353600175566,1.0813830764087655,0.0444444444444444,0.1456280097444583,0.1429228190063011,0.1820350121805729,0.4541551628026921,3.848727320220098,9.53955527668639,221.78873813249777,560.193603515625,10.190595626831056,20.647422152766968,0.889395154310721,1290.6131591796875,15.531801223754885,17.022842719781078,0.7937463592392174,0.0084579521790146,0.0024021081626415,0.0048227868974208,0.0051723951473832,0.0066493167541921,0.4564641714096069,0.4564641714096069,5.40361377911696e-05,0.0006456186340796,12.0,2.934624683612725e-07,5.883756820585336e-09,2.934624683612516e-07,5.883756829096972e-09,2.530519738197512e-07,4.3587948711321456e-17,2.6346862755526685e-07,3.568444198826568e-09,2.673608637928073e-07,9.187799776054188e-09,1.4196892547850625e-06,0.0006456186340796,True,84,6,success,-1,True,False,False,-1,,akita_black_bowl_1,False,-1,False,-1,False,0.0,1.0,84,55,0.1226410690943748,0.8461617771640758,0.3893667756999607,4.7620632819214,265677.4806371581,0.5435358285903931,,False,False
libero_spatial_with_mug,0,6,0,6,131582,0,131582,1,16,pick up the black bowl between the plate and the ramekin and place it on the plate,-1,-1,none,-1,-1,-1,-1,4.0,0.0017685370985418,0.0082604428753256,0.0056509617716073,0.0030143305193632,0.000895878765732,0.0006491327076219,0.0097060585394501,0.5172892212867737,0.0004323598113842,0.0011672973632812,0.0004733877431135,0.0009105917415581,0.7080532908439636,2.2776083946228027,35.81462860107422,1.7305560111999512,8.437268257141113,37.68620300292969,0.0063344254158437,0.0114372866228222,0.0212735142558813,0.0055512133985757,0.0098567251116037,0.0194477997720241,0.0053270142525434,0.0094981519505381,0.0182492975145578,0.0085120014846324,0.0085296658799052,0.0128269731067121,0.0135555332526564,0.022266293875873,0.0226759128272533,0.0073218668112531,0.0074160131625831,0.0076963322935625,0.0078083095140755,0.0068037059390917,0.0070071741938591,0.0068037059390917,0.0070071741938591,first,1.0,0.0,0.5171111822128296,-0.4117844998836517,0.0,0.5171111822128296,2.0,0.5179957151412964,False,0.5172892212867737,0.0004323598113842,0.0011672973632812,0.0222662929445505,0.0003628101840149,0.0068037062883377,0.0001301198499277,132582,132584,32,16,0,False,False,0.0,0.0,2.786076397365278e-07,0.1603331668822437,4.028945343423296e-06,2.07709151922586e-06,0.0,0.0,0.0,0.0,0.0,0.0,0.0,1.0832357562128108,1.2471095115354252,0.1111111111111111,0.2069396060379963,0.1783470943473364,0.2586745075474954,0.667288798708882,4.883278186158499,9.73493994675906,154.19670073685222,828.2355346679688,12.701749801635742,18.949265013048453,0.8469663917818502,1553.77783203125,18.639514923095703,16.216914398525873,0.7918376388084669,0.0219876766204834,0.0049851736985147,0.0193241834640502,0.0086028687655925,0.0201066583395004,0.5171111822128296,0.5171111822128296,6.729847777077377e-07,5.9595680744746354e-06,12.0,0.0,3.7444749199483576e-17,0.0,3.740731366488416e-17,0.0,8.909739768609489e-18,0.0,2.641029056368876e-18,0.0,7.97908363293775e-18,2.116249257923836e-06,5.9595680744746354e-06,True,84,6,success,-1,True,False,False,-1,,akita_black_bowl_1,False,-1,False,-1,False,0.0,1.0,84,55,0.1226410690943748,0.8461617771640758,0.3893667756999607,4.7620632819214,265677.4806371581,0.4828888177871704,,False,False
libero_spatial_with_mug,0,6,0,6,131582,0,131582,2,32,pick up the black bowl between the plate and the ramekin and place it on the plate,-1,-1,none,-1,-1,-1,-1,4.0,0.0024671049322932,0.0105849988758564,0.0113736223429441,0.0040005892515182,0.0011114557273685,0.0019336009863764,0.0131661035120487,0.6390224695205688,0.0012095201527699,0.0032739043235778,0.0010212635388597,0.0037394559476524,0.8138633370399475,2.586019992828369,19.80372428894043,3.740990400314331,17.59794044494629,59.76202774047852,0.0067362389527261,0.01238664239645,0.0247246045619249,0.0055752675980329,0.0098689729347825,0.0166410095989704,0.0058871968649327,0.0104160849004983,0.0177246313542127,0.0085936142131686,0.0086753955110907,0.0139188237953931,0.0147499050945043,0.0247591328807175,0.0261109210550785,0.0075017075287178,0.0075508635491132,0.007868853979744,0.0079719210043549,0.0070227953838184,0.007137737236917,0.0070227953838184,0.007137737236917,first,1.0,0.0,0.6394814848899841,0.3795020580291748,0.0,0.6394814848899841,2.0,0.6403186321258545,False,0.6390224695205688,0.0012095201527699,0.0032739043235778,0.0247591324150562,0.0008144543971866,0.0070227952674031,8.554743544664234e-05,133582,133584,48,16,0,False,False,0.0,0.0,0.001177458005398,0.054156489439873,5.868525357500183e-06,2.0774381899180128e-06,0.0,0.0,0.0,0.0,11.0,4.0,11.0,0.7024329772999569,1.196570104434734,0.0777777777777777,0.1368885184095395,0.1252031983558749,0.1711106480119245,0.537427566212622,3.9535159162863738,8.885875658876463,250.6254085771202,762.8192138671875,12.68195915222168,19.30658737359956,0.8561916869388456,958.6937866210938,15.115592956542969,18.31400448188309,0.8644799648742119,0.2087066024541854,0.0278109442442655,0.2078831195831298,0.014765984378755,0.0063452837057411,0.6394814848899841,0.6394814848899841,0.0037767556566011,0.0319602101282039,12.0,0.0133106838993723,0.0319602101282039,0.0,3.349094258998132e-19,0.0,1.2284460155310852e-18,0.0,1.119730360304283e-18,0.0,4.700590547898272e-18,2.146521260620416e-06,4.80273303764184e-05,True,84,6,success,-1,True,False,False,-1,,akita_black_bowl_1,False,-1,False,-1,False,0.0,1.0,84,55,0.1226410690943748,0.8461617771640758,0.3893667756999607,4.7620632819214,265677.4806371581,0.3605185151100158,,False,False
libero_spatial_with_mug,0,6,0,6,131582,0,131582,3,48,pick up the black bowl between the plate and the ramekin and place it on the plate,-1,-1,none,-1,-1,-1,-1,4.0,0.0019409280503168,0.0119057577103376,0.0142265781760215,0.0029892493039369,0.0012912305537611,0.0007450564880855,0.0102313971146941,0.7035292387008667,0.0008972917567007,0.0023176074028015,0.0006679985672235,0.0009234808967448,0.5186368823051453,1.5811388492584229,21.283796310424805,1.1212249994277954,4.710361003875732,32.572994232177734,0.0065839225426316,0.0119389314204454,0.0250504948198795,0.0055485810153186,0.0098676607012748,0.0209854207932949,0.0056771305389702,0.0100892055779695,0.0185727626085281,0.0082854237407445,0.0083385203033685,0.0108727691695094,0.0116700110957026,0.0233360049314796,0.0236505400389432,0.0073576875729486,0.007442791480571,0.0075795147567987,0.007677833084017,0.0070448528276756,0.0071130944415926,0.0070448528276756,0.0071130944415926,first,1.0,0.0,0.7035125494003296,-0.0185996368527412,0.0,0.7035125494003296,2.0,0.7049920558929443,False,0.7035292387008667,0.0008972917567007,0.0023176074028015,0.0233360044658184,0.000309373892378,0.0070448527112603,6.618427141802385e-05,134582,134584,64,16,0,False,False,0.0,0.0,0.1178643009505808,0.0535702102247388,7.866010677219392e-06,2.077448221227129e-06,0.0,0.0,0.0,0.0,103.0,8.0,103.0,0.8682225162429718,1.0643587203587803,0.0444444444444444,0.1497965154627845,0.1413723959872377,0.1872456443284807,0.4654270183308931,3.40596675681072,6.60070886678281,144.07491611003385,760.8482666015625,12.44465446472168,19.317823053431077,0.8596490957846362,2411.72509765625,24.35675048828125,14.307525579698604,0.6912702214988385,0.02424206584692,0.0071222931146621,0.0142663717269897,0.0135329756885766,0.0104517666622996,0.7035125494003296,0.7035125494003296,0.0206925509041482,0.1376031547609441,12.0,0.1376031547609441,0.1106556597090898,0.0,3.9805231682518563e-19,0.0,4.4669717017751615e-18,0.0,1.3970021846837388e-18,0.0,1.6543462054496544e-18,2.1474777123912376e-06,4.9648902032262737e-05,True,84,6,success,-1,True,False,False,-1,,akita_black_bowl_1,False,-1,False,-1,False,0.0,1.0,84,55,0.1226410690943748,0.8461617771640758,0.3893667756999607,4.7620632819214,265677.4806371581,0.2964874505996704,,False,False
libero_spatial_with_mug,0,6,0,6,131582,0,131582,4,64,pick up the black bowl between the plate and the ramekin and place it on the plate,-1,-1,none,-1,-1,-1,-1,4.0,0.0020341088529676,0.0098973298445343,0.0092609729617834,0.0032307244837284,0.0012212292058393,0.0008829010184854,0.0109697021543979,0.823068380355835,0.0005914965295232,0.0014632940292358,0.0007580826058983,0.0015362893464043,0.9615456461906432,3.1124749183654785,35.787567138671875,3.5242159366607666,16.68832015991211,85.59351348876953,0.0066315117292106,0.0119613781571388,0.0200916994363069,0.005574757233262,0.0098302867263555,0.0185035802423954,0.0056648068130016,0.0100703826174139,0.0181010495871305,0.0085794872138649,0.0086631048470735,0.0113033938687294,0.0117156514897942,0.0227979612536728,0.0239205788820981,0.0074683715356513,0.0075963605195283,0.0077626076526939,0.0078514413908123,0.0074458469171077,0.0076388539746403,0.0074458469171077,0.0076388539746403,first,1.0,0.0,0.8220781087875366,-1.6741797924041748,0.0,0.8220781087875366,2.0,0.8235414028167725,False,0.823068380355835,0.0005914965295232,0.0014632940292358,0.0227979607880115,0.0007011287962086,0.0074458471499383,0.0001218500474351,135582,135584,80,16,0,False,False,0.0,0.0,0.1226410690943748,0.0512291717258481,0.0009896531142656,0.0001082428170646,0.0,0.0,0.0,0.0,134.0,11.0,134.0,0.9784576183936357,1.2738209468466255,0.0555555555555555,0.1650871306277103,0.1235358491266259,0.2063589132846379,0.7121080519682238,5.5079271733556405,13.225889545818374,317.65272210959256,702.5578002929688,11.901015281677246,19.66398300880601,0.8768987137486418,2196.25927734375,24.43328094482422,14.713967518326578,0.7190315582097495,0.1221340373158454,0.0260212831199169,0.1034272313117981,0.0350513979792594,0.0121059799566864,0.8220781087875366,0.8220781087875366,0.0232507285608052,0.153231161536565,12.0,0.1133009277733875,0.153231161536565,0.0,4.456005185483931e-19,0.0,1.827830498327361e-18,0.0,4.383206692541262e-18,0.0,6.700481206307636e-18,0.0009204887189956,0.0115561647007147,True,84,6,success,-1,True,False,False,-1,,akita_black_bowl_1,False,-1,False,-1,False,0.0,1.0,84,55,0.1226410690943748,0.8461617771640758,0.3893667756999607,4.7620632819214,265677.4806371581,0.1779218912124633,,False,False
libero_spatial_with_mug,0,6,0,6,131582,0,131582,5,80,pick up the black bowl between the plate and the ramekin and place it on the plate,-1,-1,none,-1,-1,-1,-1,4.0,0.0057433950714766,0.041456215083599,0.0080196391791105,0.0104301879182457,0.0017089829780161,0.0037862521130591,0.0327849984169006,0.99990975856781,0.0001052093066391,0.0002654790878295,0.0014597396366298,0.0034176674671471,1.3319690227508545,5.2618913650512695,57.82300567626953,3.6055734157562256,15.41103458404541,55.85024642944336,0.0102873435243964,0.0287999454885721,0.0562285482883453,0.0057362420484423,0.0101808197796344,0.0187907945364713,0.0058533810079097,0.0102943778038024,0.0184035617858171,0.0102563071995973,0.0104413628578186,0.0220777564682066,0.0245268121361732,0.0315111698582768,0.0330685377120971,0.0077212073374539,0.0078344168141484,0.0080649438314139,0.0081892237067222,0.0077566535910591,0.0078899879008531,0.0077566535910591,0.0078899879008531,first,1.0,0.0,0.9997345209121704,-1.6656098365783691,0.0,0.9997345209121704,2.0,1.0,False,0.99990975856781,0.0001052093066391,0.0002654790878295,0.0315111689269542,0.0009761062683537,0.0077566537074744,8.004729897947982e-05,136582,136584,84,4,0,False,True,1.0,1.0,0.0318691394728359,0.0512138346736747,0.0025907905002528,5.310753587728368e-05,0.0,0.0,0.0,0.0,43.0,11.0,42.0,1.065809492664098,1.2227677852141294,0.0555555555555555,0.0418219968815866,0.0417844497361426,0.2091099844079331,0.6582146913782202,17.422653420694445,28.4262843145947,7.76872660108408,1363.500244140625,18.520727157592773,16.784251408279466,0.7573213574115004,4386.2421875,40.2485466003418,11.709877531819028,0.4711261073124519,1.989051818847656,0.3274147808551788,1.466079831123352,0.0867093279957771,0.0311546269804239,0.0002654790878295,0.9997345209121704,0.0083515654779114,0.0419101546033503,12.0,0.0419101546033503,0.025698889561595,0.0,3.2422032491142752e-19,0.0,1.2022939506251765e-19,0.0,5.84970155422246e-18,0.0025490196124649,0.0264209330723544,9.764061672476346e-05,0.0035421482684482,True,84,6,success,-1,True,False,False,-1,,akita_black_bowl_1,False,-1,False,-1,False,0.0,1.0,84,55,0.1226410690943748,0.8461617771640758,0.3893667756999607,4.7620632819214,265677.4806371581,0.0002654790878295,,False,False
libero_spatial_with_mug,0,7,0,7,131679,0,131679,0,0,pick up the black bowl between the plate and the ramekin and place it on the plate,-1,-1,none,-1,-1,-1,-1,4.0,0.0036325289402157,0.0339294485747814,0.01855961792171,0.0072894371114671,0.0009341254481114,0.0007570151938125,0.022445410490036,0.4561965465545654,0.0004281866713427,0.0011786520481109,0.0008490998880006,0.0016643571434542,0.8458641171455383,2.7386128902435303,45.20716094970703,1.8295576572418213,8.674675941467285,68.96149444580078,0.008028233423829,0.018474843353033,0.0482749678194522,0.0056250477209687,0.0099112978205084,0.0170072615146636,0.0053870398551225,0.0095301819965243,0.0187244042754173,0.0081061201635748,0.0081467321142554,0.011251869611442,0.0119337681680917,0.0228387177921831,0.0240920614451169,0.007405676646158,0.0074338084086775,0.0077133163576945,0.0077643529511988,0.0068890722468495,0.0070238918997347,0.0068890722468495,0.0070238918997347,first,1.0,0.0,0.4568308889865875,1.4814623594284058,0.0,0.4568308889865875,0.0,0.4568308889865875,True,0.4561965465545654,0.0004281866713427,0.0011786520481109,0.0228387173265218,0.0008052448392845,0.0068890722468495,9.707320714369416e-05,131679,131679,16,16,0,False,False,0.0,0.0,2.786076397365278e-07,0.293930274543766,2.72438185677988e-06,2.4378680735237523e-06,0.0,0.0,0.0,0.0,0.0,0.0,0.0,0.8491099937533811,1.0863177882844235,0.0222222222222222,0.1508011089099995,0.1478523057324898,0.1885013861374994,0.4579516057139442,3.771646908299527,8.30181980128888,189.0632654333532,557.0678100585938,10.149161338806152,20.67172297216993,0.8898712300685236,1299.02685546875,15.6355562210083,16.99462231302714,0.791535580776827,0.0105569195002317,0.0025392635725438,0.0076411366462707,0.0077484110370278,0.007066196296364,0.4568308889865875,0.4568308889865875,5.403613779177691e-05,0.0006456186340871,12.0,2.934624683612725e-07,5.883756821496625e-09,2.934624683612516e-07,5.883756828687171e-09,2.530519738197512e-07,4.460036586356776e-17,2.6346862755526685e-07,3.568444198065538e-09,2.673608637928073e-07,9.187799781529636e-09,1.4196892545677303e-06,0.0006456186340871,True,91,6,success,-1,True,False,False,-1,,akita_black_bowl_1,False,-1,False,-1,False,0.0,1.0,91,54,0.1186331607176169,0.8470550979293023,0.3594515796305935,4.530444458311819,354294.634018886,0.5431691110134125,,False,False
libero_spatial_with_mug,0,7,0,7,131679,0,131679,1,16,pick up the black bowl between the plate and the ramekin and place it on the plate,-1,-1,none,-1,-1,-1,-1,4.0,0.0019032460404559,0.0083907842636108,0.0060294908471405,0.0032566420268267,0.0008627669303677,0.0009644951787777,0.0102257644757628,0.5165717005729675,0.0010978458449244,0.0028761029243469,0.0004986895946785,0.0008350130519829,0.7831846475601196,2.2776083946228027,30.244834899902344,2.631319046020508,12.903488159179688,54.851505279541016,0.0064355698414146,0.0116189159452915,0.0209061801433563,0.0055255545303225,0.0097759226337075,0.0161248985677957,0.0055882656015455,0.0099164647981524,0.0164818707853555,0.0086302754934877,0.0087013598531484,0.0123568656854331,0.0126453675329685,0.0221726610325276,0.0227560624480247,0.0072516801301389,0.0072708395309746,0.0076590162934735,0.0079015828669071,0.0067665027454495,0.0069021917879581,0.0067665027454495,0.0069021917879581,first,1.0,0.0,0.5171957015991211,0.5683867335319519,0.0,0.5171957015991211,1.0,0.5176354646682739,False,0.5165717005729675,0.0010978458449244,0.0028761029243469,0.0221726614981889,0.0007615279173478,0.0067665027454495,9.31085232878104e-05,132679,132680,32,16,0,False,False,0.0,0.0,2.786076397365278e-07,0.1570314477441151,4.028945343327573e-06,2.07709151922586e-06,0.0,0.0,0.0,0.0,0.0,0.0,0.0,1.0818026895022077,1.2504622196307806,0.0888888888888888,0.2051333243874843,0.1749889013649952,0.2564166554843553,0.657537318686746,4.723563655154819,9.073212681814448,141.6593996177246,845.694091796875,12.9189453125,18.85867064341891,0.843966898943413,1192.44140625,17.237829208374023,17.366433128349957,0.8435161895774607,0.0215321369469165,0.0046258619986474,0.0195252075791358,0.0057077258825302,0.0205483920872211,0.5171957015991211,0.5171957015991211,6.729847776229431e-07,5.959568073350519e-06,12.0,0.0,3.7061328258827405e-17,0.0,3.7448029376440405e-17,0.0,5.831782336366127e-18,0.0,2.018145060650805e-18,0.0,7.827926553097411e-18,2.1162492580346093e-06,5.959568073350519e-06,True,91,6,success,-1,True,False,False,-1,,akita_black_bowl_1,False,-1,False,-1,False,0.0,1.0,91,54,0.1186331607176169,0.8470550979293023,0.3594515796305935,4.530444458311819,354294.634018886,0.4828042984008789,,False,False
libero_spatial_with_mug,0,7,0,7,131679,0,131679,2,32,pick up the black bowl between the plate and the ramekin and place it on the plate,-1,-1,none,-1,-1,-1,-1,4.0,0.0023543355055153,0.0117904786020517,0.0107417246326804,0.0037633825559169,0.0011322465725243,0.0017934602219611,0.0128376232460141,0.6405375599861145,0.000964798615314,0.0024661421775817,0.0006451685912907,0.0016767176566645,0.6708074808120728,2.061552762985229,24.41695022583008,2.401009321212769,12.09338665008545,58.45938873291016,0.0067347488366067,0.0124140512198209,0.0247867703437805,0.0055174091830849,0.0098539385944604,0.0183774344623088,0.0056987074203789,0.0101278824731707,0.0189217161387205,0.0087305605411529,0.0087918862700462,0.01510522630997,0.0161556936800479,0.0254600648768246,0.0260316487401723,0.0076302137458696,0.0077710724435746,0.008041847962886,0.0082078855484724,0.0069930545287206,0.007040312513709,0.0069930545287206,0.007040312513709,first,1.0,0.0,0.6411780714988708,0.6638810634613037,0.0,0.6411780714988708,2.0,0.6414068937301636,False,0.6405375599861145,0.000964798615314,0.0024661421775817,0.0254600644111633,0.0004391128604765,0.0069930544123053,3.115056460956112e-05,133679,133681,48,16,0,False,False,0.0,0.0,0.0072482110519946,0.0521189837490805,5.868525357180579e-06,2.0774381899180128e-06,0.0,0.0,0.0,0.0,22.0,7.0,22.0,0.6972380381249633,1.206158711277481,0.0555555555555555,0.1387302390591731,0.1292559008589826,0.1734127988239664,0.5146688887872399,3.602230186176475,8.3603116496241,211.97289030322855,829.5184936523438,13.064419746398926,18.942542880462515,0.8440806317785424,1283.6044921875,17.59242057800293,17.046491325559824,0.8150568446222229,0.0966494977474212,0.0191421285271644,0.0698083639144897,0.020004354417324,0.0064779995009303,0.6411780714988708,0.6411780714988708,0.0070316089995423,0.071307357657948,12.0,0.013021776484926,0.071307357657948,0.0,4.506567532616659e-19,0.0,4.0728210971068856e-18,0.0,4.62214379371698e-18,0.0,5.096375591248112e-18,2.146521260415382e-06,4.802733037312112e-05,True,91,6,success,-1,True,False,False,-1,,akita_black_bowl_1,False,-1,False,-1,False,0.0,1.0,91,54,0.1186331607176169,0.8470550979293023,0.3594515796305935,4.530444458311819,354294.634018886,0.3588219285011291,,False,False
libero_spatial_with_mug,0,7,0,7,131679,0,131679,3,48,pick up the black bowl between the plate and the ramekin and place it on the plate,-1,-1,none,-1,-1,-1,-1,4.0,0.0021649647969752,0.0069895256310701,0.009579406119883,0.0036531325895339,0.0011408979771658,0.0007726625190116,0.0110708810389041,0.6907992959022522,0.0002619090955704,0.000662624835968,0.0005254236166365,0.0012789011234417,0.7679845690727234,2.6809513568878174,40.05620956420898,1.643729329109192,7.533259391784668,43.43601608276367,0.0066138710826635,0.0117110209539532,0.0209368746727705,0.0056104892864823,0.0099737551063299,0.0171272885054349,0.0054906364530324,0.0097287548705935,0.0185930542647838,0.0083470793906599,0.0084040043875575,0.0108093197923153,0.0111490795388817,0.0226934892125427,0.0233048852533102,0.0074720619013533,0.0075346059165894,0.0077095367014408,0.0078764678910374,0.0070890136994421,0.0072221104055643,0.0070890136994421,0.0072221104055643,first,1.0,0.0,0.6903524398803711,-1.706149339675903,0.0,0.6903524398803711,3.0,0.6910150647163391,False,0.6907992959022522,0.0002619090955704,0.000662624835968,0.0226934887468814,0.0005088665056973,0.0070890132337808,7.739916327409446e-05,134679,134682,64,16,0,False,False,0.0,0.0,0.109081997063966,0.0518097196125737,7.866010676985895e-06,2.077448221227129e-06,0.0,0.0,0.0,0.0,76.0,6.0,76.0,0.8313045940045897,1.013901103600884,0.0111111111111111,0.1413661277559929,0.1355443998616546,0.1767076596949911,0.415982017293205,2.9582362031503813,5.492920757734695,113.5786306128538,640.7493896484375,11.05954360961914,20.063921597025253,0.8813191901644023,2198.637451171875,23.35671806335449,14.709267394818928,0.7185414808404977,0.05368148162961,0.0118104591965675,0.0315476059913635,0.0066124703735113,0.0316980704665184,0.6903524398803711,0.6903524398803711,0.0264350564723372,0.1964084080756973,12.0,0.1207604732126041,0.1964084080756973,0.0,4.151334312287968e-19,0.0,1.961229780777042e-18,0.0,6.542238207996128e-19,0.0,9.008341582705753e-18,2.1474777124790804e-06,4.964890203265525e-05,True,91,6,success,-1,True,False,False,-1,,akita_black_bowl_1,False,-1,False,-1,False,0.0,1.0,91,54,0.1186331607176169,0.8470550979293023,0.3594515796305935,4.530444458311819,354294.634018886,0.3096475601196289,,False,False
libero_spatial_with_mug,0,7,0,7,131679,0,131679,4,64,pick up the black bowl between the plate and the ramekin and place it on the plate,-1,-1,none,-1,-1,-1,-1,4.0,0.0016631089383736,0.0072781350463628,0.0027909383643418,0.0029068170115351,0.0007750391960144,0.0005961934803053,0.0093827927485108,0.8534882664680481,0.0004625611181836,0.0011197328567504,0.0006724639679305,0.0021263021044433,0.7796074151992798,2.692582368850708,48.32442474365234,1.861038088798523,8.077747344970703,64.53439331054688,0.0062291966751217,0.0112345870584249,0.019798744469881,0.0055984146893024,0.0099391406401991,0.0162091813981533,0.0057631619274616,0.0102741876617074,0.0179996080696582,0.0083941055927425,0.0084840301424264,0.0119786984287202,0.0123044271022081,0.020674698986113,0.0223403833806514,0.0074655954958871,0.0076014879159629,0.0077775692334398,0.0080566927790641,0.0074489149264991,0.0077616088092327,0.0074489149264991,0.0077616088092327,first,1.0,0.0,0.8538906574249268,0.8699195384979248,0.0,0.8538906574249268,1.0,0.8539607524871826,False,0.8534882664680481,0.0004625611181836,0.0011197328567504,0.0206746980547904,0.0010423252824693,0.0074489149264991,0.000186765260878,135679,135680,80,16,0,False,False,0.0,0.0,0.1186331607176169,0.053180486325909,0.0066007541813083,0.0010377518926022,0.0,0.0,0.0,0.0,97.0,7.0,97.0,0.9685139224951642,1.2423741724762938,0.0666666666666666,0.1690451345537126,0.1263943479952769,0.2113064181921407,0.7514096803257713,4.534066604610094,8.258203952955183,204.27576330598333,714.1741943359375,12.137303352355955,19.592762073382,0.8756139666639811,2149.0419921875,23.06350326538086,14.808354591981804,0.7339192146759107,0.1961174011230468,0.03593759983778,0.1825886964797973,0.0343843586742877,0.0113950045779347,0.8538906574249268,0.8538906574249268,0.0321175601924191,0.2260300446735574,12.0,0.1222629225598267,0.2260300446735574,0.0,1.308822485587323e-18,0.0,1.693471812320837e-18,0.0,1.537817119853964e-18,0.0,9.094421208565757e-18,0.0065487956563533,0.0305689594192919,True,91,6,success,-1,True,False,False,-1,,akita_black_bowl_1,False,-1,False,-1,False,0.0,1.0,91,54,0.1186331607176169,0.8470550979293023,0.3594515796305935,4.530444458311819,354294.634018886,0.1461093425750732,,False,False
libero_spatial_with_mug,0,7,0,7,131679,0,131679,5,80,pick up the black bowl between the plate and the ramekin and place it on the plate,-1,-1,none,-1,-1,-1,-1,4.0,0.0137463975697755,0.6270185112953186,0.0168927460908889,0.0159445125609636,0.0021831532940268,0.0418417900800704,0.0989011824131012,0.9986188411712646,0.0014036272186785,0.003450870513916,0.0022533838637173,0.0083472905680537,1.4260168075561523,5.539629936218262,62.62337875366211,3.5123331546783447,15.215124130249023,57.945556640625,0.0185438096523284,0.0476987324655056,0.6576082110404968,0.0062989280559122,0.0118042891845107,0.0234800893813371,0.0065427846275269,0.0115731554105877,0.0216665640473365,0.0103466019500046,0.0107981180772185,0.0348396403715014,0.063994325697422,0.034733303822577,0.0390139818191528,0.0077838472789153,0.007891347631812,0.0082249511033296,0.0087176896631717,0.0077737735118716,0.00790570769459,0.0077737735118716,0.00790570769459,first,1.0,0.0,0.9998152852058412,0.8523944616317749,0.0,0.9998152852058412,1.0,1.0,False,0.9986188411712646,0.0014036272186785,0.003450870513916,0.0347333028912544,0.0041451584547758,0.0077737737447023,9.405804303241894e-05,136679,136680,91,11,0,False,True,1.0,1.0,0.0479788761681503,0.0543307806832545,0.0177940946543786,0.0176387577820105,0.0,0.0,0.0,0.0,72.0,12.0,72.0,0.6380807322907782,1.2009299998970262,0.1,0.0419791632629398,0.0297757505109539,0.0763257513871634,0.5408261204105271,6.892619135652498,18.822716910296474,922.418444242164,1269.2298583984375,17.05757713317871,17.09540080621736,0.7723980083406902,2728.468505859375,29.779556274414062,13.771614156900778,0.6843432947865535,0.9901328682899476,0.1650465577840805,0.7169026136398315,0.0255151484161615,0.0306056141853332,0.0001847147941589,0.9998152852058412,0.0193742804846389,0.1019760443701714,12.0,0.0473779899192203,0.0744315411232595,0.0,1.543371432449017e-18,0.0,1.2254912719608857e-18,0.0,2.8744121207756856e-18,7.934053291976254e-06,0.0001449691025082,0.0085528872472153,0.1019760443701714,True,91,6,success,-1,True,False,False,-1,,akita_black_bowl_1,False,-1,False,-1,False,0.0,1.0,91,54,0.1186331607176169,0.8470550979293023,0.3594515796305935,4.530444458311819,354294.634018886,0.0001847147941589,,False,False
libero_spatial_with_mug,0,8,0,8,131776,0,131776,0,0,pick up the black bowl between the plate and the ramekin and place it on the plate,-1,-1,none,-1,-1,-1,-1,4.0,0.0038479214999824,0.0243252050131559,0.0098714400082826,0.0078048850409686,0.0008395925979129,0.0010020199697464,0.023810975253582,0.4561347961425781,0.0013034716248512,0.0034629106521606,0.0011500424006953,0.0026696673594415,0.583193302154541,1.8708287477493288,18.728321075439453,1.803829908370972,9.14808750152588,60.31739044189453,0.008029319345951,0.017505032941699,0.0405828356742858,0.0057054553180933,0.0101226903498172,0.0196673516184091,0.0058289864100515,0.0102856010198593,0.0193358939141035,0.0081554986536502,0.0082171065732836,0.0115358475595712,0.0119915595278143,0.0229481412097811,0.0240906868129968,0.0073981513269245,0.0075444420799613,0.007704374496825,0.0078697195276618,0.0068512366851791,0.0069864084944128,0.0068512366851791,0.0069864084944128,first,1.0,0.0,0.454073816537857,-1.581146478652954,0.0,0.454073816537857,3.0,0.4575367271900177,False,0.4561347961425781,0.0013034716248512,0.0034629106521606,0.0229481402784585,0.0007252005743794,0.0068512372672557,0.0001042186049744,131776,131779,16,16,0,False,False,0.0,0.0,2.786076397365278e-07,0.2956922659321874,2.7243818568279027e-06,2.4378680735237523e-06,0.0,0.0,0.0,0.0,0.0,0.0,0.0,0.8457673087291011,1.0774689158407231,0.0444444444444444,0.1500293842969891,0.1474835341004375,0.1875367303712363,0.4497357629196848,3.941230428540891,8.857433289996614,220.4882847165344,551.2031860351562,10.08599090576172,20.717686416753644,0.8911152808302575,1319.312744140625,15.641820907592772,16.92732603263344,0.7891750447241044,0.0114304106682538,0.0023155903909355,0.0079270601272583,0.0079371836036443,0.0082163661718368,0.454073816537857,0.454073816537857,5.403613779123918e-05,0.0006456186340807,12.0,2.934624683612725e-07,5.883756820881101e-09,2.934624683612516e-07,5.8837568293528475e-09,2.530519738197512e-07,4.764670102681698e-17,2.6346862755526685e-07,3.568444199513405e-09,2.673608637928073e-07,9.18779977183495e-09,1.4196892546018234e-06,0.0006456186340807,True,216,14,success,96,True,False,False,-1,,akita_black_bowl_1,True,96,False,-1,False,0.0,1.0,216,54,0.1386572931455627,1.711411942852116,0.3964293848643205,7.01097930805457,86070046.93510479,0.5459261834621429,96.0,False,False
libero_spatial_with_mug,0,8,0,8,131776,0,131776,1,16,pick up the black bowl between the plate and the ramekin and place it on the plate,-1,-1,none,-1,-1,-1,-1,4.0,0.0022506918758153,0.0094897644594311,0.0076766181737184,0.0041356855072081,0.000884054985363,0.0006956200231797,0.01297128200531,0.5203073620796204,0.0010806862264871,0.0027735829353332,0.0003806689055636,0.0005685240612365,1.0562199354171753,3.8405728340148926,48.069610595703125,2.515542268753052,12.05197048187256,59.637969970703125,0.0066783926449716,0.0122928945347666,0.0225156247615814,0.0055814185179769,0.0098958201706409,0.0159535072743892,0.0055987243540585,0.0099441511556506,0.0180868301540613,0.0086135168094187,0.0086922477930784,0.0122920107096433,0.0126715507358312,0.021959310863167,0.0227510686963796,0.0073706919793039,0.0074494704604148,0.0076993871480226,0.0078052994795143,0.0068057832540944,0.0069695459678769,0.0068057832540944,0.0069695459678769,first,1.0,0.0,0.5212541222572327,0.8760731220245361,0.0,0.5212541222572327,0.0,0.5212541222572327,True,0.5203073620796204,0.0010806862264871,0.0027735829353332,0.0219593122601509,0.0009127860539592,0.0068057831376791,0.0001020225827232,132776,132776,32,16,0,False,False,0.0,0.0,2.786076397365278e-07,0.1578130591968947,4.028945343470281e-06,2.07709151922586e-06,0.0,0.0,0.0,0.0,0.0,0.0,0.0,1.0880719732103756,1.260967284799007,0.0777777777777777,0.2065147971930968,0.1767665853444037,0.258143496491371,0.6678226467402296,4.865623291440912,10.532483188053488,155.0971791894058,840.255126953125,12.837186813354492,18.886691897999945,0.8449798428660937,1371.355712890625,18.06102561950684,16.759302407916294,0.8179021024748676,0.0214731935411691,0.0044756806455552,0.018570426851511,0.0086936168372631,0.0193780940026044,0.5212541222572327,0.5212541222572327,6.729847778607871e-07,5.959568076178651e-06,12.0,0.0,3.813508202138367e-17,0.0,3.706244657386697e-17,0.0,5.7271148683870495e-18,0.0,1.8491311969689653e-18,0.0,7.574138870569417e-18,2.1162492580604467e-06,5.959568076178651e-06,True,216,14,success,96,True,False,False,-1,,akita_black_bowl_1,True,96,False,-1,False,0.0,1.0,216,54,0.1386572931455627,1.711411942852116,0.3964293848643205,7.01097930805457,86070046.93510479,0.4787458777427673,80.0,False,False
libero_spatial_with_mug,0,8,0,8,131776,0,131776,2,32,pick up the black bowl between the plate and the ramekin and place it on the plate,-1,-1,none,-1,-1,-1,-1,4.0,0.0021221498027443,0.0082916999235749,0.0088798115029931,0.0035355410072952,0.0010734628885984,0.0010280380956828,0.0113262636587023,0.6390112042427063,0.0003592213906813,0.0009213089942932,0.0008272475097328,0.0022686994634568,0.7649819254875183,2.384848117828369,26.57065963745117,3.1313371658325195,15.80150318145752,51.18837738037109,0.0065039573237299,0.0117312371730804,0.021408412605524,0.0055101234465837,0.0097544649615883,0.0180793926119804,0.0054167099297046,0.0096494415774941,0.0182414148002862,0.0085268097463995,0.0085649779066443,0.0140427844598889,0.0144798513501882,0.0242405454628169,0.025464279577136,0.0074453204870224,0.0074963453225791,0.0076527739875018,0.0077964947558939,0.0069630770012736,0.0070846732705831,0.0069630770012736,0.0070846732705831,first,1.0,0.0,0.6391430497169495,0.3670312464237213,0.0,0.6391430497169495,1.0,0.639320969581604,False,0.6390112042427063,0.0003592213906813,0.0009213089942932,0.0242405459284782,0.0007864912040531,0.0069630770012736,7.4252653575968e-05,133776,133777,48,16,0,False,False,0.0,0.0,0.0077545280144759,0.0520863922990888,5.868525357284724e-06,2.0774381899180128e-06,0.0,0.0,0.0,0.0,25.0,7.0,25.0,0.7103639628662295,1.2007349237435312,0.0888888888888888,0.1405223890802863,0.1305326630568836,0.1756529863503579,0.529451645115108,3.650195259369241,8.42153375724051,213.0509197253965,815.213134765625,12.968205451965332,19.01809192432988,0.845928281454798,1196.690673828125,17.1429443359375,17.350984544132935,0.826129532681273,0.0875408947467804,0.0179902520030736,0.0622617006301879,0.0248194951564073,0.0044123292900621,0.6391430497169495,0.6391430497169495,0.0073980535358206,0.0750037593660552,12.0,0.0137227092121564,0.0750037593660552,0.0,9.987118321978281e-19,0.0,1.244771831887269e-18,0.0,1.779525073333071e-18,0.0,3.1486578824016592e-18,2.146521260426441e-06,4.802733037531958e-05,True,216,14,success,96,True,False,False,-1,,akita_black_bowl_1,True,96,False,-1,False,0.0,1.0,216,54,0.1386572931455627,1.711411942852116,0.3964293848643205,7.01097930805457,86070046.93510479,0.3608569502830505,64.0,False,False
libero_spatial_with_mug,0,8,0,8,131776,0,131776,3,48,pick up the black bowl between the plate and the ramekin and place it on the plate,-1,-1,none,-1,-1,-1,-1,4.0,0.0022938747424632,0.0101614249870181,0.0108801396563649,0.0037451109383255,0.001282813376747,0.0009733482729643,0.0116802938282489,0.6830163598060608,0.0004455693997442,0.0011700987815856,0.0005671745166182,0.0008729658438824,0.6751685738563538,2.1650636196136475,41.2098274230957,1.5253875255584717,7.071067810058594,36.34126281738281,0.0067070140503346,0.0120264012366533,0.0216453354805707,0.0056133344769477,0.0099845947697758,0.0184664521366357,0.005571449175477,0.0099066998809576,0.0208926554769277,0.008247104473412,0.008349441923201,0.0104799887631088,0.0109968958422541,0.0218228967860341,0.023169670253992,0.0075001202058047,0.0075321495532989,0.0077738180989399,0.0078917723149061,0.0071243839338421,0.0072883362881839,0.0071243839338421,0.0072883362881839,first,1.0,0.0,0.6823446750640869,-1.5074750185012815,0.0,0.6823446750640869,3.0,0.6835147738456726,False,0.6830163598060608,0.0004455693997442,0.0011700987815856,0.0218228958547115,0.0008026264840736,0.0071243839338421,0.0001066013282979,134776,134779,64,16,0,False,False,0.0,0.0,0.129012527310693,0.0518927948374665,7.866010676815345e-06,2.077448221227129e-06,0.0,0.0,0.0,0.0,122.0,9.0,122.0,0.8342544333483857,1.027549574177878,0.0111111111111111,0.1427343403293105,0.1379745148187051,0.1784179254116381,0.3959744905227647,2.879053470221092,5.379139245495842,109.4692409522512,644.025634765625,11.081964492797852,20.041772065272237,0.8807171774152022,2358.529296875,24.64874267578125,14.40439085589507,0.690281882725966,0.1532481014728546,0.0280762016773223,0.1224165558815002,0.0072005749680101,0.024598641321063,0.6823446750640869,0.6823446750640869,0.0212639794234582,0.1397587025168088,12.0,0.1397587025168088,0.1153572541849459,0.0,4.523885533345018e-19,0.0,7.172792285234094e-19,0.0,4.209053391187461e-18,0.0,6.344006261449231e-18,2.147477712255821e-06,4.964890203226278e-05,True,216,14,success,96,True,False,False,-1,,akita_black_bowl_1,True,96,False,-1,False,0.0,1.0,216,54,0.1386572931455627,1.711411942852116,0.3964293848643205,7.01097930805457,86070046.93510479,0.3176553249359131,48.0,False,False
libero_spatial_with_mug,0,8,0,8,131776,0,131776,4,64,pick up the black bowl between the plate and the ramekin and place it on the plate,-1,-1,none,-1,-1,-1,-1,4.0,0.0018603962380439,0.0091276979073882,0.0050709373317658,0.0029736061114817,0.0011346982792019,0.0006978606106713,0.0098314592614769,0.8606418371200562,0.000704203324858,0.0018544197082519,0.0006219359347596,0.0011106203310191,0.8378377556800842,3.082206964492798,25.95187759399414,2.305875301361084,8.814051628112793,75.21427917480469,0.0064278244972229,0.0114080561324954,0.0216494910418987,0.0055070519447326,0.0098259905353188,0.0165914632380008,0.0057458016090095,0.0102855991572141,0.020286176353693,0.0086185922846198,0.0087151629850268,0.0113981929607689,0.0123987076804041,0.0217706044204533,0.0224563181400299,0.0073202009079977,0.007420071400702,0.0076439053518697,0.0076947077177464,0.0074257765663787,0.0075524295680224,0.0074257765663787,0.0075524295680224,first,1.0,0.0,0.8607014417648315,0.0846412405371666,0.0,0.8607014417648315,3.0,0.8613412380218506,False,0.8606418371200562,0.000704203324858,0.0018544197082519,0.0217706058174371,0.0006662996602244,0.007425776682794,7.929169078124687e-05,135776,135779,80,16,0,False,False,0.0,0.0,0.1386572931455627,0.0516673143385191,0.0025187819739491,2.077447231685348e-06,0.0,0.0,0.0,0.0,119.0,13.0,119.0,0.9945117324755628,1.277344751199425,0.0555555555555555,0.1715190657814215,0.1276523898672323,0.2143988322267769,0.8601994698333597,7.381199271711654,28.981514851289703,771.7399513078054,855.155517578125,13.152722358703612,18.81035258672796,0.8503229362091397,1923.3953857421875,21.34931755065918,15.290117910363287,0.7536070532533641,0.0368354022502899,0.0087602157145738,0.0279189944267272,0.0218906309455633,0.0097310002893209,0.8607014417648315,0.8607014417648315,0.0194979654813821,0.1265031785043176,12.0,0.1265031785043176,0.0766749499445478,0.0,1.0828441667768049e-18,0.0,1.6062467679880209e-18,0.0,1.3848356133586054e-18,0.0,4.578513253530646e-18,0.0025523625715195,0.028245094756201,True,216,14,success,96,True,False,False,-1,,akita_black_bowl_1,True,96,False,-1,False,0.0,1.0,216,54,0.1386572931455627,1.711411942852116,0.3964293848643205,7.01097930805457,86070046.93510479,0.1392985582351684,32.0,False,False
libero_spatial_with_mug,0,8,0,8,131776,0,131776,5,80,pick up the black bowl between the plate and the ramekin and place it on the plate,-1,-1,none,-1,-1,-1,-1,4.0,0.0211431477218866,0.8640860915184021,0.0380263403058052,0.0265346672385931,0.004099694546312,0.0560989566147327,0.1319800168275833,0.9970296025276184,0.0018595112487673,0.0049773454666137,0.0008143571903929,0.0014954495709389,0.8660922646522522,3.031088829040528,39.52530670166016,2.2991139888763428,9.73075008392334,55.2516975402832,0.0269592143595218,0.0687284395098686,0.8944132328033447,0.0056079411879181,0.0099681289866566,0.0171774178743362,0.007025605533272,0.0121390866115689,0.0222928207367658,0.0100638314615935,0.0101988641545176,0.016439483501017,0.0169731173664331,0.0311959451064467,0.0315534323453903,0.0077695433283224,0.0078057134523987,0.0080912774428725,0.0082416962832212,0.0078545301221311,0.0081321224570274,0.0078545301221311,0.0081321224570274,first,1.0,0.0,0.9960399866104126,-0.5321913957595825,0.0,0.9960399866104126,1.0,1.0,False,0.9970296025276184,0.0018595112487673,0.0049773454666137,0.0311959441751241,0.0002761920623015,0.0078545296564698,0.0001612119813216,136776,136777,96,16,0,False,False,0.0,0.0,0.0551317429509121,0.0514814165736589,0.0081928530114594,0.0079068204682144,1.0,0.0,0.0,0.0,67.0,13.0,67.0,0.6659756557132179,0.9477540698314796,0.0777777777777777,0.0927612509416058,0.0842580134114896,0.1159515636770072,0.3798580880389163,4.042073968969419,8.615812762330446,536.4484282166608,933.35693359375,14.729525566101074,18.4303260281683,0.8301388555942495,2927.36328125,30.276819229125977,13.466037398170094,0.6384797464813006,0.0722477957606315,0.0181791447103023,0.0474419891834259,0.0536726415157318,0.0346329547464847,0.9960399866104126,0.9960399866104126,0.021624106773835,0.1488743337547896,12.0,0.0379519303649,0.1488743337547896,0.0,5.2789931137545475e-19,0.0,2.3019174480520083e-18,0.0,1.2460035372926121e-18,9.16142856719118e-06,8.273264893498239e-05,0.0062915327460561,0.0662795903427719,True,216,14,success,96,True,False,False,-1,,akita_black_bowl_1,True,96,False,-1,False,0.0,1.0,216,54,0.1386572931455627,1.711411942852116,0.3964293848643205,7.01097930805457,86070046.93510479,0.0039600133895874,16.0,False,False
libero_spatial_with_mug,0,8,0,8,131776,0,131776,6,96,pick up the black bowl between the plate and the ramekin and place it on the plate,-1,-1,none,-1,-1,-1,-1,4.0,0.0031381957232952,0.0221310351043939,0.0226734485477209,0.0059062554500997,0.0011915563372895,0.0006739378441125,0.019714705646038,0.9888920783996582,0.001569616375491,0.004034399986267,0.0006531497347168,0.0016038527246564,1.2044813632965088,4.815340042114258,59.21148681640625,2.075868844985962,9.283721923828123,49.31721115112305,0.0077003026381134,0.0176786761730909,0.0344563834369182,0.0056375265121459,0.0100726066157221,0.0187877230346202,0.0073516415432095,0.0130312629044055,0.0217160210013389,0.0105854701250791,0.0107135083526372,0.0262892977334558,0.0266870763152837,0.03975729085505,0.0407770611345768,0.0078681849408894,0.0079433741047978,0.0083103603683412,0.0084092337638139,0.0117080779746174,0.0121358493342995,0.0117080779746174,0.0121358493342995,first,1.0,0.0,0.9912762641906738,1.5189608335494995,0.0,0.9912762641906738,0.0,0.9912762641906738,True,0.9888920783996582,0.001569616375491,0.004034399986267,0.0397572889924049,0.0011648286599665,0.0117080779746174,0.0005211612442508,137776,137776,112,16,0,False,False,0.0,0.0,0.012709102974482,0.0968885119070423,0.0058440616671302,0.0007510978752623,1.0,0.0,0.0,0.0,0.0,0.0,0.0,0.4959971696777893,0.6256665442040686,0.0888888888888888,0.0836043428836162,0.0757413686369465,0.1045054286045203,0.4115045686692355,7.825862246293362,51.45414661635655,7158.480806467503,1186.62744140625,16.596467971801758,17.38765973453777,0.7835939597970405,3205.186279296875,34.80742263793945,13.072270859148524,0.6251742381792066,0.1196335479617118,0.0326198153197765,0.0654993653297424,0.0922017097473144,0.0641861781477928,0.9912762641906738,0.9912762641906738,0.0007238659863367,0.0060646554257103,12.0,0.000241952103686,0.0060646554257103,0.0,6.075725764139366e-19,0.0,1.297598886704179e-18,0.0,1.9256220696306706e-18,4.245796867232639e-06,1.5316303077031286e-05,0.0005999409197915,0.0017602812869093,True,216,14,success,96,True,False,False,-1,,akita_black_bowl_1,True,96,False,-1,False,0.0,1.0,216,54,0.1386572931455627,1.711411942852116,0.3964293848643205,7.01097930805457,86070046.93510479,0.0087237358093261,0.0,False,False
libero_spatial_with_mug,0,8,0,8,131776,0,131776,7,112,pick up the black bowl between the plate and the ramekin and place it on the plate,-1,-1,none,-1,-1,-1,-1,4.0,0.0025481390766799,0.0091549484059214,0.0108409710228443,0.0042873360216617,0.0013944200472906,0.0007917046314105,0.0139201283454895,0.999707043170929,0.0001014038207358,0.0002535581588745,0.0008302999776788,0.0019781333394348,0.4475241005420685,1.299038052558899,11.67261791229248,0.6494724750518799,2.061552762985229,12.144957542419434,0.007642847020179,0.0142371039837598,0.0337615013122558,0.0063258451409637,0.0112849529832601,0.0198814533650875,0.0058039962314069,0.0102872354909777,0.0200002696365118,0.0135354532394558,0.0138314580544829,0.0756501853466034,0.0810846090316772,0.0864926055073738,0.0922483578324318,0.0114993664901703,0.0115699684247374,0.0162639059126377,0.0164089705795049,0.0076189206447452,0.0077144843526184,0.0076189206447452,0.0077144843526184,first,1.0,0.0,0.9996117353439332,-0.9398840069770812,0.0,0.9996117353439332,2.0,0.9998652935028076,False,0.999707043170929,0.0001014038207358,0.0002535581588745,0.0864926055073738,0.0052187386900186,0.0076189208775758,5.5960321333259344e-05,138776,138778,128,16,0,False,False,0.0,0.0,0.012987176191657,0.0990348453150189,0.0058567255551212,0.0007476584625357,1.0,0.0,0.0,0.0,0.0,0.0,0.0,0.7572243865467758,0.7878009579352925,0.1666666666666666,0.1326651876583118,0.1301915189184091,0.1658314845728897,0.269034755110156,4.490046467228486,23.867309443094697,712.5244908315482,1281.32275390625,18.4215030670166,17.054218223916152,0.7693505806872712,3780.89501953125,39.72547149658203,12.35485741974362,0.5816543159114411,0.3469611406326294,0.0849016830325126,0.2518985867500305,0.200042724609375,0.2698297202587127,0.9996117353439332,0.9996117353439332,0.000887107002135,0.0067437529692187,12.0,0.0003467502706284,0.0067437529692187,0.0,7.557741360310496e-19,0.0,1.808308883195601e-18,0.0,1.9968875409229777e-18,4.15629240569022e-06,1.1365597094094524e-05,0.0007657140997255,0.0027735447965475,True,216,14,success,96,True,False,False,-1,,akita_black_bowl_1,True,96,False,-1,False,0.0,1.0,216,54,0.1386572931455627,1.711411942852116,0.3964293848643205,7.01097930805457,86070046.93510479,0.0003882646560668,-16.0,False,False
libero_spatial_with_mug,0,8,0,8,131776,0,131776,8,128,pick up the black bowl between the plate and the ramekin and place it on the plate,-1,-1,none,-1,-1,-1,-1,4.0,0.0060685402713716,0.0522633679211139,0.0559615008533,0.0121342688798904,0.0017187460325658,0.0009207425173372,0.0365042574703693,0.6377084851264954,0.0522911138832569,0.1463650465011596,0.001398590975441,0.0052352645434439,2.2935562133789062,12.397076606750488,79.50785827636719,3.0009877681732178,14.32436752319336,57.128692626953125,0.0102320201694965,0.0227031093090772,0.0651479288935661,0.005877373740077,0.0105912992730736,0.0215073712170124,0.1047978103160858,0.1141621172428131,0.125496506690979,0.0095916532445698,0.0096849156543612,0.0138301744591444,0.0143544981256127,0.028898392803967,0.0297410152852535,0.0080351349897682,0.00811861269176,0.0087282822933048,0.0089595606550574,0.0132052060216665,0.0148140667006373,0.0132052060216665,0.0148140667006373,first,1.0,0.0,0.6271339654922485,-0.2022240310907364,0.0,0.6271339654922485,2.0,0.7108337879180908,False,0.6377084851264954,0.0522911138832569,0.1463650465011596,0.0288983918726444,0.0004940493381582,0.0132052060216665,0.0011305696098133,139776,139778,144,16,0,False,False,0.0,0.0,0.0131280777868024,0.1488190074197164,0.005911094909721,0.0007327789305944,1.0,0.0,0.0,0.0,0.0,0.0,0.0,0.8699472545598309,1.0488440957723315,0.0222222222222222,0.132448369937471,0.1222244843429046,0.1655604624218388,0.5546568218965702,6.9648640321174,47.21144068972254,2357.460955104549,687.8482055664062,11.90050983428955,19.75587752223039,0.8731973090104166,1521.84326171875,20.2357234954834,16.307104351586553,0.8062081241182996,0.0922095850110054,0.0217103864997625,0.0667436644434928,0.0397761985659599,0.0828914269804954,0.6271339654922485,0.6271339654922485,0.0004836282684203,0.0032475516844112,12.0,0.0002937606084403,0.0032475516844112,0.0,6.318349143424343e-20,0.0,1.535751943370606e-18,0.0,1.9042624759551777e-18,5.333160379044273e-06,2.558460594986621e-05,0.0006075726409204,0.0016237365209428,True,216,14,success,96,True,False,False,-1,,akita_black_bowl_1,True,96,False,-1,False,0.0,1.0,216,54,0.1386572931455627,1.711411942852116,0.3964293848643205,7.01097930805457,86070046.93510479,0.3728660345077514,-32.0,False,False
libero_spatial_with_mug,0,8,0,8,131776,0,131776,9,144,pick up the black bowl between the plate and the ramekin and place it on the plate,-1,-1,none,-1,-1,-1,-1,4.0,0.0036967198830097,0.019790468737483,0.0161988846957683,0.0073534524999558,0.001015601796098,0.0007698797853663,0.022712143138051,0.9987043738365172,0.000359726458555,0.0008971691131591,0.0008506827289238,0.0020120318513363,0.945551574230194,3.240370273590088,32.225765228271484,4.217551708221436,20.303939819335938,72.03948211669922,0.0078047830611467,0.016871714964509,0.0311932992190122,0.0055769877508282,0.0098992139101028,0.0196725837886333,0.0058098514564335,0.010280430316925,0.0183798130601644,0.0092228560242801,0.0095315063372254,0.0188616877421736,0.0197192803025245,0.0253501264378428,0.0263387989252805,0.0075494310585781,0.0076192999258637,0.0079233823344111,0.0080216480419039,0.0083732139319181,0.0085843531414866,0.0083732139319181,0.0085843531414866,first,1.0,0.0,0.9989537596702576,0.6932651996612549,0.0,0.9989537596702576,3.0,0.999143123626709,False,0.9987043738365172,0.000359726458555,0.0008971691131591,0.0253501273691654,0.0013738624984398,0.0083732139319181,0.0001589897001395,140776,140779,160,16,0,False,False,0.0,0.0,0.013122037797979,0.1497346199798037,0.0062746858375333,0.0005471427754629,1.0,0.0,0.0,0.0,0.0,0.0,0.0,0.3297960698739685,0.6818802760265019,0.0333333333333333,0.0710359416300516,0.0631601223212618,0.0887949270375645,0.3205925230640559,3.27938585167686,6.128925090913229,630.1816884896248,713.0951538085938,11.874122619628906,19.59932875873353,0.8684801383299884,1507.6131591796875,19.489789962768555,16.34790441340686,0.8059299800742962,0.1526898443698883,0.0328151956200599,0.1296485662460327,0.0758219957351684,0.1319639384746551,0.9989537596702576,0.9989537596702576,0.0002632489317596,0.0010025571847701,12.0,0.0009152084146095,0.0003237782417427,0.0,8.4985395155376055e-19,0.0,2.499077640145136e-18,0.0,5.1634158299420065e-18,5.086121854009908e-06,1.2799551437321836e-05,0.0008995576667022,0.0010025571847701,True,216,14,success,96,True,False,False,-1,,akita_black_bowl_1,True,96,False,-1,False,0.0,1.0,216,54,0.1386572931455627,1.711411942852116,0.3964293848643205,7.01097930805457,86070046.93510479,0.0010462403297424,-48.0,False,False
libero_spatial_with_mug,0,8,0,8,131776,0,131776,10,160,pick up the black bowl between the plate and the ramekin and place it on the plate,-1,-1,none,-1,-1,-1,-1,4.0,0.0032157036475837,0.0132173523306846,0.0144962687045335,0.0058772056363523,0.0009825337911024,0.0019307075999677,0.0174828208982944,0.6526534557342529,0.0011683057527989,0.0029290914535522,0.001789856236428,0.0065577584318816,0.964698612689972,3.1124749183654785,29.744747161865234,3.738863468170166,20.386764526367188,76.94803619384766,0.0073470594361424,0.0138807045295834,0.0299378577619791,0.0060216821730136,0.0109250610694289,0.0196398068219423,0.0058390218764543,0.0102907596156001,0.0186888221651315,0.0087405869271606,0.008844188414514,0.0172826664056628,0.0235836878418922,0.0260872216895222,0.0274834800511598,0.0079165792558342,0.0079884240403771,0.0082307166885584,0.0083364201709628,0.0072505169082432,0.0073987799696624,0.0072505169082432,0.0073987799696624,first,1.0,0.0,0.6533680558204651,0.6116549968719482,0.0,0.6533680558204651,3.0,0.6535943150520325,False,0.6526534557342529,0.0011683057527989,0.0029290914535522,0.0260872207581996,0.0011010472662746,0.0072505166754126,0.0001119910739362,141776,141779,176,16,0,False,False,0.0,0.0,0.0131413074755164,0.1728122072491978,0.0066929544249141,0.0005782881713233,1.0,0.0,0.0,0.0,0.0,0.0,0.0,0.4169464870277948,0.943402140842708,0.0888888888888888,0.0698137010205008,0.0239475963701369,0.087267126275626,0.5513609317014176,5.739617624207225,31.81430382970205,4340.505859743308,652.8589477539062,11.215534210205078,19.982610001581925,0.8774377803546373,787.4157104492188,11.960532188415527,19.1687628532183,0.8920471776689184,0.1016245484352111,0.0244361087679862,0.0769767165184021,0.0237343199551105,0.078761875629425,0.6533680558204651,0.6533680558204651,0.0003180534236509,0.0013089568529977,12.0,0.0007860605138831,0.0013089568529977,0.0,1.3915142744242653e-19,0.0,1.0490663113447129e-18,0.0,4.927296769415611e-19,5.0194263988775244e-06,1.6645952557568943e-05,0.0008688683228127,0.000831090015161,True,216,14,success,96,True,False,False,-1,,akita_black_bowl_1,True,96,False,-1,False,0.0,1.0,216,54,0.1386572931455627,1.711411942852116,0.3964293848643205,7.01097930805457,86070046.93510479,0.3466319441795349,-64.0,False,False
libero_spatial_with_mug,0,8,0,8,131776,0,131776,11,176,pick up the black bowl between the plate and the ramekin and place it on the plate,-1,-1,none,-1,-1,-1,-1,4.0,0.0027411351911723,0.0197475422173738,0.0154945878311991,0.0049436772242188,0.0011672574328258,0.0008551410865038,0.0153113165870308,0.7060458660125732,0.0006747595034539,0.0015976428985595,0.0006871332298032,0.0011922070989385,0.7145090699195862,2.384848117828369,18.83480834960937,2.040797472000122,11.43459701538086,58.44816207885742,0.0072031393647193,0.0145308040082454,0.0307338219135999,0.0056387465447187,0.0101184491068124,0.0166922640055418,0.0056848684325814,0.0102053498849272,0.017092365771532,0.008670951006934,0.0087477369233965,0.0118183232843875,0.0122771710157394,0.0238405489362776,0.02458968013525,0.0079469678457826,0.0081193577498197,0.0085848337039351,0.008825552649796,0.0072087290463969,0.0074552437290549,0.0072087290463969,0.0074552437290549,first,1.0,0.0,0.7054258584976196,-0.9188570380210876,0.0,0.7054258584976196,1.0,0.7069778442382812,False,0.7060458660125732,0.0006747595034539,0.0015976428985595,0.0238405484706163,0.0006103198975324,0.0072087291628122,0.0001452134602004,142776,142777,192,16,0,False,False,0.0,0.0,0.0131688236546574,0.1287234431030768,0.0071492273693563,0.0005814709393933,1.0,0.0,0.0,0.0,0.0,0.0,0.0,0.8561677574580215,0.941622920484154,0.0555555555555555,0.1616248716574729,0.1458277738701626,0.2020310895718411,0.4973191590131699,4.004539380848542,7.17472432038973,167.19588335274565,826.19287109375,12.868423461914062,18.95998917574237,0.8503120171841796,3665.6357421875,35.2452507019043,12.48931054365472,0.6146255014994001,0.0555904656648635,0.0152720445767045,0.0374208390712738,0.033696461468935,0.0415780916810035,0.7054258584976196,0.7054258584976196,0.0002862896614941,0.0010020496003197,12.0,0.0007743116383199,0.0007871089386771,0.0,1.442297460684284e-18,0.0,3.3683519512547266e-18,0.0,2.8314570939931283e-18,4.755781712295683e-06,1.6052111659412346e-05,0.0008511978672417,0.0010020496003197,True,216,14,success,96,True,False,False,-1,,akita_black_bowl_1,True,96,False,-1,False,0.0,1.0,216,54,0.1386572931455627,1.711411942852116,0.3964293848643205,7.01097930805457,86070046.93510479,0.2945741415023803,-80.0,False,False
libero_spatial_with_mug,0,8,0,8,131776,0,131776,12,192,pick up the black bowl between the plate and the ramekin and place it on the plate,-1,-1,none,-1,-1,-1,-1,4.0,0.0236454308032989,1.0077801942825315,0.0205266736447811,0.0132480533793568,0.0024433766957372,0.1184436976909637,0.1800067871809005,0.8436366319656372,0.0056205755099654,0.0154298543930053,0.0069266785867512,0.0272509045898914,1.5403441190719604,6.182841777801514,46.804779052734375,5.176274299621582,23.370655059814453,72.10885620117188,0.0284731723368167,0.034431554377079,1.037104845046997,0.0104462038725614,0.0293404757976531,0.044690903276205,0.0123607162386178,0.0180136561393737,0.026338018476963,0.0113365198485553,0.0115618128329515,0.0250019002705812,0.0261517688632011,0.0285498956218361,0.0297739040106534,0.0093698850832879,0.0097219664603471,0.0119145037606358,0.0122862253338098,0.0081013836897909,0.0082001006230711,0.0081013836897909,0.0082001006230711,first,1.0,0.0,0.8416829705238342,-0.3475909829139709,0.0,0.8416829705238342,3.0,0.8526129722595215,False,0.8436366319656372,0.0056205755099654,0.0154298543930053,0.0285498965531587,0.0008995539974421,0.0081013832241296,9.582780330674724e-05,143776,143779,208,16,0,False,False,0.0,0.0,0.0148722528618024,0.0370462225850544,0.0074173753619905,0.0004633864898979,1.0,0.0,0.0,0.0,15.0,5.0,15.0,0.7833565313103048,1.0564687916054385,0.1111111111111111,0.1298897349013271,0.0945482343168616,0.1623621686266589,0.8081839619307607,9.56907409894728,37.830405967972645,2278.095619832967,1337.1048583984375,17.702878952026367,16.869148940411314,0.7663108394985816,1932.0242919921875,23.82748031616211,15.270677782233024,0.7820009288073135,0.0813004821538925,0.018340591341257,0.061055302619934,0.0637656673789024,0.0163624379783868,0.8416829705238342,0.8416829705238342,0.0058348561525267,0.0655254226446256,12.0,0.0021374608866536,0.0655254226446256,0.0,2.5901070906089253e-19,0.0,3.221939222391749e-18,0.0,8.495766938121334e-19,0.0001734156419099,0.00091255474971,0.0005375501639269,0.0007318697434942,True,216,14,success,96,True,False,False,-1,,akita_black_bowl_1,True,96,False,-1,False,0.0,1.0,216,54,0.1386572931455627,1.711411942852116,0.3964293848643205,7.01097930805457,86070046.93510479,0.1583170294761657,-96.0,False,False
libero_spatial_with_mug,0,8,0,8,131776,0,131776,13,208,pick up the black bowl between the plate and the ramekin and place it on the plate,-1,-1,none,-1,-1,-1,-1,4.0,0.0045728548429906,0.0197953693568706,0.0156345125287771,0.0080137969925999,0.0019867566879838,0.0020083233248442,0.025035873055458,0.9998062252998352,0.0002436885843053,0.0005965232849121,0.0034852011594921,0.0124061927199363,0.9966422319412231,3.5619516372680664,36.09016418457031,3.5019688606262207,14.962876319885254,70.31847381591797,0.0090690916404128,0.0183831434696912,0.0350578874349594,0.007142724469304,0.0149982245638966,0.0289517417550086,0.0057831141166388,0.0103716412559151,0.0186461582779884,0.0098770970944315,0.0100826192647218,0.0165299864020198,0.0191037598997354,0.0286862989887595,0.0292517375200986,0.0081022749654948,0.0082573313266038,0.0090517455246299,0.0091806976124644,0.0075392256258055,0.0076559856534004,0.0075392256258055,0.0076559856534004,first,1.0,0.0,1.0,0.7951734662055969,0.0,1.0,0.0,1.0,True,0.9998062252998352,0.0002436885843053,0.0005965232849121,0.028686299920082,0.0007665858138352,0.0075392257422208,9.29907982936129e-05,144776,144776,216,8,0,False,True,1.0,1.0,0.0155338408154921,0.0371058953905897,0.0074022021022858,2.3159500097680308e-06,1.0,0.0,0.0,0.0,14.0,3.0,14.0,0.4602767478858637,0.8488393974300159,0.0714285714285714,0.0262485655406542,0.0120777004601009,0.0656214138516356,0.9354543809637832,18.27504986340679,67.85866189369575,3745.710312768677,1199.3045654296875,16.147493362426758,17.34150873941842,0.7892227145523141,3056.810546875,31.874521255493164,13.27811837744182,0.6698582765197248,1.28326678276062,0.2193442434072494,0.9392267465591432,0.0536652840673923,0.0454914383590221,0.0,1.0,0.0044702819078518,0.0391593184972021,12.0,0.0131121213311253,0.0391593184972021,0.0,3.0394234450407323e-19,0.0,2.7723960233895637e-18,0.0,1.462355960928886e-18,0.0002782950138041,0.0007039213584935,6.528275312023087e-07,0.000389073866066,True,216,14,success,96,True,False,False,-1,,akita_black_bowl_1,True,96,False,-1,False,0.0,1.0,216,54,0.1386572931455627,1.711411942852116,0.3964293848643205,7.01097930805457,86070046.93510479,0.0,-112.0,False,False
libero_spatial_with_mug,0,9,0,9,131873,0,131873,0,0,pick up the black bowl between the plate and the ramekin and place it on the plate,-1,-1,none,-1,-1,-1,-1,4.0,0.00453457608819,0.0335424803197383,0.0191793497651815,0.009388162754476,0.0009172116406261,0.0008259072201326,0.0290206428617239,0.4568156599998474,0.0005926753510721,0.0016753673553466,0.0008807125268504,0.0018254970200359,1.0013444423675537,3.316624879837036,54.91356658935547,2.552299976348877,13.386093139648438,71.97698974609375,0.0088458647951483,0.0226770211011171,0.0500485897064209,0.0057157594710588,0.0100401621311903,0.0185389891266822,0.0055275205522775,0.0098913609981536,0.0172045957297086,0.0081394047010689,0.0082953944802284,0.0119540055748075,0.0120942806825041,0.023812104947865,0.0245718546211719,0.0074755183886736,0.0074811214581131,0.0079227038659155,0.0080084912478923,0.0069877054775133,0.0071313250809907,0.0069877054775133,0.0071313250809907,first,1.0,0.0,0.4567849636077881,-0.0517929270863533,0.0,0.4567849636077881,3.0,0.457655668258667,False,0.4568156599998474,0.0005926753510721,0.0016753673553466,0.0238121040165424,0.0005087426397949,0.006987705361098,0.0001255922252312,131873,131876,16,16,0,False,False,0.0,0.0,2.786076397365278e-07,0.2932787774239376,2.7243818568279027e-06,2.4378680735237523e-06,0.0,0.0,0.0,0.0,0.0,0.0,0.0,0.8577788245533917,1.0844430304729842,0.0444444444444444,0.1524774747075671,0.1496997000966209,0.1905968433844589,0.457712092623632,3.828444627751488,8.333884091367546,199.4698110645593,553.9767456054688,10.119884490966797,20.695888262246637,0.8905673492651304,1317.2191162109375,15.618775367736816,16.934223360610478,0.7895416482982044,0.0120905470103025,0.0027016578242182,0.0100467652082443,0.0103725856170058,0.006198686081916,0.4567849636077881,0.4567849636077881,5.403613779110433e-05,0.000645618634079,12.0,2.934624683612725e-07,5.883756820706128e-09,2.934624683612516e-07,5.883756828192047e-09,2.530519738197512e-07,4.615797936050761e-17,2.6346862755526685e-07,3.568444197833779e-09,2.673608637928073e-07,9.187799771148921e-09,1.41968925463911e-06,0.000645618634079,False,220,14,target_drop_candidate,95,False,False,False,-1,,akita_black_bowl_1,True,95,False,-1,False,0.0,0.0,-1,54,0.132534242780552,1.537601276003742,0.3418912481679994,5.390654416534922,80880559.77125357,0.4567849636077881,95.0,True,False
libero_spatial_with_mug,0,9,0,9,131873,0,131873,1,16,pick up the black bowl between the plate and the ramekin and place it on the plate,-1,-1,none,-1,-1,-1,-1,4.0,0.0020551343914121,0.012166516855359,0.0041868635453283,0.0037755600642412,0.0007747519412077,0.0007350041414611,0.0121079897508025,0.5228575468063354,0.0006616075406782,0.0017770528793334,0.0005782683729194,0.0012550638057291,0.6924764513969421,2.1650636196136475,26.18563461303711,2.9000532627105717,14.790199279785156,50.7512321472168,0.006548045668751,0.0122521575540304,0.0234253983944654,0.0055496054701507,0.0099157206714153,0.0164307560771703,0.0053867790848016,0.0094886003062129,0.0180532522499561,0.0086617793422192,0.0088288597762584,0.0126556209288537,0.0131014641374349,0.0229311571456491,0.0231946222484111,0.0073070365469902,0.0073525393381714,0.0076037787366658,0.007703979499638,0.0067718168720602,0.0068286485038697,0.0067718168720602,0.0068286485038697,first,1.0,0.0,0.523192286491394,0.5059490203857422,0.0,0.523192286491394,2.0,0.523695707321167,False,0.5228575468063354,0.0006616075406782,0.0017770528793334,0.022931158542633,0.0002583980676718,0.0067718168720602,3.605305391829461e-05,132873,132875,32,16,0,False,False,0.0,0.0,2.786076397365278e-07,0.1541130020883866,4.028945343395808e-06,2.07709151922586e-06,0.0,0.0,0.0,0.0,0.0,0.0,0.0,1.089518993859479,1.268681518176103,0.0666666666666666,0.2062644093414542,0.1759116064385226,0.2578305116768178,0.662321102539807,4.845549915030779,9.669052207131852,147.95128097428343,838.9896850585938,12.794809341430664,18.893237394309523,0.8453251158597435,1178.9989013671875,16.98500633239746,17.41566960463568,0.845539545453338,0.0214023515582084,0.0046083871275186,0.0189176648855209,0.0068116630427539,0.0201115198433399,0.523192286491394,0.523192286491394,6.729847776414114e-07,5.959568073708034e-06,12.0,0.0,3.7237195733067425e-17,0.0,3.8965992755590485e-17,0.0,5.667788667063555e-18,0.0,1.4392309628545817e-18,0.0,7.593163159026612e-18,2.116249257897998e-06,5.959568073708034e-06,False,220,14,target_drop_candidate,95,False,False,False,-1,,akita_black_bowl_1,True,95,False,-1,False,0.0,0.0,-1,54,0.132534242780552,1.537601276003742,0.3418912481679994,5.390654416534922,80880559.77125357,0.523192286491394,79.0,True,False
libero_spatial_with_mug,0,9,0,9,131873,0,131873,2,32,pick up the black bowl between the plate and the ramekin and place it on the plate,-1,-1,none,-1,-1,-1,-1,4.0,0.0024980257730931,0.0095669776201248,0.011614047922194,0.0041264682076871,0.0013233380159363,0.0011367620900273,0.0132850287482142,0.6401576995849609,0.0009397699031978,0.0021675825119018,0.0012032920494675,0.0028609449509531,0.6017687916755676,1.785357117652893,15.55634880065918,2.548513412475586,12.579745292663574,59.21781921386719,0.0069339904002845,0.0126512823626399,0.02502609975636,0.005566893145442,0.0098511101678013,0.0174325108528137,0.0056839697062969,0.0100346207618713,0.0194272696971893,0.0087868995033204,0.0088640647009015,0.0160277185495942,0.0175661202520132,0.0256148790940642,0.0273292288184165,0.0074324224842712,0.0074674603529274,0.0076645666267722,0.0076998951844871,0.0070099476724863,0.0070702894590795,0.0070099476724863,0.0070702894590795,first,1.0,0.0,0.641187310218811,1.0955986976623535,0.0,0.641187310218811,0.0,0.641187310218811,True,0.6401576995849609,0.0009397699031978,0.0021675825119018,0.0256148781627416,0.001079179579392,0.0070099476724863,6.257056520553306e-05,133873,133873,48,16,0,False,False,0.0,0.0,0.0067655841821624,0.0536011088489328,5.868525357161109e-06,2.0774381899180128e-06,0.0,0.0,0.0,0.0,31.0,8.0,31.0,0.7048937015038499,1.2088886340213243,0.0555555555555555,0.14035965918303,0.1314109257447871,0.1754495739787875,0.5161148059718483,3.676536422999976,8.308553718333222,204.31205829383669,820.1849975585938,12.993070602416992,18.99168539755882,0.8454786085775285,1370.847412109375,18.906110763549805,16.760912443474638,0.7970899338067741,0.1248778253793716,0.0200382210314273,0.1216663718223571,0.0261238943785429,0.0068853506818413,0.641187310218811,0.641187310218811,0.0074068310830077,0.0766718693969479,12.0,0.0121599297475092,0.0766718693969479,0.0,8.824214478191818e-19,0.0,2.440321297919788e-18,0.0,2.2631928376352283e-18,0.0,8.337270733398097e-18,2.1465212604018906e-06,4.802733037579011e-05,False,220,14,target_drop_candidate,95,False,False,False,-1,,akita_black_bowl_1,True,95,False,-1,False,0.0,0.0,-1,54,0.132534242780552,1.537601276003742,0.3418912481679994,5.390654416534922,80880559.77125357,0.641187310218811,63.0,True,False
libero_spatial_with_mug,0,9,0,9,131873,0,131873,3,48,pick up the black bowl between the plate and the ramekin and place it on the plate,-1,-1,none,-1,-1,-1,-1,4.0,0.0057338858023285,0.0307554341852664,0.0396101139485836,0.0114303389564156,0.0016274313675239,0.000963888480328,0.0343533381819725,0.7165883779525757,0.0006631197175011,0.0018044114112854,0.0013512116856873,0.0037839319556951,1.4094563722610474,6.041522979736328,54.98408889770508,3.9166338443756095,20.124610900878903,67.23652648925781,0.0099781695753335,0.0250349082052707,0.0462226308882236,0.0058363419957458,0.0103585589677095,0.0221477728337049,0.0056135016493499,0.0100035611540079,0.0187516417354345,0.0082923206500709,0.0084786880761384,0.0107992319390177,0.011425900273025,0.0218184674158692,0.0229965317994356,0.0077521817293018,0.007977033033967,0.0082039483822882,0.0085229249671101,0.0071567844133824,0.0072360471822321,0.0071567844133824,0.0072360471822321,first,1.0,0.0,0.7176636457443237,1.6215288639068604,0.0,0.7176636457443237,0.0,0.7176636457443237,True,0.7165883779525757,0.0006631197175011,0.0018044114112854,0.0218184683471918,0.0007545261178165,0.0071567841805517,4.990524030290544e-05,134873,134873,64,16,0,False,False,0.0,0.0,0.126854292603314,0.050097663009047,7.866010676919385e-06,2.077448221227129e-06,0.0,0.0,0.0,0.0,92.0,6.0,92.0,0.8844417334989894,1.0534154730262086,0.0333333333333333,0.1554677630552833,0.1506784791139674,0.1943347038191041,0.4275414695883456,2.408454367547725,4.814145832121453,61.30917423473112,582.2105102539062,10.601011276245115,20.48000319668804,0.8914183381878457,3148.719482421875,31.063203811645508,13.149463895495163,0.596035899573173,0.1303375363349914,0.0249599330127239,0.0995318889617919,0.0139529965817928,0.0129962656646966,0.7176636457443237,0.7176636457443237,0.0224436539517858,0.1474869496525343,12.0,0.1474869496525343,0.1217851013891482,0.0,6.748508760344749e-19,0.0,2.209539770390444e-18,0.0,2.175786781925122e-18,0.0,4.889858333210106e-18,2.1474777124482297e-06,4.964890203477496e-05,False,220,14,target_drop_candidate,95,False,False,False,-1,,akita_black_bowl_1,True,95,False,-1,False,0.0,0.0,-1,54,0.132534242780552,1.537601276003742,0.3418912481679994,5.390654416534922,80880559.77125357,0.7176636457443237,47.0,True,False
libero_spatial_with_mug,0,9,0,9,131873,0,131873,4,64,pick up the black bowl between the plate and the ramekin and place it on the plate,-1,-1,none,-1,-1,-1,-1,4.0,0.0024264068342745,0.0127303907647728,0.007063805591315,0.0042041097767651,0.001175403012894,0.0008463095873594,0.0136430338025093,0.8489029407501221,0.0016098994528874,0.0045116543769836,0.0006676331395283,0.0017062327824532,0.9280791878700256,3.3447721004486084,30.7439022064209,2.625911235809326,10.755812644958496,75.93582916259766,0.0069383978843688,0.0127645172178745,0.0231654345989227,0.0054974341765046,0.0097167659550905,0.0168498307466506,0.006307381670922,0.0110321305692195,0.0174902062863111,0.0089427046477794,0.0090432679280638,0.0132065238431096,0.0142129594460129,0.0228711771778762,0.0236629359424114,0.0073918112320825,0.0075446823611855,0.0078004128299653,0.0079762171953916,0.0075723270419985,0.0076701999641954,0.0075723270419985,0.0076701999641954,first,1.0,0.0,0.8509670495986938,1.282135248184204,0.0,0.8509670495986938,0.0,0.8509670495986938,True,0.8489029407501221,0.0016098994528874,0.0045116543769836,0.0228711776435375,0.0007599183591082,0.0075723268091678,7.228378672152758e-05,135873,135873,80,16,0,False,False,0.0,0.0,0.132534242780552,0.0498664424730975,0.0048949638133883,0.0016561675283666,0.0,0.0,0.0,0.0,98.0,10.0,98.0,1.0028994316196838,1.3165409369529708,0.0666666666666666,0.1602834749533544,0.1175759436741007,0.200354343691693,0.7742468471688605,5.769252514442263,11.743900233085864,362.3572696699188,955.8536376953124,14.043094635009766,18.32688963578828,0.831329956687899,1955.7293701171875,22.682504653930664,15.21771603052505,0.7362095299887106,0.1072566732764244,0.0230830758810043,0.091435968875885,0.0305993277579545,0.022794110700488,0.8509670495986938,0.8509670495986938,0.0264216949663628,0.1110727256611567,12.0,0.1105597456286338,0.1110727256611567,0.0,3.913988848074929e-19,0.0,2.3648694139691534e-18,0.0,1.4337051900656651e-18,0.0,1.1806907678366301e-17,0.0048879385122567,0.0905399297943072,False,220,14,target_drop_candidate,95,False,False,False,-1,,akita_black_bowl_1,True,95,False,-1,False,0.0,0.0,-1,54,0.132534242780552,1.537601276003742,0.3418912481679994,5.390654416534922,80880559.77125357,0.8509670495986938,31.0,True,False
libero_spatial_with_mug,0,9,0,9,131873,0,131873,5,80,pick up the black bowl between the plate and the ramekin and place it on the plate,-1,-1,none,-1,-1,-1,-1,4.0,0.0064773708581924,0.0346996150910854,0.0346593223512172,0.0125373676419258,0.0020548710599541,0.00156487734057,0.0389900095760822,0.9973585605621338,0.0014412545133382,0.0035386085510253,0.0008913206402212,0.0017142004799097,1.1950531005859375,4.548351287841797,38.96392440795898,4.12772798538208,19.75316429138184,69.76209259033203,0.0109529858455061,0.0278853829950094,0.0512478798627853,0.0056634279899299,0.0101027498021721,0.0159718096256256,0.0065613128244876,0.0115048205479979,0.0195748023688793,0.0101394494995474,0.0104378247633576,0.0188102102838456,0.0203969087451696,0.0325396731495857,0.0342310182750225,0.0077882533660158,0.0078734559938311,0.0081810588017106,0.0083021828904747,0.0083304056897759,0.0085537275299429,0.0083304056897759,0.0085537275299429,first,1.0,0.0,0.9964076280593872,-0.6597949862480164,0.0,0.9964076280593872,3.0,0.99981951713562,False,0.9973585605621338,0.0014412545133382,0.0035386085510253,0.0325396731495857,0.0011898139491677,0.0083304056897759,0.0001712363446131,136873,136876,96,16,0,False,False,0.0,0.0,0.0507998275484435,0.0496662989672111,0.0143802910137755,0.0071089533463147,1.0,0.0,0.0,0.0,35.0,11.0,35.0,0.6601788499219234,0.8463732504674494,0.0666666666666666,0.0975497865003834,0.0889647836705653,0.1219372331254793,0.3369727292525477,4.247135365708024,9.44319190158924,585.290569620891,872.7494506835938,13.885456085205078,18.72190776730487,0.8391337715238602,2790.061767578125,29.239038467407227,13.674665428913013,0.6335414140942865,0.0684443563222885,0.0180059522390365,0.0481170117855072,0.0531602054834365,0.0279176123440265,0.9964076280593872,0.9964076280593872,0.0282986192503011,0.1544858155254506,12.0,0.0377993725060725,0.1544858155254506,0.0,7.746218186742764e-19,0.0,3.611077661811176e-18,0.0,1.2699366419878364e-18,1.5449977182152446e-05,0.0001983414730318,0.0100728624759252,0.1370115890459518,False,220,14,target_drop_candidate,95,False,False,False,-1,,akita_black_bowl_1,True,95,False,-1,False,0.0,0.0,-1,54,0.132534242780552,1.537601276003742,0.3418912481679994,5.390654416534922,80880559.77125357,0.9964076280593872,15.0,True,True
libero_spatial_with_mug,0,9,0,9,131873,0,131873,6,96,pick up the black bowl between the plate and the ramekin and place it on the plate,-1,-1,none,-1,-1,-1,-1,4.0,0.0157731249928474,0.8093506097793579,0.0143467374145984,0.0066157248802483,0.0017771631246432,0.0852332115173339,0.1296689510345459,0.6007412672042847,0.0122697325423359,0.0291336774826049,0.0076307142153382,0.0321955345571041,1.317047953605652,4.4370598793029785,38.120697021484375,4.57378625869751,17.078861236572266,51.89593124389648,0.0205783750861883,0.021269554272294,0.8349771499633789,0.0116717405617237,0.0336180068552494,0.0468487255275249,0.0252757892012596,0.0326319523155689,0.0460789799690246,0.0110032786615192,0.0117838596925139,0.0545544354245066,0.102274477481842,0.0331582212820649,0.0340022444725036,0.0094301931094378,0.0103702489286661,0.0111233009956777,0.0125471968203783,0.0112568854819983,0.0117771513760089,0.0112568854819983,0.0117771513760089,first,1.0,0.0,0.6065911650657654,0.4767746925354004,0.0,0.6065911650657654,3.0,0.6180516481399536,False,0.6007412672042847,0.0122697325423359,0.0291336774826049,0.0331582203507423,0.0006144508952274,0.0112568857148289,0.0004138987278565,137873,137876,112,16,0,False,False,0.0,0.0,0.0125879242348192,0.066462855003592,0.014338026080513,2.786076398475501e-07,1.0,0.0,0.0,0.0,0.0,0.0,0.0,0.7021788304766086,0.9141665217740697,0.0666666666666666,0.1239804922050735,0.116900367495223,0.1549756152563419,0.6175272947163092,7.526401901238136,55.22816893678743,3620.5114285843215,1190.37744140625,16.888240814208984,17.373956728119534,0.7863979090019931,2642.253662109375,32.42853927612305,13.911058523713075,0.6548407271952504,0.1148518696427345,0.0282748937606811,0.0772844851016998,0.0799503773450851,0.0648400336503982,0.6065911650657654,0.6065911650657654,0.0001459705677698,0.0012242712172793,12.0,3.172796589701498e-05,0.0012242712172793,7.845798530718821e-12,5.617010242466287e-13,0.0,2.4808029297401782e-18,2.2647832161737282e-13,3.454205691421745e-15,2.819372875641535e-07,2.702593617779773e-06,0.0001522087258339,0.0003404543646851,False,220,14,target_drop_candidate,95,False,False,False,-1,,akita_black_bowl_1,True,95,False,-1,False,0.0,0.0,-1,54,0.132534242780552,1.537601276003742,0.3418912481679994,5.390654416534922,80880559.77125357,0.6065911650657654,-1.0,False,False
libero_spatial_with_mug,0,9,0,9,131873,0,131873,7,112,pick up the black bowl between the plate and the ramekin and place it on the plate,-1,-1,none,-1,-1,-1,-1,4.0,0.0039170621894299,0.0354611128568649,0.0380823351442813,0.0069283954799175,0.0019533417653292,0.0007742263842374,0.0228825826197862,0.9924672245979308,0.0012765247374773,0.0030550956726074,0.0009322466794401,0.001743710017763,1.5879545211791992,6.576473236083984,46.52149963378906,4.1356377601623535,15.481843948364258,48.78716659545898,0.0089700855314731,0.0190591495484113,0.0584349073469638,0.0058241244405508,0.0103100631386041,0.0177917685359716,0.006336074322462,0.0112192602828145,0.018342250958085,0.0118259524460881,0.0121797770261764,0.031580691691488,0.0337524637579917,0.0453718155622482,0.0481116808950901,0.0083658460061997,0.0085665797814726,0.0094785934779793,0.0097902538254857,0.0082854302600026,0.0083554089069366,0.0082854302600026,0.0083554089069366,first,1.0,0.0,0.99161559343338,-0.6671481728553772,0.0,0.99161559343338,3.0,0.9938948154449464,False,0.9924672245979308,0.0012765247374773,0.0030550956726074,0.0453718155622482,0.002360567683354,0.0082854311913251,8.353778684977442e-05,138873,138876,128,16,0,False,False,0.0,0.0,0.0126057334170834,0.0678014464962648,0.0142306327771257,2.786076398475501e-07,1.0,0.0,0.0,0.0,0.0,0.0,0.0,0.763438233970396,0.8710004733170338,0.0,0.1336594145798019,0.1311276486587763,0.1670742682247523,0.2781489889625534,2.5862544644466774,7.5886883897584445,142.348731348802,1156.030029296875,17.586767196655273,17.50111245305423,0.7855546497520903,3446.93017578125,37.54425048828125,12.75647874843207,0.5671639031632554,0.2099159657955169,0.0569843910634517,0.158322125673294,0.1635925322771072,0.1041382774710655,0.99161559343338,0.99161559343338,0.0001781595796341,0.0013793488601995,12.0,3.236250873506012e-05,0.0013793488601995,0.0,2.588182319627084e-18,0.0,1.9861416896681612e-18,0.0,1.226860427088179e-18,2.690458364275793e-07,2.78772839096708e-06,0.0001620490737083,0.0005610977387398,False,220,14,target_drop_candidate,95,False,False,False,-1,,akita_black_bowl_1,True,95,False,-1,False,0.0,0.0,-1,54,0.132534242780552,1.537601276003742,0.3418912481679994,5.390654416534922,80880559.77125357,0.99161559343338,-17.0,False,False
libero_spatial_with_mug,0,9,0,9,131873,0,131873,8,128,pick up the black bowl between the plate and the ramekin and place it on the plate,-1,-1,none,-1,-1,-1,-1,4.0,0.0122709283605217,0.9665967226028442,0.0180812906473875,0.0060740783810615,0.0014975573867559,0.0631815940141677,0.1013215780258178,0.6916487216949463,0.0387908406555652,0.1024065017700195,0.0026337641756981,0.0087830610573291,1.528582215309143,5.539629936218262,36.65037536621094,5.387333869934082,17.084720611572266,49.63365936279297,0.0166731998324394,0.0183144938200712,1.0087997913360596,0.0068565006367862,0.0131346154958009,0.0221037603914737,0.0778931975364685,0.0865018591284751,0.1039854288101196,0.0098007048945873,0.0101753985509276,0.0240806608926504,0.0329102389514446,0.0297767748124897,0.0302344877272844,0.0084779821336269,0.0086901439353823,0.0100277927704155,0.0102251460775733,0.0147405043244361,0.0157823469489812,0.0147405043244361,0.0157823469489812,first,1.0,0.0,0.6924573183059692,0.0208450388163328,0.0,0.6924573183059692,3.0,0.7312209606170654,False,0.6916487216949463,0.0387908406555652,0.1024065017700195,0.0297767743468284,0.0003057349822483,0.0147405043244361,0.0007854481227695,139873,139876,144,16,0,False,False,0.0,0.0,0.0126212679977917,0.0544944289467573,0.0141184919014051,2.786076398475501e-07,1.0,0.0,0.0,0.0,0.0,0.0,0.0,0.7140303922489789,0.8890639810221802,0.0555555555555555,0.1253441845217845,0.1186792332612632,0.1566802306522306,0.6012372804110169,7.923054607801352,59.10741595778737,4083.330333101353,1237.3299560546875,17.21552848815918,17.205948334411914,0.7782938520544517,2221.466552734375,28.67511749267578,14.664405821486618,0.7316601180277489,0.0996808931231498,0.0277889166027307,0.0574863255023956,0.0684463754296302,0.0617891326546669,0.6924573183059692,0.6924573183059692,0.0001645626393086,0.0012168982664603,12.0,3.1237320360338354e-05,0.0012168982664603,0.0,8.900091629520154e-19,0.0,2.0369118116173718e-18,0.0,1.875234472193519e-18,2.610471033628133e-07,2.7004267266540223e-06,0.0001623153885518,0.0005613392225011,False,220,14,target_drop_candidate,95,False,False,False,-1,,akita_black_bowl_1,True,95,False,-1,False,0.0,0.0,-1,54,0.132534242780552,1.537601276003742,0.3418912481679994,5.390654416534922,80880559.77125357,0.6924573183059692,-33.0,False,False
libero_spatial_with_mug,0,9,0,9,131873,0,131873,9,144,pick up the black bowl between the plate and the ramekin and place it on the plate,-1,-1,none,-1,-1,-1,-1,4.0,0.0059651518240571,0.0346102602779865,0.0465546995401382,0.010532128624618,0.0031235739588737,0.0007889537373557,0.0330552868545055,0.998484432697296,0.0005198480212129,0.001341700553894,0.0008879534434527,0.0017281853361055,1.5391371250152588,5.722761631011963,57.55160903930664,4.530325889587402,19.925617218017575,69.08147430419922,0.0112121980637311,0.0272413399070501,0.0511533319950103,0.0056714410893619,0.0100275026634335,0.0177494939416646,0.0059739425778388,0.0105645498260855,0.0174915809184312,0.0103684063069522,0.0104940105229616,0.0233574151061475,0.0271536353975534,0.0387903731316328,0.0409251861274242,0.0078504760749638,0.0079099535942077,0.0082901662681251,0.0085182860493659,0.0078102987026795,0.0078789135441184,0.0078102987026795,0.0078789135441184,first,1.0,0.0,0.9993649125099182,1.6937254667282104,0.0,0.9993649125099182,0.0,0.9993649125099182,True,0.998484432697296,0.0005198480212129,0.001341700553894,0.0387903749942779,0.0026204634923487,0.0078102992847561,4.148713560425677e-05,140873,140873,160,16,0,False,False,0.0,0.0,0.0126389841754531,0.0553775786269933,0.0140044146666066,2.786076398475501e-07,1.0,0.0,0.0,0.0,0.0,0.0,0.0,0.45276015565563,0.5157891878305088,0.1222222222222222,0.0860586376044513,0.0851127429243653,0.1075732970055642,0.2111390264203587,3.5198559095633577,12.913393607035024,840.5522669100296,1449.8759765625,19.2214469909668,16.517495069075522,0.7431397411347728,3810.5361328125,38.86039733886719,12.320942767562538,0.5708257865861215,0.1306620836257934,0.0299117006361484,0.1121507883071899,0.1153130158782005,0.0497930385172367,0.9993649125099182,0.9993649125099182,0.0001616647064176,0.0012065658778718,12.0,3.489850554240385e-05,0.0012065658778718,0.0,2.3667277162213753e-18,0.0,3.221883626251585e-18,0.0,3.168584411050476e-18,2.4886677818490336e-07,2.9010719530156102e-06,0.0001604755889653,0.0005348865659007,False,220,14,target_drop_candidate,95,False,False,False,-1,,akita_black_bowl_1,True,95,False,-1,False,0.0,0.0,-1,54,0.132534242780552,1.537601276003742,0.3418912481679994,5.390654416534922,80880559.77125357,0.9993649125099182,-49.0,False,False
libero_spatial_with_mug,0,9,0,9,131873,0,131873,10,160,pick up the black bowl between the plate and the ramekin and place it on the plate,-1,-1,none,-1,-1,-1,-1,4.0,0.0062528103590011,0.0408726818859577,0.0379131995141506,0.0131558654829859,0.0010909433476626,0.0010292448569089,0.0412387438118457,0.9947865605354308,0.001325388206169,0.0037419199943542,0.0006184679223224,0.0010322824819013,1.2251967191696167,3.90512490272522,36.76275253295898,4.668166160583496,16.648948669433594,54.00463104248047,0.0102826878428459,0.0311708878725767,0.0540424510836601,0.0057422081008553,0.0102129280567169,0.0199078507721424,0.0065617328509688,0.0115905748680233,0.0240059792995452,0.0100753989536315,0.010383672080934,0.0268651484511792,0.0301911197602748,0.037705099210143,0.0398025847971439,0.0081653124652802,0.0082976557314395,0.0087471704464405,0.0090261399745941,0.0108257206156849,0.0115539683029055,0.0108257206156849,0.0115539683029055,first,1.0,0.0,0.9946957230567932,-0.0685365051031112,0.0,0.9946957230567932,2.0,0.9967371821403505,False,0.9947865605354308,0.001325388206169,0.0037419199943542,0.0377051010727882,0.0016813313122838,0.0108257206156849,0.0005882199038751,141873,141875,176,16,0,False,False,0.0,0.0,0.0126558422785036,0.1007617602045734,0.0138905879839237,2.786076398475501e-07,1.0,0.0,0.0,0.0,0.0,0.0,0.0,0.3066683815056539,0.4641219832943655,0.0555555555555555,0.0429282085319293,0.0390341820498807,0.0536602606649116,0.2204683936597994,4.835832217049529,34.384032047537254,11740.33766530445,901.563232421875,14.380048751831056,18.58084168878985,0.8340333036262237,2433.6416015625,30.815502166748047,14.268237401063054,0.7007269175062544,0.0899266451597213,0.0224666092544794,0.067362330853939,0.0312579534947872,0.077502392232418,0.9946957230567932,0.9946957230567932,0.000170155838596,0.0012077354246567,12.0,2.8002660279808748e-05,0.0012077354246567,0.0,2.097450787230596e-18,0.0,9.284467506917389e-19,0.0,2.2457524979597785e-19,2.489986789263301e-07,2.578298003241278e-06,0.0001639303915412,0.000639374289993,False,220,14,target_drop_candidate,95,False,False,False,-1,,akita_black_bowl_1,True,95,False,-1,False,0.0,0.0,-1,54,0.132534242780552,1.537601276003742,0.3418912481679994,5.390654416534922,80880559.77125357,0.9946957230567932,-65.0,False,False
libero_spatial_with_mug,0,9,0,9,131873,0,131873,11,176,pick up the black bowl between the plate and the ramekin and place it on the plate,-1,-1,none,-1,-1,-1,-1,4.0,0.0051196473650634,0.0169851519167423,0.0205061733722686,0.0097315786406397,0.0019582745153456,0.0007679689442738,0.0298255290836095,0.9994449019432068,0.0003030674997717,0.0007292032241821,0.0005044422578066,0.0010914464946836,0.4274367690086365,1.2247449159622192,7.292975902557373,0.6719418168067932,2.061552762985229,12.579745292663574,0.0095558948814868,0.0187405664473772,0.0355841852724552,0.0060056434012949,0.0108181703835725,0.0196104329079389,0.0058453916572034,0.0104463705793023,0.0195344164967536,0.0105102893430739,0.0107523100450634,0.0268617034889757,0.0280716549605131,0.0361253432929515,0.0386375822126865,0.0110117318108677,0.011340576224029,0.0146008362062275,0.0150012699887156,0.0077207367867231,0.0078297471627593,0.0077207367867231,0.0078297471627593,first,1.0,0.0,0.999141812324524,-1.000072956085205,0.0,0.999141812324524,1.0,0.999871015548706,False,0.9994449019432068,0.0003030674997717,0.0007292032241821,0.0361253395676612,0.0017057571094483,0.0077207363210618,6.438576383516192e-05,142873,142874,192,16,0,False,False,0.0,0.0,0.0126701537446587,0.1013168468753124,0.0137767758843601,2.786076398475501e-07,1.0,0.0,0.0,0.0,0.0,0.0,0.0,0.3071361536742357,0.3470368129429769,0.0,0.047499489424704,0.0445589887678664,0.0593743617808799,0.1501343602842372,3.065399936301577,10.827076652286747,1563.447723859065,1062.884521484375,15.418228149414062,17.86594278288559,0.8071113995252902,3465.27197265625,36.34600067138672,12.733430348815489,0.6121620370471635,0.1321759074926376,0.0389916114509105,0.0751552879810333,0.0778160542249679,0.0860871598124504,0.999141812324524,0.999141812324524,0.0001744421719924,0.00124846603147,12.0,2.419161194211203e-05,0.00124846603147,0.0,1.471631688356031e-18,0.0,3.301245281147261e-19,0.0,8.623671151286353e-19,2.476975344711654e-07,2.5060619658808355e-06,0.000166057910947,0.0006518367500492,False,220,14,target_drop_candidate,95,False,False,False,-1,,akita_black_bowl_1,True,95,False,-1,False,0.0,0.0,-1,54,0.132534242780552,1.537601276003742,0.3418912481679994,5.390654416534922,80880559.77125357,0.999141812324524,-81.0,False,False
libero_spatial_with_mug,0,9,0,9,131873,0,131873,12,192,pick up the black bowl between the plate and the ramekin and place it on the plate,-1,-1,none,-1,-1,-1,-1,4.0,0.0032056744676083,0.0099289799109101,0.0140940425917506,0.0063044228591024,0.00092537823366,0.0007503182860091,0.0177786778658628,0.9954325556755066,0.0004911930300295,0.0013556480407714,0.0006054169498383,0.0011090704938396,0.5299258828163147,1.658312439918518,44.46065521240234,0.8457112908363342,2.7386128902435303,16.378339767456055,0.007149698678404,0.0130515787750482,0.0255748815834522,0.0055572525598108,0.0099053112789988,0.0181492418050766,0.0059084985405206,0.010514561086893,0.0200407579541206,0.0090920270886272,0.0091961817815899,0.0156180674675852,0.0161872953176498,0.030051692854613,0.03114964812994,0.0079143622424453,0.0079886000603437,0.0084577880334109,0.0085924491286277,0.0082229790277779,0.008314368315041,0.0082229790277779,0.008314368315041,first,1.0,0.0,0.996013045310974,1.181795358657837,0.0,0.996013045310974,0.0,0.996013045310974,True,0.9954325556755066,0.0004911930300295,0.0013556480407714,0.0300516933202743,0.0007486352697014,0.0082229785621166,6.15377357462421e-05,143873,143873,208,16,0,False,False,0.0,0.0,0.0126853010891573,0.1100591940478539,0.0136605718043614,2.786076398475501e-07,1.0,0.0,0.0,0.0,0.0,0.0,0.0,0.2622771574211613,0.3157817539710405,0.0111111111111111,0.0404681626602577,0.0366795483016628,0.0505852033253221,0.1692718886264012,3.35501572280976,17.5950853318525,3871.107670205012,1070.7010498046875,15.710711479187012,17.834121323738152,0.8032693761423777,2835.759521484375,31.18129539489746,13.604109619029082,0.674575271360653,0.1190208345651626,0.0287352930754423,0.1021280512213707,0.0487785935401916,0.1076105460524559,0.996013045310974,0.996013045310974,0.0001851303484492,0.0012861694751758,12.0,1.947407050592849e-05,0.0012861694751758,0.0,3.452698407869428e-19,0.0,1.0326489644940428e-18,0.0,2.085791491549524e-18,2.4832184078819295e-07,2.625610501308048e-06,0.0001687547916877,0.0007442919116799,False,220,14,target_drop_candidate,95,False,False,False,-1,,akita_black_bowl_1,True,95,False,-1,False,0.0,0.0,-1,54,0.132534242780552,1.537601276003742,0.3418912481679994,5.390654416534922,80880559.77125357,0.996013045310974,-97.0,False,False
libero_spatial_with_mug,0,9,0,9,131873,0,131873,13,208,pick up the black bowl between the plate and the ramekin and place it on the plate,-1,-1,none,-1,-1,-1,-1,4.0,0.0031043943017721,0.0099319713190197,0.0118905995041131,0.0054850899614393,0.0015376545488834,0.0006625261739827,0.0157002601772546,0.9920568466186525,0.0004788765800185,0.0013408660888671,0.000393660418922,0.0006952950498089,0.456113338470459,1.299038052558899,10.034316062927246,0.7401859760284424,2.4874684810638428,16.132265090942383,0.0073184822686016,0.0132674137130379,0.0253144223242998,0.005565779749304,0.0099535230547189,0.0180033147335052,0.0058446414768695,0.0104324985295534,0.0168079119175672,0.0086809995118528,0.0088467383757233,0.017778025008738,0.019856721162796,0.0260600699111819,0.0271999109536409,0.0081066435668617,0.008237968198955,0.0088831624016165,0.009359628893435,0.0078338120365515,0.0080129923298954,0.0078338120365515,0.0080129923298954,first,1.0,0.0,0.9919512271881104,-0.220556691288948,0.0,0.9919512271881104,1.0,0.9927384853363036,False,0.9920568466186525,0.0004788765800185,0.0013408660888671,0.0260600708425045,0.0006669386057183,0.0078338114544749,0.0001234599476447,144873,144874,220,12,0,False,False,0.0,0.0,0.012694458712614,0.1067969476567601,0.013545393345654,2.786076398475501e-07,1.0,0.0,0.0,0.0,0.0,0.0,0.0,0.1413893061177553,0.1594287396558656,0.2272727272727272,0.0252601187346672,0.0249450190632141,0.042100197891112,0.0828740078136761,1.709264374163848,5.460426256050273,292.17728049130994,909.2625122070312,13.632613182067873,18.543910748474215,0.8356041342622764,2059.201416015625,26.076562881469727,14.993815326636785,0.7623904206702923,0.0689631700515747,0.017901100218296,0.0530910491943359,0.0541683845221996,0.0396441183984279,0.9919512271881104,0.9919512271881104,0.0001225168825027,0.0008206188455913,12.0,1.0672560440726724e-05,0.0008206188455913,0.0,2.3399122276381675e-19,0.0,2.006223688416112e-18,0.0,2.5071919822007986e-18,1.7220625375049937e-07,2.1283029730804157e-06,0.0001230878978918,0.0005135227768826,False,220,14,target_drop_candidate,95,False,False,False,-1,,akita_black_bowl_1,True,95,False,-1,False,0.0,0.0,-1,54,0.132534242780552,1.537601276003742,0.3418912481679994,5.390654416534922,80880559.77125357,0.9919512271881104,-113.0,False,False
libero_spatial_with_mug,0,10,0,10,131970,0,131970,0,0,pick up the black bowl between the plate and the ramekin and place it on the plate,-1,-1,none,-1,-1,-1,-1,4.0,0.0044408058747649,0.0350509844720363,0.0119701968505978,0.0090527823194861,0.0010286340257152,0.0008413920877501,0.0266907289624214,0.4556319415569305,0.0009020482539199,0.0023133456707,0.0009129421086981,0.0032092987094074,0.9194507002830504,2.9474565982818604,50.97548294067383,2.6236050128936768,14.543039321899414,69.65046691894531,0.0087780561298131,0.0229836106300354,0.0481437221169471,0.0056909001432359,0.0100378468632698,0.017389953136444,0.0056001520715653,0.0098479492589831,0.0185169409960508,0.008061351487413,0.008132723160088,0.0115907888393849,0.0121730724349617,0.0241705840453505,0.0249688792973756,0.007426697993651,0.0074555245228111,0.0077715845545753,0.007877611555159,0.0068929626140743,0.0069708083756268,0.0068929626140743,0.0069708083756268,first,1.0,0.0,0.4551239013671875,-0.5632073283195496,0.0,0.4551239013671875,2.0,0.4571557939052582,False,0.4556319415569305,0.0009020482539199,0.0023133456707,0.0241705849766731,0.0006725009880028,0.0068929623812437,5.515999509952962e-05,131970,131972,16,16,0,False,False,0.0,0.0,2.786076397365278e-07,0.2935705894289427,2.724381856803254e-06,2.4378680735237523e-06,0.0,0.0,0.0,0.0,0.0,0.0,0.0,0.8594414944597875,1.084697264235922,0.0444444444444444,0.1529017906299454,0.150039392037854,0.1911272382874318,0.4630892521884878,3.954074047006008,9.29758796130832,214.5927574404688,558.5770263671875,10.151114463806152,20.65997291169832,0.8896661613962958,1317.857177734375,15.718849182128906,16.93212014557419,0.7889772368179786,0.013147547841072,0.0031644499395042,0.0102223306894302,0.0109240598976612,0.0071979700587689,0.4551239013671875,0.4551239013671875,5.403613779139097e-05,0.0006456186340823,12.0,2.934624683612725e-07,5.883756821387338e-09,2.934624683612516e-07,5.8837568285974265e-09,2.530519738197512e-07,4.803232247313177e-17,2.6346862755526685e-07,3.5684442003215444e-09,2.673608637928073e-07,9.187799774765682e-09,1.4196892547793803e-06,0.0006456186340823,False,220,14,target_drop_candidate,95,False,False,False,-1,,akita_black_bowl_1,True,95,False,-1,False,0.0,0.0,-1,54,0.1305100355965485,1.7898906177863347,0.3413812143117013,6.0714195876640575,72291191.24366534,0.4551239013671875,95.0,True,False
libero_spatial_with_mug,0,10,0,10,131970,0,131970,1,16,pick up the black bowl between the plate and the ramekin and place it on the plate,-1,-1,none,-1,-1,-1,-1,4.0,0.0016078820917755,0.0070175025612115,0.0033814013004302,0.0026397437322884,0.0008003728580661,0.0009348238818347,0.0086776502430439,0.5202010869979858,0.0012131460243836,0.0031348466873168,0.0005525244632735,0.0008589100907556,0.7814245820045471,2.4874684810638428,30.62168312072754,2.8354299068450928,14.359230041503906,49.9849967956543,0.0062942346557974,0.011378526687622,0.0223100278526544,0.0055928886868059,0.0099501581862568,0.0189859811216592,0.0058405823074281,0.0102834608405828,0.0186112578958272,0.0087157669477164,0.008918359875679,0.0125672509893774,0.0130016431212425,0.0229094508104026,0.0243716575205326,0.0073471376672387,0.0075065866112709,0.0076829062309116,0.0078482627868652,0.0069381380453705,0.0071946382522583,0.0069381380453705,0.0071946382522583,first,1.0,0.0,0.5193557739257812,-0.6967941522598267,0.0,0.5193557739257812,2.0,0.5219917297363281,False,0.5202010869979858,0.0012131460243836,0.0031348466873168,0.0229094494134187,0.0011117608519271,0.0069381380453705,0.0001579146046424,132970,132972,32,16,0,False,False,0.0,0.0,2.786076397365278e-07,0.1545159237403902,4.028945343625667e-06,2.07709151922586e-06,0.0,0.0,0.0,0.0,0.0,0.0,0.0,1.0901697624443958,1.2679425592308586,0.0666666666666666,0.2060735304649805,0.1756381656935811,0.2575919130812257,0.6625993900725653,4.769108771676208,9.837951291740035,145.51110910225904,837.0128173828125,12.7957124710083,18.903482523656816,0.8456325714070815,1154.21337890625,17.014867782592773,17.507942568011035,0.8492171256238013,0.0193269755691289,0.0037884935736656,0.0178117081522941,0.0050060958601534,0.0184396840631961,0.5193557739257812,0.5193557739257812,6.729847776912761e-07,5.9595680741089976e-06,12.0,0.0,3.700817224287247e-17,0.0,3.842874312576127e-17,0.0,2.951133647134818e-18,0.0,3.021603057018769e-18,0.0,3.773281084161542e-18,2.116249258101132e-06,5.9595680741089976e-06,False,220,14,target_drop_candidate,95,False,False,False,-1,,akita_black_bowl_1,True,95,False,-1,False,0.0,0.0,-1,54,0.1305100355965485,1.7898906177863347,0.3413812143117013,6.0714195876640575,72291191.24366534,0.5193557739257812,79.0,True,False
libero_spatial_with_mug,0,10,0,10,131970,0,131970,2,32,pick up the black bowl between the plate and the ramekin and place it on the plate,-1,-1,none,-1,-1,-1,-1,4.0,0.00210189120844,0.0074962256476283,0.0090783098712563,0.003269707551226,0.0012187353568151,0.0012479099677875,0.0110074803233146,0.6411757469177246,0.000626275432296,0.0016543269157409,0.0007925147656351,0.0027655996382236,0.5730329155921936,1.658312439918518,18.33541679382324,1.7972795963287354,8.5293607711792,39.2014045715332,0.0066216769628226,0.0119463158771395,0.0213101170957088,0.0056149447336792,0.0099962959066033,0.0175530742853879,0.0055569810792803,0.0099230566993355,0.0175914987921714,0.0086665209382772,0.0087407575920224,0.0147490920498967,0.0160229820758104,0.0244044391438364,0.0252854600548744,0.0075407990952953,0.0076126530766487,0.0077829099027439,0.0078450804576277,0.0070212096907198,0.007139871828258,0.0070212096907198,0.007139871828258,first,1.0,0.0,0.6402761936187744,-1.436354160308838,0.0,0.6402761936187744,2.0,0.6419305205345154,False,0.6411757469177246,0.000626275432296,0.0016543269157409,0.024404440075159,0.0006599341286346,0.0070212101563811,7.219908729894087e-05,133970,133972,48,16,0,False,False,0.0,0.0,0.0070060936913632,0.0537155849600919,5.86852535751786e-06,2.0774381899180128e-06,0.0,0.0,0.0,0.0,32.0,9.0,32.0,0.7017060624281374,1.206066480721112,0.0555555555555555,0.1403648230203132,0.1309953370374291,0.1754560287753915,0.5237713239571019,3.687858359247065,7.697308158637702,203.92847626353372,824.1964111328125,13.010482788085938,18.97049641759915,0.8447091395979054,1383.449462890625,18.92581367492676,16.72117061784583,0.7974061274447584,0.1225654259324073,0.0198159646242856,0.1193919777870178,0.0256452895700931,0.0067049344070255,0.6402761936187744,0.6402761936187744,0.007387214361873,0.076449031326468,12.0,0.012147367164375,0.076449031326468,0.0,3.318683302557294e-19,0.0,3.234690405078617e-18,0.0,4.317154701179898e-18,0.0,1.5065428104292057e-18,2.1465212604969336e-06,4.802733037335675e-05,False,220,14,target_drop_candidate,95,False,False,False,-1,,akita_black_bowl_1,True,95,False,-1,False,0.0,0.0,-1,54,0.1305100355965485,1.7898906177863347,0.3413812143117013,6.0714195876640575,72291191.24366534,0.6402761936187744,63.0,True,False
libero_spatial_with_mug,0,10,0,10,131970,0,131970,3,48,pick up the black bowl between the plate and the ramekin and place it on the plate,-1,-1,none,-1,-1,-1,-1,4.0,0.0022743705194443,0.0088133728131651,0.0130908181890845,0.00391974626109,0.0011077750241383,0.0008380295475944,0.0121760116890072,0.7235888838768005,0.0002819632645696,0.0007095336914062,0.0006994756986387,0.0013034215662628,0.8883382678031921,3.316624879837036,36.94844436645508,1.9466255903244016,9.13783359527588,40.58632659912109,0.0068412139080464,0.012399080209434,0.022522073239088,0.0056548337452113,0.0100539149716496,0.0172995794564485,0.0054721273481845,0.009745224379003,0.0185281429439783,0.0086351009085774,0.0087852869182825,0.0116392681375145,0.0122524769976735,0.0244893771596252,0.0252014622092247,0.0077399457804858,0.0077754845842719,0.0080755548551678,0.0083429478108882,0.007143153110519,0.0072308802045881,0.007143153110519,0.0072308802045881,first,1.0,0.0,0.7235921621322632,0.0116265341639518,0.0,0.7235921621322632,1.0,0.7238374352455139,False,0.7235888838768005,0.0002819632645696,0.0007095336914062,0.024489376693964,0.0009982959600165,0.0071431528776884,7.5845280662179e-05,134970,134971,64,16,0,False,False,0.0,0.0,0.1264131342659089,0.0503106755713696,7.86601067727836e-06,2.077448221227129e-06,0.0,0.0,0.0,0.0,90.0,6.0,90.0,0.8851505175815306,1.0537809502317588,0.0333333333333333,0.156105555535479,0.1511197132829097,0.1951319444193487,0.4432888886152231,2.4949851293605017,4.769269291541449,68.64991825445972,618.5371704101562,10.812739372253418,20.217145575996742,0.8853556128637332,3173.018798828125,31.36754035949707,13.116077157441335,0.5964142193079426,0.1503846496343612,0.0277628693729639,0.1169434785842895,0.0148430531844496,0.0115282293409109,0.7235921621322632,0.7235921621322632,0.0219758971995739,0.1491829382899759,12.0,0.1491829382899759,0.1144760317251642,0.0,1.1182503979520868e-18,0.0,1.9650257889977145e-18,0.0,2.3742379098279542e-18,0.0,1.0017924233772158e-17,2.147477712420518e-06,4.964890203485356e-05,False,220,14,target_drop_candidate,95,False,False,False,-1,,akita_black_bowl_1,True,95,False,-1,False,0.0,0.0,-1,54,0.1305100355965485,1.7898906177863347,0.3413812143117013,6.0714195876640575,72291191.24366534,0.7235921621322632,47.0,True,False
libero_spatial_with_mug,0,10,0,10,131970,0,131970,4,64,pick up the black bowl between the plate and the ramekin and place it on the plate,-1,-1,none,-1,-1,-1,-1,4.0,0.0021384169813245,0.0092511186376214,0.007293835747987,0.0033649976830929,0.0013101879740133,0.0009433614904992,0.0109416395425796,0.8499785661697388,0.000515125633683,0.0012734532356262,0.0006401048158295,0.0010473545407876,0.946144700050354,3.522763967514038,26.47994613647461,2.9219751358032227,11.54339599609375,68.14093780517578,0.0066598132252693,0.0119174420833587,0.0204795934259891,0.0055104056373238,0.0097378101199865,0.020109474658966,0.00575782218948,0.0102108968421816,0.0184451006352901,0.008980956627056,0.00903913192451,0.013255265308544,0.0139909358695149,0.022403972223401,0.0226075686514377,0.0075063947588205,0.0075806435197591,0.0079165223287418,0.0081356363371014,0.0078544728457927,0.0079423235729336,0.0078544728457927,0.0079423235729336,first,1.0,0.0,0.8504102230072021,0.8379641771316528,0.0,0.8504102230072021,2.0,0.8504523038864136,False,0.8499785661697388,0.000515125633683,0.0012734532356262,0.022403972223401,0.0001588329032529,0.0078544728457927,7.756788545520976e-05,135970,135972,80,16,0,False,False,0.0,0.0,0.1305100355965485,0.050228366760538,0.0058984206633812,0.0002422584445651,0.0,0.0,0.0,0.0,102.0,10.0,102.0,1.0084626948543085,1.2976853897506997,0.0777777777777777,0.1551622240958874,0.1160950826254835,0.1939527801198593,0.8088427368071816,6.634723761122887,15.925202093381788,589.1922815102195,1036.61328125,14.82876968383789,17.974635920805493,0.8171414396440223,1978.291259765625,22.925762176513672,15.167901286133532,0.7347235376670357,0.1108231768012046,0.0261434316635131,0.0874866247177124,0.0411099269986152,0.0267368126660585,0.8504102230072021,0.8504102230072021,0.0262543624551809,0.1092236354366117,12.0,0.1087640322666792,0.1092236354366117,0.0,1.0426380369967597e-18,0.0,2.3317126498699466e-18,0.0,1.4678522456092211e-18,0.0,4.471103348499988e-18,0.0058230034514336,0.0912416783074472,False,220,14,target_drop_candidate,95,False,False,False,-1,,akita_black_bowl_1,True,95,False,-1,False,0.0,0.0,-1,54,0.1305100355965485,1.7898906177863347,0.3413812143117013,6.0714195876640575,72291191.24366534,0.8504102230072021,31.0,True,False
libero_spatial_with_mug,0,10,0,10,131970,0,131970,5,80,pick up the black bowl between the plate and the ramekin and place it on the plate,-1,-1,none,-1,-1,-1,-1,4.0,0.0284929238259792,0.8542124629020691,0.0969739854335784,0.02757871709764,0.0050673112273216,0.1015123650431633,0.1972941309213638,0.9984553456306458,0.0009315126226283,0.0026084780693054,0.0011174817336723,0.0017010637093335,0.9933767318725586,3.535533905029297,45.370697021484375,2.9814956188201904,13.601470947265623,66.50704956054688,0.0351433791220188,0.0980880185961723,0.876442551612854,0.0056819841265678,0.0100886262953281,0.0179240740835666,0.0062600527890026,0.0110682854428887,0.0186078622937202,0.0108417191077023,0.0113531667739152,0.0591268627904355,0.1030051335692405,0.0692034242674708,0.1083095297217369,0.0078052345197647,0.0078719854354858,0.0081339627504348,0.0081993779167532,0.0082485626917332,0.0084515139460563,0.0082485626917332,0.0084515139460563,first,1.0,0.0,0.9983986616134644,-0.0608515813946723,0.0,0.9983986616134644,2.0,0.999882161617279,False,0.9984553456306458,0.0009315126226283,0.0026084780693054,0.0692034214735031,0.0360352620482444,0.0082485619932413,0.0001258346601389,136970,136972,96,16,0,False,False,0.0,0.0,0.0539539564737096,0.050228421906706,0.0152098233216697,0.0069552971187846,1.0,0.0,0.0,0.0,35.0,11.0,35.0,0.6609462156323838,0.8540064071209881,0.0666666666666666,0.0995642093297527,0.0931582650483741,0.1244552616621908,0.3046368958531583,3.670778045088166,8.633661901425018,414.1705905921682,888.2843627929688,14.10987949371338,18.645283439379437,0.836321370454403,2735.811767578125,28.70735740661621,13.75994147613085,0.6406040578918958,0.0651952847838401,0.0170853547751903,0.0511165559291839,0.0554903224110603,0.0173096898943185,0.9983986616134644,0.9983986616134644,0.0270399995683804,0.1617410872690309,12.0,0.0387211147559986,0.1617410872690309,0.0,8.422847244944887e-19,0.0,2.9886996292027656e-18,0.0,1.2981316345709437e-18,3.4271212015073064e-05,0.0004172011986284,0.0086381419682009,0.1149281784166908,False,220,14,target_drop_candidate,95,False,False,False,-1,,akita_black_bowl_1,True,95,False,-1,False,0.0,0.0,-1,54,0.1305100355965485,1.7898906177863347,0.3413812143117013,6.0714195876640575,72291191.24366534,0.9983986616134644,15.0,True,True
libero_spatial_with_mug,0,10,0,10,131970,0,131970,6,96,pick up the black bowl between the plate and the ramekin and place it on the plate,-1,-1,none,-1,-1,-1,-1,4.0,0.0121560180559754,0.8063152432441711,0.0170293319970369,0.0082873879000544,0.0021306369453668,0.0538380555808544,0.0850976407527923,0.5629605650901794,0.0067788986489176,0.0177214741706848,0.0109181739389896,0.0486496351659297,1.4722968339920044,5.338539123535156,41.42689514160156,4.800768852233887,17.210098266601562,85.93165588378906,0.0170322693884372,0.0260560568422079,0.8401246666908264,0.0152113949880003,0.0500322058796882,0.0641892552375793,0.0146819856017827,0.0209610182791948,0.0299635231494903,0.0101510668173432,0.0104555990546941,0.0235200305469334,0.0302450936287641,0.0318872141651809,0.0329338684678077,0.0092177593614906,0.0098437750712037,0.0104142806958407,0.0112869087606668,0.0089189985301345,0.0090911705046892,0.0089189985301345,0.0090911705046892,first,1.0,0.0,0.5587545037269592,-0.6204638481140137,0.0,0.5587545037269592,3.0,0.5724929571151733,False,0.5629605650901794,0.0067788986489176,0.0177214741706848,0.0318872146308422,0.0007877504103817,0.0089189987629652,0.0001153430421254,137970,137973,112,16,0,False,False,0.0,0.0,0.0123764319734923,0.0599074572214343,0.0144939067785687,0.000141767756408,1.0,0.0,0.0,0.0,3.0,2.0,3.0,0.766122521448758,0.934327627121381,0.0888888888888888,0.1333762863258004,0.1261250926640661,0.1667203579072506,0.6130157019145798,7.689881341734284,54.87196941784733,3104.093823338671,1228.46875,17.075740814208984,17.23716247569253,0.7827187788840076,3024.2099609375,34.762142181396484,13.324684213564776,0.6221456150822994,0.1080196127295494,0.0240948181599378,0.0783373266458511,0.0656035840511322,0.0799457281827926,0.5587545037269592,0.5587545037269592,0.0037120986288349,0.0366172039189699,12.0,0.001996546664165,0.0366172039189699,0.0,1.4699236713003993e-18,0.0,2.427188093757919e-18,0.0,3.3856103762976304e-18,0.0003003749846264,0.0014984176739347,0.0004841122833009,0.0036485280210217,False,220,14,target_drop_candidate,95,False,False,False,-1,,akita_black_bowl_1,True,95,False,-1,False,0.0,0.0,-1,54,0.1305100355965485,1.7898906177863347,0.3413812143117013,6.0714195876640575,72291191.24366534,0.5587545037269592,-1.0,False,False
libero_spatial_with_mug,0,10,0,10,131970,0,131970,7,112,pick up the black bowl between the plate and the ramekin and place it on the plate,-1,-1,none,-1,-1,-1,-1,4.0,0.0110671063885092,0.1000817120075225,0.05456268414855,0.0222100690007209,0.0032859442289918,0.000981705263257,0.0755121037364006,0.991776704788208,0.0004524242540355,0.0011456608772277,0.0009129051468335,0.002026148373261,1.6261582374572754,5.931905269622803,50.96567535400391,5.732475280761719,21.64486122131348,64.04832458496094,0.0165247935801744,0.0586257874965667,0.1275739669799804,0.005715790670365,0.010171715170145,0.0177291650325059,0.0060144248418509,0.0107453931123018,0.0223297867923975,0.0105542845558375,0.0106623601168394,0.0237977313809096,0.025494372472167,0.0353292878717184,0.038485400378704,0.008104425156489,0.008239128626883,0.0089632216840982,0.0090442840009927,0.0081416061148047,0.0083570554852485,0.0081416061148047,0.0083570554852485,first,1.0,0.0,0.9913149476051332,-1.0206286907196045,0.0,0.9913149476051332,1.0,0.9924606084823608,False,0.991776704788208,0.0004524242540355,0.0011456608772277,0.0353292897343635,0.0018844523001462,0.0081416061148047,0.0001310683437623,138970,138971,128,16,0,False,False,0.0,0.0,0.0145081361575679,0.0614681608005075,0.0143861690565924,0.0001118256789576,1.0,0.0,0.0,0.0,6.0,2.0,6.0,0.5290713514986678,0.7309697395871088,0.0444444444444444,0.0906096261403582,0.0846921160505325,0.1132620326754478,0.2782321525097662,2.970617646445329,7.268423857855009,363.8898871071934,1284.02099609375,17.76531219482422,17.045082355672374,0.7676611060054007,3525.31005859375,38.03153610229492,12.658830407278732,0.5719153769576607,0.1435090005397796,0.0406964085996151,0.0932719111442565,0.0984402447938919,0.0553352423012256,0.9913149476051332,0.9913149476051332,0.0020338032657011,0.0192929677454359,12.0,0.0013785852055819,0.0192929677454359,0.0,7.099006578178386e-19,0.0,1.6477111175543638e-18,0.0,1.885431779688664e-18,0.0011206929282393,0.001506286222345,4.460198345595275e-05,0.001062505103355,False,220,14,target_drop_candidate,95,False,False,False,-1,,akita_black_bowl_1,True,95,False,-1,False,0.0,0.0,-1,54,0.1305100355965485,1.7898906177863347,0.3413812143117013,6.0714195876640575,72291191.24366534,0.9913149476051332,-17.0,False,False
libero_spatial_with_mug,0,10,0,10,131970,0,131970,8,128,pick up the black bowl between the plate and the ramekin and place it on the plate,-1,-1,none,-1,-1,-1,-1,4.0,0.0045312019065022,0.0185547731816768,0.0186944529414176,0.0080498410388827,0.0022335180547088,0.0008683381020091,0.0265847612172365,0.9997514486312866,0.0001472248550271,0.0003643631935119,0.0005272247944958,0.0013927671825513,0.4279861450195312,1.2247449159622192,7.790218353271484,0.5917639136314392,1.9202864170074463,13.311179161071776,0.0093921972438693,0.0199914425611495,0.0375155620276927,0.0060449657030403,0.010827463120222,0.0198601186275482,0.0058695469051599,0.0103613995015621,0.0198543816804885,0.0107759404927492,0.0109154880046844,0.0211646179668605,0.0225100666284561,0.0352581413462758,0.0375399589538574,0.0106438011862337,0.0107453428208827,0.0135638134088367,0.0137224784120917,0.0079173510894179,0.0080076297745108,0.0079173510894179,0.0080076297745108,first,1.0,0.0,1.0,1.6882432699203491,0.0,1.0,0.0,1.0,True,0.9997514486312866,0.0001472248550271,0.0003643631935119,0.0352581441402435,0.0017597055993974,0.0079173520207405,7.029761763988063e-05,139970,139970,144,16,0,False,False,0.0,0.0,0.012308868202869,0.1169062969400873,0.0143622453760529,2.786076397365278e-07,1.0,0.0,0.0,0.0,0.0,0.0,0.0,0.4193335250099294,0.4606597625694937,0.0,0.0963487193414503,0.0959057122833609,0.1204358991768128,0.119835534788006,3.138852379075596,10.601305276520955,366.16305428451335,1246.047607421875,18.00940704345703,17.175457252497043,0.7744377630668097,4810.08642578125,43.96648406982422,11.309274811879062,0.4872667132460124,0.2180609107017517,0.0552422255277633,0.1495113670825958,0.1516402512788772,0.1355219781398773,1.0,1.0,0.0001133518782853,0.0011504922425024,12.0,1.8180543759317117e-06,0.000172142561035,0.0,5.579846818197259e-19,0.0,8.672315077197185e-19,0.0,1.2530933909436441e-18,1.6614647592638486e-07,1.57548787288778e-06,3.402804716196634e-05,0.0011504922425024,False,220,14,target_drop_candidate,95,False,False,False,-1,,akita_black_bowl_1,True,95,False,-1,False,0.0,0.0,-1,54,0.1305100355965485,1.7898906177863347,0.3413812143117013,6.0714195876640575,72291191.24366534,1.0,-33.0,False,False
libero_spatial_with_mug,0,10,0,10,131970,0,131970,9,144,pick up the black bowl between the plate and the ramekin and place it on the plate,-1,-1,none,-1,-1,-1,-1,4.0,0.0034233105834573,0.0178510434925556,0.0161965005099773,0.0063123530708253,0.0014747461536899,0.0006018751882947,0.0200176183134317,0.6064919829368591,0.0198490861803293,0.0548463463783264,0.0008783878292888,0.002585913054645,1.1738331317901611,3.774917125701904,37.486663818359375,4.778017520904541,17.98610496520996,59.22151184082031,0.0078128715977072,0.015622979030013,0.029868496581912,0.0057635847479105,0.0102894799783825,0.0182436592876911,0.0402092412114143,0.0480931662023067,0.0610119439661502,0.0093381179030984,0.0093805668875575,0.0137773661408573,0.014852313324809,0.0255016824230551,0.0262503586709499,0.0080732617061585,0.0082122338935732,0.0086047824006527,0.008742906153202,0.0122701218351721,0.0126815401017665,0.0122701218351721,0.0126815401017665,first,1.0,0.0,0.6380630135536194,1.5905534029006958,0.0,0.6380630135536194,0.0,0.6380630135536194,True,0.6064919829368591,0.0198490861803293,0.0548463463783264,0.0255016814917325,0.000735871726647,0.0122701218351721,0.0003003990568686,140970,140970,160,16,0,False,False,0.0,0.0,0.0123071705359278,0.0717823390687583,0.0143314956850748,2.786076397365278e-07,1.0,0.0,0.0,0.0,0.0,0.0,0.0,0.8827096941442982,0.9967722854988303,0.0666666666666666,0.1540143875628429,0.1490816078329186,0.1925179844535536,0.6568032277256969,7.056120583637793,45.976330491939926,1757.9811209358456,1344.9630126953125,17.82975196838379,16.843700197288893,0.7627367939652162,3100.486572265625,32.20606231689453,13.21650506044019,0.6517053942475185,0.0548550188541412,0.0129775684326887,0.0444594919681549,0.050228726118803,0.019888112321496,0.6380630135536194,0.6380630135536194,0.0001068722209437,0.00109605118337,12.0,1.6237949526288486e-06,0.0001526246343787,0.0,2.3365983807821895e-19,0.0,1.0032695146422614e-18,0.0,3.862414021740083e-18,1.6676827582264477e-07,1.6015957754116056e-06,3.039867457208568e-05,0.00109605118337,False,220,14,target_drop_candidate,95,False,False,False,-1,,akita_black_bowl_1,True,95,False,-1,False,0.0,0.0,-1,54,0.1305100355965485,1.7898906177863347,0.3413812143117013,6.0714195876640575,72291191.24366534,0.6380630135536194,-49.0,False,False
libero_spatial_with_mug,0,10,0,10,131970,0,131970,10,160,pick up the black bowl between the plate and the ramekin and place it on the plate,-1,-1,none,-1,-1,-1,-1,4.0,0.0048245666548609,0.0105756409466266,0.0164958462119102,0.0073192361742258,0.0036673275753855,0.0008122748695313,0.0239289533346891,0.9997885227203368,0.0002445157442707,0.0005965232849121,0.0006236175540834,0.0011174823157489,0.4461739361286163,1.299038052558899,7.048935890197754,0.6277121901512146,2.061552762985229,20.910524368286133,0.010053627192974,0.0235435906797647,0.0384485609829425,0.0056387209333479,0.0100060543045401,0.0178832430392503,0.0060340706259012,0.0107157072052359,0.0199351198971271,0.0097557918634265,0.00988111179322,0.0253868047147989,0.0270657408982515,0.0386433778330683,0.0406237952411174,0.007929777028039,0.0080327484756708,0.0083066369406878,0.008440513163805,0.0078296621795743,0.0084021696820855,0.0078296621795743,0.0084021696820855,first,1.0,0.0,1.0,0.8648820519447327,0.0,1.0,0.0,1.0,True,0.9997885227203368,0.0002445157442707,0.0005965232849121,0.0386433750391006,0.0017901707906275,0.007829662412405,0.0003355868975631,141970,141970,176,16,0,False,False,0.0,0.0,0.0123057107278051,0.0733809425614363,0.0143038534816751,2.786076397365278e-07,1.0,0.0,0.0,0.0,0.0,0.0,0.0,0.866095884940871,0.8843546802541217,0.0,0.1553322097743598,0.154164949319928,0.1941652622179497,0.2751484002812873,4.603650049731504,37.68476603133292,1054.0667764991558,1460.696044921875,19.95151138305664,16.485205075254935,0.7422593834641715,4414.7109375,41.35026168823242,11.681780883696176,0.5263983662367618,0.2407762855291366,0.0522043332457542,0.2175013422966003,0.2295949757099151,0.0706705078482627,1.0,1.0,9.982695876972183e-05,0.0010402426460638,12.0,1.3828924735011325e-06,0.0001277427009745,0.0,1.747620086170209e-19,0.0,2.864020670622371e-18,0.0,4.5590877472619794e-18,1.6736649178313982e-07,1.6277810975413411e-06,2.676011813541198e-05,0.0010402426460638,False,220,14,target_drop_candidate,95,False,False,False,-1,,akita_black_bowl_1,True,95,False,-1,False,0.0,0.0,-1,54,0.1305100355965485,1.7898906177863347,0.3413812143117013,6.0714195876640575,72291191.24366534,1.0,-65.0,False,False
libero_spatial_with_mug,0,10,0,10,131970,0,131970,11,176,pick up the black bowl between the plate and the ramekin and place it on the plate,-1,-1,none,-1,-1,-1,-1,4.0,0.0036031182389706,0.0163081176578998,0.0134470611810684,0.0063498616218566,0.0017691752873361,0.0008647166541777,0.0193751379847526,0.7776584029197693,0.0336884632706642,0.0950688123703002,0.0007295905961655,0.0012363413115963,1.872764110565185,8.613216400146484,57.906715393066406,3.138802051544189,12.070107460021973,40.10610961914063,0.00812872312963,0.0159102566540241,0.0326108746230602,0.0058687971904873,0.0105161117389798,0.019289132207632,0.0678344368934631,0.0785912424325943,0.093009278178215,0.0095402903389185,0.0096205407753586,0.0145694459788501,0.0159279033541679,0.0270983995869755,0.0278884749859571,0.0084148393943905,0.0088475327938795,0.0089536218438297,0.0094627840444445,0.0235406598076224,0.0247583296149969,0.0235406598076224,0.0247583296149969,first,1.0,0.0,0.7794423699378967,0.0529548339545726,0.0,0.7794423699378967,3.0,0.8229465484619141,False,0.7776584029197693,0.0336884632706642,0.0950688123703002,0.0270984005182981,0.0004833229177165,0.023540660738945,0.0009854283416643,142970,142973,192,16,0,False,False,0.0,0.0,0.0123044913421407,0.0775635561342346,0.0142791774756803,2.786076397365278e-07,1.0,0.0,0.0,0.0,0.0,0.0,0.0,0.8538740299653766,0.9195791275108676,0.1,0.1450854644702398,0.1340277178681279,0.1813568305877998,0.679077849414703,7.764219877900375,52.67626682525533,2540.8247329750675,1260.055419921875,17.147972106933594,17.126907141337153,0.7767582332576047,2907.644775390625,31.975000381469727,13.495390128456116,0.6685601268348157,0.0726161822676658,0.0167290046811103,0.0564152151346206,0.0371639542281627,0.0617142245173454,0.7794423699378967,0.7794423699378967,9.305612905718344e-05,0.000986516331961,12.0,1.1542248355980757e-06,0.0001038810516063,0.0,1.5368026329538265e-18,0.0,2.6954771876834027e-18,0.0,2.293943698789289e-18,1.6790330094915552e-07,1.6522939595737795e-06,2.330174302269658e-05,0.000986516331961,False,220,14,target_drop_candidate,95,False,False,False,-1,,akita_black_bowl_1,True,95,False,-1,False,0.0,0.0,-1,54,0.1305100355965485,1.7898906177863347,0.3413812143117013,6.0714195876640575,72291191.24366534,0.7794423699378967,-81.0,False,False
libero_spatial_with_mug,0,10,0,10,131970,0,131970,12,192,pick up the black bowl between the plate and the ramekin and place it on the plate,-1,-1,none,-1,-1,-1,-1,4.0,0.0038784330245107,0.0188127141445875,0.0161127336323261,0.0078090094029903,0.000918926205486,0.0009652259759604,0.0239232033491134,0.9999073147773744,0.000130089756567,0.0003144741058349,0.0005244094063527,0.0010053477017208,0.4430267512798309,1.2247449159622192,7.77817440032959,0.6357824802398682,2.061552762985229,13.89919090270996,0.0082110511139035,0.0178060475736856,0.0404742136597633,0.0059139095246791,0.010628861375153,0.0202355533838272,0.0059450906701385,0.0105773638933897,0.0199802163988351,0.0115217117127031,0.0116880228742957,0.0438502058386802,0.0484598278999328,0.0484610237181186,0.0522545538842678,0.0100904572755098,0.0104376673698425,0.0123466583900153,0.0127337528392672,0.0078347044764086,0.0080047156661748,0.0078347044764086,0.0080047156661748,first,1.0,0.0,1.0,0.7124713063240051,0.0,1.0,0.0,1.0,True,0.9999073147773744,0.000130089756567,0.0003144741058349,0.0484610237181186,0.0022953287698328,0.0078347045928239,0.0001281160366488,143970,143970,208,16,0,False,False,0.0,0.0,0.0123035016245839,0.0780477352828815,0.0142573554134489,2.786076397365278e-07,1.0,0.0,0.0,0.0,0.0,0.0,0.0,0.2976159920544371,0.3484670634933533,0.0555555555555555,0.0607530000063073,0.0586057569807881,0.0759412500078842,0.174842598785319,3.5382977629682224,19.01244553932646,1994.5979448793064,1411.9842529296875,18.08213806152344,16.632505075684694,0.7478619523112476,3142.35009765625,34.10956954956055,13.158257915547818,0.652118349910381,0.1320502161979675,0.0361572355031967,0.0780324935913086,0.118136242032051,0.0517985261976718,1.0,1.0,8.656800481200945e-05,0.0009348348448763,12.0,9.40253995237312e-07,8.116432613155249e-05,0.0,4.58182192979465e-19,0.0,4.7260433367822864e-18,0.0,2.610600619057717e-18,1.683801435996918e-07,1.6751762470964014e-06,2.003307635025462e-05,0.0009348348448763,False,220,14,target_drop_candidate,95,False,False,False,-1,,akita_black_bowl_1,True,95,False,-1,False,0.0,0.0,-1,54,0.1305100355965485,1.7898906177863347,0.3413812143117013,6.0714195876640575,72291191.24366534,1.0,-97.0,False,False
libero_spatial_with_mug,0,10,0,10,131970,0,131970,13,208,pick up the black bowl between the plate and the ramekin and place it on the plate,-1,-1,none,-1,-1,-1,-1,4.0,0.002195514505729,0.0111259249970316,0.0113092027604579,0.0039334869943559,0.0009789217729121,0.0006313759367913,0.0124525092542171,0.9998852014541626,0.0001268472988158,0.0003058910369873,0.0004513712192419,0.0008879794040694,1.2789663076400757,5.361902713775635,57.56083679199219,3.0370280742645264,12.893796920776367,52.33306884765625,0.0065404660999774,0.0121066598221659,0.0235117878764867,0.0055512688122689,0.0097136525437235,0.0168186109513044,0.0058467229828238,0.010403698310256,0.0187182780355215,0.0090020066127181,0.0091017102822661,0.0172829618677496,0.0198076535016298,0.0301559208892285,0.0322717539966106,0.0078604614827781,0.0078926803544163,0.0083789471536874,0.0084616336971521,0.0076906942995265,0.0077318116091191,0.0076906942995265,0.0077318116091191,first,1.0,0.0,0.9998466372489928,-0.3040207028388977,0.0,0.9998466372489928,1.0,1.0,False,0.9998852014541626,0.0001268472988158,0.0003058910369873,0.030155923217535,0.0013489141128957,0.0076906941831111,3.958981324103661e-05,144970,144971,220,12,0,False,False,0.0,0.0,0.0123027305547668,0.109199290771287,0.0142382779897082,2.786076397365278e-07,1.0,0.0,0.0,0.0,0.0,0.0,0.0,0.3905666652398821,0.4346151018451486,0.0303030303030303,0.0441987910886174,0.0405283092987812,0.0736646518143624,0.2971935247546828,5.036655563521643,29.000477818126026,1843.8029189306387,1154.5892333984375,16.12373161315918,17.506528575038853,0.7903978797229649,2095.715576171875,25.767597198486328,14.917480196176804,0.7542804259188938,0.133267730474472,0.0269420556724071,0.1225167959928512,0.0397676974534988,0.1266139596700668,0.9998466372489928,0.9998466372489928,6.083424842096074e-05,0.0006684077051271,12.0,5.747955391097256e-07,4.662690466733523e-05,0.0,3.8884255791562703e-19,0.0,4.693530638524817e-18,0.0,1.5878386802600293e-18,1.2656320641115149e-07,1.2704508288444742e-06,1.3004561682686584e-05,0.0006684077051271,False,220,14,target_drop_candidate,95,False,False,False,-1,,akita_black_bowl_1,True,95,False,-1,False,0.0,0.0,-1,54,0.1305100355965485,1.7898906177863347,0.3413812143117013,6.0714195876640575,72291191.24366534,0.9998466372489928,-113.0,False,False
libero_spatial_with_mug,0,11,0,11,132067,0,132067,0,0,pick up the black bowl between the plate and the ramekin and place it on the plate,-1,-1,none,-1,-1,-1,-1,4.0,0.002950380789116,0.0188833437860012,0.0132678281515836,0.0056063146330416,0.0010097966296598,0.0008043290581554,0.0171772111207246,0.4560246169567108,0.0010539193172007,0.0024730861186981,0.0008755189483053,0.0025630381423979,0.8456500172615051,2.692582368850708,39.92805862426758,1.858447790145874,9.354143142700195,56.18440628051758,0.0073505165055394,0.0151460226625204,0.0296455323696136,0.0056508011184632,0.0100731356069445,0.0177870634943246,0.00561975967139,0.0099716801196336,0.0162021275609731,0.0080648190341889,0.0081327306106686,0.0110562746413052,0.0114424526691436,0.0236525167711079,0.0248889569193124,0.0073779472149908,0.0074694701470434,0.0076961204176768,0.0077839074656367,0.0068338180426508,0.0068727005273103,0.0068338180426508,0.0068727005273103,first,1.0,0.0,0.4549750089645386,-0.9959092736244202,0.0,0.4549750089645386,3.0,0.4574480950832367,False,0.4560246169567108,0.0010539193172007,0.0024730861186981,0.0236525163054466,0.0012250648578628,0.0068338178098201,3.077850487898104e-05,132067,132070,16,16,0,False,False,0.0,0.0,2.786076397365278e-07,0.2941291265058854,2.7243818568279027e-06,2.4378680735237523e-06,0.0,0.0,0.0,0.0,0.0,0.0,0.0,0.8458425032868538,1.084095625833892,0.0333333333333333,0.150067390384188,0.147277063068779,0.187584237980235,0.4600035521470207,3.841033142924904,8.953682692139145,206.5758868278269,551.9482421875,10.092122077941896,20.711820063022103,0.8909822742527019,1293.587158203125,15.481292724609377,17.01284665309395,0.7931548280998565,0.0073965429328382,0.0019866274669766,0.0043250620365142,0.0047184885479509,0.0056558474898338,0.4549750089645386,0.4549750089645386,5.403613779122684e-05,0.0006456186340803,12.0,2.934624683612725e-07,5.883756820848108e-09,2.934624683612516e-07,5.883756828962258e-09,2.530519738197512e-07,4.6253058327676255e-17,2.6346862755526685e-07,3.5684441998356705e-09,2.673608637928073e-07,9.1877997663755e-09,1.4196892547806246e-06,0.0006456186340803,True,88,6,success,-1,True,False,False,-1,,akita_black_bowl_1,False,-1,False,-1,False,0.0,1.0,88,54,0.1329989961914357,0.832616739317614,0.3720956409929386,4.644605262006358,319959.5773254507,0.5450249910354614,,False,False
libero_spatial_with_mug,0,11,0,11,132067,0,132067,1,16,pick up the black bowl between the plate and the ramekin and place it on the plate,-1,-1,none,-1,-1,-1,-1,4.0,0.0020695459097623,0.0081576127558946,0.0102091757580637,0.0037100792396813,0.0008736422751098,0.0007356563583016,0.0121560646221041,0.5208048224449158,0.0009292855393141,0.0025483965873718,0.0005489229806698,0.0011449895100668,0.770118772983551,2.549509763717652,34.346580505371094,2.193159580230713,10.709224700927734,49.92243957519531,0.0065494216978549,0.0119258817285299,0.0207916926592588,0.0055318302474915,0.0098117841407656,0.0164608508348464,0.0055165593512356,0.0097479680553078,0.0179663673043251,0.0086325234733521,0.0088342698290944,0.0122889659833163,0.0126709127798676,0.0220973836258053,0.0229998175054788,0.0072700412711128,0.0073475441895425,0.0075606851605698,0.007630328182131,0.0067981031024828,0.006832618266344,0.0067981031024828,0.006832618266344,first,1.0,0.0,0.521172285079956,0.3954249024391174,0.0,0.521172285079956,1.0,0.5220237970352173,False,0.5208048224449158,0.0009292855393141,0.0025483965873718,0.0220973826944828,0.0005359628703445,0.0067981034517288,2.0873221728834324e-05,133067,133068,32,16,0,False,False,0.0,0.0,2.786076397365278e-07,0.1564080470764351,4.02894534347753e-06,2.07709151922586e-06,0.0,0.0,0.0,0.0,0.0,0.0,0.0,1.0849193693387322,1.250795799809604,0.0666666666666666,0.206153004561218,0.1766014919393736,0.2576912557015226,0.660500986173926,4.80384635843552,9.464747199398024,148.32793477975792,844.242919921875,12.833413124084473,18.866129336709196,0.8442092755529085,1443.8603515625,18.359474182128903,16.535551700433242,0.8086003601834956,0.0201829187572002,0.0042840847745537,0.018108882009983,0.0066212085075676,0.0188253317028284,0.521172285079956,0.521172285079956,6.729847778266329e-07,5.959568075914188e-06,12.0,0.0,3.6914990780013744e-17,0.0,3.7190854671355604e-17,0.0,7.917078944148557e-18,0.0,4.3990708826185984e-18,0.0,7.99539825650195e-18,2.116249257910989e-06,5.959568075914188e-06,True,88,6,success,-1,True,False,False,-1,,akita_black_bowl_1,False,-1,False,-1,False,0.0,1.0,88,54,0.1329989961914357,0.832616739317614,0.3720956409929386,4.644605262006358,319959.5773254507,0.4788277149200439,,False,False
libero_spatial_with_mug,0,11,0,11,132067,0,132067,2,32,pick up the black bowl between the plate and the ramekin and place it on the plate,-1,-1,none,-1,-1,-1,-1,4.0,0.002309187548235,0.0111761949956417,0.0122168809175491,0.0041415812447667,0.0009843129664659,0.000786630436778,0.0130658140406012,0.6408907771110535,0.0009106964571401,0.0022867321968078,0.0010391811374574,0.0033203815110027,0.6455386281013489,1.9202864170074463,20.54720115661621,2.544865369796753,11.776565551757812,56.689395904541016,0.0066876080818474,0.0123216118663549,0.0235725305974483,0.0056207813322544,0.010036907158792,0.0181243997067213,0.0057442965917289,0.0101871360093355,0.0183733198791742,0.008583870017901,0.0086288740858435,0.0144686731509864,0.0159872602671384,0.0243998058140277,0.0248451884835958,0.0074741301359608,0.0077319252304732,0.0078042779350653,0.0079612154513597,0.0070764643605798,0.0073244511149823,0.0070764643605798,0.0073244511149823,first,1.0,0.0,0.6418448686599731,1.0476504564285278,0.0,0.6418448686599731,0.0,0.6418448686599731,True,0.6408907771110535,0.0009106964571401,0.0022867321968078,0.0243998058140277,0.0003680252702906,0.0070764641277492,0.0001762452011462,134067,134067,48,16,0,False,False,0.0,0.0,0.0041583632894347,0.0508554644469318,5.868525357487761e-06,2.0774381899180128e-06,0.0,0.0,0.0,0.0,18.0,5.0,18.0,0.7058835058569866,1.204287544921009,0.0555555555555555,0.1397105186313514,0.1300611773190589,0.1746381482891894,0.5219233082979134,3.656297966643333,7.830523115361012,209.32417994835703,815.9484252929688,12.927302360534668,19.014176522593228,0.8462181208565677,1365.30029296875,18.824609756469727,16.778521774501037,0.8019931084313443,0.1076985895633697,0.0212573036551475,0.0867194533348083,0.0229807589203119,0.0062307920306921,0.6418448686599731,0.6418448686599731,0.0052701557040512,0.0488496248094507,12.0,0.0143420697875295,0.0488496248094507,0.0,9.60727400614231e-19,0.0,5.244729156749687e-19,0.0,1.954470141738943e-18,0.0,3.3072145166984723e-18,2.1465212605420237e-06,4.802733037390656e-05,True,88,6,success,-1,True,False,False,-1,,akita_black_bowl_1,False,-1,False,-1,False,0.0,1.0,88,54,0.1329989961914357,0.832616739317614,0.3720956409929386,4.644605262006358,319959.5773254507,0.3581551313400268,,False,False
libero_spatial_with_mug,0,11,0,11,132067,0,132067,3,48,pick up the black bowl between the plate and the ramekin and place it on the plate,-1,-1,none,-1,-1,-1,-1,4.0,0.0022891468834131,0.0079737491905689,0.0060374392196536,0.0039334981702268,0.001180101535283,0.0006832295912317,0.0117191039025783,0.6868969202041626,0.0006232150481082,0.0015383958816528,0.0006166265811771,0.0014895662898197,0.65867018699646,2.1650636196136475,30.22416305541992,2.0935840606689453,10.436001777648926,43.60332489013672,0.0066235614940524,0.0118239112198352,0.0206926707178354,0.005582857877016,0.0099512608721852,0.0197434350848197,0.0055485293269157,0.0097958212718367,0.0176223441958427,0.008165068924427,0.0082328068092465,0.0103942565619945,0.0106606418266892,0.0224558655172586,0.022853335365653,0.0074777428526431,0.0075065004639327,0.0076991796959191,0.0077885254286229,0.0070973441470414,0.0071373227983713,0.0070973441470414,0.0071373227983713,first,1.0,0.0,0.686407208442688,-0.7857829332351685,0.0,0.686407208442688,2.0,0.6879211068153381,False,0.6868969202041626,0.0006232150481082,0.0015383958816528,0.0224558655172586,0.0004032930009998,0.0070973439142107,2.4758353902143423e-05,135067,135069,64,16,0,False,False,0.0,0.0,0.1228170859874397,0.0502453167215438,7.866010677132632e-06,2.077448221227129e-06,0.0,0.0,0.0,0.0,94.0,6.0,94.0,0.8396352104076201,1.0251887627362597,0.0222222222222222,0.1452234021157702,0.1397412388561421,0.1815292526447128,0.4100057771857001,2.419556287248088,4.934373882577293,77.95113638529632,633.6031494140625,11.101947784423828,20.11263033558965,0.8825804366699879,2642.813720703125,27.436697006225582,13.910138079979436,0.6567932803151756,0.1030756905674934,0.0229533575475215,0.0732496380805969,0.0194923989474773,0.0222190171480178,0.686407208442688,0.686407208442688,0.021194388047312,0.1388542324976874,12.0,0.1388542324976874,0.1154266276903103,0.0,6.447478813788152e-19,0.0,1.6809767481366906e-18,0.0,1.3925780278510121e-18,0.0,2.591533258209143e-18,2.147477712338955e-06,4.964890203477499e-05,True,88,6,success,-1,True,False,False,-1,,akita_black_bowl_1,False,-1,False,-1,False,0.0,1.0,88,54,0.1329989961914357,0.832616739317614,0.3720956409929386,4.644605262006358,319959.5773254507,0.313592791557312,,False,False
libero_spatial_with_mug,0,11,0,11,132067,0,132067,4,64,pick up the black bowl between the plate and the ramekin and place it on the plate,-1,-1,none,-1,-1,-1,-1,4.0,0.0020858233328908,0.0081432843580842,0.007759497500956,0.00327651319094,0.0012881333241239,0.0009068239014595,0.0106290811672806,0.835093080997467,0.0013279432896524,0.0030125379562377,0.0010419575264677,0.0018255640752613,0.6692852973937988,2.2360680103302,22.67570304870605,1.4941099882125854,6.057020664215088,65.94078826904297,0.0065490179695189,0.0118074771016836,0.0215365830808877,0.0056195901706814,0.0099825328215956,0.0187831372022628,0.0061723729595541,0.0108821718022227,0.0190015509724617,0.0086526211816817,0.0087506035342812,0.0121894578915089,0.0126438913866877,0.0218576844781637,0.0224891379475593,0.007430367404595,0.0077063608914613,0.0077689186437055,0.0080345124006271,0.0076464959420263,0.0077199907973408,0.0076464959420263,0.0077199907973408,first,1.0,0.0,0.8341686725616455,-0.6961204409599304,0.0,0.8341686725616455,2.0,0.8364284038543701,False,0.835093080997467,0.0013279432896524,0.0030125379562377,0.0218576844781637,0.0005278212483972,0.0076464959420263,4.613142300513573e-05,136067,136069,80,16,0,False,False,0.0,0.0,0.1329989961914357,0.0501538946771369,0.0038445630830482,5.36098668774132e-05,0.0,0.0,0.0,0.0,96.0,6.0,96.0,0.9694827683675136,1.2809382805791951,0.0555555555555555,0.1659117200090529,0.120499061956819,0.2073896500113162,0.7585670915140911,5.471326941248017,13.521785237098705,341.8990333557316,868.4761962890625,13.294184684753418,18.743224413225363,0.8471721901968586,2080.048583984375,23.01430892944336,14.950068819100014,0.7286094266014596,0.0622469410300254,0.0139643959701061,0.0529226064682006,0.0174295268952846,0.0203081779181957,0.8341686725616455,0.8341686725616455,0.0219876096061602,0.1156831568160661,12.0,0.1156831568160661,0.0950748835782002,0.0,1.6479952779212046e-18,0.0,3.0054088412741443e-18,0.0,1.7678469253324615e-18,0.0,3.2984367847624965e-18,0.0036798291948092,0.0494134456848472,True,88,6,success,-1,True,False,False,-1,,akita_black_bowl_1,False,-1,False,-1,False,0.0,1.0,88,54,0.1329989961914357,0.832616739317614,0.3720956409929386,4.644605262006358,319959.5773254507,0.1658313274383545,,False,False
libero_spatial_with_mug,0,11,0,11,132067,0,132067,5,80,pick up the black bowl between the plate and the ramekin and place it on the plate,-1,-1,none,-1,-1,-1,-1,4.0,0.0213437471538782,0.9876684546470642,0.0479772761464118,0.0247403681278228,0.0035084921400994,0.0646596327424049,0.1533217877149582,0.998453974723816,0.0016098865307867,0.0040433406829833,0.0019443583441898,0.0047113480977714,0.891281008720398,3.269174098968506,25.11349296569824,2.403040170669556,10.473179817199709,64.44910430908203,0.0268536638468503,0.0701128765940666,1.0169910192489624,0.0059930039569735,0.0107069853693246,0.0185911078006029,0.0067400746047496,0.0116767976433038,0.0197076667100191,0.0102426027879118,0.0106460833922028,0.0200375015847384,0.0268515218049287,0.0314463363029062,0.0344040133059024,0.0078857459593564,0.0080258883535861,0.008335234131664,0.0086080068722367,0.0080564701929688,0.0082074292004108,0.0080564701929688,0.0082074292004108,first,1.0,0.0,0.9981272220611572,-0.2029662728309631,0.0,0.9981272220611572,1.0,1.0,False,0.998453974723816,0.0016098865307867,0.0040433406829833,0.0314463339745998,0.0017112821806222,0.0080564701929688,0.0001006220845738,137067,137068,88,8,0,False,True,1.0,1.0,0.0510418125905812,0.0503152180339558,0.0141321767166062,0.0089085678412872,0.0,0.0,0.0,0.0,51.0,10.0,51.0,0.5462154096567067,1.0357291279309344,0.119047619047619,0.0255507036160331,0.0155942155559497,0.0638767590400828,0.5989241224487937,8.753489449240432,13.553360639318027,404.569461438296,1331.251220703125,17.776479721069336,16.88820341854571,0.7608779934335625,4173.8056640625,39.05036163330078,11.925481367877577,0.5137882451347257,1.410698413848877,0.2406656742095947,1.0435060262680054,0.066823586821556,0.066988356411457,0.0018727779388427,0.9981272220611572,0.021018452030274,0.1200746789831449,12.0,0.0467009056748018,0.0753749253281455,0.0,2.0451285570266373e-19,0.0,4.955639515334406e-19,0.0,3.438053199698691e-18,3.404547492972745e-05,0.0002542856997839,0.0097825832024821,0.1200746789831449,True,88,6,success,-1,True,False,False,-1,,akita_black_bowl_1,False,-1,False,-1,False,0.0,1.0,88,54,0.1329989961914357,0.832616739317614,0.3720956409929386,4.644605262006358,319959.5773254507,0.0018727779388427,,False,False
