suite,task_id,episode_id,pair_id,rollout_id,rollout_seed,init_state_id,base_seed,query_idx,t,task_description,task_level,task_level_id,intervention_mode,intervention_start_t,intervention_end_t,intervention_start_query,intervention_end_query,num_samples,action_std_mean,action_std_max,action_first_step_l2_std,action_xyz_std_mean,action_rot_std_mean,action_gripper_std_mean,action_pairwise_l2_mean,value_mean,value_std,value_range,future_proprio_std_mean,future_proprio_std_max,future_image_pixel_std_mean,future_image_pixel_std_p95,future_image_pixel_std_max,future_wrist_pixel_std_mean,future_wrist_pixel_std_p95,future_wrist_pixel_std_max,latent_action_across_seed_std_mean,latent_action_across_seed_std_p95,latent_action_across_seed_std_max,latent_future_proprio_across_seed_std_mean,latent_future_proprio_across_seed_std_p95,latent_future_proprio_across_seed_std_max,latent_value_across_seed_std_mean,latent_value_across_seed_std_p95,latent_value_across_seed_std_max,latent_action_copy_std_mean_mean_over_samples,latent_action_copy_std_mean_max_over_samples,latent_action_copy_std_max_mean_over_samples,latent_action_copy_std_max_max_over_samples,latent_action_first_step_copy_l2_std_mean_over_samples,latent_action_first_step_copy_l2_std_max_over_samples,latent_future_proprio_copy_std_mean_mean_over_samples,latent_future_proprio_copy_std_mean_max_over_samples,latent_future_proprio_copy_std_max_mean_over_samples,latent_future_proprio_copy_std_max_max_over_samples,latent_value_element_std_mean_mean_over_samples,latent_value_element_std_mean_max_over_samples,latent_value_element_std_max_mean_over_samples,latent_value_element_std_max_max_over_samples,planning_strategy,planning_risk_lambda,selected_sample_idx,selected_value,selected_value_z,selected_risk,selected_planning_score,max_value_sample_idx,max_value,max_value_selected,candidate_value_mean,candidate_value_std,candidate_value_range,candidate_action_internal_consistency_mean,candidate_action_internal_consistency_std,candidate_value_internal_consistency_mean,candidate_value_internal_consistency_std,selected_seed,max_value_seed,t_after,executed_steps,intervention_steps,intervention_applied,chunk_success,observed_goal_progress_end,observed_goal_progress_delta,observed_target_lift_max,observed_target_eef_distance_min,observed_non_target_displacement_max,observed_non_target_lift_max,observed_target_drop_candidate,observed_wrong_object_interaction_candidate,observed_official_safety_violation,observed_official_safety_cost_sum,observed_robot_contact_count_sum,observed_robot_contact_count_max,observed_robot_target_contact_count_sum,observed_action_motion_norm_mean,observed_action_motion_norm_max,observed_action_sign_flip_rate,observed_eef_path_length,observed_eef_net_displacement,observed_eef_speed_mean,observed_eef_acceleration_mean,observed_eef_jerk_mean,observed_eef_jerk_max,observed_eef_dimensionless_jerk_proxy,prediction_error_future_image_mse,prediction_error_future_image_mae,prediction_error_future_image_psnr,prediction_error_future_image_ssim_global,prediction_error_future_wrist_mse,prediction_error_future_wrist_mae,prediction_error_future_wrist_psnr,prediction_error_future_wrist_ssim_global,prediction_error_future_proprio_l2,prediction_error_future_proprio_mae,prediction_error_future_proprio_max_abs,prediction_error_future_proprio_eef_pos_l2,prediction_error_future_proprio_eef_quat_l2,prediction_error_value_abs_chunk_success,prediction_value_executed_sample,actual_object_state_delta_l2_mean,actual_object_state_delta_l2_max,actual_object_state_num_keys,actual_object_state_delta_l2__akita_black_bowl_1_pos,actual_object_state_delta_l2__akita_black_bowl_1_quat,actual_object_state_delta_l2__wine_bottle_1_pos,actual_object_state_delta_l2__wine_bottle_1_quat,actual_object_state_delta_l2__object-state,success,final_t,num_queries,failure_type,failure_event_t,safe_task_success,safety_terminated,official_safety_violation,official_safety_violation_t,official_safety_cost_types,target_objects,target_drop_candidate,target_drop_candidate_t,wrong_object_interaction_candidate,wrong_object_interaction_candidate_t,kinematic_deadlock_candidate,episode_goal_progress_initial,episode_goal_progress_max,episode_time_to_first_goal_progress,episode_time_to_first_target_lift,episode_target_lift_max,episode_eef_path_length,episode_eef_net_displacement,episode_eef_jerk_mean,episode_eef_dimensionless_jerk_proxy,prediction_error_value_abs_final_success,actual_object_state_delta_l2__porcelain_mug_1_pos,actual_object_state_delta_l2__porcelain_mug_1_quat,actual_object_state_delta_l2__red_coffee_mug_1_pos,actual_object_state_delta_l2__red_coffee_mug_1_quat,actual_object_state_delta_l2__white_yellow_mug_1_pos,actual_object_state_delta_l2__white_yellow_mug_1_quat,actual_object_state_delta_l2__plate_1_pos,actual_object_state_delta_l2__plate_1_quat,actual_object_state_delta_l2__plate_2_pos,actual_object_state_delta_l2__plate_2_quat,steps_to_failure_event,query_is_pre_failure,failure_event_in_executed_chunk
libero_10,3,0,0,0,124000,0,124000,0,0,put the black bowl in the bottom drawer of the cabinet and close it,-1,-1,none,-1,-1,-1,-1,4.0,0.002903264015913,0.0162135399878025,0.00305229681544,0.0045908917672932,0.0018418971449136,0.001024481956847,0.0160442125052213,0.0717855021357536,0.0010723505401983,0.0027409493923187,0.0014310567639768,0.004253989085555,0.8819841742515564,2.4874684810638428,59.35223388671875,1.9908376932144165,8.227241516113281,69.42801666259766,0.0075852749869227,0.0160035900771617,0.0287546664476394,0.0057209148071706,0.010281435213983,0.0201443824917078,0.0062613366171717,0.011026325635612,0.0179567262530326,0.0077276099473237,0.007784831803292,0.0098236962221562,0.0103326896205544,0.0207403865642845,0.021930931136012,0.0073256813921034,0.0074285268783569,0.0075795564334839,0.0077539961785078,0.0076351331081241,0.0076519371941685,0.0076351331081241,0.0076519371941685,first,1.0,0.0,0.0723381638526916,0.5153741240501404,0.0,0.0723381638526916,1.0,0.0732413530349731,False,0.0717855021357536,0.0010723505401983,0.0027409493923187,0.0207403860986232,0.0010449923574924,0.0076351328752934,1.6670175682520494e-05,124000,124001,16,16,0,False,False,0.0,0.0,2.786076397365278e-07,0.3460946820113865,2.6288158013136e-07,2.628815798377815e-07,0.0,0.0,0.0,0.0,0.0,0.0,0.0,0.3034496216592256,0.6610531573724332,0.0555555555555555,0.0459883018695015,0.0444610211113526,0.0574853773368769,0.2176393167870365,1.4767110829362171,3.568901423789685,317.0523366886296,1085.2935791015625,14.28432559967041,17.775331272571062,0.8889954280056693,1641.958251953125,17.0345516204834,15.977182502141368,0.8119739839109302,0.015735886991024,0.0042690285481512,0.0085141658782958,0.0122898081317543,0.0095840478315949,0.0723381638526916,0.0723381638526916,0.0245338933845974,0.1226688861619167,5.0,2.934624683612794e-07,5.88375682077849e-09,2.769311645296996e-07,4.4836805338242e-09,0.1226688861619167,True,209,14,success,166,True,False,False,-1,,akita_black_bowl_1,True,166,False,-1,False,0.0,1.0,137,94,0.1722071428593297,1.3342093990598536,0.397457363955279,2.594135800286617,15103197.18899169,0.9276618361473083,,,,,,,,,,,166.0,False,False
libero_10,3,0,0,0,124000,0,124000,1,16,put the black bowl in the bottom drawer of the cabinet and close it,-1,-1,none,-1,-1,-1,-1,4.0,0.0014754874864593,0.0064739356748759,0.0038850298151373,0.0025178950745612,0.0006434580427594,0.0008443522383458,0.0078014410100877,0.0983062908053398,0.0005634710541926,0.0014371275901794,0.0005344116943888,0.0008411318412981,0.6294750571250916,1.9202864170074463,31.514877319335938,0.9265019297599792,3.3447721004486084,36.03036880493164,0.0060325874947011,0.0107228709384799,0.0213078279048204,0.005505216307938,0.00980512984097,0.0167824514210224,0.0058552403934299,0.0102882580831646,0.0198715478181839,0.0076881608692929,0.0077424710616469,0.0096242374274879,0.0102737201377749,0.0212393272668123,0.0219490323215723,0.0073278853669762,0.0073500275611877,0.0076607944210991,0.0077157574705779,0.0074808633653447,0.0076178074814379,0.0074808633653447,0.0076178074814379,first,1.0,0.0,0.097783625125885,-0.9275821447372437,0.0,0.097783625125885,2.0,0.0992207527160644,False,0.0983062908053398,0.0005634710541926,0.0014371275901794,0.0212393272668123,0.0005677401204593,0.00748086348176,0.0001134593694587,125000,125002,32,16,0,False,False,0.0,0.0,2.786076397365278e-07,0.2468680588253522,2.6288158013136e-07,2.628815798377815e-07,0.0,0.0,0.0,0.0,0.0,0.0,0.0,0.65678655301318,0.7098557038465747,0.0333333333333333,0.1286403530865682,0.1270023254262887,0.1608004413582102,0.1592928153143289,1.1224042203806772,2.2866419215078992,22.440131908111983,1054.4893798828125,14.548675537109377,17.900381506961676,0.8885813237614002,1545.80908203125,17.083160400390625,16.23924506305251,0.8324015568306389,0.0327458120882511,0.0068410891108214,0.0282881706953048,0.0147979008033871,0.0291818678379058,0.097783625125885,0.097783625125885,0.0740768417575926,0.3703842087879633,5.0,0.0,3.74790463236931e-17,0.0,1.900245853597872e-17,0.3703842087879633,True,209,14,success,166,True,False,False,-1,,akita_black_bowl_1,True,166,False,-1,False,0.0,1.0,137,94,0.1722071428593297,1.3342093990598536,0.397457363955279,2.594135800286617,15103197.18899169,0.902216374874115,,,,,,,,,,,150.0,False,False
libero_10,3,0,0,0,124000,0,124000,2,32,put the black bowl in the bottom drawer of the cabinet and close it,-1,-1,none,-1,-1,-1,-1,4.0,0.0013795254053547,0.0058584683574736,0.0081596411764621,0.0021106037311255,0.0008594229002483,0.0007465981179848,0.0070178410969674,0.1134724467992782,0.000317833473673,0.0008676350116729,0.0004819926980417,0.0008788215927779,0.5463259816169739,1.6393595933914185,15.580436706542969,0.8201510906219482,2.772634029388428,31.435449600219727,0.0060554426163434,0.0109798396006226,0.0185082145035266,0.0055479519069194,0.0098300296813249,0.0160099696367979,0.0058581200428307,0.0104205533862113,0.0173676200211048,0.0077616771450266,0.0079163666814565,0.009389734826982,0.0096426801756024,0.0210771863348782,0.0218465141952037,0.0073912090156227,0.0075067919678986,0.0076612379634752,0.0077962474897503,0.0074996879557147,0.0076343747787177,0.0074996879557147,0.0076343747787177,first,1.0,0.0,0.1138252019882202,1.109874248504639,0.0,0.1138252019882202,0.0,0.1138252019882202,True,0.1134724467992782,0.000317833473673,0.0008676350116729,0.0210771858692169,0.000874736928381,0.0074996878392994,8.316508319694549e-05,126000,126000,48,16,0,False,False,0.0,0.0,2.786076397365278e-07,0.1916440540907954,2.6288158013136e-07,2.628815798377815e-07,0.0,0.0,0.0,0.0,0.0,0.0,0.0,0.4481069642353972,0.5031332996232798,0.0111111111111111,0.0672913122433038,0.0613832345430562,0.0841141403041298,0.2126087357889013,2.154344845695573,7.799779964359601,378.44797806391824,1212.3453369140625,15.61408519744873,17.294540145083356,0.8780309298674509,922.4002685546876,12.497435569763184,18.48160940137424,0.8889890294061309,0.0199574418365955,0.0047279200516641,0.0137240290641784,0.0142558263614773,0.0139335943385958,0.1138252019882202,0.1138252019882202,0.4017658578888465,2.008829289444233,5.0,0.0,4.869960665426491e-19,0.0,6.184354275632695e-19,2.008829289444233,True,209,14,success,166,True,False,False,-1,,akita_black_bowl_1,True,166,False,-1,False,0.0,1.0,137,94,0.1722071428593297,1.3342093990598536,0.397457363955279,2.594135800286617,15103197.18899169,0.8861747980117798,,,,,,,,,,,134.0,False,False
libero_10,3,0,0,0,124000,0,124000,3,48,put the black bowl in the bottom drawer of the cabinet and close it,-1,-1,none,-1,-1,-1,-1,4.0,0.0013396054273471,0.0053928988054394,0.00549893733114,0.0022808127105236,0.0006383055006153,0.0006198834162205,0.0071914829313755,0.1541627496480941,0.0004263393348082,0.001160979270935,0.0006166261155158,0.0010869236430153,0.7129672169685364,2.1213202476501465,25.39192771911621,2.203498363494873,10.6887788772583,49.86481857299805,0.0059209084138274,0.0106358453631401,0.0191290266811847,0.0054533872753381,0.0097136702388525,0.0159607008099555,0.0056046075187623,0.0100234607234597,0.0180609766393899,0.0075232887174934,0.0075904349796473,0.0092810073401778,0.0097350990399718,0.0208890326321125,0.0215706899762153,0.0072513888590037,0.0073368051089346,0.0074886285001412,0.0075764800421893,0.0071756091201677,0.0073198713362216,0.0071756091201677,0.0073198713362216,first,1.0,0.0,0.1536895036697387,-1.1100218296051023,0.0,0.1536895036697387,1.0,0.1548504829406738,False,0.1541627496480941,0.0004263393348082,0.001160979270935,0.0208890326321125,0.0006373028154484,0.0071756090037524,0.0001170754621853,127000,127001,64,16,0,False,False,0.0,0.0,2.786076397365278e-07,0.0990179831857598,2.6288158013136e-07,2.628815798377815e-07,0.0,0.0,0.0,0.0,0.0,0.0,0.0,0.4553017622018587,0.498819008986207,0.0777777777777777,0.0998052059653878,0.098776793750993,0.1247565074567348,0.1116905820828724,1.3478028112412102,7.505495644538631,112.47763895248924,1161.82421875,15.701543807983398,17.47939935568933,0.8878662610152489,1104.1558837890625,14.426910400390623,17.700499698204673,0.8850999034719342,0.0140524869784712,0.0042645432986319,0.0070974826812744,0.0107468692585825,0.0088326632976531,0.1536895036697387,0.1536895036697387,0.0486856722692977,0.2434283613464888,5.0,0.0,2.543709185945367e-19,0.0,1.2344500622885984e-18,0.2434283613464888,True,209,14,success,166,True,False,False,-1,,akita_black_bowl_1,True,166,False,-1,False,0.0,1.0,137,94,0.1722071428593297,1.3342093990598536,0.397457363955279,2.594135800286617,15103197.18899169,0.8463104963302612,,,,,,,,,,,118.0,False,False
libero_10,3,0,0,0,124000,0,124000,4,64,put the black bowl in the bottom drawer of the cabinet and close it,-1,-1,none,-1,-1,-1,-1,4.0,0.0095902755856513,0.8720463514328003,0.0058924350887537,0.0033321033697575,0.000422970711952,0.0558667108416557,0.0734555348753929,0.2192610800266266,0.0004564115370158,0.0012381374835968,0.0180930402129888,0.0839967429637909,0.5869105458259583,1.658312439918518,16.770509719848633,2.46867299079895,10.72380542755127,98.0060577392578,0.0140782753005623,0.0137428911402821,0.8997959494590759,0.0218819510191679,0.0847800746560096,0.0980430394411087,0.005580713506788,0.0099407630041241,0.0171993412077426,0.0077998127089813,0.0079342406243085,0.0167632470838725,0.0212935339659452,0.0195720107294619,0.0200003981590271,0.008165149949491,0.0088018830865621,0.0089441651944071,0.0096612246707081,0.0070771023165434,0.0072408891282975,0.0070771023165434,0.0072408891282975,first,1.0,0.0,0.218614786863327,-1.4160315990447998,0.0,0.218614786863327,2.0,0.2198529243469238,False,0.2192610800266266,0.0004564115370158,0.0012381374835968,0.0195720121264457,0.0003600917407311,0.0070771025493741,0.00011014129268,128000,128002,80,16,0,False,False,0.0,0.0,2.786076397365278e-07,0.0448617234515053,2.6288158013136e-07,2.628815798377815e-07,0.0,0.0,0.0,0.0,0.0,0.0,0.0,0.2635697610415967,0.3662209839689053,0.0909090909090909,0.0578987951772653,0.0572896064240635,0.0723734939715816,0.1469937997534885,1.1828830965252377,2.321800236587518,118.43972006432097,1064.0693359375,14.980847358703612,17.86110432876964,0.9001743239163683,1041.1695556640625,13.47673511505127,17.955589002401698,0.879373946791907,0.0487281791865825,0.014461719430983,0.0294740200042724,0.0210950076580047,0.0273200199007987,0.218614786863327,0.218614786863327,0.4003383407406098,2.0016917037030493,5.0,0.0,6.657231725621841e-19,0.0,1.0686298732939137e-18,2.0016917037030493,True,209,14,success,166,True,False,False,-1,,akita_black_bowl_1,True,166,False,-1,False,0.0,1.0,137,94,0.1722071428593297,1.3342093990598536,0.397457363955279,2.594135800286617,15103197.18899169,0.781385213136673,,,,,,,,,,,102.0,False,False
libero_10,3,0,0,0,124000,0,124000,5,80,put the black bowl in the bottom drawer of the cabinet and close it,-1,-1,none,-1,-1,-1,-1,4.0,0.0010755544062703,0.0037102880887687,0.0029887140262871,0.0015846705064177,0.0006101817707531,0.0009443236049264,0.0055250548757612,0.2691208124160766,0.0002494163927622,0.000690072774887,0.0005926318117417,0.0012003337033092,0.5704952478408813,1.785357117652893,11.818946838378906,1.4997795820236206,5.678908348083496,62.34180068969727,0.0058109248057007,0.0103536294773221,0.0208109281957149,0.0055675422772765,0.0098673626780509,0.0166339930146932,0.0054355044849216,0.0096766548231244,0.0180546231567859,0.007473008823581,0.0075496048666536,0.0096613806672394,0.0101426690816879,0.0197700704447925,0.020636361092329,0.0076905833557248,0.0078084226697683,0.0080997953191399,0.0083888052031397,0.0070659983903169,0.0072091962210834,0.0070659983903169,0.0072091962210834,first,1.0,0.0,0.2691721618175506,0.2058782130479812,0.0,0.2691721618175506,2.0,0.2694834172725677,False,0.2691208124160766,0.0002494163927622,0.000690072774887,0.0197700709104537,0.0006372951902449,0.0070659983903169,9.264559776056558e-05,129000,129002,96,16,0,False,False,0.0,0.0,0.0555278291505665,0.0446801906156347,2.6288158013136e-07,2.628815798377815e-07,0.0,0.0,0.0,0.0,65.0,7.0,65.0,0.3574391214597717,0.7021874667437598,0.1,0.0638383901055704,0.0616265416749632,0.079797987631963,0.2551108482279451,1.4096934729330983,2.6397265064596414,135.30297283480076,944.8046264648438,13.734281539916992,18.377383496290555,0.909164348856272,1153.2164306640625,14.81673812866211,17.511695394168267,0.871586276733924,0.0194038413465023,0.005113860592246,0.0127586126327514,0.0068859308958053,0.0116072846576571,0.2691721618175506,0.2691721618175506,0.0773468872511183,0.1922465869696276,5.0,0.0571422327631226,0.1373456165228413,0.0,9.692964992940641e-19,0.1922465869696276,True,209,14,success,166,True,False,False,-1,,akita_black_bowl_1,True,166,False,-1,False,0.0,1.0,137,94,0.1722071428593297,1.3342093990598536,0.397457363955279,2.594135800286617,15103197.18899169,0.7308278381824493,,,,,,,,,,,86.0,False,False
libero_10,3,0,0,0,124000,0,124000,6,96,put the black bowl in the bottom drawer of the cabinet and close it,-1,-1,none,-1,-1,-1,-1,4.0,0.0014005423290655,0.0065338653512299,0.0064546861685812,0.0023896833881735,0.0006043147295713,0.000821802415885,0.0075516477227211,0.3210141062736511,0.0001369878882542,0.0003754198551177,0.0005787380505353,0.0009940468007698,0.696315348148346,2.1650636196136475,28.81297492980957,0.8273172974586487,2.692582368850708,38.93183135986328,0.0059374570846557,0.0105904741212725,0.0202926602214574,0.0055969064123928,0.0099738137796521,0.0173597875982522,0.0055170767009258,0.009915854781866,0.0184188373386859,0.0076952949166297,0.0078337509185075,0.0097430504392832,0.0102952094748616,0.021281212568283,0.022200558334589,0.0074534993618726,0.0074902335181832,0.0077634758781641,0.0078232632949948,0.0072116021765396,0.0073504149913787,0.0072116021765396,0.0073504149913787,first,1.0,0.0,0.3208598494529724,-1.1260617971420288,0.0,0.3208598494529724,2.0,0.3212352693080902,False,0.3210141062736511,0.0001369878882542,0.0003754198551177,0.021281212568283,0.0005661707837134,0.0072116022929549,0.0001068127166945,130000,130002,112,16,0,False,False,0.0,0.0,0.1699868495806691,0.0540928732304362,2.6288158013136e-07,2.628815798377815e-07,0.0,0.0,0.0,0.0,112.0,7.0,112.0,0.7834661681882504,0.8837075728269197,0.1111111111111111,0.1580102018272688,0.1467068602862541,0.197512752284086,0.3764273826764443,1.8094188713177533,3.631435587573117,37.73132527310052,1013.2379760742188,14.516003608703612,18.073689021236603,0.8965758182488801,1217.9305419921875,15.644824028015137,17.274578394755327,0.8572441970901563,0.0275962632149457,0.0062125897966325,0.0218097865581512,0.0233993623405694,0.0138384196907281,0.3208598494529724,0.3208598494529724,0.0801606349629882,0.2181586341555987,5.0,0.1437923185251,0.0388522221342427,0.0,8.475844033525073e-19,0.2181586341555987,True,209,14,success,166,True,False,False,-1,,akita_black_bowl_1,True,166,False,-1,False,0.0,1.0,137,94,0.1722071428593297,1.3342093990598536,0.397457363955279,2.594135800286617,15103197.18899169,0.6791401505470276,,,,,,,,,,,70.0,False,False
libero_10,3,0,0,0,124000,0,124000,7,112,put the black bowl in the bottom drawer of the cabinet and close it,-1,-1,none,-1,-1,-1,-1,4.0,0.0012503322213888,0.0045431638136506,0.0046781934797763,0.0020034071058034,0.0006648134440183,0.000747664598748,0.0064029884524643,0.3762042224407196,0.0003850675711873,0.0009662210941314,0.0006558058666996,0.0008063513087108,0.5935957431793213,1.785357117652893,22.113344192504883,0.8619673848152161,2.861380815505981,38.50568008422852,0.0058394530788064,0.010393563657999,0.0189759731292724,0.0055475030094385,0.0098905665799975,0.0198652129620313,0.0053877853788435,0.0094953514635562,0.02378935739398,0.0075284674530848,0.0075961211696267,0.009253101889044,0.0095043303444981,0.020858310163021,0.0211824402213096,0.0074587143026292,0.0075962599366903,0.0077652676263824,0.007890504784882,0.0068859356688335,0.0070468308404088,0.0068859356688335,0.0070468308404088,first,1.0,0.0,0.3759793639183044,-0.583945631980896,0.0,0.3759793639183044,2.0,0.3766631782054901,False,0.3762042224407196,0.0003850675711873,0.0009662210941314,0.020858310163021,0.0004766635829582,0.0068859355524182,0.0001639719994273,131000,131002,128,16,0,False,False,0.0,0.0,0.1722071428593297,0.0543302178899081,2.6288158013136e-07,2.628815798377815e-07,0.0,0.0,0.0,0.0,112.0,7.0,112.0,0.5805969204914484,0.6514693121606427,0.0222222222222222,0.1219628045594229,0.1118626628586102,0.1524535056992786,0.2457694962342262,1.390435513608675,2.7769983743897235,37.98444572867738,1339.3709716796875,16.588960647583008,16.861794786732627,0.8593306701956631,1128.3807373046875,14.5880765914917,17.60624697203871,0.8655452215598779,0.0220882017165422,0.0060049463063478,0.0141397416591644,0.0168720949441194,0.0138622848317027,0.3759793639183044,0.3759793639183044,0.4400747337136746,2.00641128271168,5.0,0.1164515453054726,0.0775108405512207,0.0,9.361287169575289e-19,2.00641128271168,True,209,14,success,166,True,False,False,-1,,akita_black_bowl_1,True,166,False,-1,False,0.0,1.0,137,94,0.1722071428593297,1.3342093990598536,0.397457363955279,2.594135800286617,15103197.18899169,0.6240206360816956,,,,,,,,,,,54.0,False,False
libero_10,3,0,0,0,124000,0,124000,8,128,put the black bowl in the bottom drawer of the cabinet and close it,-1,-1,none,-1,-1,-1,-1,4.0,0.0020231513772159,0.0100890947505831,0.009502082131803,0.0039035121444612,0.0006097889272496,0.0006221564253792,0.0112533681094646,0.4080538153648376,0.0036763716489076,0.0094914436340332,0.0006957929581403,0.0015584295615553,0.9236646294593812,2.9580399990081787,35.411861419677734,2.223501920700073,8.78564167022705,52.88903427124024,0.0062959091737866,0.0114149460569024,0.0211612842977046,0.0054640378803014,0.0096819018945097,0.0187560338526964,0.0088971061632037,0.0140868425369262,0.0228423401713371,0.0078444392420351,0.0079173715785145,0.0100120534189045,0.0104341963306069,0.0201542889699339,0.0210618283599615,0.0074264234863221,0.0075160041451454,0.0077263958519324,0.0080334208905696,0.0070689107524231,0.0071318224072456,0.0070689107524231,0.0071318224072456,first,1.0,0.0,0.4130163192749023,1.3498374223709106,0.0,0.4130163192749023,0.0,0.4130163192749023,True,0.4080538153648376,0.0036763716489076,0.0094914436340332,0.0201542880386114,0.0009138007299043,0.0070689106360077,7.164768612710759e-05,132000,132000,144,16,0,False,False,0.5,0.5,0.1250378009906916,0.0534113856574562,2.6288158013136e-07,2.628815798377815e-07,0.0,0.0,0.0,0.0,89.0,7.0,89.0,0.5299502326686532,0.5790592754320414,0.0777777777777777,0.106231939726039,0.1034504622718602,0.1327899246575487,0.1505471024031304,2.1988101860466114,4.918530520433417,124.83473770031831,1874.47705078125,19.699636459350582,15.402002331442583,0.8078851480890943,2084.137451171875,23.44325256347656,14.941540030940796,0.7773713385348964,0.1663432121276855,0.0318788848817348,0.1439669132232666,0.0238464903086423,0.0186094436794519,0.4130163192749023,0.4130163192749023,0.0605866435826527,0.1625033069725608,5.0,0.1058222639755259,0.034607646965177,0.0,2.576397329143579e-18,0.1625033069725608,True,209,14,success,166,True,False,False,-1,,akita_black_bowl_1,True,166,False,-1,False,0.0,1.0,137,94,0.1722071428593297,1.3342093990598536,0.397457363955279,2.594135800286617,15103197.18899169,0.5869836807250977,,,,,,,,,,,38.0,False,False
libero_10,3,0,0,0,124000,0,124000,9,144,put the black bowl in the bottom drawer of the cabinet and close it,-1,-1,none,-1,-1,-1,-1,4.0,0.0044702994637191,0.0304635521024465,0.0113163301721215,0.006944625172764,0.0022345155011862,0.0037546765524894,0.0241772327572107,0.539848268032074,0.0015794401988387,0.0043399333953857,0.0013697126414626,0.0036248087417334,1.246995210647583,4.322904109954834,59.274784088134766,3.646607637405396,14.252020835876465,90.5220947265625,0.0090026604011654,0.0179646033793687,0.0493865869939327,0.0056590442545711,0.0100847287103533,0.0184075590223073,0.0061555225402116,0.0106483772397041,0.0209696125239133,0.0086585353128612,0.0088409939780831,0.0143519199918955,0.0194154437631368,0.0233056982979178,0.0238968320190906,0.0078299482120201,0.0079143149778246,0.0088245335500687,0.0091080740094184,0.0069356329040601,0.0070759025402367,0.0069356329040601,0.0070759025402367,first,1.0,0.0,0.5395475625991821,-0.1903873533010482,0.0,0.5395475625991821,2.0,0.5423893928527832,False,0.539848268032074,0.0015794401988387,0.0043399333953857,0.0233056992292404,0.0006089520175009,0.0069356327876448,0.0001083673050743,133000,133002,160,16,0,False,False,0.5,0.0,0.0343515719866343,0.0528751816317053,2.6288158013136e-07,2.628815798377815e-07,0.0,0.0,0.0,0.0,19.0,7.0,19.0,0.5490858907146425,0.9394140186032062,0.1,0.0831358370200849,0.0520396034638316,0.1039197962751061,0.5165673386837744,3.5719027904408214,5.62890313765648,497.0270161292269,1550.580322265625,17.717687606811523,16.225860926401236,0.8399181508766204,1507.2259521484375,16.74087905883789,16.349019974614215,0.8433944732411759,0.0240048374980688,0.0063976473174989,0.0158988237380981,0.0154372751712799,0.0178360845893621,0.5395475625991821,0.5395475625991821,0.446240744995244,1.9984132728442288,5.0,0.0096103086045299,0.2231801435274614,0.0,2.6130633100697147e-18,1.9984132728442288,True,209,14,success,166,True,False,False,-1,,akita_black_bowl_1,True,166,False,-1,False,0.0,1.0,137,94,0.1722071428593297,1.3342093990598536,0.397457363955279,2.594135800286617,15103197.18899169,0.4604524374008178,,,,,,,,,,,22.0,False,False
libero_10,3,0,0,0,124000,0,124000,10,160,put the black bowl in the bottom drawer of the cabinet and close it,-1,-1,none,-1,-1,-1,-1,4.0,0.0016772234812378,0.0065189958550035,0.0073051867075264,0.0027702890802174,0.0009114139829762,0.0006954543641768,0.0086274007335305,0.6407384872436523,0.0008299353066831,0.0021649003028869,0.0006182208890095,0.0009510037489235,0.6195632815361023,1.9202864170074463,19.358461380004883,0.683761477470398,1.4790199995040894,35.63004302978516,0.0062302872538566,0.011054896749556,0.024695111438632,0.0054795630276203,0.0097391810268163,0.0173043590039014,0.0056872507557272,0.0100528020411729,0.019326327368617,0.0079540684819221,0.0080099683254957,0.0101060639135539,0.010472877882421,0.0220853653736412,0.0225648581981658,0.0073378428351134,0.0075497669167816,0.0077547058463096,0.0079217599704861,0.0071514738956466,0.0073442375287413,0.0071514738956466,0.0073442375287413,first,1.0,0.0,0.6405287981033325,-0.2526572048664093,0.0,0.6405287981033325,1.0,0.6421334743499756,False,0.6407384872436523,0.0008299353066831,0.0021649003028869,0.0220853649079799,0.0004525844415184,0.0071514737792313,0.0001652106002438,134000,134001,176,16,0,False,False,0.5,0.0,0.0272211805673401,0.1147015595263223,2.6288158013136e-07,2.628815798377815e-07,1.0,0.0,0.0,0.0,0.0,0.0,0.0,0.7947435488747132,0.9044744280797024,0.0444444444444444,0.1551991275780902,0.1365407879264696,0.1939989094726128,0.4719039466367754,2.95476829217114,5.50710810926517,107.38930004040849,1073.2735595703125,14.441047668457031,17.823699303560034,0.8940242956857077,596.4395751953125,7.446422100067139,20.375139086511336,0.932281277919644,0.0253058969974517,0.0070170015096664,0.0142139978706836,0.0141899967566132,0.0205561481416225,0.6405287981033325,0.6405287981033325,0.0501745616786032,0.2508710849478939,5.0,5.225764690293513e-07,1.2008686530344564e-06,0.0,1.056708293068582e-18,0.2508710849478939,True,209,14,success,166,True,False,False,-1,,akita_black_bowl_1,True,166,False,-1,False,0.0,1.0,137,94,0.1722071428593297,1.3342093990598536,0.397457363955279,2.594135800286617,15103197.18899169,0.3594712018966675,,,,,,,,,,,6.0,False,False
libero_10,3,0,0,0,124000,0,124000,11,176,put the black bowl in the bottom drawer of the cabinet and close it,-1,-1,none,-1,-1,-1,-1,4.0,0.0026099833194166,0.0107139172032475,0.0079421317204833,0.00469192257151,0.0011619216529652,0.0007083524833433,0.0143964104354381,0.767073392868042,0.0004447527462616,0.0011783838272094,0.000911901181098,0.0018598807509988,1.7900561094284058,7.01338005065918,65.95073699951172,2.7309610843658447,15.69745635986328,71.92487335205078,0.006845923140645,0.0126195037737488,0.0259243045002222,0.0055315177887678,0.0098714372143149,0.0190821681171655,0.0055926395580172,0.0099214157089591,0.0183963142335414,0.0076904856832697,0.0078145852312445,0.009662328986451,0.0100129656493663,0.0224987734109163,0.0235819648951292,0.0075581325218081,0.007638435345143,0.007845063926652,0.0079696178436279,0.0072829847922548,0.0074026030488312,0.0072829847922548,0.0074026030488312,first,1.0,0.0,0.7668719291687012,-0.4529790878295898,0.0,0.7668719291687012,1.0,0.7678141593933105,False,0.767073392868042,0.0004447527462616,0.0011783838272094,0.0224987715482711,0.0006939128506928,0.0072829844430089,9.406420576851816e-05,135000,135001,192,16,0,False,False,0.5,0.0,0.0272211820150797,0.0983422508179195,2.6288158013136e-07,2.628815798377815e-07,1.0,0.0,0.0,0.0,1.0,1.0,0.0,0.6867302203035008,0.7710853926559254,0.0444444444444444,0.1297718173652716,0.116478576890918,0.1622147717065895,0.37711655682726,4.177248916316287,19.48321536289937,693.0872723439965,1181.7757568359375,15.752963066101074,17.405452843293304,0.8896307461157041,447.9544677734375,5.90609073638916,21.61846488386938,0.9367546596951112,0.0689587742090225,0.019238481298089,0.0437769293785095,0.0381420589983463,0.053218025714159,0.7668719291687012,0.7668719291687012,0.0448317386004626,0.201477067718925,5.0,0.0201991268521557,0.0024824984312322,0.0,2.3130113068037173e-19,0.201477067718925,True,209,14,success,166,True,False,False,-1,,akita_black_bowl_1,True,166,False,-1,False,0.0,1.0,137,94,0.1722071428593297,1.3342093990598536,0.397457363955279,2.594135800286617,15103197.18899169,0.2331280708312988,,,,,,,,,,,-10.0,False,False
libero_10,3,0,0,0,124000,0,124000,12,192,put the black bowl in the bottom drawer of the cabinet and close it,-1,-1,none,-1,-1,-1,-1,4.0,0.0016319170827046,0.0063678231090307,0.0081311976537108,0.002859964268282,0.000661494967062,0.000859041174408,0.0087459627538919,0.9107263088226318,0.0003184434608556,0.0007466673851013,0.0006691414746455,0.0013433683197945,0.5554795861244202,1.7320507764816284,18.096961975097656,0.4100756347179413,0.829156219959259,6.576473236083984,0.0062051555141806,0.011115126311779,0.0231733117252588,0.005663001909852,0.0101162772625684,0.0177671629935503,0.0058045466430485,0.0103000979870557,0.0168476626276969,0.0078171261120587,0.0078395251184701,0.010632503312081,0.0121881794184446,0.0214045764878392,0.0223265178501606,0.0076945992186665,0.0079002268612384,0.0080438661389052,0.008285192772746,0.0074521224014461,0.0076657705940306,0.0074521224014461,0.0076657705940306,first,1.0,0.0,0.9103266596794128,-1.2550082206726074,0.0,0.9103266596794128,1.0,0.9110733270645142,False,0.9107263088226318,0.0003184434608556,0.0007466673851013,0.0214045755565166,0.0005577107658609,0.0074521219357848,0.0001597464433871,136000,136001,208,16,0,False,False,0.5,0.0,0.0271056252698582,0.0967323196843203,2.6288158013136e-07,2.628815798377815e-07,1.0,0.0,0.0,0.0,14.0,1.0,0.0,0.7301357794641592,0.763751241512079,0.0444444444444444,0.1156408339248911,0.1149639852774674,0.144551042406114,0.1413670398920744,2.7115706149427434,13.8681073391755,376.0759016896638,1182.51025390625,14.845995903015137,17.40275445542125,0.88774107558579,565.9920654296875,5.979751110076904,20.60270017955711,0.9216920093115956,0.0352896712720394,0.0083165187388658,0.0277495980262756,0.0134690860286355,0.032203022390604,0.9103266596794128,0.9103266596794128,0.0582162180019366,0.1691539283502026,5.0,0.1208629863969311,0.0010641752625495,0.0,6.671446492569425e-19,0.1691539283502026,True,209,14,success,166,True,False,False,-1,,akita_black_bowl_1,True,166,False,-1,False,0.0,1.0,137,94,0.1722071428593297,1.3342093990598536,0.397457363955279,2.594135800286617,15103197.18899169,0.0896733403205871,,,,,,,,,,,-26.0,False,False
libero_10,3,0,0,0,124000,0,124000,13,208,put the black bowl in the bottom drawer of the cabinet and close it,-1,-1,none,-1,-1,-1,-1,4.0,0.0015437484253197,0.0063072871416807,0.0051521225832402,0.0027595376595854,0.0006076717982068,0.0007046108366921,0.0083522154018282,0.999964714050293,6.109124660724774e-05,0.0001410841941833,0.0004801654431503,0.0008169006323441,0.4377497434616089,1.299038052558899,10.416333198547363,0.304826408624649,0.7071067690849304,5.4772257804870605,0.0060855005867779,0.01095503102988,0.0205141734331846,0.005634868517518,0.0100581059232354,0.0203796606510877,0.0058382712304592,0.0102528017014265,0.0174684785306453,0.0082889883778989,0.0083888685330748,0.0134525417815893,0.0140014914795756,0.0212717037647962,0.0216830279678106,0.0075887725688517,0.0077317003160715,0.0079442063579335,0.0082037989050149,0.0075675701955333,0.0076593970879912,0.0075675701955333,0.0076593970879912,first,1.0,0.0,1.0,0.5775942206382751,0.0,1.0,0.0,1.0,True,0.999964714050293,6.109124660724774e-05,0.0001410841941833,0.0212717037647962,0.0006016731495037,0.0075675705447793,5.901803888264112e-05,137000,137000,209,1,0,False,True,1.0,0.5,0.0270239541095766,0.1081122266922597,2.6288158013136e-07,2.628815798377815e-07,1.0,0.0,0.0,0.0,1.0,1.0,0.0,0.7841924886050134,0.7841924886050134,0.0,0.0007944786111876,0.0007944786111876,0.0158895722237537,0.0,0.0,0.0,0.0,1251.11962890625,15.325307846069336,17.1578152304506,0.8811796478519375,563.372314453125,6.275623321533203,20.62284860028004,0.921433768265442,0.0176916476339101,0.0039020096883177,0.015448123216629,0.0050705168396234,0.0168275441974401,0.0,1.0,0.0024249119084683,0.0075984530355458,5.0,0.0045113617722083,1.474473458736517e-05,0.0,6.951499801513757e-19,0.0075984530355458,True,209,14,success,166,True,False,False,-1,,akita_black_bowl_1,True,166,False,-1,False,0.0,1.0,137,94,0.1722071428593297,1.3342093990598536,0.397457363955279,2.594135800286617,15103197.18899169,0.0,,,,,,,,,,,-42.0,False,False
libero_10,3,1,0,1,124097,0,124097,0,0,put the black bowl in the bottom drawer of the cabinet and close it,-1,-1,none,-1,-1,-1,-1,4.0,0.0027306124102324,0.0231826342642307,0.0039946152828633,0.004551553633064,0.0014967573806643,0.0009693526080809,0.015379324555397,0.071043312549591,0.000391662120819,0.0008536577224731,0.0011897472431883,0.0029003485105931,0.8645536303520203,2.549509763717652,61.28825378417969,2.6860809326171875,11.54339599609375,79.13595581054688,0.0073368879966437,0.015005450695753,0.0345323681831359,0.0056301318109035,0.0100300339981913,0.0160452332347631,0.0059305513277649,0.0104514751583337,0.0185042731463909,0.0076840034453198,0.0077540441416203,0.0099570495076477,0.0110920155420899,0.0203929543495178,0.0206914935261011,0.0073332859901711,0.0073887277394533,0.0076847795862704,0.0079806363210082,0.0075477070640772,0.0076302136294543,0.0075477070640772,0.0076302136294543,first,1.0,0.0,0.070587158203125,-1.1646629571914673,0.0,0.070587158203125,1.0,0.0714408159255981,False,0.071043312549591,0.000391662120819,0.0008536577224731,0.0203929543495178,0.0003773799689952,0.0075477068312466,5.444543057819829e-05,124097,124098,16,16,0,False,False,0.0,0.0,2.786076397365278e-07,0.3481890901803049,2.6288158013136e-07,2.628815798377815e-07,0.0,0.0,0.0,0.0,0.0,0.0,0.0,0.2870682657117687,0.6679436062785509,0.1022727272727272,0.0430290904489478,0.0413989664343576,0.0537863630611847,0.2179671743860148,1.5238958199682833,2.8412500953050928,359.04201766525193,1072.60595703125,14.183660507202148,17.82640156252593,0.8903348628403942,1666.3946533203125,17.234548568725586,15.91302497373498,0.8084091014463067,0.0142915304750204,0.0041837785392999,0.0066310390830039,0.0105624347925186,0.0093280551955103,0.070587158203125,0.070587158203125,0.0232779654242942,0.1163892463604011,5.0,2.934624683612794e-07,5.883756821421929e-09,2.769311645296996e-07,4.483680534433049e-09,0.1163892463604011,True,274,18,success,165,True,False,False,-1,,akita_black_bowl_1,True,165,False,-1,False,0.0,1.0,136,94,0.1683942988200819,1.3180418809129597,0.3952879254789085,3.1352053375417666,135829128.4323375,0.929412841796875,,,,,,,,,,,165.0,False,False
libero_10,3,1,0,1,124097,0,124097,1,16,put the black bowl in the bottom drawer of the cabinet and close it,-1,-1,none,-1,-1,-1,-1,4.0,0.0016259936382994,0.0066379639320075,0.0074924798682332,0.0026989087928086,0.000860575994011,0.0007035004673525,0.0083497399464249,0.0973566323518753,0.0002874490746762,0.0007463693618774,0.0007781833410263,0.0012162200873717,0.6729965209960938,2.061552762985229,38.37968063354492,1.024562120437622,3.5,57.25109100341797,0.0061858613044023,0.0110900392755866,0.0184245500713586,0.0055283056572079,0.0098367137834429,0.0174467023462057,0.0058361198753118,0.0104243448004126,0.0186946783214807,0.0077664878917858,0.0078606931492686,0.0097334026359021,0.0098974956199526,0.0214486983604729,0.0218999721109867,0.0073316507041454,0.0074170306324958,0.0076262633083388,0.0077376305125653,0.0075333012500777,0.007807170972228,0.0075333012500777,0.007807170972228,first,1.0,0.0,0.0973434448242187,-0.0458777882158756,0.0,0.0973434448242187,1.0,0.0978270769119262,False,0.0973566323518753,0.0002874490746762,0.0007463693618774,0.0214486978948116,0.0005541015416383,0.0075333011336624,0.0001585123245604,125097,125098,32,16,0,False,False,0.0,0.0,2.786076397365278e-07,0.2461105614642028,2.6288158013136e-07,2.628815798377815e-07,0.0,0.0,0.0,0.0,0.0,0.0,0.0,0.6701621901742438,0.7160943744328901,0.0568181818181818,0.1312924745028316,0.1294761922898492,0.1641155931285396,0.1652232355847505,1.182452112635454,3.5337783174831583,27.820937906830142,1059.0108642578125,14.576776504516602,17.881799453656985,0.8881466988261386,1561.316162109375,17.269392013549805,16.19589505495202,0.8301666089228493,0.0353737734258174,0.0076353186741471,0.0300362631678581,0.0167359616607427,0.0310841910541057,0.0973434448242187,0.0973434448242187,0.0728121308019691,0.3640606540098456,5.0,0.0,3.6456935365698754e-17,0.0,1.857328141775765e-17,0.3640606540098456,True,274,18,success,165,True,False,False,-1,,akita_black_bowl_1,True,165,False,-1,False,0.0,1.0,136,94,0.1683942988200819,1.3180418809129597,0.3952879254789085,3.1352053375417666,135829128.4323375,0.9026565551757812,,,,,,,,,,,149.0,False,False
libero_10,3,1,0,1,124097,0,124097,2,32,put the black bowl in the bottom drawer of the cabinet and close it,-1,-1,none,-1,-1,-1,-1,4.0,0.0014842275995761,0.0059066726826131,0.0073856697417795,0.0025270176120102,0.0007416564039885,0.0005835713818669,0.0079274233430624,0.1131225302815437,0.0003443583846092,0.0009158849716186,0.0005145904142409,0.0011303704231977,0.54710853099823,1.6393595933914185,10.473179817199709,0.9748424291610718,3.3541018962860107,42.71709442138672,0.006090935319662,0.0108834290876984,0.0192321855574846,0.0055444003082811,0.0099108153954148,0.0173578355461359,0.0057851513847708,0.0101609798148274,0.0201798416674137,0.0078600464621558,0.0080030029639601,0.0098284704145044,0.0100006628781557,0.0214507458731532,0.0224496349692344,0.0073841266566887,0.0075838812626898,0.0076080925064161,0.0077880262397229,0.007375304121524,0.0074511519633233,0.007375304121524,0.0074511519633233,first,1.0,0.0,0.1125489175319671,-1.6657434701919556,0.0,0.1125489175319671,2.0,0.1134648025035858,False,0.1131225302815437,0.0003443583846092,0.0009158849716186,0.0214507468044757,0.0008906323928385,0.0073753045871853,7.144848495954648e-05,126097,126099,48,16,0,False,False,0.0,0.0,2.786076397365278e-07,0.1910403471868423,2.6288158013136e-07,2.628815798377815e-07,0.0,0.0,0.0,0.0,0.0,0.0,0.0,0.4492108184648137,0.5064844736229904,0.0111111111111111,0.067783820065697,0.0623259421024062,0.0847297750821213,0.2215023137717333,2.2118909401996443,7.669713201447928,380.1732778846674,1231.3084716796875,15.768043518066406,17.22713493342035,0.8760063734140595,869.991943359375,12.024340629577637,18.735651300547712,0.8952251909846332,0.0194955393671989,0.0049583730287849,0.0139239430427551,0.0153223685920238,0.0120535511523485,0.1125489175319671,0.1125489175319671,0.4017834117361219,2.008917058680609,5.0,0.0,3.354175606268444e-19,0.0,9.16273543592939e-19,2.008917058680609,True,274,18,success,165,True,False,False,-1,,akita_black_bowl_1,True,165,False,-1,False,0.0,1.0,136,94,0.1683942988200819,1.3180418809129597,0.3952879254789085,3.1352053375417666,135829128.4323375,0.8874510824680328,,,,,,,,,,,133.0,False,False
libero_10,3,1,0,1,124097,0,124097,3,48,put the black bowl in the bottom drawer of the cabinet and close it,-1,-1,none,-1,-1,-1,-1,4.0,0.0013267622562125,0.0057825590483844,0.0056153023615479,0.0022022074554115,0.0006441055447794,0.00074839690933,0.0073442547582089,0.1506570279598236,0.0006821760907769,0.0016582906246185,0.0006603642250411,0.0021410945337265,0.8475164175033569,2.6809513568878174,40.3577766418457,2.5073862075805664,11.648497581481934,66.0378646850586,0.0058981571346521,0.0104974238201975,0.0200384836643934,0.0055277133360505,0.0098042311146855,0.0162953194230794,0.0057329474948346,0.0102828284725546,0.0184848625212907,0.0075006793485954,0.0075256773270666,0.0094909793697297,0.0101380348205566,0.0211003338918089,0.0218071322888135,0.0073004375444725,0.0073367226868867,0.0076663412619382,0.0078876856714487,0.0072147008031606,0.0073282718658447,0.0072147008031606,0.0073282718658447,first,1.0,0.0,0.151429682970047,1.1326327323913574,0.0,0.151429682970047,0.0,0.151429682970047,True,0.1506570279598236,0.0006821760907769,0.0016582906246185,0.0211003348231315,0.0004380621830932,0.0072147008031606,8.308472752105445e-05,127097,127097,64,16,0,False,False,0.0,0.0,2.786076397365278e-07,0.0995021165782214,2.6288158013136e-07,2.628815798377815e-07,0.0,0.0,0.0,0.0,0.0,0.0,0.0,0.4518981065089227,0.494416311165664,0.0555555555555555,0.0981358671724332,0.0969332132076754,0.1226698339655415,0.1127624814268579,1.4302352827700564,6.331308093667875,97.8045170494722,1163.4876708984375,15.6611328125,17.47318575298574,0.887861869691371,1104.030517578125,14.557550430297852,17.70099282553896,0.8824777656152281,0.0114525472745299,0.0033722717780619,0.0056563913822174,0.0082387654110789,0.0077739655971527,0.151429682970047,0.151429682970047,0.4013012921961219,2.0065064609806096,5.0,0.0,1.5983195813614244e-18,0.0,9.629390770963873e-19,2.0065064609806096,True,274,18,success,165,True,False,False,-1,,akita_black_bowl_1,True,165,False,-1,False,0.0,1.0,136,94,0.1683942988200819,1.3180418809129597,0.3952879254789085,3.1352053375417666,135829128.4323375,0.848570317029953,,,,,,,,,,,117.0,False,False
libero_10,3,1,0,1,124097,0,124097,4,64,put the black bowl in the bottom drawer of the cabinet and close it,-1,-1,none,-1,-1,-1,-1,4.0,0.0011787071125581,0.0047043222002685,0.0036678176838904,0.0020392525475472,0.0003336938389111,0.0011321110650897,0.0063623525202274,0.2176485359668731,0.0004183218698017,0.0011089742183685,0.0010816800640895,0.0024456144310534,0.5255385637283325,1.5811388492584229,11.247221946716309,1.2788364887237549,6.832825183868408,36.40398406982422,0.0056904638186097,0.010216693393886,0.0178385060280561,0.0054973200894892,0.0097696809098124,0.0169138722121715,0.0055720782838761,0.0099102761596441,0.0171480439603328,0.0076927539194002,0.007718657143414,0.0132743858266621,0.0138855893164873,0.0200892831198871,0.0205708015710115,0.0075002680532634,0.007593032438308,0.0080399152357131,0.0081759309396147,0.0070525940973311,0.0072736609727144,0.0070525940973311,0.0072736609727144,first,1.0,0.0,0.2183044552803039,1.5679775476455688,0.0,0.2183044552803039,0.0,0.2183044552803039,True,0.2176485359668731,0.0004183218698017,0.0011089742183685,0.0200892835855484,0.0004173828638158,0.0070525943301618,0.0001520948280813,128097,128097,80,16,0,False,False,0.0,0.0,2.786076397365278e-07,0.0457833443833766,2.6288158013136e-07,2.628815798377815e-07,0.0,0.0,0.0,0.0,0.0,0.0,0.0,0.2560081508181013,0.3620441019314631,0.0666666666666666,0.0561302177350525,0.0555036956930164,0.0701627721688156,0.1470232779171665,1.1889172709752895,2.705197969303291,131.24809256802385,1018.8092041015624,14.670811653137209,18.049875010658663,0.9045119038568328,1062.3753662109375,13.75894832611084,17.868023689142717,0.8756559914622302,0.0446158610284328,0.0138655649498105,0.0230582058429718,0.0220437124371528,0.0283650234341621,0.2183044552803039,0.2183044552803039,0.0166691205484074,0.0833456027420374,5.0,0.0,1.646500948030382e-18,0.0,1.330423588734164e-18,0.0833456027420374,True,274,18,success,165,True,False,False,-1,,akita_black_bowl_1,True,165,False,-1,False,0.0,1.0,136,94,0.1683942988200819,1.3180418809129597,0.3952879254789085,3.1352053375417666,135829128.4323375,0.781695544719696,,,,,,,,,,,101.0,False,False
libero_10,3,1,0,1,124097,0,124097,5,80,put the black bowl in the bottom drawer of the cabinet and close it,-1,-1,none,-1,-1,-1,-1,4.0,0.0012080097803846,0.0050427485257387,0.0024807404261082,0.0017278926679864,0.0008241535979323,0.0007999289082363,0.0062773413956165,0.2724881172180176,0.0001861642231233,0.0004838407039642,0.0006688110297545,0.0016201883554458,0.5898236036300659,1.8027756214141848,12.477479934692385,1.4400230646133425,6.041522979736328,45.90751647949219,0.005879140459001,0.0104818902909755,0.0197965018451213,0.0055289901793003,0.0097819315269589,0.0179658140987157,0.0053598843514919,0.0095664868131279,0.0172324199229478,0.00744224851951,0.0075647621415555,0.0094307784456759,0.0103234630078077,0.0197357195429503,0.0202121939510107,0.0077106381068006,0.0078188944607973,0.0082154234405606,0.0084973378106951,0.0069904937408864,0.0070552355609834,0.0069904937408864,0.0070552355609834,first,1.0,0.0,0.2724305093288421,-0.3094466030597687,0.0,0.2724305093288421,2.0,0.2728027403354645,False,0.2724881172180176,0.0001861642231233,0.0004838407039642,0.0197357200086116,0.0003042539465241,0.0069904942065477,6.157942698337138e-05,129097,129099,96,16,0,False,False,0.0,0.0,0.0552775016940518,0.0456561451465494,2.6288158013136e-07,2.628815798377815e-07,0.0,0.0,0.0,0.0,66.0,9.0,66.0,0.3631795491255893,0.72742423302684,0.0888888888888888,0.0644488909809308,0.0623100431247225,0.0805611137261635,0.2639706496140333,1.4790355357626432,3.118290513597923,144.37632656128577,913.8423461914062,13.516960144042969,18.522090820758336,0.9121809267771276,1229.0108642578125,15.884685516357422,17.23524638871315,0.8610994872818992,0.0218327473849058,0.0058408793993294,0.0133217275142669,0.005978372413665,0.0166927371174097,0.2724305093288421,0.2724305093288421,0.0803006254170051,0.2000957379165922,5.0,0.0572353493620457,0.1441720398063875,0.0,9.746313997472144e-19,0.2000957379165922,True,274,18,success,165,True,False,False,-1,,akita_black_bowl_1,True,165,False,-1,False,0.0,1.0,136,94,0.1683942988200819,1.3180418809129597,0.3952879254789085,3.1352053375417666,135829128.4323375,0.7275694906711578,,,,,,,,,,,85.0,False,False
libero_10,3,1,0,1,124097,0,124097,6,96,put the black bowl in the bottom drawer of the cabinet and close it,-1,-1,none,-1,-1,-1,-1,4.0,0.0019255032530054,0.0076976250857114,0.0087701315060257,0.0035575318615883,0.0006575814331881,0.0008331835269927,0.0108489235863089,0.3177009224891662,0.0001518892968306,0.0004195570945739,0.0005360085633583,0.0009936726419255,1.010688304901123,3.2015621662139893,56.87266540527344,2.1508634090423584,4.4370598793029785,78.75595092773438,0.0062421099282801,0.0112171964719891,0.0218782108277082,0.0056407051160931,0.0101358648389577,0.0190017968416214,0.0055409451015293,0.0098475897684693,0.0171628668904304,0.0076674725860357,0.0077559193596243,0.0095969238318502,0.0100053865462541,0.0214581019245088,0.0218796506524086,0.0075504875276237,0.007751238066703,0.0077803180320188,0.0080110402777791,0.0072124871658161,0.0072765666991472,0.0072124871658161,0.0072765666991472,first,1.0,0.0,0.3177366256713867,0.2350605577230453,0.0,0.3177366256713867,1.0,0.3178781270980835,False,0.3177009224891662,0.0001518892968306,0.0004195570945739,0.0214581005275249,0.0003193841257598,0.007212487515062,5.705700095859356e-05,130097,130098,112,16,0,False,False,0.0,0.0,0.1659764636132581,0.0578959103339016,2.6288158013136e-07,2.628815798377815e-07,0.0,0.0,0.0,0.0,158.0,10.0,158.0,0.7602350864142018,0.8339495697105015,0.1333333333333333,0.1527886850972097,0.1411270681790116,0.1909858563715122,0.3520436527808125,1.7775214625093072,3.982667991529775,38.943744158563376,1013.0545043945312,14.41974925994873,18.074475489518548,0.8969659749884222,996.9031372070312,14.013738632202148,18.144273981631887,0.8817944338278282,0.0246675461530685,0.0064496719278395,0.0170779526233673,0.020118873566389,0.0127782672643661,0.3177366256713867,0.3177366256713867,0.0793378078412666,0.2134122323457319,5.0,0.1381871826488155,0.0450896242117857,0.0,6.115059597985392e-19,0.2134122323457319,True,274,18,success,165,True,False,False,-1,,akita_black_bowl_1,True,165,False,-1,False,0.0,1.0,136,94,0.1683942988200819,1.3180418809129597,0.3952879254789085,3.1352053375417666,135829128.4323375,0.6822633743286133,,,,,,,,,,,69.0,False,False
libero_10,3,1,0,1,124097,0,124097,7,112,put the black bowl in the bottom drawer of the cabinet and close it,-1,-1,none,-1,-1,-1,-1,4.0,0.0010365007910877,0.0045862719416618,0.0056838481687009,0.0016229773173108,0.0005899228854104,0.0006168051622807,0.005313332658261,0.3748709857463836,0.0004909852868877,0.0012319386005401,0.0007392593543045,0.0009312104666605,0.6155938506126404,1.9202864170074463,20.944868087768555,0.8172079920768738,2.772634029388428,35.35091781616211,0.0057504195719957,0.0102129597216844,0.0187992695719003,0.005553881637752,0.0099069327116012,0.0167983602732419,0.0054081790149211,0.0096347127109766,0.0170021131634712,0.007610292173922,0.007656258996576,0.0093660275451838,0.0095257014036178,0.0200524348765611,0.021024826914072,0.007530266768299,0.007596222218126,0.0079152977559715,0.0081159295514225,0.0068851694231852,0.006992720067501,0.0068851694231852,0.006992720067501,first,1.0,0.0,0.3746685087680816,-0.4123890995979309,0.0,0.3746685087680816,2.0,0.3753959536552429,False,0.3748709857463836,0.0004909852868877,0.0012319386005401,0.0200524348765611,0.00062673445791,0.0068851690739393,8.532273204764351e-05,131097,131099,128,16,0,False,False,0.0,0.0,0.1683942988200819,0.0581366204600364,2.6288158013136e-07,2.628815798377815e-07,0.0,0.0,0.0,0.0,165.0,12.0,165.0,0.6088633758392752,0.6973255854104714,0.0666666666666666,0.1264666285928921,0.116093355538062,0.158083285741115,0.2610641715924612,1.3282381216624393,3.253719769696402,36.544337677826526,1345.426025390625,16.532400131225586,16.8422053661863,0.8582006934644345,1280.1597900390625,15.71208667755127,17.05816179031734,0.8484212796661386,0.0195097345858812,0.0050857593305408,0.0129160583019256,0.0153319528326392,0.0113823534920811,0.3746685087680816,0.3746685087680816,0.4437123583510221,2.006842694441986,5.0,0.1217060725328036,0.090013024780321,0.0,9.241358602021502e-20,2.006842694441986,True,274,18,success,165,True,False,False,-1,,akita_black_bowl_1,True,165,False,-1,False,0.0,1.0,136,94,0.1683942988200819,1.3180418809129597,0.3952879254789085,3.1352053375417666,135829128.4323375,0.6253314912319183,,,,,,,,,,,53.0,False,False
libero_10,3,1,0,1,124097,0,124097,8,128,put the black bowl in the bottom drawer of the cabinet and close it,-1,-1,none,-1,-1,-1,-1,4.0,0.0019902049098163,0.0100886151194572,0.0123056638985872,0.0036473788786679,0.0006948153604753,0.0009048518259078,0.0110234534367918,0.3875956535339355,0.0017691826215013,0.0044964551925659,0.0008496203809045,0.0019879369065165,0.9806289076805116,3.240370273590088,45.49725341796875,2.2612192630767822,9.027734756469728,53.46202087402344,0.0064839050173759,0.0118210772052407,0.0202856566756963,0.0055779595859348,0.0098714418709278,0.0190813299268484,0.0064398683607578,0.011330273002386,0.0179222859442234,0.0081592716742306,0.0084372097626328,0.0108333502430468,0.0115285040810704,0.0214963271282613,0.0236271098256111,0.0077227664878591,0.0078343758359551,0.0080799791030585,0.0082072233781218,0.0072166940663009,0.0074504213407635,0.0072166940663009,0.0074504213407635,first,1.0,0.0,0.38690847158432,-0.3884177505970001,0.0,0.38690847158432,3.0,0.3906177878379822,False,0.3875956535339355,0.0017691826215013,0.0044964551925659,0.0214963275939226,0.0012615165906026,0.0072166938334703,0.0001704269670881,132097,132100,144,16,0,False,False,0.5,0.5,0.1242858020960036,0.0565767745580643,2.6288158013136e-07,2.628815798377815e-07,0.0,0.0,0.0,0.0,153.0,12.0,153.0,0.5582065020188595,0.6178900596961215,0.0795454545454545,0.0877598415714305,0.0863077773945655,0.1096998019642881,0.3046628185964609,4.895506147506113,12.223697746631226,1098.1069203764796,1471.311279296875,17.360862731933594,16.45375796515983,0.8490542436476758,1338.019775390625,18.0474853515625,16.866178286920405,0.8524791905109709,0.0902304276823997,0.0169881749898195,0.0812193751335144,0.0115176243707537,0.0076029398478567,0.38690847158432,0.38690847158432,0.1007250126798587,0.2831991931313773,5.0,0.0671186585062655,0.1533072117616507,0.0,3.399997877393875e-18,0.2831991931313773,True,274,18,success,165,True,False,False,-1,,akita_black_bowl_1,True,165,False,-1,False,0.0,1.0,136,94,0.1683942988200819,1.3180418809129597,0.3952879254789085,3.1352053375417666,135829128.4323375,0.6130915284156799,,,,,,,,,,,37.0,False,False
libero_10,3,1,0,1,124097,0,124097,9,144,put the black bowl in the bottom drawer of the cabinet and close it,-1,-1,none,-1,-1,-1,-1,4.0,0.0160111971199512,0.8719104528427124,0.0123083479702472,0.0156370121985673,0.0025889254175126,0.0574005655944347,0.1071405410766601,0.4699793457984924,0.0034105563536286,0.008672147989273,0.002751943655312,0.0074302167631685,1.744179606437683,5.804093360900879,84.29412841796875,5.466121673583984,24.07670021057129,99.81326293945312,0.020828565582633,0.0353249721229076,0.8921252489089966,0.0063874050974845,0.0118468832224607,0.0207272861152887,0.0085144210606813,0.0136479213833808,0.0217167995870113,0.0091846589930355,0.0093759102746844,0.0157369277440011,0.0169869437813758,0.0266774445772171,0.0283486861735582,0.0078589002368971,0.0079856486991047,0.0085211531259119,0.0086196260526776,0.006987806642428,0.0071437112055718,0.006987806642428,0.0071437112055718,first,1.0,0.0,0.4757551848888397,1.6935181617736816,0.0,0.4757551848888397,0.0,0.4757551848888397,True,0.4699793457984924,0.0034105563536286,0.008672147989273,0.0266774445772171,0.0011357212206348,0.0069878068752586,0.0001170617615571,133097,133097,160,16,0,False,False,0.5,0.0,0.0682070103890175,0.0564622169266155,2.6288158013136e-07,2.628815798377815e-07,0.0,0.0,0.0,0.0,35.0,10.0,35.0,0.4081853497899103,0.6412314162082235,0.1111111111111111,0.0539395072714216,0.0441469944681404,0.067424384089277,0.3694316286153947,4.187883069584904,7.958496664626636,1810.7585448334885,1429.168212890625,17.23371696472168,16.579970126712045,0.8508120890611709,1661.6075439453125,20.041149139404297,15.925519055748689,0.8152564550434812,0.0327265262603759,0.0089949183166027,0.0194941908121109,0.0172301884740591,0.0261898096650838,0.4757551848888397,0.4757551848888397,0.0405394079320185,0.1233615884702927,5.0,0.0412294899939021,0.0381059611958978,0.0,1.014939730147094e-18,0.1233615884702927,True,274,18,success,165,True,False,False,-1,,akita_black_bowl_1,True,165,False,-1,False,0.0,1.0,136,94,0.1683942988200819,1.3180418809129597,0.3952879254789085,3.1352053375417666,135829128.4323375,0.5242448151111603,,,,,,,,,,,21.0,False,False
libero_10,3,1,0,1,124097,0,124097,10,160,put the black bowl in the bottom drawer of the cabinet and close it,-1,-1,none,-1,-1,-1,-1,4.0,0.0016566991107538,0.0055844183079898,0.0077075841836631,0.0028073228895664,0.0008252202533185,0.0006992646376602,0.0086161335930228,0.5846840143203735,0.0042964224703609,0.0111914277076721,0.0007920940988697,0.0016931947320699,0.6354877352714539,1.9202864170074463,30.647186279296875,0.8038691282272339,1.5811388492584229,62.34180068969727,0.0062369313091039,0.0110871773213148,0.0235587488859891,0.0055116419680416,0.009811382740736,0.0175704974681139,0.0101660639047622,0.0158413555473089,0.0236943792551755,0.0081039692740887,0.0083540678024292,0.010378047125414,0.0107842814177274,0.0217417832463979,0.0233792774379253,0.0073806350119411,0.007521241903305,0.0076675051823258,0.0077508869580924,0.008733624825254,0.0089523000642657,0.008733624825254,0.0089523000642657,first,1.0,0.0,0.5908496975898743,1.435073733329773,0.0,0.5908496975898743,0.0,0.5908496975898743,True,0.5846840143203735,0.0042964224703609,0.0111914277076721,0.0217417832463979,0.0009755172068253,0.0087336245924234,0.0001890689163701,134097,134097,176,16,0,False,False,0.5,0.0,0.0270672249616965,0.127691585246564,2.6288158013136e-07,2.628815798377815e-07,1.0,0.0,0.0,0.0,0.0,0.0,0.0,0.7949560489436317,0.8454877726032387,0.0333333333333333,0.146872761471493,0.1327409757027919,0.1835909518393663,0.4567835453966465,3.319329541423818,6.973237225038338,138.16811160815348,1117.801513671875,14.491477012634276,17.64715667487382,0.8887347416468659,806.3446044921875,8.912561416625977,19.06559676575156,0.9105200541852728,0.0318624451756477,0.0079007931053638,0.0197875723242759,0.0223800502717494,0.0220565106719732,0.5908496975898743,0.5908496975898743,0.401047180932789,2.0052325904636463,5.0,5.001685253016196e-07,2.8140317736107684e-06,0.0,9.842320690354792e-20,2.0052325904636463,True,274,18,success,165,True,False,False,-1,,akita_black_bowl_1,True,165,False,-1,False,0.0,1.0,136,94,0.1683942988200819,1.3180418809129597,0.3952879254789085,3.1352053375417666,135829128.4323375,0.4091503024101257,,,,,,,,,,,5.0,False,False
libero_10,3,1,0,1,124097,0,124097,11,176,put the black bowl in the bottom drawer of the cabinet and close it,-1,-1,none,-1,-1,-1,-1,4.0,0.0024190177209675,0.0097258565947413,0.0124752996489405,0.0042198677547276,0.0011573183583095,0.0008015668718144,0.0127416281029582,0.7371028065681458,0.0008609779761172,0.0021904706954956,0.0006281462265178,0.0009981925832107,0.6258357763290405,2.1213202476501465,16.114822387695312,0.5700562596321106,1.299038052558899,31.66524124145508,0.0066332505084574,0.0121690817177295,0.0224802754819393,0.0054917968809604,0.0097663337364792,0.0179083030670881,0.0058229602873325,0.0103472732007503,0.0182345919311046,0.0078196360263973,0.0079078134149312,0.0100427574943751,0.0105082262307405,0.0226403423584997,0.0233761928975582,0.0076738311909139,0.0077566048130393,0.0083174735773354,0.0084773320704698,0.0073202399071305,0.0073892092332243,0.0073202399071305,0.0073892092332243,first,1.0,0.0,0.7359256744384766,-1.3672034740447998,0.0,0.7359256744384766,1.0,0.7381161451339722,False,0.7371028065681458,0.0008609779761172,0.0021904706954956,0.0226403437554836,0.0004970057634636,0.0073202396742999,4.000342232757248e-05,135097,135098,192,16,0,False,False,0.5,0.0,0.0270672291070526,0.1016984524161779,2.6288158013136e-07,2.628815798377815e-07,1.0,0.0,0.0,0.0,1.0,1.0,0.0,0.7327521655604788,0.7755559903395117,0.0111111111111111,0.1325337567763144,0.1135018626649195,0.1656671959703931,0.4650998520994812,5.969343116091791,27.45643142493236,1070.8592182378964,1500.1834716796875,17.316253662109375,16.36935984568617,0.8549565445889274,1147.5360107421875,11.87209701538086,17.533140378819393,0.8561666649247961,0.0683074295520782,0.016840623691678,0.0568761229515075,0.0621714517474174,0.0259050298482179,0.7359256744384766,0.7359256744384766,0.0568133013235875,0.2516340091177257,5.0,0.029209667695085,0.0032228298051271,0.0,1.049579358344749e-18,0.2516340091177257,True,274,18,success,165,True,False,False,-1,,akita_black_bowl_1,True,165,False,-1,False,0.0,1.0,136,94,0.1683942988200819,1.3180418809129597,0.3952879254789085,3.1352053375417666,135829128.4323375,0.2640743255615234,,,,,,,,,,,-11.0,False,False
libero_10,3,1,0,1,124097,0,124097,12,192,put the black bowl in the bottom drawer of the cabinet and close it,-1,-1,none,-1,-1,-1,-1,4.0,0.0013776276027783,0.0051120570860803,0.006971787661314,0.0023570640478283,0.0006339997635222,0.0006702019018121,0.0071410932578146,0.7161726355552673,0.0007809232920408,0.0018757581710815,0.0006986500229686,0.0015175722073763,0.6515565514564514,2.061552762985229,20.728904724121094,0.4248889088630676,0.8660253882408142,8.525696754455566,0.0059563629329204,0.0106102926656603,0.0177544970065355,0.0055016670376062,0.0097672212868928,0.0175360161811113,0.005558019503951,0.0098647186532616,0.0228718221187591,0.00767139531672,0.0077390256337821,0.0099438012111932,0.0104599604383111,0.0202250396832823,0.0209658574312925,0.0076262161601334,0.0077288332395255,0.0081456364132463,0.0082803582772612,0.0069916215725243,0.0071968114934861,0.0069916215725243,0.0071968114934861,first,1.0,0.0,0.7175183892250061,1.7232853174209597,0.0,0.7175183892250061,0.0,0.7175183892250061,True,0.7161726355552673,0.0007809232920408,0.0018757581710815,0.0202250406146049,0.0006385417073033,0.0069916215725243,0.0001200675978907,136097,136097,208,16,0,False,False,0.5,0.0,0.026880788931363,0.0923460858726361,2.6288158013136e-07,2.628815798377815e-07,1.0,0.0,0.0,0.0,12.0,1.0,0.0,0.7792652064328922,0.8054428385069163,0.0666666666666666,0.1192802507791108,0.1146315429944702,0.1491003134738885,0.4091722354611469,10.47760540631486,60.83222259775116,6187.623779707411,1566.7430419921875,17.310274124145508,16.180825862216768,0.8479844181527946,562.6642456054688,6.543725967407227,20.62831041998969,0.9220033880908868,0.0407694838941097,0.0114670740440487,0.0229266881942749,0.0249542221426963,0.0298836510628461,0.7175183892250061,0.7175183892250061,0.0588554013495986,0.1743661313522154,5.0,0.1118731492424258,0.0080377261533517,0.0,1.5108006312867037e-18,0.1743661313522154,True,274,18,success,165,True,False,False,-1,,akita_black_bowl_1,True,165,False,-1,False,0.0,1.0,136,94,0.1683942988200819,1.3180418809129597,0.3952879254789085,3.1352053375417666,135829128.4323375,0.2824816107749939,,,,,,,,,,,-27.0,False,False
libero_10,3,1,0,1,124097,0,124097,13,208,put the black bowl in the bottom drawer of the cabinet and close it,-1,-1,none,-1,-1,-1,-1,4.0,0.0038877760525792,0.0471628122031688,0.0063824811950325,0.0073822461999952,0.0014100656844675,0.0008374970639124,0.0261590462177991,0.8251102566719055,0.0008976202225312,0.001917541027069,0.0008182264282368,0.0017642998136579,0.584737241268158,1.8708287477493288,19.92485809326172,0.3364927768707275,0.7071067690849304,8.407586097717285,0.008555844426155,0.0198370330035686,0.0594763122498989,0.0056919809430837,0.0101690515875816,0.0177731327712535,0.0059249433688819,0.0105001740157604,0.0180954933166503,0.0085917499382048,0.0087006380781531,0.0156609849072992,0.017542028799653,0.0216610836796462,0.0226620472967624,0.0077082274947315,0.0079698711633682,0.0080771984066814,0.0081631140783429,0.0075440292712301,0.0077999290078878,0.0075440292712301,0.0077999290078878,first,1.0,0.0,0.8241782188415527,-1.0383431911468506,0.0,0.8241782188415527,2.0,0.8260957598686218,False,0.8251102566719055,0.0008976202225312,0.001917541027069,0.0216610841453075,0.0006309507880359,0.0075440295040607,0.0001680970890447,137097,137099,224,16,0,False,False,0.5,0.0,0.026545013420548,0.0935773176993647,2.6288158013136e-07,2.628815798377815e-07,1.0,0.0,0.0,0.0,17.0,2.0,0.0,0.6177257495334246,0.8263205796597842,0.0444444444444444,0.0135601728693646,0.0114461695970827,0.0169502160867058,0.1681703194836513,4.611622836281226,17.505617613226708,62820.60242082127,1382.2430419921875,16.073394775390625,16.724959484260665,0.8667713099380889,558.5419921875,6.257533550262451,20.660245311517293,0.9229259400985452,0.0631231442093849,0.0152416247874498,0.0438044518232345,0.0260947346687316,0.0572285056114196,0.8241782188415527,0.8241782188415527,0.0191359933451967,0.0871981493446902,5.0,0.0078180938364526,0.0006637235448406,0.0,4.843031868116167e-19,0.0871981493446902,True,274,18,success,165,True,False,False,-1,,akita_black_bowl_1,True,165,False,-1,False,0.0,1.0,136,94,0.1683942988200819,1.3180418809129597,0.3952879254789085,3.1352053375417666,135829128.4323375,0.1758217811584472,,,,,,,,,,,-43.0,False,False
libero_10,3,1,0,1,124097,0,124097,14,224,put the black bowl in the bottom drawer of the cabinet and close it,-1,-1,none,-1,-1,-1,-1,4.0,0.0024790402967482,0.0260138623416423,0.0270551685243845,0.0042200512252748,0.0012999676400795,0.0007932244334369,0.0147259933874011,0.9643723964691162,0.0004897267790511,0.0012561678886413,0.0007655415101908,0.0010918726911768,0.5234596133232117,1.5811388492584229,15.722197532653809,0.3257040679454803,0.7071067690849304,19.032865524291992,0.0071907136589288,0.0139576345682144,0.0393612720072269,0.0055907573550939,0.0098949465900659,0.0173317585140466,0.0059221214614808,0.0103548057377338,0.0179129149764776,0.0083933807909488,0.0085856188088655,0.0148215217050164,0.0160157121717929,0.025430291891098,0.0267738532274961,0.0075581700075417,0.007627869490534,0.0079729203134775,0.008162124082446,0.0076975112315267,0.0079431347548961,0.0076975112315267,0.0079431347548961,first,1.0,0.0,0.965184450149536,1.6581770181655884,0.0,0.965184450149536,0.0,0.965184450149536,True,0.9643723964691162,0.0004897267790511,0.0012561678886413,0.025430291891098,0.0007997740176506,0.007697510998696,0.0001604152348591,138097,138097,240,16,0,False,False,0.5,0.0,0.0265142837700558,0.0919430357253856,2.6288158013136e-07,2.628815798377815e-07,1.0,0.0,0.0,0.0,30.0,2.0,0.0,0.6888824793012882,0.7339621790013758,0.1555555555555555,0.0061295870333203,0.0058252262546985,0.0076619837916504,0.0407454821067231,1.0004185506427057,2.9849172674983544,13206.616606022912,1147.4271240234375,14.823992729187012,17.533552489152886,0.8896408918620141,614.75634765625,6.698992729187012,20.24377339133691,0.9160963424486476,0.0789721012115478,0.0191110409796237,0.0631949603557586,0.0166342966258525,0.0753572285175323,0.965184450149536,0.965184450149536,0.0108272106931013,0.0521837762089211,5.0,0.0017335993104872,0.0002186779460982,0.0,8.549302764965481e-20,0.0521837762089211,True,274,18,success,165,True,False,False,-1,,akita_black_bowl_1,True,165,False,-1,False,0.0,1.0,136,94,0.1683942988200819,1.3180418809129597,0.3952879254789085,3.1352053375417666,135829128.4323375,0.0348155498504638,,,,,,,,,,,-59.0,False,False
libero_10,3,1,0,1,124097,0,124097,15,240,put the black bowl in the bottom drawer of the cabinet and close it,-1,-1,none,-1,-1,-1,-1,4.0,0.0022867496591061,0.012678344734013,0.0064442171715199,0.0042491131462156,0.0008439580560661,0.0007280338322743,0.0128272110596299,0.997183918952942,0.0003252974129281,0.0008143186569213,0.0005687286611646,0.0009695532498881,0.4762186706066131,1.4790199995040894,12.579745292663574,0.3299013674259186,0.7071067690849304,12.295832633972168,0.0065348939970135,0.0119666075333952,0.0265680011361837,0.0055181602947413,0.0097093228250741,0.0174870491027832,0.0057909828610718,0.0103340120986104,0.0173120871186256,0.0080743767321109,0.0081083718687295,0.0113145778886973,0.0120841553434729,0.0226184418424963,0.0230513978749513,0.0074548525735735,0.0076402807608246,0.0079158941516652,0.0081343716010451,0.0075439137872308,0.0076097971759736,0.0075439137872308,0.0076097971759736,first,1.0,0.0,0.9977424144744872,1.7168766260147097,0.0,0.9977424144744872,0.0,0.9977424144744872,True,0.997183918952942,0.0003252974129281,0.0008143186569213,0.0226184409111738,0.0004616316291503,0.0075439140200614,7.77815148467198e-05,139097,139097,256,16,0,False,False,0.5,0.0,0.0265041587233403,0.0912093337715503,2.6288158013136e-07,2.628815798377815e-07,1.0,0.0,0.0,0.0,25.0,3.0,0.0,0.4269768812985434,0.773025834277297,0.0,0.0055147112272464,0.0046594980572576,0.006893389034058,0.050611796032026,1.5195295905631372,4.225018404438578,29742.109622606506,1038.5987548828125,14.04266357421875,17.966325632596025,0.8998433555911508,541.4688720703125,6.447444915771484,20.795068658838005,0.926884696907182,0.0657244399189949,0.0148345036432147,0.0526124835014343,0.0211119726300239,0.0327512696385383,0.9977424144744872,0.9977424144744872,0.0122765971073445,0.0587798829956296,5.0,0.0025974976038725,5.604937220405832e-06,0.0,1.891640703435476e-18,0.0587798829956296,True,274,18,success,165,True,False,False,-1,,akita_black_bowl_1,True,165,False,-1,False,0.0,1.0,136,94,0.1683942988200819,1.3180418809129597,0.3952879254789085,3.1352053375417666,135829128.4323375,0.0022575855255126,,,,,,,,,,,-75.0,False,False
libero_10,3,1,0,1,124097,0,124097,16,256,put the black bowl in the bottom drawer of the cabinet and close it,-1,-1,none,-1,-1,-1,-1,4.0,0.0031607993878424,0.0383736230432987,0.0136687038466334,0.0059533710591495,0.001179464161396,0.0007270912174135,0.0198173243552446,1.0,0.0,0.0,0.0005897838273085,0.0010641643311828,0.4803307950496673,1.4790199995040894,16.330570220947266,0.3168833553791046,0.7071067690849304,8.015609741210938,0.0077921338379383,0.0173754692077636,0.0511607937514781,0.0054127261973917,0.0095824562013149,0.0161398537456989,0.0058140200562775,0.0102856801822781,0.0187034904956817,0.0082397710066288,0.0083027509972453,0.0146640422753989,0.01661092415452,0.0234248731285333,0.0240934677422046,0.0072408354608342,0.0073057636618614,0.007494271849282,0.0075695514678955,0.0075716270366683,0.0076277139596641,0.0075716270366683,0.0076277139596641,first,1.0,0.0,1.0,0.0,0.0,1.0,0.0,1.0,True,1.0,0.0,0.0,0.0234248749911785,0.0004383965278975,0.007571626920253,5.0834656576626e-05,140097,140097,272,16,0,False,False,0.5,0.0,0.0264866857891792,0.0915186544589512,2.6288158013136e-07,2.628815798377815e-07,1.0,0.0,0.0,0.0,18.0,2.0,0.0,0.2495849280312593,0.7186533437747775,0.0454545454545454,0.0078092159959263,0.0043816455799424,0.0097615199949079,0.0911871306588059,2.212230508897382,5.1505395637500095,30221.67223675305,1249.896484375,15.291055679321287,17.16206314360895,0.8794655876444082,701.6350708007812,8.419901847839355,19.669690720227663,0.908209307750421,0.0579516850411891,0.0131547562777996,0.0402225852012634,0.0113732852041721,0.0401223413646221,1.0,1.0,0.0128123342721364,0.059262890163093,5.0,0.0044228214918683,0.0003759597057209,0.0,1.9978482658746226e-18,0.059262890163093,True,274,18,success,165,True,False,False,-1,,akita_black_bowl_1,True,165,False,-1,False,0.0,1.0,136,94,0.1683942988200819,1.3180418809129597,0.3952879254789085,3.1352053375417666,135829128.4323375,0.0,,,,,,,,,,,-91.0,False,False
libero_10,3,1,0,1,124097,0,124097,17,272,put the black bowl in the bottom drawer of the cabinet and close it,-1,-1,none,-1,-1,-1,-1,4.0,0.0014829110587015,0.0163438860327005,0.0118604730814695,0.0024026506580412,0.0008291150443255,0.0006850790232419,0.0086332270875573,0.9998338222503662,0.000154712688527,0.0004106760025024,0.0004543209797702,0.0007321462617255,0.5716422200202942,1.658312439918518,17.874563217163086,0.3405728638172149,0.7071067690849304,11.776565551757812,0.00625886535272,0.011825006455183,0.0289952550083398,0.0056183966808021,0.0099623324349522,0.0173890870064497,0.0058732908219099,0.0105442507192492,0.017567191272974,0.0084026115946471,0.0084379175677895,0.0153281432576477,0.0172588620334863,0.0270751835778355,0.0280549172312021,0.0075813976582139,0.0076642730273306,0.0079890061169862,0.008136193268001,0.0076339931692928,0.0078413235023617,0.0076339931692928,0.0078413235023617,first,1.0,0.0,0.9995893239974976,-1.580337405204773,0.0,0.9995893239974976,2.0,1.0,False,0.9998338222503662,0.000154712688527,0.0004106760025024,0.0270751845091581,0.0007174215861596,0.0076339929364621,0.0001218249817611,141097,141099,274,2,0,False,True,1.0,0.5,0.026468734584789,0.0915087908118479,2.6288158013136e-07,2.628815798377815e-07,1.0,0.0,0.0,0.0,2.0,1.0,0.0,0.8053103499973606,0.819075875856941,0.1666666666666666,0.004566401321336,0.0045249506224954,0.0456640132133605,0.541588887612382,0.0,0.0,0.0,968.9651489257812,13.731711387634276,18.267722039424413,0.9064930757002776,714.5426025390625,9.031947135925291,19.590522334147444,0.9072339324358492,0.0493389032781124,0.0121630877256393,0.0372248888015747,0.0232072100043296,0.0194023828953504,0.0004106760025024,0.9995893239974976,0.0029564873759266,0.0100903555739808,5.0,0.0023333119418934,0.0023587693637587,0.0,1.2027578989494113e-18,0.0100903555739808,True,274,18,success,165,True,False,False,-1,,akita_black_bowl_1,True,165,False,-1,False,0.0,1.0,136,94,0.1683942988200819,1.3180418809129597,0.3952879254789085,3.1352053375417666,135829128.4323375,0.0004106760025024,,,,,,,,,,,-107.0,False,False
libero_10,3,2,0,2,124194,0,124194,0,0,put the black bowl in the bottom drawer of the cabinet and close it,-1,-1,none,-1,-1,-1,-1,4.0,0.0040537444874644,0.0274292323738336,0.0081792771816253,0.0068810111843049,0.0022747728507965,0.0009088605875149,0.0222286265343427,0.0716026425361633,0.0003224917745683,0.0008507668972015,0.0019932109862565,0.0049902028404176,1.2908035516738892,3.8971142768859854,87.39958190917969,4.757753372192383,26.62118530273437,101.7653579711914,0.0088360738009214,0.0195830445736646,0.0390459857881069,0.0059633175842463,0.0105559257790446,0.0211138911545276,0.0058914860710501,0.0104281017556786,0.0195864532142877,0.0077120461501181,0.0077457469888031,0.0096760774031281,0.0100872460752725,0.0202595945447683,0.020754400640726,0.0073291992302984,0.007353289052844,0.0076547167263925,0.0077442023903131,0.0075585050508379,0.0075818565674126,0.0075585050508379,0.0075818565674126,first,1.0,0.0,0.0718036293983459,0.6232309937477112,0.0,0.0718036293983459,1.0,0.0719546973705291,False,0.0716026425361633,0.0003224917745683,0.0008507668972015,0.0202595945447683,0.0003326686855871,0.0075585050508379,2.340928949706722e-05,124194,124195,16,16,0,False,False,0.0,0.0,2.786076397365278e-07,0.3474632242610199,2.6288158013136e-07,2.628815798377815e-07,0.0,0.0,0.0,0.0,0.0,0.0,0.0,0.2945570951807004,0.6616639941103688,0.1444444444444444,0.0445246333124587,0.0429774635272391,0.0556557916405734,0.2166385008134304,1.4464817848806106,3.424913414666414,327.0935907420183,1087.165283203125,14.295559883117676,17.767847853867064,0.888749392659461,1647.541015625,16.985370635986328,15.96244125682056,0.8103758833888981,0.012837148271501,0.0036633005365729,0.0074076056480407,0.0099460892379283,0.00744045432657,0.0718036293983459,0.0718036293983459,0.0241847325353487,0.1209230819156736,5.0,2.934624683612794e-07,5.8837568207293366e-09,2.769311645296996e-07,4.483680534264861e-09,0.1209230819156736,True,211,14,success,167,True,False,False,-1,,akita_black_bowl_1,True,167,False,-1,False,0.0,1.0,136,94,0.1700847183727312,1.345941597162379,0.3846707943737591,2.762822715146789,19210267.004299976,0.928196370601654,,,,,,,,,,,167.0,False,False
libero_10,3,2,0,2,124194,0,124194,1,16,put the black bowl in the bottom drawer of the cabinet and close it,-1,-1,none,-1,-1,-1,-1,4.0,0.0015381601406261,0.0067636519670486,0.0078139835968613,0.002731260145083,0.0005828189896419,0.0008248825906775,0.0082312934100627,0.096294917166233,0.0002736991154961,0.0007165372371673,0.0004857115854974,0.0006737708463333,0.6034844517707825,1.785357117652893,34.946388244628906,0.910265862941742,3.2015621662139893,37.15507888793945,0.0060440069064497,0.0108553664758801,0.0218928940594196,0.0055137141607701,0.0098487669602036,0.0194877255707979,0.0057835145853459,0.0102766137570142,0.0198642965406179,0.0077132825972512,0.0078848451375961,0.0097059134859591,0.0102906329557299,0.0214650928974151,0.0227207988500595,0.0073373145423829,0.0074039292521774,0.0076827451121062,0.0078071779571473,0.0074747692560777,0.0075835012830793,0.0074747692560777,0.0075835012830793,first,1.0,0.0,0.0959250032901763,-1.3515348434448242,0.0,0.0959250032901763,1.0,0.0966415405273437,False,0.096294917166233,0.0002736991154961,0.0007165372371673,0.0214650928974151,0.0007615237263962,0.007474769372493,7.05528655089438e-05,125194,125195,32,16,0,False,False,0.0,0.0,2.786076397365278e-07,0.2469481931721815,2.6288158013136e-07,2.628815798377815e-07,0.0,0.0,0.0,0.0,0.0,0.0,0.0,0.6603110262777045,0.7100199854952817,0.0333333333333333,0.1292979199392335,0.1273219831531283,0.1616223999240419,0.1718025486575101,1.2131586999108444,2.955682678832475,27.314869087989106,1061.6485595703125,14.57337474822998,17.870995860236675,0.8879492406268807,1552.1968994140625,17.187639236450195,16.22133549290406,0.8316399769490762,0.0342443212866783,0.0070226821117103,0.0301628485321998,0.0142309824004769,0.0311200357973575,0.0959250032901763,0.0959250032901763,0.0733225328111737,0.3666126640558685,5.0,0.0,3.845777417606928e-17,0.0,1.9092665697537665e-17,0.3666126640558685,True,211,14,success,167,True,False,False,-1,,akita_black_bowl_1,True,167,False,-1,False,0.0,1.0,136,94,0.1700847183727312,1.345941597162379,0.3846707943737591,2.762822715146789,19210267.004299976,0.9040749967098236,,,,,,,,,,,151.0,False,False
libero_10,3,2,0,2,124194,0,124194,2,32,put the black bowl in the bottom drawer of the cabinet and close it,-1,-1,none,-1,-1,-1,-1,4.0,0.0013172373874112,0.0056499210186302,0.0052705379202961,0.0020091265905648,0.000845703005325,0.00065617315704,0.0067153670825064,0.1124444603919982,8.81048254086636e-05,0.0002298951148986,0.0004738557327073,0.0006724368431605,0.6100782752037048,1.8027756214141848,19.0,1.1094720363616943,3.6314597129821777,42.47646331787109,0.0060146325267851,0.0107464222237467,0.0238143131136894,0.0054666982032358,0.0097214365378022,0.0194176156073808,0.005696399603039,0.0101618450134992,0.0161080490797758,0.0077799733262509,0.0078642414882779,0.0102003298234194,0.0105494512245059,0.021159600932151,0.0219930503517389,0.0073296295013278,0.0074831256642937,0.007606167346239,0.0079275844618678,0.0073194717988371,0.007425068411976,0.0073194717988371,0.007425068411976,first,1.0,0.0,0.1125495433807373,1.1927040815353394,0.0,0.1125495433807373,0.0,0.1125495433807373,True,0.1124444603919982,8.81048254086636e-05,0.0002298951148986,0.0211596004664897,0.000625294924248,0.0073194717988371,8.448502921964973e-05,126194,126194,48,16,0,False,False,0.0,0.0,2.786076397365278e-07,0.1915009255689807,2.6288158013136e-07,2.628815798377815e-07,0.0,0.0,0.0,0.0,0.0,0.0,0.0,0.4481303471231243,0.4977614783364484,0.0111111111111111,0.066950218030647,0.0616245631783788,0.0836877725383088,0.2091973058800825,2.108712038496721,7.955300137451519,382.69439456071865,1219.57080078125,15.663457870483398,17.268733430192576,0.8773249259097855,917.0470581054688,12.430989265441896,18.50688738882554,0.8897493799827029,0.0165488179773092,0.0043321847915649,0.0102132856845855,0.0116896973922848,0.011652166955173,0.1125495433807373,0.1125495433807373,0.401776760228563,2.008883801142815,5.0,0.0,2.0545045612413888e-19,0.0,6.958845668536355e-19,2.008883801142815,True,211,14,success,167,True,False,False,-1,,akita_black_bowl_1,True,167,False,-1,False,0.0,1.0,136,94,0.1700847183727312,1.345941597162379,0.3846707943737591,2.762822715146789,19210267.004299976,0.8874504566192627,,,,,,,,,,,135.0,False,False
libero_10,3,2,0,2,124194,0,124194,3,48,put the black bowl in the bottom drawer of the cabinet and close it,-1,-1,none,-1,-1,-1,-1,4.0,0.0014299137983471,0.0066583324223756,0.0072674229741096,0.0022983751259744,0.0007730114157311,0.0007952380692586,0.0075123100541532,0.1538083255290985,0.0008602214511483,0.0023403465747833,0.0006660467479377,0.0012419031700119,0.7558761239051819,2.2776083946228027,32.182098388671875,2.195303678512573,10.13348388671875,59.86025238037109,0.0060204877518117,0.0108453128486871,0.0210967678576707,0.0055502341128885,0.0098846331238746,0.0183356124907732,0.0058751483447849,0.0104561308398842,0.0202517267316579,0.0075356950983405,0.00766805652529,0.0094156572595238,0.0097721964120864,0.0209456109441816,0.0216025300323963,0.0073837285162881,0.0075996574014425,0.0076673605944961,0.0078530870378017,0.0073186811059713,0.0076986420899629,0.0073186811059713,0.0076986420899629,first,1.0,0.0,0.1534351408481598,-0.4338239729404449,0.0,0.1534351408481598,2.0,0.155025839805603,False,0.1538083255290985,0.0008602214511483,0.0023403465747833,0.0209456086158752,0.0004863734357059,0.0073186811059713,0.0002381750091444,127194,127196,64,16,0,False,False,0.0,0.0,2.786076397365278e-07,0.0997304403021214,2.6288158013136e-07,2.628815798377815e-07,0.0,0.0,0.0,0.0,0.0,0.0,0.0,0.4551582805211184,0.4904548747788662,0.0777777777777777,0.0993247428148374,0.0980258377028923,0.1241559285185468,0.1164405010179458,1.416148696353177,7.275353751564666,111.64755176011178,1149.07275390625,15.580144882202148,17.527328338160697,0.8891655977568604,1076.78662109375,14.27231502532959,17.809507099958605,0.88770533804624,0.0150120817124843,0.0044118547812104,0.0084040910005569,0.0094886124134063,0.011494755744934,0.1534351408481598,0.1534351408481598,0.4012790382926602,2.006395191463301,5.0,0.0,1.7775637755946281e-19,0.0,8.499159100134921e-19,2.006395191463301,True,211,14,success,167,True,False,False,-1,,akita_black_bowl_1,True,167,False,-1,False,0.0,1.0,136,94,0.1700847183727312,1.345941597162379,0.3846707943737591,2.762822715146789,19210267.004299976,0.8465648591518402,,,,,,,,,,,119.0,False,False
libero_10,3,2,0,2,124194,0,124194,4,64,put the black bowl in the bottom drawer of the cabinet and close it,-1,-1,none,-1,-1,-1,-1,4.0,0.0095833223313093,0.8765652179718018,0.0039200806058943,0.0030911285430192,0.0004607570881489,0.0564275979995727,0.0723780915141105,0.2219756245613098,0.000521314505022,0.0012919604778289,0.0140727907419204,0.0631359219551086,0.5812218189239502,1.7320507764816284,11.169154167175291,2.0851528644561768,9.540971755981444,97.72250366210938,0.0139663415029644,0.0124261435121297,0.9013630151748656,0.0179489105939865,0.0646311044692993,0.0796702355146408,0.0055814497172832,0.0099673774093389,0.0190669316798448,0.0078500002855435,0.007959728129208,0.0153485746122896,0.0184316560626029,0.0199603508226573,0.0209559109061956,0.0082257483154535,0.0087544787675142,0.0090970189776271,0.0102261723950505,0.0070464493473991,0.007094170898199,0.0070464493473991,0.007094170898199,first,1.0,0.0,0.2226485610008239,1.2908453941345217,0.0,0.2226485610008239,0.0,0.2226485610008239,True,0.2219756245613098,0.000521314505022,0.0012919604778289,0.0199603512883186,0.0006876857369206,0.0070464494638144,3.6650424590334296e-05,128194,128194,80,16,0,False,False,0.0,0.0,2.786076397365278e-07,0.0455221980880145,2.6288158013136e-07,2.628815798377815e-07,0.0,0.0,0.0,0.0,0.0,0.0,0.0,0.2577890868417106,0.3580576455409069,0.1222222222222222,0.0567344585583815,0.0558741102982978,0.0709180731979769,0.1577861364700227,1.2167595684392756,3.191527618994492,140.44586079855753,1036.2301025390625,14.813297271728516,17.976241564559768,0.9029337991756516,1057.6143798828125,13.693737983703612,17.887530137894128,0.8770428217640932,0.0504712127149105,0.0142662264406681,0.0356722772121429,0.0224755778908729,0.0267638564109802,0.2226485610008239,0.2226485610008239,0.0166258029793519,0.0831290148967596,5.0,0.0,1.4981771790768767e-18,0.0,5.986655408873811e-19,0.0831290148967596,True,211,14,success,167,True,False,False,-1,,akita_black_bowl_1,True,167,False,-1,False,0.0,1.0,136,94,0.1700847183727312,1.345941597162379,0.3846707943737591,2.762822715146789,19210267.004299976,0.777351438999176,,,,,,,,,,,103.0,False,False
libero_10,3,2,0,2,124194,0,124194,5,80,put the black bowl in the bottom drawer of the cabinet and close it,-1,-1,none,-1,-1,-1,-1,4.0,0.0013666749000549,0.0059074442833662,0.0040280600078403,0.002151399385184,0.0007855404983274,0.0007559052901342,0.0072043407708406,0.2711673974990845,0.0003276645147707,0.0009261667728424,0.0005644709453918,0.0013500796630978,0.575067937374115,1.8027756214141848,13.238202095031738,1.47548508644104,6.020797252655029,60.20797348022461,0.0059108673594892,0.0105085037648677,0.0191600006073713,0.0054878178052604,0.0097961667925119,0.0170955304056406,0.0053930440917611,0.0095761492848396,0.0174524951726198,0.0074543206719681,0.007533838506788,0.0090453438460826,0.0092421127483248,0.0197330922819674,0.02060810290277,0.0076521029695868,0.0076736640185117,0.0082053320948034,0.0083047598600387,0.0069840657524764,0.0071465568616986,0.0069840657524764,0.0071465568616986,first,1.0,0.0,0.2706924676895141,-1.449439287185669,0.0,0.2706924676895141,3.0,0.2716186344623565,False,0.2711673974990845,0.0003276645147707,0.0009261667728424,0.0197330936789512,0.0005951807834208,0.0069840662181377,0.0001128205112763,129194,129197,96,16,0,False,False,0.0,0.0,0.0559200036041397,0.0453849957388043,2.6288158013136e-07,2.628815798377815e-07,0.0,0.0,0.0,0.0,69.0,8.0,69.0,0.3654960149148603,0.7135198603433364,0.1111111111111111,0.0654986903950864,0.0636875490041735,0.081873362993858,0.2565170349460146,1.3279636199338205,2.409112376009092,111.49158552191322,904.1128540039062,13.439459800720217,18.568577171047952,0.9130348713220208,1256.9930419921875,16.011852264404297,17.137474871857407,0.8585153996116229,0.0217582248151302,0.0058569037355482,0.0127565860748291,0.0033431258052587,0.0166775118559598,0.2706924676895141,0.2706924676895141,0.0776208782940704,0.1931494722327357,5.0,0.0577276699252743,0.137227249312342,0.0,5.796114016400898e-19,0.1931494722327357,True,211,14,success,167,True,False,False,-1,,akita_black_bowl_1,True,167,False,-1,False,0.0,1.0,136,94,0.1700847183727312,1.345941597162379,0.3846707943737591,2.762822715146789,19210267.004299976,0.7293075323104858,,,,,,,,,,,87.0,False,False
libero_10,3,2,0,2,124194,0,124194,6,96,put the black bowl in the bottom drawer of the cabinet and close it,-1,-1,none,-1,-1,-1,-1,4.0,0.0017167477635666,0.0076141501776874,0.0103519512340426,0.0029395194724202,0.0007646747981198,0.0009046503691934,0.0089900018647313,0.3180219233036041,0.0004468861152417,0.0012362897396087,0.0008455271017737,0.0015468893107026,0.9298058152198792,2.9474565982818604,39.05364990234375,1.916425466537476,3.9370038509368896,75.91565704345703,0.0060663637705147,0.010950512252748,0.0196252111345529,0.0055721779353916,0.0098476354032754,0.0197874698787927,0.0055105602368712,0.0098174316808581,0.0173429064452648,0.0075694499537348,0.0076732793822884,0.0092921967152506,0.0096328686922788,0.0210598753765225,0.0215795114636421,0.0073985311901196,0.0074795656837522,0.0076154570560902,0.0076702963560819,0.0071116179460659,0.0072863097302615,0.0071116179460659,0.0072863097302615,first,1.0,0.0,0.3178631067276001,-0.355384886264801,0.0,0.3178631067276001,1.0,0.3187058568000793,False,0.3180219233036041,0.0004468861152417,0.0012362897396087,0.0210598744451999,0.000386670930311,0.0071116178296506,0.0001292403321713,130194,130195,112,16,0,False,False,0.0,0.0,0.1680969434817898,0.0574227657457429,2.6288158013136e-07,2.628815798377815e-07,0.0,0.0,0.0,0.0,128.0,8.0,128.0,0.7687871318922198,0.8531007709308202,0.1111111111111111,0.1546037404424073,0.1429006846485056,0.1932546755530091,0.3619267497187174,1.7386211817612758,3.1179358548537843,35.0966887751405,1011.0178833007812,14.368556022644045,18.08321523229276,0.8971032891402707,1216.1251220703125,15.493144035339355,17.281021008742815,0.8564780616012969,0.0266025811433792,0.0061026415787637,0.0217154324054718,0.0237869378179311,0.0111603224650025,0.3178631067276001,0.3178631067276001,0.0796147586942129,0.2146896336383942,5.0,0.1400532850370547,0.0433308747956159,0.0,6.660063468706503e-19,0.2146896336383942,True,211,14,success,167,True,False,False,-1,,akita_black_bowl_1,True,167,False,-1,False,0.0,1.0,136,94,0.1700847183727312,1.345941597162379,0.3846707943737591,2.762822715146789,19210267.004299976,0.6821368932723999,,,,,,,,,,,71.0,False,False
libero_10,3,2,0,2,124194,0,124194,7,112,put the black bowl in the bottom drawer of the cabinet and close it,-1,-1,none,-1,-1,-1,-1,4.0,0.001002631150186,0.0031702287960797,0.0037428219802677,0.0016411409014835,0.0004908702685497,0.0006223844829946,0.0050990427844226,0.3764194846153259,0.0004089459835086,0.0010764300823211,0.0006376742385327,0.0013997961068525,0.6676202416419983,2.1650636196136475,23.313085556030277,1.108433723449707,3.082206964492798,65.32418823242188,0.0056810998357832,0.0100711956620216,0.0193711556494236,0.0055230888538062,0.0098419785499572,0.0163462627679109,0.0053845192305743,0.0096039222553372,0.0166903119534254,0.0075915354536846,0.0076215234585106,0.0095653189346194,0.0099106281995773,0.0205832654610276,0.0214626677334308,0.0074585841502994,0.0075247562490403,0.0077905937796458,0.0079243220388889,0.0068626273423433,0.0071641965769231,0.0068626273423433,0.0071641965769231,first,1.0,0.0,0.3764302134513855,0.0262353383004665,0.0,0.3764302134513855,1.0,0.3770762383937835,False,0.3764194846153259,0.0004089459835086,0.0010764300823211,0.020583264529705,0.0006923008477315,0.0068626273423433,0.0001807244407245,131194,131195,128,16,0,False,False,0.0,0.0,0.1700847183727312,0.0576696959794693,2.6288158013136e-07,2.628815798377815e-07,0.0,0.0,0.0,0.0,128.0,8.0,128.0,0.6091163438993934,0.6983630280590276,0.0666666666666666,0.1263801119136955,0.1159472282333499,0.1579751398921193,0.2625715021648646,1.32318215477683,3.5976942472677007,36.210036701900655,1336.2156982421875,16.447843551635742,16.872037912051233,0.8590522595282898,1277.1689453125,15.750823974609377,17.06832010852825,0.8484736251012286,0.0212809704244136,0.0053566098213195,0.0149302780628204,0.0177404228597879,0.0114286569878458,0.3764302134513855,0.3764302134513855,0.4436032427240924,2.006775885852118,5.0,0.1216103644820753,0.0896299632862688,0.0,8.156181754683077e-19,2.006775885852118,True,211,14,success,167,True,False,False,-1,,akita_black_bowl_1,True,167,False,-1,False,0.0,1.0,136,94,0.1700847183727312,1.345941597162379,0.3846707943737591,2.762822715146789,19210267.004299976,0.6235697865486145,,,,,,,,,,,55.0,False,False
libero_10,3,2,0,2,124194,0,124194,8,128,put the black bowl in the bottom drawer of the cabinet and close it,-1,-1,none,-1,-1,-1,-1,4.0,0.0022823943290859,0.0145636731758713,0.0094364797696471,0.0044071394950151,0.0006367348833009,0.0008451374014839,0.0134085044264793,0.3930807709693908,0.0030043851584196,0.007496953010559,0.0008639674051664,0.0018694341415539,1.2967897653579712,4.636809349060059,58.687198638916016,4.063645362854004,16.324827194213867,78.11969757080078,0.0065925177186727,0.0126438625156879,0.0246431119740009,0.0055894223041832,0.009995387867093,0.0172865241765975,0.0079749571159482,0.0131507478654384,0.0216989573091268,0.0079703340306878,0.0079860836267471,0.0108937008772045,0.0113708898425102,0.0209613996557891,0.0221721120178699,0.0077564074890688,0.007822073996067,0.008214043918997,0.0083567602559924,0.0072550271870568,0.0073417602106928,0.0072550271870568,0.0073417602106928,first,1.0,0.0,0.397504448890686,1.4724071025848389,0.0,0.397504448890686,0.0,0.397504448890686,True,0.3930807709693908,0.0030043851584196,0.007496953010559,0.0209614001214504,0.0008990718051791,0.0072550270706415,7.125399861251935e-05,132194,132194,144,16,0,False,False,0.5,0.5,0.1250360711914397,0.0566714726796923,2.6288158013136e-07,2.628815798377815e-07,0.0,0.0,0.0,0.0,106.0,8.0,106.0,0.5582707241128585,0.6174948574153336,0.1,0.1114217926683233,0.109673937392452,0.1392772408354042,0.1725168087779798,2.566010303400976,4.986555466746852,146.4835367039814,2012.7261962890625,20.5911865234375,15.092956617510149,0.7934602173194151,1679.7139892578125,21.26320075988769,15.878450216787003,0.8183031894026309,0.1349134743213653,0.0318333469331264,0.0934389233589172,0.036678023636341,0.0305946413427591,0.397504448890686,0.397504448890686,0.4296837646841774,2.00504461862395,5.0,0.1076187461069676,0.0357554586899692,0.0,1.4388524523845337e-18,2.00504461862395,True,211,14,success,167,True,False,False,-1,,akita_black_bowl_1,True,167,False,-1,False,0.0,1.0,136,94,0.1700847183727312,1.345941597162379,0.3846707943737591,2.762822715146789,19210267.004299976,0.602495551109314,,,,,,,,,,,39.0,False,False
libero_10,3,2,0,2,124194,0,124194,9,144,put the black bowl in the bottom drawer of the cabinet and close it,-1,-1,none,-1,-1,-1,-1,4.0,0.0174361001700162,0.8614038825035095,0.0124216945841908,0.018234983086586,0.0037172420416027,0.0561960190534591,0.1134582534432411,0.5371887683868408,0.001375060994178,0.0035843253135681,0.0039302879013121,0.0122235845774412,1.7238892316818235,5.958187580108643,76.36221313476562,5.3001556396484375,27.24188232421875,89.78167724609375,0.0229378473013639,0.0468529388308525,0.8783146739006042,0.007308495696634,0.0152346678078174,0.0260178055614233,0.0060075684450566,0.0106160277500748,0.0173815079033374,0.0089076731819659,0.008999602869153,0.0152059197425842,0.0177212208509445,0.0231348909437656,0.0244434382766485,0.0079704863019287,0.0080729303881526,0.008807401638478,0.009044524282217,0.0069812617730349,0.0070320460945367,0.0069812617730349,0.0070320460945367,first,1.0,0.0,0.5348630547523499,-1.6913530826568604,0.0,0.5348630547523499,2.0,0.538447380065918,False,0.5371887683868408,0.001375060994178,0.0035843253135681,0.0231348909437656,0.0009956082794815,0.0069812620058655,4.057343176100403e-05,133194,133196,160,16,0,False,False,0.5,0.0,0.0330820309651117,0.0561750088952189,2.6288158013136e-07,2.628815798377815e-07,0.0,0.0,0.0,0.0,33.0,7.0,33.0,0.5093729270992482,0.9137426606540764,0.0777777777777777,0.0742412509399457,0.0381984958142755,0.0928015636749322,0.4777278017392622,4.418979747057744,7.5103022545780656,946.1962219299106,1609.215087890625,18.16768264770508,16.064662650342324,0.8341346184005792,1321.1898193359375,15.859654426574709,16.92115142369317,0.8620619103772988,0.032654546201229,0.0082645202055573,0.0233829319477081,0.018802436068654,0.024974837899208,0.5348630547523499,0.5348630547523499,0.0875528569470933,0.2540663814477836,5.0,0.0100037223385182,0.1736941809491647,0.0,1.1836529772257872e-18,0.2540663814477836,True,211,14,success,167,True,False,False,-1,,akita_black_bowl_1,True,167,False,-1,False,0.0,1.0,136,94,0.1700847183727312,1.345941597162379,0.3846707943737591,2.762822715146789,19210267.004299976,0.4651369452476501,,,,,,,,,,,23.0,False,False
libero_10,3,2,0,2,124194,0,124194,10,160,put the black bowl in the bottom drawer of the cabinet and close it,-1,-1,none,-1,-1,-1,-1,4.0,0.0015389743493869,0.0072861220687627,0.006447815336287,0.0025359075516462,0.0008515052613802,0.0006105802603997,0.0079262154176831,0.6357348561286926,0.0008355057798326,0.002324640750885,0.000909270485863,0.0012863593874499,0.8212764263153076,2.586019992828369,34.03307342529297,1.1295021772384644,2.1650636196136475,66.68958282470703,0.0061062574386596,0.010897384956479,0.0191766954958438,0.0054882862605154,0.009778025560081,0.0165258962661027,0.0056980615481734,0.0100904162973165,0.0204360261559486,0.0078287426149472,0.0078774988651275,0.0098997843451797,0.0103992456570267,0.0210727648809552,0.021679488942027,0.0073809694731608,0.0074677029624581,0.0076739899814128,0.0077547114342451,0.0072723646881058,0.0073801795952022,0.0072723646881058,0.0073801795952022,first,1.0,0.0,0.6354838609695435,-0.3004110455513,0.0,0.6354838609695435,3.0,0.6370132565498352,False,0.6357348561286926,0.0008355057798326,0.002324640750885,0.0210727658122777,0.0004409199464134,0.0072723645716905,6.309856689767912e-05,134194,134197,176,16,0,False,False,0.5,0.0,0.0265551446145302,0.1053369221913998,2.6288158013136e-07,2.628815798377815e-07,1.0,0.0,0.0,0.0,0.0,0.0,0.0,0.7971112755419845,0.8993629972956312,0.0666666666666666,0.1559169508014139,0.1443596876559454,0.1948961885017674,0.4156631753840131,3.200500608797089,8.551804810584605,134.2840426752143,1118.3206787109375,14.62576389312744,17.64514005416784,0.8892592046759047,896.3751831054688,9.667091369628906,18.60590536643383,0.9000478423181781,0.0216060765087604,0.0050777932628989,0.0182757228612899,0.0092090852558612,0.0192716401070356,0.6354838609695435,0.6354838609695435,0.0479646235298588,0.2398218869976885,5.0,4.542616356624538e-07,7.763899702604509e-07,0.0,9.7648690797049e-19,0.2398218869976885,True,211,14,success,167,True,False,False,-1,,akita_black_bowl_1,True,167,False,-1,False,0.0,1.0,136,94,0.1700847183727312,1.345941597162379,0.3846707943737591,2.762822715146789,19210267.004299976,0.3645161390304565,,,,,,,,,,,7.0,False,False
libero_10,3,2,0,2,124194,0,124194,11,176,put the black bowl in the bottom drawer of the cabinet and close it,-1,-1,none,-1,-1,-1,-1,4.0,0.0022438049782067,0.0102963922545313,0.0102874729782342,0.0038473976310342,0.0011569949565455,0.0006934574339538,0.0116756157949566,0.7557966709136963,0.0007714997045695,0.0021666288375854,0.0005113401566632,0.0009734905906952,0.8629372715950012,2.9474565982818604,38.83538818359375,0.724896252155304,1.5811388492584229,36.56842803955078,0.0065302890725433,0.0118948593735694,0.0222393162548542,0.0054826578125357,0.0097640203312039,0.0172089226543903,0.0057746246457099,0.0103307841345667,0.0191499982029199,0.0079351449385285,0.0079693580046296,0.0104254779871553,0.0108553227037191,0.02212316961959,0.0230545718222856,0.0076529261423274,0.0077848583459854,0.0082522984594106,0.008456839248538,0.0074127475963905,0.0075989244505763,0.0074127475963905,0.0075989244505763,first,1.0,0.0,0.754685640335083,-1.4400920867919922,0.0,0.754685640335083,2.0,0.7568522691726685,False,0.7557966709136963,0.0007714997045695,0.0021666288375854,0.0221231691539287,0.0006667078123427,0.0074127479456365,0.0001661260175751,135194,135196,192,16,0,False,False,0.5,0.0,0.0265551457690533,0.1039421914019578,2.6288158013136e-07,2.628815798377815e-07,1.0,0.0,0.0,0.0,3.0,2.0,0.0,0.6934101074141783,0.7905385914890517,0.0111111111111111,0.1221083063840662,0.0995861300955603,0.1526353829800827,0.4683845103457686,4.893580373686802,34.881504409880904,1465.1670816080682,1309.114990234375,16.062454223632812,16.96102565019297,0.8738748833284578,486.048095703125,6.578390598297119,21.26401114928681,0.938179773380597,0.0290748532861471,0.0085886055603623,0.0168710649013519,0.0197295788675546,0.0121679073199629,0.754685640335083,0.754685640335083,0.0448364198770971,0.2151067380731058,5.0,0.0076642903773983,0.0014110709349815,0.0,1.0482059483736957e-18,0.2151067380731058,True,211,14,success,167,True,False,False,-1,,akita_black_bowl_1,True,167,False,-1,False,0.0,1.0,136,94,0.1700847183727312,1.345941597162379,0.3846707943737591,2.762822715146789,19210267.004299976,0.245314359664917,,,,,,,,,,,-9.0,False,False
libero_10,3,2,0,2,124194,0,124194,12,192,put the black bowl in the bottom drawer of the cabinet and close it,-1,-1,none,-1,-1,-1,-1,4.0,0.0012759825913235,0.0076161813922226,0.0049640540964901,0.0019795158877968,0.0007850786205381,0.0006380940321832,0.0064759347587823,0.9075905084609984,0.0005375028704293,0.0013909935951232,0.0007377748843282,0.0017922497354447,0.5449175238609314,1.6393595933914185,18.2534236907959,0.4557189345359802,1.0,20.535030364990234,0.0059724356979131,0.0107525577768683,0.0204131379723548,0.0055350880138576,0.0098260743543505,0.0178873054683208,0.0058178817853331,0.0103216925635933,0.0208225212991237,0.0078607106115669,0.0079204868525266,0.0105477198958396,0.0109849004074931,0.0209197495132684,0.0218186508864164,0.0076444804435595,0.0077018672600388,0.008123678388074,0.0083363037556409,0.0074603209504857,0.0076202135533094,0.0074603209504857,0.0076202135533094,first,1.0,0.0,0.9079278707504272,0.6276473999023438,0.0,0.9079278707504272,1.0,0.9082514643669128,False,0.9075905084609984,0.0005375028704293,0.0013909935951232,0.0209197513759136,0.0006034491234458,0.0074603208340704,0.0001079685025615,136194,136195,208,16,0,False,False,0.5,0.0,0.0264883513652828,0.1047102649902758,2.6288158013136e-07,2.628815798377815e-07,1.0,0.0,0.0,0.0,16.0,1.0,0.0,0.7568571374804922,0.7904312343067321,0.0777777777777777,0.1239266547180983,0.1238584174616997,0.1549083183976228,0.0625928243562682,0.6479776317403315,1.7095195749780183,9.129552979718175,1618.0296630859375,17.67512321472168,16.040938816655434,0.8407990811734115,393.2263488769531,5.734540939331055,22.18437750007734,0.9520042833209952,0.194622665643692,0.0290983412414789,0.1923896670341491,0.0173305366188287,0.0198924820870161,0.9079278707504272,0.9079278707504272,0.0645968128921037,0.1956029924749491,5.0,0.126715697758612,0.0006653742269575,0.0,6.319765296503921e-19,0.1956029924749491,True,211,14,success,167,True,False,False,-1,,akita_black_bowl_1,True,167,False,-1,False,0.0,1.0,136,94,0.1700847183727312,1.345941597162379,0.3846707943737591,2.762822715146789,19210267.004299976,0.0920721292495727,,,,,,,,,,,-25.0,False,False
libero_10,3,2,0,2,124194,0,124194,13,208,put the black bowl in the bottom drawer of the cabinet and close it,-1,-1,none,-1,-1,-1,-1,4.0,0.0024360488168895,0.0102926716208457,0.0096045993268489,0.0043415399268269,0.0010784933110699,0.0007922410150058,0.0135371955111622,1.0,0.0,0.0,0.0007512469310313,0.0015610336558893,0.5540496110916138,1.6393595933914185,18.45772171020508,0.3575379252433777,0.829156219959259,15.022899627685549,0.006744778715074,0.0122680319473147,0.0206853039562702,0.0055699869990348,0.0099482182413339,0.0168395191431045,0.0058823837898671,0.010455840267241,0.0193717703223228,0.0083275244105607,0.0083776582032442,0.0130196681711822,0.0140997162088751,0.022100122179836,0.0225555710494518,0.0080154596362262,0.0083346329629421,0.0091948013287037,0.0093538453802466,0.0076868081232532,0.0077950642444193,0.0076868081232532,0.0077950642444193,first,1.0,0.0,1.0,0.0,0.0,1.0,0.0,1.0,True,1.0,0.0,0.0,0.0221001207828521,0.0004329133662395,0.0076868082396686,7.228734466480091e-05,137194,137194,211,3,0,False,True,1.0,0.5,0.026459724354662,0.1065550365878858,2.6288158013136e-07,2.628815798377815e-07,1.0,0.0,0.0,0.0,3.0,1.0,0.0,0.7391091931154237,0.7404256105914145,0.0,0.0150121262437837,0.0144217930596064,0.1000808416252252,1.5989699358592513,3.627714000171505,3.627714000171505,0.2217215805696702,1419.041259765625,16.886686325073242,16.610853377655946,0.8620633757970578,361.5640563964844,6.602412700653076,22.548951107585907,0.956146010845428,0.1339592784643173,0.0329113416373729,0.0949273705482482,0.0223462861031293,0.0884217694401741,0.0,1.0,0.0106797763895101,0.028928393120466,5.0,0.0146281930301321,0.0098422957969523,0.0,1.4341571202107505e-19,0.028928393120466,True,211,14,success,167,True,False,False,-1,,akita_black_bowl_1,True,167,False,-1,False,0.0,1.0,136,94,0.1700847183727312,1.345941597162379,0.3846707943737591,2.762822715146789,19210267.004299976,0.0,,,,,,,,,,,-41.0,False,False
libero_10,3,3,0,3,124291,0,124291,0,0,put the black bowl in the bottom drawer of the cabinet and close it,-1,-1,none,-1,-1,-1,-1,4.0,0.0032386560924351,0.0196725334972143,0.0046409117057919,0.0056126243434846,0.0016223406419157,0.00096569879679,0.0192465353757143,0.0717490389943122,0.0002380764490226,0.0005773603916168,0.0013564274413511,0.0034869625233113,0.8027831315994263,2.384848117828369,62.41193771362305,2.417254686355591,9.92471694946289,77.39832305908203,0.0078603066504001,0.0171433184295892,0.0339994728565216,0.005733364727348,0.01010746601969,0.018209857866168,0.0059413281269371,0.0104811759665608,0.017945172265172,0.0076583541231229,0.0077429870143532,0.0096644121222198,0.0098211215808987,0.0202218741178512,0.0207642912864685,0.0073653750587254,0.0074372044764459,0.0076583457412198,0.0078861955553293,0.0076161993201822,0.0077747241593897,0.0076161993201822,0.0077747241593897,first,1.0,0.0,0.0714724063873291,-1.1619486808776855,0.0,0.0714724063873291,3.0,0.0720497667789459,False,0.0717490389943122,0.0002380764490226,0.0005773603916168,0.0202218741178512,0.0006202530348673,0.0076161990873515,0.0001303128374274,124291,124294,16,16,0,False,False,0.0,0.0,2.786076397365278e-07,0.3465291080576986,2.6288158013136e-07,2.628815798377815e-07,0.0,0.0,0.0,0.0,0.0,0.0,0.0,0.2984671851913039,0.6744352443487931,0.0888888888888888,0.0448606739753574,0.0433648755343017,0.0560758424691967,0.2165479596602516,1.3806988789128,3.2819922671592017,295.7996907115669,1089.9912109375,14.32408618927002,17.756573648141988,0.888587024672232,1635.5948486328125,17.035367965698242,15.99404626810182,0.8122128792753033,0.0179737340658903,0.0051394840702414,0.0096269845962524,0.0134900519624352,0.0113674756139516,0.0714724063873291,0.0714724063873291,0.0234400250030546,0.1171995442542028,5.0,2.934624683612794e-07,5.883756820753413e-09,2.769311645296996e-07,4.483680535135265e-09,0.1171995442542028,True,208,13,success,165,True,False,False,-1,,akita_black_bowl_1,True,165,False,-1,False,0.0,1.0,136,94,0.170339727095804,1.3263540260975637,0.3980380558718503,2.4708900594238616,14303665.787511764,0.9285275936126708,,,,,,,,,,,165.0,False,False
libero_10,3,3,0,3,124291,0,124291,1,16,put the black bowl in the bottom drawer of the cabinet and close it,-1,-1,none,-1,-1,-1,-1,4.0,0.0016177756479009,0.0092316064983606,0.0071684126742184,0.0029513966292142,0.0005636203568428,0.0007793795666657,0.008786205202341,0.0984402075409889,0.0005246540531516,0.0013248622417449,0.0006822064169682,0.0011623562313616,0.5940753817558289,1.785357117652893,21.2529411315918,0.8940473198890686,3.3447721004486084,36.311153411865234,0.0061278250068426,0.0110282730311155,0.0228443648666143,0.0055726054124534,0.0098401140421628,0.0182425323873758,0.0059301792643964,0.0105476472526788,0.0199274029582738,0.0077434264821931,0.0077987196855247,0.0093828639946877,0.0096269799396395,0.0213826578110456,0.0216231327503919,0.0073572437977418,0.0074290549382567,0.0077422701288014,0.0079463506117463,0.0075672902166843,0.0076301614753901,0.0075672902166843,0.0076301614753901,first,1.0,0.0,0.0975903570652008,-1.6198302507400513,0.0,0.0975903570652008,3.0,0.0989152193069458,False,0.0984402075409889,0.0005246540531516,0.0013248622417449,0.0213826578110456,0.0003573099675122,0.0075672902166843,7.250188355101272e-05,125291,125294,32,16,0,False,False,0.0,0.0,2.786076397365278e-07,0.2453302727782789,2.6288158013136e-07,2.628815798377815e-07,0.0,0.0,0.0,0.0,0.0,0.0,0.0,0.6665414526183229,0.7201335328819182,0.0777777777777777,0.1309413269568221,0.1292850514312764,0.1636766586960276,0.1612405372122441,1.1012902221211092,2.5179213162836,21.471869899107883,1041.619384765625,14.428092956542969,17.9537130725285,0.8899606164228522,1584.657470703125,17.356246948242188,16.131449584527587,0.8282481337739217,0.0315846838057041,0.0067965080961585,0.0264775156974792,0.0153380604460835,0.0275717042386531,0.0975903570652008,0.0975903570652008,0.0733786387025444,0.3668931935127223,5.0,0.0,3.715493493738177e-17,0.0,1.8461384704257358e-17,0.3668931935127223,True,208,13,success,165,True,False,False,-1,,akita_black_bowl_1,True,165,False,-1,False,0.0,1.0,136,94,0.170339727095804,1.3263540260975637,0.3980380558718503,2.4708900594238616,14303665.787511764,0.9024096429347992,,,,,,,,,,,149.0,False,False
libero_10,3,3,0,3,124291,0,124291,2,32,put the black bowl in the bottom drawer of the cabinet and close it,-1,-1,none,-1,-1,-1,-1,4.0,0.0014303615316748,0.0057970639318227,0.0058992742560803,0.0024268489796668,0.0006832841900177,0.0006821319693699,0.0075735277496278,0.1136154234409332,0.0005184790934436,0.0013010799884796,0.000536938838195,0.0010291540529578,0.6234140992164612,1.8708287477493288,19.51922035217285,1.180958271026611,3.766629695892334,58.5555305480957,0.0059752948582172,0.0106584997847676,0.0213297270238399,0.0054841479286551,0.0097777433693408,0.0161272529512643,0.0057738907635211,0.010247791185975,0.0168167036026716,0.0077498565660789,0.0078425100073218,0.0095786943566054,0.0097851026803255,0.020551489200443,0.0211891923099756,0.0073237271280959,0.0074161044321954,0.0076259390916675,0.0078482590615749,0.007294830167666,0.0075008757412433,0.007294830167666,0.0075008757412433,first,1.0,0.0,0.1139134764671325,0.5748602747917175,0.0,0.1139134764671325,2.0,0.1143022775650024,False,0.1136154234409332,0.0005184790934436,0.0013010799884796,0.0205514896661043,0.0006534365820698,0.0072948304004967,0.0001338517467956,126291,126293,48,16,0,False,False,0.0,0.0,2.786076397365278e-07,0.1899553902391061,2.6288158013136e-07,2.628815798377815e-07,0.0,0.0,0.0,0.0,0.0,0.0,0.0,0.4523680475228575,0.5137483175801081,0.0333333333333333,0.066633165809506,0.0609170298522045,0.0832914572618826,0.2106539908385422,1.9920221223990584,8.221442396958507,381.5954746068665,1202.545654296875,15.559032440185549,17.329787876450492,0.8792075831211004,963.5721435546876,12.782219886779783,18.29196124621882,0.8844766881515548,0.0146498763933777,0.0035590960178524,0.0114936530590057,0.0124524822458624,0.0076922746375203,0.1139134764671325,0.1139134764671325,0.4017389759019926,2.008694879509963,5.0,0.0,3.449587824820972e-19,0.0,1.0007248029118792e-19,2.008694879509963,True,208,13,success,165,True,False,False,-1,,akita_black_bowl_1,True,165,False,-1,False,0.0,1.0,136,94,0.170339727095804,1.3263540260975637,0.3980380558718503,2.4708900594238616,14303665.787511764,0.8860865235328674,,,,,,,,,,,133.0,False,False
libero_10,3,3,0,3,124291,0,124291,3,48,put the black bowl in the bottom drawer of the cabinet and close it,-1,-1,none,-1,-1,-1,-1,4.0,0.0016438484890386,0.0053179203532636,0.0075152176432311,0.0026158986147493,0.0009525856003165,0.000801486778073,0.0088159590959548,0.1528114378452301,0.0003966839576605,0.0010092854499816,0.0005066273733973,0.0010141504462808,0.8613916039466858,2.586019992828369,37.3430061340332,2.62988543510437,11.627016067504885,65.19393920898438,0.0061659389175474,0.0111056258901953,0.0237740762531757,0.0055263633839786,0.0097880801185965,0.0199093744158744,0.0055582206696271,0.0099350316449999,0.0171256121248006,0.007536185439676,0.0076198801398277,0.0093491626903414,0.0098628541454672,0.0206880685873329,0.0218301322311162,0.0073438425315544,0.0074357176199555,0.0076798078371211,0.0078241787850856,0.0071450270479545,0.007308354601264,0.0071450270479545,0.007308354601264,first,1.0,0.0,0.1526887118816375,-0.3093796968460083,0.0,0.1526887118816375,3.0,0.1534861028194427,False,0.1528114378452301,0.0003966839576605,0.0010092854499816,0.0206880681216716,0.00091781350784,0.0071450271643698,0.0001282419689232,127291,127294,64,16,0,False,False,0.0,0.0,2.786076397365278e-07,0.0992442734081376,2.6288158013136e-07,2.628815798377815e-07,0.0,0.0,0.0,0.0,0.0,0.0,0.0,0.4498468178560457,0.4926513458051668,0.0777777777777777,0.0984662457329685,0.0972482309201297,0.1230828071662106,0.112090552049676,1.4352272715636236,7.068458442069304,108.21692981211672,1136.1043701171875,15.537960052490234,17.576621304754198,0.89029693507397,1120.468505859375,14.361261367797852,17.636807069791693,0.8838561361746754,0.0144131034612655,0.0041422080248594,0.0089042782783508,0.0101491101086139,0.0098754558712244,0.1526887118816375,0.1526887118816375,0.4012670011355054,2.0063350056775278,5.0,0.0,1.6228870543623373e-18,0.0,4.066423744934013e-19,2.0063350056775278,True,208,13,success,165,True,False,False,-1,,akita_black_bowl_1,True,165,False,-1,False,0.0,1.0,136,94,0.170339727095804,1.3263540260975637,0.3980380558718503,2.4708900594238616,14303665.787511764,0.8473112881183624,,,,,,,,,,,117.0,False,False
libero_10,3,3,0,3,124291,0,124291,4,64,put the black bowl in the bottom drawer of the cabinet and close it,-1,-1,none,-1,-1,-1,-1,4.0,0.0012151786359027,0.0040508289821445,0.0042523825541138,0.0020460467785596,0.0004472955188248,0.0010262236464768,0.0064471717923879,0.2173685431480407,0.0004164378333371,0.0010399222373962,0.0019779365975409,0.0087760211899876,0.5384198427200317,1.5,9.604686737060549,1.3889304399490356,7.5,37.69200897216797,0.00579216144979,0.0102627333253622,0.0207744445651769,0.0062894248403608,0.0120503669604659,0.021103223785758,0.0055873533710837,0.0099025536328554,0.0179080329835414,0.0076997524593025,0.0077693783678114,0.0124275567941367,0.0133792404085397,0.0196360517293214,0.0205869376659393,0.0075578225078061,0.0078079691156744,0.0081606432795524,0.0085169291123747,0.0070993619738146,0.0073547665961086,0.0070993619738146,0.0073547665961086,first,1.0,0.0,0.2177214920520782,0.8475428223609924,0.0,0.2177214920520782,0.0,0.2177214920520782,True,0.2173685431480407,0.0004164378333371,0.0010399222373962,0.0196360517293214,0.0006163947982713,0.0070993616245687,0.0001623904681764,128291,128291,80,16,0,False,False,0.0,0.0,2.786076397365278e-07,0.0459180697223865,2.6288158013136e-07,2.628815798377815e-07,0.0,0.0,0.0,0.0,0.0,0.0,0.0,0.2597344255014042,0.3674542308588469,0.1,0.0570013522026468,0.0563648265588368,0.0712516902533085,0.1464375767367516,1.1149452432569056,2.1270423080502816,107.4709285292762,1050.980712890625,14.881769180297852,17.91485614736939,0.9014221460032674,1024.8392333984375,13.305896759033203,18.024246179385614,0.8816644813433655,0.0405613258481025,0.0124583328142762,0.0195592939853668,0.0190629847347736,0.028222044929862,0.2177214920520782,0.2177214920520782,0.0164729928044113,0.0823649640220569,5.0,0.0,2.303869825194865e-18,0.0,4.855739801988108e-19,0.0823649640220569,True,208,13,success,165,True,False,False,-1,,akita_black_bowl_1,True,165,False,-1,False,0.0,1.0,136,94,0.170339727095804,1.3263540260975637,0.3980380558718503,2.4708900594238616,14303665.787511764,0.7822785079479218,,,,,,,,,,,101.0,False,False
libero_10,3,3,0,3,124291,0,124291,5,80,put the black bowl in the bottom drawer of the cabinet and close it,-1,-1,none,-1,-1,-1,-1,4.0,0.0012775326613336,0.0070679793134331,0.0033863822463899,0.0018863604636862,0.0007779116858728,0.0009499121224507,0.0066297631710767,0.2728266716003418,0.0006846499745734,0.0017646253108978,0.0009423741721548,0.0020066366996616,0.5898459553718567,1.8708287477493288,17.426631927490234,1.3448827266693115,5.678908348083496,51.59941864013672,0.0059134936891496,0.0105248009786009,0.0212634280323982,0.0056292568333446,0.0099678831174969,0.0192059464752674,0.0055303666740655,0.009867375716567,0.0172555167227983,0.0074766873149201,0.0075523150153458,0.0092733744531869,0.0094972345978021,0.019257899839431,0.0195400640368461,0.0077650209423154,0.0078266030177474,0.0081236506812274,0.0082688862457871,0.0070412355707958,0.0071879336610436,0.0070412355707958,0.0071879336610436,first,1.0,0.0,0.2734403908252716,0.8963985443115234,0.0,0.2734403908252716,0.0,0.2734403908252716,True,0.2728266716003418,0.0006846499745734,0.0017646253108978,0.0192579012364149,0.0002882159024011,0.0070412354543805,0.0001159436651505,129291,129291,96,16,0,False,False,0.0,0.0,0.0570764954761886,0.0457426859132234,2.6288158013136e-07,2.628815798377815e-07,0.0,0.0,0.0,0.0,67.0,7.0,67.0,0.3699589990962427,0.7334697989866714,0.0555555555555555,0.0655090403352772,0.063397782001201,0.0818863004190965,0.2649116025048676,1.4080860191924878,2.605428512075001,131.76293319779538,927.2384033203124,13.636140823364258,18.45888950418075,0.9107761757177968,1177.2191162109375,15.21873664855957,17.422230551148882,0.869121679997275,0.0193212237209081,0.0051898350939154,0.0098709762096405,0.009300666861236,0.0129893841221928,0.2734403908252716,0.2734403908252716,0.0784545881453713,0.1948308675783706,5.0,0.0584700426596385,0.1389720304888474,0.0,1.2009316913740348e-18,0.1948308675783706,True,208,13,success,165,True,False,False,-1,,akita_black_bowl_1,True,165,False,-1,False,0.0,1.0,136,94,0.170339727095804,1.3263540260975637,0.3980380558718503,2.4708900594238616,14303665.787511764,0.7265596091747284,,,,,,,,,,,85.0,False,False
libero_10,3,3,0,3,124291,0,124291,6,96,put the black bowl in the bottom drawer of the cabinet and close it,-1,-1,none,-1,-1,-1,-1,4.0,0.0018300587544217,0.0085400631651282,0.0101116895675659,0.0033066337928175,0.0006890787626616,0.0008232736727222,0.0102622397243976,0.3210108876228332,0.0001170132381957,0.0002590715885162,0.0008087491150945,0.0013956654584035,1.1066919565200806,3.741657495498657,55.80490493774414,2.29871678352356,4.815340042114258,81.06787109375,0.006204986013472,0.0112910773605108,0.0204613432288169,0.0055953324772417,0.0099140256643295,0.0189432427287101,0.0053609129972755,0.0095599424093961,0.0160709600895643,0.0076126185012981,0.0076801367104053,0.0095544750802218,0.0096910540014505,0.0206847158260643,0.0214197598397731,0.0074129032436758,0.0075032520107924,0.0076421630801633,0.0078549748286604,0.0069655783008784,0.0071273357607424,0.0069655783008784,0.0071273357607424,first,1.0,0.0,0.3208959698677063,-0.9820919036865234,0.0,0.3208959698677063,3.0,0.3211541771888733,False,0.3210108876228332,0.0001170132381957,0.0002590715885162,0.020684715360403,0.0007535500335507,0.0069655780680477,0.0001316439447691,130291,130294,112,16,0,False,False,0.0,0.0,0.1691842145605333,0.0550212160907295,2.6288158013136e-07,2.628815798377815e-07,0.0,0.0,0.0,0.0,112.0,7.0,112.0,0.7804344868866454,0.8735057097523147,0.1333333333333333,0.1575478564599349,0.1457070608870995,0.1969348205749187,0.3679091223162131,1.7442417216817463,3.5985620015472426,35.450779333834895,990.3754272460938,14.28564167022705,18.172805045794057,0.8987763049614748,1175.9808349609375,15.382500648498535,17.426801167966104,0.8623180476999748,0.0260968282818794,0.0059440187178552,0.0214126706123352,0.0225678272545337,0.011910437606275,0.3208959698677063,0.3208959698677063,0.0810092232119531,0.218811874191964,5.0,0.1426549292428107,0.0435793126249908,0.0,1.2979794480627817e-18,0.218811874191964,True,208,13,success,165,True,False,False,-1,,akita_black_bowl_1,True,165,False,-1,False,0.0,1.0,136,94,0.170339727095804,1.3263540260975637,0.3980380558718503,2.4708900594238616,14303665.787511764,0.6791040301322937,,,,,,,,,,,69.0,False,False
libero_10,3,3,0,3,124291,0,124291,7,112,put the black bowl in the bottom drawer of the cabinet and close it,-1,-1,none,-1,-1,-1,-1,4.0,0.0010252550709992,0.0031679118983447,0.0022625662386417,0.0015486112097278,0.0005619388539344,0.0008451356552541,0.0049871574155986,0.3795332610607147,0.0002531566715333,0.0006848573684692,0.0005379356443881,0.0010012933053076,0.559787929058075,1.658312439918518,19.442222595214844,0.7127051949501038,2.4874684810638428,16.299922943115234,0.0057324720546603,0.0102312508970499,0.0189405363053083,0.0055225011892616,0.0098376367241144,0.0169576443731784,0.0053644538857042,0.0095556564629077,0.0188653413206338,0.0075740956235677,0.0076817381195724,0.0091558271087706,0.009346037171781,0.0203867796808481,0.0207435581833124,0.0074736904352903,0.0075682126916944,0.007896153954789,0.0080286459997296,0.0069038716610521,0.0069456808269023,0.0069038716610521,0.0069456808269023,first,1.0,0.0,0.3792323470115661,-1.1886475086212158,0.0,0.3792323470115661,1.0,0.3799172043800354,False,0.3795332610607147,0.0002531566715333,0.0006848573684692,0.0203867796808481,0.0004259651177562,0.0069038714282214,3.800880222115666e-05,131291,131292,128,16,0,False,False,0.0,0.0,0.170339727095804,0.055272771425933,2.6288158013136e-07,2.628815798377815e-07,0.0,0.0,0.0,0.0,112.0,7.0,112.0,0.5835991662251686,0.6590405865753385,0.0222222222222222,0.1221359617536432,0.1121414084093413,0.1526699521920541,0.2459771353660076,1.2409520013821855,2.189976717980536,28.810810677221056,1367.6295166015625,16.736295700073242,16.77111895564901,0.8563128019673414,1155.3790283203125,14.780738830566406,17.5035588061857,0.8619105667928831,0.0241192076355218,0.0065667927265167,0.0166992843151092,0.0187590979039669,0.0146767674013972,0.3792323470115661,0.3792323470115661,0.441304070347408,2.006414708394388,5.0,0.1172451512300444,0.0828604921126077,0.0,1.3137013745889392e-18,2.006414708394388,True,208,13,success,165,True,False,False,-1,,akita_black_bowl_1,True,165,False,-1,False,0.0,1.0,136,94,0.170339727095804,1.3263540260975637,0.3980380558718503,2.4708900594238616,14303665.787511764,0.6207676529884338,,,,,,,,,,,53.0,False,False
libero_10,3,3,0,3,124291,0,124291,8,128,put the black bowl in the bottom drawer of the cabinet and close it,-1,-1,none,-1,-1,-1,-1,4.0,0.002109452849254,0.0099716987460851,0.0056200115941464,0.0039741075597703,0.0006361292325891,0.0009354591602459,0.0119401095435023,0.3940679430961609,0.0031234605703502,0.0082350373268127,0.0008205787744373,0.0031719785183668,1.0264092683792114,3.41869854927063,48.653751373291016,3.1262052059173584,12.090802192687988,79.88859558105469,0.0063809072598814,0.0117499362677335,0.0209174212068319,0.0055984244681894,0.0099593205377459,0.0199199263006448,0.0081084845587611,0.0131910229101777,0.0282956883311271,0.0079536440316587,0.0080951955169439,0.0108940126374363,0.0114974500611424,0.0204842062667012,0.0213256385177373,0.0075620396528393,0.007600693963468,0.0078564177965745,0.0079542146995663,0.0072153162909671,0.0073601994663476,0.0072153162909671,0.0073601994663476,first,1.0,0.0,0.3976207077503204,1.1374449729919434,0.0,0.3976207077503204,0.0,0.3976207077503204,True,0.3940679430961609,0.0031234605703502,0.0082350373268127,0.0204842053353786,0.0008027688018046,0.0072153164073824,8.903213893063366e-05,132291,132291,144,16,0,False,False,0.5,0.5,0.1216171936733345,0.0544276908430605,2.6288158013136e-07,2.628815798377815e-07,0.0,0.0,0.0,0.0,94.0,7.0,94.0,0.5330870948187911,0.5740084297195405,0.0333333333333333,0.1065305095305066,0.10420212608771,0.1331631369131333,0.1485745524945317,2.15871317229716,4.736164206749367,127.2583066647084,1963.8818359375,20.210405349731445,15.19965007531103,0.798619091031684,2168.594482421875,24.098234176635746,14.769020124091536,0.7679531408490522,0.1432254612445831,0.0312540419399738,0.1122422814369201,0.032138992100954,0.0283623561263084,0.3976207077503204,0.3976207077503204,0.0629882042703855,0.1751270928064013,5.0,0.1034364978869157,0.0363774306586107,0.0,3.3050338277504962e-18,0.1751270928064013,True,208,13,success,165,True,False,False,-1,,akita_black_bowl_1,True,165,False,-1,False,0.0,1.0,136,94,0.170339727095804,1.3263540260975637,0.3980380558718503,2.4708900594238616,14303665.787511764,0.6023792922496796,,,,,,,,,,,37.0,False,False
libero_10,3,3,0,3,124291,0,124291,9,144,put the black bowl in the bottom drawer of the cabinet and close it,-1,-1,none,-1,-1,-1,-1,4.0,0.0070370137691497,0.0388657189905643,0.0082365730777382,0.0125482007861137,0.0030584291089326,0.0024392111226916,0.0374530255794525,0.543925404548645,0.0017101526027545,0.0040578842163085,0.0019236406078562,0.005025363061577,1.6591951847076416,5.873670101165772,63.7470588684082,6.682067394256592,40.165283203125,97.1828155517578,0.0120411282405257,0.0290315952152013,0.0518774464726448,0.0060233506374061,0.0107432650402188,0.0191263761371374,0.0063863834366202,0.011318702250719,0.0217310860753059,0.0087197653483599,0.0088235465809702,0.0139614432118833,0.0145810516551136,0.0244190683588385,0.0265471190214157,0.0079802043037489,0.0082235662266612,0.0087684320751577,0.009137381799519,0.0071146369446069,0.0077309124171733,0.0071146369446069,0.0077309124171733,first,1.0,0.0,0.5446739792823792,0.4377239346504211,0.0,0.5446739792823792,3.0,0.5450317859649658,False,0.543925404548645,0.0017101526027545,0.0040578842163085,0.0244190692901611,0.00180309638381,0.0071146367117762,0.0003675318439491,133291,133294,160,16,0,False,False,0.5,0.0,0.0334783793357802,0.053731988060597,2.6288158013136e-07,2.628815798377815e-07,0.0,0.0,0.0,0.0,19.0,6.0,19.0,0.5600146522441138,0.9205391968911434,0.0795454545454545,0.0838421554787783,0.0563025965307818,0.1048026943484728,0.5154821752331015,3.689893888424016,6.103892074663114,525.0753320828439,1527.4219970703125,17.559961318969727,16.29121320092057,0.8426564308959164,1237.3353271484375,14.612969398498535,17.205929482275476,0.8721421375582167,0.0233440864831209,0.0067682028748095,0.0128519535064697,0.0138547392562031,0.0181963685899972,0.5446739792823792,0.5446739792823792,0.4396781284692803,1.9986890686543453,5.0,0.0081473508870629,0.1915542228049932,0.0,5.1470629038136934e-18,1.9986890686543453,True,208,13,success,165,True,False,False,-1,,akita_black_bowl_1,True,165,False,-1,False,0.0,1.0,136,94,0.170339727095804,1.3263540260975637,0.3980380558718503,2.4708900594238616,14303665.787511764,0.4553260207176208,,,,,,,,,,,21.0,False,False
libero_10,3,3,0,3,124291,0,124291,10,160,put the black bowl in the bottom drawer of the cabinet and close it,-1,-1,none,-1,-1,-1,-1,4.0,0.0021221241913735,0.0093434369191527,0.0052313124760985,0.0037252835463732,0.0009763473644852,0.0007499777711927,0.0110086845234036,0.6587098836898804,0.001245803781785,0.0034501552581787,0.0006347901653498,0.0015711588785052,0.6125178933143616,2.0463380813598637,15.435349464416504,0.5802035927772522,1.2247449159622192,44.73533248901367,0.0065056416206061,0.0118291471153497,0.0226864721626043,0.0055470601655542,0.0099012926220893,0.0189554784446954,0.0059536690823733,0.0104488162323832,0.0195171125233173,0.0079485054593533,0.0081286272034049,0.009897381067276,0.0102550806477665,0.0216733217239379,0.0231340825557708,0.0074188775615766,0.0075607681646943,0.0076886147726327,0.0079374527558684,0.0072633057134225,0.0074642817489802,0.0072633057134225,0.0074642817489802,first,1.0,0.0,0.656896710395813,-1.455424427986145,0.0,0.656896710395813,1.0,0.6603468656539917,False,0.6587098836898804,0.001245803781785,0.0034501552581787,0.0216733217239379,0.00091788044665,0.0072633055970072,0.0001434102305211,134291,134292,176,16,0,False,False,0.5,0.0,0.0275091609955634,0.1160750702075819,2.6288158013136e-07,2.628815798377815e-07,1.0,0.0,0.0,0.0,0.0,0.0,0.0,0.7763926919619228,0.8987086112175705,0.0444444444444444,0.1531645928320191,0.1330187780333783,0.1914557410400239,0.4627283185367586,3.036061302539345,6.556957261625307,115.5337212369222,1115.976806640625,14.920605659484863,17.65425192119992,0.8901800959772656,605.9348754882812,7.502737045288086,20.306544111833563,0.9290250856455656,0.0260048061609268,0.0063414610922336,0.0198956131935119,0.0145960124209523,0.021444397047162,0.656896710395813,0.656896710395813,0.0488028356311316,0.2440124026020402,5.0,5.210208408390432e-07,1.254532777260918e-06,0.0,1.4546017863759976e-18,0.2440124026020402,True,208,13,success,165,True,False,False,-1,,akita_black_bowl_1,True,165,False,-1,False,0.0,1.0,136,94,0.170339727095804,1.3263540260975637,0.3980380558718503,2.4708900594238616,14303665.787511764,0.343103289604187,,,,,,,,,,,5.0,False,False
libero_10,3,3,0,3,124291,0,124291,11,176,put the black bowl in the bottom drawer of the cabinet and close it,-1,-1,none,-1,-1,-1,-1,4.0,0.0013920565834268,0.0053992099128663,0.0054391268640756,0.0019941888749599,0.0010165123967453,0.0007122927345335,0.0069582355208694,0.7710943818092346,0.0002867410366889,0.0007977485656738,0.0006450596847571,0.0013101629447191,0.7158157229423523,2.4874684810638428,23.381349563598636,0.4923955202102661,1.1180340051651,7.258615493774414,0.0060333213768899,0.010849280282855,0.023123811930418,0.005500447936356,0.009797696955502,0.0186740215867757,0.0056500732898712,0.0100518800318241,0.0184766929596662,0.0076131266541779,0.0077355806715786,0.0096374540589749,0.0098882243037223,0.0207525063306093,0.0212706141173839,0.0074670546455308,0.0075159021653234,0.0078270866069942,0.0079144714400172,0.0073765226406976,0.0075589255429804,0.0073765226406976,0.0075589255429804,first,1.0,0.0,0.771544337272644,1.5692049264907837,0.0,0.771544337272644,0.0,0.771544337272644,True,0.7710943818092346,0.0002867410366889,0.0007977485656738,0.0207525063306093,0.0004526114207692,0.0073765222914516,0.0001240010315086,135291,135291,192,16,0,False,False,0.5,0.0,0.0275091628353016,0.0984129573339403,2.6288158013136e-07,2.628815798377815e-07,1.0,0.0,0.0,0.0,1.0,1.0,0.0,0.6925015658244011,0.7925302288591556,0.0222222222222222,0.1291808747613458,0.1170220950333609,0.1614760934516822,0.3511971529845937,3.063421812663134,10.69539584317402,229.331346447253,1196.3416748046875,15.903141021728516,17.352251291331147,0.8876759995391361,567.0396728515625,6.02838659286499,20.594669155591937,0.91975295993086,0.0710607767105102,0.0186327192932367,0.0464854538440704,0.0372808873653411,0.0589235872030258,0.771544337272644,0.771544337272644,0.0450507783955889,0.1971874129960457,5.0,0.0260836822972303,0.0019827966846686,0.0,1.1934811219056505e-18,0.1971874129960457,True,208,13,success,165,True,False,False,-1,,akita_black_bowl_1,True,165,False,-1,False,0.0,1.0,136,94,0.170339727095804,1.3263540260975637,0.3980380558718503,2.4708900594238616,14303665.787511764,0.2284556627273559,,,,,,,,,,,-11.0,False,False
libero_10,3,3,0,3,124291,0,124291,12,192,put the black bowl in the bottom drawer of the cabinet and close it,-1,-1,none,-1,-1,-1,-1,4.0,0.0017308065434917,0.0072156842797994,0.0059368596412241,0.0030205186922103,0.0007615850190632,0.0007693339139223,0.0093068769201636,0.9214914441108704,0.0004364463966339,0.0010687708854675,0.0007382311741821,0.0011049126042053,0.5906791090965271,1.9202864170074463,21.683807373046875,0.3968091309070587,0.829156219959259,5.629165172576904,0.0062094572931528,0.0113406060263514,0.0224312860518693,0.0056447242386639,0.0100488979369401,0.020254548639059,0.005875633098185,0.0104691628366708,0.0183351691812276,0.0078142110724002,0.0078648012131452,0.011159194400534,0.0122269475832581,0.0217842576093971,0.0224133934825658,0.0076724682003259,0.0077936435118317,0.0080055745784193,0.0082691330462694,0.0075126523151993,0.0077645210549235,0.0075126523151993,0.0077645210549235,first,1.0,0.0,0.9218690395355223,0.86515873670578,0.0,0.9218690395355223,1.0,0.9218892455101012,False,0.9214914441108704,0.0004364463966339,0.0010687708854675,0.0217842571437358,0.0003745182766579,0.0075126523151993,0.0001619744143681,136291,136292,208,16,0,False,True,1.0,0.5,0.0273962087105369,0.0990023746419024,2.6288158013136e-07,2.628815798377815e-07,1.0,0.0,0.0,0.0,17.0,2.0,0.0,0.734849817671392,0.7790570493075226,0.0333333333333333,0.1105402702687572,0.1102193492417405,0.1381753378359465,0.2901892095559443,4.922388175459053,46.891122921837294,3114.00912777258,1293.8797607421875,15.590069770812988,17.01186441314555,0.8768859534204858,577.4224853515625,6.192954063415527,20.51586669175701,0.9199647042055212,0.0459817573428154,0.0107649350538849,0.0377338528633117,0.0187319405376911,0.040984496474266,0.0781309604644775,0.9218690395355223,0.0578274482854681,0.1671567996323949,5.0,0.1211741108042857,0.0008063309906602,0.0,1.2381171972511156e-18,0.1671567996323949,True,208,13,success,165,True,False,False,-1,,akita_black_bowl_1,True,165,False,-1,False,0.0,1.0,136,94,0.170339727095804,1.3263540260975637,0.3980380558718503,2.4708900594238616,14303665.787511764,0.0781309604644775,,,,,,,,,,,-27.0,False,False
libero_10,3,4,0,4,124388,0,124388,0,0,put the black bowl in the bottom drawer of the cabinet and close it,-1,-1,none,-1,-1,-1,-1,4.0,0.0023394860327243,0.0127234468236565,0.0032904196996241,0.0037336647510528,0.0015050753718242,0.0006601804634556,0.0127685889601707,0.0716501250863075,0.0003068645310122,0.0008101761341094,0.0013208845630288,0.0037769505288451,0.6131465435028076,1.8027756214141848,30.45488548278809,1.538135290145874,6.480740547180176,54.68317794799805,0.0069969440810382,0.0132760796695947,0.026456469669938,0.0057299649342894,0.0101689379662275,0.0168114192783832,0.0059275175444781,0.010568369179964,0.0206658970564603,0.007708330405876,0.0078091695904731,0.0096416752785444,0.0101411994546651,0.0202234117314219,0.0208059754222631,0.0073656038148328,0.007404625415802,0.0077087668469175,0.0079038487747311,0.0076236686436459,0.0078301588073372,0.0076236686436459,0.0078301588073372,first,1.0,0.0,0.0719477534294128,0.969901442527771,0.0,0.0719477534294128,0.0,0.0719477534294128,True,0.0716501250863075,0.0003068645310122,0.0008101761341094,0.0202234108000993,0.0005066654994152,0.0076236687600612,0.0001311329979216,124388,124388,16,16,0,False,False,0.0,0.0,2.786076397365278e-07,0.3476209082151585,2.6288158013136e-07,2.628815798377815e-07,0.0,0.0,0.0,0.0,0.0,0.0,0.0,0.2934730116936385,0.6667166299972289,0.1111111111111111,0.0443617233247151,0.0426628686494498,0.0554521541558939,0.2164707991780472,1.5029980606434656,3.4706460644394173,350.8794506986095,1080.562255859375,14.26108741760254,17.794305673466532,0.8894680131227654,1651.8795166015625,17.05467414855957,15.951019929339612,0.8101045702821207,0.0200560148805379,0.0052359802648425,0.0106388255953788,0.0162287894636392,0.0116461124271154,0.0719477534294128,0.0719477534294128,0.0236114040725071,0.1180564396014653,5.0,2.934624683612794e-07,5.883756821409495e-09,2.769311645296996e-07,4.483680534512476e-09,0.1180564396014653,True,208,13,success,166,True,False,False,-1,,akita_black_bowl_1,True,166,False,-1,False,0.0,1.0,137,94,0.1739469627728322,1.327821268595572,0.3976831745976555,2.5970881558188195,13830808.876859704,0.9280522465705872,,,,,,,,,,,166.0,False,False
libero_10,3,4,0,4,124388,0,124388,1,16,put the black bowl in the bottom drawer of the cabinet and close it,-1,-1,none,-1,-1,-1,-1,4.0,0.0012324817944318,0.0052992342971265,0.0048178085125982,0.0019301514839753,0.0006763854180462,0.000807762844488,0.0061706025153398,0.0960959866642952,0.0006378953694365,0.0017679035663604,0.0005866652936674,0.0009407845791429,0.5500279068946838,1.6393595933914185,16.07793426513672,0.8555997014045715,3.269174098968506,21.56385803222656,0.0060020200908184,0.0105610815808177,0.0193236395716667,0.0055468762293457,0.0099022975191473,0.0179517120122909,0.0059030828997492,0.0105247823521494,0.0187827311456203,0.007755828788504,0.007826549001038,0.0096103753894567,0.0098969833925366,0.0207795300520956,0.021570723503828,0.0073823351413011,0.0076297242194414,0.0077145183458924,0.0080547966063022,0.0074961639475077,0.0076463124714791,0.0074961639475077,0.0076463124714791,first,1.0,0.0,0.0959919989109039,-0.1630169451236724,0.0,0.0959919989109039,3.0,0.0969228744506836,False,0.0960959866642952,0.0006378953694365,0.0017679035663604,0.0207795295864343,0.0004703801241703,0.0074961641803383,0.0001442929351469,125388,125391,32,16,0,False,False,0.0,0.0,2.786076397365278e-07,0.2471730577847119,2.6288158013136e-07,2.628815798377815e-07,0.0,0.0,0.0,0.0,0.0,0.0,0.0,0.6590859154372322,0.7096783132170809,0.0454545454545454,0.1293196118204681,0.1273164420862441,0.1616495147755852,0.1737436914766303,1.1708924695615472,2.9322701293363505,26.29316817388692,1047.553955078125,14.474835395812988,17.92903959979708,0.8893342153223703,1556.6070556640625,17.225360870361328,16.209013662153765,0.8313114202712101,0.0324443019926548,0.0070798229426145,0.0277993753552436,0.01398591324687,0.0292337704449892,0.0959919989109039,0.0959919989109039,0.072953134655723,0.3647656732786153,5.0,0.0,3.6729791398877357e-17,0.0,1.8738421051059465e-17,0.3647656732786153,True,208,13,success,166,True,False,False,-1,,akita_black_bowl_1,True,166,False,-1,False,0.0,1.0,137,94,0.1739469627728322,1.327821268595572,0.3976831745976555,2.5970881558188195,13830808.876859704,0.904008001089096,,,,,,,,,,,150.0,False,False
libero_10,3,4,0,4,124388,0,124388,2,32,put the black bowl in the bottom drawer of the cabinet and close it,-1,-1,none,-1,-1,-1,-1,4.0,0.001571056083776,0.0060514118522405,0.0073737208731472,0.0025698381941765,0.0008863508119247,0.0006288246950134,0.0082262670621275,0.1128945648670196,0.0006929673254489,0.0017109811305999,0.000482113828184,0.000762098818086,0.5770976543426514,1.785357117652893,12.51748752593994,1.080074906349182,3.5619516372680664,44.09294128417969,0.0061367531307041,0.0109704807400703,0.0190230198204517,0.0054880864918231,0.0097445137798786,0.0173868034034967,0.0059005497023463,0.0105293104425072,0.0206456054002046,0.0077666415600106,0.0078447181731462,0.0097335667815059,0.0103826262056827,0.0209950404241681,0.0218843482434749,0.0073611295083537,0.0075482185930013,0.007728659780696,0.0079419296234846,0.0074453498236835,0.0076090293005108,0.0074453498236835,0.0076090293005108,first,1.0,0.0,0.1140778660774231,1.7075858116149902,0.0,0.1140778660774231,0.0,0.1140778660774231,True,0.1128945648670196,0.0006929673254489,0.0017109811305999,0.0209950394928455,0.0007977310451678,0.0074453498236835,9.884760220302268e-05,126388,126388,48,16,0,False,False,0.0,0.0,2.786076397365278e-07,0.1927171952016917,2.6288158013136e-07,2.628815798377815e-07,0.0,0.0,0.0,0.0,0.0,0.0,0.0,0.4465527609576315,0.500546985855692,0.0111111111111111,0.0663946072292374,0.0608989794457623,0.0829932590365468,0.2139251170162561,2.150212931206833,8.231690243280141,407.6727714330541,1195.02978515625,15.482867240905762,17.357016310081917,0.879622181083687,916.5645141601562,12.51379108428955,18.50917321839525,0.8898000796552167,0.0146463308483362,0.0035577830858528,0.0102330446243286,0.0106104016304016,0.0100622251629829,0.1140778660774231,0.1140778660774231,0.4017689293335559,2.00884464666778,5.0,0.0,7.524709090901181e-19,0.0,8.200124225677779e-19,2.00884464666778,True,208,13,success,166,True,False,False,-1,,akita_black_bowl_1,True,166,False,-1,False,0.0,1.0,137,94,0.1739469627728322,1.327821268595572,0.3976831745976555,2.5970881558188195,13830808.876859704,0.8859221339225769,,,,,,,,,,,134.0,False,False
libero_10,3,4,0,4,124388,0,124388,3,48,put the black bowl in the bottom drawer of the cabinet and close it,-1,-1,none,-1,-1,-1,-1,4.0,0.0017236042767763,0.0078828334808349,0.0082072895020246,0.002909765811637,0.0008984141168184,0.000640689569991,0.0095652528107166,0.1533316373825073,9.76651645032689e-05,0.0002659559249877,0.0006947895744815,0.0015885683242231,1.008185863494873,3.2015621662139893,46.55306243896485,3.137613534927368,15.433323860168455,65.83454895019531,0.0061947437934577,0.0112889669835567,0.021419595927,0.0055387518368661,0.0098228259012103,0.0176729951053857,0.0056200088001787,0.0100232223048806,0.0186392776668071,0.007498262100853,0.0076078190468251,0.0093728106003254,0.0099544655531644,0.0205115946009755,0.0208502374589443,0.0073161486070603,0.0074595636688172,0.007578246644698,0.0076934047974646,0.007254903553985,0.0073669957928359,0.007254903553985,0.0073669957928359,first,1.0,0.0,0.1534451842308044,1.1626136302947998,0.0,0.1534451842308044,0.0,0.1534451842308044,True,0.1533316373825073,9.76651645032689e-05,0.0002659559249877,0.0205115936696529,0.0002183079195674,0.0072549036704003,8.551999053452164e-05,127388,127388,64,16,0,False,False,0.0,0.0,2.786076397365278e-07,0.1002986128439528,2.6288158013136e-07,2.628815798377815e-07,0.0,0.0,0.0,0.0,0.0,0.0,0.0,0.4566185702339859,0.497111051195668,0.0555555555555555,0.0996529260623122,0.0984998277725169,0.1245661575778903,0.1126576138561411,1.2946778948874378,7.137902012227273,103.24675352041108,1124.5150146484375,15.428265571594238,17.621151023097493,0.8914389915466363,1121.526611328125,14.590800285339355,17.632707779860645,0.8828717070011715,0.0131314368918538,0.00367649551481,0.0077324658632278,0.0075550423935055,0.0101345116272568,0.1534451842308044,0.1534451842308044,0.4012968932068165,2.0064844660340824,5.0,0.0,8.625774688694509e-19,0.0,1.3252176961104761e-18,2.0064844660340824,True,208,13,success,166,True,False,False,-1,,akita_black_bowl_1,True,166,False,-1,False,0.0,1.0,137,94,0.1739469627728322,1.327821268595572,0.3976831745976555,2.5970881558188195,13830808.876859704,0.8465548157691956,,,,,,,,,,,118.0,False,False
libero_10,3,4,0,4,124388,0,124388,4,64,put the black bowl in the bottom drawer of the cabinet and close it,-1,-1,none,-1,-1,-1,-1,4.0,0.0011511187767609,0.0046423356980085,0.0056712096557021,0.0017413817113265,0.0004192759806755,0.0015758589142933,0.0061096926219761,0.2198993265628814,0.0007725937175564,0.0018766522407531,0.001518630539067,0.0049258871003985,0.5326746106147766,1.5,12.833063125610352,1.2579751014709473,6.604549407958984,35.13545227050781,0.0057276845909655,0.0102594792842864,0.0196174848824739,0.0057543953880667,0.0102998241782188,0.0198656097054481,0.0056965230032801,0.0101513406261801,0.0170261804014444,0.0076903424924239,0.0077734217047691,0.0132747346069663,0.0145293837413191,0.0190832489170134,0.0203456785529851,0.0076683587394654,0.0077651473693549,0.0082632838748395,0.0086166812106966,0.0070736472262069,0.0071917744353413,0.0070736472262069,0.0071917744353413,first,1.0,0.0,0.2206973731517791,1.032944679260254,0.0,0.2206973731517791,0.0,0.2206973731517791,True,0.2198993265628814,0.0007725937175564,0.0018766522407531,0.0190832484513521,0.0007481495267711,0.0070736473426222,0.0001187484449474,128388,128388,80,16,0,False,False,0.0,0.0,2.786076397365278e-07,0.0458136861707326,2.6288158013136e-07,2.628815798377815e-07,0.0,0.0,0.0,0.0,0.0,0.0,0.0,0.2600819281095269,0.3625854593863724,0.0666666666666666,0.0571990283292324,0.0564924812832278,0.0714987854115405,0.1503851723833923,1.196489431341678,3.073921669166685,131.94793023120369,1041.1165771484375,14.827221870422363,17.955809992943177,0.9024213000565332,1058.0335693359375,13.623770713806152,17.88580913635591,0.8772089704338614,0.046671625226736,0.0140188736841082,0.0277458429336547,0.0221460945904254,0.0278467629104852,0.2206973731517791,0.2206973731517791,0.0166141424522305,0.0830707122611527,5.0,0.0,2.745095786174276e-19,0.0,2.5386199702326573e-18,0.0830707122611527,True,208,13,success,166,True,False,False,-1,,akita_black_bowl_1,True,166,False,-1,False,0.0,1.0,137,94,0.1739469627728322,1.327821268595572,0.3976831745976555,2.5970881558188195,13830808.876859704,0.7793026268482208,,,,,,,,,,,102.0,False,False
libero_10,3,4,0,4,124388,0,124388,5,80,put the black bowl in the bottom drawer of the cabinet and close it,-1,-1,none,-1,-1,-1,-1,4.0,0.0010596859501674,0.0037399439606815,0.0029107385780662,0.0014947109157219,0.0007364359335042,0.0007243604632094,0.0053708627820014,0.2710371911525726,0.0001800806785468,0.0004710257053375,0.0007957590278238,0.0013869820395484,0.5900968313217163,1.8708287477493288,13.970952033996582,1.372915744781494,5.722761631011963,42.949825286865234,0.0058205886743962,0.0103883063420653,0.0175878759473562,0.0055657187476754,0.0098573928698897,0.0176076702773571,0.005453425925225,0.0097050070762634,0.0183780007064342,0.0075085031567141,0.0075520831160247,0.0093351174145936,0.0096609769389033,0.0195757756009697,0.0202921237796545,0.0076665002852678,0.0077492659911513,0.0081685972400009,0.0085299620404839,0.0070997461443766,0.0071915257722139,0.0070997461443766,0.0071915257722139,first,1.0,0.0,0.2707385122776031,-1.658583641052246,0.0,0.2707385122776031,1.0,0.2712095379829407,False,0.2710371911525726,0.0001800806785468,0.0004710257053375,0.0195757746696472,0.0004922260995954,0.007099746260792,9.144281648332252e-05,129388,129389,96,16,0,False,False,0.0,0.0,0.0562568997279752,0.0456060565514133,2.6288158013136e-07,2.628815798377815e-07,0.0,0.0,0.0,0.0,71.0,9.0,71.0,0.3617973539713304,0.7159532648838252,0.1111111111111111,0.0646549547362195,0.0626172336494715,0.0808186934202744,0.2593269670144726,1.4230230089419045,2.459016429225216,129.32893684185723,920.0877685546876,13.566466331481934,18.492511035431274,0.9114380588290256,1169.9801025390625,15.182769775390623,17.44901884960184,0.8691550547501626,0.0204837713390588,0.0056641674600541,0.0122756361961364,0.0063947462476789,0.0160718075931072,0.2707385122776031,0.2707385122776031,0.4400852717565374,2.005875689583811,5.0,0.057913510918647,0.1366371582802294,0.0,9.825103487213125e-19,2.005875689583811,True,208,13,success,166,True,False,False,-1,,akita_black_bowl_1,True,166,False,-1,False,0.0,1.0,137,94,0.1739469627728322,1.327821268595572,0.3976831745976555,2.5970881558188195,13830808.876859704,0.7292614877223969,,,,,,,,,,,86.0,False,False
libero_10,3,4,0,4,124388,0,124388,6,96,put the black bowl in the bottom drawer of the cabinet and close it,-1,-1,none,-1,-1,-1,-1,4.0,0.0018184600630775,0.0061586615629494,0.0081378500908613,0.003239169018343,0.0007117480854503,0.0008764676749706,0.009838911704719,0.3190446496009826,0.0005867031868547,0.0015782117843627,0.0008710247348062,0.0015777519438415,0.9925007820129396,3.2015621662139893,54.71916961669922,2.1762053966522217,4.5,77.81187438964844,0.0061830938793718,0.0109219392761588,0.0187558382749557,0.0056272307410836,0.0100178131833672,0.0196861326694488,0.0056574577465653,0.0100753149017691,0.0179436914622783,0.0076390707399696,0.0078036780469119,0.0093451705761253,0.0097609786316752,0.0210841358639299,0.0212576854974031,0.0074577550403773,0.0077885421924293,0.0076562233734875,0.0079962695017457,0.0072249609511345,0.0073660956695675,0.0072249609511345,0.0073660956695675,first,1.0,0.0,0.3187746107578277,-0.4602648317813873,0.0,0.3187746107578277,3.0,0.3198481202125549,False,0.3190446496009826,0.0005867031868547,0.0015782117843627,0.0210841335356235,0.0001446653477614,0.0072249611839652,0.0001066707627614,130388,130391,112,16,0,False,False,0.0,0.0,0.1705176011854348,0.0562038146568111,2.6288158013136e-07,2.628815798377815e-07,0.0,0.0,0.0,0.0,136.0,9.0,136.0,0.7683476356306864,0.8576510492183291,0.1333333333333333,0.1541959517191367,0.1429986586346256,0.1927449396489209,0.3579196372181694,1.8414758785768583,3.9826492267940026,41.02470302176242,1022.7133178710938,14.47634983062744,18.033264494580607,0.8960476819734361,1047.812744140625,14.268149375915527,17.927966845682644,0.8753111998140987,0.0252276211977005,0.0062747932970523,0.0185547769069671,0.0213114824146032,0.0115423034876585,0.3187746107578277,0.3187746107578277,0.0790679517682742,0.2140250729841536,5.0,0.1401580302267925,0.0411566556304248,0.0,4.3248777127370153e-19,0.2140250729841536,True,208,13,success,166,True,False,False,-1,,akita_black_bowl_1,True,166,False,-1,False,0.0,1.0,137,94,0.1739469627728322,1.327821268595572,0.3976831745976555,2.5970881558188195,13830808.876859704,0.6812253892421722,,,,,,,,,,,70.0,False,False
libero_10,3,4,0,4,124388,0,124388,7,112,put the black bowl in the bottom drawer of the cabinet and close it,-1,-1,none,-1,-1,-1,-1,4.0,0.0011959264520555,0.003537306562066,0.0043443571776151,0.0018807719461619,0.0006513443659059,0.0007751372177153,0.0060709421522915,0.3719856142997741,0.0002817217900883,0.0007587075233459,0.000530963006895,0.0013936071190983,0.5959553718566895,1.785357117652893,19.828956604003903,0.9498156309127808,2.9474565982818604,57.490760803222656,0.0058255619369447,0.0103588122874498,0.0182747989892959,0.0055380803532898,0.0099012507125735,0.0189698114991188,0.0053830998949706,0.0096456976607441,0.0177728440612554,0.0076013120124116,0.007636132184416,0.0093296377453953,0.0094751855358481,0.0207302812486886,0.021192155778408,0.0075049155857414,0.0076264664530754,0.0077960832277312,0.007993159815669,0.0069258357398211,0.0071401270106434,0.0069258357398211,0.0071401270106434,first,1.0,0.0,0.3716692924499511,-1.1228164434432983,0.0,0.3716692924499511,2.0,0.3724279999732971,False,0.3719856142997741,0.0002817217900883,0.0007587075233459,0.0207302812486886,0.0004664581210818,0.0069258357398211,0.0001744795881677,131388,131390,128,16,0,False,False,0.0,0.0,0.1739469627728322,0.0564308010715006,2.6288158013136e-07,2.628815798377815e-07,0.0,0.0,0.0,0.0,119.0,8.0,119.0,0.6091562332123723,0.6932956990844746,0.0444444444444444,0.1266646399521967,0.1160511263300669,0.1583307999402459,0.2665047408451576,1.5142030384305638,3.503349306715233,50.002857072203,1293.415283203125,16.232494354248047,17.01342372533008,0.8633534304565583,1351.5567626953125,16.203903198242188,16.82246070945868,0.8406013292956475,0.0209777150303125,0.0051473714411258,0.015078455209732,0.0174670126289129,0.0112579111009836,0.3716692924499511,0.3716692924499511,0.4427405211721146,2.006774538866198,5.0,0.1213252544914052,0.0856028125029699,0.0,5.588169497809229e-19,2.006774538866198,True,208,13,success,166,True,False,False,-1,,akita_black_bowl_1,True,166,False,-1,False,0.0,1.0,137,94,0.1739469627728322,1.327821268595572,0.3976831745976555,2.5970881558188195,13830808.876859704,0.6283307075500488,,,,,,,,,,,54.0,False,False
libero_10,3,4,0,4,124388,0,124388,8,128,put the black bowl in the bottom drawer of the cabinet and close it,-1,-1,none,-1,-1,-1,-1,4.0,0.0020156358368694,0.0104318596422672,0.0052625997923314,0.0038224041927605,0.0006030382937751,0.0008331231656484,0.0111633576452732,0.4053606986999511,0.0033930463250726,0.0086320638656616,0.0009141062619164,0.0014911814359948,0.8939450979232788,2.872281312942505,51.41680145263672,2.06738805770874,7.921489715576172,58.34112930297852,0.0063654785044491,0.0116535434499382,0.0226413235068321,0.0054742437787353,0.0096483547240495,0.0169070158153772,0.0085069416090846,0.013772883452475,0.0220138933509588,0.0079678837209939,0.0080693960189819,0.0112627344205975,0.0118004381656646,0.0203925962559878,0.0218658149242401,0.007592458394356,0.0076024979352951,0.0084260099101811,0.0086149033159017,0.007196890655905,0.0074695441871881,0.007196890655905,0.0074695441871881,first,1.0,0.0,0.4079117774963379,0.7518549561500549,0.0,0.4079117774963379,3.0,0.4089663624763489,False,0.4053606986999511,0.0033930463250726,0.0086320638656616,0.0203925967216491,0.0010192595655098,0.0071968901902437,0.0001785556232789,132388,132391,144,16,0,False,False,0.5,0.5,0.1309865325737891,0.05538006781087,2.6288158013136e-07,2.628815798377815e-07,0.0,0.0,0.0,0.0,105.0,7.0,105.0,0.5545937948635269,0.5988167973266699,0.1444444444444444,0.1119136092450659,0.1105911985865329,0.1398920115563324,0.1402485445755919,2.089860474933484,4.290207592187073,96.69854908404253,1897.7874755859373,19.800621032714844,15.348327846776517,0.8056170336018708,2034.37841796875,22.901798248291016,15.046486209588094,0.7821832924476555,0.1592018604278564,0.0337614454329013,0.1232187747955322,0.0342996008694171,0.0205305907875299,0.4079117774963379,0.4079117774963379,0.0632819449839077,0.1730828091171703,5.0,0.1125161358010023,0.0308107800013661,0.0,5.324449321066369e-19,0.1730828091171703,True,208,13,success,166,True,False,False,-1,,akita_black_bowl_1,True,166,False,-1,False,0.0,1.0,137,94,0.1739469627728322,1.327821268595572,0.3976831745976555,2.5970881558188195,13830808.876859704,0.5920882225036621,,,,,,,,,,,38.0,False,False
libero_10,3,4,0,4,124388,0,124388,9,144,put the black bowl in the bottom drawer of the cabinet and close it,-1,-1,none,-1,-1,-1,-1,4.0,0.006320952437818,0.2068470567464828,0.0087552946060895,0.0077204438857734,0.00208560237661,0.0148285245522856,0.0416690446436405,0.5431468486785889,0.0011170508805662,0.0028517246246337,0.0013594386400654,0.0026870893780142,1.3888007402420044,4.924428939819336,66.16409301757812,4.604244232177734,21.85606384277344,99.0214614868164,0.0109535222873091,0.0207413639873266,0.2611508965492248,0.0057639456354081,0.010236794129014,0.0167564041912555,0.0058402102440595,0.0102728549391031,0.0174723695963621,0.0091178657021373,0.0096161793917417,0.0278614633716642,0.0461545884609222,0.0243551661260426,0.0258572995662689,0.0079854545183479,0.0081298891454935,0.0086691856849938,0.0089087141677737,0.0070335041964426,0.0072464239783585,0.0070335041964426,0.0072464239783585,first,1.0,0.0,0.5450047850608826,1.6632513999938965,0.0,0.5450047850608826,0.0,0.5450047850608826,True,0.5431468486785889,0.0011170508805662,0.0028517246246337,0.0243551656603813,0.0009494234109297,0.0070335040800273,0.0001231626665685,133388,133388,160,16,0,False,False,0.5,0.0,0.0347612985673105,0.0552042949082463,2.6288158013136e-07,2.628815798377815e-07,0.0,0.0,0.0,0.0,28.0,8.0,28.0,0.5353526343463846,0.9273774909151477,0.0777777777777777,0.0797593094982648,0.0458354472574577,0.099699136872831,0.5054798017433842,3.741469186947152,7.434699972784269,604.1172933128126,1537.867431640625,17.612085342407227,16.261614611556745,0.8417121519686093,1328.0782470703125,15.003700256347656,16.898566975303645,0.8637569035710368,0.0248865652829408,0.0072522857226431,0.0149349942803382,0.011344451457262,0.0213745031505823,0.5450047850608826,0.5450047850608826,0.1113594071760718,0.3327678571064953,5.0,0.0105895906934013,0.2134395880804623,0.0,1.1384363891505958e-18,0.3327678571064953,True,208,13,success,166,True,False,False,-1,,akita_black_bowl_1,True,166,False,-1,False,0.0,1.0,137,94,0.1739469627728322,1.327821268595572,0.3976831745976555,2.5970881558188195,13830808.876859704,0.4549952149391174,,,,,,,,,,,22.0,False,False
libero_10,3,4,0,4,124388,0,124388,10,160,put the black bowl in the bottom drawer of the cabinet and close it,-1,-1,none,-1,-1,-1,-1,4.0,0.0017978613032028,0.0097398003563284,0.0054111396893858,0.0030498020350933,0.0008958305115811,0.000748130318243,0.0096121430397033,0.6680554747581482,0.0010515983449295,0.0027769804000854,0.000661730300635,0.0010028254473581,0.6291061639785767,1.9202864170074463,20.825164794921875,0.6897762417793274,1.4142135381698608,40.58940887451172,0.0063946591690182,0.0116758495569229,0.0239805020391941,0.0055384216830134,0.0098331999033689,0.0178086757659912,0.0058055692352354,0.0103469053283333,0.0215857829898595,0.0079991645179688,0.0082493303343653,0.0101404951419681,0.0102838901802897,0.0214780969545245,0.0233213324099779,0.0074570372235029,0.0075559690594673,0.0078000543871894,0.0079015856608748,0.0072909826412796,0.0074034412391483,0.0072909826412796,0.0074034412391483,first,1.0,0.0,0.6687008738517761,0.6137315630912781,0.0,0.6687008738517761,2.0,0.669183611869812,False,0.6680554747581482,0.0010515983449295,0.0027769804000854,0.0214780960232019,0.0013372282264754,0.0072909826412796,9.75815491983667e-05,134388,134390,176,16,0,False,False,0.5,0.0,0.0276549532155117,0.1119188416429266,2.6288158013136e-07,2.628815798377815e-07,1.0,0.0,0.0,0.0,0.0,0.0,0.0,0.773799596927529,0.9114803826361514,0.0666666666666666,0.153952352968421,0.1365501640468749,0.1924404412105262,0.4532182489440741,3.1377353152395533,5.322742514469419,110.33377172328254,1134.3236083984375,14.990639686584473,17.583433898273498,0.8882626562571071,884.3816528320312,9.570392608642578,18.66440636636108,0.8962741847506641,0.0200767498463392,0.0047335838899016,0.0148540586233139,0.0131047964096069,0.0151987876743078,0.6687008738517761,0.6687008738517761,0.0484115432917933,0.2420558130706681,5.0,5.659850029000161e-07,1.337403295737842e-06,0.0,7.937949944398883e-19,0.2420558130706681,True,208,13,success,166,True,False,False,-1,,akita_black_bowl_1,True,166,False,-1,False,0.0,1.0,137,94,0.1739469627728322,1.327821268595572,0.3976831745976555,2.5970881558188195,13830808.876859704,0.3312991261482239,,,,,,,,,,,6.0,False,False
libero_10,3,4,0,4,124388,0,124388,11,176,put the black bowl in the bottom drawer of the cabinet and close it,-1,-1,none,-1,-1,-1,-1,4.0,0.0016358194407075,0.004371509887278,0.006083651445806,0.0023319527972489,0.0012599297333508,0.0006750876782462,0.007963609881699,0.7741230726242065,0.0003232130547985,0.000764787197113,0.0005439882515929,0.0009224337991327,0.7852436304092407,2.861380815505981,23.53720474243164,0.4810816943645477,1.0897247791290283,7.949056625366211,0.0062047303654253,0.01097222417593,0.0184775423258543,0.0054148947820067,0.0096411928534507,0.0163928158581256,0.0055537247098982,0.0098783308640122,0.0177777744829654,0.0077743484871461,0.0078074680641293,0.0098617966286838,0.0103020695969462,0.021869224961847,0.0228654276579618,0.0074171411106362,0.0076024043373763,0.0077957438770681,0.0081071183085441,0.0073160103056579,0.0074195093475282,0.0073160103056579,0.0074195093475282,first,1.0,0.0,0.7746818661689758,1.7288706302642822,0.0,0.7746818661689758,0.0,0.7746818661689758,True,0.7741230726242065,0.0003232130547985,0.000764787197113,0.0218692254275083,0.0006130546098574,0.0073160100728273,7.108601130312309e-05,135388,135388,192,16,0,False,False,0.5,0.0,0.0276549569747491,0.1025657088475271,2.6288158013136e-07,2.628815798377815e-07,1.0,0.0,0.0,0.0,2.0,1.0,0.0,0.7110009321720527,0.8230611830670497,0.0222222222222222,0.12883225249288,0.1147320505011273,0.1610403156161,0.3860810750183159,4.800082770183439,22.372894342787767,862.0019606875278,1163.314697265625,15.459243774414062,17.473831458830045,0.8903455613840275,594.2747192382812,6.210658550262451,20.390931053343216,0.9160442281955612,0.0582277067005634,0.0136572457849979,0.0420638024806976,0.0181539617478847,0.0552887246012687,0.7746818661689758,0.7746818661689758,0.0434974236737313,0.1921470597842161,5.0,0.0240540890473727,0.0012859695370677,0.0,8.469991843775215e-19,0.1921470597842161,True,208,13,success,166,True,False,False,-1,,akita_black_bowl_1,True,166,False,-1,False,0.0,1.0,137,94,0.1739469627728322,1.327821268595572,0.3976831745976555,2.5970881558188195,13830808.876859704,0.2253181338310241,,,,,,,,,,,-10.0,False,False
libero_10,3,4,0,4,124388,0,124388,12,192,put the black bowl in the bottom drawer of the cabinet and close it,-1,-1,none,-1,-1,-1,-1,4.0,0.0012791333720088,0.0041639334522187,0.0058719683438539,0.0021789332386106,0.0006065490306355,0.0005974872037768,0.0067568649537861,0.92492938041687,0.0002865995338652,0.0007421374320983,0.0006399016128852,0.000978150870651,0.5595610737800598,1.785357117652893,25.8311824798584,0.3848877549171448,0.829156219959259,4.815340042114258,0.0060255792923271,0.0108437743037939,0.0216278042644262,0.0055751982145011,0.009947775863111,0.0174300353974103,0.0058041056618094,0.010275138542056,0.0198645517230033,0.0080309768673032,0.0081463726237416,0.012109929928556,0.0128683783113956,0.022031127475202,0.0226915311068296,0.0076720570214092,0.0078821079805493,0.0081093440530821,0.0086953993886709,0.0074797151610255,0.0075613781809806,0.0074797151610255,0.0075613781809806,first,1.0,0.0,0.9252839684486388,1.2372246980667114,0.0,0.9252839684486388,0.0,0.9252839684486388,True,0.92492938041687,0.0002865995338652,0.0007421374320983,0.0220311284065246,0.0006709708832204,0.0074797151610255,5.5273874750128016e-05,136388,136388,208,16,0,False,True,1.0,0.5,0.0276134818573889,0.1030682025930203,2.6288158013136e-07,2.628815798377815e-07,1.0,0.0,0.0,0.0,14.0,1.0,0.0,0.7429768524284887,0.7573186010958304,0.0111111111111111,0.1109203012174217,0.11045021554879,0.1386503765217772,0.2950848735748894,4.034022663522462,37.98143445092269,2018.2180705922751,1333.6136474609375,15.886054039001465,16.880503296968442,0.87265684966089,584.2687377929688,6.292942047119141,20.464677115373256,0.9190810478458844,0.0462028682231903,0.0105578796938061,0.0356733202934265,0.0210612192749977,0.0402563288807868,0.074716031551361,0.9252839684486388,0.0581858488305585,0.169062805945181,5.0,0.1216176238993722,0.0002488143082395,0.0,1.007527086330595e-18,0.169062805945181,True,208,13,success,166,True,False,False,-1,,akita_black_bowl_1,True,166,False,-1,False,0.0,1.0,137,94,0.1739469627728322,1.327821268595572,0.3976831745976555,2.5970881558188195,13830808.876859704,0.074716031551361,,,,,,,,,,,-26.0,False,False
libero_10,3,5,0,5,124485,0,124485,0,0,put the black bowl in the bottom drawer of the cabinet and close it,-1,-1,none,-1,-1,-1,-1,4.0,0.00311497063376,0.018644493073225,0.0039977813139557,0.0049876230768859,0.001984883332625,0.0008872774196788,0.0173016507178545,0.0710373818874359,0.0004169444728177,0.0010519623756408,0.0013984391698613,0.0035370315890759,1.1167970895767212,3.464101552963257,73.74449157714844,3.945274353027344,19.14184188842773,96.01692199707033,0.0080083142966032,0.0173389371484518,0.0326509326696395,0.005778610240668,0.0102408230304718,0.0185469854623079,0.0059330840595066,0.0105456477031111,0.0216082111001014,0.0077781964791938,0.0079820966348052,0.0099010141566395,0.0102481627836823,0.0206798813305795,0.0213338900357484,0.0074265572475269,0.007510669529438,0.0077248979359865,0.0078773731365799,0.0075896052876487,0.0077461092732846,0.0075896052876487,0.0077461092732846,first,1.0,0.0,0.0715878307819366,1.3201971054077148,0.0,0.0715878307819366,0.0,0.0715878307819366,True,0.0710373818874359,0.0004169444728177,0.0010519623756408,0.0206798799335956,0.0004788017249666,0.0075896056368947,0.0001094707622542,124485,124485,16,16,0,False,False,0.0,0.0,2.786076397365278e-07,0.3462558877193165,2.6288158013136e-07,2.628815798377815e-07,0.0,0.0,0.0,0.0,0.0,0.0,0.0,0.3010562804373489,0.6727696342028544,0.1818181818181818,0.0454210818645041,0.0440441566987838,0.0567763523306302,0.2175118122224009,1.4242001396283823,2.8249258317667,286.7736774096992,1080.0264892578125,14.250703811645508,17.79645953531499,0.8896324973008687,1650.22216796875,17.036165237426758,15.955379440311814,0.8113582138564097,0.0141455046832561,0.0041733877733349,0.0066230632364749,0.0104425307363271,0.0087340017780661,0.0715878307819366,0.0715878307819366,0.024605486548364,0.1230268519807499,5.0,2.934624683612794e-07,5.883756821267051e-09,2.769311645296996e-07,4.483680534490208e-09,0.1230268519807499,True,209,14,success,165,True,False,False,-1,,akita_black_bowl_1,True,165,False,-1,False,0.0,1.0,137,94,0.1728469831112766,1.3350661475427503,0.3970697604275692,2.6233586375857776,13538435.443315502,0.9284121692180634,,,,,,,,,,,165.0,False,False
libero_10,3,5,0,5,124485,0,124485,1,16,put the black bowl in the bottom drawer of the cabinet and close it,-1,-1,none,-1,-1,-1,-1,4.0,0.0014279600000008,0.0066512781195342,0.0061566955409944,0.0024194072466343,0.0006342206033878,0.0008348363335244,0.007554315496236,0.0977558866143226,0.0007818085723556,0.0021038353443145,0.0005119232810102,0.0008670718525536,0.5483376383781433,1.5,19.35684585571289,0.8979989290237427,3.2015621662139893,34.73830795288086,0.0059652719646692,0.0106367943808436,0.0189645923674106,0.0054839616641402,0.0097165014594793,0.0188058614730834,0.006021587178111,0.0106743741780519,0.0194854401051998,0.0076493612723425,0.0077055292204022,0.009432247839868,0.0096111325547099,0.0212283367291092,0.0217591524124145,0.0072988104075193,0.0074218627996742,0.0076109069632366,0.0077826832421123,0.0075728250667452,0.0077115558087825,0.0075728250667452,0.0077115558087825,first,1.0,0.0,0.0968640446662902,-1.1407420635223389,0.0,0.0968640446662902,2.0,0.0989678800106048,False,0.0977558866143226,0.0007818085723556,0.0021038353443145,0.0212283357977867,0.0004202738928142,0.0075728250667452,0.0001187661400763,125485,125487,32,16,0,False,False,0.0,0.0,2.786076397365278e-07,0.2458143678525795,2.6288158013136e-07,2.628815798377815e-07,0.0,0.0,0.0,0.0,0.0,0.0,0.0,0.6598811883851965,0.7136521573083471,0.0333333333333333,0.1295021008200549,0.1276267553738768,0.1618776260250687,0.1697675977322883,1.1675977542914755,2.91276421948772,25.921290498495125,1065.4366455078125,14.60251235961914,17.85552730679161,0.8874852355734858,1570.4091796875,17.31177520751953,16.170675356386866,0.8296048441567024,0.0356191359460353,0.0071433749981224,0.0311951860785484,0.0155746154487133,0.0320074260234832,0.0968640446662902,0.0968640446662902,0.0735874182970375,0.3679370914851876,5.0,0.0,3.644109475393e-17,0.0,1.842777467399931e-17,0.3679370914851876,True,209,14,success,165,True,False,False,-1,,akita_black_bowl_1,True,165,False,-1,False,0.0,1.0,137,94,0.1728469831112766,1.3350661475427503,0.3970697604275692,2.6233586375857776,13538435.443315502,0.9031359553337096,,,,,,,,,,,149.0,False,False
libero_10,3,5,0,5,124485,0,124485,2,32,put the black bowl in the bottom drawer of the cabinet and close it,-1,-1,none,-1,-1,-1,-1,4.0,0.0015010245842859,0.0061221928335726,0.0089738443493843,0.002587400143966,0.0006375057273544,0.0008324539521709,0.0078314393758773,0.1127000674605369,0.0002743376244325,0.0007539689540863,0.0004274946404621,0.0006349852192215,0.6053735613822937,1.8027756214141848,18.124568939208984,1.3536937236785889,4.636809349060059,51.804317474365234,0.0060414816252887,0.0107549000531435,0.0185198131948709,0.0054149907082319,0.0096547901630401,0.015559091232717,0.0056880316697061,0.0100338393822312,0.0180935841053724,0.0078015050385147,0.0078563187271356,0.0097037872765213,0.0098439147695899,0.021100987214595,0.0217017214745283,0.0072993853827938,0.0073672267608344,0.0076637584716081,0.007869491353631,0.0072795314481481,0.0073424316942691,0.0072795314481481,0.0073424316942691,first,1.0,0.0,0.1126483976840972,-0.1883437484502792,0.0,0.1126483976840972,2.0,0.113141268491745,False,0.1127000674605369,0.0002743376244325,0.0007539689540863,0.0211009867489337,0.0004259036504663,0.0072795315645635,4.257511318428442e-05,126485,126487,48,16,0,False,False,0.0,0.0,2.786076397365278e-07,0.190832706171151,2.6288158013136e-07,2.628815798377815e-07,0.0,0.0,0.0,0.0,0.0,0.0,0.0,0.4475836999421934,0.4977918435134361,0.0333333333333333,0.0665131507861797,0.060860034685721,0.0831414384827247,0.2120329121848659,2.1769943945380885,8.668486316061946,434.5619681687498,1213.207275390625,15.593477249145508,17.291453548338605,0.8780668418270717,891.7720947265625,12.281794548034668,18.62826482555917,0.892809716234077,0.016675753518939,0.0041012149304151,0.0120269656181335,0.012521669268608,0.0110028814524412,0.1126483976840972,0.1126483976840972,0.4017658278237437,2.0088291391187187,5.0,0.0,2.0975142393557526e-19,0.0,1.584764447782414e-18,2.0088291391187187,True,209,14,success,165,True,False,False,-1,,akita_black_bowl_1,True,165,False,-1,False,0.0,1.0,137,94,0.1728469831112766,1.3350661475427503,0.3970697604275692,2.6233586375857776,13538435.443315502,0.8873516023159027,,,,,,,,,,,133.0,False,False
libero_10,3,5,0,5,124485,0,124485,3,48,put the black bowl in the bottom drawer of the cabinet and close it,-1,-1,none,-1,-1,-1,-1,4.0,0.0015786292497068,0.0053913514129817,0.0054428447037935,0.0027024559676647,0.0007671141065657,0.0006416944088414,0.0083914352580904,0.1537003070116043,0.0005083456053398,0.0012735426425933,0.0005957868415862,0.0009869503555819,0.8026121258735657,2.4874684810638428,24.718414306640625,2.514312028884888,12.539936065673828,60.56607818603516,0.006004009861499,0.0107203945517539,0.0183697324246168,0.0054946658201515,0.0098451385274529,0.0192034151405096,0.0057038469240069,0.0101101361215114,0.0163918789476156,0.0074648293666541,0.007565242704004,0.0094475406222045,0.0101710585877299,0.0208863415755331,0.0216926671564579,0.0073040397837758,0.0073549430817365,0.0075944892596453,0.0078245680779218,0.0072668917709961,0.0073093506507575,0.0072668917709961,0.0073093506507575,first,1.0,0.0,0.1541089415550232,0.803851842880249,0.0,0.1541089415550232,3.0,0.1541976332664489,False,0.1537003070116043,0.0005083456053398,0.0012735426425933,0.0208863411098718,0.0007219407707452,0.0072668916545808,4.882198118139058e-05,127485,127488,64,16,0,False,False,0.0,0.0,2.786076397365278e-07,0.0991377941272618,2.6288158013136e-07,2.628815798377815e-07,0.0,0.0,0.0,0.0,0.0,0.0,0.0,0.4540736585556646,0.495531100421226,0.0777777777777777,0.0994646762509369,0.0984818954508155,0.1243308453136712,0.1106933259615668,1.3010554273767203,7.711689920428093,116.2191272680781,1122.028564453125,15.389395713806152,17.63076447596197,0.891717042179092,1087.0087890625,14.187426567077637,17.76847305258236,0.8881058857734839,0.0146197639405727,0.0043452382087707,0.0068105459213256,0.0101154809817671,0.0098994961008429,0.1541089415550232,0.1541089415550232,0.0492757623644242,0.2463788118221212,5.0,0.0,2.2698112434615973e-19,0.0,5.264431753388647e-19,0.2463788118221212,True,209,14,success,165,True,False,False,-1,,akita_black_bowl_1,True,165,False,-1,False,0.0,1.0,137,94,0.1728469831112766,1.3350661475427503,0.3970697604275692,2.6233586375857776,13538435.443315502,0.8458910584449768,,,,,,,,,,,117.0,False,False
libero_10,3,5,0,5,124485,0,124485,4,64,put the black bowl in the bottom drawer of the cabinet and close it,-1,-1,none,-1,-1,-1,-1,4.0,0.0012396104866638,0.0040136314928531,0.0063887028954923,0.0019966503605246,0.0004528129938989,0.0013288829941302,0.006367992144078,0.22115159034729,0.000482023198856,0.0013225972652435,0.0015574985882267,0.0050247623585164,0.5554817914962769,1.5811388492584229,12.409673690795898,1.3684642314910889,7.084313869476318,42.30248260498047,0.0059642200358211,0.0108027076348662,0.0392911024391651,0.0060091214254498,0.0106851188465952,0.0212297439575195,0.0056358533911406,0.0099448841065168,0.0190058164298534,0.0078897000057622,0.0082390960305929,0.0173708661459386,0.0321419760584831,0.0194028979167342,0.0206314455717802,0.0077332301298156,0.0084846680983901,0.0083728322060778,0.0092984056100249,0.007144177914597,0.0074241333641111,0.007144177914597,0.0074241333641111,first,1.0,0.0,0.2204790115356445,-1.3953245878219604,0.0,0.2204790115356445,2.0,0.221801608800888,False,0.22115159034729,0.000482023198856,0.0013225972652435,0.0194028969854116,0.0007327563944272,0.007144178263843,0.0001826701773097,128485,128487,80,16,0,False,False,0.0,0.0,2.786076397365278e-07,0.0454657392021695,2.6288158013136e-07,2.628815798377815e-07,0.0,0.0,0.0,0.0,0.0,0.0,0.0,0.2588472953249299,0.3638813271219547,0.1,0.0569713063026472,0.0561066317079256,0.071214132878309,0.1564371542338212,1.206311155700312,3.0401804888587693,134.81221067422973,1051.1773681640625,14.895408630371094,17.914043589064573,0.9015601655976716,1033.7210693359375,13.453131675720217,17.986769927001276,0.8806716613614073,0.0461990684270858,0.013248112052679,0.0300990343093872,0.0217372830957174,0.0263609495013952,0.2204790115356445,0.2204790115356445,0.4003256624289197,2.001628312144599,5.0,0.0,2.007400937745239e-18,0.0,1.3926865171399512e-18,2.001628312144599,True,209,14,success,165,True,False,False,-1,,akita_black_bowl_1,True,165,False,-1,False,0.0,1.0,137,94,0.1728469831112766,1.3350661475427503,0.3970697604275692,2.6233586375857776,13538435.443315502,0.7795209884643555,,,,,,,,,,,101.0,False,False
libero_10,3,5,0,5,124485,0,124485,5,80,put the black bowl in the bottom drawer of the cabinet and close it,-1,-1,none,-1,-1,-1,-1,4.0,0.0011758856708183,0.0083470260724425,0.0027055707760155,0.0017123474972322,0.0008028979063965,0.0006854631355963,0.0058977119624614,0.2709682583808899,0.0002834607439581,0.0007275342941284,0.000654004747048,0.0010276092216372,0.5878576636314392,1.785357117652893,14.446020126342772,1.5911200046539309,6.103277683258057,54.64659118652344,0.0059463307261466,0.0106167066842317,0.0197288934141397,0.005628605838865,0.0099801430478692,0.0178939998149871,0.0054570222273468,0.0098509900271892,0.0167603753507137,0.0075156799284741,0.0076148463413119,0.0092187367845326,0.0094142248854041,0.0190334706567227,0.0197148844599723,0.0078056001802906,0.0079675400629639,0.0082867960445582,0.0084427120164036,0.0070950604276731,0.0073245288804173,0.0070950604276731,0.0073245288804173,first,1.0,0.0,0.2707768380641937,-0.6752974390983582,0.0,0.2707768380641937,1.0,0.271432101726532,False,0.2709682583808899,0.0002834607439581,0.0007275342941284,0.0190334692597389,0.0005937698297202,0.0070950603112578,0.0001401010085828,129485,129486,96,16,0,False,False,0.0,0.0,0.0551969728103809,0.0452656292561028,2.6288158013136e-07,2.628815798377815e-07,0.0,0.0,0.0,0.0,68.0,8.0,68.0,0.3592855880245086,0.7099509635100395,0.0777777777777777,0.0638962317725113,0.061935100795175,0.0798702897156391,0.2564968496913893,1.4211865992560413,2.499795057144356,137.4701304039872,921.9929809570312,13.581892013549805,18.48352746043384,0.9113796080961242,1131.2325439453125,14.542722702026367,17.595284702031307,0.8746481516027093,0.0198009107261896,0.0053340513259172,0.0112527906894683,0.0067325653508305,0.0155285475775599,0.2707768380641937,0.2707768380641937,0.4399382666795728,2.005880651929694,5.0,0.0567692730894094,0.1370414083787606,0.0,3.0575135289213925e-20,2.005880651929694,True,209,14,success,165,True,False,False,-1,,akita_black_bowl_1,True,165,False,-1,False,0.0,1.0,137,94,0.1728469831112766,1.3350661475427503,0.3970697604275692,2.6233586375857776,13538435.443315502,0.7292231619358063,,,,,,,,,,,85.0,False,False
libero_10,3,5,0,5,124485,0,124485,6,96,put the black bowl in the bottom drawer of the cabinet and close it,-1,-1,none,-1,-1,-1,-1,4.0,0.0014179883291944,0.0053234393708407,0.0075391507707536,0.0024460782296955,0.0005946939927525,0.0008036022773012,0.0075599537231028,0.3193017244338989,0.0002363549283472,0.0006265938282012,0.0007260849233716,0.0009713198523968,0.8257034420967102,2.861380815505981,36.15504837036133,1.7538225650787354,3.90512490272522,59.57348251342773,0.0059266090393066,0.0105691878125071,0.0188457015901803,0.0056088711135089,0.009904084727168,0.0212868861854076,0.005526793655008,0.009914731606841,0.0178926344960927,0.0076485283207148,0.0076969652436673,0.0103008646983653,0.0110691003501415,0.0202866261824965,0.0217683184891939,0.0074841240420937,0.0077194911427795,0.0077736035455018,0.0079175475984811,0.0071784700267016,0.007364606950432,0.0071784700267016,0.007364606950432,first,1.0,0.0,0.3193889856338501,0.3691956102848053,0.0,0.3193889856338501,2.0,0.3196391761302948,False,0.3193017244338989,0.0002363549283472,0.0006265938282012,0.0202866252511739,0.0008731987909413,0.0071784700267016,0.0001243724254891,130485,130487,112,16,0,False,False,0.0,0.0,0.1701715229324432,0.0552559726244431,2.6288158013136e-07,2.628815798377815e-07,0.0,0.0,0.0,0.0,128.0,8.0,128.0,0.7767510778464086,0.8704449159833778,0.1111111111111111,0.1565677677060764,0.1454673584931686,0.1957097096325955,0.3655272661484703,1.7750642805932615,3.5415161184786688,36.32580612836106,1020.1410522460938,14.515253067016602,18.04420136187428,0.8961804403643466,1173.780517578125,15.164859771728516,17.434934640550964,0.8620358396025863,0.0276942271739244,0.005926345475018,0.0234822034835815,0.0247737169265747,0.0111827626824378,0.3193889856338501,0.3193889856338501,0.0797670965863475,0.2166532189289488,5.0,0.1426330108060613,0.0395492531967275,0.0,1.9785757434780215e-18,0.2166532189289488,True,209,14,success,165,True,False,False,-1,,akita_black_bowl_1,True,165,False,-1,False,0.0,1.0,137,94,0.1728469831112766,1.3350661475427503,0.3970697604275692,2.6233586375857776,13538435.443315502,0.6806110143661499,,,,,,,,,,,69.0,False,False
libero_10,3,5,0,5,124485,0,124485,7,112,put the black bowl in the bottom drawer of the cabinet and close it,-1,-1,none,-1,-1,-1,-1,4.0,0.0012086760252714,0.0057624042965471,0.0061071244999766,0.0019171494059264,0.0006207677070051,0.0008469807798974,0.0062638986855745,0.3744480609893799,0.0008789745625108,0.0021719336509704,0.0005790612194687,0.0010143374092876,0.567791759967804,1.7320507764816284,18.03468894958496,0.7813195586204529,2.598076105117798,34.77427291870117,0.0057034268975257,0.0101244701072573,0.0175355244427919,0.0054554441012442,0.0097103873267769,0.0184661019593477,0.0055403527803719,0.0098271565511822,0.0187598597258329,0.0074377713026478,0.0074992380104959,0.0090160958934575,0.0097297430038452,0.020035442430526,0.0207037534564733,0.0074274148792028,0.0074442201294004,0.0077088889665901,0.0077991210855543,0.0068358031567186,0.007014354225248,0.0068358031567186,0.007014354225248,first,1.0,0.0,0.3759603500366211,1.7205151319503784,0.0,0.3759603500366211,0.0,0.3759603500366211,True,0.3744480609893799,0.0008789745625108,0.0021719336509704,0.0200354419648647,0.0003881391894537,0.0068358029238879,0.0001353913394268,131485,131485,128,16,0,False,False,0.0,0.0,0.1728469831112766,0.0554871524926986,2.6288158013136e-07,2.628815798377815e-07,0.0,0.0,0.0,0.0,128.0,8.0,128.0,0.5881148229338998,0.6696372866035221,0.0222222222222222,0.1229784878423462,0.1128992612088411,0.1537231098029328,0.250754471915711,1.4013945346612469,3.1083015224902475,41.06246894980909,1292.2496337890625,16.209503173828125,17.01733943102983,0.8639933206234678,1243.1220703125,15.450334548950195,17.18566583907586,0.8528551122361616,0.0263719670474529,0.0074275452643632,0.0173206627368927,0.0195844788104295,0.0170001219958066,0.3759603500366211,0.3759603500366211,0.4408881283840055,2.006489431998166,5.0,0.1177137096147257,0.080237500307136,0.0,1.0017101975382898e-18,2.006489431998166,True,209,14,success,165,True,False,False,-1,,akita_black_bowl_1,True,165,False,-1,False,0.0,1.0,137,94,0.1728469831112766,1.3350661475427503,0.3970697604275692,2.6233586375857776,13538435.443315502,0.6240396499633789,,,,,,,,,,,53.0,False,False
libero_10,3,5,0,5,124485,0,124485,8,128,put the black bowl in the bottom drawer of the cabinet and close it,-1,-1,none,-1,-1,-1,-1,4.0,0.0015200733905658,0.0082343816757202,0.0059147174470126,0.0026788581162691,0.0005816791672259,0.0008589025237597,0.008311160840094,0.4092751145362854,0.0012848192127421,0.0031388401985168,0.0009719976806081,0.0025433271657675,0.7515983581542969,2.4494898319244385,30.13614845275879,1.996432304382324,8.046738624572754,52.167999267578125,0.0060070496983826,0.0106850229203701,0.0211842451244592,0.0055496688000857,0.0098844496533274,0.0169586930423975,0.0059433742426335,0.0104379495605826,0.0173853132873773,0.0077839349396526,0.0078102671541273,0.0101369977928698,0.0103913890197873,0.0199313182383775,0.0205366145819425,0.0074903145432472,0.0075801461935043,0.0078583388822153,0.0080603640526533,0.0071355903055518,0.0072657181881368,0.0071355903055518,0.0072657181881368,first,1.0,0.0,0.4081560969352722,-0.870953381061554,0.0,0.4081560969352722,2.0,0.411182701587677,False,0.4092751145362854,0.0012848192127421,0.0031388401985168,0.0199313182383775,0.0005118550616316,0.0071355905383825,0.0001007717582979,132485,132487,144,16,0,False,False,0.5,0.5,0.1285381102436191,0.0548237768639609,2.6288158013136e-07,2.628815798377815e-07,0.0,0.0,0.0,0.0,100.0,8.0,100.0,0.5442272848341758,0.5894895662872455,0.1264367816091954,0.1084193585509605,0.1063111386926165,0.1355241981887006,0.1467684448267411,2.277412670531937,4.9613883489175885,143.25693735149622,1839.3145751953125,19.497089385986328,15.484243485477268,0.8116996831036538,2257.923828125,24.72816276550293,14.593710741128774,0.7587856388327434,0.1219149455428123,0.0265872050076723,0.0945314764976501,0.0274452809244394,0.0194246377795934,0.4081560969352722,0.4081560969352722,0.0643587393989119,0.1757597585460058,5.0,0.1088060970348082,0.0372278414137456,0.0,6.000600377300081e-19,0.1757597585460058,True,209,14,success,165,True,False,False,-1,,akita_black_bowl_1,True,165,False,-1,False,0.0,1.0,137,94,0.1728469831112766,1.3350661475427503,0.3970697604275692,2.6233586375857776,13538435.443315502,0.5918439030647278,,,,,,,,,,,37.0,False,False
libero_10,3,5,0,5,124485,0,124485,9,144,put the black bowl in the bottom drawer of the cabinet and close it,-1,-1,none,-1,-1,-1,-1,4.0,0.021382512524724,0.7997393012046814,0.0260327812284231,0.0266514588147401,0.0056509431451559,0.052770372480154,0.1430305391550064,0.5429004430770874,0.0012813201174139,0.0031089782714843,0.0029606325551867,0.0063982377760112,2.466380834579468,9.069178581237791,98.00860595703124,9.467252731323242,53.132572174072266,110.06929779052734,0.0281832162290811,0.0632445588707923,0.8231574892997742,0.0065444014035165,0.0117443716153502,0.0221552737057209,0.0059533594176173,0.0104436725378036,0.0177073497325181,0.0090880035422742,0.009743807837367,0.025617282371968,0.0436032079160213,0.0248369267210364,0.0261927228420972,0.0080740666016936,0.0081687700003385,0.0088745963294059,0.0094506535679101,0.0069754517171531,0.0070240292698144,0.0069754517171531,0.0070240292698144,first,1.0,0.0,0.5419567823410034,-0.73647540807724,0.0,0.5419567823410034,1.0,0.544467568397522,False,0.5429004430770874,0.0012813201174139,0.0031089782714843,0.024836927652359,0.0012654328020289,0.0069754514843225,4.3871576053788885e-05,133485,133486,160,16,0,False,False,0.5,0.0,0.0344993940020351,0.0550494300116392,2.6288158013136e-07,2.628815798377815e-07,0.0,0.0,0.0,0.0,12.0,5.0,12.0,0.5447860392049453,0.9464781006419708,0.0777777777777777,0.0835039373405639,0.0540806437666354,0.1043799216757049,0.5091491588759258,3.991759374554582,7.7905921085966545,638.0459315768245,1427.7318115234375,17.025371551513672,16.58433724656085,0.8523570562336135,1652.8021240234375,17.84349822998047,15.948594985782158,0.8265436517729516,0.0203101076185703,0.0058729592710733,0.012327954173088,0.006768325343728,0.0185433309525251,0.5419567823410034,0.5419567823410034,0.0937804679241471,0.2823860789625013,5.0,0.0106258590517313,0.1758904016065032,0.0,1.123082452889011e-18,0.2823860789625013,True,209,14,success,165,True,False,False,-1,,akita_black_bowl_1,True,165,False,-1,False,0.0,1.0,137,94,0.1728469831112766,1.3350661475427503,0.3970697604275692,2.6233586375857776,13538435.443315502,0.4580432176589966,,,,,,,,,,,21.0,False,False
libero_10,3,5,0,5,124485,0,124485,10,160,put the black bowl in the bottom drawer of the cabinet and close it,-1,-1,none,-1,-1,-1,-1,4.0,0.0015886824112385,0.0057171350345015,0.0060730059631168,0.002650010632351,0.0008515776135027,0.0006160113262012,0.0083738891407847,0.6452484130859375,0.0006307469448074,0.0015414953231811,0.0004062989901285,0.0006908269715495,0.6349256634712219,1.9202864170074463,26.09956932067871,0.5689001679420471,1.2247449159622192,33.36914825439453,0.0061859744600951,0.0112131694331765,0.0221540257334709,0.0054521025158464,0.0096613960340619,0.0190028510987758,0.005480564199388,0.0097548067569732,0.0184729620814323,0.0079821525141596,0.0080498410388827,0.0101735743228346,0.0108315534889698,0.0211579552851617,0.0217331554740667,0.007323972065933,0.0073846643790602,0.0075576392700895,0.007720029912889,0.0071041751652956,0.0071667358279228,0.0071041751652956,0.0071667358279228,first,1.0,0.0,0.6463321447372437,1.7181718349456787,0.0,0.6463321447372437,0.0,0.6463321447372437,True,0.6452484130859375,0.0006307469448074,0.0015414953231811,0.021157955750823,0.0004576798528432,0.0071041751652956,4.129360604565591e-05,134485,134485,176,16,0,False,False,0.5,0.0,0.0278832390316613,0.1193915391573037,2.6288158013136e-07,2.628815798377815e-07,1.0,0.0,0.0,0.0,0.0,0.0,0.0,0.7888300080009758,0.8973744169800094,0.0444444444444444,0.1553037421103366,0.1361539307787727,0.1941296776379208,0.4688191357750802,3.1310707891680707,6.260369754352409,126.50444615047152,1036.9017333984375,14.208399772644045,17.97342760375659,0.897597142123479,617.45068359375,7.375113010406494,20.2247808508748,0.9294202688453528,0.0264389161020517,0.0071227485314011,0.0174414813518524,0.0175776369869709,0.0195032227784395,0.6463321447372437,0.6463321447372437,0.0496061519566032,0.2474579556501023,5.0,5.5680423818648025e-05,0.0005171237090951,0.0,2.4015384677955413e-19,0.2474579556501023,True,209,14,success,165,True,False,False,-1,,akita_black_bowl_1,True,165,False,-1,False,0.0,1.0,137,94,0.1728469831112766,1.3350661475427503,0.3970697604275692,2.6233586375857776,13538435.443315502,0.3536678552627563,,,,,,,,,,,5.0,False,False
libero_10,3,5,0,5,124485,0,124485,11,176,put the black bowl in the bottom drawer of the cabinet and close it,-1,-1,none,-1,-1,-1,-1,4.0,0.0021854538936167,0.0106358453631401,0.0103437146171927,0.003917456138879,0.0009602308273315,0.0006651150179095,0.0118439132347702,0.7673763036727905,0.00050025008386,0.0012458562850952,0.0009379506809636,0.0017382890218868,1.3959238529205322,5.123475551605225,51.69622802734375,2.1457581520080566,9.43398094177246,59.89156723022461,0.0063935397192835,0.0115332948043942,0.0218304675072431,0.0055261002853512,0.0098629435524344,0.0167953297495841,0.0056899944320321,0.0101789170876145,0.0203084759414196,0.0076423140708357,0.0076985456980764,0.00974149745889,0.0103465989232063,0.021458723116666,0.022191934287548,0.0075548384338617,0.0076194223947823,0.0080396661069244,0.0082434061914682,0.0074182037496939,0.0075477799400687,0.0074182037496939,0.0075477799400687,first,1.0,0.0,0.7668493986129761,-1.0532833337783811,0.0,0.7668493986129761,3.0,0.7680952548980713,False,0.7673763036727905,0.00050025008386,0.0012458562850952,0.0214587245136499,0.000792316335719,0.0074182036332786,7.605491555295885e-05,135485,135488,192,16,0,False,False,0.5,0.0,0.0278833380406647,0.0967833108677448,2.6288158013136e-07,2.628815798377815e-07,1.0,0.0,0.0,0.0,2.0,1.0,0.0,0.6905442675619962,0.7773776445106843,0.0444444444444444,0.1317572264797253,0.1181558850423466,0.1646965330996566,0.3810040681628946,4.217212910057339,18.30883132512308,666.0682824597262,1203.60693359375,16.10289192199707,17.32595679961356,0.8867174719010602,532.70068359375,7.532738208770752,20.865971067697654,0.9255809066232848,0.0795153900980949,0.0199604108929634,0.0584189593791961,0.0395623221993446,0.06641685962677,0.7668493986129761,0.7668493986129761,0.0453970672650091,0.2050871259241682,5.0,0.0205240690672951,0.0013741413335824,0.0,8.28622658536213e-19,0.2050871259241682,True,209,14,success,165,True,False,False,-1,,akita_black_bowl_1,True,165,False,-1,False,0.0,1.0,137,94,0.1728469831112766,1.3350661475427503,0.3970697604275692,2.6233586375857776,13538435.443315502,0.2331506013870239,,,,,,,,,,,-11.0,False,False
libero_10,3,5,0,5,124485,0,124485,12,192,put the black bowl in the bottom drawer of the cabinet and close it,-1,-1,none,-1,-1,-1,-1,4.0,0.0013504984090104,0.0066487132571637,0.0090238265693187,0.0022325839381664,0.0006873399834148,0.0006937163998372,0.0073261763900518,0.9171766042709352,0.0002105093153659,0.0005626678466796,0.0006507114158011,0.0011624648468568,0.546006977558136,1.7320507764816284,22.2415714263916,0.3886004686355591,0.829156219959259,6.3442888259887695,0.0061174407601356,0.011158138513565,0.0303313359618186,0.005579809192568,0.0099018020555377,0.0190840605646371,0.0057225045748054,0.0101622892543673,0.0180905703455209,0.0078303453046828,0.0079048126935958,0.0104948049411177,0.0106950076296925,0.0219261827878654,0.0223715007305145,0.0075589797925204,0.0075788325630128,0.0078959421953186,0.0080948127433657,0.007396510336548,0.0074783200398087,0.007396510336548,0.0074783200398087,first,1.0,0.0,0.9172895550727844,0.5365596413612366,0.0,0.9172895550727844,2.0,0.917438268661499,False,0.9171766042709352,0.0002105093153659,0.0005626678466796,0.0219261832535266,0.0003468902723398,0.0073965098708868,5.217752186581493e-05,136485,136487,208,16,0,False,False,0.5,0.0,0.0278199027602902,0.0962518393356308,2.6288158013136e-07,2.628815798377815e-07,1.0,0.0,0.0,0.0,13.0,1.0,0.0,0.7261777303327185,0.7818861380410166,0.1333333333333333,0.11394254437827,0.1134735236316078,0.1424281804728376,0.1573714674284545,2.6737906305450814,20.065940887489525,606.5052772436852,1232.7542724609375,15.229618072509766,17.222038444909415,0.8822507632308142,572.9297485351562,6.273510456085205,20.54978987930148,0.9203515138827242,0.0382234677672386,0.0079586459323763,0.0343036949634552,0.0144338132813572,0.0352822057902812,0.9172895550727844,0.9172895550727844,0.0580488677663024,0.1686705622327238,5.0,0.1209681469002559,0.0006056296985324,0.0,7.200023572632669e-19,0.1686705622327238,True,209,14,success,165,True,False,False,-1,,akita_black_bowl_1,True,165,False,-1,False,0.0,1.0,137,94,0.1728469831112766,1.3350661475427503,0.3970697604275692,2.6233586375857776,13538435.443315502,0.0827104449272155,,,,,,,,,,,-27.0,False,False
libero_10,3,5,0,5,124485,0,124485,13,208,put the black bowl in the bottom drawer of the cabinet and close it,-1,-1,none,-1,-1,-1,-1,4.0,0.0018602531636133,0.0184141658246517,0.0075722080655395,0.0033412922639399,0.0007380715687759,0.0007836795412003,0.0106809334829449,1.0,0.0,0.0,0.0005399956135079,0.0009187171817757,0.4269894361495971,1.2247449159622192,8.317902565002441,0.2962801158428192,0.5,5.539629936218262,0.0063084755092859,0.0117976628243923,0.0297077372670173,0.005586193408817,0.0099197383970022,0.0190068501979112,0.0058295163325965,0.0102912709116935,0.0182871837168931,0.0081156876403838,0.0081793498247861,0.0119125596247613,0.0133054126054048,0.0205406043678522,0.0215843170881271,0.0075601749122142,0.0077125099487602,0.0078333978308364,0.0079809268936514,0.0075460461666807,0.0075970687903463,0.0075460461666807,0.0075970687903463,first,1.0,0.0,1.0,0.0,0.0,1.0,0.0,1.0,True,1.0,0.0,0.0,0.0205406043678522,0.0006774485227651,0.007546046283096,6.292363104876131e-05,137485,137485,209,1,0,False,True,1.0,0.5,0.0278067895402459,0.1085405985944167,2.6288158013136e-07,2.628815798377815e-07,1.0,0.0,0.0,0.0,1.0,1.0,0.0,0.748806559112877,0.748806559112877,0.0,0.000824535337637,0.000824535337637,0.01649070675274,0.0,0.0,0.0,0.0,1253.792236328125,15.358445167541504,17.148547845740097,0.8804058980711964,574.8154296875,6.3312273025512695,20.53551943545248,0.9197987035475088,0.0130987912416458,0.0032432195730507,0.0101218521595001,0.0024763771798461,0.0117924315854907,0.0,1.0,0.0023444687744639,0.0074057794285719,5.0,0.004139392504521,0.0001771719392269,0.0,5.212212326437769e-19,0.0074057794285719,True,209,14,success,165,True,False,False,-1,,akita_black_bowl_1,True,165,False,-1,False,0.0,1.0,137,94,0.1728469831112766,1.3350661475427503,0.3970697604275692,2.6233586375857776,13538435.443315502,0.0,,,,,,,,,,,-43.0,False,False
libero_10,4,6,1,0,134000,0,134000,0,0,put the white mug on the left plate and put the yellow and white mug on the right plate,-1,-1,none,-1,-1,-1,-1,4.0,0.0029394510202109,0.0173812489956617,0.0126018775627017,0.0062334262765944,0.0004299480933696,0.0005860337987542,0.0205242354422807,0.0730609744787216,0.0005988964112475,0.0016036927700042,0.0009169041295535,0.0025762936566025,1.0064178705215454,3.766629695892334,54.13582611083984,2.298152446746826,9.604686737060549,79.96717834472656,0.0071834451518952,0.0163135640323162,0.0286018326878547,0.0055825198069214,0.0099178217351436,0.0170005522668361,0.0059218388050794,0.0104332994669675,0.0195343662053346,0.007448996999301,0.0075871050357818,0.0093873261939734,0.0097874915227293,0.0201520533300936,0.0209192298352718,0.0071810221998021,0.0074529433622956,0.0073828505119308,0.0076805213466286,0.0075048772851005,0.0076114330440759,0.0075048772851005,0.0076114330440759,first,1.0,0.0,0.0727415382862091,-0.5333747267723083,0.0,0.0727415382862091,2.0,0.0740153789520263,False,0.0730609744787216,0.0005988964112475,0.0016036927700042,0.0201520528644323,0.0006563819479197,0.0075048776343464,0.0001109645018004,134000,134002,16,16,0,False,False,0.0,0.0,1.7208456881689926e-15,0.2662307241502882,1.887379141862766e-15,1.887379141862766e-15,0.0,0.0,0.0,0.0,0.0,0.0,0.0,0.2543785134831889,0.6327470362062412,0.1777777777777777,0.0452170385860799,0.0446142375198147,0.0565212982325999,0.2414932185071454,1.7995660630881751,4.990724096928709,536.119250354628,487.24700927734375,10.172161102294922,21.25331178770058,0.8473249884418396,643.8909912109375,10.268461227416992,20.04268012021707,0.6864108490826699,0.0180008094757795,0.0041208108887076,0.0154517740011215,0.0168940965086221,0.0060098436661064,0.0727415382862091,0.0727415382862091,9.725384135658392e-16,2.1649348980190556e-15,10.0,,,,,,True,238,15,success,131,True,False,False,-1,,"porcelain_mug_1,white_yellow_mug_1",True,131,False,-1,False,0.0,1.0,117,74,0.1008018640427185,1.522062477642416,0.4011399219927407,2.3812650490224603,16503235.914752765,0.9272584617137908,5.551115123125784e-16,1.270974549559499e-16,1.5543122344752194e-15,4.436433088683271e-16,1.9984014443252818e-15,1.1010809295811818e-16,2.1649348980190556e-15,3.0540030060263726e-16,2.1649348980190556e-15,3.014399911221694e-16,131.0,False,False
libero_10,4,6,1,0,134000,0,134000,1,16,put the white mug on the left plate and put the yellow and white mug on the right plate,-1,-1,none,-1,-1,-1,-1,4.0,0.0016662502894178,0.0080792857334017,0.0053012701682746,0.0029305275529623,0.0007149807061068,0.0007272257935255,0.0088599016889929,0.0880261585116386,0.0001725464389892,0.0004564523696899,0.000372583133867,0.0005897411028854,0.421382337808609,1.2247449159622192,11.903255462646484,0.555719792842865,1.2247449159622192,16.482946395874023,0.0061314757913351,0.0109167648479342,0.0197384990751743,0.0055133397690951,0.0098071675747632,0.0179325565695762,0.0057203080505132,0.0102339442819356,0.0172054972499609,0.0075512059265747,0.0075716115534305,0.0094451494514942,0.0099950684234499,0.0197032708674669,0.0200608577579259,0.0071762489387765,0.0073204445652663,0.0074210689635947,0.0074882409535348,0.0073263542726635,0.0074231522157788,0.0073263542726635,0.0074231522157788,first,1.0,0.0,0.0883048772811889,1.615326166152954,0.0,0.0883048772811889,0.0,0.0883048772811889,True,0.0880261585116386,0.0001725464389892,0.0004564523696899,0.019703272730112,0.0002729797561187,0.0073263542726635,7.319480937439948e-05,135000,135000,32,16,0,False,False,0.0,0.0,1.7208456881689926e-15,0.1580307371639197,1.887379141862766e-15,1.887379141862766e-15,0.0,0.0,0.0,0.0,0.0,0.0,0.0,0.6172306005218452,0.6471619536585803,0.0666666666666666,0.1251892290588531,0.1129864522882816,0.1564865363235663,0.3379853686746406,2.800779393319984,4.876415410333345,138.23059716545637,593.501708984375,11.284697532653809,20.396583870273165,0.8377360041747987,395.2067260742188,7.466132640838623,22.16256033575648,0.7641327312520287,0.0160374995321035,0.0035752456169575,0.0106816738843917,0.0113112591207027,0.011359597556293,0.0883048772811889,0.0883048772811889,4.191018821813988e-18,2.1119985720728306e-17,10.0,,,,,,True,238,15,success,131,True,False,False,-1,,"porcelain_mug_1,white_yellow_mug_1",True,131,False,-1,False,0.0,1.0,117,74,0.1008018640427185,1.522062477642416,0.4011399219927407,2.3812650490224603,16503235.914752765,0.911695122718811,0.0,8.22022626738584e-19,0.0,2.1119985720728306e-17,0.0,1.2568473694288365e-17,0.0,5.320048585190153e-18,0.0,2.0796575911944786e-18,115.0,False,False
libero_10,4,6,1,0,134000,0,134000,2,32,put the white mug on the left plate and put the yellow and white mug on the right plate,-1,-1,none,-1,-1,-1,-1,4.0,0.0025755087845027,0.1043396964669227,0.0088344207033514,0.0024985957425087,0.0008105852175503,0.0081010162830352,0.0160634871572256,0.1054687574505806,0.000309661088977,0.0008042156696319,0.0062929387204349,0.0270789843052625,0.4316146373748779,1.2247449159622192,11.583932876586914,0.7042081952095032,1.8708287477493288,61.93696212768555,0.0071111442521214,0.0117526771500706,0.128560185432434,0.0103630032390356,0.0296139679849147,0.0433186665177345,0.0057288371026515,0.0101619642227888,0.0173778571188449,0.0081337072188034,0.0085873240604996,0.016151777934283,0.0251833442598581,0.0204816469922661,0.0212975982576608,0.0086956396698951,0.0094792796298861,0.0101157275494188,0.0111055374145507,0.007363767712377,0.0074323574081063,0.007363767712377,0.0074323574081063,first,1.0,0.0,0.1055737733840942,0.3391318321228027,0.0,0.1055737733840942,3.0,0.1057488024234771,False,0.1054687574505806,0.000309661088977,0.0008042156696319,0.0204816460609436,0.0005359164206311,0.0073637678287923,5.511390190804377e-05,136000,136003,48,16,0,False,False,0.0,0.0,1.7208456881689926e-15,0.0912014869232564,1.887379141862766e-15,1.887379141862766e-15,0.0,0.0,0.0,0.0,0.0,0.0,0.0,0.383915935132104,0.6321852031475228,0.0777777777777777,0.0836731497302725,0.0829822986910221,0.1045914371628406,0.2520412477738968,1.774007003517074,3.204905779487841,127.3500765506554,571.0133056640625,11.111188888549805,20.564341326410567,0.8412944176400883,189.08213806152344,6.210817813873291,25.36429856389394,0.933669353021769,0.0939651206135749,0.0183659121394157,0.0655687451362609,0.009377509355545,0.0128552261739969,0.1055737733840942,0.1055737733840942,4.674530819501953e-18,2.1489905272109e-17,10.0,,,,,,True,238,15,success,131,True,False,False,-1,,"porcelain_mug_1,white_yellow_mug_1",True,131,False,-1,False,0.0,1.0,117,74,0.1008018640427185,1.522062477642416,0.4011399219927407,2.3812650490224603,16503235.914752765,0.8944262266159058,0.0,5.534248302051083e-19,0.0,2.1489905272109e-17,0.0,1.2913084648493165e-17,0.0,8.836665450002521e-19,0.0,1.0905226899212006e-17,99.0,False,False
libero_10,4,6,1,0,134000,0,134000,3,48,put the white mug on the left plate and put the yellow and white mug on the right plate,-1,-1,none,-1,-1,-1,-1,4.0,0.0097784027457237,0.8754180669784546,0.0093336887657642,0.0032324052881449,0.0008027630392462,0.0563433170318603,0.0734385177493095,0.1148751452565193,0.0003876511764246,0.0009323954582214,0.0041549773886799,0.016771649941802,0.569958508014679,1.8027756214141848,21.731313705444336,0.9771177172660828,3.6314597129821777,36.82730102539063,0.0141161773353815,0.0121917482465505,0.9047618508338928,0.0080816932022571,0.0194823909550905,0.0307075046002864,0.0056862528435885,0.01007098890841,0.0171885974705219,0.0077929878607392,0.0079010454937815,0.0137399975210428,0.0177214443683624,0.0207114992663264,0.0213144868612289,0.0076773046748712,0.0077472901903092,0.0083219553343951,0.0085095623508095,0.0072696709539741,0.0073938956484198,0.0072696709539741,0.0073938956484198,first,1.0,0.0,0.1154332160949707,1.4396212100982666,0.0,0.1154332160949707,0.0,0.1154332160949707,True,0.1148751452565193,0.0003876511764246,0.0009323954582214,0.020711500197649,0.0004664938896894,0.0072696707211434,8.730094850761816e-05,137000,137000,64,16,0,False,False,0.0,0.0,0.0015687064166068,0.0877764183628324,1.887379141862766e-15,1.887379141862766e-15,0.0,0.0,0.0,0.0,5.0,2.0,5.0,0.100698223851607,0.1469740755916587,0.1222222222222222,0.017689717313531,0.0120760828100934,0.0221121466419137,0.1308915547002746,1.3865019871984798,3.3696628667671096,1867.750906870306,621.5416870117188,11.625730514526367,20.196100986352068,0.8265908545029327,898.4340209960938,11.951085090637209,18.595941718763925,0.7075981964292738,0.0176972560584545,0.0048459935933351,0.010503351688385,0.0115136597305536,0.0067139840684831,0.1154332160949707,0.1154332160949707,0.0044748373565812,0.0431796877124814,10.0,,,,,,True,238,15,success,131,True,False,False,-1,,"porcelain_mug_1,white_yellow_mug_1",True,131,False,-1,False,0.0,1.0,117,74,0.1008018640427185,1.522062477642416,0.4011399219927407,2.3812650490224603,16503235.914752765,0.8845667839050293,0.0015686858533306,0.0431796877124814,0.0,2.1124099241147317e-17,0.0,1.3557715322023479e-17,0.0,1.0315827066213478e-18,0.0,6.0513689646589834e-18,83.0,False,False
libero_10,4,6,1,0,134000,0,134000,4,64,put the white mug on the left plate and put the yellow and white mug on the right plate,-1,-1,none,-1,-1,-1,-1,4.0,0.0016077749896794,0.0077712330967187,0.0050550973974168,0.0030816688667982,0.0004645821172744,0.0006156715098768,0.0089378198608756,0.1423665881156921,0.0001270490756724,0.000313401222229,0.0005813225288875,0.0007827875087969,0.5181052088737488,1.5811388492584229,13.647343635559082,0.6495391726493835,1.5811388492584229,20.216020584106445,0.0060243811458349,0.0107723074033856,0.0203508567065,0.0055125569924712,0.0097869047895073,0.0178105887025594,0.0056181019172072,0.009849932976067,0.0166063904762268,0.0076230691047385,0.0076856068335473,0.00995678990148,0.0102748982608318,0.0202821101993322,0.0210025180131196,0.0074023681227117,0.0074599045328795,0.0078304094495251,0.0079016042873263,0.0072573022916913,0.0073430766351521,0.0072573022916913,0.0073430766351521,first,1.0,0.0,0.1424979567527771,1.03399920463562,0.0,0.1424979567527771,0.0,0.1424979567527771,True,0.1423665881156921,0.0001270490756724,0.000313401222229,0.0202821120619773,0.0004395208670757,0.0072573022916913,8.393701136810705e-05,138000,138000,80,16,0,False,False,0.0,0.0,0.0894518093532558,0.0869691757837203,1.887379141862766e-15,1.887379141862766e-15,0.0,0.0,0.0,0.0,122.0,8.0,122.0,0.6434065256894307,0.9500294053355024,0.0454545454545454,0.1130808499805463,0.1085519217144313,0.1413510624756829,0.4343655472512552,2.609491068305532,3.926261868670108,144.2663680784097,551.0648803710938,11.203729629516602,20.718776267559708,0.842669522466659,318.3678894042969,7.913537502288818,23.101511025490453,0.9111219326703958,0.0141064301133155,0.0035759301390498,0.0107388496398925,0.0079172467812895,0.003530089976266,0.1424979567527771,0.1424979567527771,0.021784884914172,0.1098908801783718,10.0,,,,,,True,238,15,success,131,True,False,False,-1,,"porcelain_mug_1,white_yellow_mug_1",True,131,False,-1,False,0.0,1.0,117,74,0.1008018640427185,1.522062477642416,0.4011399219927407,2.3812650490224603,16503235.914752765,0.8575020432472229,0.1079579689633484,0.1098908801783718,0.0,1.442663022912425e-17,0.0,1.2828457781691255e-17,0.0,4.739169026597656e-18,0.0,2.1853189161510482e-18,67.0,False,False
libero_10,4,6,1,0,134000,0,134000,5,80,put the white mug on the left plate and put the yellow and white mug on the right plate,-1,-1,none,-1,-1,-1,-1,4.0,0.0012609034311026,0.0047574238851666,0.0066891750320792,0.0022396992426365,0.0004077902995049,0.0008838556241244,0.006798593327403,0.1637497544288635,0.0004107867716811,0.0010584294795989,0.0004882168432231,0.0006399066187441,0.4117521047592163,1.2247449159622192,10.839741706848145,0.470212459564209,1.1180340051651,12.090802192687988,0.0057413717731833,0.0102884685620665,0.0169758833944797,0.0055050128139555,0.0097032766789197,0.0167751479893922,0.0056313914246857,0.0100378170609474,0.0212501101195812,0.0074536729371175,0.0075727151706814,0.0093033206649124,0.0096296174451708,0.0205912641249597,0.0209627915173769,0.0073804983403533,0.0074164611287415,0.0076131741516292,0.0076327645219862,0.0072582171997055,0.0073587261140346,0.0072582171997055,0.0073587261140346,first,1.0,0.0,0.1634597778320312,-0.7059053778648376,0.0,0.1634597778320312,1.0,0.1643543243408203,False,0.1637497544288635,0.0004107867716811,0.0010584294795989,0.0205912645906209,0.0004194691427983,0.0072582173161208,7.984950207173824e-05,139000,139001,96,16,0,False,False,0.0,0.0,0.1008018640427185,0.0872660890859914,1.887379141862766e-15,1.887379141862766e-15,0.0,0.0,0.0,0.0,128.0,8.0,128.0,0.5992283586882179,0.8071016637960678,0.2,0.1292358585565688,0.113330884925041,0.161544823195711,0.4093594316972523,2.7008800584492785,5.404142501053805,125.48625421146912,679.1944580078125,12.358331680297852,19.81086227310526,0.8083365328560875,313.2160339355469,7.403698921203613,23.172363748143987,0.8969753726979192,0.017137574031949,0.0048185265623033,0.0111927688121795,0.0096669532358646,0.0130256246775388,0.1634597778320312,0.1634597778320312,0.0122788156287496,0.1134258114180244,10.0,,,,,,True,238,15,success,131,True,False,False,-1,,"porcelain_mug_1,white_yellow_mug_1",True,131,False,-1,False,0.0,1.0,117,74,0.1008018640427185,1.522062477642416,0.4011399219927407,2.3812650490224603,16503235.914752765,0.8365402221679688,0.1134258114180244,0.0093623448694721,0.0,1.3908217223282578e-17,0.0,2.7545257726809626e-17,0.0,6.1516477827277e-18,0.0,2.336839063723917e-18,51.0,False,False
libero_10,4,6,1,0,134000,0,134000,6,96,put the white mug on the left plate and put the yellow and white mug on the right plate,-1,-1,none,-1,-1,-1,-1,4.0,0.0014416034100577,0.0052562677301466,0.0056980946101248,0.002605254529044,0.0004865104856435,0.0008159291464835,0.0078618666157126,0.1952730417251587,0.0003483662439975,0.0009676814079284,0.0005749342381022,0.0009282279061153,0.3842083513736725,1.0897247791290283,8.874119758605957,0.4462140202522278,1.1180340051651,9.354143142700195,0.0058154794387519,0.0103383203968405,0.0169442798942327,0.0055058877915143,0.0097874086350202,0.0169125534594059,0.005684467498213,0.0101351533085107,0.0170129984617233,0.0073786117136478,0.0074003683403134,0.0091724765952676,0.0094937561079859,0.0195684637874364,0.0202395971864461,0.0073441434651613,0.0075053498148918,0.0075169708579778,0.0076544736512005,0.0073107864009216,0.0074622179381549,0.0073107864009216,0.0074622179381549,first,1.0,0.0,0.1952235996723175,-0.141925498843193,0.0,0.1952235996723175,2.0,0.195821613073349,False,0.1952730417251587,0.0003483662439975,0.0009676814079284,0.0195684637874364,0.0005594560643658,0.0073107862845063,0.0001314447144977,140000,140002,112,16,0,False,False,0.0,0.0,0.0686243659532657,0.087383438944783,1.887379141862766e-15,1.887379141862766e-15,0.0,0.0,0.0,0.0,128.0,8.0,128.0,0.3108226508640136,0.4414062107142753,0.1,0.064020244854139,0.0630768624720871,0.0800253060676737,0.1391681792762394,1.672204536992688,3.3649555869437138,177.84250584497025,532.8441772460938,10.766953468322754,20.86480136562188,0.8444517195837923,429.7959289550781,8.388851165771484,21.798180633484066,0.867150047504236,0.0278762206435203,0.0070153675042092,0.0204031467437744,0.0070042572915554,0.0256351213902235,0.1952235996723175,0.1952235996723175,0.007382785949217,0.0621402715987613,10.0,,,,,,True,238,15,success,131,True,False,False,-1,,"porcelain_mug_1,white_yellow_mug_1",True,131,False,-1,False,0.0,1.0,117,74,0.1008018640427185,1.522062477642416,0.4011399219927407,2.3812650490224603,16503235.914752765,0.8047764003276825,0.0621402715987613,0.0116875878934089,0.0,3.215641107719816e-17,0.0,1.2357997304319372e-17,0.0,1.1727061652120778e-18,0.0,4.940253546698321e-18,35.0,False,False
libero_10,4,6,1,0,134000,0,134000,7,112,put the white mug on the left plate and put the yellow and white mug on the right plate,-1,-1,none,-1,-1,-1,-1,4.0,0.0015315526397898,0.0070804227143526,0.0063281063921749,0.0026454341132193,0.0004358943551778,0.0014768834225833,0.0084418561309576,0.2248857766389846,0.0003894658002536,0.0010341107845306,0.0008094587828963,0.0011700699105858,0.5252705812454224,1.5811388492584229,23.252687454223636,0.8845280408859253,2.549509763717652,35.44978713989258,0.0059180650860071,0.0106582874432206,0.0209905579686164,0.0055165435187518,0.0097462013363838,0.016594510525465,0.0054865856654942,0.0097553199157118,0.0167217757552862,0.0076510239159688,0.0076909917406737,0.0106953715439885,0.0109603982418775,0.0204719137400388,0.0212771017104387,0.0074519865447655,0.0074781435541808,0.007699902751483,0.0077561447396874,0.007061424315907,0.0071196556091308,0.007061424315907,0.0071196556091308,first,1.0,0.0,0.2242918312549591,-1.525025725364685,0.0,0.2242918312549591,2.0,0.2253259420394897,False,0.2248857766389846,0.0003894658002536,0.0010341107845306,0.0204719137400388,0.0006254476029425,0.0070614241994917,3.5683842725120485e-05,141000,141002,128,16,0,False,False,0.5,0.5,0.0180461861248082,0.0873246251168838,4.685558623528736e-06,1.887379141862766e-15,0.0,0.0,0.0,0.0,28.0,8.0,28.0,0.2423277983306526,0.5554917016325335,0.1590909090909091,0.0477199546415422,0.0292199422305899,0.0596499433019278,0.2639441875194453,1.6344001456759094,3.280645778649502,316.0966627435235,609.7744750976562,11.513611793518066,20.279111198419088,0.8146921614306234,285.1236572265625,7.612663269042969,23.58047107863232,0.9071255002829982,0.0115322843194007,0.0028263782151043,0.0072479099035263,0.0032867924310266,0.0084969000890851,0.2242918312549591,0.2242918312549591,0.0058793453387147,0.0457700790696103,10.0,,,,,,True,238,15,success,131,True,False,False,-1,,"porcelain_mug_1,white_yellow_mug_1",True,131,False,-1,False,0.0,1.0,117,74,0.1008018640427185,1.522062477642416,0.4011399219927407,2.3812650490224603,16503235.914752765,0.7757081687450409,0.0130219167607893,0.0457700790696103,0.0,4.5286035914176104e-17,0.0,1.0218564053557685e-17,1.437124958174774e-07,1.3138442520777634e-06,0.0,8.076376905173755e-18,19.0,False,False
libero_10,4,6,1,0,134000,0,134000,8,128,put the white mug on the left plate and put the yellow and white mug on the right plate,-1,-1,none,-1,-1,-1,-1,4.0,0.0013787649804726,0.0064122574403882,0.0042969249188899,0.0024307623971253,0.0005762880318798,0.0006302031106315,0.0073496433906257,0.2802086174488067,0.0003034682304132,0.0008375644683837,0.0004756457929033,0.0007424664800055,0.4119718372821808,1.2247449159622192,9.17877960205078,0.6031208038330078,1.299038052558899,20.426698684692383,0.0059066852554678,0.0106405112892389,0.0199865661561489,0.0054788077250123,0.0097049828618764,0.0169948656111955,0.0054423375986516,0.0097083691507577,0.0167358983308076,0.0074889233801513,0.0075818425975739,0.0091294387821108,0.0093275737017393,0.0202943594194948,0.0205324236303567,0.0072938734665513,0.0073849600739777,0.0075740300817415,0.0077367518097162,0.0069633958628401,0.0070041646249592,0.0069633958628401,0.0070041646249592,first,1.0,0.0,0.2803003787994385,0.302375465631485,0.0,0.2803003787994385,2.0,0.2805641889572143,False,0.2802086174488067,0.0003034682304132,0.0008375644683837,0.0202943608164787,0.0001962142414413,0.0069633955135941,3.69633999071084e-05,142000,142002,144,16,0,False,False,0.5,0.0,0.008839284943554,0.1313585284466894,1.43712570274797e-07,1.887379141862766e-15,1.0,0.0,0.0,0.0,0.0,0.0,0.0,0.6017022007029111,0.6952398487190607,0.0222222222222222,0.1239376910126998,0.116004329852427,0.1549221137658747,0.2437654729486236,0.8884559747445702,1.8850020069847333,14.3905056767998,462.0581359863281,10.184523582458496,21.48383739100443,0.8623288767957353,388.866943359375,8.116085052490234,22.23279334477443,0.7515063893482214,0.0114697953686118,0.0031503376085311,0.0061423927545547,0.0075830179266631,0.0083202961832284,0.2803003787994385,0.2803003787994385,1.6454124505699026e-07,1.4768362867486616e-06,10.0,,,,,,True,238,15,success,131,True,False,False,-1,,"porcelain_mug_1,white_yellow_mug_1",True,131,False,-1,False,0.0,1.0,117,74,0.1008018640427185,1.522062477642416,0.4011399219927407,2.3812650490224603,16503235.914752765,0.7196996212005615,1.6856680725894688e-07,1.4768362867486616e-06,0.0,4.30413061114624e-17,0.0,6.8105686430479e-18,8.94844554857937e-14,9.267024671094972e-12,0.0,3.3156441363173037e-18,3.0,False,False
libero_10,4,6,1,0,134000,0,134000,9,144,put the white mug on the left plate and put the yellow and white mug on the right plate,-1,-1,none,-1,-1,-1,-1,4.0,0.0007446843083016,0.0028812217060476,0.0029027685523033,0.0010526821715757,0.0004215281223878,0.0007901589851826,0.0037566076498478,0.3163222670555115,0.0001637636596569,0.0004495084285736,0.0003088571538683,0.0006591029814444,0.3741773962974548,1.1180340051651,8.584142684936523,0.4275791645050049,0.829156219959259,15.122417449951172,0.0055814390070736,0.0099003762006759,0.0199267864227294,0.0054748957045376,0.0096703171730041,0.017324199900031,0.0054666264913976,0.0098025640472769,0.0189540348947048,0.0072699409211054,0.0073043447919189,0.0089467519428581,0.0092126606032252,0.0193196069449186,0.0201916527003049,0.0071950658457353,0.0072722863405942,0.0075343992793932,0.0076199192553758,0.006970586720854,0.0070147477090358,0.006970586720854,0.0070147477090358,first,1.0,0.0,0.3165704607963562,1.515560507774353,0.0,0.3165704607963562,0.0,0.3165704607963562,True,0.3163222670555115,0.0001637636596569,0.0004495084285736,0.0193196069449186,0.0005243721534498,0.006970586720854,4.900205385638401e-05,143000,143000,160,16,0,False,False,0.5,0.0,0.0088392588064341,0.2182815030690164,1.437126499156115e-07,1.887379141862766e-15,1.0,0.0,0.0,0.0,0.0,0.0,0.0,0.7633805698834283,0.8220912425037792,0.2111111111111111,0.1588236220292214,0.1587726629281858,0.1985295275365267,0.0562259597690312,0.7562078378301528,2.769864026808925,8.814426442102786,435.2649536132813,8.94598388671875,21.743266605497062,0.8642534490002932,635.5857543945312,8.887435913085938,20.09906206217369,0.534555634403293,0.0200877636671066,0.0042533776722848,0.017011284828186,0.0095949498936533,0.0176296290010213,0.3165704607963562,0.3165704607963562,1.6468313582882378e-07,1.47828181655168e-06,10.0,,,,,,True,238,15,success,131,True,False,False,-1,,"porcelain_mug_1,white_yellow_mug_1",True,131,False,-1,False,0.0,1.0,117,74,0.1008018640427185,1.522062477642416,0.4011399219927407,2.3812650490224603,16503235.914752765,0.6834295392036438,1.685395113850886e-07,1.47828181655168e-06,0.0,5.179060356890743e-17,0.0,9.180608301806042e-18,9.339865536207946e-14,9.936888471163499e-12,0.0,3.3714896600543493e-18,-13.0,False,False
libero_10,4,6,1,0,134000,0,134000,10,160,put the white mug on the left plate and put the yellow and white mug on the right plate,-1,-1,none,-1,-1,-1,-1,4.0,0.0010555804474279,0.0039971652440726,0.0024343433324247,0.001705041504465,0.0005732791614718,0.0005541015416383,0.0054087764583528,0.3783506155014038,0.0008324811933562,0.0019446015357971,0.0004543800605461,0.0008652093238197,0.3945436477661133,1.1180340051651,8.573214530944824,0.5462170839309692,1.299038052558899,17.705930709838867,0.0057571176439523,0.0103705469518899,0.0176384709775447,0.0054873321205377,0.0097466874867677,0.0171995274722576,0.005522365681827,0.0097262086346745,0.0167829245328903,0.0073758950456976,0.0074258237145841,0.0094228389207273,0.009599732235074,0.0195187479257583,0.0201902315020561,0.0072511301841586,0.0072585325688123,0.0075557590462267,0.0077679441310465,0.0069052256876602,0.006999903358519,0.0069052256876602,0.006999903358519,first,1.0,0.0,0.3790280222892761,0.8137202262878418,0.0,0.3790280222892761,1.0,0.3793090581893921,False,0.3783506155014038,0.0008324811933562,0.0019446015357971,0.0195187479257583,0.0005471849581226,0.0069052255712449,8.012436592252925e-05,144000,144001,176,16,0,False,False,0.5,0.0,0.0088392326240389,0.1722248684657354,1.4371272950128096e-07,1.887379141862766e-15,1.0,0.0,0.0,0.0,0.0,0.0,0.0,0.7427651917124183,0.8039649368975381,0.0666666666666666,0.1567902504443284,0.1542836736819289,0.1959878130554105,0.1945047051011951,1.4293205832194078,3.248731324819797,27.44148652361789,507.13031005859375,10.295506477355955,21.079607927223066,0.8520881798350726,554.7510375976562,9.18878173828125,20.689822376655044,0.8204475646923779,0.0163182653486728,0.0040589538402855,0.0123900771141052,0.0048227082006633,0.0153290629386901,0.3790280222892761,0.3790280222892761,1.646843797853118e-07,1.47829390879086e-06,10.0,,,,,,True,238,15,success,131,True,False,False,-1,,"porcelain_mug_1,white_yellow_mug_1",True,131,False,-1,False,0.0,1.0,117,74,0.1008018640427185,1.522062477642416,0.4011399219927407,2.3812650490224603,16503235.914752765,0.6209719777107239,1.6853985867815725e-07,1.47829390879086e-06,0.0,5.074410495505147e-17,0.0,5.9881850054398244e-18,9.339865536207946e-14,9.93692288009664e-12,0.0,5.8328762510280996e-18,-29.0,False,False
libero_10,4,6,1,0,134000,0,134000,11,176,put the white mug on the left plate and put the yellow and white mug on the right plate,-1,-1,none,-1,-1,-1,-1,4.0,0.0014455384807661,0.0053326822817325,0.0064532277174293,0.0024479618296027,0.0005195420817472,0.00121625745669,0.0078813331201672,0.5499471426010132,0.0003321102703921,0.0008752942085266,0.0022525386884808,0.0078739617019891,0.4328199326992035,1.299038052558899,13.007209777832031,0.617389976978302,1.8708287477493288,19.880895614624023,0.0059076743200421,0.0105150919407606,0.0212842300534248,0.0064364015124738,0.0120629295706748,0.0213894825428724,0.0054270490072667,0.0096642840653657,0.0170624312013387,0.007679329952225,0.0077713713981211,0.0132063648197799,0.0168880447745323,0.0202320688404142,0.0209644604474306,0.0083634764887392,0.0087476326152682,0.0088165125343948,0.0091732749715447,0.0069640498841181,0.0071182390674948,0.0069640498841181,0.0071182390674948,first,1.0,0.0,0.5497551560401917,-0.5780807733535767,0.0,0.5497551560401917,2.0,0.5504874587059021,False,0.5499471426010132,0.0003321102703921,0.0008752942085266,0.020232068374753,0.0004964139661751,0.0069640502333641,0.0001376183790853,145000,145002,192,16,0,False,False,0.5,0.0,0.0088392064415436,0.0991507920435711,1.43712809086967e-07,1.887379141862766e-15,1.0,0.0,0.0,0.0,18.0,7.0,18.0,0.5656343809053641,0.73091204192697,0.0777777777777777,0.1146286391314839,0.1063114330970678,0.1432857989143549,0.4793274245528425,6.3355331143863,34.84856724884783,2167.760853739844,616.0009155273438,11.242473602294922,20.234990032356635,0.8206803897042564,1785.136474609375,16.274473190307617,15.614089371120814,0.5570667843999906,0.0448940619826316,0.0115550784394145,0.0282793045043945,0.0214932356029748,0.0109837707132101,0.5497551560401917,0.5497551560401917,0.0016103532266552,0.0147828859945116,10.0,,,,,,True,238,15,success,131,True,False,False,-1,,"porcelain_mug_1,white_yellow_mug_1",True,131,False,-1,False,0.0,1.0,117,74,0.1008018640427185,1.522062477642416,0.4011399219927407,2.3812650490224603,16503235.914752765,0.4502448439598083,1.685402061659561e-07,1.4783060041960893e-06,0.0,1.3221638155216053e-17,0.0013189994158,0.0147828859945116,9.335435195213669e-14,9.9368314134914e-12,0.0,3.466476982850323e-18,-45.0,False,False
libero_10,4,6,1,0,134000,0,134000,12,192,put the white mug on the left plate and put the yellow and white mug on the right plate,-1,-1,none,-1,-1,-1,-1,4.0,0.0015535004204139,0.0061595169827342,0.00660364003852,0.0024407019373029,0.0009405419114045,0.0007307713385671,0.0080175511538982,0.6354970932006836,0.0006179003394208,0.0016693472862243,0.0006715211784467,0.0012013160157948,0.4380740225315094,1.299038052558899,10.401322364807127,0.5545809268951416,1.299038052558899,14.456831932067873,0.0061118262819945,0.0109005467966198,0.0188148710876703,0.0055485549382865,0.0098471529781818,0.0202179383486509,0.0054672304540872,0.0096653383225202,0.0191566068679094,0.0075736818835139,0.0077172769233584,0.0094707740936428,0.0098459627479314,0.0193270640447735,0.0196011699736118,0.0073951149825006,0.0074551138095557,0.007675533182919,0.0077358959242701,0.0068403866607695,0.0069292332045733,0.0068403866607695,0.0069292332045733,first,1.0,0.0,0.6357864141464233,0.4682323932647705,0.0,0.6357864141464233,3.0,0.636296272277832,False,0.6354970932006836,0.0006179003394208,0.0016693472862243,0.019327063113451,0.0001793724950402,0.0068403864279389,7.784700574120507e-05,146000,146003,208,16,0,False,False,0.5,0.0,0.0573008037407836,0.095198016304388,1.4371288872783117e-07,1.887379141862766e-15,1.0,0.0,0.0,0.0,73.0,7.0,73.0,0.3895305985459259,0.8992757494600049,0.0555555555555555,0.0689898108244501,0.0657467098221849,0.0862372635305627,0.4106731398296402,3.9738813947512166,8.014864625795232,871.3495540075548,553.4232788085938,10.568558692932127,20.700229378203183,0.8430600259350907,379.078125,8.088940620422363,22.343516370215188,0.90788498722312,0.021913543343544,0.0064769834280014,0.011868417263031,0.01120544411242,0.0091241998597979,0.6357864141464233,0.6357864141464233,0.0311176067223749,0.2465004023312813,10.0,,,,,,True,238,15,success,131,True,False,False,-1,,"porcelain_mug_1,white_yellow_mug_1",True,131,False,-1,False,0.0,1.0,117,74,0.1008018640427185,1.522062477642416,0.4011399219927407,2.3812650490224603,16503235.914752765,0.3642135858535766,1.6854055357205185e-07,1.4783180971022926e-06,0.0,2.5485940868088717e-17,0.0646740180237875,0.2465004023312813,9.339865536207946e-14,9.936990991050436e-12,0.0,3.950296346352032e-18,-61.0,False,False
libero_10,4,6,1,0,134000,0,134000,13,208,put the white mug on the left plate and put the yellow and white mug on the right plate,-1,-1,none,-1,-1,-1,-1,4.0,0.0013523147208616,0.0109043009579181,0.0073270257562398,0.0023731573019176,0.0005587961059063,0.0006703418330289,0.0073628090322017,0.7659163475036621,0.000907079258468,0.0024044513702392,0.0004891149583272,0.0010024678194895,0.3895156383514404,1.0897247791290283,13.729530334472656,0.5253663063049316,1.299038052558899,12.29837417602539,0.0060345968231558,0.0109598087146878,0.0207164287567138,0.0055399914272129,0.0098064988851547,0.0169556103646755,0.0058742146939039,0.0103429351001977,0.0181810930371284,0.0076455676462501,0.0077758426778018,0.0095397515688091,0.0100526437163352,0.0203999695368111,0.021119337528944,0.0072907990543171,0.0074317851103842,0.0075154886581003,0.0076257106848061,0.0073823926504701,0.0077298250980675,0.0073823926504701,0.0077298250980675,first,1.0,0.0,0.7674347162246704,1.6739096641540527,0.0,0.7674347162246704,0.0,0.7674347162246704,True,0.7659163475036621,0.000907079258468,0.0024044513702392,0.0203999690711498,0.0004271339275874,0.0073823924176394,0.0002211051323683,147000,147000,224,16,0,False,False,0.5,0.0,0.0944584262643504,0.0960681358933581,1.4371296836871193e-07,1.887379141862766e-15,1.0,0.0,0.0,0.0,96.0,6.0,96.0,0.8528984998162391,0.9379787232519372,0.1222222222222222,0.1658086810218383,0.1555457414642642,0.2072608512772979,0.3390273438534148,2.329642504029394,5.141524141585843,52.94808819189375,448.9993591308594,9.454540252685549,21.6083463974461,0.8409486671141427,453.0728759765625,8.921310424804688,21.5691229773156,0.8756684305478738,0.0095573402941226,0.0021536559797823,0.0084485709667205,0.0030799086671322,0.0089390212669968,0.7674347162246704,0.7674347162246704,0.0207777017871067,0.1620393020585564,10.0,,,,,,True,238,15,success,131,True,False,False,-1,,"porcelain_mug_1,white_yellow_mug_1",True,131,False,-1,False,0.0,1.0,117,74,0.1008018640427185,1.522062477642416,0.4011399219927407,2.3812650490224603,16503235.914752765,0.2325652837753296,1.6854090112003048e-07,1.478330178313802e-06,0.0,2.688369178293193e-17,0.1620393020585564,0.0457360689314017,9.335435195213669e-14,9.936932638443167e-12,0.0,3.5233225026317595e-18,-77.0,False,False
libero_10,4,6,1,0,134000,0,134000,14,224,put the white mug on the left plate and put the yellow and white mug on the right plate,-1,-1,none,-1,-1,-1,-1,4.0,0.0011756765889003,0.0054507697932422,0.0038583741988986,0.0019913527648895,0.0005200984887778,0.0006953822448849,0.0062360526062548,0.911890983581543,0.0009955760324373,0.0028056502342224,0.000730071158614,0.0015961868921294,0.3423203527927398,0.829156219959259,12.990381240844728,0.6136165857315063,2.1650636196136475,13.444329261779783,0.005745802540332,0.0101683195680379,0.0195693783462047,0.0055729025043547,0.009849558584392,0.0176770128309726,0.0060280766338109,0.0106019908562302,0.0188478957861661,0.0075079434318467,0.0075823473744094,0.0091854648198932,0.0092934463173151,0.020091762766242,0.0213285312056541,0.0074153608875349,0.0074688228778541,0.0076423095306381,0.0077294460497796,0.0076219630427658,0.007705358788371,0.0076219630427658,0.007705358788371,first,1.0,0.0,0.9133710265159608,1.4866197109222412,0.0,0.9133710265159608,0.0,0.9133710265159608,True,0.911890983581543,0.0009955760324373,0.0028056502342224,0.020091762766242,0.0008453548070974,0.0076219635084271,7.670347986277193e-05,148000,148000,238,14,0,False,True,1.0,0.5,0.0812919967541643,0.0964202320106886,1.437130379924394e-07,1.887379141862766e-15,1.0,0.0,0.0,0.0,84.0,6.0,84.0,0.6076277926776373,0.7061922164142284,0.1666666666666666,0.1072577404568607,0.0953431714939417,0.153225343509801,0.4127388151501655,2.281943909393058,5.290734152374507,63.10605749057305,446.6598510742188,9.245369911193848,21.631034440812144,0.812781806070233,1111.4913330078125,14.03350830078125,17.67174280285044,0.737976962580345,0.0561516247689724,0.0103436028584837,0.0538499951362609,0.0120995892211794,0.0096846893429756,0.0866289734840393,0.9133710265159608,0.0128652122348619,0.0931313403511157,10.0,,,,,,True,238,15,success,131,True,False,False,-1,,"porcelain_mug_1,white_yellow_mug_1",True,131,False,-1,False,0.0,1.0,117,74,0.1008018640427185,1.522062477642416,0.4011399219927407,2.3812650490224603,16503235.914752765,0.0866289734840393,1.474735732934837e-07,1.29354881035073e-06,0.0,4.995669023578805e-18,0.0931313403511157,0.0355193409663432,8.171828487387374e-14,8.694929696211234e-12,0.0,6.547508907164942e-18,-93.0,False,False
libero_10,4,7,1,1,134097,0,134097,0,0,put the white mug on the left plate and put the yellow and white mug on the right plate,-1,-1,none,-1,-1,-1,-1,4.0,0.0015208657132461,0.0100814746692776,0.0107909562066197,0.0028539299964904,0.0004801511240657,0.0006438174750655,0.0089904144406318,0.0725348889827728,0.0003530746907927,0.00087371468544,0.0008323682122863,0.0015437918482348,0.5191223621368408,1.7320507764816284,18.47126197814941,0.901011884212494,2.4874684810638428,37.022796630859375,0.0060625993646681,0.0110999699681997,0.0233589131385087,0.0055125649087131,0.009781421162188,0.0164525527507066,0.0058006457984447,0.0102628581225872,0.0203426368534564,0.0074581369990482,0.0076458123512566,0.0093310440424829,0.0098434463143348,0.0201799981296062,0.0209368467330932,0.0071380180306732,0.0072281858883798,0.0073629397666081,0.00754448864609,0.0074160388903692,0.0074746012687683,0.0074160388903692,0.0074746012687683,first,1.0,0.0,0.0731424689292907,1.7208255529403689,0.0,0.0731424689292907,0.0,0.0731424689292907,True,0.0725348889827728,0.0003530746907927,0.00087371468544,0.0201799981296062,0.00071492488496,0.0074160387739539,5.316136230248958e-05,134097,134097,16,16,0,False,False,0.0,0.0,1.7208456881689926e-15,0.2667450350883149,1.887379141862766e-15,1.887379141862766e-15,0.0,0.0,0.0,0.0,0.0,0.0,0.0,0.2481344666861409,0.6181243293534214,0.2,0.0440910947285291,0.043512222177126,0.0551138684106614,0.233688521937833,1.7723333753961994,4.326889290113843,496.5473667854744,489.63323974609375,10.212093353271484,21.232094677673864,0.8465666380742459,639.89501953125,10.325819969177246,20.069716309121542,0.687343594819207,0.022460114210844,0.0042599262669682,0.0206555724143981,0.0222290083765983,0.0030452527571469,0.0731424689292907,0.0731424689292907,9.753650043964552e-16,2.1649348980190556e-15,10.0,,,,,,True,240,15,success,129,True,False,False,-1,,"porcelain_mug_1,white_yellow_mug_1",True,129,False,-1,False,0.0,1.0,115,73,0.0987241914227178,1.515077759418517,0.3986565808528745,2.320170254486137,14899351.782919357,0.9268575310707092,5.551115123125784e-16,1.2812644404296884e-16,1.5543122344752194e-15,4.48490957596274e-16,1.9984014443252818e-15,1.2562067022845514e-16,2.1649348980190556e-15,3.00021962724983e-16,2.1649348980190556e-15,3.1369502222068043e-16,129.0,False,False
libero_10,4,7,1,1,134097,0,134097,1,16,put the white mug on the left plate and put the yellow and white mug on the right plate,-1,-1,none,-1,-1,-1,-1,4.0,0.0014250791864469,0.0061237108893692,0.0060878065414726,0.0023904161062091,0.0006537238950841,0.0008431347087025,0.0074801570735871,0.0876697078347206,0.0003730755706783,0.000986635684967,0.0005134058883413,0.0008169827633537,0.4148248732089996,1.2247449159622192,7.762087345123291,0.5271443128585815,1.2247449159622192,13.863170623779297,0.0059143025428056,0.0105166202411055,0.0193104483187198,0.0055207149125635,0.0098521281033754,0.0175956115126609,0.0058110356330871,0.0102408276870846,0.0200572125613689,0.0074703071732074,0.0075614708475768,0.0090246733743697,0.0092860804870724,0.0191006981767714,0.0194076839834451,0.0071605116827413,0.0071885171346366,0.0075113532366231,0.0075681344605982,0.0073979225708171,0.0075913774780929,0.0073979225708171,0.0075913774780929,first,1.0,0.0,0.0872886478900909,-1.0214015245437622,0.0,0.0872886478900909,3.0,0.0882752835750579,False,0.0876697078347206,0.0003730755706783,0.000986635684967,0.0191006977111101,0.0002628995280247,0.0073979226872324,0.0001170171090052,135097,135100,32,16,0,False,False,0.0,0.0,1.7208456881689926e-15,0.1589881128496589,1.887379141862766e-15,1.887379141862766e-15,0.0,0.0,0.0,0.0,0.0,0.0,0.0,0.6181960806996258,0.6515182185425613,0.0555555555555555,0.12522081571648,0.1128865494746882,0.1565260196456,0.3409293786529405,2.869013875989776,5.267850090992512,145.86370442804315,594.6658935546875,11.318133354187012,20.388073301637544,0.8375613803188879,389.2544250488281,7.492373466491699,22.22846802534972,0.7677649251675916,0.0147271929308772,0.0032225379254668,0.0121410489082336,0.0125999050214886,0.0075940452516078,0.0872886478900909,0.0872886478900909,3.2856490101919508e-18,1.5934217167931402e-17,10.0,,,,,,True,240,15,success,129,True,False,False,-1,,"porcelain_mug_1,white_yellow_mug_1",True,129,False,-1,False,0.0,1.0,115,73,0.0987241914227178,1.515077759418517,0.3986565808528745,2.320170254486137,14899351.782919357,0.9127113521099092,0.0,7.456726343680348e-19,0.0,1.5934217167931402e-17,0.0,1.0965415281795525e-17,0.0,1.7448702033189952e-19,0.0,5.036697997492646e-18,113.0,False,False
libero_10,4,7,1,1,134097,0,134097,2,32,put the white mug on the left plate and put the yellow and white mug on the right plate,-1,-1,none,-1,-1,-1,-1,4.0,0.0130504937842488,0.7116798758506775,0.0067500164732337,0.0023361614439636,0.0009211811120621,0.0815814211964607,0.1086798310279846,0.1044711247086525,7.156577339628711e-05,0.0001961886882781,0.0071134218014776,0.0320615358650684,0.4312516152858734,1.2247449159622192,14.508618354797363,0.8158735632896423,2.1650636196136475,63.75098037719727,0.017669603228569,0.0135634699836373,0.766830325126648,0.0109497066587209,0.0332855582237243,0.0475334711372852,0.0056701693683862,0.0100814402103424,0.0182538125663995,0.0090949083678424,0.0096165938302874,0.06083141034469,0.1031295880675315,0.0199069012887775,0.0210229530930519,0.008583701448515,0.0088861668482422,0.0098950567189604,0.0104159209877252,0.0073383924318477,0.0073747574351727,0.0073383924318477,0.0073747574351727,first,1.0,0.0,0.1043826639652252,-1.2360761165618896,0.0,0.1043826639652252,1.0,0.1045788526535034,False,0.1044711247086525,7.156577339628711e-05,0.0001961886882781,0.0199069008231163,0.0006971316761337,0.007338392548263,2.1298264982760884e-05,136097,136098,48,16,0,False,False,0.0,0.0,1.7208456881689926e-15,0.0910422376851578,1.887379141862766e-15,1.887379141862766e-15,0.0,0.0,0.0,0.0,0.0,0.0,0.0,0.3870735534156057,0.6352259204801404,0.1,0.0844913115734072,0.0838293796006956,0.105614139466759,0.2532779958911638,1.852683997235692,3.4429597595889976,135.6398839097432,563.7745361328125,11.020228385925291,20.6197490456246,0.8437974609878913,174.18685913085938,6.08870792388916,25.720649726659648,0.9390235916996054,0.1647113412618637,0.0294186100363731,0.1179631352424621,0.0072334073483943,0.015439661219716,0.1043826639652252,0.1043826639652252,5.7038020963264564e-18,3.74670694856217e-17,10.0,,,,,,True,240,15,success,129,True,False,False,-1,,"porcelain_mug_1,white_yellow_mug_1",True,129,False,-1,False,0.0,1.0,115,73,0.0987241914227178,1.515077759418517,0.3986565808528745,2.320170254486137,14899351.782919357,0.8956173360347748,0.0,1.6810801616996593e-18,0.0,3.74670694856217e-17,0.0,1.235261821015329e-17,0.0,9.593170964593985e-19,0.0,4.577936009330508e-18,97.0,False,False
libero_10,4,7,1,1,134097,0,134097,3,48,put the white mug on the left plate and put the yellow and white mug on the right plate,-1,-1,none,-1,-1,-1,-1,4.0,0.010568568482995,0.869775116443634,0.0086644813418388,0.0047569181770086,0.0008219542796723,0.0572433620691299,0.0788267627358436,0.1136807352304458,0.0001746709604049,0.0004417300224304,0.0041023707017302,0.0155016221106052,0.6093881726264954,1.9202864170074463,23.864198684692383,1.1779268980026243,4.183300018310547,52.163204193115234,0.0147398756816983,0.0143523504957556,0.8994480967521667,0.0080231456086039,0.0187713634222745,0.0312049575150012,0.0057244482450187,0.0101788500323891,0.018110429868102,0.0079802582040429,0.0082382364198565,0.0198739671614021,0.0275462623685598,0.0209400099702179,0.0213717501610517,0.0078330102842301,0.0078702345490455,0.0084789497777819,0.008622515015304,0.0073768409201875,0.0075190071947872,0.0073768409201875,0.0075190071947872,first,1.0,0.0,0.1135380864143371,-0.81667160987854,0.0,0.1135380864143371,1.0,0.1139798164367675,False,0.1136807352304458,0.0001746709604049,0.0004417300224304,0.0209400113672018,0.0005727529060095,0.0073768408037722,9.80783806880936e-05,137097,137098,64,16,0,False,False,0.0,0.0,0.0019382201689536,0.0879277651545411,1.887379141862766e-15,1.887379141862766e-15,0.0,0.0,0.0,0.0,7.0,4.0,7.0,0.0973478144936344,0.136566689706973,0.1222222222222222,0.0171090104539164,0.0111700670766608,0.0213862630673955,0.1317627763694392,1.4617366385534378,3.8246938882960384,2306.691930777836,626.77685546875,11.722125053405762,20.15967409650472,0.8255794287489897,261.5963134765625,6.654602527618408,23.95448741430006,0.907770784635334,0.0253129713237285,0.0060638827271759,0.0210016965866088,0.0099459076300263,0.0062802196480333,0.1135380864143371,0.1135380864143371,0.0096393539948992,0.092398782192155,10.0,,,,,,True,240,15,success,129,True,False,False,-1,,"porcelain_mug_1,white_yellow_mug_1",True,129,False,-1,False,0.0,1.0,115,73,0.0987241914227178,1.515077759418517,0.3986565808528745,2.320170254486137,14899351.782919357,0.8864619135856628,0.0039947577568374,0.092398782192155,0.0,3.6449565702298857e-17,0.0,1.1444718062213629e-17,0.0,2.8378023441790818e-18,0.0,5.59584513242894e-19,81.0,False,False
libero_10,4,7,1,1,134097,0,134097,4,64,put the white mug on the left plate and put the yellow and white mug on the right plate,-1,-1,none,-1,-1,-1,-1,4.0,0.0081842513754963,0.0437201261520385,0.0297398455440998,0.0174742955714464,0.0013291760114952,0.0008793404558673,0.0511327497661113,0.1450487524271011,0.0004262476868461,0.0010846257209777,0.0012727781431749,0.0034988108091056,1.5446833372116089,6.3442888259887695,78.01762390136719,1.6365174055099487,4.205650806427002,55.54502868652344,0.0123096192255616,0.0373839884996414,0.0571506507694721,0.0056889373809099,0.0101473210379481,0.0191149450838565,0.0057526403106749,0.0102058378979563,0.0178265962749719,0.0078502371907234,0.008051904849708,0.0102873418945819,0.0104438140988349,0.0209941458888351,0.0228698775172233,0.0074162622913718,0.0074430992826819,0.0078194715315476,0.0079248677939176,0.0073161181062459,0.0073686176910996,0.0073161181062459,0.0073686176910996,first,1.0,0.0,0.1454328596591949,0.9011362195014954,0.0,0.1454328596591949,0.0,0.1454328596591949,True,0.1450487524271011,0.0004262476868461,0.0010846257209777,0.0209941454231739,0.0011409330181777,0.0073161181062459,3.687018761411309e-05,138097,138097,80,16,0,False,False,0.0,0.0,0.0933903643448388,0.0875253251940977,1.887379141862766e-15,1.887379141862766e-15,0.0,0.0,0.0,0.0,128.0,8.0,128.0,0.7002896217382545,0.9621175341693324,0.0777777777777777,0.125059529521381,0.1193887589337348,0.1563244119017263,0.5160825512667656,3.0581867885509944,5.287079834807731,164.10702664050166,564.12939453125,11.502889633178713,20.61701631200796,0.8383923180720457,401.4537658691406,8.973758697509766,22.094448246631565,0.8830428981716524,0.0103685008361935,0.0030834532808512,0.0068196728825569,0.0080550257116556,0.0047130980528891,0.1454328596591949,0.1454328596591949,0.0155852659480714,0.1185055629163227,10.0,,,,,,True,240,15,success,129,True,False,False,-1,,"porcelain_mug_1,white_yellow_mug_1",True,129,False,-1,False,0.0,1.0,115,73,0.0987241914227178,1.515077759418517,0.3986565808528745,2.320170254486137,14899351.782919357,0.854567140340805,0.1185055629163227,0.037347096564392,0.0,2.8920232647354846e-17,0.0,8.932281800445819e-18,0.0,1.2161229633969522e-19,0.0,1.023520267010604e-17,65.0,False,False
libero_10,4,7,1,1,134097,0,134097,5,80,put the white mug on the left plate and put the yellow and white mug on the right plate,-1,-1,none,-1,-1,-1,-1,4.0,0.0011570767965167,0.0057426528073847,0.0042325053364038,0.0021777770016342,0.0003238494100514,0.0005946578457951,0.0066564176231622,0.1666482985019683,0.0002008148148888,0.0005121231079101,0.000519401859492,0.0009926119819283,0.4001257717609405,1.1180340051651,12.144957542419434,0.4876368641853332,1.1180340051651,12.747549057006836,0.0057516018860042,0.01029650028795,0.0190573669970035,0.0055230795405805,0.0097736818715929,0.0177557803690433,0.0054792128503322,0.009747595526278,0.0167457796633243,0.0075457503553479,0.0075969281606376,0.0091527015902102,0.0092967366799712,0.020415118895471,0.0206493642181158,0.0074085990199819,0.0074962675571441,0.0076179978204891,0.0077811814844608,0.0071225776337087,0.0072040893137454,0.0071225776337087,0.0072040893137454,first,1.0,0.0,0.1668227016925811,0.8684777021408081,0.0,0.1668227016925811,0.0,0.1668227016925811,True,0.1666482985019683,0.0002008148148888,0.0005121231079101,0.0204151179641485,0.000158766619279,0.00712257809937,6.639738421654329e-05,139097,139097,96,16,0,False,False,0.0,0.0,0.0987241914227178,0.0879215340357442,1.887379141862766e-15,1.887379141862766e-15,0.0,0.0,0.0,0.0,128.0,8.0,128.0,0.5716853869649348,0.7685490690875048,0.1704545454545454,0.1224584455075253,0.1058186289834257,0.1530730568844066,0.3680361032510901,2.633576083575881,4.848637448438532,129.53557410536223,671.8074340820312,12.32605266571045,19.858355555228176,0.8092177997566093,312.7840576171875,7.319109916687012,23.17835751599437,0.8959503116134864,0.0204711258411407,0.0051194373518228,0.0141236931085586,0.0110854003578424,0.0161443203687667,0.1668227016925811,0.1668227016925811,0.0114712171890092,0.1053224332870684,10.0,,,,,,True,240,15,success,129,True,False,False,-1,,"porcelain_mug_1,white_yellow_mug_1",True,129,False,-1,False,0.0,1.0,115,73,0.0987241914227178,1.515077759418517,0.3986565808528745,2.320170254486137,14899351.782919357,0.8331772983074188,0.1053224332870684,0.0093897386030243,0.0,2.3392154863907806e-17,0.0,1.1332568562661978e-17,0.0,3.169777537252743e-18,0.0,1.0712716636682939e-17,49.0,False,False
libero_10,4,7,1,1,134097,0,134097,6,96,put the white mug on the left plate and put the yellow and white mug on the right plate,-1,-1,none,-1,-1,-1,-1,4.0,0.0014200713485479,0.0062498957850039,0.0099409520626068,0.002585845766589,0.0004699508717749,0.0007731098448857,0.0077640507370233,0.1972950994968414,0.000121723031043,0.0002987086772918,0.000570686883293,0.0008314994047395,0.4007484912872314,1.2247449159622192,12.5,0.4389054179191589,1.1180340051651,12.070107460021973,0.0058003379963338,0.0103494049981236,0.0174905378371477,0.0054448684677481,0.0097088161855936,0.0177432056516408,0.0055624591186642,0.0098750842735171,0.0195803698152303,0.0073351238388568,0.0073778787627816,0.0090139696840196,0.0091804107651114,0.019244403578341,0.0194525308907032,0.0073115024715662,0.0074294558726251,0.0076450301567092,0.0078307343646883,0.0072059836238622,0.0074054296128451,0.0072059836238622,0.0074054296128451,first,1.0,0.0,0.197363942861557,0.5655738711357117,0.0,0.197363942861557,3.0,0.1974587738513946,False,0.1972950994968414,0.000121723031043,0.0002987086772918,0.0192444045096635,0.0001381815527565,0.0072059836238622,0.0001332057581748,140097,140100,112,16,0,False,False,0.0,0.0,0.0602391064688667,0.0879346606372466,1.887379141862766e-15,1.887379141862766e-15,0.0,0.0,0.0,0.0,128.0,8.0,128.0,0.2772164796410228,0.4332418247642862,0.1111111111111111,0.0590824016716384,0.0584205542491278,0.073853002089548,0.1163470342634984,1.2668063385544746,2.366246311624117,138.2759891411775,570.7274780273438,11.163451194763184,20.56651578439208,0.8329275161145507,410.5223693847656,8.13135051727295,21.997435340392965,0.8733432753082494,0.0273046698421239,0.0069815046153962,0.0189843326807022,0.0038974091876298,0.0221440326422452,0.197363942861557,0.197363942861557,0.0074599414035614,0.0570082369099939,10.0,,,,,,True,240,15,success,129,True,False,False,-1,,"porcelain_mug_1,white_yellow_mug_1",True,129,False,-1,False,0.0,1.0,115,73,0.0987241914227178,1.515077759418517,0.3986565808528745,2.320170254486137,14899351.782919357,0.802636057138443,0.0570082369099939,0.0175911771256208,0.0,6.768836804993929e-17,0.0,2.7229850975540302e-17,0.0,3.2264363614988253e-18,0.0,2.4757880888305986e-18,33.0,False,False
libero_10,4,7,1,1,134097,0,134097,7,112,put the white mug on the left plate and put the yellow and white mug on the right plate,-1,-1,none,-1,-1,-1,-1,4.0,0.0019782986491918,0.0082367099821567,0.0059736869297921,0.0035499164368957,0.0005639745504595,0.0015064181061461,0.0114381425082683,0.2336540520191192,0.0003874378453474,0.0010012090206146,0.0008532048086635,0.0014417424099519,0.7104009389877319,2.2776083946228027,44.38679504394531,1.0483640432357788,3.1124749183654785,42.78653335571289,0.00627506012097,0.0114959897473454,0.021569225937128,0.0056794504635035,0.0100734895095229,0.0190356653183698,0.0056789675727486,0.0101056545972824,0.0173955764621496,0.0076333307661116,0.0077492222189903,0.0117407829966396,0.0127384485676884,0.0212788488715887,0.0213173385709524,0.0076618889579549,0.0078441286459565,0.0079576348653063,0.0081567680463194,0.0072468498256057,0.0076026753522455,0.0072468498256057,0.0076026753522455,first,1.0,0.0,0.2337673902511596,0.2925326824188232,0.0,0.2337673902511596,2.0,0.2342338263988495,False,0.2336540520191192,0.0003874378453474,0.0010012090206146,0.0212788488715887,3.4416290873195976e-05,0.0072468495927751,0.0002075637894449,141097,141099,128,16,0,False,False,0.5,0.5,0.0137784627839228,0.0879100978188168,6.672638516694433e-07,1.887379141862766e-15,0.0,0.0,0.0,0.0,12.0,8.0,12.0,0.2867881080467095,0.5738837333928156,0.1333333333333333,0.0555752542917142,0.0459361324171476,0.0694690678646427,0.2667350059528486,1.5655909253767517,2.5233247199334423,216.83131805244076,629.885009765625,11.807364463806152,20.138190878943465,0.8079340510403685,314.527587890625,7.932610511779785,23.15421616513653,0.8873609617768772,0.0072863451205194,0.0019998745992779,0.0045147985219955,0.0052499575540423,0.002425612648949,0.2337673902511596,0.2337673902511596,0.0063974539692561,0.0569113653761904,10.0,,,,,,True,240,15,success,129,True,False,False,-1,,"porcelain_mug_1,white_yellow_mug_1",True,129,False,-1,False,0.0,1.0,115,73,0.0987241914227178,1.515077759418517,0.3986565808528745,2.320170254486137,14899351.782919357,0.7662326097488403,0.0070617280011245,0.0569113653761904,0.0,4.681418084056878e-17,0.0,1.1985870978882465e-17,1.4488932267987954e-07,1.3014259240386691e-06,0.0,8.233371815608319e-18,17.0,False,False
libero_10,4,7,1,1,134097,0,134097,8,128,put the white mug on the left plate and put the yellow and white mug on the right plate,-1,-1,none,-1,-1,-1,-1,4.0,0.0012797579402104,0.0044531389139592,0.0047273384407162,0.0019948817789554,0.0007279113051481,0.0007899253396317,0.0065907114185392,0.2796802222728729,0.0003174006706103,0.0008395910263061,0.0006854539387859,0.0011143122101202,0.4089707732200622,1.1180340051651,11.008519172668455,0.5655259490013123,1.2247449159622192,20.377683639526367,0.0059030298143625,0.0105027193203568,0.0180519148707389,0.0055870437063276,0.0099654272198677,0.0197315793484449,0.0055029173381626,0.0098405815660953,0.020771125331521,0.0074469269020482,0.0075757424347102,0.0089984540827572,0.0091781746596097,0.0198771464638412,0.0209100134670734,0.0073558064177632,0.0074152424931526,0.0075221958104521,0.0075675440020859,0.007036444498226,0.0072978562675416,0.007036444498226,0.0072978562675416,first,1.0,0.0,0.2794871628284454,-0.6082515120506287,0.0,0.2794871628284454,3.0,0.280152678489685,False,0.2796802222728729,0.0003174006706103,0.0008395910263061,0.0198771469295024,0.0006450490327551,0.0070364447310566,0.0001763698674039,142097,142100,144,16,0,False,False,0.5,0.0,0.0084847240578991,0.1448111087817882,1.448893934633899e-07,1.887379141862766e-15,1.0,0.0,0.0,0.0,0.0,0.0,0.0,0.6137670531959467,0.7176273229511309,0.1111111111111111,0.126849489650033,0.1201489071850204,0.1585618620625412,0.2300423418651973,0.8097810162759371,1.446389230450737,11.23201521260718,501.2020568847656,10.597217559814451,21.13067516239592,0.8544861173635404,346.89068603515625,7.429328918457031,22.728877216134546,0.7655284621557698,0.011689999140799,0.0032969813328236,0.0060482621192932,0.0092871207743883,0.0066979466937482,0.2794871628284454,0.2794871628284454,1.7347678709952678e-07,1.5594788419441411e-06,10.0,,,,,,True,240,15,success,129,True,False,False,-1,,"porcelain_mug_1,white_yellow_mug_1",True,129,False,-1,False,0.0,1.0,115,73,0.0987241914227178,1.515077759418517,0.3986565808528745,2.320170254486137,14899351.782919357,0.7205128371715546,1.7527855590846279e-07,1.5594788419441411e-06,0.0,3.0610493729925835e-17,0.0,1.2072202041585459e-17,9.468806485382155e-14,1.0378403800634819e-11,0.0,8.115397303609547e-18,1.0,False,False
libero_10,4,7,1,1,134097,0,134097,9,144,put the white mug on the left plate and put the yellow and white mug on the right plate,-1,-1,none,-1,-1,-1,-1,4.0,0.0007345437770709,0.0043008113279938,0.0049023004248738,0.0010651345364749,0.0004238204855937,0.000674941285979,0.0038215068634599,0.3221153020858764,0.0001922924857353,0.0004664659500122,0.0003520454338286,0.0006136976880952,0.3696719706058502,1.0897247791290283,7.713624477386475,0.4250868856906891,0.829156219959259,12.186058044433594,0.005671152845025,0.0100092804059386,0.0183629617094993,0.0054911198094487,0.0096845468506217,0.01681899279356,0.0053667481988668,0.0096253808587789,0.020953819155693,0.0073047574842348,0.0073516410775482,0.009163532173261,0.0094773778691887,0.0197866903617978,0.0201207883656024,0.0072156188543885,0.0072778719477355,0.0075355400331318,0.0077367438934743,0.006884820642881,0.0071277436800301,0.006884820642881,0.0071277436800301,first,1.0,0.0,0.3218810558319092,-1.2181768417358398,0.0,0.3218810558319092,1.0,0.3223475217819214,False,0.3221153020858764,0.0001922924857353,0.0004664659500122,0.0197866912931203,0.0001997550716623,0.0068848207592964,0.000165029647178,143097,143098,160,16,0,False,False,0.5,0.0,0.0084846965557773,0.2057297541444692,1.448894667933604e-07,1.887379141862766e-15,1.0,0.0,0.0,0.0,0.0,0.0,0.0,0.7747287474056097,0.838092416301613,0.1888888888888888,0.1608821421347245,0.1608608969813338,0.2011026776684057,0.0518780165101942,0.5715925181815786,1.599456478317627,3.997338048478373,427.0375671386719,8.947378158569336,21.826142786218824,0.8680680314689162,634.7822875976562,9.175907135009766,20.10455560784342,0.5812912462296987,0.014281372539699,0.0033935597166419,0.0103497952222824,0.0081099085509777,0.0117539409548044,0.3218810558319092,0.3218810558319092,1.7345818416021233e-07,1.5593012581077891e-06,10.0,,,,,,True,240,15,success,129,True,False,False,-1,,"porcelain_mug_1,white_yellow_mug_1",True,129,False,-1,False,0.0,1.0,115,73,0.0987241914227178,1.515077759418517,0.3986565808528745,2.320170254486137,14899351.782919357,0.6781189441680908,1.752701232334517e-07,1.5593012581077891e-06,0.0,4.756540317067177e-17,0.0,5.230287541001857e-18,9.53723149939528e-14,1.0364835348170028e-11,0.0,4.235031855893308e-19,-15.0,False,False
libero_10,4,7,1,1,134097,0,134097,10,160,put the white mug on the left plate and put the yellow and white mug on the right plate,-1,-1,none,-1,-1,-1,-1,4.0,0.0011474915081635,0.0051277480088174,0.0029709748923778,0.0019861597102135,0.0004330977099016,0.0007746685296297,0.0060763680376112,0.3738912940025329,0.0006045211339369,0.0016455948352813,0.0003455014375504,0.0006701084203086,0.4072369933128357,1.2247449159622192,10.124228477478027,0.5600121021270752,1.4790199995040894,13.935117721557615,0.0056935106404125,0.0101176081225276,0.0172132700681686,0.0055224439129233,0.0097399950027465,0.0183265507221221,0.0055853286758065,0.0099955685436725,0.0182593632489442,0.007279775221832,0.0073363515548408,0.0089694347698241,0.0092207100242376,0.0187806715257465,0.018937598913908,0.0072629346977919,0.0073835127986967,0.007568635046482,0.0076376018114387,0.0070464732125401,0.0072187990881502,0.0070464732125401,0.0072187990881502,first,1.0,0.0,0.3746815323829651,1.3072137832641602,0.0,0.3746815323829651,0.0,0.3746815323829651,True,0.3738912940025329,0.0006045211339369,0.0016455948352813,0.0187806710600852,0.0001707564661046,0.0070464727468788,0.0001155103454948,144097,144097,176,16,0,False,False,0.5,0.0,0.0084846690688866,0.1674514701690982,1.448895401232173e-07,1.887379141862766e-15,1.0,0.0,0.0,0.0,0.0,0.0,0.0,0.7057355780685985,0.8002395332849173,0.0888888888888888,0.1484605465573969,0.1434660373758186,0.1855756831967461,0.238657192453974,1.2705094241631294,3.666904725632856,25.15143936729977,509.4474792480469,10.35446548461914,21.05980943179976,0.8528002706207048,682.95947265625,9.982335090637209,19.786854277924817,0.8046744478371103,0.0136463604867458,0.0033569214865565,0.0110313892364501,0.0037040072493255,0.0126679856330156,0.3746815323829651,0.3746815323829651,1.734595385966824e-07,1.5593144542066358e-06,10.0,,,,,,True,240,15,success,129,True,False,False,-1,,"porcelain_mug_1,white_yellow_mug_1",True,129,False,-1,False,0.0,1.0,115,73,0.0987241914227178,1.515077759418517,0.3986565808528745,2.320170254486137,14899351.782919357,0.6253184676170349,1.7527047146627639e-07,1.5593144542066358e-06,0.0,6.98739458154879e-17,0.0,6.593414080945884e-18,9.541740000330092e-14,1.0364798865909279e-11,0.0,1.1787318300252668e-18,-31.0,False,False
libero_10,4,7,1,1,134097,0,134097,11,176,put the white mug on the left plate and put the yellow and white mug on the right plate,-1,-1,none,-1,-1,-1,-1,4.0,0.0014625977491959,0.0104344421997666,0.0041526174172759,0.0022150450386106,0.0007740862783975,0.00127079046797,0.0078234532848,0.5512029528617859,0.0003813903604168,0.0009580850601196,0.0011457856744527,0.0028641105163842,0.4426888823509216,1.299038052558899,12.409673690795898,0.762642502784729,2.692582368850708,26.842130661010746,0.0059774895198643,0.0109304590150713,0.0221432447433471,0.0056497720070183,0.0099777178838849,0.0194108020514249,0.0054181925952434,0.0096480753272771,0.0206032991409301,0.0076192165724933,0.0077067581005394,0.0108051260467618,0.0111267603933811,0.0207555475644767,0.0213664174079895,0.007630628766492,0.0077001973986625,0.0080200980883091,0.0080942204222083,0.0069079973036423,0.0071370596997439,0.0069079973036423,0.0071370596997439,first,1.0,0.0,0.5509361624717712,-0.6995205283164978,0.0,0.5509361624717712,3.0,0.551702618598938,False,0.5512029528617859,0.0003813903604168,0.0009580850601196,0.020755548030138,0.0004753890680149,0.006907997187227,0.0001471545256208,145097,145100,192,16,0,False,False,0.5,0.0,0.0084846415818897,0.0993931460266473,1.4488961345249585e-07,1.887379141862766e-15,1.0,0.0,0.0,0.0,31.0,8.0,31.0,0.5028030353012958,0.7209602439239983,0.0777777777777777,0.1026292555939362,0.09696687898762,0.1282865694924203,0.4103646681184238,5.936106826063972,28.8927169916824,1941.7721117764693,566.1114501953125,10.786298751831056,20.601784218350197,0.8357853669107311,974.2050170898438,11.970450401306152,18.24429999039238,0.7602500737995681,0.0318177826702594,0.0083922035992145,0.0247295200824737,0.0101316962391138,0.0114824175834655,0.5509361624717712,0.5509361624717712,0.001425371502809,0.0130519953320273,10.0,,,,,,True,240,15,success,129,True,False,False,-1,,"porcelain_mug_1,white_yellow_mug_1",True,129,False,-1,False,0.0,1.0,115,73,0.0987241914227178,1.515077759418517,0.3986565808528745,2.320170254486137,14899351.782919357,0.4490638375282287,1.752708199501369e-07,1.559327615460535e-06,0.0,6.307063423137635e-17,0.0011999850871671,0.0130519953320273,9.538027922437641e-14,1.036473606224893e-11,0.0,8.029354281331783e-18,-47.0,False,False
libero_10,4,7,1,1,134097,0,134097,12,192,put the white mug on the left plate and put the yellow and white mug on the right plate,-1,-1,none,-1,-1,-1,-1,4.0,0.0016988840652629,0.0072397030889987,0.0060380659997463,0.0026900980155915,0.0010054790182039,0.0008054577629081,0.0089003844186663,0.6246229410171509,0.0009686959674581,0.0025134682655334,0.0005589664215222,0.0014043502742424,0.4609581530094147,1.4790199995040894,13.61983871459961,0.5944106578826904,1.5811388492584229,15.141003608703612,0.006205697543919,0.0111201107501983,0.0194310937076807,0.0056221084669232,0.0099810119718313,0.0170100443065166,0.0057223085314035,0.0101364413276314,0.0191176049411296,0.0075801372295245,0.0077098840847611,0.0099377203732728,0.0106356162577867,0.0202285991981625,0.0207999367266893,0.007499968400225,0.0075956117361783,0.007833483396098,0.0079139256849884,0.0070287581766024,0.0071742082946002,0.0070287581766024,0.0071742082946002,first,1.0,0.0,0.6235648393630981,-1.0922949314117432,0.0,0.6235648393630981,2.0,0.6260783076286316,False,0.6246229410171509,0.0009686959674581,0.0025134682655334,0.0202286001294851,0.000527593831066,0.0070287585258483,0.000100064316939,146097,146099,208,16,0,False,False,0.5,0.0,0.0699426690728702,0.0942417402799789,1.448896868371602e-07,1.887379141862766e-15,1.0,0.0,0.0,0.0,70.0,7.0,70.0,0.4627430880032941,0.926790575980712,0.1,0.0843040258973461,0.0808424385670975,0.1053800323716827,0.4110884763802556,3.599353955579208,6.000208981921884,466.02674644784895,545.8931884765625,10.656542778015137,20.75972685549856,0.8473181945141693,993.5850219726562,11.99039363861084,18.15875324858729,0.7921115903045493,0.0271418448537588,0.0058711781166493,0.0229933857917785,0.0136387543752789,0.0030224183574318,0.6235648393630981,0.6235648393630981,0.0361749026964483,0.2786577051994958,10.0,,,,,,True,240,15,success,129,True,False,False,-1,,"porcelain_mug_1,white_yellow_mug_1",True,129,False,-1,False,0.0,1.0,115,73,0.0987241914227178,1.515077759418517,0.3986565808528745,2.320170254486137,14899351.782919357,0.3764351606369018,1.7527116808169628e-07,1.5593408077707809e-06,0.0,4.595197989001549e-17,0.0830895871425512,0.2786577051994958,9.542337051087757e-14,1.0364868329334125e-11,0.0,1.442042159008718e-18,-63.0,False,False
libero_10,4,7,1,1,134097,0,134097,13,208,put the white mug on the left plate and put the yellow and white mug on the right plate,-1,-1,none,-1,-1,-1,-1,4.0,0.0015015375101938,0.0043711261823773,0.0065383883193135,0.0021888981573283,0.0010361257009208,0.0008356913458555,0.007577730808407,0.7257167100906372,0.001215381314978,0.0031582713127136,0.0007022116333246,0.0019361696904525,0.3656916320323944,1.0,10.618380546569824,0.5755542516708374,1.299038052558899,12.459936141967772,0.0062008388340473,0.0111173726618289,0.0200387276709079,0.0055655217729508,0.0099436119198799,0.0169615224003791,0.0059327259659767,0.0105088772252202,0.0185207519680261,0.0075569991022348,0.0075932219624519,0.009576283628121,0.0097610438242554,0.0208384324796497,0.0215743817389011,0.0073201921768486,0.0073814103379845,0.0078010708093643,0.007964102551341,0.0070532899117097,0.007144290022552,0.0070532899117097,0.007144290022552,first,1.0,0.0,0.7249402403831482,-0.6388692259788513,0.0,0.7249402403831482,2.0,0.7274149060249329,False,0.7257167100906372,0.001215381314978,0.0031582713127136,0.0208384320139884,0.000735790177714,0.0070532895624637,8.62382585182786e-05,147097,147099,224,16,0,False,False,0.5,0.0,0.0956021310974469,0.0942902871589991,1.448897601669547e-07,1.887379141862766e-15,1.0,0.0,0.0,0.0,96.0,6.0,96.0,0.842804098024981,0.9016472960735784,0.0888888888888888,0.1662625656504635,0.1583110357646717,0.2078282070630794,0.3217397161247848,1.9612291117901963,4.44336858399636,42.60438493122629,414.778076171875,8.945578575134277,21.952645679464894,0.8458327210465193,461.3794555664063,8.586170196533203,21.49022108638598,0.8668546117431905,0.0127740344032645,0.0030004705768078,0.0086816251277923,0.0091515555977821,0.0082264365628361,0.7249402403831482,0.7249402403831482,0.0206494882761428,0.1642900241720291,10.0,,,,,,True,240,15,success,129,True,False,False,-1,,"porcelain_mug_1,white_yellow_mug_1",True,129,False,-1,False,0.0,1.0,115,73,0.0987241914227178,1.515077759418517,0.3986565808528745,2.320170254486137,14899351.782919357,0.2750597596168518,1.7527151652117368e-07,1.5593539774571406e-06,0.0,1.713217408761511e-17,0.1642900241720291,0.0422031239534452,9.53748036704811e-14,1.0364892357548114e-11,0.0,9.037130571223617e-18,-79.0,False,False
libero_10,4,7,1,1,134097,0,134097,14,224,put the white mug on the left plate and put the yellow and white mug on the right plate,-1,-1,none,-1,-1,-1,-1,4.0,0.0014085506554692,0.006645041052252,0.0047647967003285,0.0024448086041957,0.0005642585456371,0.0008326526731252,0.0076550133526325,0.8569613695144653,0.0015674649039283,0.0039822459220886,0.0006580708432011,0.0016045428346842,0.3446963429450989,0.829156219959259,12.193748474121094,0.568325936794281,1.5,15.819292068481444,0.0059003192000091,0.0105932150036096,0.0194629374891519,0.0056306328624486,0.0100108198821544,0.0184953585267066,0.0064320587553083,0.0111776133999228,0.0219136551022529,0.0075515654170885,0.0077067879028618,0.0093028077390044,0.0094811040908098,0.0202249647118151,0.0211102906614542,0.0074950744165107,0.0076544755138456,0.0076828743331134,0.0078794173896312,0.0074045079527422,0.007485806941986,0.0074045079527422,0.007485806941986,first,1.0,0.0,0.8567547798156738,-0.1317986100912094,0.0,0.8567547798156738,1.0,0.8584673404693604,False,0.8569613695144653,0.0015674649039283,0.0039822459220886,0.0202249642461538,0.0006479682051576,0.0074045080691576,4.835662912228145e-05,148097,148098,240,16,0,False,True,1.0,0.5,0.0785191702681773,0.0943598451028391,1.9921979772496256e-06,1.887379141862766e-15,1.0,0.0,0.0,0.0,93.0,6.0,93.0,0.4481872476122138,0.5944028063855402,0.1111111111111111,0.0926018704700247,0.0822202105733844,0.1157523380875309,0.3682719408933327,2.135193575741001,4.029111967636238,135.52178572997786,437.5758056640625,9.101781845092772,21.720270597844777,0.8185930551127324,424.9288024902344,7.9555230140686035,21.84764191466722,0.891761315744366,0.0351702943444252,0.0083010550588369,0.0301277041435241,0.012697878293693,0.0306498035788536,0.1432452201843261,0.8567547798156738,0.0120647924365514,0.078836325967192,10.0,,,,,,True,240,15,success,129,True,False,False,-1,,"porcelain_mug_1,white_yellow_mug_1",True,129,False,-1,False,0.0,1.0,115,73,0.0987241914227178,1.515077759418517,0.3986565808528745,2.320170254486137,14899351.782919357,0.1432452201843261,1.7527186465562546e-07,1.5593671651532038e-06,0.0,2.538887176261893e-17,0.078836325967192,0.0416038029630784,9.537878582801837e-14,1.0364921488828235e-11,1.6400109820813188e-06,0.0002044207747717,-95.0,False,False
libero_10,4,8,1,2,134194,0,134194,0,0,put the white mug on the left plate and put the yellow and white mug on the right plate,-1,-1,none,-1,-1,-1,-1,4.0,0.0024521579034626,0.0153899909928441,0.0109738027676939,0.0049956375733017,0.0004852254351135,0.0007225160952657,0.0162032973021268,0.0729219987988472,0.0004646307788789,0.0012008547782897,0.0009141690679825,0.0031129594426602,0.7932688593864441,2.6809513568878174,52.54997634887695,1.822747826576233,6.381812572479248,81.91153717041016,0.006779228337109,0.0146072087809443,0.0255370568484067,0.0055665448307991,0.009873422794044,0.0168452765792608,0.0059086601249873,0.0103856483474373,0.0199016220867633,0.007451337412931,0.0075040785595774,0.009777377359569,0.009931493550539,0.0192815298214554,0.0199962593615055,0.0071535813622176,0.0073057562112808,0.0073489893693476,0.0075308945961296,0.0075364492367953,0.0076230661943554,0.0075364492367953,0.0076230661943554,first,1.0,0.0,0.0725068151950836,-0.893577516078949,0.0,0.0725068151950836,1.0,0.0737076699733734,False,0.0729219987988472,0.0004646307788789,0.0012008547782897,0.0192815288901329,0.0006638113991357,0.0075364490039646,5.882111508981325e-05,134194,134195,16,16,0,False,False,0.0,0.0,1.7208456881689926e-15,0.2653269528229273,1.887379141862766e-15,1.887379141862766e-15,0.0,0.0,0.0,0.0,0.0,0.0,0.0,0.2621762426447431,0.6321786721227758,0.1222222222222222,0.0468185349352859,0.0462145420761617,0.0585231686691074,0.2469670944866632,1.850521835067321,5.527392350758992,533.9307875104354,491.5594177246094,10.27475929260254,21.21504339757187,0.8457006024710866,624.1207885742188,10.074317932128906,20.178117123156973,0.6973977213038388,0.0197027456015348,0.0042711477726697,0.0172114670276641,0.018923319876194,0.0051927273161709,0.0725068151950836,0.0725068151950836,9.741234257035702e-16,2.1649348980190556e-15,10.0,,,,,,True,235,15,success,129,True,False,False,-1,,"porcelain_mug_1,white_yellow_mug_1",True,129,False,-1,False,0.0,1.0,115,72,0.1006303131966719,1.5080601424809137,0.4014541161280227,2.5733388803930617,22168499.56335324,0.9274931848049164,5.551115123125784e-16,1.266852079120584e-16,1.5543122344752194e-15,4.44387618826039e-16,1.9984014443252818e-15,1.2300683536231536e-16,2.1649348980190556e-15,3.029544867331659e-16,2.1649348980190556e-15,3.065051210509342e-16,129.0,False,False
libero_10,4,8,1,2,134194,0,134194,1,16,put the white mug on the left plate and put the yellow and white mug on the right plate,-1,-1,none,-1,-1,-1,-1,4.0,0.001775913638994,0.0123015772551298,0.0054395655170083,0.0032666537445038,0.0006802982534281,0.0005905398866161,0.0103109562769532,0.0878503322601318,0.0002474812499713,0.0006719529628753,0.0003916433779522,0.0008251459803432,0.4091591536998749,1.2247449159622192,12.05197048187256,0.4962538182735443,1.1180340051651,9.627434730529783,0.0062062945216894,0.0114718656986951,0.0207933001220226,0.005482645239681,0.0097082825377583,0.017687652260065,0.0057214642874896,0.0101718017831444,0.0181691888719797,0.0074934297008439,0.0075692473910748,0.0096781749743968,0.0101089859381318,0.020096278283745,0.0204948037862777,0.0071301545249298,0.007259065285325,0.0074101469945162,0.0075433631427586,0.0073256433242931,0.0074930810369551,0.0073256433242931,0.0074930810369551,first,1.0,0.0,0.0875365734100341,-1.2678085565567017,0.0,0.0875365734100341,2.0,0.0882085263729095,False,0.0878503322601318,0.0002474812499713,0.0006719529628753,0.0200962778180837,0.0004017433966509,0.0073256432078778,9.875126124825329e-05,135194,135196,32,16,0,False,False,0.0,0.0,1.7208456881689926e-15,0.1567086203157592,1.887379141862766e-15,1.887379141862766e-15,0.0,0.0,0.0,0.0,0.0,0.0,0.0,0.6193363618141079,0.6543506913112608,0.0777777777777777,0.1251285459416738,0.1128580403467914,0.1564106824270923,0.3425946589373933,2.8797435305236982,4.564237754551458,145.9341436122357,605.1661376953125,11.393149375915527,20.31205741952169,0.8349215489191261,396.05316162109375,7.505002498626709,22.15326876333559,0.7632370625131861,0.0133065981790423,0.0032173227518796,0.0094997584819793,0.0101252766326069,0.0085804788395762,0.0875365734100341,0.0875365734100341,5.6407792189205734e-18,3.721930213496255e-17,10.0,,,,,,True,235,15,success,129,True,False,False,-1,,"porcelain_mug_1,white_yellow_mug_1",True,129,False,-1,False,0.0,1.0,115,72,0.1006303131966719,1.5080601424809137,0.4014541161280227,2.5733388803930617,22168499.56335324,0.9124634265899658,0.0,5.273083321056907e-19,0.0,3.721930213496255e-17,0.0,5.302906678926289e-18,0.0,7.554988251829914e-18,0.0,5.803286791381293e-18,113.0,False,False
libero_10,4,8,1,2,134194,0,134194,2,32,put the white mug on the left plate and put the yellow and white mug on the right plate,-1,-1,none,-1,-1,-1,-1,4.0,0.0015885214088484,0.0081164920702576,0.0048423181287944,0.002216471126303,0.0008095398079603,0.0020416178740561,0.0082277497276663,0.1051812246441841,0.0002738038601819,0.0007236301898956,0.0041217161342501,0.0159599743783473,0.4123332798480987,1.2247449159622192,9.807522773742676,0.628822922706604,1.7320507764816284,44.29658508300781,0.0059916670434176,0.0108036641031503,0.0231839399784803,0.0078605217859148,0.0187135972082614,0.0290167704224586,0.0057038250379264,0.010132186114788,0.0175682287663221,0.0077668207231909,0.0078426217660307,0.0121007424313575,0.014134838245809,0.0193881597369909,0.020419143140316,0.0081187367904931,0.0084104398265481,0.0095605817623436,0.0098782517015933,0.0073426223825663,0.0073904199525713,0.0073426223825663,0.0073904199525713,first,1.0,0.0,0.1050667464733123,-0.4181028306484222,0.0,0.1050667464733123,2.0,0.1055226325988769,False,0.1051812246441841,0.0002738038601819,0.0007236301898956,0.0193881597369909,0.0008262565243057,0.0073426226153969,4.8936184612102807e-05,136194,136196,48,16,0,False,False,0.0,0.0,1.7208456881689926e-15,0.0916832418151036,1.887379141862766e-15,1.887379141862766e-15,0.0,0.0,0.0,0.0,0.0,0.0,0.0,0.3728249655228454,0.6248423745486406,0.0555555555555555,0.0819243919164639,0.0813256338575432,0.1024054898955799,0.245639514721857,1.673037548178182,3.119025523615065,120.32273523869056,540.5680541992188,10.797101020812988,20.80229984127737,0.8496498903878196,290.4342041015625,7.16893196105957,23.500325994671783,0.8980712232783346,0.0558945387601852,0.0116996774449944,0.0398766994476318,0.0053850836120545,0.0133483177050948,0.1050667464733123,0.1050667464733123,4.4585168072066564e-18,2.2412772351502478e-17,10.0,,,,,,True,235,15,success,129,True,False,False,-1,,"porcelain_mug_1,white_yellow_mug_1",True,129,False,-1,False,0.0,1.0,115,72,0.1006303131966719,1.5080601424809137,0.4014541161280227,2.5733388803930617,22168499.56335324,0.8949332535266876,0.0,5.290938736517883e-19,0.0,2.2412772351502478e-17,0.0,9.052385253973925e-18,0.0,7.475113366728426e-18,0.0,5.1158032262099524e-18,97.0,False,False
libero_10,4,8,1,2,134194,0,134194,3,48,put the white mug on the left plate and put the yellow and white mug on the right plate,-1,-1,none,-1,-1,-1,-1,4.0,0.0017882984830066,0.0097043616697192,0.0096804480999708,0.0026997961103916,0.0007331031374633,0.0022193926852196,0.0099108228459954,0.1145630851387977,0.0003859984281007,0.0009336471557617,0.0013598222285509,0.0039820913225412,0.4148457944393158,1.2247449159622192,7.119515419006348,0.5946969389915466,1.8708287477493288,19.163768768310547,0.0061747846193611,0.0114185810089111,0.0293171685189008,0.005739273969084,0.0102322930470108,0.0181147567927837,0.005766165908426,0.0103116491809487,0.0180525016039609,0.0077902743360027,0.0078645003959536,0.0141326047014445,0.0169704239815473,0.0207090154290199,0.0210049748420715,0.0075387507677078,0.0077598309144377,0.0082119645085185,0.008412092924118,0.0073669069679453,0.0074638482183218,0.0073669069679453,0.0074638482183218,first,1.0,0.0,0.1150349378585815,1.222421407699585,0.0,0.1150349378585815,0.0,0.1150349378585815,True,0.1145630851387977,0.0003859984281007,0.0009336471557617,0.0207090154290199,0.0002727854007389,0.00736690685153,5.91523785260506e-05,137194,137194,64,16,0,False,False,0.0,0.0,0.0018926881983019,0.0880596004661125,1.887379141862766e-15,1.887379141862766e-15,0.0,0.0,0.0,0.0,7.0,3.0,7.0,0.1016879579760206,0.1422719760755066,0.0555555555555555,0.0180497167026016,0.011786976440831,0.022562145878252,0.1374041914343507,1.5642181819418168,4.229690804412177,2424.1996492899875,615.0947875976562,11.597344398498535,20.24138314102928,0.8288956420907422,340.4744873046875,7.062712669372559,22.809957862869798,0.8805696884256599,0.0182234905660152,0.0045632938854396,0.012846827507019,0.0113975182175636,0.0060440334491431,0.1150349378585815,0.1150349378585815,0.0098224338433568,0.094111751773514,10.0,,,,,,True,235,15,success,129,True,False,False,-1,,"porcelain_mug_1,white_yellow_mug_1",True,129,False,-1,False,0.0,1.0,115,72,0.1006303131966719,1.5080601424809137,0.4014541161280227,2.5733388803930617,22168499.56335324,0.8849650621414185,0.0041125866600548,0.094111751773514,0.0,3.7915016373501856e-17,0.0,1.237338717225396e-17,0.0,8.983572950807635e-18,0.0,6.702861973918095e-18,81.0,False,False
libero_10,4,8,1,2,134194,0,134194,4,64,put the white mug on the left plate and put the yellow and white mug on the right plate,-1,-1,none,-1,-1,-1,-1,4.0,0.0069679012522101,0.0358728542923927,0.0316502638161182,0.014838914386928,0.0011624604230746,0.0007711830548942,0.0445032566785812,0.1442857682704925,0.0001105301489587,0.0002691745758056,0.0009424065356142,0.0026699812151491,1.3290694952011108,5.2618913650512695,70.75794982910156,1.4702177047729492,3.3447721004486084,47.1963996887207,0.0110128708183765,0.032996866852045,0.0468515865504741,0.0055778720416128,0.0099300108850002,0.0183332562446594,0.0057168342173099,0.0102157676592469,0.0186797808855772,0.0078088914742693,0.0079067489132285,0.0096079676877707,0.0098812952637672,0.0210270709358155,0.0218913443386554,0.0074015472782775,0.0074667278677225,0.0078169878106564,0.0079248631373047,0.0073827555170282,0.0077723460271954,0.0073827555170282,0.0077723460271954,first,1.0,0.0,0.1442392468452453,-0.4208935499191284,0.0,0.1442392468452453,1.0,0.1443955302238464,False,0.1442857682704925,0.0001105301489587,0.0002691745758056,0.0210270695388317,0.0008091803756542,0.0073827556334435,0.0002261766931042,138194,138195,80,16,0,False,False,0.0,0.0,0.0975230326058263,0.0877338364920759,1.887379141862766e-15,1.887379141862766e-15,0.0,0.0,0.0,0.0,128.0,8.0,128.0,0.7387978865507183,0.9598975859229122,0.0777777777777777,0.132109181113865,0.1253519730868832,0.1651364763923312,0.5466886516099367,2.817191161562509,5.412448599801904,130.31305855462008,522.0409545898438,11.054362297058104,20.953757857302428,0.8495969330186259,402.680419921875,8.934863090515137,22.08119848038777,0.8811110877682844,0.0092005683109164,0.0026212276425212,0.0058006048202514,0.0057630678638815,0.0038981495890766,0.1442392468452453,0.1442392468452453,0.0159962476439737,0.1250972818867564,10.0,,,,,,True,235,15,success,129,True,False,False,-1,,"porcelain_mug_1,white_yellow_mug_1",True,129,False,-1,False,0.0,1.0,115,72,0.1006303131966719,1.5080601424809137,0.4014541161280227,2.5733388803930617,22168499.56335324,0.8557607531547546,0.1250972818867564,0.0348651945529808,0.0,2.0842428120086346e-17,0.0,5.846590239101915e-18,0.0,1.8125441301221461e-19,0.0,1.128936898536761e-17,65.0,False,False
libero_10,4,8,1,2,134194,0,134194,5,80,put the white mug on the left plate and put the yellow and white mug on the right plate,-1,-1,none,-1,-1,-1,-1,4.0,0.001194903277792,0.0056743989698588,0.0070607736706733,0.0022420149762183,0.0003536335716489,0.0005773765733465,0.0066944085992872,0.1671722829341888,0.0004963721730746,0.0013543665409088,0.0004917562473565,0.0007242282154038,0.4192380607128143,1.1180340051651,13.254715919494627,0.4794332683086395,1.1180340051651,11.895377159118652,0.0057489154860377,0.0103058731183409,0.0187460295855999,0.005486415233463,0.0097902687266469,0.0182179231196641,0.0056274766102433,0.010001378133893,0.0170519035309553,0.0075016919290646,0.0075855767354369,0.009479512926191,0.0098757622763514,0.020853454247117,0.0219184644520282,0.0073548286454752,0.0074403756298124,0.0075628230115398,0.0076384069398045,0.0071928130928426,0.0072744851931929,0.0071928130928426,0.0072744851931929,first,1.0,0.0,0.1673964858055114,0.451682984828949,0.0,0.1673964858055114,1.0,0.1677898466587066,False,0.1671722829341888,0.0004963721730746,0.0013543665409088,0.020853454247117,0.0007072217413224,0.007192812860012,6.247854616958648e-05,139194,139195,96,16,0,False,False,0.0,0.0,0.1006303131966719,0.0881665676792614,1.887379141862766e-15,1.887379141862766e-15,0.0,0.0,0.0,0.0,128.0,8.0,128.0,0.5640577773224951,0.7740113641327535,0.1724137931034483,0.120634077787127,0.1027106941816703,0.1507925972339088,0.3558185412295697,2.427720711005464,5.206423992310285,112.18945743242196,679.3380126953125,12.386911392211914,19.809944444342104,0.8073352226037513,309.130126953125,7.253029346466064,23.2293902862274,0.8985599295158673,0.021241096779704,0.0049350718036293,0.0160729438066482,0.0070827668532729,0.019246868789196,0.1673964858055114,0.1673964858055114,0.0110741775072516,0.1019254925014864,10.0,,,,,,True,235,15,success,129,True,False,False,-1,,"porcelain_mug_1,white_yellow_mug_1",True,129,False,-1,False,0.0,1.0,115,72,0.1006303131966719,1.5080601424809137,0.4014541161280227,2.5733388803930617,22168499.56335324,0.8326035141944885,0.1019254925014864,0.0088162825710303,0.0,1.9085837445995978e-17,0.0,2.2627526061127498e-17,0.0,2.5669368862914408e-18,0.0,9.738969519921288e-18,49.0,False,False
libero_10,4,8,1,2,134194,0,134194,6,96,put the white mug on the left plate and put the yellow and white mug on the right plate,-1,-1,none,-1,-1,-1,-1,4.0,0.0014542333083227,0.0060167340561747,0.0049011330120265,0.0025740542914718,0.0005373344174586,0.000845466624014,0.0079532228410243,0.1978387683629989,0.0001191444680443,0.0003210604190826,0.0006046911585144,0.0009882915765047,0.4192164540290832,1.2247449159622192,11.008519172668455,0.5273871421813965,1.299038052558899,14.335270881652832,0.0058267270214855,0.0103555833920836,0.0179374869912862,0.0055198986083269,0.0098023004829883,0.0178820062428712,0.0056216181255877,0.0099751614034175,0.0177806708961725,0.0073534470284357,0.0073681473731994,0.0090919607318937,0.0091224191710352,0.0192332151345908,0.0196971949189901,0.0074188925791531,0.0075017940253019,0.0077829037327319,0.0079559637233614,0.0072697218274697,0.007363342680037,0.0072697218274697,0.007363342680037,first,1.0,0.0,0.1979897916316986,1.267564296722412,0.0,0.1979897916316986,0.0,0.1979897916316986,True,0.1978387683629989,0.0001191444680443,0.0003210604190826,0.019233213737607,0.0002764326345641,0.0072697224095463,8.528808393748477e-05,140194,140194,112,16,0,False,False,0.0,0.0,0.0587855335409902,0.0881224673232671,1.887379141862766e-15,1.887379141862766e-15,0.0,0.0,0.0,0.0,128.0,8.0,128.0,0.2702380257744484,0.444064390998727,0.125,0.0581529269766441,0.057508895296314,0.0726911587208052,0.1177431767252983,1.337896298136522,2.359297231855841,139.59556975245283,612.3580932617188,11.5802640914917,20.26074898776256,0.8211380445661685,418.918212890625,8.346068382263184,21.909511187068503,0.8717674219809041,0.0281190630048513,0.0073133092373609,0.0161287784576416,0.0049860472790896,0.0186795312911272,0.1979897916316986,0.1979897916316986,0.0075381434101065,0.0558622924051356,10.0,,,,,,True,235,15,success,129,True,False,False,-1,,"porcelain_mug_1,white_yellow_mug_1",True,129,False,-1,False,0.0,1.0,115,72,0.1006303131966719,1.5080601424809137,0.4014541161280227,2.5733388803930617,22168499.56335324,0.8020102083683014,0.0558622924051356,0.0195191416959295,0.0,4.427510945932324e-17,0.0,4.6658988474669166e-18,0.0,3.333699284122526e-18,0.0,2.8529568235729433e-18,33.0,False,False
libero_10,4,8,1,2,134194,0,134194,7,112,put the white mug on the left plate and put the yellow and white mug on the right plate,-1,-1,none,-1,-1,-1,-1,4.0,0.0016434153076261,0.0093395020812749,0.011002111248672,0.0029728196095675,0.0004803843330591,0.0011442964896559,0.0094734914600849,0.234549731016159,0.0003463389875832,0.0009532272815704,0.0010721924481913,0.001653766608797,0.5313569903373718,1.5811388492584229,26.58006858825684,0.9335104823112488,2.549509763717652,49.24111557006836,0.0060331858694553,0.0108306007459759,0.0208002179861068,0.0056253247894346,0.0099993599578738,0.0200057476758956,0.0055017061531543,0.0096940789371728,0.0180783178657293,0.0075915389461442,0.0077242366969585,0.0120811474043875,0.0130467964336276,0.02093739900738,0.0219077095389366,0.0075493385083973,0.0076936725527048,0.0078387800604105,0.0079758558422327,0.0070513386745005,0.0071528065018355,0.0070513386745005,0.0071528065018355,first,1.0,0.0,0.234136164188385,-1.1941099166870115,0.0,0.234136164188385,1.0,0.2350893914699554,False,0.234549731016159,0.0003463389875832,0.0009532272815704,0.0209373999387025,0.0006932432297617,0.0070513389073312,5.884096390218474e-05,141194,141195,128,16,0,False,False,0.5,0.5,0.0133508465293979,0.0881018654141997,1.8268213865298145e-07,1.887379141862766e-15,0.0,0.0,0.0,0.0,12.0,8.0,12.0,0.280528809561153,0.5757361215132307,0.1333333333333333,0.0538765820487127,0.0447688362435201,0.0673457275608909,0.2628607586113736,1.5363911246259456,2.382802005900278,222.30332876006293,668.1883544921875,12.172386169433594,19.881814585928176,0.7976404071939955,452.0042114257813,8.909956932067871,21.57937879617464,0.8360722424421039,0.0109771927818655,0.0031691207550466,0.006735622882843,0.0078033506870269,0.0063605098985135,0.234136164188385,0.234136164188385,0.0069115132237493,0.0625248239527644,10.0,,,,,,True,235,15,success,129,True,False,False,-1,,"porcelain_mug_1,white_yellow_mug_1",True,129,False,-1,False,0.0,1.0,115,72,0.1006303131966719,1.5080601424809137,0.4014541161280227,2.5733388803930617,22168499.56335324,0.765863835811615,0.0065888484124077,0.0625248239527644,0.0,4.272601818652082e-17,0.0,8.804245984982232e-18,1.45612798690799e-07,1.3142595226728317e-06,0.0,8.564126575462832e-18,17.0,False,False
libero_10,4,8,1,2,134194,0,134194,8,128,put the white mug on the left plate and put the yellow and white mug on the right plate,-1,-1,none,-1,-1,-1,-1,4.0,0.0013615207280963,0.0053908382542431,0.0072884014807641,0.0023245026823133,0.0006382740684784,0.0006423146696761,0.007093924563378,0.285898208618164,0.000385178514989,0.0010517537593841,0.0005722449277527,0.0008113422663882,0.4482737481594085,1.4142135381698608,17.03489112854004,0.596352219581604,1.299038052558899,31.25200080871582,0.0058924541808664,0.0105704218149185,0.0175525285303592,0.005541224963963,0.0097734909504652,0.0187143888324499,0.0054888473823666,0.0098001630976796,0.0170504190027713,0.0073754382319748,0.0074744946323335,0.0090138278901577,0.0092496164143085,0.0204632431268692,0.0215063728392124,0.0073163317283615,0.0073755118064582,0.0075725510250777,0.0076473848894238,0.0070048732450231,0.0070646931417286,0.0070048732450231,0.0070646931417286,first,1.0,0.0,0.2859855592250824,0.2267795354127884,0.0,0.2859855592250824,1.0,0.2864658832550049,False,0.285898208618164,0.000385178514989,0.0010517537593841,0.0204632431268692,0.0007723252638243,0.0070048728957772,5.6702265283092856e-05,142194,142195,144,16,0,False,False,0.5,0.0,0.0083820933492275,0.1432963951038067,1.456128554435207e-07,1.887379141862766e-15,1.0,0.0,0.0,0.0,0.0,0.0,0.0,0.6087510014066393,0.6983499280887424,0.1111111111111111,0.1256457626529473,0.1196569128926682,0.1570572033161841,0.2193233354010142,0.8994994692419143,1.8067294994920309,14.900845292430148,501.9391479492188,10.587425231933594,21.124292917543045,0.8533179825858387,384.9578552246094,7.733511447906494,22.27667174853608,0.7419660960527346,0.0118472101166844,0.0034006864298135,0.006957521662116,0.0068440353497862,0.0095026772469282,0.2859855592250824,0.2859855592250824,2.113318014833402e-07,1.973877236287999e-06,10.0,,,,,,True,235,15,success,129,True,False,False,-1,,"porcelain_mug_1,white_yellow_mug_1",True,129,False,-1,False,0.0,1.0,115,72,0.1006303131966719,1.5080601424809137,0.4014541161280227,2.5733388803930617,22168499.56335324,0.7140144407749176,1.394301058969487e-07,1.973877236287999e-06,0.0,3.4953736505961906e-17,0.0,1.1098679271090132e-17,8.818771932467788e-14,1.0584407371616249e-11,0.0,7.311212542860034e-18,1.0,False,False
libero_10,4,8,1,2,134194,0,134194,9,144,put the white mug on the left plate and put the yellow and white mug on the right plate,-1,-1,none,-1,-1,-1,-1,4.0,0.0008097747922874,0.0036499684210866,0.0051178401336073,0.0011348830303177,0.0004799584858119,0.0008238994632847,0.0041060564108192,0.3235193490982055,0.0001535448536742,0.0004169344902038,0.0003737973165698,0.0005641838070005,0.400432676076889,1.2247449159622192,12.616952896118164,0.4433805048465729,0.8660253882408142,13.5,0.005626265425235,0.0099674938246607,0.0171491522341966,0.0054861940443515,0.0097785321995615,0.0165755469352006,0.0055041369050741,0.0097802514210343,0.0169420540332794,0.0072394657181575,0.0072843320667743,0.0089505712967365,0.0095492303371429,0.0196209214627742,0.0200748406350612,0.0072357497410848,0.0074217999354004,0.0075089723104611,0.0077635045163333,0.0070753234904259,0.0072501259855926,0.0070753234904259,0.0072501259855926,first,1.0,0.0,0.3236879706382751,1.0981907844543457,0.0,0.3236879706382751,0.0,0.3236879706382751,True,0.3235193490982055,0.0001535448536742,0.0004169344902038,0.0196209214627742,0.0004968267749063,0.0070753232575953,0.0001673449150985,143194,143194,160,16,0,False,False,0.5,0.0,0.0083820818129444,0.2056768726094362,1.456129139667326e-07,1.887379141862766e-15,1.0,0.0,0.0,0.0,0.0,0.0,0.0,0.7736746772682785,0.8380612615389007,0.2111111111111111,0.1607588290336939,0.1607195185495996,0.2009485362921175,0.0584566326149514,0.666399838565351,2.48507520815787,6.710156708152969,457.9412841796875,9.205470085144045,21.522705631947296,0.8575507438601978,636.5565185546875,9.035295486450195,20.09243391045224,0.5823709775324689,0.0199646055698394,0.0041988398879766,0.0175609439611434,0.0088973771780729,0.0177452936768531,0.3236879706382751,0.3236879706382751,2.1134825969231442e-07,1.974044410183118e-06,10.0,,,,,,True,235,15,success,129,True,False,False,-1,,"porcelain_mug_1,white_yellow_mug_1",True,129,False,-1,False,0.0,1.0,115,72,0.1006303131966719,1.5080601424809137,0.4014541161280227,2.5733388803930617,22168499.56335324,0.6763120293617249,1.39427495042909e-07,1.974044410183118e-06,0.0,5.329642824909348e-17,0.0,1.0938427715647496e-17,8.825053806900726e-14,1.0603373390982112e-11,0.0,8.952570539720092e-18,-15.0,False,False
libero_10,4,8,1,2,134194,0,134194,10,160,put the white mug on the left plate and put the yellow and white mug on the right plate,-1,-1,none,-1,-1,-1,-1,4.0,0.0012733964249491,0.0049163317307829,0.0036701422650367,0.0021570520475506,0.0006461805314756,0.000504077062942,0.0065776426345109,0.3813174664974212,0.0003570823173504,0.0009753704071044,0.0003915933775715,0.0007557185017503,0.4292108416557312,1.299038052558899,8.455767631530762,0.6520381569862366,1.5811388492584229,23.07596206665039,0.0058773048222064,0.0103859305381774,0.0216131024062633,0.0054780109785497,0.0097402585670351,0.0177604872733354,0.0054645664058625,0.0096937734633684,0.0174475777894258,0.007425973075442,0.0074725993908941,0.0090036573819816,0.0091530866920948,0.0193999651819467,0.0198336876928806,0.0072287344373762,0.0072918436489999,0.0074747473699972,0.0075921560637652,0.0069999836850911,0.0072314562276005,0.0069999836850911,0.0072314562276005,first,1.0,0.0,0.3808529376983642,-1.300901174545288,0.0,0.3808529376983642,3.0,0.3818283081054687,False,0.3813174664974212,0.0003570823173504,0.0009753704071044,0.0193999651819467,0.0002673847193364,0.0069999834522604,0.0001347696816083,144194,144197,176,16,0,False,False,0.5,0.0,0.0083820702741311,0.1608863608757632,1.4561297248998069e-07,1.887379141862766e-15,1.0,0.0,0.0,0.0,0.0,0.0,0.0,0.7184746589805211,0.7901554622020229,0.0777777777777777,0.1503016020423663,0.14448158666512,0.1878770025529579,0.2553305547345727,1.5758346927262663,3.769990422508644,32.611059037300954,606.4381103515625,11.30846118927002,20.30293875045833,0.8242320204266838,698.5203857421875,10.040265083312988,19.689012757059693,0.7899024774500731,0.0184657163918018,0.004668585024774,0.0135424733161926,0.0057838130742311,0.0170855913311243,0.3808529376983642,0.3808529376983642,2.113504510923427e-07,1.974065816118064e-06,10.0,,,,,,True,235,15,success,129,True,False,False,-1,,"porcelain_mug_1,white_yellow_mug_1",True,129,False,-1,False,0.0,1.0,115,72,0.1006303131966719,1.5080601424809137,0.4014541161280227,2.5733388803930617,22168499.56335324,0.6191470623016357,1.3942800292703418e-07,1.974065816118064e-06,0.0,6.698721207654834e-17,0.0,1.0311100464520367e-17,8.825987061078648e-14,1.0603529821927386e-11,0.0,1.1338548155916489e-17,-31.0,False,False
libero_10,4,8,1,2,134194,0,134194,11,176,put the white mug on the left plate and put the yellow and white mug on the right plate,-1,-1,none,-1,-1,-1,-1,4.0,0.0014330787817016,0.009001662954688,0.0071465726941823,0.0022652728948742,0.000471611827379,0.0018208972178399,0.0078544020652771,0.5568820834159851,0.0004224386939313,0.001173198223114,0.0017581408610567,0.0057775205932557,0.4161717593669891,1.2247449159622192,11.540688514709473,0.5751022100448608,1.5811388492584229,15.497983932495115,0.0058157504536211,0.0104006808251142,0.0287012550979852,0.0060052531771361,0.010876091197133,0.0179443601518869,0.0054334425367414,0.0097227692604064,0.017583180218935,0.0075603685108944,0.0076249064877629,0.0125589079689234,0.015526570379734,0.0199447502382099,0.0201396588236093,0.0080485192593187,0.0084626544266939,0.0086181245278567,0.0090838493779301,0.0069239961449056,0.0069925156421959,0.0069239961449056,0.0069925156421959,first,1.0,0.0,0.5568844676017761,0.0056438622996211,0.0,0.5568844676017761,3.0,0.5574025511741638,False,0.5568820834159851,0.0004224386939313,0.001173198223114,0.0199447497725486,0.0002562812587711,0.0069239963777363,5.407263233792037e-05,145194,145197,192,16,0,False,False,0.5,0.0,0.0083820587352079,0.0985585753285701,1.456130310132573e-07,1.887379141862766e-15,1.0,0.0,0.0,0.0,38.0,7.0,38.0,0.5002384503273588,0.7266907099935653,0.1333333333333333,0.0989709793669462,0.0877536202147019,0.1237137242086827,0.4627813325397855,8.632141981287528,42.05599029208368,4943.762106505671,553.3062133789062,10.579766273498535,20.70114813695468,0.8382774616045591,1472.548095703125,14.89909553527832,16.450108724462215,0.6265843125047781,0.0526035279035568,0.0129440538585186,0.0339432507753372,0.0196429137140512,0.0102967331185936,0.5568844676017761,0.5568844676017761,0.0030193098835239,0.0277442548492124,10.0,,,,,,True,235,15,success,129,True,False,False,-1,,"porcelain_mug_1,white_yellow_mug_1",True,129,False,-1,False,0.0,1.0,115,72,0.1006303131966719,1.5080601424809137,0.4014541161280227,2.5733388803930617,22168499.56335324,0.4431155323982239,1.394285110110002e-07,1.9740872217916336e-06,0.0,6.318482255101419e-17,0.0024467304596023,0.0277442548492124,8.825675966007246e-14,1.0603611414823348e-11,0.0,3.5941278962254914e-18,-47.0,False,False
libero_10,4,8,1,2,134194,0,134194,12,192,put the white mug on the left plate and put the yellow and white mug on the right plate,-1,-1,none,-1,-1,-1,-1,4.0,0.0013571201125159,0.0048741772770881,0.0030851224437355,0.0021049550268799,0.00080035981955,0.0007838951423764,0.0069630406796932,0.6613841652870178,0.0002088977926177,0.0004873871803283,0.0007744085160084,0.0015051725786179,0.4275650978088379,1.2247449159622192,14.01784610748291,0.6457851529121399,1.8708287477493288,19.791095733642575,0.005995862185955,0.0106655964627861,0.0183572545647621,0.0057037426158785,0.0101399002596735,0.017988758161664,0.0056442776694893,0.0100503554567694,0.0174187161028385,0.0076183946803212,0.0078039257787168,0.0095842760056257,0.0097716702148318,0.020092936232686,0.0202411245554685,0.0075237036217004,0.0077332737855613,0.0077727341558784,0.0079993419349193,0.0072819443885236,0.0075639495626091,0.0072819443885236,0.0075639495626091,first,1.0,0.0,0.6617459058761597,1.7316631078720093,0.0,0.6617459058761597,0.0,0.6617459058761597,True,0.6613841652870178,0.0002088977926177,0.0004873871803283,0.020092936232686,0.000143794939504,0.007281944155693,0.0001684691378613,146194,146194,208,16,0,False,False,0.5,0.0,0.073637420895485,0.0950090307954904,1.4561308953656488e-07,1.887379141862766e-15,1.0,0.0,0.0,0.0,60.0,6.0,60.0,0.5011789191140419,0.9302169655871836,0.0777777777777777,0.0902322641800781,0.0860714959341288,0.1127903302250976,0.4410946526847442,3.5082841615618183,5.721279853191255,377.1942225224083,520.9342041015625,10.405532836914062,20.962974870887276,0.8524875331380073,569.3084716796875,9.423954010009766,20.57732714424418,0.884289600309813,0.0189408920705318,0.0040875687263906,0.0159642696380615,0.0081198969855904,0.0030733791645616,0.6617459058761597,0.6617459058761597,0.0360312076489569,0.2732178300740151,10.0,,,,,,True,235,15,success,129,True,False,False,-1,,"porcelain_mug_1,white_yellow_mug_1",True,129,False,-1,False,0.0,1.0,115,72,0.1006303131966719,1.5080601424809137,0.4014541161280227,2.5733388803930617,22168499.56335324,0.3382540941238403,1.3942901898498998e-07,1.974108593006231e-06,0.0,4.589430367761762e-17,0.0870921328672499,0.2732178300740151,8.82586262180875e-14,1.0603649146100206e-11,0.0,5.9968456555318096e-18,-63.0,False,False
libero_10,4,8,1,2,134194,0,134194,13,208,put the white mug on the left plate and put the yellow and white mug on the right plate,-1,-1,none,-1,-1,-1,-1,4.0,0.0014015411725267,0.0048763738013803,0.0060926782898604,0.0022292544599622,0.0007834735442884,0.0007726052426733,0.0071962946094572,0.7823072075843811,0.000762996613048,0.0020519495010375,0.0004783928161486,0.0009222971275448,0.3531283736228943,0.8660253882408142,11.712706565856934,0.5117169618606567,1.2247449159622192,8.616844177246094,0.0060087358579039,0.0108054932206869,0.0208799801766872,0.005570079665631,0.0098546920344233,0.0165074113756418,0.0056477491743862,0.010052396915853,0.0210450235754251,0.0076169174863025,0.0076990313827991,0.0096382063347846,0.0099191814661026,0.0200869585387408,0.0206888057291507,0.007277199300006,0.007353788241744,0.0075831717113032,0.0077283182181417,0.007080242387019,0.0071932710707187,0.007080242387019,0.0071932710707187,first,1.0,0.0,0.7813047170639038,-1.3138859272003174,0.0,0.7813047170639038,2.0,0.7833566665649414,False,0.7823072075843811,0.000762996613048,0.0020519495010375,0.0200869590044021,0.0003692642785608,0.0070802420377731,7.127277058316395e-05,147194,147196,224,16,0,False,False,0.5,0.0,0.0947787746512826,0.0950585233564893,1.4561314805989905e-07,1.887379141862766e-15,1.0,0.0,0.0,0.0,96.0,6.0,96.0,0.7904212225591521,0.9109194062123632,0.0444444444444444,0.1582804897371341,0.1499282487221906,0.1978506121714175,0.3862733669650034,2.8573899042626074,5.913458668316598,94.80739310661272,420.7381591796875,9.020846366882324,21.890684583835277,0.8423046353639416,430.8819580078125,8.184882164001465,21.78722051281035,0.8701783956094715,0.0112748891115188,0.0030413793865591,0.0090437233448028,0.0030699260532855,0.0098830414935946,0.7813047170639038,0.7813047170639038,0.0195710539005496,0.1560173394152204,10.0,,,,,,True,235,15,success,129,True,False,False,-1,,"porcelain_mug_1,white_yellow_mug_1",True,129,False,-1,False,0.0,1.0,115,72,0.1006303131966719,1.5080601424809137,0.4014541161280227,2.5733388803930617,22168499.56335324,0.2186952829360962,1.394295270523996e-07,1.9741299771409133e-06,0.0,4.459064375647251e-17,0.1560173394152204,0.0396910860200797,8.829034930648809e-14,1.060380387579679e-11,0.0,6.7601415088205054e-18,-79.0,False,False
libero_10,4,8,1,2,134194,0,134194,14,224,put the white mug on the left plate and put the yellow and white mug on the right plate,-1,-1,none,-1,-1,-1,-1,4.0,0.0012303394032642,0.0060813478194177,0.0076238987967371,0.0019484587246552,0.0006404523155651,0.0008456432842649,0.00632926216349,0.935498833656311,0.00100599671714,0.0026322603225708,0.0006678336067125,0.0011898822849616,0.3376402258872986,0.829156219959259,8.411301612854004,0.709296464920044,2.6809513568878174,30.56959342956543,0.0057644052430987,0.0103978300467133,0.0178131759166717,0.0055269333533942,0.009769638068974,0.0165934469550848,0.0060254312120378,0.0105828428640961,0.0197352115064859,0.0074718146352097,0.0074940989725291,0.0091400237288326,0.0096902921795845,0.0200896183960139,0.0211183074861764,0.0073839693795889,0.0074284244328737,0.0077316667884588,0.007844228297472,0.0076733499299734,0.0077202850952744,0.0076733499299734,0.0077202850952744,first,1.0,0.0,0.934856653213501,-0.6383523941040039,0.0,0.934856653213501,2.0,0.936953902244568,False,0.935498833656311,0.00100599671714,0.0026322603225708,0.0200896188616752,0.0006271491292864,0.0076733501628041,4.089819412911311e-05,148194,148196,235,11,0,False,True,1.0,0.5,0.0734534190641984,0.0954534610005147,0.0015599698015144,0.0015483036092078,1.0,0.0,0.0,0.0,65.0,6.0,65.0,0.6452441923435495,0.7197479788945808,0.1666666666666666,0.0871762580453732,0.0825634243249126,0.1585022873552241,0.3987655195205851,2.5630483546222123,3.788866328673719,21.50096170513579,442.3031921386719,9.168566703796388,21.67360287147848,0.8143399973877258,1158.466552734375,14.775191307067873,17.49196861518429,0.7441060709530689,0.0523271523416042,0.0149644697085022,0.0294299721717834,0.0232668127864599,0.0295074824243783,0.065143346786499,0.934856653213501,0.0120428433283289,0.0810511211861417,10.0,,,,,,True,235,15,success,129,True,False,False,-1,,"porcelain_mug_1,white_yellow_mug_1",True,129,False,-1,False,0.0,1.0,115,72,0.1006303131966719,1.5080601424809137,0.4014541161280227,2.5733388803930617,22168499.56335324,0.065143346786499,9.585809461793099e-08,1.357226768765593e-06,0.0,6.149739114311567e-17,0.0810511211861417,0.028791322961184,6.067372713682402e-14,7.290133723900319e-12,0.0008350927394287,0.0097494433043204,-95.0,False,False
libero_10,4,9,1,3,134291,0,134291,0,0,put the white mug on the left plate and put the yellow and white mug on the right plate,-1,-1,none,-1,-1,-1,-1,4.0,0.0021226510871201,0.0098623745143413,0.0095731886103749,0.0042323530651628,0.000519856926985,0.0006019274005666,0.0129595091566443,0.0731043368577957,0.0007814895361661,0.0021936297416687,0.0006372595671564,0.0027818512171506,0.6718712449073792,2.291287899017334,33.32697677612305,1.1842020750045776,3.674234628677368,60.19292068481445,0.006445474922657,0.0123002436012029,0.0212367754429578,0.0056190835312008,0.009950422681868,0.0187505707144737,0.0060496493242681,0.010709935799241,0.0186680108308792,0.0074492070125415,0.0075153475627303,0.0096069257706403,0.0102336984127759,0.0205918047577142,0.0214172527194023,0.0072817725595086,0.007463201880455,0.007522480096668,0.0077458601444959,0.0075777783058583,0.0078325401991605,0.0075777783058583,0.0078325401991605,first,1.0,0.0,0.072069764137268,-1.3238471746444702,0.0,0.072069764137268,1.0,0.0742633938789367,False,0.0731043368577957,0.0007814895361661,0.0021936297416687,0.0205918047577142,0.0005134819657541,0.0075777783058583,0.0001496764016337,134291,134292,16,16,0,False,False,0.0,0.0,1.7208456881689926e-15,0.2660936086256356,1.887379141862766e-15,1.887379141862766e-15,0.0,0.0,0.0,0.0,0.0,0.0,0.0,0.2566462369043782,0.6058799966624021,0.146067415730337,0.045978071214089,0.045432417675738,0.0574725890176113,0.2225402641563692,1.6448147751210835,4.960131413609031,433.1422193178877,469.5381164550781,9.987217903137209,21.41409507409154,0.852877692106439,659.7066040039062,10.46568775177002,19.937295292535797,0.6788499396615413,0.0157844126224517,0.0040280176326632,0.0114102661609649,0.0143841942772269,0.0063690370880067,0.072069764137268,0.072069764137268,9.76966429796701e-16,2.1649348980190556e-15,10.0,,,,,,True,235,15,success,129,True,False,False,-1,,"porcelain_mug_1,white_yellow_mug_1",True,129,False,-1,False,0.0,1.0,115,72,0.0981356944139507,1.488028704325433,0.415572908314559,2.421127750293249,18911860.981436677,0.927930235862732,5.551115123125784e-16,1.2867207214717134e-16,1.5543122344752194e-15,4.6756121691887785e-16,1.9984014443252818e-15,1.2185342209085258e-16,2.1649348980190556e-15,3.033767190841084e-16,2.1649348980190556e-15,3.105058805748058e-16,129.0,False,False
libero_10,4,9,1,3,134291,0,134291,1,16,put the white mug on the left plate and put the yellow and white mug on the right plate,-1,-1,none,-1,-1,-1,-1,4.0,0.001280972152017,0.0073058037087321,0.0087023973464965,0.0020990837365388,0.0006964979693293,0.0005800601793453,0.0066521023400127,0.0880389586091041,0.0002529273624531,0.0006097257137298,0.0004641922714654,0.0007833631825633,0.4269115030765533,1.2247449159622192,10.965856552124023,0.4978613257408142,1.1180340051651,12.278029441833496,0.0059195756912231,0.0105720032006502,0.0182660426944494,0.0055035836994647,0.0097810802981257,0.0190785676240921,0.0057893153280019,0.0103321857750415,0.0198956299573183,0.0075401924550533,0.0076476344838738,0.0097438395023345,0.0103612635284662,0.0198248941451311,0.0204461421817541,0.0071407383074983,0.0072506261058151,0.0073692870792001,0.0074854493141174,0.0074216602370142,0.0076518566347658,0.0074216602370142,0.0076518566347658,first,1.0,0.0,0.0876629948616027,-1.4864494800567627,0.0,0.0876629948616027,2.0,0.0882727205753326,False,0.0880389586091041,0.0002529273624531,0.0006097257137298,0.0198248941451311,0.0006083421176299,0.007421659771353,0.0001467908732593,135291,135293,32,16,0,False,False,0.0,0.0,1.7208456881689926e-15,0.1577551679654723,1.887379141862766e-15,1.887379141862766e-15,0.0,0.0,0.0,0.0,0.0,0.0,0.0,0.618697383503821,0.6480167736289677,0.0555555555555555,0.1249744574281271,0.1127850091196218,0.1562180717851589,0.3461561717467872,3.0181383229185994,4.635537686001603,155.5664189635194,605.1696166992188,11.397102355957031,20.3120324526942,0.834706663590418,391.6370239257813,7.445192813873291,22.20196619190837,0.7652680971989686,0.0159223023802042,0.0037133942823857,0.0105770081281661,0.0109637770801782,0.0115363989025354,0.0876629948616027,0.0876629948616027,2.884212984142864e-18,1.460140092025083e-17,10.0,,,,,,True,235,15,success,129,True,False,False,-1,,"porcelain_mug_1,white_yellow_mug_1",True,129,False,-1,False,0.0,1.0,115,72,0.0981356944139507,1.488028704325433,0.415572908314559,2.421127750293249,18911860.981436677,0.9123370051383972,0.0,5.481180325495455e-19,0.0,1.460140092025083e-17,0.0,4.760784050731306e-18,0.0,6.410885050455357e-18,0.0,2.520941787441601e-18,113.0,False,False
libero_10,4,9,1,3,134291,0,134291,2,32,put the white mug on the left plate and put the yellow and white mug on the right plate,-1,-1,none,-1,-1,-1,-1,4.0,0.0118391839787364,0.576344907283783,0.0071923364885151,0.003117223503068,0.0011316774180158,0.0701275840401649,0.0951063260436058,0.1054456904530525,0.0001911188737722,0.0004998743534088,0.0116603393107652,0.05210842192173,0.438443660736084,1.2247449159622192,22.94013977050781,0.9607847929000854,2.6809513568878174,62.75896453857422,0.0162543430924415,0.015348951332271,0.6171003580093384,0.0154445087537169,0.053272932767868,0.0663599446415901,0.0056966189295053,0.010084468871355,0.0187983568757772,0.0086858328431844,0.0104262819513678,0.0603117255959659,0.176136165857315,0.0198599393479526,0.0201268140226602,0.00845867395401,0.0086643062531948,0.0097645984496921,0.0103487614542245,0.0073286317056044,0.0074920780025422,0.0073286317056044,0.0074920780025422,first,1.0,0.0,0.1052682101726532,-0.9286381602287292,0.0,0.1052682101726532,1.0,0.105768084526062,False,0.1054456904530525,0.0001911188737722,0.0004998743534088,0.0198599398136138,0.0001558761141495,0.0073286318220198,0.0001079324720194,136291,136292,48,16,0,False,False,0.0,0.0,1.7208456881689926e-15,0.0921806946934065,1.887379141862766e-15,1.887379141862766e-15,0.0,0.0,0.0,0.0,0.0,0.0,0.0,0.3749354474130567,0.6303853545997142,0.0555555555555555,0.0819492170063234,0.0813622524422896,0.1024365212579043,0.2473203975800184,1.771162393861496,3.2620862554263748,134.77978584094788,562.2286987304688,11.006961822509766,20.631673506491875,0.8434850094268762,146.10919189453125,5.639781475067139,26.484028221170483,0.9479982190149534,0.111368291079998,0.0214144866913557,0.0804136991500854,0.0097311781719326,0.0148539096117019,0.1052682101726532,0.1052682101726532,8.037194487696165e-18,3.3856725325593367e-17,10.0,,,,,,True,235,15,success,129,True,False,False,-1,,"porcelain_mug_1,white_yellow_mug_1",True,129,False,-1,False,0.0,1.0,115,72,0.0981356944139507,1.488028704325433,0.415572908314559,2.421127750293249,18911860.981436677,0.8947317898273468,0.0,3.2229701904541744e-19,0.0,3.3856725325593367e-17,0.0,2.653081413040776e-17,0.0,8.356109936875929e-18,0.0,1.1305998465039176e-17,97.0,False,False
libero_10,4,9,1,3,134291,0,134291,3,48,put the white mug on the left plate and put the yellow and white mug on the right plate,-1,-1,none,-1,-1,-1,-1,4.0,0.0104582607746124,0.8777904510498047,0.0134278926998376,0.004733950830996,0.0007692828658036,0.056698128581047,0.0768685564398765,0.114742562174797,0.0002478539536241,0.000591218471527,0.0041989823803305,0.0165677107870578,0.5952443480491638,1.9202864170074463,26.06722068786621,0.96452134847641,3.031088829040528,36.553897857666016,0.0145609099417924,0.0136654451489448,0.8966228365898132,0.0080590974539518,0.0196474455296993,0.029556356370449,0.0057562831789255,0.0102324150502681,0.0191249419003725,0.0077612434979528,0.0078225461766123,0.0125844739377498,0.0136962234973907,0.0212830831296741,0.0216257572174072,0.0076650285627692,0.0077864890918135,0.0083819210994988,0.0085419593378901,0.007386528304778,0.0074637536890804,0.007386528304778,0.0074637536890804,first,1.0,0.0,0.1150355637073516,1.1821539402008057,0.0,0.1150355637073516,0.0,0.1150355637073516,True,0.114742562174797,0.0002478539536241,0.000591218471527,0.0212830826640129,0.0002925041480921,0.0073865284211933,6.873032543808222e-05,137291,137291,64,16,0,False,False,0.0,0.0,0.0018832912196428,0.0898048226065447,1.887379141862766e-15,1.887379141862766e-15,0.0,0.0,0.0,0.0,5.0,3.0,5.0,0.0998643901269221,0.1510501191048147,0.0888888888888888,0.0173287102780645,0.0110944303219158,0.0216608878475807,0.1304442076422731,1.4706178381504758,3.147126332006426,2101.77486205786,576.190185546875,11.231637954711914,20.525145043534643,0.8395353910238795,246.9875030517578,6.500624656677246,24.204053812639746,0.9103011995872948,0.0251799523830413,0.0059821531176567,0.0214175581932067,0.0078143868595361,0.0075773671269416,0.1150355637073516,0.1150355637073516,0.0100222316097103,0.0959155611037613,10.0,,,,,,True,235,15,success,129,True,False,False,-1,,"porcelain_mug_1,white_yellow_mug_1",True,129,False,-1,False,0.0,1.0,115,72,0.0981356944139507,1.488028704325433,0.415572908314559,2.421127750293249,18911860.981436677,0.8849644362926483,0.0043067549933424,0.0959155611037613,0.0,4.7618010707787666e-17,0.0,2.531114840058459e-17,0.0,8.059095277112037e-18,0.0,5.2233277148158735e-18,81.0,False,False
libero_10,4,9,1,3,134291,0,134291,4,64,put the white mug on the left plate and put the yellow and white mug on the right plate,-1,-1,none,-1,-1,-1,-1,4.0,0.0043597472831606,0.02650111541152,0.0286566782742738,0.0090986676514148,0.00081944843987,0.0007638810202479,0.0261530708521604,0.1454112529754638,0.0002074347285088,0.0005454719066619,0.000688606465701,0.0010473708389326,1.1627591848373413,4.205650806427002,61.75506210327149,1.5396243333816528,3.699662208557129,52.4708251953125,0.0084449937567114,0.021380016580224,0.041287999600172,0.0055373781360685,0.0098339552059769,0.0178941898047924,0.0056510907597839,0.010044396854937,0.0178303550928831,0.0078035163460299,0.0078869676217436,0.0100897643715143,0.0106599451974034,0.0207328530959785,0.0210988651961088,0.0074210196034982,0.0074581429362297,0.0078356148442253,0.0079087819904088,0.0072829994605854,0.0073878774419426,0.0072829994605854,0.0073878774419426,first,1.0,0.0,0.1452789306640625,-0.6378985643386841,0.0,0.1452789306640625,3.0,0.1457276344299316,False,0.1454112529754638,0.0002074347285088,0.0005454719066619,0.0207328535616397,0.0003053978725802,0.00728299934417,6.909399962751195e-05,138291,138294,80,16,0,False,False,0.0,0.0,0.0958662088982785,0.0894841764109065,1.887379141862766e-15,1.887379141862766e-15,0.0,0.0,0.0,0.0,128.0,8.0,128.0,0.7382495149393998,0.940369879131027,0.0888888888888888,0.1323630284539769,0.1251641566302058,0.1654537855674712,0.5462422899972927,2.79277954158952,5.332772686289665,127.71095167178365,523.9874877929688,11.108365058898926,20.937594442035504,0.8476984204417323,413.18212890625,8.914501190185547,21.96938831866519,0.875091418350307,0.0134175010025501,0.0032828508410602,0.0084678530693054,0.0097268335521221,0.0019891569390892,0.1452789306640625,0.1452789306640625,0.0156484887142994,0.1248184870672413,10.0,,,,,,True,235,15,success,129,True,False,False,-1,,"porcelain_mug_1,white_yellow_mug_1",True,129,False,-1,False,0.0,1.0,115,72,0.0981356944139507,1.488028704325433,0.415572908314559,2.421127750293249,18911860.981436677,0.8547210693359375,0.1248184870672413,0.031666400075753,0.0,4.480329943341453e-17,0.0,8.69783041468494e-18,0.0,8.133535742206918e-20,0.0,6.5160756666498175e-18,65.0,False,False
libero_10,4,9,1,3,134291,0,134291,5,80,put the white mug on the left plate and put the yellow and white mug on the right plate,-1,-1,none,-1,-1,-1,-1,4.0,0.0012852813815698,0.0097317043691873,0.0100502660498023,0.0023778832983225,0.0003253335016779,0.0008873193874023,0.0074587427079677,0.1669674813747406,0.000277339015156,0.0007094144821166,0.0004584739508572,0.000701894168742,0.4382636547088623,1.299038052558899,15.188400268554688,0.4877881407737732,1.1180340051651,13.516194343566896,0.0058467420749366,0.0106070162728428,0.0200923345983028,0.0054829521104693,0.0097558693960309,0.0168357845395803,0.0055981311015784,0.009924529120326,0.0184509940445423,0.007563664810732,0.0076652062125504,0.0096073714084923,0.0099812168627977,0.0206203307025134,0.0208563841879367,0.0073678639018908,0.0074527165852487,0.0076168592786416,0.0077706431038677,0.0072247826028615,0.0075357356108725,0.0072247826028615,0.0075357356108725,first,1.0,0.0,0.1668930947780609,-0.2682154178619385,0.0,0.1668930947780609,3.0,0.1672569215297699,False,0.1669674813747406,0.000277339015156,0.0007094144821166,0.0206203311681747,0.0002717190945986,0.0072247823700308,0.0001935642794705,139291,139294,96,16,0,False,False,0.0,0.0,0.0981356944139507,0.0899202616854025,1.887379141862766e-15,1.887379141862766e-15,0.0,0.0,0.0,0.0,128.0,8.0,128.0,0.5606525958612084,0.7828735639039559,0.1666666666666666,0.1192758119682555,0.1017982094711054,0.1490947649603194,0.3456418907434673,2.2425449893167007,4.77810764085119,101.1985848793105,680.4891967773438,12.378872871398926,19.802591259901718,0.8066782713379873,316.9038391113281,7.337671279907227,23.12152860412965,0.8926412095677867,0.0225256290286779,0.0054591507650911,0.0153018906712532,0.0101737501099705,0.0197167936712503,0.1668930947780609,0.1668930947780609,0.0108881831376395,0.1009893616395471,10.0,,,,,,True,235,15,success,129,True,False,False,-1,,"porcelain_mug_1,white_yellow_mug_1",True,129,False,-1,False,0.0,1.0,115,72,0.0981356944139507,1.488028704325433,0.415572908314559,2.421127750293249,18911860.981436677,0.8331069052219391,0.1009893616395471,0.0078924697368479,0.0,2.333264115739691e-17,0.0,2.5198635767992638e-17,0.0,3.314851692185319e-18,0.0,6.5998540167235176e-18,49.0,False,False
libero_10,4,9,1,3,134291,0,134291,6,96,put the white mug on the left plate and put the yellow and white mug on the right plate,-1,-1,none,-1,-1,-1,-1,4.0,0.00953652523458,0.8631322383880615,0.0085100326687097,0.0034394876565784,0.0005141953588463,0.0548946261405944,0.0720205828547477,0.1966918408870697,0.0002185936173191,0.0005957782268524,0.0011809967691078,0.0037616635672748,0.4153062701225281,1.2247449159622192,15.089317321777344,0.4723055958747864,1.299038052558899,10.404326438903809,0.0137757705524563,0.0117438994348049,0.8763903975486755,0.0057985014282166,0.0103744557127356,0.0190412160009145,0.005564656574279,0.0099486606195569,0.0171508248895406,0.0075144295115023,0.0076087191700935,0.0118312977720052,0.0162136610597372,0.0192647208459675,0.0198249444365501,0.0075237966375425,0.0075990012846887,0.0078693516552448,0.0079853786155581,0.0072020082734525,0.0073331235907971,0.0072020082734525,0.0073331235907971,first,1.0,0.0,0.1970456540584564,1.6185888051986694,0.0,0.1970456540584564,0.0,0.1970456540584564,True,0.1966918408870697,0.0002185936173191,0.0005957782268524,0.0192647203803062,0.0003843696031253,0.0072020082734525,9.643803059589118e-05,140291,140291,112,16,0,False,False,0.0,0.0,0.0559765652559869,0.0898381478644232,1.887379141862766e-15,1.887379141862766e-15,0.0,0.0,0.0,0.0,124.0,8.0,124.0,0.2576098425032146,0.4325434110527344,0.1222222222222222,0.0557915923761326,0.0551535869470624,0.0697394904701657,0.1398544344800799,1.4887250806909271,2.282832614378368,181.8464874381414,593.9588012695312,11.34017562866211,20.3932403878541,0.8261450892269687,439.3307189941406,8.533156394958496,21.702887896917893,0.8624631961808964,0.0312843844294548,0.0078428788110613,0.0199404954910278,0.0036310763098299,0.023023584857583,0.1970456540584564,0.1970456540584564,0.0074217290512336,0.0533955507554558,10.0,,,,,,True,235,15,success,129,True,False,False,-1,,"porcelain_mug_1,white_yellow_mug_1",True,129,False,-1,False,0.0,1.0,115,72,0.0981356944139507,1.488028704325433,0.415572908314559,2.421127750293249,18911860.981436677,0.8029543459415436,0.0533955507554558,0.0208217397568805,0.0,3.9639064231246916e-17,0.0,9.096860789528093e-18,0.0,5.9858043004381225e-19,0.0,4.258166414560564e-18,33.0,False,False
libero_10,4,9,1,3,134291,0,134291,7,112,put the white mug on the left plate and put the yellow and white mug on the right plate,-1,-1,none,-1,-1,-1,-1,4.0,0.0145995570346713,1.0071923732757568,0.0272910948842763,0.0119782015681266,0.0007076645852066,0.0641392916440963,0.1184909120202064,0.2342188507318496,0.0005021448014304,0.0012043714523315,0.0024224896915256,0.0051848390139639,1.5343228578567505,6.652067184448242,92.5783462524414,2.664263963699341,11.55422019958496,74.51677703857422,0.0185416936874389,0.0293043702840805,1.0220433473587036,0.0061066965572535,0.0110021978616714,0.0186567362397909,0.0054972707293927,0.0097455000504851,0.0185344852507114,0.0076529352227225,0.0078061185777187,0.0115190227515995,0.0129198478534817,0.021081474609673,0.0224256925284862,0.0074468911625444,0.0075469482690095,0.007887105224654,0.0080732880160212,0.0069863294484093,0.0070655602030456,0.0069863294484093,0.0070655602030456,first,1.0,0.0,0.2348886728286743,1.3339221477508545,0.0,0.2348886728286743,0.0,0.2348886728286743,True,0.2342188507318496,0.0005021448014304,0.0012043714523315,0.0210814736783504,0.0008386525441892,0.006986329331994,7.09650048520416e-05,141291,141291,128,16,0,False,False,0.5,0.5,0.0134831614409279,0.0898737247320731,1.774046500583916e-07,1.887379141862766e-15,0.0,0.0,0.0,0.0,8.0,4.0,8.0,0.2761080338185667,0.5735534353761188,0.1444444444444444,0.0523458419147271,0.0447565676475285,0.0654323023934089,0.2484081886747707,1.562668975647029,3.057938796768381,262.6932508953468,678.5018920898438,12.174339294433594,19.81529297784413,0.7940533558232438,350.8614196777344,8.267598152160645,22.679447445539825,0.8710992337630238,0.0111005948856472,0.003229227848351,0.0057824081741273,0.0080388076603412,0.0072349128313362,0.2348886728286743,0.2348886728286743,0.0071248843219497,0.0642499884223755,10.0,,,,,,True,235,15,success,129,True,False,False,-1,,"porcelain_mug_1,white_yellow_mug_1",True,129,False,-1,False,0.0,1.0,115,72,0.0981356944139507,1.488028704325433,0.415572908314559,2.421127750293249,18911860.981436677,0.7651113271713257,0.0069974101631278,0.0642499884223755,0.0,3.380985933292412e-17,0.0,1.0085495354962808e-17,1.4656941245035228e-07,1.2980645818746749e-06,0.0,5.7417655500604594e-18,17.0,False,False
libero_10,4,9,1,3,134291,0,134291,8,128,put the white mug on the left plate and put the yellow and white mug on the right plate,-1,-1,none,-1,-1,-1,-1,4.0,0.0013102932134643,0.0056902142241597,0.0085583729669451,0.002187330275774,0.0005714151193387,0.0008958157268352,0.0068178996443748,0.2894123792648315,0.0001417530729668,0.0003308653831481,0.0005841386155225,0.0012264527613297,0.4067540466785431,1.1180340051651,8.898736000061035,0.552257776260376,1.2247449159622192,13.160072326660156,0.0058412626385688,0.0103590292856097,0.0213164761662483,0.0055651399306952,0.0097929071635007,0.0192856341600418,0.0054376516491174,0.0096972817555069,0.01752819865942,0.0074079732876271,0.0074930149130523,0.0090412120334804,0.0092818941920995,0.0200400440953671,0.021246176213026,0.0073443221626803,0.0074232392944395,0.0076666024979203,0.0077816690318286,0.0069414642639458,0.0070593398995697,0.0069414642639458,0.0070593398995697,first,1.0,0.0,0.2892649173736572,-1.0402729511260986,0.0,0.2892649173736572,2.0,0.2895957827568054,False,0.2894123792648315,0.0001417530729668,0.0003308653831481,0.0200400426983833,0.0007304689497686,0.0069414642639458,9.815421799430624e-05,142291,142293,144,16,0,False,False,0.5,0.0,0.0082922924326647,0.1448197356466116,1.465694471094074e-07,1.887379141862766e-15,1.0,0.0,0.0,0.0,0.0,0.0,0.0,0.6246719894016453,0.7032926558534168,0.0111111111111111,0.1286511789045223,0.1230389533921713,0.1608139736306529,0.2183722486893441,0.8602368803689686,1.6241227896933408,13.870524395734328,512.8871459960938,10.71969985961914,21.03058545976303,0.8482131188250853,376.5610656738281,7.776779174804687,22.372449465073107,0.7432140449520894,0.0114334682002663,0.0029747933149337,0.0077942758798599,0.004715908318758,0.0102456724271178,0.2892649173736572,0.2892649173736572,1.860928615040999e-07,1.7518300430511423e-06,10.0,,,,,,True,235,15,success,129,True,False,False,-1,,"porcelain_mug_1,white_yellow_mug_1",True,129,False,-1,False,0.0,1.0,115,72,0.0981356944139507,1.488028704325433,0.415572908314559,2.421127750293249,18911860.981436677,0.7107350826263428,1.090896449764481e-07,1.7518300430511423e-06,0.0,5.5056160925977937e-17,0.0,4.7220242019857685e-18,6.948708135035984e-14,8.857465514406895e-12,0.0,1.0346492986044693e-18,1.0,False,False
libero_10,4,9,1,3,134291,0,134291,9,144,put the white mug on the left plate and put the yellow and white mug on the right plate,-1,-1,none,-1,-1,-1,-1,4.0,0.0006751908804289,0.002404311671853,0.0032785146031528,0.0009743624832481,0.0003693963808473,0.0006950594251975,0.003429977223277,0.330119788646698,0.0004061304498463,0.0010846853256225,0.0005310714477673,0.0009774469071999,0.363632470369339,1.0897247791290283,7.154543876647949,0.4373882114887237,0.8660253882408142,11.188721656799316,0.0056249843910336,0.0100890463218092,0.0185347218066453,0.0054967952892184,0.0098151694983243,0.0169500969350337,0.0054473467171192,0.009773570112884,0.0185972042381763,0.0073201610939577,0.0074169286526739,0.0089795130770653,0.0092995101585984,0.0194990262389183,0.0201957542449235,0.0072249687509611,0.0073220264166593,0.0074709260370582,0.0075775729492306,0.0069475932978093,0.0071205995045602,0.0069475932978093,0.0071205995045602,first,1.0,0.0,0.3294565081596374,-1.6331710815429688,0.0,0.3294565081596374,2.0,0.33054119348526,False,0.330119788646698,0.0004061304498463,0.0010846853256225,0.0194990262389183,0.0005917901289649,0.0069475932978093,0.0001540953526273,143291,143293,160,16,0,False,False,0.5,0.0,0.0082922829335064,0.2062349135798492,1.4656948348232745e-07,1.887379141862766e-15,1.0,0.0,0.0,0.0,0.0,0.0,0.0,0.7787168703404034,0.8406253425002858,0.2555555555555555,0.1619155384973656,0.1618594428914111,0.202394423121707,0.061244114223583,0.6574102439478328,2.1648864600190123,5.97937402461303,449.592529296875,9.199883460998535,21.602612747484077,0.8587309215847208,588.522705078125,8.718949317932129,20.43317138378471,0.6201046871857874,0.0184896159917116,0.0037949723191559,0.0166174471378326,0.006928417365998,0.0170089472085237,0.3294565081596374,0.3294565081596374,1.8609282887254842e-07,1.7518340702743468e-06,10.0,,,,,,True,235,15,success,129,True,False,False,-1,,"porcelain_mug_1,white_yellow_mug_1",True,129,False,-1,False,0.0,1.0,115,72,0.0981356944139507,1.488028704325433,0.415572908314559,2.421127750293249,18911860.981436677,0.6705434918403625,1.0908528958133297e-07,1.7518340702743468e-06,0.0,4.707733410291159e-17,0.0,4.8988279545789975e-18,6.948708135035984e-14,8.859327077842702e-12,0.0,3.6686886528097096e-18,-15.0,False,False
libero_10,4,9,1,3,134291,0,134291,10,160,put the white mug on the left plate and put the yellow and white mug on the right plate,-1,-1,none,-1,-1,-1,-1,4.0,0.0015166932716965,0.006460191681981,0.0045647108927369,0.0026285706553608,0.0006871268269605,0.0006697594653815,0.0080942334607243,0.4180147349834442,0.0013551326701417,0.0035284757614135,0.0004188866587355,0.0004660261329263,0.522286593914032,1.6393595933914185,15.467708587646484,0.9258763194084167,2.0463380813598637,56.01338958740234,0.0059795035049319,0.0106616597622632,0.0185664314776659,0.005564599763602,0.0097796628251671,0.0163444261997938,0.0058670360594987,0.0103302290663123,0.0192060451954603,0.007447836920619,0.0075180665589869,0.0091448978055268,0.0097139021381735,0.0200510034337639,0.0203043688088655,0.0072652462404221,0.0073108705691993,0.0075813182629644,0.0077185397967696,0.0068572120508179,0.0069827139377593,0.0068572120508179,0.0069827139377593,first,1.0,0.0,0.4186081290245056,0.4378862977027893,0.0,0.4186081290245056,3.0,0.4199105501174927,False,0.4180147349834442,0.0013551326701417,0.0035284757614135,0.0200510025024414,0.0002104775921907,0.0068572117015719,8.661927859066054e-05,144291,144294,176,16,0,False,False,0.5,0.0,0.0082922734340357,0.1493618778210439,1.4656951991068776e-07,1.887379141862766e-15,1.0,0.0,0.0,0.0,0.0,0.0,0.0,0.7266387629393202,0.808471217585967,0.0444444444444444,0.1513637219735235,0.1445138716155919,0.1892046524669043,0.2826281446991894,1.604343396483284,3.8506439305528826,34.88941085764942,619.8988037109375,11.357229232788086,20.207595626228706,0.8187449631969154,707.9315185546875,10.230050086975098,19.63089112432749,0.7300366941134144,0.0144297871738672,0.0037671951577067,0.0100313425064086,0.0032723194453865,0.0136445797979831,0.4186081290245056,0.4186081290245056,1.860896647488949e-07,1.7518063540782335e-06,10.0,,,,,,True,235,15,success,129,True,False,False,-1,,"porcelain_mug_1,white_yellow_mug_1",True,129,False,-1,False,0.0,1.0,115,72,0.0981356944139507,1.488028704325433,0.415572908314559,2.421127750293249,18911860.981436677,0.5813918709754944,1.0908136476230965e-07,1.7518063540782335e-06,0.0,5.454790168337204e-17,0.0,1.1108708038379267e-17,6.948708135035984e-14,8.859092317400962e-12,0.0,3.350487648227096e-18,-31.0,False,False
libero_10,4,9,1,3,134291,0,134291,11,176,put the white mug on the left plate and put the yellow and white mug on the right plate,-1,-1,none,-1,-1,-1,-1,4.0,0.0012591712875291,0.0056369113735854,0.0063412408344447,0.0022440783213824,0.000382893718779,0.0009332825429737,0.0069106542505323,0.529412567615509,0.0003363981086295,0.0009435415267944,0.001027429359965,0.0027926308102905,0.4540387690067291,1.4790199995040894,15.074813842773438,1.1498090028762815,3.4910600185394287,57.277286529541016,0.0056711519137024,0.0101318908855319,0.0194143876433372,0.0055377944372594,0.0098379841074347,0.0169299524277448,0.0053853816352784,0.0095756184309721,0.0162082500755786,0.0074407161446288,0.0075272493995726,0.0100405311677604,0.0108230020850896,0.0209087780676782,0.0214723516255617,0.0073872607899829,0.0074927699752151,0.007902588113211,0.0082843154668807,0.0068315503885969,0.007034882903099,0.0068315503885969,0.007034882903099,first,1.0,0.0,0.5294685363769531,0.1663765609264373,0.0,0.5294685363769531,2.0,0.5298420786857605,False,0.529412567615509,0.0003363981086295,0.0009435415267944,0.0209087785333395,0.0008288783137686,0.0068315505050122,0.0001463141379645,145291,145293,192,16,0,False,False,0.5,0.0,0.0082922639348561,0.0938258124794626,1.4656955633907197e-07,1.887379141862766e-15,1.0,0.0,0.0,0.0,18.0,4.0,18.0,0.4187046031124906,0.6876760795243931,0.1555555555555555,0.0855337346092007,0.0753166862475623,0.1069171682615009,0.4224824310231732,7.454297023685542,34.45617041674436,5126.859484031756,505.4846801757813,10.044443130493164,21.09372362990233,0.8515650296804209,492.5735473632813,8.263160705566406,21.20609275619453,0.8514541965480754,0.0219963286072015,0.0056140292435884,0.0164098739624023,0.0179748069494962,0.00934474542737,0.5294685363769531,0.5294685363769531,0.0023440158740881,0.0214020053255612,10.0,,,,,,True,235,15,success,129,True,False,False,-1,,"porcelain_mug_1,white_yellow_mug_1",True,129,False,-1,False,0.0,1.0,115,72,0.0981356944139507,1.488028704325433,0.415572908314559,2.421127750293249,18911860.981436677,0.4705314636230469,1.0907743788778589e-07,1.7517785785058111e-06,0.0,3.009610247904036e-17,0.0020362925503757,0.0214020053255612,6.945924853655698e-14,8.858791010337745e-12,0.0,8.436962651949536e-19,-47.0,False,False
libero_10,4,9,1,3,134291,0,134291,12,192,put the white mug on the left plate and put the yellow and white mug on the right plate,-1,-1,none,-1,-1,-1,-1,4.0,0.001318696886301,0.0057439571246504,0.0068142679519951,0.0021117429714649,0.0006873128004372,0.0008337112376466,0.0067234952002763,0.5786222815513611,0.0002633987169247,0.0007035136222839,0.0006583727663382,0.0014401384396478,0.4274538457393646,1.2247449159622192,12.990381240844728,0.6211071610450745,1.9202864170074463,14.991663932800291,0.005885892547667,0.0105276573449373,0.0176896024495363,0.0055300183594226,0.0097646070644259,0.0174205116927623,0.0054633971303701,0.0097639262676239,0.0200419165194034,0.0074712954228743,0.0075542568229138,0.0090916280169039,0.0093188658356666,0.0202732724137604,0.0218634214252233,0.0073171838885173,0.0074499044567346,0.0075308338273316,0.0076198894530534,0.0070038704434409,0.0071032028645277,0.0070038704434409,0.0071032028645277,first,1.0,0.0,0.5784803628921509,-0.5387978553771973,0.0,0.5784803628921509,2.0,0.5789982676506042,False,0.5786222815513611,0.0002633987169247,0.0007035136222839,0.0202732719480991,0.0009304287959821,0.0070038703270256,8.388540300074965e-05,146291,146293,208,16,0,False,False,0.5,0.0,0.0866359534816176,0.0954869588710697,1.4656959276748e-07,1.887379141862766e-15,1.0,0.0,0.0,0.0,72.0,5.0,72.0,0.6348029873422019,0.7819485592173743,0.0333333333333333,0.1174055589530651,0.1131721920230668,0.1467569486913314,0.4256448159472044,2.212054073455693,4.223243494416816,99.33280578393624,508.7135925292969,10.480668067932127,21.06607018987286,0.8445116382509881,498.8788757324219,9.67172908782959,21.150852460790063,0.9055621410406296,0.0146090760827064,0.004376804921776,0.0075821280479431,0.0079317698255181,0.0071780192665755,0.5784803628921509,0.5784803628921509,0.0261856440899162,0.1526460571582238,10.0,,,,,,True,235,15,success,129,True,False,False,-1,,"porcelain_mug_1,white_yellow_mug_1",True,129,False,-1,False,0.0,1.0,115,72,0.0981356944139507,1.488028704325433,0.415572908314559,2.421127750293249,18911860.981436677,0.4215196371078491,1.090735089092885e-07,1.7517508001856173e-06,0.0,4.1872381320521323e-17,0.1092085229077018,0.1526460571582238,6.948708135035984e-14,8.858474090520002e-12,0.0,6.401879838778833e-18,-63.0,False,False
libero_10,4,9,1,3,134291,0,134291,13,208,put the white mug on the left plate and put the yellow and white mug on the right plate,-1,-1,none,-1,-1,-1,-1,4.0,0.0012513593537732,0.0056171091273427,0.0062708356417715,0.0022187300492078,0.0004161011020187,0.0008550215279683,0.0068219699896872,0.6920323967933655,0.0004328456998337,0.001020610332489,0.0005452697514556,0.0010228130267933,0.3376183807849884,0.829156219959259,8.8034086227417,0.5602338910102844,1.299038052558899,13.351030349731444,0.0058481558226048,0.0103994039818644,0.0191424898803234,0.0055972994305193,0.0099429422989487,0.0176047272980213,0.0056221489794552,0.0100440764799714,0.02305918186903,0.007538441568613,0.0076575619168579,0.0098328883759677,0.0101247066631913,0.0198797094635665,0.0204051695764064,0.0073959194123744,0.0074921515770256,0.0076780476374551,0.0078233620151877,0.0071883405325934,0.0072694644331932,0.0071883405325934,0.0072694644331932,first,1.0,0.0,0.6926041841506958,1.320995807647705,0.0,0.6926041841506958,0.0,0.6926041841506958,True,0.6920323967933655,0.0004328456998337,0.001020610332489,0.0198797099292278,0.0003100040485151,0.0071883406490087,9.16686185519211e-05,147291,147291,224,16,0,False,False,0.5,0.0,0.0894503260191543,0.0956394933200496,1.46569629195912e-07,1.887379141862766e-15,1.0,0.0,0.0,0.0,80.0,5.0,80.0,0.7362895890209634,0.8354645574890328,0.2111111111111111,0.1492629614662226,0.1421162168375316,0.1865787018327782,0.3153967589855465,1.907817931400379,3.1328798603465424,43.21787026641611,367.850341796875,8.482714653015137,22.474091969541803,0.8539928419380357,431.8172607421875,8.928345680236816,21.77780362760244,0.8764869783790461,0.0146086988970637,0.0030469866469502,0.012435182929039,0.0070364698767662,0.0127974720671772,0.6926041841506958,0.6926041841506958,0.0148126963915381,0.1428357739771616,10.0,,,,,,True,235,15,success,129,True,False,False,-1,,"porcelain_mug_1,white_yellow_mug_1",True,129,False,-1,False,0.0,1.0,115,72,0.0981356944139507,1.488028704325433,0.415572908314559,2.421127750293249,18911860.981436677,0.3073958158493042,1.090695780729202e-07,1.751722963227078e-06,0.0,6.287649103752838e-17,0.1428357739771616,0.0052893291367509,6.948708135035984e-14,8.858228929905745e-12,0.0,7.04757978508626e-18,-79.0,False,False
libero_10,4,9,1,3,134291,0,134291,14,224,put the white mug on the left plate and put the yellow and white mug on the right plate,-1,-1,none,-1,-1,-1,-1,4.0,0.0014311152044683,0.0054199285805225,0.0069432193413376,0.0024951316881924,0.000568431278225,0.0008271171245723,0.0076365149579942,0.8440815210342407,0.0005775062018074,0.0014703273773193,0.0005564978346228,0.001211698516272,0.3299598693847656,0.829156219959259,15.819292068481444,0.7598862051963806,2.692582368850708,21.787324905395508,0.0058801472187042,0.010417197830975,0.0202785078436136,0.0054888240993022,0.0097615094855427,0.0180151984095573,0.0058486070483922,0.0103233009576797,0.0180026851594448,0.0075923161348327,0.0076415687799453,0.0108504784293472,0.0121084060519933,0.0199571480043232,0.0202992130070924,0.0074654271593317,0.0074894768185913,0.008131765993312,0.0082284593954682,0.0074792549712583,0.0075752404518425,0.0074792549712583,0.0075752404518425,first,1.0,0.0,0.8437214493751526,-0.623494029045105,0.0,0.8437214493751526,2.0,0.8450523614883423,False,0.8440815210342407,0.0005775062018074,0.0014703273773193,0.0199571475386619,0.000289733055979,0.0074792546220123,0.0001107991702156,148291,148293,235,11,0,False,True,1.0,0.5,0.0558888128103964,0.0952550333093711,0.0003201347896955,0.0003191901051896,1.0,0.0,0.0,0.0,52.0,5.0,52.0,0.4342595772400266,0.5816022832614203,0.0333333333333333,0.0638892792818366,0.0619484321755551,0.1161623259669756,0.359129891051044,3.3910219386649167,5.243707702185795,74.13744270263703,394.390625,8.487869262695312,22.171537780245963,0.8336753112824276,765.16259765625,11.560480117797852,19.29326627986909,0.7724519428971698,0.0433531180024147,0.0113333985209465,0.0262379050254821,0.0169756840914487,0.0276805683970451,0.1562785506248474,0.8437214493751526,0.0085352771295857,0.0600513410850476,10.0,,,,,,True,235,15,success,129,True,False,False,-1,,"porcelain_mug_1,white_yellow_mug_1",True,129,False,-1,False,0.0,1.0,115,72,0.0981356944139507,1.488028704325433,0.415572908314559,2.421127750293249,18911860.981436677,0.1562785506248474,7.498305352331888e-08,1.204293389187717e-06,0.0,1.1831821223795008e-17,0.0600513410850476,0.0206523204098062,4.7751494950260206e-14,6.089881496196921e-12,0.0002928460053478,0.0043549845130754,-95.0,False,False
libero_10,4,10,1,4,134388,0,134388,0,0,put the white mug on the left plate and put the yellow and white mug on the right plate,-1,-1,none,-1,-1,-1,-1,4.0,0.0019138521747663,0.0158901941031217,0.0109290443360805,0.0037696752697229,0.0004447096434887,0.0007538113277405,0.0123115740716457,0.0733694210648536,0.0002274525177199,0.0006329715251922,0.0007157055661082,0.0021093916147947,0.6157180666923523,2.061552762985229,36.38251495361328,1.0118352174758911,2.9474565982818604,62.87686538696289,0.0064026480540633,0.0120970383286476,0.025346428155899,0.0055675660260021,0.0099342186003923,0.0189345255494117,0.0057612312957644,0.0102723846212029,0.0180277284234762,0.0075294425478205,0.0075888037681579,0.0094031845219433,0.0096648326143622,0.020036750473082,0.0214568190276622,0.0072101145051419,0.0073840715922415,0.0074585414258763,0.0077315373346209,0.0074258629465475,0.0075400806963443,0.0074258629465475,0.0075400806963443,first,1.0,0.0,0.0730229318141937,-1.5233476161956787,0.0,0.0730229318141937,3.0,0.0736559033393859,False,0.0733694210648536,0.0002274525177199,0.0006329715251922,0.0200367495417594,0.0010060014901682,0.0074258628301322,0.000109444001282,134388,134391,16,16,0,False,False,0.0,0.0,1.7208456881689926e-15,0.2659510962041802,1.887379141862766e-15,1.887379141862766e-15,0.0,0.0,0.0,0.0,0.0,0.0,0.0,0.2572427819965349,0.6297943837616987,0.1444444444444444,0.0458290726537726,0.0452788802144354,0.0572863408172157,0.2358998060784743,1.6713964703333146,4.871096622375763,451.32219928800686,486.9064025878906,10.220783233642578,21.25634875518342,0.8473558800093763,627.607177734375,10.229412078857422,20.153924590431863,0.6948598547581146,0.0210493970662355,0.004538080189377,0.0185301303863525,0.0199713185429573,0.0064594014547765,0.0730229318141937,0.0730229318141937,9.761391957026894e-16,2.1649348980190556e-15,10.0,,,,,,True,265,17,success,159,True,False,False,-1,,"porcelain_mug_1,white_yellow_mug_1",True,159,False,-1,False,0.0,1.0,148,77,0.1056120724935442,1.6322830131992117,0.4139462999779443,2.745627117707771,38610874.53325728,0.9269770681858064,5.551115123125784e-16,1.2722066958851305e-16,1.5543122344752194e-15,4.553361029629697e-16,1.9984014443252818e-15,1.2927792304519046e-16,2.1649348980190556e-15,3.0805859477834283e-16,2.1649348980190556e-15,3.038036795006885e-16,159.0,False,False
libero_10,4,10,1,4,134388,0,134388,1,16,put the white mug on the left plate and put the yellow and white mug on the right plate,-1,-1,none,-1,-1,-1,-1,4.0,0.0013327251654118,0.0060987807810306,0.0047231977805495,0.0023168998304754,0.0005737974424846,0.0006569832330569,0.0071472241543233,0.0885149240493774,0.0002316452591912,0.0005764067173004,0.0004806410870514,0.0011177330743521,0.4288401305675506,1.2247449159622192,10.755812644958496,0.4900602102279663,1.0897247791290283,9.823441505432127,0.0058555756695568,0.0104542216286063,0.019367329776287,0.005411269608885,0.0095866164192557,0.0167541876435279,0.0056916894391179,0.0100936731323599,0.0196703076362609,0.0074998621130362,0.0075516509823501,0.0099330451339483,0.0112776318565011,0.0196705916896462,0.0201497618108987,0.0070367978187277,0.007149196229875,0.0073637453606352,0.0074809193611145,0.0072967913001775,0.0073970691300928,0.0072967913001775,0.0073970691300928,first,1.0,0.0,0.0886800289154052,0.7127487659454346,0.0,0.0886800289154052,2.0,0.0887931287288665,False,0.0885149240493774,0.0002316452591912,0.0005764067173004,0.0196705907583236,0.0003537782467901,0.0072967913001775,6.464326725108549e-05,135388,135390,32,16,0,False,False,0.0,0.0,1.7208456881689926e-15,0.1577218086059926,1.887379141862766e-15,1.887379141862766e-15,0.0,0.0,0.0,0.0,0.0,0.0,0.0,0.6189394708547767,0.6507341338793998,0.0888888888888888,0.1252176530416945,0.1127877028526249,0.1565220663021181,0.3429476186124813,2.95120077852042,4.7132527155184025,151.99157691438603,609.6213989257812,11.461674690246582,20.280201576671494,0.8334302706066578,395.1721801757813,7.453795909881592,22.16293997881008,0.7618787610072641,0.0137166138738393,0.0032619349658489,0.0100131183862686,0.0105140982195734,0.0087222419679164,0.0886800289154052,0.0886800289154052,5.602175292607318e-18,2.786724755534256e-17,10.0,,,,,,True,265,17,success,159,True,False,False,-1,,"porcelain_mug_1,white_yellow_mug_1",True,159,False,-1,False,0.0,1.0,148,77,0.1056120724935442,1.6322830131992117,0.4139462999779443,2.745627117707771,38610874.53325728,0.9113199710845948,0.0,4.482177388046459e-19,0.0,2.117455332703061e-17,0.0,2.786724755534256e-17,0.0,4.023644074040295e-18,0.0,2.508090230855079e-18,143.0,False,False
libero_10,4,10,1,4,134388,0,134388,2,32,put the white mug on the left plate and put the yellow and white mug on the right plate,-1,-1,none,-1,-1,-1,-1,4.0,0.0166514348238706,0.7716277837753296,0.0056503331288695,0.0026975728105753,0.0010343251051381,0.1053643524646759,0.1501505672931671,0.1054468899965286,0.0003238548815716,0.00081267952919,0.0101099358871579,0.0475732907652854,0.4282371997833252,1.2247449159622192,11.166356086730955,0.8384003639221191,2.0463380813598637,68.50912475585938,0.0211606994271278,0.0264470726251602,0.8158653974533081,0.013847661204636,0.0482278019189834,0.061484444886446,0.0056117419153451,0.0100676910951733,0.0199568234384059,0.0095382989384233,0.0114083336666226,0.1031879698857665,0.1818537563085556,0.0196015373803675,0.0198545232415199,0.0083665058482438,0.0087020583450794,0.0095736128278076,0.0101547744125127,0.0072374633746221,0.0073011824861168,0.0072374633746221,0.0073011824861168,first,1.0,0.0,0.1056734919548034,0.6997021436691284,0.0,0.1056734919548034,1.0,0.1057187616825103,False,0.1054468899965286,0.0003238548815716,0.00081267952919,0.0196015369147062,0.0003316943766549,0.0072374632582068,5.973751831334084e-05,136388,136389,48,16,0,False,False,0.0,0.0,1.7208456881689926e-15,0.0917567225591894,1.887379141862766e-15,1.887379141862766e-15,0.0,0.0,0.0,0.0,0.0,0.0,0.0,0.3801733984259108,0.6320481473638321,0.1,0.0826151989839584,0.0820074354473258,0.103268998729948,0.2498643913638216,1.7541523293724377,3.810100680543448,136.39140813212316,557.4027099609375,10.957356452941896,20.669112850478182,0.8450829614680843,180.8792266845703,5.951935768127441,25.55691668271772,0.935536514908572,0.0437600538134574,0.0099744535982608,0.0324472784996032,0.0065314900130033,0.0176806710660457,0.1056734919548034,0.1056734919548034,8.292012875285405e-18,5.1362085555824804e-17,10.0,,,,,,True,265,17,success,159,True,False,False,-1,,"porcelain_mug_1,white_yellow_mug_1",True,159,False,-1,False,0.0,1.0,148,77,0.1056120724935442,1.6322830131992117,0.4139462999779443,2.745627117707771,38610874.53325728,0.8943265080451965,0.0,7.528468921147984e-19,0.0,5.1362085555824804e-17,0.0,2.674752726932436e-17,0.0,3.4363771802286853e-18,0.0,6.212918553614218e-19,127.0,False,False
libero_10,4,10,1,4,134388,0,134388,3,48,put the white mug on the left plate and put the yellow and white mug on the right plate,-1,-1,none,-1,-1,-1,-1,4.0,0.0094622718170285,0.7085875868797302,0.0079661021009087,0.0059241857379674,0.0008313134894706,0.0459693968296051,0.0833771005272865,0.1154281422495842,0.0002406914718449,0.0005856454372406,0.0115508409217,0.0494707189500331,0.6251764893531799,1.9202864170074463,16.194135665893555,2.0406506061553955,9.601431846618652,55.82282257080078,0.013622585684061,0.0167298577725887,0.7551140785217285,0.0156386885792017,0.052845649421215,0.0676002278923988,0.005719443783164,0.0101546961814165,0.0190607700496912,0.0087518370710313,0.0092422049492597,0.064204019960016,0.1146102026104927,0.022501734085381,0.0227925404906272,0.0086664715781807,0.0097221843898296,0.0098961344920098,0.0122334836050868,0.0073730077128857,0.0075957840308547,0.0073730077128857,0.0075957840308547,first,1.0,0.0,0.1151652932167053,-1.0920579433441162,0.0,0.1151652932167053,3.0,0.1157509386539459,False,0.1154281422495842,0.0002406914718449,0.0005856454372406,0.0225017331540584,0.0003949692763853,0.0073730079457163,0.0001507597189629,137388,137391,64,16,0,False,False,0.0,0.0,0.0019159959218609,0.0911649626475434,1.887379141862766e-15,1.887379141862766e-15,0.0,0.0,0.0,0.0,11.0,4.0,11.0,0.1691556679987417,0.2982202076530197,0.0888888888888888,0.0307115173778819,0.0253303153661296,0.0383893967223524,0.2299678495367958,2.5484195502560607,6.207361801051319,2004.7879332311036,763.6614379882812,12.879424095153809,19.30179499938914,0.7854483130908918,1843.58251953125,19.46186828613281,15.474177792865008,0.3135365580456545,0.3503381609916687,0.0589909628033638,0.3210321366786957,0.0361173711717128,0.0121512012556195,0.1151652932167053,0.1151652932167053,0.015336788509996,0.1454529950557301,10.0,,,,,,True,265,17,success,159,True,False,False,-1,,"porcelain_mug_1,white_yellow_mug_1",True,159,False,-1,False,0.0,1.0,148,77,0.1056120724935442,1.6322830131992117,0.4139462999779443,2.745627117707771,38610874.53325728,0.8848347067832947,0.0079148900442298,0.1454529950557301,0.0,4.578586208281398e-17,0.0,3.64661856196364e-18,0.0,6.211975898614493e-18,0.0,1.7252366083296796e-18,111.0,False,False
libero_10,4,10,1,4,134388,0,134388,4,64,put the white mug on the left plate and put the yellow and white mug on the right plate,-1,-1,none,-1,-1,-1,-1,4.0,0.0017055186908692,0.0064437994733452,0.0042473096400499,0.0028884552884846,0.0008406873675994,0.0007512021111324,0.0089800795540213,0.1402859836816787,0.0005123824230395,0.0013131201267242,0.0008359076455235,0.0021452838554978,0.5093733668327332,1.5,22.498611450195312,0.8963737487792969,2.861380815505981,46.23310470581055,0.0061356606893241,0.0109450528398156,0.0182034950703382,0.0055516893044114,0.0098418546840548,0.0179076008498668,0.0056337313726544,0.0099638365209102,0.0186337139457464,0.0075246730120852,0.0075557837262749,0.0096027774270623,0.0100531773641705,0.0194143643602728,0.0201997533440589,0.007523741107434,0.0075892680324614,0.0082020335830748,0.0083984555676579,0.0071685313014313,0.0072243073955178,0.0071685313014313,0.0072243073955178,first,1.0,0.0,0.1411586701869964,1.7031936645507812,0.0,0.1411586701869964,0.0,0.1411586701869964,True,0.1402859836816787,0.0005123824230395,0.0013131201267242,0.0194143634289503,0.0006489306106232,0.0071685314178466,3.5443095839582384e-05,138388,138388,80,16,0,False,False,0.0,0.0,0.0656212761132049,0.0879258136948526,1.887379141862766e-15,1.887379141862766e-15,0.0,0.0,0.0,0.0,87.0,7.0,87.0,0.4977606439441498,0.938457740991956,0.0333333333333333,0.0876063262558127,0.0836137860131197,0.1095079078197659,0.3284555219217522,2.4271213778875453,4.0010085252438845,188.6841694959052,685.9126586914062,12.15931224822998,19.768115429210788,0.8087267814822074,1849.1898193359373,18.549325942993164,15.460988670916972,0.4338710993045077,0.1545156389474868,0.0246912315487861,0.1509154736995697,0.016880378127098,0.0237931013107299,0.1411586701869964,0.1411586701869964,0.0260737934821774,0.1846314212773084,10.0,,,,,,True,265,17,success,159,True,False,False,-1,,"porcelain_mug_1,white_yellow_mug_1",True,159,False,-1,False,0.0,1.0,148,77,0.1056120724935442,1.6322830131992117,0.4139462999779443,2.745627117707771,38610874.53325728,0.8588413298130035,0.0761065135444657,0.1846314212773084,0.0,1.2978241140111948e-17,0.0,7.436633283051969e-18,0.0,5.4015869584610176e-18,0.0,7.79666068332433e-18,95.0,False,False
libero_10,4,10,1,4,134388,0,134388,5,80,put the white mug on the left plate and put the yellow and white mug on the right plate,-1,-1,none,-1,-1,-1,-1,4.0,0.0018700674409046,0.0068324669264256,0.0075161661952733,0.003230606438592,0.0007959425565786,0.0010108245769515,0.0097917076200246,0.1525631546974182,0.0002676077419891,0.0007327795028686,0.0005895287613384,0.0009329764870926,0.478301078081131,1.299038052558899,20.75301170349121,0.7209422588348389,1.785357117652893,23.30638313293457,0.0061944164335727,0.0110934162512421,0.0193427857011556,0.005565823521465,0.0098477583378553,0.0170428194105625,0.0055706379935145,0.0099105322733521,0.0170435979962348,0.0076861064881086,0.0077639049850404,0.0099250462371855,0.0106186661869287,0.021191184874624,0.0213562082499265,0.0077527695102617,0.0078129256144166,0.0084569801110774,0.0084952935576438,0.0071510082343593,0.0072410944849252,0.0071510082343593,0.0072410944849252,first,1.0,0.0,0.1525605618953704,-0.0096888151019811,0.0,0.1525605618953704,1.0,0.1529851257801056,False,0.1525631546974182,0.0002676077419891,0.0007327795028686,0.0211911853402853,0.0001269720814889,0.0071510085836052,5.339838389772922e-05,139388,139389,96,16,0,False,False,0.0,0.0,0.1056120724935442,0.0879285553202418,1.887379141862766e-15,1.887379141862766e-15,0.0,0.0,0.0,0.0,114.0,8.0,114.0,0.8101097368058174,0.9961895205910108,0.0666666666666666,0.166204808689942,0.1467320126485241,0.2077560108624275,0.5045876351459431,2.53416997915364,4.387564950091496,60.00366889405987,707.4410400390625,12.56932258605957,19.633901103856363,0.7781089184023351,703.101318359375,10.428179740905762,19.66062448602212,0.7690692066791321,0.0374211482703685,0.01090585347265,0.0238289833068847,0.0269479379057884,0.0174469668418169,0.1525605618953704,0.1525605618953704,0.018762679012853,0.1420055293433593,10.0,,,,,,True,265,17,success,159,True,False,False,-1,,"porcelain_mug_1,white_yellow_mug_1",True,159,False,-1,False,0.0,1.0,148,77,0.1056120724935442,1.6322830131992117,0.4139462999779443,2.745627117707771,38610874.53325728,0.8474394381046295,0.1420055293433593,0.0456212607851706,0.0,3.57210546019594e-17,0.0,8.463534633539427e-18,0.0,1.8269095553992723e-18,0.0,2.9207454350943893e-18,79.0,False,False
libero_10,4,10,1,4,134388,0,134388,6,96,put the white mug on the left plate and put the yellow and white mug on the right plate,-1,-1,none,-1,-1,-1,-1,4.0,0.001909760874696,0.0088377622887492,0.0108541995286941,0.0035370327532291,0.000675129413139,0.0007318400312215,0.0104820178821682,0.194665789604187,0.0003193957381881,0.000777781009674,0.0006372325005941,0.0012446779292076,0.844480574131012,2.861380815505981,43.84275817871094,0.8826768398284912,2.7386128902435303,51.89653015136719,0.0062295906245708,0.0114334281533956,0.0218291319906711,0.0055549098178744,0.0099420864135026,0.0162603426724672,0.0056369705125689,0.009989533573389,0.0187196154147386,0.0075468261493369,0.0076474393717944,0.0097029348835349,0.0100668622180819,0.0211496306583285,0.0214932635426521,0.0075598321855068,0.0077270143665373,0.0078918936196714,0.0079563856124877,0.0072471346938982,0.0074078859761357,0.0072471346938982,0.0074078859761357,first,1.0,0.0,0.194868803024292,0.635617196559906,0.0,0.194868803024292,3.0,0.1948951482772827,False,0.194665789604187,0.0003193957381881,0.000777781009674,0.0211496297270059,0.0002712266868911,0.0072471341118216,0.000149351049913,140388,140391,112,16,0,False,False,0.0,0.0,0.0807130651231467,0.0878463574440017,1.887379141862766e-15,1.887379141862766e-15,0.0,0.0,0.0,0.0,128.0,8.0,128.0,0.4238496774784813,0.5245199068521438,0.0666666666666666,0.0802144582183198,0.0751401896655976,0.1002680727728998,0.2609673980678226,2.0524946652659986,6.5726457511400325,214.90623474100985,802.1011352539062,13.134221076965332,19.08851229848667,0.7551245583547702,743.2261962890625,11.807903289794922,19.419593521545472,0.8172422840816806,0.0341407284140586,0.0085108075290918,0.0230814218521118,0.0239037461578845,0.0232455972582101,0.194868803024292,0.194868803024292,0.0105742892502329,0.0772457590959467,10.0,,,,,,True,265,17,success,159,True,False,False,-1,,"porcelain_mug_1,white_yellow_mug_1",True,159,False,-1,False,0.0,1.0,148,77,0.1056120724935442,1.6322830131992117,0.4139462999779443,2.745627117707771,38610874.53325728,0.805131196975708,0.0772457590959467,0.0284971334063822,0.0,3.8397568301339445e-17,0.0,2.3430548138156933e-17,0.0,7.042931007420359e-19,0.0,4.713121762672157e-18,63.0,False,False
libero_10,4,10,1,4,134388,0,134388,7,112,put the white mug on the left plate and put the yellow and white mug on the right plate,-1,-1,none,-1,-1,-1,-1,4.0,0.003337835194543,0.0179118793457746,0.0098171159625053,0.0062489002011716,0.0011313104769214,0.0012242142111063,0.0185852702707052,0.2049043774604797,0.0003415514947846,0.0008403062820434,0.0016443877248093,0.0024993170518428,0.7927041053771973,2.549509763717652,52.313358306884766,1.2296656370162964,3.699662208557129,50.78077697753906,0.0076010506600141,0.0153488358482718,0.0320709571242332,0.0057392860762774,0.0102297086268663,0.0185116548091173,0.0055619357153773,0.0099094929173588,0.0178431533277034,0.0083332485519349,0.0086235953494906,0.0112146001774817,0.0121417939662933,0.0229321080259978,0.0235961154103279,0.0077830180525779,0.0080043515190482,0.0081085502170026,0.0083596650511026,0.00718280300498,0.0073139099404215,0.00718280300498,0.0073139099404215,first,1.0,0.0,0.2054929733276367,1.7233004570007324,0.0,0.2054929733276367,0.0,0.2054929733276367,True,0.2049043774604797,0.0003415514947846,0.0008403062820434,0.0229321084916591,0.0007244088919833,0.00718280300498,8.239445014623925e-05,141388,141388,128,16,0,False,False,0.0,0.0,0.0532035230704495,0.0875694969844247,1.887379141862766e-15,1.887379141862766e-15,0.0,0.0,0.0,0.0,128.0,8.0,128.0,0.2285016832576361,0.32506431351956,0.1666666666666666,0.0438147718483223,0.0329278560753857,0.0547684648104029,0.3126137213721163,3.0729095943740985,6.065796456989071,1320.2560126457684,685.42529296875,12.105860710144045,19.77120234520656,0.7924719775053467,353.0658264160156,8.477957725524902,22.652246770549823,0.8960324393243816,0.0377872474491596,0.009586707688868,0.0247159004211425,0.0213734935969114,0.0164077896624803,0.2054929733276367,0.2054929733276367,0.0088279382249708,0.0500168249951783,10.0,,,,,,True,265,17,success,159,True,False,False,-1,,"porcelain_mug_1,white_yellow_mug_1",True,159,False,-1,False,0.0,1.0,148,77,0.1056120724935442,1.6322830131992117,0.4139462999779443,2.745627117707771,38610874.53325728,0.7945070266723633,0.0382625572545297,0.0500168249951783,0.0,2.656245427113861e-17,0.0,5.897388221986216e-18,0.0,8.503154372333239e-19,0.0,5.62455679337429e-18,47.0,False,False
libero_10,4,10,1,4,134388,0,134388,8,128,put the white mug on the left plate and put the yellow and white mug on the right plate,-1,-1,none,-1,-1,-1,-1,4.0,0.0190659277141094,0.8850710988044739,0.0164230242371559,0.0063133635558187,0.0009784353896975,0.1115860939025878,0.1566658765077591,0.218790054321289,4.272399019100703e-05,0.0001087188720703,0.0023668566718697,0.008963955566287,0.6774616241455078,2.0463380813598637,39.25796127319336,1.1861989498138428,5.117372512817383,46.29524993896485,0.0230407379567623,0.0161138232797384,0.9364508390426636,0.0065290769562125,0.0125964684411883,0.0244772098958492,0.0055376584641635,0.009884774684906,0.0197996199131011,0.0079125600168481,0.0084883347153663,0.030378163093701,0.076739989221096,0.0209191348403692,0.0216330867260694,0.0075511278118938,0.0076441965065896,0.007909697946161,0.0080621838569641,0.0071683486457914,0.007251750677824,0.0071683486457914,0.007251750677824,first,1.0,0.0,0.2188442051410675,1.2674570083618164,0.0,0.2188442051410675,0.0,0.2188442051410675,True,0.218790054321289,4.272399019100703e-05,0.0001087188720703,0.0209191348403692,0.0006004553870297,0.007168348878622,7.324178295675665e-05,142388,142388,144,16,0,False,False,0.0,0.0,0.0516901779193747,0.0876224842485626,1.887379141862766e-15,1.887379141862766e-15,0.0,0.0,0.0,0.0,127.0,8.0,127.0,0.1758421243912457,0.3109244919115418,0.1666666666666666,0.0346726636242681,0.0320124956437857,0.0433408295303351,0.2098776081812393,2.410162914530052,12.077692591260051,2563.77996060911,784.8015747070312,13.023244857788086,19.183204950817878,0.7603929111287968,639.0143432617188,10.462379455566406,20.075697544630216,0.837263959358759,0.0486550591886043,0.0137562714517116,0.0244832038879394,0.0270633697509765,0.0241750199347734,0.2188442051410675,0.2188442051410675,0.0054324989044699,0.0336947689573953,10.0,,,,,,True,265,17,success,159,True,False,False,-1,,"porcelain_mug_1,white_yellow_mug_1",True,159,False,-1,False,0.0,1.0,148,77,0.1056120724935442,1.6322830131992117,0.4139462999779443,2.745627117707771,38610874.53325728,0.7811557948589325,0.0336947689573953,0.0206302200873037,0.0,3.216471781406129e-17,0.0,2.4919205406754865e-17,0.0,6.645608480235797e-18,0.0,2.6488475571265273e-18,31.0,False,False
libero_10,4,10,1,4,134388,0,134388,9,144,put the white mug on the left plate and put the yellow and white mug on the right plate,-1,-1,none,-1,-1,-1,-1,4.0,0.0151842143386602,1.0129597187042236,0.0348427109420299,0.0129931196570396,0.0008051760378293,0.0648946166038513,0.1224110201001167,0.2579033374786377,0.0010095766047015,0.0028052926063537,0.0027629153337329,0.0056050992570817,1.3365459442138672,5.117372512817383,101.92000579833984,2.192147254943848,8.257572174072266,74.1366958618164,0.0191731117665767,0.0321482867002487,1.0348697900772097,0.0063638077117502,0.0113780414685606,0.0193945486098527,0.005848660133779,0.0102646388113498,0.018818762153387,0.0078328822273761,0.0079422695562243,0.012942650122568,0.0153013281524181,0.022793736308813,0.0238411389291286,0.0075647070771083,0.0077780112624168,0.0079526345944032,0.0081353737041354,0.0071585840778425,0.0073650893755257,0.0071585840778425,0.0073650893755257,first,1.0,0.0,0.2579803466796875,0.0762787088751792,0.0,0.2579803466796875,1.0,0.2594299018383026,False,0.2579033374786377,0.0010095766047015,0.0028052926063537,0.022793736308813,0.0006339578540064,0.0071585839614272,0.0001500001235399,143388,143389,160,16,0,False,False,0.5,0.5,0.0199888813052343,0.0876198864933634,1.0126650798155435e-05,1.887379141862766e-15,1.0,0.0,0.0,0.0,14.0,7.0,14.0,0.3555883324420997,0.6865368965415675,0.0555555555555555,0.0695063060638527,0.0605625298173321,0.0868828825798159,0.2970796329278677,1.733257867172603,7.474826238400436,271.4135410856018,539.4351806640625,10.74966812133789,20.81141094186635,0.830892453266593,592.03369140625,10.745210647583008,20.40733938645876,0.8024695204630293,0.0229216013103723,0.0058634616434574,0.0141642615199089,0.0140716498717665,0.0177421011030673,0.2579803466796875,0.2579803466796875,0.0063407221052539,0.0506333402335362,10.0,,,,,,True,265,17,success,159,True,False,False,-1,,"porcelain_mug_1,white_yellow_mug_1",True,159,False,-1,False,0.0,1.0,148,77,0.1056120724935442,1.6322830131992117,0.4139462999779443,2.745627117707771,38610874.53325728,0.7420196533203125,0.012772496581645,0.0506333402335362,0.0,1.568125386454995e-17,0.0,5.613436480503337e-18,1.610842306365607e-07,1.2231531274706936e-06,0.0,1.3680296067001212e-18,15.0,False,False
libero_10,4,10,1,4,134388,0,134388,10,160,put the white mug on the left plate and put the yellow and white mug on the right plate,-1,-1,none,-1,-1,-1,-1,4.0,0.001287922495976,0.0060722203925251,0.0062785148620605,0.0021838366519659,0.0005935389199294,0.0006833312800154,0.0067139030434191,0.3257832527160644,0.000390532601159,0.0009415745735168,0.0005362339434213,0.0007822518236935,0.4197036325931549,1.2247449159622192,11.113055229187012,0.5491242408752441,1.1180340051651,19.397165298461918,0.005839588586241,0.0103743374347686,0.0178476553410291,0.0054923649877309,0.0098316306248307,0.0219996161758899,0.005535312462598,0.0098091503605246,0.0215606670826673,0.0074162381934002,0.0074962922371923,0.009029132546857,0.0093155680224299,0.0202553998678922,0.0205271262675523,0.0073060427093878,0.0074712368659675,0.0075632747029885,0.0077813910320401,0.0070091070374473,0.0071642161346971,0.0070091070374473,0.0071642161346971,first,1.0,0.0,0.3252274394035339,-1.4232187271118164,0.0,0.3252274394035339,1.0,0.3261690139770508,False,0.3257832527160644,0.000390532601159,0.0009415745735168,0.0202553998678922,0.0002789487189147,0.0070091071538627,0.0001047760742949,144388,144389,176,16,0,False,False,0.5,0.0,0.0084512851605735,0.1642913458071268,1.610843113537624e-07,1.887379141862766e-15,1.0,0.0,0.0,0.0,0.0,0.0,0.0,0.7378812967834154,0.7686990551749427,0.0666666666666666,0.1524407571914894,0.1476779944152153,0.1905509464893618,0.2367631597946916,1.3315473034203744,5.259153280123598,33.63434930706342,554.6624145507812,11.00421142578125,20.69051622979401,0.8321453016412924,247.1397247314453,6.5499444007873535,24.20137802252381,0.8438459605379562,0.011642163619399,0.0027723445091396,0.0081419497728347,0.0028055028524249,0.0107560735195875,0.3252274394035339,0.3252274394035339,6.434820802437855e-08,5.146165720093319e-07,10.0,,,,,,True,265,17,success,159,True,False,False,-1,,"porcelain_mug_1,white_yellow_mug_1",True,159,False,-1,False,0.0,1.0,148,77,0.1056120724935442,1.6322830131992117,0.4139462999779443,2.745627117707771,38610874.53325728,0.6747725605964661,1.2885870959599753e-07,5.146165720093319e-07,0.0,3.9879116698119777e-17,0.0,7.011043333225269e-18,9.233807834489485e-14,6.7062521394971125e-12,0.0,1.3480433721387825e-18,-1.0,False,False
libero_10,4,10,1,4,134388,0,134388,11,176,put the white mug on the left plate and put the yellow and white mug on the right plate,-1,-1,none,-1,-1,-1,-1,4.0,0.0007516662008129,0.0059956540353596,0.0063430583104491,0.00109455792699,0.0004435336159076,0.0006473892135545,0.0038843757938593,0.3842739462852478,0.0007782506872899,0.002114325761795,0.00036414002534,0.0008117291145026,0.379900574684143,1.1180340051651,8.227241516113281,0.4864964485168457,1.0897247791290283,15.700318336486816,0.0055716354399919,0.0098857451230287,0.0187080334872007,0.0054786973632872,0.0097472742199897,0.0183776598423719,0.0055606877431273,0.0098459292203187,0.0178044363856315,0.0072481812676414,0.0073549547232687,0.0090404823422431,0.0094256354495882,0.0195818012580275,0.0200791396200656,0.0071932750288397,0.0072525832802057,0.0074038747698068,0.0074835317209362,0.0069296325091272,0.0070003801956772,0.0069296325091272,0.0070003801956772,first,1.0,0.0,0.3841378390789032,-0.1748886406421661,0.0,0.3841378390789032,1.0,0.385541170835495,False,0.3842739462852478,0.0007782506872899,0.002114325761795,0.0195818021893501,0.0004904990200884,0.0069296327419579,9.34389972826466e-05,145388,145389,192,16,0,False,False,0.5,0.0,0.0084512797691787,0.2028005991037464,1.6108439359553869e-07,1.887379141862766e-15,1.0,0.0,0.0,0.0,0.0,0.0,0.0,0.7998515807977733,0.8207832560474752,0.1363636363636363,0.167493412892807,0.167439327943735,0.2093667661160087,0.0359081265986996,0.442216083491217,0.9229871624831124,1.9878904176858248,336.5887451171875,8.08187198638916,22.859807709607868,0.890857265788553,759.5850830078125,10.27240753173828,19.32503933543064,0.5500564437306632,0.0298632271587848,0.006570701021701,0.0256002619862556,0.0143945105373859,0.0261264611035585,0.3841378390789032,0.3841378390789032,6.452449686469839e-08,5.163912389717456e-07,10.0,,,,,,True,265,17,success,159,True,False,False,-1,,"porcelain_mug_1,white_yellow_mug_1",True,159,False,-1,False,0.0,1.0,148,77,0.1056120724935442,1.6322830131992117,0.4139462999779443,2.745627117707771,38610874.53325728,0.6158621609210968,1.288468494163094e-07,5.163912389717456e-07,0.0,3.682556691671548e-17,0.0,1.0070184788666139e-17,9.249019181621825e-14,6.787714728106647e-12,0.0,7.113209022361854e-18,-17.0,False,False
libero_10,4,10,1,4,134388,0,134388,12,192,put the white mug on the left plate and put the yellow and white mug on the right plate,-1,-1,none,-1,-1,-1,-1,4.0,0.0013080247445032,0.0043752193450927,0.0032355224248021,0.0019928878173232,0.0008035849896259,0.0007667548488825,0.0065626478753983,0.4420954585075378,0.0001204500440508,0.0003099143505096,0.0006160842604003,0.0013623315608128,0.916494071483612,3.240370273590088,52.08346557617188,1.784845232963562,7.135130405426025,68.7945327758789,0.0058979829773306,0.0104410024359822,0.0203736387193202,0.0055181323550641,0.0097597446292638,0.0172169562429189,0.0053464360535144,0.009559185244143,0.0179343055933713,0.0074668158777058,0.0075784428045153,0.0096190362237393,0.0102514261379837,0.020544137340039,0.0209862738847732,0.007237032870762,0.0073346123099327,0.0074178492650389,0.0075586033053696,0.0069593013031408,0.0070482655428349,0.0069593013031408,0.0070482655428349,first,1.0,0.0,0.4419905245304107,-0.8711825609207153,0.0,0.4419905245304107,2.0,0.4423004388809204,False,0.4420954585075378,0.0001204500440508,0.0003099143505096,0.0205441378057003,0.0003296257636975,0.0069593014195561,6.973034760449082e-05,146388,146390,208,16,0,False,False,0.5,0.0,0.0084512743650326,0.1443996583279207,1.6108447588477625e-07,1.887379141862766e-15,1.0,0.0,0.0,0.0,0.0,0.0,0.0,0.7083874120058895,0.8068083830027967,0.0555555555555555,0.1453549095034861,0.1320151190126613,0.1816936368793576,0.3554299861295772,1.771963551987746,3.656198596556247,38.40207842170512,588.2996215820312,11.210997581481934,20.43481791836045,0.8220837437494436,610.6848754882812,9.571016311645508,20.272631966822946,0.8106400393107026,0.0101730013266205,0.0023330640979111,0.0070436000823974,0.0066617196425795,0.00766531098634,0.4419905245304107,0.4419905245304107,6.452479541062245e-08,5.163937262930477e-07,10.0,,,,,,True,265,17,success,159,True,False,False,-1,,"porcelain_mug_1,white_yellow_mug_1",True,159,False,-1,False,0.0,1.0,148,77,0.1056120724935442,1.6322830131992117,0.4139462999779443,2.745627117707771,38610874.53325728,0.5580094754695892,1.2884734752623984e-07,5.163937262930477e-07,0.0,3.5773795057902977e-17,0.0,9.632425948498337e-18,9.254340028374015e-14,6.787692838337273e-12,0.0,5.291920973033344e-18,-33.0,False,False
libero_10,4,10,1,4,134388,0,134388,13,208,put the white mug on the left plate and put the yellow and white mug on the right plate,-1,-1,none,-1,-1,-1,-1,4.0,0.0013318962883204,0.0068171336315572,0.0071156183257699,0.0024394914507865,0.0003942078037653,0.0008221752941608,0.0074389278888702,0.5529885292053223,0.0003760488471016,0.000861644744873,0.0009312464972026,0.0030854307115077,0.5407942533493042,1.785357117652893,28.222332000732425,1.6256520748138428,5.117372512817383,71.54893493652344,0.0057841087691485,0.0102301398292183,0.0208103340119123,0.005494640674442,0.0097192740067839,0.0169317871332168,0.0055276108905673,0.0098186489194631,0.0197163298726081,0.0075300030875951,0.0076608187519013,0.010571960825473,0.0110707413405179,0.0188349075615406,0.0194977167993783,0.007258833036758,0.0072862305678427,0.007539928657934,0.0076227812096476,0.0070175778819248,0.0072389179840683,0.0070175778819248,0.0072389179840683,first,1.0,0.0,0.5527204275131226,-0.7129437923431396,0.0,0.5527204275131226,1.0,0.5533806085586548,False,0.5529885292053223,0.0003760488471016,0.000861644744873,0.0188349075615406,0.0004472752625588,0.0070175779983401,0.000161305986694,147388,147389,224,16,0,False,False,0.5,0.0,0.0084512689608647,0.0945982892716159,1.6108455812657478e-07,1.887379141862766e-15,1.0,0.0,0.0,0.0,26.0,6.0,26.0,0.4145001173487417,0.7284013226011955,0.1111111111111111,0.0783472984137016,0.0607399411558477,0.0979341230171269,0.4512647015838167,8.236819945880159,38.85707715194248,6627.730884001604,557.7161254882812,10.565250396728516,20.666671592500556,0.834846884946324,1607.445068359375,15.060925483703612,16.069442202769558,0.5240680033602303,0.0755822882056236,0.0163027364760637,0.0605193972587585,0.015931099653244,0.0123825352638959,0.5527204275131226,0.5527204275131226,0.0076225860651885,0.0670591487559893,10.0,,,,,,True,265,17,success,159,True,False,False,-1,,"porcelain_mug_1,white_yellow_mug_1",True,159,False,-1,False,0.0,1.0,148,77,0.1056120724935442,1.6322830131992117,0.4139462999779443,2.745627117707771,38610874.53325728,0.4472795724868774,1.288478458661722e-07,5.163962160889029e-07,0.0,3.9396233139681925e-17,0.009166066644954,0.0670591487559893,9.249019181621825e-14,6.787747488667527e-12,0.0,3.740840753285067e-18,-49.0,False,False
libero_10,4,10,1,4,134388,0,134388,14,224,put the white mug on the left plate and put the yellow and white mug on the right plate,-1,-1,none,-1,-1,-1,-1,4.0,0.0016335387481376,0.0068059521727263,0.0075964485295116,0.0028973724693059,0.0006395116797648,0.0008241195464506,0.0088106421753764,0.5892379283905029,0.0006607209215871,0.0018633604049682,0.0006588238757103,0.0010397770674899,0.401063323020935,1.1180340051651,11.605494499206545,0.7495042681694031,2.692582368850708,18.89940452575684,0.0059814625419676,0.0107127027586102,0.022111652418971,0.0055881636217236,0.0099401529878377,0.0195196662098169,0.0055724801495671,0.0100077139213681,0.0186611637473106,0.0074588382849469,0.0074880742467939,0.0093264544848352,0.0096090380102396,0.019888384733349,0.021251980215311,0.0073520274600014,0.0074161309748888,0.0077624547993764,0.0078050149604678,0.0070124443154782,0.007211793679744,0.0070124443154782,0.007211793679744,first,1.0,0.0,0.5901572108268738,1.3913323879241943,0.0,0.5901572108268738,0.0,0.5901572108268738,True,0.5892379283905029,0.0006607209215871,0.0018633604049682,0.0198883861303329,0.0008715644944459,0.0070124445483088,0.00018426484894,148388,148388,240,16,0,False,False,0.5,0.0,0.0883374047744663,0.0971732416574413,1.610846403683844e-07,1.887379141862766e-15,1.0,0.0,0.0,0.0,63.0,5.0,63.0,0.6883313095355619,0.8065180575910423,0.0555555555555555,0.1282094344258736,0.1213095822659619,0.160261793032342,0.4050125596695947,2.068263055581604,4.328096955388432,79.65473341216934,519.4070434570312,10.742778778076172,20.97572526252752,0.8366926240205929,513.3605346679688,10.325394630432127,21.02657882264324,0.9007242681042232,0.0142463538795709,0.0039059424307197,0.0082389712333679,0.0030325227417051,0.0100135887041687,0.5901572108268738,0.5901572108268738,0.0217013523533085,0.1197423185029432,10.0,,,,,,True,265,17,success,159,True,False,False,-1,,"porcelain_mug_1,white_yellow_mug_1",True,159,False,-1,False,0.0,1.0,148,77,0.1056120724935442,1.6322830131992117,0.4139462999779443,2.745627117707771,38610874.53325728,0.4098427891731262,1.2884834436518898e-07,5.16398705286036e-07,0.0,5.266763582333853e-17,0.1197423185029432,0.0972705597762124,9.249019181621825e-14,6.787789734844857e-12,0.0,9.225967918841696e-18,-65.0,False,False
libero_10,4,10,1,4,134388,0,134388,15,240,put the white mug on the left plate and put the yellow and white mug on the right plate,-1,-1,none,-1,-1,-1,-1,4.0,0.0010588372824713,0.0036710891872644,0.0051576336845755,0.0018696434563025,0.0003549784014467,0.0007379953749477,0.0056268982589244,0.7103878855705261,0.0011939489049836,0.0033152103424072,0.0004675314412452,0.0008384643588215,0.3340204656124115,0.829156219959259,8.78564167022705,0.5250310897827148,1.299038052558899,12.81356716156006,0.0056335013359785,0.0099576683714985,0.0175033882260322,0.0055570816621184,0.0098131811246275,0.0182639490813016,0.0059523563832044,0.0104760406538844,0.0177722666412591,0.0073952799430117,0.0074376505799591,0.0093925632536411,0.0098431836813688,0.0197990136221051,0.0200959909707307,0.0073450891068205,0.0074295317754149,0.0076052213553339,0.0077291941270232,0.0071106503019109,0.0071990257129073,0.0071106503019109,0.0071990257129073,first,1.0,0.0,0.7100215554237366,-0.3068222999572754,0.0,0.7100215554237366,3.0,0.712235689163208,False,0.7103878855705261,0.0011939489049836,0.0033152103424072,0.0197990126907825,0.0003577371535357,0.0071106506511569,5.582162339123897e-05,149388,149391,256,16,0,False,False,0.5,0.0,0.0886271660664179,0.0973835335443017,1.6108472265765535e-07,1.887379141862766e-15,1.0,0.0,0.0,0.0,64.0,4.0,64.0,0.703646751035451,0.8172325142352144,0.2045454545454545,0.1445960761106944,0.1351419498502512,0.180745095138368,0.3143682556324788,2.134657716339015,5.112158458140733,62.15742255506724,374.2709655761719,8.54623031616211,22.398942232515854,0.85105433882654,428.0149536132813,8.853428840637207,21.81621418587716,0.878621765283379,0.0105639602988958,0.0025511581916362,0.0088814944028854,0.0044325273483991,0.00921172183007,0.7100215554237366,0.7100215554237366,0.0146175578916285,0.1345953524699752,10.0,,,,,,True,265,17,success,159,True,False,False,-1,,"porcelain_mug_1,white_yellow_mug_1",True,159,False,-1,False,0.0,1.0,148,77,0.1056120724935442,1.6322830131992117,0.4139462999779443,2.745627117707771,38610874.53325728,0.2899784445762634,1.288488427031045e-07,5.164011845032596e-07,0.0,4.2110926385604347e-17,0.1345953524699752,0.0115795811894026,9.254340028374015e-14,6.787773101677487e-12,0.0,2.269564998402837e-18,-81.0,False,False
libero_10,4,10,1,4,134388,0,134388,16,256,put the white mug on the left plate and put the yellow and white mug on the right plate,-1,-1,none,-1,-1,-1,-1,4.0,0.001959960674867,0.0110791241750121,0.012273914180696,0.0033075911924242,0.0008903347770683,0.0011259468737989,0.0103881480172276,0.8338497877120972,0.0010055206948891,0.0027193427085876,0.0006022107554599,0.0011224454501643,0.3189527094364166,0.829156219959259,10.231691360473633,0.5998152494430542,2.1213202476501465,15.155444145202637,0.0062771355733275,0.0115243485197424,0.0217605587095022,0.0055275913327932,0.0099049871787428,0.0188765171915292,0.0060215690173208,0.0106680672615766,0.0187618043273687,0.0078665814362466,0.0079134730622172,0.0164328566752374,0.0170840062201023,0.0206762724556028,0.0212650373578071,0.0075010911095887,0.0075997430831193,0.0082289509009569,0.0083494456484913,0.0074023192282766,0.0074677686206996,0.0074023192282766,0.0074677686206996,first,1.0,0.0,0.8333818912506104,-0.4653275310993194,0.0,0.8333818912506104,3.0,0.8354611396789551,False,0.8338497877120972,0.0010055206948891,0.0027193427085876,0.0206762719899415,0.0005105821765027,0.0074023194611072,3.855095565086231e-05,150388,150391,265,9,0,False,True,1.0,0.5,0.0436774256650724,0.0971125970767797,2.897995227389595e-06,1.887379141862766e-15,1.0,0.0,0.0,0.0,35.0,4.0,35.0,0.4089270217071071,0.5701655761066141,0.125,0.0494483479033341,0.0484123567222087,0.1098852175629647,0.3803064422659544,4.144347457956215,9.491034812993025,59.17095998291468,395.8165588378906,8.500837326049805,22.155864020700555,0.8336349483069038,535.03759765625,10.035674095153809,20.84696059443094,0.8454170985442266,0.0629837363958358,0.0161689594388008,0.0416306853294372,0.0146269584074616,0.0440317429602146,0.1666181087493896,0.8333818912506104,0.0076480165055898,0.0463216482941262,10.0,,,,,,True,265,17,success,159,True,False,False,-1,,"porcelain_mug_1,white_yellow_mug_1",True,159,False,-1,False,0.0,1.0,148,77,0.1056120724935442,1.6322830131992117,0.4139462999779443,2.745627117707771,38610874.53325728,0.1666181087493896,7.247769310935204e-08,2.904767608019959e-07,0.0,4.074452053136695e-17,0.0463216482941262,0.0300108838822614,5.200910590862068e-14,3.818173916477826e-12,3.1703408514787125e-06,0.0001440995803351,-97.0,False,False
libero_10,4,11,1,5,134485,0,134485,0,0,put the white mug on the left plate and put the yellow and white mug on the right plate,-1,-1,none,-1,-1,-1,-1,4.0,0.0019132363377138,0.0113146109506487,0.0070358826778829,0.0036659575998783,0.0005469005554914,0.0007540785009041,0.0115949446335434,0.072691224515438,0.000392105692299,0.0010099112987518,0.0007588193984702,0.0026314030401408,0.5923400521278381,1.8708287477493288,35.42156982421875,1.180275797843933,3.535533905029297,61.52438354492188,0.0062726018950343,0.0116365551948547,0.0226566977798938,0.0055721197277307,0.0099097853526473,0.0180898401886224,0.0058387396857142,0.0102532152086496,0.0183958187699317,0.0073676545871421,0.0074082040227949,0.0091903505381196,0.0096847852692008,0.0192451714538037,0.0194674767553806,0.0071768111083656,0.0072629693895578,0.007446760777384,0.0076787848956882,0.0074659894453361,0.0075528286397457,0.0074659894453361,0.0075528286397457,first,1.0,0.0,0.0722455084323883,-1.1367243528366089,0.0,0.0722455084323883,3.0,0.0732554197311401,False,0.072691224515438,0.000392105692299,0.0010099112987518,0.0192451700568199,0.0003206398687325,0.0074659893289208,7.491444557672366e-05,134485,134488,16,16,0,False,False,0.0,0.0,1.7208456881689926e-15,0.2667561826107452,1.887379141862766e-15,1.887379141862766e-15,0.0,0.0,0.0,0.0,0.0,0.0,0.0,0.2472766699159572,0.6176644335390863,0.2111111111111111,0.0439240075152795,0.043357545997211,0.0549050093940994,0.2349123248655873,1.7025978075825423,4.895048418235865,507.0643028407718,471.8961486816406,10.0792875289917,21.39233927947798,0.8520113311701653,678.00146484375,10.59634780883789,19.818497286927787,0.6697747680650116,0.01863201148808,0.0042333356104791,0.015589639544487,0.017693743109703,0.0057177697308361,0.0722455084323883,0.0722455084323883,9.80111758732338e-16,2.1649348980190556e-15,10.0,,,,,,True,235,15,success,130,True,False,False,-1,,"porcelain_mug_1,white_yellow_mug_1",True,130,False,-1,False,0.0,1.0,115,72,0.1011222360381078,1.500632134291834,0.403982490853126,2.4828733942904444,17184645.336784426,0.9277544915676116,5.551115123125784e-16,1.2914042426887007e-16,1.5543122344752194e-15,5.102905487919578e-16,1.9984014443252818e-15,1.125532009231289e-16,2.1649348980190556e-15,3.0616738737853167e-16,2.1649348980190556e-15,3.052710388097017e-16,130.0,False,False
libero_10,4,11,1,5,134485,0,134485,1,16,put the white mug on the left plate and put the yellow and white mug on the right plate,-1,-1,none,-1,-1,-1,-1,4.0,0.0014428214635699,0.008836637251079,0.0035017533227801,0.0024089168291538,0.0007054915768094,0.0007565259584225,0.0077984086237847,0.0885625407099723,0.0003347447200212,0.000806301832199,0.0004197233938612,0.0006141962367109,0.4047511219978332,1.2247449159622192,7.648529052734375,0.4737974405288696,1.0897247791290283,10.793516159057615,0.0059722997248172,0.0106351291760802,0.0186447110027074,0.0055339140817523,0.009890797547996,0.0187762323766946,0.0058450778014957,0.0103300735354423,0.0199922453612089,0.0075015156762674,0.0075764902867376,0.0094163008034229,0.0095961596816778,0.0197724308818578,0.0203847512602806,0.0072086305590346,0.0072524300776422,0.0075271686073392,0.0076646259985864,0.0074277436360716,0.0074433451518416,0.0074277436360716,0.0074433451518416,first,1.0,0.0,0.0882761776447296,-0.8554670214653015,0.0,0.0882761776447296,3.0,0.0890131592750549,False,0.0885625407099723,0.0003347447200212,0.000806301832199,0.0197724308818578,0.0003904821933247,0.0074277436360716,1.421289471181808e-05,135485,135488,32,16,0,False,False,0.0,0.0,1.7208456881689926e-15,0.1597116791174446,1.887379141862766e-15,1.887379141862766e-15,0.0,0.0,0.0,0.0,0.0,0.0,0.0,0.6185358257949816,0.6468740171115848,0.0555555555555555,0.1252694991196463,0.1128842164066752,0.1565868738995579,0.3407482423424965,2.8154350186901502,5.032271902693616,138.4015436296951,580.9505615234375,11.1873140335083,20.489411850543718,0.8408870769186373,388.2129211425781,7.520075798034668,22.24010374669936,0.7679831656330623,0.0141573809087276,0.0030541773885488,0.0105329751968383,0.0112614333629608,0.0085743861272931,0.0882761776447296,0.0882761776447296,5.7065900482776075e-18,3.3408368844212463e-17,10.0,,,,,,True,235,15,success,130,True,False,False,-1,,"porcelain_mug_1,white_yellow_mug_1",True,130,False,-1,False,0.0,1.0,115,72,0.1011222360381078,1.500632134291834,0.403982490853126,2.4828733942904444,17184645.336784426,0.9117238223552704,0.0,2.612809940498282e-18,0.0,3.3408368844212463e-17,0.0,7.960693122112403e-18,0.0,8.16516147310776e-18,0.0,4.918867102845162e-18,114.0,False,False
libero_10,4,11,1,5,134485,0,134485,2,32,put the white mug on the left plate and put the yellow and white mug on the right plate,-1,-1,none,-1,-1,-1,-1,4.0,0.0068050199188292,0.455498993396759,0.0047275926917791,0.0026825061067938,0.0008161189034581,0.0371392592787742,0.0574311800301075,0.1046927794814109,0.0002684084174688,0.0006928741931915,0.0071569066494703,0.0290060676634311,0.4291394352912903,1.2247449159622192,17.210098266601562,0.6629624366760254,1.6393595933914185,54.91356658935547,0.0112413093447685,0.0128965070471167,0.5321952700614929,0.0108902975916862,0.0320901274681091,0.044077880680561,0.0056675341911613,0.0101181482896208,0.0186226703226566,0.0088540206197649,0.0101315500214695,0.0763334913644939,0.1734069883823394,0.0198601623997092,0.0202817730605602,0.0082391637843102,0.0085639329627156,0.0094712763093411,0.0099115241318941,0.0073139601154252,0.0074062230996787,0.0073139601154252,0.0074062230996787,first,1.0,0.0,0.1044256389141082,-0.9952763915061952,0.0,0.1044256389141082,1.0,0.1051185131072998,False,0.1046927794814109,0.0002684084174688,0.0006928741931915,0.0198601633310318,0.0002465603756718,0.0073139602318406,7.510721479775384e-05,136485,136486,48,16,0,False,False,0.0,0.0,1.7208456881689926e-15,0.0915591795300463,1.887379141862766e-15,1.887379141862766e-15,0.0,0.0,0.0,0.0,0.0,0.0,0.0,0.3859994731985374,0.6314904735385444,0.0777777777777777,0.0845697239696546,0.0838911108684557,0.1057121549620683,0.2475542180440264,1.7352784507000707,3.1730700828647915,116.73272463547906,555.6890258789062,10.95768928527832,20.682485407377328,0.845451051684382,167.50161743164062,6.009061336517334,25.890613558338828,0.9410531790517378,0.1431457549333572,0.0255657751113176,0.1036239862442016,0.006069847382605,0.0133883878588676,0.1044256389141082,0.1044256389141082,5.8440066635835196e-18,4.118887155569257e-17,10.0,,,,,,True,235,15,success,130,True,False,False,-1,,"porcelain_mug_1,white_yellow_mug_1",True,130,False,-1,False,0.0,1.0,115,72,0.1011222360381078,1.500632134291834,0.403982490853126,2.4828733942904444,17184645.336784426,0.8955743610858917,0.0,7.670297848270228e-19,0.0,4.118887155569257e-17,0.0,6.979984190522335e-18,0.0,5.6955912860857896e-18,0.0,3.808589818707483e-18,98.0,False,False
libero_10,4,11,1,5,134485,0,134485,3,48,put the white mug on the left plate and put the yellow and white mug on the right plate,-1,-1,none,-1,-1,-1,-1,4.0,0.01012191362679,0.8156998157501221,0.0140289962291717,0.0043283780105412,0.0011558082187548,0.054400835186243,0.0738128647208213,0.1145090982317924,0.0002139303396688,0.0005737245082855,0.0032645158935338,0.0124781550839543,0.572610080242157,1.785357117652893,16.85786247253418,1.5269030332565308,6.015604496002197,62.08260726928711,0.0144909434020519,0.0152501016855239,0.8566126227378845,0.0072655994445085,0.0159691590815782,0.0260508358478546,0.0057209907099604,0.0100525123998522,0.0195128712803125,0.0079179825261235,0.0086931595578789,0.0184297959785908,0.0397176556289196,0.0204458548687398,0.0206605065613985,0.0076151175890117,0.0076692849397659,0.0081525859422981,0.0082886395975947,0.0073416339000687,0.0074148154817521,0.0073416339000687,0.0074148154817521,first,1.0,0.0,0.1148418486118316,1.5554146766662598,0.0,0.1148418486118316,0.0,0.1148418486118316,True,0.1145090982317924,0.0002139303396688,0.0005737245082855,0.0204458553344011,0.0002105199819197,0.0073416335508227,4.960460137226619e-05,137485,137485,64,16,0,False,False,0.0,0.0,0.0019341561056006,0.0890972747301991,1.887379141862766e-15,1.887379141862766e-15,0.0,0.0,0.0,0.0,7.0,4.0,7.0,0.0969161553033191,0.1471306583271665,0.0777777777777777,0.01617861500815,0.0107965126097079,0.0202232687601875,0.1203428013498719,1.2952516908338985,3.2067737520173165,1956.145241247037,600.84521484375,11.471081733703612,20.343177540850533,0.8325827428521687,248.20046997070312,6.67975378036499,24.18277761362372,0.9108324414197598,0.0360762514173984,0.0081049343571066,0.0289665460586547,0.0112518249079585,0.0078510399907827,0.1148418486118316,0.1148418486118316,0.0091903069331341,0.0880989721284496,10.0,,,,,,True,235,15,success,130,True,False,False,-1,,"porcelain_mug_1,white_yellow_mug_1",True,130,False,-1,False,0.0,1.0,115,72,0.1011222360381078,1.500632134291834,0.403982490853126,2.4828733942904444,17184645.336784426,0.8851581513881683,0.0038040972028921,0.0880989721284496,0.0,2.3530171453713872e-17,0.0,7.483824595019624e-18,0.0,4.960356731424516e-18,0.0,2.2659429978491078e-18,82.0,False,False
libero_10,4,11,1,5,134485,0,134485,4,64,put the white mug on the left plate and put the yellow and white mug on the right plate,-1,-1,none,-1,-1,-1,-1,4.0,0.0047063371166586,0.0239784643054008,0.0248970370739698,0.0098805399611592,0.0008569451165385,0.0007318987045437,0.0303614977747201,0.1447944045066833,0.0001530662848381,0.0003643035888671,0.0007848282111808,0.0021844580769538,1.297041654586792,4.918078899383545,77.8411865234375,1.3726588487625122,3.2015621662139893,54.34611129760742,0.0087554808706045,0.0217937249690294,0.0335797704756259,0.005563058424741,0.0098326662555336,0.0187064986675977,0.0056638098321855,0.0100579438731074,0.0184095539152622,0.007785796187818,0.007858813740313,0.0103005284909158,0.0106323109939694,0.0211314908228814,0.0219419728964567,0.0074097029864788,0.007557401433587,0.007809073315002,0.0080713927745819,0.0073219602927565,0.0074186585843563,0.0073219602927565,0.0074186585843563,first,1.0,0.0,0.1446181535720825,-1.15146803855896,0.0,0.1446181535720825,2.0,0.1449824571609497,False,0.1447944045066833,0.0001530662848381,0.0003643035888671,0.0211314912885427,0.0007477937615476,0.0073219602927565,7.07032231730409e-05,138485,138487,80,16,0,False,False,0.0,0.0,0.0974508643441084,0.0887823840455202,1.887379141862766e-15,1.887379141862766e-15,0.0,0.0,0.0,0.0,128.0,8.0,128.0,0.7291061125204388,0.9641259634125376,0.0777777777777777,0.1300451438339531,0.1244385011289346,0.1625564297924414,0.5103769821279864,2.719933985670611,4.496176425611522,124.03904358621766,536.7657470703125,11.197444915771484,20.832955666968832,0.8442804829412107,369.4846801757813,8.41028881072998,22.45483924775908,0.8886543613706278,0.0101466607302427,0.0022845428902655,0.0089578628540039,0.0036041105631738,0.0023623048327863,0.1446181535720825,0.1446181535720825,0.0163689036886347,0.1234370390564093,10.0,,,,,,True,235,15,success,130,True,False,False,-1,,"porcelain_mug_1,white_yellow_mug_1",True,130,False,-1,False,0.0,1.0,115,72,0.1011222360381078,1.500632134291834,0.403982490853126,2.4828733942904444,17184645.336784426,0.8553818464279175,0.1234370390564093,0.0402519978299384,0.0,2.5010596756193396e-17,0.0,2.581194143033829e-17,0.0,2.914665004601014e-18,0.0,2.4310614396629437e-18,66.0,False,False
libero_10,4,11,1,5,134485,0,134485,5,80,put the white mug on the left plate and put the yellow and white mug on the right plate,-1,-1,none,-1,-1,-1,-1,4.0,0.0011367599945515,0.0041417437605559,0.0050442568026483,0.0021021773573011,0.0003109898243565,0.0007178185041993,0.0062564015388488,0.167515218257904,0.0002322255750186,0.0006330013275146,0.0006191873690113,0.0010792465182021,0.4151808619499206,1.1180340051651,9.443913459777832,0.485573947429657,1.1180340051651,16.19220542907715,0.005733863916248,0.0103009017184376,0.0185980666428804,0.0055537428706884,0.0098827481269836,0.0182695426046848,0.0056291874498128,0.0100416848435997,0.0174070131033658,0.0075030052103102,0.0076313493773341,0.0093378573656082,0.0094542503356933,0.0205082395114004,0.0210392419248819,0.007426026975736,0.0074721383862197,0.0076563491020351,0.0077558676712214,0.0072706473292782,0.007458827458322,0.0072706473292782,0.007458827458322,first,1.0,0.0,0.1677703857421875,1.098791480064392,0.0,0.1677703857421875,0.0,0.1677703857421875,True,0.167515218257904,0.0002322255750186,0.0006330013275146,0.0205082409083843,0.0004398727614898,0.0072706476785242,0.0001163976849056,139485,139485,96,16,0,False,False,0.0,0.0,0.1011222360381078,0.0892015775687095,1.887379141862766e-15,1.887379141862766e-15,0.0,0.0,0.0,0.0,128.0,8.0,128.0,0.5664265192828657,0.7802116833981423,0.1910112359550561,0.1214215071438123,0.1045960729759117,0.1517768839297654,0.3623953840026366,2.511723729881726,5.113491417395554,126.40230387405492,676.37451171875,12.289501190185549,19.828931274485125,0.8075264239780059,318.3373413085937,7.329274177551269,23.10192776054356,0.8921634987712397,0.0208825729787349,0.0049563907086849,0.0164244174957275,0.0086141088977456,0.0184779614210128,0.1677703857421875,0.1677703857421875,0.0112045342787411,0.1038975113971592,10.0,,,,,,True,235,15,success,130,True,False,False,-1,,"porcelain_mug_1,white_yellow_mug_1",True,130,False,-1,False,0.0,1.0,115,72,0.1011222360381078,1.500632134291834,0.403982490853126,2.4828733942904444,17184645.336784426,0.8322296142578125,0.1038975113971592,0.0081478313902523,0.0,4.031417820508385e-17,0.0,5.477266209532165e-18,0.0,1.1985516098891624e-17,0.0,1.994165014844628e-18,50.0,False,False
libero_10,4,11,1,5,134485,0,134485,6,96,put the white mug on the left plate and put the yellow and white mug on the right plate,-1,-1,none,-1,-1,-1,-1,4.0,0.0013263478176668,0.0057877828367054,0.0057219117879867,0.0024768274743109,0.0003828338813036,0.0007054507732391,0.0074686780571937,0.1964921802282333,0.0002530436904635,0.0006853640079498,0.0003801996645051,0.0005693495622836,0.3959359228610992,1.1180340051651,9.861541748046877,0.4778165817260742,1.2247449159622192,12.70826530456543,0.0057523730210959,0.0103025585412979,0.0185728017240762,0.0053885555826127,0.0095419054850935,0.0194974616169929,0.005573762115091,0.0100264372304081,0.0162538364529609,0.0074191414751112,0.0075298929587006,0.009244464803487,0.0094223357737064,0.0193113181740045,0.0199791267514228,0.0072547086747363,0.007283391430974,0.0075109079480171,0.0076694437302649,0.0072183122392743,0.0073507968336343,0.0072183122392743,0.0073507968336343,first,1.0,0.0,0.1969054639339447,1.63325035572052,0.0,0.1969054639339447,0.0,0.1969054639339447,True,0.1964921802282333,0.0002530436904635,0.0006853640079498,0.0193113181740045,0.000387861568015,0.007218312472105,9.337679512100294e-05,140485,140485,112,16,0,False,False,0.0,0.0,0.0598285800095663,0.089172174760219,1.887379141862766e-15,1.887379141862766e-15,0.0,0.0,0.0,0.0,128.0,8.0,128.0,0.2811618380533085,0.4426339665094838,0.1555555555555555,0.0596833984243564,0.0590212372292479,0.0746042480304455,0.1215646476011806,1.4561714596096875,2.610810768803606,165.98020594140746,594.9701538085938,11.38705062866211,20.385851806206094,0.825894498774979,394.4295959472656,7.983272075653076,22.171108661749347,0.876437889936188,0.0295917242765426,0.0078856563195586,0.019424021244049,0.0047677382826805,0.0232675001025199,0.1969054639339447,0.1969054639339447,0.0076313695024806,0.0574697127126777,10.0,,,,,,True,235,15,success,130,True,False,False,-1,,"porcelain_mug_1,white_yellow_mug_1",True,130,False,-1,False,0.0,1.0,115,72,0.1011222360381078,1.500632134291834,0.403982490853126,2.4828733942904444,17184645.336784426,0.8030945360660553,0.0574697127126777,0.0188439823121286,0.0,1.2652908343830198e-17,0.0,3.847788517966934e-18,0.0,1.095188042782983e-17,0.0,4.536021945070011e-18,34.0,False,False
libero_10,4,11,1,5,134485,0,134485,7,112,put the white mug on the left plate and put the yellow and white mug on the right plate,-1,-1,none,-1,-1,-1,-1,4.0,0.0143178272992372,0.9941065907478333,0.0309030506759881,0.011163386516273,0.0007515192846767,0.0644800886511802,0.1151910722255706,0.2319002151489257,0.0002996686671394,0.0008317232131958,0.0023769580293446,0.0052412934601306,1.5094691514968872,6.679825782775879,90.6487045288086,2.5059750080108643,10.78192901611328,73.69192504882812,0.0182006079703569,0.0271121524274349,1.0128952264785769,0.0060432241298258,0.0107648037374019,0.0192325692623853,0.0054704630747437,0.0097928885370492,0.0165753010660409,0.0077474996214732,0.0079184118658304,0.0136814005672931,0.0193175077438354,0.0213203206658363,0.0223828461021184,0.0074266791343688,0.0074417134746909,0.0077551474096253,0.0078836819157004,0.0070471841609105,0.0070981821045279,0.0070471841609105,0.0070981821045279,first,1.0,0.0,0.2315403819084167,-1.2007702589035034,0.0,0.2315403819084167,3.0,0.2323721051216125,False,0.2319002151489257,0.0002996686671394,0.0008317232131958,0.0213203206658363,0.0006365292356349,0.0070471847429871,4.391371476231143e-05,141485,141488,128,16,0,False,False,0.5,0.5,0.012748357218239,0.0887642796450134,2.403182429398624e-06,1.887379141862766e-15,0.0,0.0,0.0,0.0,16.0,8.0,16.0,0.2605968580003112,0.5669828412943634,0.2,0.0498052268268907,0.0376417576476984,0.0622565335336134,0.266874053631831,2.161678855971116,5.163187448534191,587.6530517270468,664.53515625,12.068711280822754,19.90562399273881,0.7976399057673742,416.2100524902344,8.503534317016602,21.937677955922155,0.8565127680800729,0.0080261984840035,0.0023007728159427,0.0051651298999786,0.0053342278115451,0.0050922497175633,0.2315403819084167,0.2315403819084167,0.0065020522566812,0.0585748716761701,10.0,,,,,,True,235,15,success,130,True,False,False,-1,,"porcelain_mug_1,white_yellow_mug_1",True,130,False,-1,False,0.0,1.0,115,72,0.1011222360381078,1.500632134291834,0.403982490853126,2.4828733942904444,17184645.336784426,0.7684596180915833,0.0064441416153689,0.0585748716761701,0.0,3.9370931233694465e-17,0.0,2.124171360744332e-17,1.987246045859289e-07,1.3105506686582054e-06,0.0,2.961174039135869e-18,18.0,False,False
libero_10,4,11,1,5,134485,0,134485,8,128,put the white mug on the left plate and put the yellow and white mug on the right plate,-1,-1,none,-1,-1,-1,-1,4.0,0.0014378160703927,0.00845009367913,0.0095673250034451,0.0025463940110057,0.0005392012535594,0.0008079273393377,0.0078290225937962,0.284648984670639,0.0002493955544196,0.00063356757164,0.000449191982625,0.0008205663762055,0.4669728279113769,1.4790199995040894,14.5150785446167,0.7300271987915039,1.5811388492584229,39.27467346191406,0.0058890655636787,0.0105311814695596,0.0173118114471435,0.0055424408055841,0.0098782097920775,0.0173767581582069,0.005463880021125,0.0096563743427395,0.0172587241977453,0.0074075948214158,0.0074609029106795,0.0089652130845934,0.0090981470420956,0.0194759801961481,0.0197427552193403,0.0073231606511399,0.0073546268977224,0.0075563517166301,0.0075774784199893,0.0069873597240075,0.0070953052490949,0.0069873597240075,0.0070953052490949,first,1.0,0.0,0.2844354510307312,-0.8562046885490417,0.0,0.2844354510307312,2.0,0.2850690186023712,False,0.284648984670639,0.0002493955544196,0.00063356757164,0.019475981593132,0.0002779615169856,0.0069873598404228,6.674038741039112e-05,142485,142487,144,16,0,False,False,0.5,0.0,0.0084193887914771,0.137057154861151,1.9872463883520653e-07,1.887379141862766e-15,1.0,0.0,0.0,0.0,0.0,0.0,0.0,0.6027490420551618,0.6887456231474808,0.0111111111111111,0.1243546610251573,0.1180183312472832,0.1554433262814466,0.2223933342677879,0.8256541595201815,1.842156032220987,13.374557201340595,499.8218994140625,10.631085395812988,21.14265080293313,0.8521284254626719,384.91693115234375,7.894484519958496,22.277133462547067,0.7487192800882223,0.0112765235826373,0.003150564385578,0.0063460264354944,0.0062147923745214,0.0093117356300354,0.2844354510307312,0.2844354510307312,2.0564028401897857e-07,1.919957323845234e-06,10.0,,,,,,True,235,15,success,130,True,False,False,-1,,"porcelain_mug_1,white_yellow_mug_1",True,130,False,-1,False,0.0,1.0,115,72,0.1011222360381078,1.500632134291834,0.403982490853126,2.4828733942904444,17184645.336784426,0.7155645489692688,1.364358078997894e-07,1.919957323845234e-06,0.0,2.5067184346143454e-17,0.0,1.0305826008078861e-17,8.378133083797099e-14,9.624624488850268e-12,0.0,3.570250543494696e-18,2.0,False,False
libero_10,4,11,1,5,134485,0,134485,9,144,put the white mug on the left plate and put the yellow and white mug on the right plate,-1,-1,none,-1,-1,-1,-1,4.0,0.0006700066151097,0.0028507011011242,0.0042930445633828,0.0009805775480344,0.0003637514018919,0.0006570597179234,0.0033175228163599,0.3206948339939117,0.0002514534862712,0.0006593167781829,0.000366780324839,0.0006415192619897,0.3699671626091003,1.1180340051651,8.276473045349121,0.4251856505870819,0.829156219959259,11.076438903808594,0.0056202434934675,0.0099941259250044,0.0215504895895719,0.0054341224022209,0.0095662800595164,0.0172708258032798,0.0053612114861607,0.0095566594973206,0.0186312291771173,0.0073184560751542,0.0074688331224024,0.0091673848219215,0.0095267985016107,0.0195498946122825,0.0202181115746498,0.0071523196529597,0.0072140716947615,0.0074661077233031,0.0077063161879777,0.0068535825703293,0.0069716437719762,0.0068535825703293,0.0069716437719762,first,1.0,0.0,0.32074636220932,0.2049214541912078,0.0,0.32074636220932,2.0,0.3209342658519745,False,0.3206948339939117,0.0002514534862712,0.0006593167781829,0.0195498950779438,0.000617362675257,0.0068535828031599,0.0001027429316309,143485,143487,160,16,0,False,False,0.5,0.0,0.0084193776354487,0.2119452987216304,1.9872467257981817e-07,1.887379141862766e-15,1.0,0.0,0.0,0.0,0.0,0.0,0.0,0.7696151546001383,0.8363975141488107,0.2159090909090909,0.1597772904844006,0.1597118682753373,0.1997216131055008,0.065287543956218,0.6651069812937295,2.3676791940379345,6.852426341357703,462.6505737304688,9.204818725585938,21.478272557978613,0.8555414245929102,603.6975708007812,8.66505241394043,20.322609325545045,0.5799586422972186,0.0215519983321428,0.0044359457679092,0.0190787762403488,0.009088416583836,0.0195273216813802,0.32074636220932,0.32074636220932,2.0628294275168197e-07,1.926526324236252e-06,10.0,,,,,,True,235,15,success,130,True,False,False,-1,,"porcelain_mug_1,white_yellow_mug_1",True,130,False,-1,False,0.0,1.0,115,72,0.1011222360381078,1.500632134291834,0.403982490853126,2.4828733942904444,17184645.336784426,0.6792536377906799,1.36292758558168e-07,1.926526324236252e-06,0.0,1.7480051870785756e-17,0.0,9.11641816730375e-18,8.559880831202923e-14,1.025909194847819e-11,0.0,5.045831520871717e-18,-14.0,False,False
libero_10,4,11,1,5,134485,0,134485,10,160,put the white mug on the left plate and put the yellow and white mug on the right plate,-1,-1,none,-1,-1,-1,-1,4.0,0.0013616008218377,0.0066106007434427,0.004408020991832,0.0023715493734925,0.000613119569607,0.0005771996220573,0.0073540569283068,0.3896903395652771,0.0014837427297607,0.003728449344635,0.0005575838149525,0.0011588431661948,0.4530025124549866,1.299038052558899,12.389512062072754,0.8399617075920105,2.061552762985229,36.485443115234375,0.0059307678602635,0.0105379279702901,0.0213197991251945,0.005538260564208,0.0098328292369842,0.0167423710227012,0.0060901190154254,0.01074237562716,0.0200020112097263,0.0074444048805162,0.0075284787453711,0.0092602865770459,0.0095889633521437,0.0195611449889838,0.0202344805002212,0.0073042993899434,0.0073333200998604,0.0076114546973258,0.007854233495891,0.007054986199364,0.0073103047907352,0.007054986199364,0.0073103047907352,first,1.0,0.0,0.3916224241256714,1.3021695613861084,0.0,0.3916224241256714,0.0,0.3916224241256714,True,0.3896903395652771,0.0014837427297607,0.003728449344635,0.0195611454546451,0.0003905399353243,0.0070549859665334,0.0002147963532479,144485,144485,176,16,0,False,False,0.5,0.0,0.0084193663651214,0.1615429742221304,1.987247063648729e-07,1.887379141862766e-15,1.0,0.0,0.0,0.0,0.0,0.0,0.0,0.7332742925622954,0.8028955464177857,0.0555555555555555,0.1539394407225427,0.1494854022910303,0.1924243009031783,0.238636567363851,1.580806959542855,3.218559644070065,32.12227618989376,633.33642578125,11.503467559814451,20.11445894061396,0.8165479784756317,506.5519104003906,8.554242134094238,21.08456403283651,0.8320834224147436,0.0157295204699039,0.0039973151870071,0.0098242759704589,0.0061467792838811,0.0143166566267609,0.3916224241256714,0.3916224241256714,2.062850548897159e-07,1.926546945812134e-06,10.0,,,,,,True,235,15,success,130,True,False,False,-1,,"porcelain_mug_1,white_yellow_mug_1",True,130,False,-1,False,0.0,1.0,115,72,0.1011222360381078,1.500632134291834,0.403982490853126,2.4828733942904444,17184645.336784426,0.6083775758743286,1.362932582704923e-07,1.926546945812134e-06,0.0,5.790438665380037e-17,0.0,5.54520434574747e-18,8.559880831202923e-14,1.0259144914793108e-11,0.0,7.360360779493636e-18,-30.0,False,False
libero_10,4,11,1,5,134485,0,134485,11,176,put the white mug on the left plate and put the yellow and white mug on the right plate,-1,-1,none,-1,-1,-1,-1,4.0,0.0012725248234346,0.0076083140447735,0.0070153269916772,0.0021527805365622,0.0004987980355508,0.0009529382805339,0.0070128194056451,0.5460566282272339,0.000398554635467,0.0010382533073425,0.0009204129455611,0.0031221332028508,0.4149241149425506,1.2247449159622192,7.905694007873535,0.4791625142097473,1.2247449159622192,14.497844696044922,0.0057594832032918,0.0102334888651967,0.0185472108423709,0.0056412718258798,0.0100748557597398,0.0189093556255102,0.0054816487245261,0.0097762169316411,0.0183723270893096,0.007546970504336,0.0075948969461023,0.0099256890825927,0.0103235058486461,0.0205360506661236,0.0209382642060518,0.0072976278606802,0.0075206318870186,0.007537108962424,0.0077416505664587,0.00697590818163,0.0073141874745488,0.00697590818163,0.0073141874745488,first,1.0,0.0,0.5465512275695801,1.2409825325012207,0.0,0.5465512275695801,0.0,0.5465512275695801,True,0.5460566282272339,0.000398554635467,0.0010382533073425,0.0205360502004623,0.0004308668721932,0.0069759082980453,0.0002067675814032,145485,145485,192,16,0,False,False,0.5,0.0,0.008419355094688,0.0966546009456049,1.9872474006913481e-07,1.887379141862766e-15,1.0,0.0,0.0,0.0,25.0,6.0,25.0,0.5128579662077963,0.7147937383948472,0.1,0.1032545073156028,0.0913611601384572,0.1290681341445035,0.487609792758306,7.372115828070794,30.93135507921965,3008.073320161698,577.0736083984375,10.87683391571045,20.518491479160588,0.8306882409149328,1773.9920654296875,16.88608169555664,15.641286878456016,0.537052680884826,0.0306699201464653,0.0082866847515106,0.018531709909439,0.0269850585609674,0.0106247933581471,0.5465512275695801,0.5465512275695801,0.0035217610590987,0.032281917754141,10.0,,,,,,True,235,15,success,130,True,False,False,-1,,"porcelain_mug_1,white_yellow_mug_1",True,130,False,-1,False,0.0,1.0,115,72,0.1011222360381078,1.500632134291834,0.403982490853126,2.4828733942904444,17184645.336784426,0.4534487724304199,1.362937579228001e-07,1.9265675556603584e-06,0.0,3.4353823694317306e-17,0.0029336299651875,0.032281917754141,8.559880831202923e-14,1.0259251533251059e-11,0.0,9.198687380510425e-19,-46.0,False,False
libero_10,4,11,1,5,134485,0,134485,12,192,put the white mug on the left plate and put the yellow and white mug on the right plate,-1,-1,none,-1,-1,-1,-1,4.0,0.0013795888517051,0.0058028283528983,0.0029998673126101,0.002233920386061,0.0007583562401123,0.000680292607285,0.0071663078851997,0.6532363891601562,0.0003703305847011,0.0009266138076782,0.0007367768557742,0.0013534468598663,0.4232391715049743,1.2247449159622192,11.321991920471191,0.5590012669563293,1.5,15.435349464416504,0.0059250397607684,0.0105289854109287,0.0215769577771425,0.0056640924885869,0.0101045910269021,0.0213202349841594,0.0055431169457733,0.0098956879228353,0.0188981872051954,0.0074684892315417,0.0075548216700553,0.0090078099165111,0.0091797308996319,0.0198632776737213,0.0202150605618953,0.007470425684005,0.0075789624825119,0.0077379907015711,0.0079437587410211,0.0070848322939127,0.0072695268318057,0.0070848322939127,0.0072695268318057,first,1.0,0.0,0.6529447436332703,-0.7875275015830994,0.0,0.6529447436332703,1.0,0.6538282036781311,False,0.6532363891601562,0.0003703305847011,0.0009266138076782,0.0198632776737213,0.0002913181378971,0.0070848320610821,0.000133092093165,146485,146486,208,16,0,False,False,0.5,0.0,0.0757767672622827,0.0952157385895818,1.987247738542518e-07,1.887379141862766e-15,1.0,0.0,0.0,0.0,70.0,7.0,70.0,0.5049407046215041,0.8942187957839565,0.0888888888888888,0.0927335444375499,0.0893707504844697,0.1159169305469374,0.4223134974672366,3.1567325493820606,4.658675749040735,289.1299247220966,502.2939453125,10.204520225524902,21.12122417693866,0.8551638567533911,478.3246765136719,8.836024284362793,21.333575743984618,0.905539573092246,0.0241017192602157,0.0049417465925216,0.020754337310791,0.011112717911601,0.0020530866459012,0.6529447436332703,0.6529447436332703,0.0288889704697123,0.2016548166293955,10.0,,,,,,True,235,15,success,130,True,False,False,-1,,"porcelain_mug_1,white_yellow_mug_1",True,130,False,-1,False,0.0,1.0,115,72,0.1011222360381078,1.500632134291834,0.403982490853126,2.4828733942904444,17184645.336784426,0.3470552563667297,1.3629425758015144e-07,1.926588174767598e-06,0.0,2.064524802603807e-17,0.0872328251749507,0.2016548166293955,8.559880831202923e-14,1.0259448949812796e-11,0.0,6.263171903420563e-18,-62.0,False,False
libero_10,4,11,1,5,134485,0,134485,13,208,put the white mug on the left plate and put the yellow and white mug on the right plate,-1,-1,none,-1,-1,-1,-1,4.0,0.0012818811228498,0.0052648223936557,0.0072900732047855,0.0021980230230838,0.0004794296401087,0.0009408094338141,0.0068647935986518,0.7136897444725037,0.0018409793265163,0.0044771432876586,0.0006283758557401,0.0010967926355078,0.342007428407669,0.829156219959259,8.573214530944824,0.5051780343055725,1.2247449159622192,10.885770797729492,0.0059141041710972,0.0105582308024168,0.0185799412429332,0.0055879256688058,0.0099532883614301,0.0165623165667057,0.0065493430010974,0.011470659635961,0.0199105534702539,0.0075455692131072,0.007641171105206,0.0092764601577073,0.0093707684427499,0.0195343950763344,0.020472664386034,0.0073396934894844,0.0074351131916046,0.0077225791756063,0.0078106210567057,0.0072804202791303,0.0073852897621691,0.0072804202791303,0.0073852897621691,first,1.0,0.0,0.7168636322021484,1.7240214347839355,0.0,0.7168636322021484,0.0,0.7168636322021484,True,0.7136897444725037,0.0018409793265163,0.0044771432876586,0.0195343941450119,0.0005430980236269,0.0072804200462996,8.62767847138457e-05,147485,147485,224,16,0,False,False,0.5,0.0,0.0898063053465144,0.0953181304982689,1.9872480759898802e-07,1.887379141862766e-15,1.0,0.0,0.0,0.0,100.0,7.0,100.0,0.7743815374310616,0.8587535041827083,0.1666666666666666,0.1547569905636367,0.1480536026322157,0.1934462382045459,0.3299690808301669,2.414135494995598,4.714204074390791,64.10008084350108,406.8784790039063,8.899792671203613,22.036156415160377,0.8443859512204808,446.8902587890625,8.74478530883789,21.628794727554705,0.8718811567123654,0.012267961166799,0.0029603063594549,0.009284496307373,0.0097997216507792,0.0070707839913666,0.7168636322021484,0.7168636322021484,0.0181942689714678,0.1527060592457075,10.0,,,,,,True,235,15,success,130,True,False,False,-1,,"porcelain_mug_1,white_yellow_mug_1",True,130,False,-1,False,0.0,1.0,115,72,0.1011222360381078,1.500632134291834,0.403982490853126,2.4828733942904444,17184645.336784426,0.2831363677978515,1.3629475714886017e-07,1.926608787569538e-06,0.0,1.4854580964854573e-17,0.1527060592457075,0.0292345675550807,8.559880831202923e-14,1.025941461877372e-11,0.0,3.567293141162829e-19,-78.0,False,False
libero_10,4,11,1,5,134485,0,134485,14,224,put the white mug on the left plate and put the yellow and white mug on the right plate,-1,-1,none,-1,-1,-1,-1,4.0,0.0095639275386929,0.8677763938903809,0.0052462578751146,0.0026684673503041,0.0008102768915705,0.0565112605690956,0.0737246721982956,0.9412729144096376,0.0023201855365186,0.0060242414474487,0.0009409139747731,0.0028804598841816,0.3380792737007141,0.829156219959259,13.626720428466797,0.7167088389396667,2.586019992828369,22.038318634033203,0.0140600195154547,0.0117789329960942,0.8896521329879761,0.0056335404515266,0.0100651364773511,0.0213436391204595,0.0072665009647607,0.0124309742823243,0.0226182397454977,0.0078576753148809,0.0087466482073068,0.0210627105552703,0.0489299073815345,0.0202821949496865,0.0210773963481187,0.0074255475774407,0.0076016210950911,0.0076840060064569,0.0079699866473674,0.0078573293285444,0.0080043235793709,0.0078573293285444,0.0080043235793709,first,1.0,0.0,0.9398605823516846,-0.6087151169776917,0.0,0.9398605823516846,2.0,0.94440758228302,False,0.9412729144096376,0.0023201855365186,0.0060242414474487,0.0202821940183639,0.000647060398478,0.0078573292121291,9.866982145467772e-05,148485,148487,235,11,0,False,True,1.0,0.5,0.0662029323162827,0.0949706442867434,0.0042537158952651,0.0042351086706904,1.0,0.0,0.0,0.0,73.0,7.0,73.0,0.5790999125903352,0.6910696546790287,0.0833333333333333,0.0809185779012003,0.0770941192054541,0.1471246870930916,0.4360303069139606,2.915928409219026,4.872161374843079,36.056730515046624,428.565673828125,9.05571746826172,21.81062977792601,0.816800799542027,1133.765869140625,13.968770027160645,17.585569820063974,0.7474658616554604,0.0490997917950153,0.0127208521589636,0.0349774956703186,0.0156043861061334,0.0197337437421083,0.0601394176483154,0.9398605823516846,0.0166820414669231,0.0752197667344456,10.0,,,,,,True,235,15,success,130,True,False,False,-1,,"porcelain_mug_1,white_yellow_mug_1",True,130,False,-1,False,0.0,1.0,115,72,0.1011222360381078,1.500632134291834,0.403982490853126,2.4828733942904444,17184645.336784426,0.0601394176483154,9.370293548361672e-08,1.3245555060243407e-06,0.0,3.041880000133324e-17,0.0752197667344456,0.0329889006307782,5.886937433049156e-14,7.053464297983574e-12,0.0043676567098349,0.0542426723286188,-94.0,False,False
libero_10,9,12,2,0,144000,0,144000,0,0,put the yellow and white mug in the microwave and close it,-1,-1,none,-1,-1,-1,-1,4.0,0.0041291704401373,0.0335841290652751,0.0226047690957784,0.0065346858464181,0.0028376774862408,0.0007871020352467,0.0251203402876853,0.0704741403460502,0.0006123702623881,0.0015712082386016,0.0014112754724919,0.0036975366529077,1.2222331762313845,3.5,91.31401824951172,2.878893613815308,15.532224655151367,85.26869201660156,0.0091680223122239,0.0220827721059322,0.0466850437223911,0.005808325484395,0.0102671133354306,0.018213003873825,0.0059728878550231,0.010498022660613,0.0186719987541437,0.0078198397532105,0.0079494146630167,0.0108538276981562,0.011057985946536,0.0219809687696397,0.0228625014424324,0.0074156442424282,0.0074768462218344,0.0076339065562933,0.0077315880917012,0.0077064944198355,0.0078322980552911,0.0077064944198355,0.0078322980552911,first,1.0,0.0,0.0706453621387481,0.2796050012111664,0.0,0.0706453621387481,2.0,0.0710083544254303,False,0.0704741403460502,0.0006123702623881,0.0015712082386016,0.0219809673726558,0.0006436475086957,0.0077064940705895,9.061534365173428e-05,144000,144002,16,16,0,False,False,0.0,0.0,3.223658211481961e-07,0.2725926970683183,3.272998887402317e-07,3.272998563286223e-07,0.0,0.0,0.0,0.0,0.0,0.0,0.0,0.4838309467760203,0.6034015311988904,0.0,0.0791946219356373,0.0786235087875503,0.0989932774195466,0.1910096668612731,1.6649176224236857,5.073539543659309,165.15944107066602,682.2203979492188,11.193220138549805,19.79155660477928,0.9304098292605514,1042.9334716796875,12.833612442016602,17.9482375503382,0.8706605008500528,0.0191557072103023,0.0051848543807864,0.011654682457447,0.0100234299898147,0.016210276633501,0.0706453621387481,0.0706453621387481,0.0410187768116903,0.2050931505558497,5.0,,,,,0.2050931505558497,True,268,17,success,-1,True,False,False,-1,,white_yellow_mug_1,False,-1,False,-1,False,0.0,1.0,150,112,0.0757118774448173,1.676915502075957,0.2128609395989584,3.2771774405114096,86938615.48566318,0.9293546378612518,3.447524065394838e-07,2.9453379877914343e-08,,,3.395531409381535e-07,1.9743674798269244e-08,,,,,,False,False
libero_10,9,12,2,0,144000,0,144000,1,16,put the yellow and white mug in the microwave and close it,-1,-1,none,-1,-1,-1,-1,4.0,0.0017178616253659,0.007549999281764,0.0086059086024761,0.0025828517973423,0.0011776644969359,0.0007434822618961,0.0088843377307057,0.1040701940655708,0.0002999357238877,0.0008293390274047,0.0005653211264871,0.0011165509931743,0.468622624874115,1.299038052558899,13.827056884765623,0.6456905603408813,1.8708287477493288,31.932546615600582,0.0063104010187089,0.0114491395652294,0.0219036750495433,0.0054535763338208,0.0097097689285874,0.0177089981734752,0.0058259172365069,0.0103198736906051,0.0181457102298736,0.007668214268051,0.0077438154257833,0.0097238137386739,0.0102643072605133,0.0207845983095467,0.0215235967189073,0.0072325901128351,0.007329573854804,0.0075640873983502,0.007660980336368,0.007507192203775,0.0076355119235813,0.007507192203775,0.0076355119235813,first,1.0,0.0,0.10413458943367,0.2146972268819809,0.0,0.10413458943367,1.0,0.1044217348098754,False,0.1040701940655708,0.0002999357238877,0.0008293390274047,0.0207845978438854,0.0006846949108876,0.0075071919709444,9.871473594103009e-05,145000,145001,32,16,0,False,False,0.0,0.0,3.223658211481961e-07,0.2233855967692273,3.272998887402317e-07,3.272998563286223e-07,0.0,0.0,0.0,0.0,0.0,0.0,0.0,0.4276766378696897,0.5043262227898109,0.0444444444444444,0.0626602128570181,0.0565532957711055,0.0783252660712726,0.1748110950025702,1.3392176204070412,2.683395256687372,129.35548122601853,752.8159790039062,12.210890769958496,19.36391532170849,0.9244672958563926,701.6849365234375,10.35902976989746,19.6693820748997,0.9190021563091384,0.0116108478978276,0.0026503077242523,0.0100376605987548,0.0044972286559641,0.0104078464210033,0.10413458943367,0.10413458943367,0.5608252773076041,2.8041263865380204,5.0,,,,,2.8041263865380204,True,268,17,success,-1,True,False,False,-1,,white_yellow_mug_1,False,-1,False,-1,False,0.0,1.0,150,112,0.0757118774448173,1.676915502075957,0.2128609395989584,3.2771774405114096,86938615.48566318,0.89586541056633,0.0,6.436117450330852e-17,,,0.0,4.446037130400174e-18,,,,,,False,False
libero_10,9,12,2,0,144000,0,144000,2,32,put the yellow and white mug in the microwave and close it,-1,-1,none,-1,-1,-1,-1,4.0,0.0013048986438661,0.006568647455424,0.0028163401875644,0.00194911158178,0.0008377793128602,0.0007736178813502,0.0067096650600433,0.1126023083925247,0.0002595130645204,0.0006453990936279,0.0007878761389292,0.0010575695196166,0.4867863953113556,1.4790199995040894,16.990806579589844,0.8140944242477417,2.692582368850708,31.522809982299805,0.0060119675472378,0.0106661422178149,0.0188412964344024,0.0054855663329362,0.0097701577469706,0.0191516205668449,0.0055987979285418,0.0098508140072226,0.018011201173067,0.0078963539563119,0.0079427510499954,0.0103159544523805,0.0104454793035984,0.0209036767482757,0.02103160507977,0.0074427855433896,0.0075326776131987,0.0080240602837875,0.0084037762135267,0.0072046204004436,0.007308283355087,0.0072046204004436,0.007308283355087,first,1.0,0.0,0.1128051578998565,0.7816542983055115,0.0,0.1128051578998565,3.0,0.112889677286148,False,0.1126023083925247,0.0002595130645204,0.0006453990936279,0.0209036767482757,0.0001053146261256,0.0072046206332743,6.00412386120297e-05,146000,146003,48,16,0,False,False,0.0,0.0,3.223658211481961e-07,0.1980955965958021,3.272998887402317e-07,3.272998563286223e-07,0.0,0.0,0.0,0.0,0.0,0.0,0.0,0.3899658252691038,0.427693344518837,0.0222222222222222,0.0326005315088717,0.0286818798528811,0.0407506643860897,0.1251642912299538,1.6222978242364048,9.489564992623936,1625.5512509460034,906.820068359375,12.65869426727295,18.555592381636544,0.9150268150889972,1052.3795166015625,12.62391757965088,17.909079744317108,0.8902623314539436,0.0117382584139704,0.0029177863616496,0.0093936324119567,0.0095735751092433,0.0050386758521199,0.1128051578998565,0.1128051578998565,0.0937733591249625,0.4688667956248129,5.0,,,,,0.4688667956248129,True,268,17,success,-1,True,False,False,-1,,white_yellow_mug_1,False,-1,False,-1,False,0.0,1.0,150,112,0.0757118774448173,1.676915502075957,0.2128609395989584,3.2771774405114096,86938615.48566318,0.8871948421001434,0.0,3.2472251712502807e-18,,,0.0,4.662896602797597e-18,,,,,,False,False
libero_10,9,12,2,0,144000,0,144000,3,48,put the yellow and white mug in the microwave and close it,-1,-1,none,-1,-1,-1,-1,4.0,0.0014572878135368,0.0079631051048636,0.0085319802165031,0.0022680135443806,0.0009182087960653,0.0006423476152122,0.007395174819976,0.1157314404845237,0.0003927391662728,0.0009705722332,0.0007380552124232,0.0016830019885674,0.5048608183860779,1.5,12.090802192687988,0.6108116507530212,1.2247449159622192,23.547822952270508,0.0060389502905309,0.0107542555779218,0.0188937298953533,0.0054590469226241,0.0096836751326918,0.0164666417986154,0.0056915436871349,0.0101068494841456,0.0184785928577184,0.0078898095525801,0.0079292329028248,0.0098987764213234,0.010076256468892,0.0216369447298347,0.0220367964357137,0.0073766924906522,0.007485348265618,0.0075815969612449,0.0077630090527236,0.0072876861086115,0.0074149603024125,0.0072876861086115,0.0074149603024125,first,1.0,0.0,0.1162280738353729,1.264537334442139,0.0,0.1162280738353729,0.0,0.1162280738353729,True,0.1157314404845237,0.0003927391662728,0.0009705722332,0.0216369461268186,0.0003536773147061,0.0072876862250268,9.59411627263762e-05,147000,147000,64,16,0,False,False,0.0,0.0,3.223658211481961e-07,0.1601571108498777,3.272998887402317e-07,3.272998563286223e-07,0.0,0.0,0.0,0.0,0.0,0.0,0.0,0.4470579160865116,0.5449394335794697,0.0,0.0743136461468718,0.0720333277655818,0.0928920576835898,0.170516870168839,1.839250642278039,4.460435679890175,169.9261845740125,1165.7701416015625,14.934749603271484,17.464674331506895,0.894418397606534,794.5095825195312,9.594108581542969,19.12981221300272,0.9092083646213418,0.0159086100757122,0.0042897872626781,0.0088651478290557,0.0114474426954984,0.0107941972091794,0.1162280738353729,0.1162280738353729,0.0451715040135131,0.2258575200675656,5.0,,,,,0.2258575200675656,True,268,17,success,-1,True,False,False,-1,,white_yellow_mug_1,False,-1,False,-1,False,0.0,1.0,150,112,0.0757118774448173,1.676915502075957,0.2128609395989584,3.2771774405114096,86938615.48566318,0.8837719261646271,0.0,8.0589946331801e-18,,,0.0,3.853236946350576e-18,,,,,,False,False
libero_10,9,12,2,0,144000,0,144000,4,64,put the yellow and white mug in the microwave and close it,-1,-1,none,-1,-1,-1,-1,4.0,0.0017122945282608,0.0079331034794449,0.0061663566157221,0.0032961536198854,0.0004815866996068,0.0006528422236442,0.0098145091906189,0.1393606066703796,0.000269853422651,0.000755101442337,0.0003883901808876,0.0008572727092541,0.4937762320041656,1.4790199995040894,21.412612915039062,0.4146877527236938,0.829156219959259,15.033296585083008,0.0061132670380175,0.0110502708703279,0.0197211485356092,0.0054118884727358,0.0096618290990591,0.0161529947072267,0.0056128497235476,0.01001628767699,0.0181839931756258,0.0077267391607165,0.0078251892700791,0.0099292201921343,0.0104173747822642,0.0210365103557705,0.0225256532430648,0.0072823949158191,0.0073978560976684,0.0075777871534228,0.0078474385663867,0.0072442945092916,0.0074687818996608,0.0072442945092916,0.0074687818996608,first,1.0,0.0,0.1397401392459869,1.4064397811889648,0.0,0.1397401392459869,0.0,0.1397401392459869,True,0.1393606066703796,0.000269853422651,0.000755101442337,0.0210365112870931,0.0011573946103453,0.0072442945092916,0.0001329216029262,148000,148000,80,16,0,False,False,0.0,0.0,3.223658211481961e-07,0.1117781367260291,3.272998887402317e-07,3.272998563286223e-07,0.0,0.0,0.0,0.0,0.0,0.0,0.0,0.312761544201221,0.397960103083866,0.0888888888888888,0.0616398490801244,0.0563856234495361,0.0770498113501555,0.2012341369307758,1.7248468186509265,2.7753420818480508,210.7852815310341,963.5040283203124,13.299034118652344,18.292268261279943,0.9141110646880962,601.1009521484375,7.858172416687012,20.34132944973017,0.927504274573098,0.0136240925639867,0.0036873423960059,0.0069611072540283,0.0079374350607395,0.0108910696581006,0.1397401392459869,0.1397401392459869,0.5658628606613407,2.8293143033067034,5.0,,,,,2.8293143033067034,True,268,17,success,-1,True,False,False,-1,,white_yellow_mug_1,False,-1,False,-1,False,0.0,1.0,150,112,0.0757118774448173,1.676915502075957,0.2128609395989584,3.2771774405114096,86938615.48566318,0.8602598607540131,0.0,2.5022402711985122e-18,,,0.0,1.2408382208305085e-18,,,,,,False,False
libero_10,9,12,2,0,144000,0,144000,5,80,put the yellow and white mug in the microwave and close it,-1,-1,none,-1,-1,-1,-1,4.0,0.001170772826299,0.0047575901262462,0.0051460932008922,0.0016976598417386,0.0005852587637491,0.0013466541422531,0.0059256427921354,0.1600081622600555,0.0003100791363976,0.00081667304039,0.0011305925436317,0.00336758303456,0.5167680382728577,1.6393595933914185,15.270478248596191,0.4212769865989685,0.829156219959259,13.367403984069824,0.0057869567535817,0.0104439733549952,0.022006319835782,0.0055871619842946,0.0099677126854658,0.0186513774096965,0.0056344075128436,0.0100370682775974,0.0195850580930709,0.0077517044264823,0.0077967238612473,0.0135904352646321,0.0140964621677994,0.0198750500567257,0.0201957821846008,0.0077739146072417,0.0080035412684082,0.0089217305649071,0.0091202883049845,0.0072644454194232,0.0074034314602613,0.0072644454194232,0.0074034314602613,first,1.0,0.0,0.1595202088356018,-1.5736415386199951,0.0,0.1595202088356018,2.0,0.1603368818759918,False,0.1600081622600555,0.0003100791363976,0.00081667304039,0.0198750495910644,0.0002046414738288,0.0072644455358386,0.0001170116156572,149000,149002,96,16,0,False,False,0.0,0.0,0.0002892084018709,0.0791773094749723,3.272998887402317e-07,3.272998563286223e-07,0.0,0.0,0.0,0.0,17.0,7.0,17.0,0.3140397249401446,0.4247539757509508,0.0888888888888888,0.051728524045211,0.0417062105040166,0.0646606550565138,0.2334698036919289,4.548002034963079,18.36600316484781,4535.398095801058,1229.44091796875,15.114981651306152,17.23372697753871,0.8897322125476578,472.1229248046875,7.416387557983398,21.390252719502083,0.9399686654184508,0.1057065725326538,0.0190700963139534,0.1019226908683776,0.0214996207505464,0.0161948855966329,0.1595202088356018,0.1595202088356018,0.5696228088323017,2.828364180994154,5.0,,,,,2.828364180994154,True,268,17,success,-1,True,False,False,-1,,white_yellow_mug_1,False,-1,False,-1,False,0.0,1.0,150,112,0.0757118774448173,1.676915502075957,0.2128609395989584,3.2771774405114096,86938615.48566318,0.8404797911643982,0.0,8.295666157078206e-18,,,0.0066971422565366,0.0130527209108176,,,,,,False,False
libero_10,9,12,2,0,144000,0,144000,6,96,put the yellow and white mug in the microwave and close it,-1,-1,none,-1,-1,-1,-1,4.0,0.0024020751006901,0.0195607766509056,0.0072978949174284,0.0046209474094212,0.000662645092234,0.0009637488983571,0.0138782067224383,0.1986560821533203,0.0005409184959717,0.0013181567192077,0.0016108526615425,0.0084913065657019,1.0099999904632568,3.640054941177368,45.03609848022461,0.963651180267334,2.692582368850708,25.46934509277344,0.0064961141906678,0.0121708884835243,0.0331480056047439,0.0059928153641521,0.0113177122548222,0.0212094858288764,0.005600148346275,0.009949273429811,0.0204090438783168,0.0075369020923972,0.0075891516171395,0.0096416927408427,0.0098717808723449,0.020824447274208,0.0218630023300647,0.0079171222168952,0.0079415589570999,0.0084054211620241,0.0086732599884271,0.0070815288927406,0.007173491641879,0.0070815288927406,0.007173491641879,first,1.0,0.0,0.19772270321846,-1.7255444526672363,0.0,0.19772270321846,1.0,0.1990408599376678,False,0.1986560821533203,0.0005409184959717,0.0013181567192077,0.020824447274208,0.000673867878504,0.0070815291255712,6.357702659443021e-05,150000,150001,112,16,0,False,False,0.0,0.0,0.0393909745312448,0.0770620666324765,3.272998887402317e-07,3.272998563286223e-07,0.0,0.0,0.0,0.0,136.0,9.0,136.0,0.4320675724536046,0.7003034779312731,0.0666666666666666,0.074241166588662,0.0682521783985567,0.0928014582358275,0.2938342381934415,3.0018247850220385,7.97071606029936,581.6341914211212,1073.2586669921875,14.217215538024902,17.82375956600959,0.9054761169222978,726.3594970703125,8.046695709228516,19.51928741612155,0.90815663044923,0.1656808108091354,0.0270834434777498,0.156187504529953,0.0094951307401061,0.0159609429538249,0.19772270321846,0.19772270321846,0.0425506509511756,0.1081667094524284,5.0,,,,,0.1081667094524284,True,268,17,success,-1,True,False,False,-1,,white_yellow_mug_1,False,-1,False,-1,False,0.0,1.0,150,112,0.0757118774448173,1.676915502075957,0.2128609395989584,3.2771774405114096,86938615.48566318,0.8022772967815399,0.0,1.1796107199731934e-17,,,0.0652483661872675,0.0393381791161821,,,,,,False,False
libero_10,9,12,2,0,144000,0,144000,7,112,put the yellow and white mug in the microwave and close it,-1,-1,none,-1,-1,-1,-1,4.0,0.0016627965960651,0.0069232983514666,0.0045682964846491,0.0029046807903796,0.0006788054597564,0.0008891181205399,0.00888685695827,0.2230964303016662,0.0002572208759374,0.0006712079048156,0.0008243680931627,0.0016344813629984,0.5415741801261902,1.6393595933914185,21.146808624267575,0.4567273259162903,0.8660253882408142,28.07579040527344,0.006074923556298,0.010790099389851,0.0205465648323297,0.0055612921714782,0.0098816333338618,0.0182024482637643,0.0055278544314205,0.009760795161128,0.0203178320080041,0.0076365064596757,0.0077662947587668,0.0097887385636568,0.0104505186900496,0.0206131283193826,0.0210983362048864,0.0079046147875487,0.0079558063298463,0.0083076006267219,0.0084120649844408,0.0071505110245198,0.007432697340846,0.0071505110245198,0.007432697340846,first,1.0,0.0,0.2229539155960083,-0.5540557503700256,0.0,0.2229539155960083,1.0,0.2235248386859893,False,0.2230964303016662,0.0002572208759374,0.0006712079048156,0.0206131283193826,0.0003721161920111,0.0071505112573504,0.0001830210821935,151000,151001,128,16,0,False,False,0.0,0.0,0.0757118774448173,0.0780501589058771,3.272998887402317e-07,3.272998563286223e-07,0.0,0.0,0.0,0.0,176.0,14.0,176.0,0.5112203445221459,0.6272058906653161,0.0777777777777777,0.109179334460888,0.1037824796265176,0.1364741680761101,0.1829101944470981,1.2698722263746685,3.049674840343574,44.51427339632592,883.0014038085938,12.517053604125977,18.671189668420503,0.921023855933942,758.9606323242188,8.305119514465332,19.32861111464879,0.9171982558265782,0.0497316792607307,0.011318041011691,0.0427489876747131,0.0104942172765731,0.0200717095285654,0.2229539155960083,0.2229539155960083,0.0535032803490188,0.1487360209706335,5.0,,,,,0.1487360209706335,True,268,17,success,-1,True,False,False,-1,,white_yellow_mug_1,False,-1,False,-1,False,0.0,1.0,150,112,0.0757118774448173,1.676915502075957,0.2128609395989584,3.2771774405114096,86938615.48566318,0.7770460844039917,0.0,8.292828908033236e-18,,,0.1053040903848345,0.0134762903896259,,,,,,False,False
libero_10,9,12,2,0,144000,0,144000,8,128,put the yellow and white mug in the microwave and close it,-1,-1,none,-1,-1,-1,-1,4.0,0.0012111694086343,0.0043877963908016,0.0064069521613419,0.0022247117012739,0.0003397721156943,0.0007847344968467,0.0065936748869717,0.2589221894741058,0.0003207756381016,0.0008352100849151,0.0006412722286768,0.0010967931011691,0.5238657593727112,1.5811388492584229,18.405162811279297,0.5586277842521667,1.1180340051651,28.46489143371582,0.0056934976018965,0.0102376071736216,0.0182187631726264,0.0053826118819415,0.0095691941678524,0.0184700470417737,0.0054560718126595,0.0096149398013949,0.0170922484248876,0.0074180773226544,0.0075103514827787,0.0091258711181581,0.0095243817195296,0.0189880966208875,0.0200191084295511,0.0073060509748756,0.0074151530861854,0.0076915206154808,0.007844110019505,0.0070024805609136,0.0070439623668789,0.0070024805609136,0.0070439623668789,first,1.0,0.0,0.2589727938175201,0.1577561944723129,0.0,0.2589727938175201,3.0,0.2594223916530609,False,0.2589221894741058,0.0003207756381016,0.0008352100849151,0.0189880970865488,0.0006109455716796,0.007002480328083,3.6556008126353845e-05,152000,152003,144,16,0,False,False,0.0,0.0,0.074103042377249,0.0787859812149166,3.272998887402317e-07,3.272998563286223e-07,0.0,0.0,0.0,0.0,194.0,14.0,194.0,0.5089628391973819,0.582439533495656,0.1,0.1053723243232182,0.1045076372923996,0.1317154054040227,0.1200753488007743,1.4734501147539274,6.361405745199,86.38863790469402,1083.1287841796875,13.948162078857422,17.784002634915236,0.8996374801918673,854.5880126953125,9.88558292388916,18.813235641920112,0.921760839580574,0.0566276051104068,0.0150088630616664,0.0389808863401412,0.0213929712772369,0.0436278209090232,0.2589727938175201,0.2589727938175201,0.0557190855550856,0.1523011293561809,5.0,,,,,0.1523011293561809,True,268,17,success,-1,True,False,False,-1,,white_yellow_mug_1,False,-1,False,-1,False,0.0,1.0,150,112,0.0757118774448173,1.676915502075957,0.2128609395989584,3.2771774405114096,86938615.48566318,0.7410272061824799,0.0,2.178656735140858e-17,,,0.1045717656502143,0.0217225327690331,,,,,,False,False
libero_10,9,12,2,0,144000,0,144000,9,144,put the yellow and white mug in the microwave and close it,-1,-1,none,-1,-1,-1,-1,4.0,0.0012680267682299,0.0057226051576435,0.0039217215962708,0.0019609213341027,0.0007284988532774,0.0008079271647147,0.0064122923649847,0.2934200763702392,0.0002841039386112,0.0007417798042297,0.0004740189760923,0.0008205449557863,0.4922709465026855,1.4790199995040894,15.105875968933104,0.4568341970443725,1.0,16.248077392578125,0.0059123747050762,0.0105144828557968,0.0183242466300725,0.0053808446973562,0.0096036763861775,0.0176810398697853,0.0054054125212132,0.0095674665644764,0.0169208198785781,0.0077565098181366,0.0078420108184218,0.0110013205558061,0.0113691678270697,0.0200355001725256,0.0207251105457544,0.0073309091385453,0.0073876776732504,0.00766543939244,0.0077993646264076,0.0069631054066121,0.0070363990962505,0.0069631054066121,0.0070363990962505,first,1.0,0.0,0.2938613891601562,1.5533497333526611,0.0,0.2938613891601562,0.0,0.2938613891601562,True,0.2934200763702392,0.0002841039386112,0.0007417798042297,0.0200354997068643,0.0004213121137581,0.0069631058722734,6.95337585057132e-05,153000,153000,160,16,0,False,False,0.5,0.5,0.0702245767860858,0.0789135333765908,3.272998887402317e-07,3.272998563286223e-07,0.0,0.0,0.0,0.0,192.0,13.0,190.0,0.6234478255936313,0.7514114916242742,0.0666666666666666,0.1018008439095079,0.094141238978414,0.1272510548868849,0.3463405501316291,9.995663420389295,59.6228532272073,10544.34887058277,1408.355224609375,15.369871139526367,16.643681516368936,0.8654884919776857,420.582763671875,6.869818210601807,21.892288904148486,0.9570867286764796,0.0240379720926284,0.0072883749380707,0.0122422873973846,0.0150503171607851,0.014663484878838,0.2938613891601562,0.2938613891601562,0.059512020366697,0.153348781653971,5.0,,,,,0.153348781653971,True,268,17,success,-1,True,False,False,-1,,white_yellow_mug_1,False,-1,False,-1,False,0.0,1.0,150,112,0.0757118774448173,1.676915502075957,0.2128609395989584,3.2771774405114096,86938615.48566318,0.7061386108398438,0.0,1.2829262018419141e-17,,,0.0930278168627579,0.0511835033167561,,,,,,False,False
libero_10,9,12,2,0,144000,0,144000,10,160,put the yellow and white mug in the microwave and close it,-1,-1,none,-1,-1,-1,-1,4.0,0.0029396649915724,0.0129899457097053,0.0171799678355455,0.0053769838996231,0.0010422907071188,0.001319829840213,0.016629995778203,0.3459888994693756,0.0003166859969496,0.0007749497890472,0.0008203617180697,0.0010280754650011,0.5373519062995911,1.5,24.377243041992188,0.4737234711647033,1.1180340051651,17.15189552307129,0.0071545485407114,0.0137139940634369,0.0259066335856914,0.0055700675584375,0.0100340172648429,0.0166699346154928,0.0054049538448452,0.0097560184076428,0.0189142227172851,0.0084697871934622,0.0085946163162589,0.0131026662420481,0.0142199993133544,0.0258761425502598,0.0273824427276849,0.007865292369388,0.0080327140167355,0.0082127675414085,0.008357960730791,0.0069156397366896,0.0071360892616212,0.0069156397366896,0.0071360892616212,first,1.0,0.0,0.3460144698619842,0.0807436779141426,0.0,0.3460144698619842,3.0,0.3462387323379516,False,0.3459888994693756,0.0003166859969496,0.0007749497890472,0.0258761420845985,0.0010066390968859,0.0069156396202743,0.0001467277907067,154000,154003,176,16,0,False,False,0.5,0.0,0.0543390009110642,0.0761316636223129,3.272998887402317e-07,3.272998563286223e-07,0.0,0.0,0.0,0.0,39.0,13.0,37.0,0.4337338446007502,0.8182851283995022,0.1136363636363636,0.061194355428411,0.0384730651063892,0.0764929442855138,0.4576323717517257,6.162083021945418,25.583588647565968,4651.95013426742,2009.24169921875,18.992074966430664,15.100481780653084,0.8088802082452515,1196.4736328125,13.614211082458496,17.351772285412792,0.8884563183959476,0.0662779808044433,0.0153661370277404,0.043201208114624,0.0548178404569625,0.0372243337333202,0.3460144698619842,0.3460144698619842,0.0537630637180702,0.1972991373083553,5.0,,,,,0.1972991373083553,True,268,17,success,-1,True,False,False,-1,,white_yellow_mug_1,False,-1,False,-1,False,0.0,1.0,150,112,0.0757118774448173,1.676915502075957,0.2128609395989584,3.2771774405114096,86938615.48566318,0.6539855301380157,0.0,9.699752666269928e-18,,,0.0135095119526036,0.058006669329392,,,,,,False,False
libero_10,9,12,2,0,144000,0,144000,11,176,put the yellow and white mug in the microwave and close it,-1,-1,none,-1,-1,-1,-1,4.0,0.0021429248154163,0.0080745080485939,0.0060188579373061,0.003664331510663,0.0011256363941356,0.000630569527857,0.0113284392282366,0.4245874285697937,0.0002879192761611,0.0007912218570709,0.0007042124634608,0.0015061494195833,0.6079661250114441,1.785357117652893,24.10394096374512,0.6865895986557007,1.5811388492584229,43.17623901367188,0.0065635410137474,0.0118593443185091,0.0213729906827211,0.0055222269147634,0.0097774025052785,0.0170832313597202,0.0053252335637807,0.009527021087706,0.0211884453892707,0.008284855633974,0.0083927121013402,0.0114316365215927,0.0122637636959552,0.0242034182883799,0.0251715388149023,0.0074701595585793,0.0075309891253709,0.0077814820688217,0.0078342435881495,0.0068749933270737,0.0069309542886912,0.0068749933270737,0.0069309542886912,first,1.0,0.0,0.4245337545871734,-0.1864202469587326,0.0,0.4245337545871734,2.0,0.4250504672527313,False,0.4245874285697937,0.0002879192761611,0.0007912218570709,0.0242034178227186,0.0005916303489357,0.006874993443489,5.176146441954188e-05,155000,155002,192,16,0,False,False,0.5,0.0,0.0460088693044504,0.1061894128198526,3.272998887402317e-07,3.272998563286223e-07,0.0,0.0,0.0,0.0,0.0,0.0,0.0,0.7560907604465072,0.8155576905780665,0.0333333333333333,0.1459935607001856,0.1356646210309426,0.1824919508752319,0.3938158426298613,3.2124577826578338,4.742156870801552,120.35434873417104,1163.292236328125,13.896345138549805,17.47391531193883,0.8918104027601378,448.64013671875,7.045134544372559,21.611822365702945,0.9587230791372888,0.0195085275918245,0.0047410852275788,0.0128428041934967,0.0132475160062313,0.013908571563661,0.4245337545871734,0.4245337545871734,0.0512617542613931,0.2221826028870993,5.0,,,,,0.2221826028870993,True,268,17,success,-1,True,False,False,-1,,white_yellow_mug_1,False,-1,False,-1,False,0.0,1.0,150,112,0.0757118774448173,1.676915502075957,0.2128609395989584,3.2771774405114096,86938615.48566318,0.5754662454128265,0.0,5.6626255179264936e-18,,,0.000776387382707,0.0333497810371595,,,,,,False,False
libero_10,9,12,2,0,144000,0,144000,12,192,put the yellow and white mug in the microwave and close it,-1,-1,none,-1,-1,-1,-1,4.0,0.0018158479360863,0.0058901994489133,0.0093992836773395,0.0028289661277085,0.0011324498336762,0.0008266872609965,0.0092168198898434,0.4944998025894165,0.0003152006829623,0.0007661283016204,0.0005486996960826,0.0012082931352779,0.4773050546646118,1.2247449159622192,18.403465270996094,0.6418004035949707,2.2360680103302,29.549745559692383,0.0064844195730984,0.0116878859698772,0.0238385256379842,0.0056204013526439,0.0100065590813755,0.0170152876526117,0.0053835823200643,0.009676668792963,0.0191723089665174,0.0082742446102201,0.0085277883335947,0.0112818700727075,0.0120239295065402,0.0235427790321409,0.0249208882451057,0.0076199760660529,0.007849789224565,0.0080337733961641,0.0083295367658138,0.0069040375528857,0.007166470400989,0.0069040375528857,0.007166470400989,first,1.0,0.0,0.4942216873168945,-0.8823434710502625,0.0,0.4942216873168945,1.0,0.4949640333652496,False,0.4944998025894165,0.0003152006829623,0.0007661283016204,0.0235427804291248,0.0008125118329189,0.006904037669301,0.0001657072862144,156000,156001,208,16,0,False,False,0.5,0.0,0.0450443264578771,0.243313187276788,3.272998887402317e-07,3.272998563286223e-07,0.0,0.0,0.0,0.0,0.0,0.0,0.0,0.7057146257677943,0.7678269040801257,0.0444444444444444,0.1371198586261741,0.1292828679981706,0.1713998232827177,0.3036214196307795,2.2043120972362766,6.2451862342784965,78.77219089507406,784.857666015625,11.709429740905762,19.18289456312119,0.9220559303775706,980.0059814453124,12.898072242736816,18.218516344603486,0.9060900827411036,0.0211258996278047,0.0052839647978544,0.0147801041603088,0.0137115037068724,0.0160347688943147,0.4942216873168945,0.4942216873168945,0.0800493662557707,0.3999151956517743,5.0,,,,,0.3999151956517743,True,268,17,success,-1,True,False,False,-1,,white_yellow_mug_1,False,-1,False,-1,False,0.0,1.0,150,112,0.0757118774448173,1.676915502075957,0.2128609395989584,3.2771774405114096,86938615.48566318,0.5057783126831055,0.0,2.572627453898277e-18,,,8.087048580793364e-06,0.0003235485784984,,,,,,False,False
libero_10,9,12,2,0,144000,0,144000,13,208,put the yellow and white mug in the microwave and close it,-1,-1,none,-1,-1,-1,-1,4.0,0.0015232496662065,0.0069941012188792,0.0087699769064784,0.0024091794621199,0.000856926490087,0.0008644298068247,0.0076685952953994,0.5902243852615356,0.0002618861908558,0.0006613135337829,0.0007502237567678,0.0012243200326338,0.4389492869377136,1.1180340051651,19.031225204467773,0.9517166018486024,2.9474565982818604,41.50602340698242,0.0060644466429948,0.010900255292654,0.0188635196536779,0.0056010782718658,0.0099604781717062,0.0197556111961603,0.0053049530833959,0.0094223069027066,0.0183533784002065,0.0082128953654319,0.0083375899121165,0.0102134852204471,0.010382454842329,0.0226380610838532,0.0232070740312337,0.0078822645591571,0.0081498958170413,0.0084016215987503,0.008698652498424,0.0068472833372652,0.0069850250147283,0.0068472833372652,0.0069850250147283,first,1.0,0.0,0.5900996923446655,-0.4761340022087097,0.0,0.5900996923446655,3.0,0.5905203223228455,False,0.5902243852615356,0.0002618861908558,0.0006613135337829,0.0226380601525306,0.0004945814725942,0.0068472833372652,8.644978515803814e-05,157000,157003,224,16,0,False,False,0.5,0.0,0.0450308014395219,0.3164604332458555,3.272998887402317e-07,3.272998563286223e-07,0.0,0.0,0.0,0.0,0.0,0.0,0.0,0.9849030891057178,1.0420051101461747,0.0333333333333333,0.1925067511368053,0.1874408672260007,0.2406334389210067,0.3001084878864887,1.8120947400493888,4.07884367644098,27.247050194171585,683.2205810546875,11.00587272644043,19.78519420482256,0.9324761776047402,2032.735107421875,22.365480422973636,15.049995729236086,0.784569843907489,0.0371175371110439,0.0078380294144153,0.0332115590572357,0.0339822135865688,0.0141392592340707,0.5900996923446655,0.5900996923446655,0.5681495562796492,2.8404738636367,5.0,,,,,2.8404738636367,True,268,17,success,-1,True,False,False,-1,,white_yellow_mug_1,False,-1,False,-1,False,0.0,1.0,150,112,0.0757118774448173,1.676915502075957,0.2128609395989584,3.2771774405114096,86938615.48566318,0.4099003076553345,0.0,4.188876559015654e-18,,,5.006777155369576e-05,0.0002238499899925,,,,,,False,False
libero_10,9,12,2,0,144000,0,144000,14,224,put the yellow and white mug in the microwave and close it,-1,-1,none,-1,-1,-1,-1,4.0,0.0020306296646595,0.0098569802939891,0.0105265034362673,0.0032979671377688,0.0011244653724133,0.0009471111698076,0.0108634829521179,0.6928251385688782,0.0004493340966291,0.0011814832687377,0.0007612208137288,0.0013444778742268,0.4285947978496551,1.1180340051651,15.896147727966309,0.5237531661987305,1.1180340051651,23.113847732543945,0.0066155954264104,0.0121824657544493,0.0213059596717357,0.0055002034641802,0.0098322536796331,0.0190053097903728,0.0056076822802424,0.0100634098052978,0.0205382276326417,0.0087528366129845,0.0088136559352278,0.0127625276800245,0.0137922558933496,0.0254200142808258,0.0263284128159284,0.0078247890342026,0.0080222226679325,0.0081941373646259,0.0084946472197771,0.0072325267829,0.0073746391572058,0.0072325267829,0.0073746391572058,first,1.0,0.0,0.6935806274414062,1.6813522577285769,0.0,0.6935806274414062,0.0,0.6935806274414062,True,0.6928251385688782,0.0004493340966291,0.0011814832687377,0.0254200156778097,0.0007534590549767,0.0072325267829,0.0001069427307811,158000,158000,240,16,0,False,False,0.5,0.0,0.0450352054382635,0.4011063982535692,3.272998887402317e-07,3.272998563286223e-07,0.0,0.0,0.0,0.0,0.0,0.0,0.0,0.7133875742130686,1.0053719065949824,0.0777777777777777,0.1583133036748917,0.1522938135663834,0.1978916295936146,0.3972109354333283,3.7330339445245495,8.89700074658022,177.65346617574215,715.9891357421875,11.21274471282959,19.58173928396668,0.9285345583534632,1141.766845703125,12.723406791687012,17.55502932932257,0.8738377557763852,0.0166736710816621,0.0044831759296357,0.0112982392311096,0.0126865329220891,0.0098276073113083,0.6935806274414062,0.6935806274414062,0.087671419917046,0.4382944405245686,5.0,,,,,0.4382944405245686,True,268,17,success,-1,True,False,False,-1,,white_yellow_mug_1,False,-1,False,-1,False,0.0,1.0,150,112,0.0757118774448173,1.676915502075957,0.2128609395989584,3.2771774405114096,86938615.48566318,0.3064193725585937,0.0,2.6395960406870287e-18,,,3.2590701581500818e-06,5.93999905036239e-05,,,,,,False,False
libero_10,9,12,2,0,144000,0,144000,15,240,put the yellow and white mug in the microwave and close it,-1,-1,none,-1,-1,-1,-1,4.0,0.0015232776058837,0.0058918902650475,0.0055662528611719,0.0025599922519177,0.000772577652242,0.0006652339361608,0.0079713175073266,0.7943741679191589,0.0004491675354074,0.0012492537498474,0.0008300610352307,0.001810724963434,0.51032954454422,1.5811388492584229,15.221284866333008,0.6607410907745361,1.2247449159622192,61.13663101196289,0.0061201495118439,0.0109790815040469,0.0251978356391191,0.0055247228592634,0.009826036170125,0.0185082461684942,0.0056740306317806,0.0100813675671815,0.0176285356283187,0.0082391686737537,0.0082644699141383,0.0109908392187207,0.0115403681993484,0.0218725078739225,0.0222641341388225,0.0076600654283538,0.0078428359702229,0.0080064348876476,0.0082346834242343,0.0073039222043007,0.0074721435084939,0.0073039222043007,0.0074721435084939,first,1.0,0.0,0.7949528098106384,1.2882540225982666,0.0,0.7949528098106384,0.0,0.7949528098106384,True,0.7943741679191589,0.0004491675354074,0.0012492537498474,0.0218725092709064,0.0002677115844562,0.0073039224371314,0.000135225476697,159000,159000,256,16,0,False,False,0.5,0.0,0.0450341138893324,0.3306382455969311,3.272998887402317e-07,3.272998563286223e-07,0.0,0.0,0.0,0.0,4.0,1.0,0.0,0.7623263996068443,0.9586293404903892,0.0222222222222222,0.1267324952548307,0.1072857909391474,0.1584156190685384,0.4716455961755421,5.383088685341495,15.9182052962998,687.7230660618701,1005.7058715820312,13.349921226501465,18.106093752038987,0.899561016955391,1118.78564453125,11.82239818572998,17.64333475693324,0.8745728358837442,0.0134201515465974,0.004108571447432,0.0069001913070678,0.0089326445013284,0.0079883513972163,0.7949528098106384,0.7949528098106384,0.0694861443771404,0.3473026725855264,5.0,,,,,0.3473026725855264,True,268,17,success,-1,True,False,False,-1,,white_yellow_mug_1,False,-1,False,-1,False,0.0,1.0,150,112,0.0757118774448173,1.676915502075957,0.2128609395989584,3.2771774405114096,86938615.48566318,0.2050471901893615,0.0,3.0004408289124615e-18,,,3.723184982805652e-05,9.081745034756112e-05,,,,,,False,False
libero_10,9,12,2,0,144000,0,144000,16,256,put the yellow and white mug in the microwave and close it,-1,-1,none,-1,-1,-1,-1,4.0,0.0013857593294233,0.0066968081519007,0.0073669860139489,0.001870522275567,0.0010946275433525,0.0008048651507124,0.0066537708044052,0.9310749173164368,0.0004990368615835,0.0012570023536682,0.0006990500842221,0.0010021713096648,0.4868809580802917,1.4142135381698608,17.07337188720703,0.4025091826915741,0.829156219959259,27.04625701904297,0.0062328455969691,0.0112152909860014,0.0195286888629198,0.005605911836028,0.0099494997411966,0.0201770663261413,0.0058696926571428,0.0104582281783223,0.0202343184500932,0.0081283540930598,0.0082456218078732,0.0103032186161726,0.0109471436589956,0.02203905954957,0.0226776748895645,0.0076089450158178,0.0078281946480274,0.0081094182096421,0.0084466403350234,0.0075475117191672,0.0079012643545866,0.0075475117191672,0.0079012643545866,first,1.0,0.0,0.9307335019111632,-0.6841486692428589,0.0,0.9307335019111632,2.0,0.931725263595581,False,0.9310749173164368,0.0004990368615835,0.0012570023536682,0.02203905954957,0.0008075083605945,0.0075475117191672,0.0002134818350896,160000,160002,268,12,0,False,True,1.0,0.5,0.0452618137926857,0.2518160668258307,3.272998887402317e-07,3.272998563286223e-07,0.0,0.0,0.0,0.0,9.0,1.0,0.0,0.8556334927032357,0.9447506416038436,0.0151515151515151,0.1023241223986474,0.1016051824805447,0.1705402039977457,0.1987407022565939,2.417510268382784,3.985324843873158,24.633343150011505,862.7738037109375,12.372934341430664,18.77183410664225,0.9135498892251966,970.67578125,10.389814376831056,18.260061669300946,0.9064769157209246,0.0642778128385543,0.0149462716653943,0.0527884438633918,0.054460022598505,0.0339442938566207,0.0692664980888366,0.9307335019111632,0.0455248745692344,0.2030593668929452,5.0,,,,,0.2030593668929452,True,268,17,success,-1,True,False,False,-1,,white_yellow_mug_1,False,-1,False,-1,False,0.0,1.0,150,112,0.0757118774448173,1.676915502075957,0.2128609395989584,3.2771774405114096,86938615.48566318,0.0692664980888366,0.0,1.473716012533901e-17,,,0.0085799817792734,0.0159850241739535,,,,,,False,False
libero_10,9,13,2,1,144097,0,144097,0,0,put the yellow and white mug in the microwave and close it,-1,-1,none,-1,-1,-1,-1,4.0,0.0024098022840917,0.0134016200900077,0.0144236898049712,0.0035988136660307,0.0017579076811671,0.0007984519470483,0.0129283806309103,0.0722955614328384,0.0023847476113587,0.0060833096504211,0.0010302927112206,0.0024731610901653,0.7231268882751465,2.061552762985229,46.362701416015625,1.3598666191101074,3.8971142768859854,63.89982223510742,0.0071230088360607,0.0137103544548153,0.0241822246462106,0.0057132043875753,0.0101050520315766,0.0190699361264705,0.0074817305430769,0.0127868698909878,0.0241246949881315,0.0080024264752864,0.0081980424001812,0.0109399952925741,0.0130356820300221,0.0218467274680733,0.0233917031437158,0.0074583399109542,0.0075554382055997,0.0077683437848463,0.0079223923385143,0.0078497488284483,0.0079738227650523,0.0078497488284483,0.0079738227650523,first,1.0,0.0,0.0744178295135498,0.8899340629577637,0.0,0.0744178295135498,0.0,0.0744178295135498,True,0.0722955614328384,0.0023847476113587,0.0060833096504211,0.0218467283993959,0.000894121301826,0.0078497491776943,7.569290755782276e-05,144097,144097,16,16,0,False,False,0.0,0.0,3.223658211481961e-07,0.2707508098880923,3.272998887402317e-07,3.272998563286223e-07,0.0,0.0,0.0,0.0,0.0,0.0,0.0,0.4991675654807412,0.6148037653074213,0.0,0.0820656320548087,0.0815072530689271,0.1025820400685109,0.1939756250730521,1.7601510684818713,5.564117778051881,180.1648070357832,659.42041015625,11.028931617736816,19.939179757176543,0.9327186170080116,1036.2784423828125,12.852917671203612,17.976038972127018,0.87173280209139,0.017263326793909,0.0045545538887381,0.0104719996452331,0.0069015431217849,0.0157012622803449,0.0744178295135498,0.0744178295135498,0.0415992424933301,0.2079954789640485,5.0,,,,,0.2079954789640485,True,266,17,success,-1,True,False,False,-1,,white_yellow_mug_1,False,-1,False,-1,False,0.0,1.0,149,111,0.0745003069903761,1.678696987261568,0.2135302142424202,3.4954395296505685,97010825.61456688,0.9255821704864502,3.447524065394838e-07,2.9453379877420963e-08,,,3.395531409381535e-07,1.9743674802703296e-08,,,,,,False,False
libero_10,9,13,2,1,144097,0,144097,1,16,put the yellow and white mug in the microwave and close it,-1,-1,none,-1,-1,-1,-1,4.0,0.0015503062168136,0.0057830726727843,0.0072207655757665,0.0022753088269382,0.0010270653292536,0.0009450198849663,0.0078396666795015,0.1043676510453224,0.000543781905435,0.001505821943283,0.0005646313074976,0.0009152961429208,0.4808697998523712,1.4142135381698608,24.222923278808597,0.8174716830253601,2.2360680103302,40.81972503662109,0.00613450165838,0.0108833946287631,0.0204208493232727,0.0054892189800739,0.009647280909121,0.0195565298199653,0.0058527868241071,0.010380882769823,0.0180722251534461,0.0077449295204132,0.0078199179843068,0.010034610517323,0.0103220045566558,0.0215734965167939,0.0222860407084226,0.0072601673891767,0.0073253903537988,0.0075067045399919,0.0076736751943826,0.0074560836656019,0.0075318850576877,0.0074560836656019,0.0075318850576877,first,1.0,0.0,0.1050863862037658,1.3217341899871826,0.0,0.1050863862037658,0.0,0.1050863862037658,True,0.1043676510453224,0.000543781905435,0.001505821943283,0.0215734969824552,0.0004159171367064,0.0074560837820172,6.663399108219892e-05,145097,145097,32,16,0,False,False,0.0,0.0,3.223658211481961e-07,0.2225735711246193,3.272998887402317e-07,3.272998563286223e-07,0.0,0.0,0.0,0.0,0.0,0.0,0.0,0.4254523858318677,0.5037738710608975,0.0444444444444444,0.0618514032941864,0.0552043788396018,0.077314254117733,0.1746754406420753,1.516566918566786,2.7645864946907106,165.1810573965345,741.8986206054688,12.10887050628662,19.427357972596425,0.925669457082354,703.6054077148438,10.374249458312988,19.657511922034484,0.918842125651008,0.0080308895558118,0.0023320447653532,0.0042941570281982,0.0050395410507917,0.0056029302068054,0.1050863862037658,0.1050863862037658,0.560808157188713,2.804040785943565,5.0,,,,,2.804040785943565,True,266,17,success,-1,True,False,False,-1,,white_yellow_mug_1,False,-1,False,-1,False,0.0,1.0,149,111,0.0745003069903761,1.678696987261568,0.2135302142424202,3.4954395296505685,97010825.61456688,0.8949136137962341,0.0,6.252728076697013e-17,,,0.0,5.941740935929933e-18,,,,,,False,False
libero_10,9,13,2,1,144097,0,144097,2,32,put the yellow and white mug in the microwave and close it,-1,-1,none,-1,-1,-1,-1,4.0,0.0014315961161628,0.0118591533973813,0.0026080440729856,0.0021640302147716,0.0009071893873624,0.0008075141813606,0.0070543177425861,0.1142792925238609,0.000276356935501,0.0007351040840148,0.000568657182157,0.0011994602391496,0.5375539064407349,1.5,19.828956604003903,0.8568990230560303,2.692582368850708,33.73703384399414,0.0060417368076741,0.0110337259247899,0.0215543881058692,0.0055323485285043,0.0097762467339634,0.0170477982610464,0.005736643448472,0.0101954005658626,0.0212286263704299,0.0078582181595265,0.0079456064850091,0.0103842366952449,0.0107276365160942,0.0209361817687749,0.0212722364813089,0.0075345498044043,0.00763043994084,0.0080052679404616,0.0082076387479901,0.0074099529301747,0.0074324798770248,0.0074099529301747,0.0074324798770248,first,1.0,0.0,0.1141912937164306,-0.3184244632720947,0.0,0.1141912937164306,3.0,0.1146116554737091,False,0.1142792925238609,0.000276356935501,0.0007351040840148,0.0209361799061298,0.0003138825704809,0.0074099525809288,1.488313591835322e-05,146097,146100,48,16,0,False,False,0.0,0.0,3.223658211481961e-07,0.1978458682729043,3.272998887402317e-07,3.272998563286223e-07,0.0,0.0,0.0,0.0,0.0,0.0,0.0,0.3914488718124104,0.4419508285075549,0.0112359550561797,0.0330896974612688,0.0286769203865485,0.041362121826586,0.130447285212002,1.652142108448471,8.829128432621493,1459.5969326434574,908.6258544921876,12.69547176361084,18.54695270582196,0.9148505008455134,1020.0311279296876,12.305218696594238,18.04466935692442,0.8930119982404606,0.0114936558529734,0.0030314608011394,0.0086440443992614,0.0093744918704032,0.0044955965131521,0.1141912937164306,0.1141912937164306,0.0934752339062953,0.4673761695314767,5.0,,,,,0.4673761695314767,True,266,17,success,-1,True,False,False,-1,,white_yellow_mug_1,False,-1,False,-1,False,0.0,1.0,149,111,0.0745003069903761,1.678696987261568,0.2135302142424202,3.4954395296505685,97010825.61456688,0.8858087062835693,0.0,2.481974779982833e-18,,,0.0,4.200317416528535e-18,,,,,,False,False
libero_10,9,13,2,1,144097,0,144097,3,48,put the yellow and white mug in the microwave and close it,-1,-1,none,-1,-1,-1,-1,4.0,0.0015330603346228,0.0049883630126714,0.006792131345719,0.0023432802408933,0.0009671507286839,0.0008001294918358,0.0074631180614233,0.1178318411111831,0.0003677110362332,0.0008248686790466,0.000680721597746,0.0012329604942351,0.5247435569763184,1.5811388492584229,16.299922943115234,0.5344389081001282,1.1180340051651,29.625791549682617,0.0061244489625096,0.0108975227922201,0.0200933869928121,0.0054915426298975,0.0097197908908128,0.0173819717019796,0.0056990422308444,0.0100762695074081,0.0179042760282754,0.0078919369261711,0.0079068792983889,0.0094786949921399,0.0098490957170724,0.0215705605223774,0.0224454160779714,0.0073830735636875,0.0075357854366302,0.0075941011309623,0.0078205280005931,0.0073149715317413,0.0073593244887888,0.0073149715317413,0.0073593244887888,first,1.0,0.0,0.1174536347389221,-1.028542399406433,0.0,0.1174536347389221,1.0,0.1182785034179687,False,0.1178318411111831,0.0003677110362332,0.0008248686790466,0.0215705614537,0.0005806775297969,0.0073149711824953,3.9420381654053926e-05,147097,147098,64,16,0,False,False,0.0,0.0,3.223658211481961e-07,0.1597971334446669,3.272998887402317e-07,3.272998563286223e-07,0.0,0.0,0.0,0.0,0.0,0.0,0.0,0.4494868346807553,0.5530009781865106,0.0,0.0751590560552673,0.0727718730271814,0.0939488200690842,0.1774670555384825,1.90052255641336,4.3385533880193154,172.05467604191,1131.92333984375,14.71381378173828,17.59263345862135,0.8975470362366081,794.0595092773438,9.563031196594238,19.13227309848481,0.909105785095789,0.0144210923463106,0.0037667204160243,0.0093792974948883,0.0090270973742008,0.0110159171745181,0.1174536347389221,0.1174536347389221,0.0453710200645794,0.2268551003228972,5.0,,,,,0.2268551003228972,True,266,17,success,-1,True,False,False,-1,,white_yellow_mug_1,False,-1,False,-1,False,0.0,1.0,149,111,0.0745003069903761,1.678696987261568,0.2135302142424202,3.4954395296505685,97010825.61456688,0.8825463652610779,0.0,1.0040511758565644e-17,,,0.0,6.132612132207722e-18,,,,,,False,False
libero_10,9,13,2,1,144097,0,144097,4,64,put the yellow and white mug in the microwave and close it,-1,-1,none,-1,-1,-1,-1,4.0,0.001699665444903,0.0074130501598119,0.0052012363448739,0.0030882318969815,0.0006438335985876,0.000701461569406,0.0090616485103964,0.1403916776180267,0.0005220639286562,0.0013413429260253,0.0007098251953721,0.0011551736388355,0.4807696640491485,1.4790199995040894,12.12435531616211,0.4005149006843567,0.829156219959259,12.990381240844728,0.0060924990102648,0.010916625149548,0.0196028891950845,0.0055006346665322,0.0098391426727175,0.0163018275052309,0.0057161110453307,0.0101442988961935,0.0208774134516716,0.0077138066990301,0.0078401770442724,0.009808670496568,0.0102841546759009,0.020957067143172,0.0226708799600601,0.00734039908275,0.0074528106488287,0.0076552944956347,0.007867339067161,0.0072918313089758,0.0074297948740422,0.0072918313089758,0.0074297948740422,first,1.0,0.0,0.1407276391983032,0.6435257196426392,0.0,0.1407276391983032,1.0,0.140868604183197,False,0.1403916776180267,0.0005220639286562,0.0013413429260253,0.0209570676088333,0.0010145015548914,0.0072918315418064,8.920153049984947e-05,148097,148098,80,16,0,False,False,0.0,0.0,3.223658211481961e-07,0.1113772071278974,3.272998887402317e-07,3.272998563286223e-07,0.0,0.0,0.0,0.0,0.0,0.0,0.0,0.314626555694543,0.3980478108546464,0.0888888888888888,0.0613553606013965,0.0556929814776504,0.0766942007517456,0.2056521309772482,1.9474589593232805,3.0210983816353543,263.61218545110074,944.7493896484376,13.133809089660645,18.3776374085298,0.915752936446424,592.6089477539062,7.90045690536499,20.403121562976043,0.9283438560405216,0.0149127738550305,0.0039881062693893,0.0087938904762268,0.0078261597082018,0.0126774068921804,0.1407276391983032,0.1407276391983032,0.5658605961785834,2.829302980892917,5.0,,,,,2.829302980892917,True,266,17,success,-1,True,False,False,-1,,white_yellow_mug_1,False,-1,False,-1,False,0.0,1.0,149,111,0.0745003069903761,1.678696987261568,0.2135302142424202,3.4954395296505685,97010825.61456688,0.8592723608016968,0.0,3.6262318393723996e-18,,,0.0,4.1308427355226436e-18,,,,,,False,False
libero_10,9,13,2,1,144097,0,144097,5,80,put the yellow and white mug in the microwave and close it,-1,-1,none,-1,-1,-1,-1,4.0,0.0012671862496063,0.0047278087586164,0.0050930217839777,0.0020572580397129,0.0005264445790089,0.0011191958328709,0.0065884110517799,0.1597500294446945,0.0001420102635165,0.0003787279129028,0.0010104184038937,0.0034330280032008,0.4815517663955688,1.4790199995040894,18.53881072998047,0.414783626794815,0.829156219959259,13.681648254394531,0.0057884794659912,0.0104116117581725,0.0193202793598175,0.0055007650516927,0.0097621297463774,0.0170112904161214,0.0055575631558895,0.0098430886864662,0.0188774801790714,0.0076814014464616,0.0077935000881552,0.0105994921177625,0.0111274439841508,0.0197958531789481,0.0204100422561168,0.0074488167883828,0.0075461291708052,0.0081078835064545,0.0084341187030076,0.0072144789155572,0.0072396593168377,0.0072144789155572,0.0072396593168377,first,1.0,0.0,0.1596977114677429,-0.3684098422527313,0.0,0.1596977114677429,1.0,0.1599865555763244,False,0.1597500294446945,0.0001420102635165,0.0003787279129028,0.0197958536446094,0.0004205346631351,0.0072144791483879,2.563823727541603e-05,149097,149098,96,16,0,False,False,0.0,0.0,0.000263314550651,0.0790508349495769,3.272998887402317e-07,3.272998563286223e-07,0.0,0.0,0.0,0.0,17.0,7.0,17.0,0.3134813262936922,0.4217524379454499,0.0888888888888888,0.0508562504911036,0.0409201620953968,0.0635703131138795,0.2383431956837331,4.390722319628977,19.15777231999634,3859.007783808039,1172.6109619140625,14.76106071472168,17.43926411086899,0.8948675953790302,472.358154296875,7.101004600524902,21.388089439055054,0.9399100914847636,0.1164817512035369,0.0185303390026092,0.1144047677516937,0.0149219138547778,0.0160260964184999,0.1596977114677429,0.1596977114677429,0.5695746206744339,2.828311386878383,5.0,,,,,2.828311386878383,True,266,17,success,-1,True,False,False,-1,,white_yellow_mug_1,False,-1,False,-1,False,0.0,1.0,149,111,0.0745003069903761,1.678696987261568,0.2135302142424202,3.4954395296505685,97010825.61456688,0.8403022885322571,0.0,5.199775691825163e-18,,,0.0063193673752673,0.013242349118519,,,,,,False,False
libero_10,9,13,2,1,144097,0,144097,6,96,put the yellow and white mug in the microwave and close it,-1,-1,none,-1,-1,-1,-1,4.0,0.0018846134189516,0.0077393646351993,0.0099667133763432,0.0034123843070119,0.0006965044885873,0.0008656276622787,0.0101480772718787,0.1967244446277618,0.0002736053429543,0.0006317496299743,0.0012666844995692,0.0047057652845978,0.8051545023918152,2.772634029388428,29.608909606933597,0.5437977910041809,1.1180340051651,22.072324752807617,0.0062362924218177,0.0112655889242887,0.0252282824367284,0.0057248380035161,0.0101791135966777,0.0172785967588424,0.0055453861132264,0.0098875742405653,0.0179903395473957,0.0077085425145924,0.0078448858112096,0.009654443943873,0.0100362980738282,0.0207002996467053,0.0218930151313543,0.0080421029124408,0.0081172650679945,0.008448275970295,0.0085956798866391,0.0071517237229272,0.0074069751426577,0.0071517237229272,0.0074069751426577,first,1.0,0.0,0.1970391273498535,1.150133728981018,0.0,0.1970391273498535,0.0,0.1970391273498535,True,0.1967244446277618,0.0002736053429543,0.0006317496299743,0.0207003001123666,0.0007021407363936,0.0071517238393425,0.0001509927242295,150097,150097,112,16,0,False,False,0.0,0.0,0.0431842262493614,0.0778502978877006,3.272998887402317e-07,3.272998563286223e-07,0.0,0.0,0.0,0.0,128.0,8.0,128.0,0.47349807904806,0.6827166842024082,0.0555555555555555,0.0862155362441274,0.0808938136541609,0.1077694203051592,0.2707142554626672,3.168552950759361,7.602988578680953,435.3248743760217,1227.7474365234375,15.262383460998535,17.239713248489462,0.8922505278406858,789.83447265625,8.46746826171875,19.155442760892296,0.8998279446449813,0.2793273627758026,0.0396004132926464,0.2759608626365661,0.0170102659612894,0.0177399162203073,0.1970391273498535,0.1970391273498535,0.0479352739026873,0.1236790075686908,5.0,,,,,0.1236790075686908,True,266,17,success,-1,True,False,False,-1,,white_yellow_mug_1,False,-1,False,-1,False,0.0,1.0,149,111,0.0745003069903761,1.678696987261568,0.2135302142424202,3.4954395296505685,97010825.61456688,0.8029608726501465,0.0,4.359583046583506e-18,,,0.0775118668375155,0.0384854951072302,,,,,,False,False
libero_10,9,13,2,1,144097,0,144097,7,112,put the yellow and white mug in the microwave and close it,-1,-1,none,-1,-1,-1,-1,4.0,0.0015604549553245,0.0060548945330083,0.0059085157699882,0.0027802486438304,0.0005816274206154,0.0008375557372346,0.0087085543200373,0.2284889221191406,0.0003029991639778,0.0007983148097991,0.0007416919106617,0.0017554246587678,0.5463815331459045,1.658312439918518,18.47126197814941,0.4806385040283203,0.8660253882408142,26.43387985229492,0.0059469956904649,0.0106612555682659,0.0199865214526653,0.0054232222028076,0.0095259426161646,0.0169694256037473,0.0055145481601357,0.0097476365044713,0.0162417944520711,0.0075639733113348,0.0075861597433686,0.0094828414730727,0.0098920529708266,0.0208494020625948,0.021320704370737,0.0076597336446866,0.0077923536300659,0.0079030817141756,0.0080113615840673,0.007106990320608,0.0071952505968511,0.007106990320608,0.0071952505968511,first,1.0,0.0,0.2289977073669433,1.6791638135910034,0.0,0.2289977073669433,0.0,0.2289977073669433,True,0.2284889221191406,0.0003029991639778,0.0007983148097991,0.0208494029939174,0.000339119345881,0.0071069905534386,0.0001196768062072,151097,151097,128,16,0,False,False,0.0,0.0,0.0745003069903761,0.0780486898790087,3.272998887402317e-07,3.272998563286223e-07,0.0,0.0,0.0,0.0,182.0,12.0,182.0,0.4968504505212378,0.6271087034346948,0.0888888888888888,0.1059638568705629,0.1006756908561371,0.1324548210882037,0.1842121119452762,1.38944341307818,5.316088317611144,70.15970480702312,801.004638671875,11.989550590515137,19.094453297477607,0.9280527610482756,710.0826416015625,8.144683837890625,19.617714646799435,0.9219862061451144,0.0366797149181366,0.0100388377904891,0.0214141011238098,0.0149293262511491,0.0189743842929601,0.2289977073669433,0.2289977073669433,0.0533529637412715,0.14535290455007,5.0,,,,,0.14535290455007,True,266,17,success,-1,True,False,False,-1,,white_yellow_mug_1,False,-1,False,-1,False,0.0,1.0,149,111,0.0745003069903761,1.678696987261568,0.2135302142424202,3.4954395296505685,97010825.61456688,0.7710022926330566,0.0,2.760635144656957e-18,,,0.1019184088941813,0.0194935052621062,,,,,,False,False
libero_10,9,13,2,1,144097,0,144097,8,128,put the yellow and white mug in the microwave and close it,-1,-1,none,-1,-1,-1,-1,4.0,0.0011454311897978,0.0055186245590448,0.0072167878970503,0.0020762619096785,0.0003501536848489,0.0007387721561826,0.0062878266908228,0.2619181275367737,0.0002637490979395,0.0007089972496032,0.0005845009582117,0.0009504403569735,0.5338253378868103,1.5,16.573699951171875,0.410926878452301,0.8660253882408142,12.278029441833496,0.0057104779407382,0.0102445101365447,0.0198024697601795,0.0054566180333495,0.0097475573420524,0.0173473265022039,0.0055393977090716,0.0098562212660908,0.0192320793867111,0.0073956692358478,0.0074587217532098,0.0090758698061108,0.0093490025028586,0.0192405600100755,0.0200771167874336,0.0074075330048799,0.0076496740803122,0.0079367978032678,0.0082033518701791,0.0071716478560119,0.00748852500692,0.0071716478560119,0.00748852500692,first,1.0,0.0,0.2617765367031097,-0.5368391275405884,0.0,0.2617765367031097,1.0,0.2623143196105957,False,0.2619181275367737,0.0002637490979395,0.0007089972496032,0.0192405600100755,0.0005017130752094,0.0071716476231813,0.0001832994457799,152097,152098,144,16,0,False,False,0.0,0.0,0.072616739383223,0.0787323259371197,3.272998887402317e-07,3.272998563286223e-07,0.0,0.0,0.0,0.0,192.0,12.0,192.0,0.5042322234841958,0.5783049003573838,0.1666666666666666,0.1041235446365832,0.1032275048962536,0.130154430795729,0.1255712999915001,1.4310422995773542,5.486673385429579,77.13674963504421,1115.623779296875,14.099682807922363,17.655625982755524,0.89662147323276,849.8687744140625,10.031455993652344,18.83728488033026,0.922283587443297,0.0547075048089027,0.015080071054399,0.0354759395122528,0.022463085129857,0.0408278480172157,0.2617765367031097,0.2617765367031097,0.0552084700132399,0.150547116480455,5.0,,,,,0.150547116480455,True,266,17,success,-1,True,False,False,-1,,white_yellow_mug_1,False,-1,False,-1,False,0.0,1.0,149,111,0.0745003069903761,1.678696987261568,0.2135302142424202,3.4954395296505685,97010825.61456688,0.7382234632968903,0.0,9.058954605486316e-18,,,0.1032342846791282,0.0222609489066165,,,,,,False,False
libero_10,9,13,2,1,144097,0,144097,9,144,put the yellow and white mug in the microwave and close it,-1,-1,none,-1,-1,-1,-1,4.0,0.0010614020284265,0.0037744503933936,0.0021706332918256,0.0014918762026354,0.0007367939106188,0.0007438039174303,0.0051401490345597,0.297643780708313,0.0003235346812289,0.0007853507995605,0.0008655928540974,0.0014838821953162,0.5362958908081055,1.5811388492584229,16.07793426513672,0.4470587074756622,1.0897247791290283,15.239750862121582,0.0058242725208401,0.0104322619736194,0.016524514183402,0.0054730279371142,0.0097229853272438,0.0178774315863847,0.0054534561932086,0.0096428086981177,0.0171144027262926,0.0078609365737065,0.0079354532063007,0.0107563065830618,0.0111882453784346,0.0199283231049776,0.0204171668738126,0.0073936287080869,0.0075210025534033,0.0078902735840529,0.0079748788848519,0.0070193165447562,0.0070772813633084,0.0070193165447562,0.0070772813633084,first,1.0,0.0,0.2975300848484039,-0.3514178395271301,0.0,0.2975300848484039,1.0,0.2981988787651062,False,0.297643780708313,0.0003235346812289,0.0007853507995605,0.0199283231049776,0.0004128071013838,0.0070193167775869,5.658235750161112e-05,153097,153098,160,16,0,False,False,0.5,0.5,0.0706119903677732,0.0788776392160813,3.272998887402317e-07,3.272998563286223e-07,0.0,0.0,0.0,0.0,191.0,13.0,186.0,0.6289804847554583,0.7414517509860746,0.1,0.0998707725879352,0.0871824363793046,0.124838465734919,0.3925447495368655,10.845194907404942,64.91395357167741,13280.35551590479,1498.429931640625,15.950799942016602,16.37443921236097,0.8567071901971111,550.2787475585938,8.02066707611084,20.72497620719412,0.944250699923217,0.0336074382066726,0.0085547612980008,0.0278047621250152,0.014807722531259,0.0113727822899818,0.2975300848484039,0.2975300848484039,0.0588653983259619,0.1500054178606468,5.0,,,,,0.1500054178606468,True,266,17,success,-1,True,False,False,-1,,white_yellow_mug_1,False,-1,False,-1,False,0.0,1.0,149,111,0.0745003069903761,1.678696987261568,0.2135302142424202,3.4954395296505685,97010825.61456688,0.7024699151515961,0.0,7.485840076190705e-18,,,0.085894312122191,0.0584272616469716,,,,,,False,False
libero_10,9,13,2,1,144097,0,144097,10,160,put the yellow and white mug in the microwave and close it,-1,-1,none,-1,-1,-1,-1,4.0,0.002432839712128,0.0130388624966144,0.0147199314087629,0.0042962403967976,0.0011610017390921,0.0006581526831723,0.0130966268479824,0.3467237949371338,0.0002252576377941,0.0006063282489776,0.0010178104275837,0.0016670555341988,0.5513280630111694,1.6393595933914185,21.19404411315918,0.6268048882484436,1.299038052558899,31.03526306152344,0.0068565751425921,0.0126997316256165,0.024583438411355,0.0056104897521436,0.0098429694771766,0.0181449986994266,0.0053060157224535,0.0095200622454285,0.0191988442093133,0.0083844079636037,0.0085086449980735,0.0113366139121353,0.0121072567999362,0.0239143157377839,0.0249478071928024,0.0078635939862579,0.0079575609415769,0.008280772017315,0.0084084449335932,0.0067957867868244,0.0069729448296129,0.0067957867868244,0.0069729448296129,first,1.0,0.0,0.3468251824378967,0.4500957429409027,0.0,0.3468251824378967,2.0,0.3470233082771301,False,0.3467237949371338,0.0002252576377941,0.0006063282489776,0.0239143166691064,0.0007127995486371,0.0067957867868244,0.0001272428198717,154097,154099,176,16,0,False,False,0.5,0.0,0.0483876339542387,0.0763237979016699,3.272998887402317e-07,3.272998563286223e-07,0.0,0.0,0.0,0.0,17.0,3.0,16.0,0.4129241738869884,0.7791725528903644,0.1111111111111111,0.0647436546329179,0.0446707660675405,0.0809295682911474,0.47435935835649,4.926167701206219,16.57145884181925,2189.72147101197,1989.2327880859373,18.886905670166016,15.143947518684314,0.8121495391188455,1189.8787841796875,13.372780799865724,17.37577639847853,0.8899706588205081,0.064246229827404,0.0152723705396056,0.0458419024944305,0.0566599443554878,0.0301813501864671,0.3468251824378967,0.3468251824378967,0.0580629937871446,0.2109958542175403,5.0,,,,,0.2109958542175403,True,266,17,success,-1,True,False,False,-1,,white_yellow_mug_1,False,-1,False,-1,False,0.0,1.0,149,111,0.0745003069903761,1.678696987261568,0.2135302142424202,3.4954395296505685,97010825.61456688,0.6531748175621033,0.0,5.102356614892107e-18,,,0.0081398477296102,0.0711792669885726,,,,,,False,False
libero_10,9,13,2,1,144097,0,144097,11,176,put the yellow and white mug in the microwave and close it,-1,-1,none,-1,-1,-1,-1,4.0,0.001667300472036,0.0055634044110774,0.0064272694289684,0.0024246554821729,0.001264507533051,0.0006036144914105,0.0083196572959423,0.4281218647956848,0.0004852989513892,0.0013606548309326,0.0005597328417934,0.0010874125873669,0.5356322526931763,1.5,21.97726058959961,0.6245149374008179,1.4790199995040894,34.65544509887695,0.0064158658497035,0.0114666335284709,0.0199043601751327,0.0055355601944029,0.0097718946635723,0.0171286817640066,0.005460194312036,0.0096833696588873,0.0177797805517911,0.0083748123142868,0.0085194064304232,0.0114515714813023,0.0118254730477929,0.024569890461862,0.0256027691066265,0.0075299935415387,0.0075826081447303,0.0077692513586953,0.0079062338918447,0.0069373957812786,0.007130158599466,0.0069373957812786,0.007130158599466,first,1.0,0.0,0.4281912446022033,0.142963021993637,0.0,0.4281912446022033,3.0,0.4287383258342743,False,0.4281218647956848,0.0004852989513892,0.0013606548309326,0.0245698895305395,0.0006908923969604,0.0069373957812786,0.0001287460181629,155097,155100,192,16,0,False,False,0.5,0.0,0.0457800263808372,0.1150935033944746,3.272998887402317e-07,3.272998563286223e-07,0.0,0.0,0.0,0.0,0.0,0.0,0.0,0.7564329016715627,0.8272859286815156,0.0333333333333333,0.1486693357824546,0.1366402965200658,0.1858366697280682,0.3959506940342786,3.554562643467704,5.197862876721293,140.11539236935337,1117.485595703125,13.662421226501465,17.648384270477987,0.8952015868883639,511.5994873046875,7.495190143585205,21.04150260285799,0.9538248060337722,0.0209193173795938,0.0056727710179984,0.0144423246383667,0.009181541390717,0.0185867585241794,0.4281912446022033,0.4281912446022033,0.0471850344054738,0.2202319254711298,5.0,,,,,0.2202319254711298,True,266,17,success,-1,True,False,False,-1,,white_yellow_mug_1,False,-1,False,-1,False,0.0,1.0,149,111,0.0745003069903761,1.678696987261568,0.2135302142424202,3.4954395296505685,97010825.61456688,0.5718087553977966,0.0,2.600990899633173e-18,,,0.0004266580375416,0.0152665885186978,,,,,,False,False
libero_10,9,13,2,1,144097,0,144097,12,192,put the yellow and white mug in the microwave and close it,-1,-1,none,-1,-1,-1,-1,4.0,0.0018309479346498,0.0074805854819715,0.0115018282085657,0.0029355448205024,0.0011299884645268,0.0006200353382155,0.0093695968389511,0.5031049847602844,0.0001420464977854,0.000386893749237,0.0004783832700923,0.0007186189759522,0.4687115550041199,1.2247449159622192,15.51410675048828,0.6383188962936401,2.2360680103302,18.828170776367188,0.0064477520063519,0.0116713987663388,0.0213773548603057,0.0056015471927821,0.0099557815119624,0.0178554989397525,0.0052852774970233,0.0093885883688926,0.0161059740930795,0.008212323533371,0.0082892049103975,0.0107046328485012,0.0110896304249763,0.0241254544816911,0.0246235840022563,0.0076032459037378,0.0076967412605881,0.0079022706486284,0.0080044092610478,0.0068134777247905,0.0068822801113128,0.0068134777247905,0.0068822801113128,first,1.0,0.0,0.5030902624130249,-0.1036445647478103,0.0,0.5030902624130249,3.0,0.5033338069915771,False,0.5031049847602844,0.0001420464977854,0.000386893749237,0.0241254530847072,0.0002887227165047,0.0068134777247905,6.408418994396925e-05,156097,156100,208,16,0,False,False,0.5,0.0,0.0450296941530856,0.2501904093785645,3.272998887402317e-07,3.272998563286223e-07,0.0,0.0,0.0,0.0,0.0,0.0,0.0,0.7159269504536685,0.8277233314461304,0.0666666666666666,0.1387623993987549,0.1319877243940824,0.1734529992484437,0.2978093632741351,2.2116627385541614,7.014069891170056,86.70878505869098,715.7327270507812,11.24509048461914,19.583294849804908,0.9288202767465225,1151.94873046875,14.254145622253418,17.51647210400509,0.8893742426086994,0.0254486929625272,0.0070374216884374,0.0143095254898071,0.0167657826095819,0.0191236846148967,0.5030902624130249,0.5030902624130249,0.4035729294000126,2.017788500800361,5.0,,,,,2.017788500800361,True,266,17,success,-1,True,False,False,-1,,white_yellow_mug_1,False,-1,False,-1,False,0.0,1.0,149,111,0.0745003069903761,1.678696987261568,0.2135302142424202,3.4954395296505685,97010825.61456688,0.4969097375869751,0.0,4.247122867173042e-18,,,6.295068867366227e-05,1.3195511028041737e-05,,,,,,False,False
libero_10,9,13,2,1,144097,0,144097,13,208,put the yellow and white mug in the microwave and close it,-1,-1,none,-1,-1,-1,-1,4.0,0.0015086095081642,0.0041219745762646,0.0045683281496167,0.0020969754550606,0.0011868161382153,0.0007088922429829,0.007107425481081,0.6012170314788818,0.000136846472742,0.0003596544265747,0.0009478940046392,0.001682560541667,0.4521068036556244,1.1180340051651,25.40669250488281,0.9360951781272888,3.2015621662139893,39.909271240234375,0.0061996383592486,0.0110028488561511,0.0175851117819547,0.0056558963842689,0.0100419800728559,0.017159879207611,0.0052551911212503,0.0093427188694477,0.0179892051964998,0.0082766104023903,0.0083162272348999,0.0108184884302318,0.0116539234295487,0.0229508085176348,0.0237452052533626,0.0079165655188262,0.0080124642699956,0.0082759370561689,0.0084760133177042,0.0068402440520003,0.0069058970548212,0.0068402440520003,0.0069058970548212,first,1.0,0.0,0.6013810634613037,1.1986570358276367,0.0,0.6013810634613037,0.0,0.6013810634613037,True,0.6012170314788818,0.000136846472742,0.0003596544265747,0.0229508094489574,0.0004732302331831,0.0068402444012463,5.6012046115938574e-05,157097,157097,224,16,0,False,False,0.5,0.0,0.0450277874429386,0.3260791136384453,3.272998887402317e-07,3.272998563286223e-07,0.0,0.0,0.0,0.0,0.0,0.0,0.0,0.9855439748575066,1.0277135204593826,0.0444444444444444,0.1944969157284177,0.1895372808140888,0.2431211446605221,0.3198187401293853,2.108378324136843,4.215426268358152,32.03287105173854,609.4804077148438,10.597649574279783,20.281206114682128,0.9397638609899688,2877.097900390625,27.950082778930664,13.541257207794498,0.7045545258715329,0.0542992539703846,0.0132939023897051,0.0429957509040832,0.0453013181686401,0.0296247191727161,0.6013810634613037,0.6013810634613037,0.4034599205326,2.017247715645516,5.0,,,,,2.017247715645516,True,266,17,success,-1,True,False,False,-1,,white_yellow_mug_1,False,-1,False,-1,False,0.0,1.0,149,111,0.0745003069903761,1.678696987261568,0.2135302142424202,3.4954395296505685,97010825.61456688,0.3986189365386963,0.0,4.874851741879667e-18,,,2.9823767578706263e-05,2.206324990588291e-05,,,,,,False,False
libero_10,9,13,2,1,144097,0,144097,14,224,put the yellow and white mug in the microwave and close it,-1,-1,none,-1,-1,-1,-1,4.0,0.0021376153454184,0.0075817625038325,0.0112654669210314,0.0031358071137219,0.0014927681768313,0.0010775811970233,0.0104133076965808,0.708196759223938,0.0004430922272149,0.0011088848114013,0.0007641502306796,0.0015083273174241,0.4369871616363525,1.1180340051651,14.04457187652588,0.6075268983840942,1.4790199995040894,20.897069931030277,0.0067944712936878,0.0124061796814203,0.0208971984684467,0.0055122110061347,0.0097184674814343,0.0178536660969257,0.0056442422792315,0.0100740669295191,0.0201986972242593,0.0087806766387075,0.0088391378521919,0.0123408718500286,0.0138085391372442,0.0254619871266186,0.0264736320823431,0.0078023362439125,0.0079696215689182,0.0081759854219853,0.0083077289164066,0.0072561927372589,0.0074320677667856,0.0072561927372589,0.0074320677667856,first,1.0,0.0,0.7074441313743591,-1.698580622673035,0.0,0.7074441313743591,3.0,0.7085530161857605,False,0.708196759223938,0.0004430922272149,0.0011088848114013,0.0254619866609573,0.0008703166386112,0.0072561930865049,0.0001539085787953,158097,158100,240,16,0,False,False,0.5,0.0,0.0450458322964643,0.407387964250061,3.272998887402317e-07,3.272998563286223e-07,0.0,0.0,0.0,0.0,0.0,0.0,0.0,0.7140425906851218,0.975173459686326,0.0777777777777777,0.1567182885157225,0.1489734776616424,0.1958978606446531,0.3891290664614452,3.598947370676272,8.4442866369858,163.97421850984043,715.0762329101562,11.247196197509766,19.58728017294253,0.928393537056671,1158.7987060546875,12.809124946594238,17.49072359280631,0.8712724216864902,0.0253481548279523,0.0066429655998945,0.017257273197174,0.0097112776711583,0.0229771584272384,0.7074441313743591,0.7074441313743591,0.0888955539446661,0.4441229707759227,5.0,,,,,0.4441229707759227,True,266,17,success,-1,True,False,False,-1,,white_yellow_mug_1,False,-1,False,-1,False,0.0,1.0,149,111,0.0745003069903761,1.678696987261568,0.2135302142424202,3.4954395296505685,97010825.61456688,0.2925558686256408,0.0,2.4091213344165145e-18,,,2.022969819713757e-05,0.0003345692492107,,,,,,False,False
libero_10,9,13,2,1,144097,0,144097,15,240,put the yellow and white mug in the microwave and close it,-1,-1,none,-1,-1,-1,-1,4.0,0.0013185364659875,0.0050734835676848,0.0059997783973813,0.002050339244306,0.0007630617474205,0.0007895523449406,0.0065948870033025,0.8041317462921143,0.0003048997605219,0.0008025169372558,0.0008544613374397,0.0015427635516971,0.5519011616706848,1.658312439918518,17.670597076416016,0.6385030150413513,1.2247449159622192,51.86219787597656,0.0061035486869513,0.0108208693563938,0.0198197811841964,0.0054618529975414,0.0096870874986052,0.0186711270362138,0.0056755421683192,0.0100943250581622,0.0213043317198753,0.0083063647616654,0.0083804996684193,0.01061711483635,0.0113501492887735,0.0229911203496158,0.023429287597537,0.0075915491906926,0.0076295905746519,0.0079387952573597,0.008194743655622,0.0073901588330045,0.007729479111731,0.0073901588330045,0.007729479111731,first,1.0,0.0,0.8038393259048462,-0.9590705633163452,0.0,0.8038393259048462,2.0,0.804641842842102,False,0.8041317462921143,0.0003048997605219,0.0008025169372558,0.0229911208152771,0.0003863417950924,0.0073901591822505,0.0002167507045669,159097,159099,256,16,0,False,False,0.5,0.0,0.0450364452786923,0.3194123104639841,3.272998887402317e-07,3.272998563286223e-07,0.0,0.0,0.0,0.0,6.0,1.0,0.0,0.8046013566413568,0.9580004265511602,0.0222222222222222,0.1333522570837132,0.122173760672818,0.1666903213546415,0.4752630095969153,5.892508949494703,17.958464482760885,813.0609653765786,1050.9444580078125,13.790424346923828,17.915005965219876,0.8951323209879039,1132.98046875,11.53940773010254,17.58857937665777,0.8784733192006876,0.0127662448212504,0.0038989682216197,0.0063534528017044,0.0070657739415764,0.0086852181702852,0.8038393259048462,0.8038393259048462,0.0655384762700035,0.3273418719891386,5.0,,,,,0.3273418719891386,True,266,17,success,-1,True,False,False,-1,,white_yellow_mug_1,False,-1,False,-1,False,0.0,1.0,149,111,0.0745003069903761,1.678696987261568,0.2135302142424202,3.4954395296505685,97010825.61456688,0.1961606740951538,0.0,2.2602191358285764e-18,,,2.679530331243805e-05,0.0003237140575664,,,,,,False,False
libero_10,9,13,2,1,144097,0,144097,16,256,put the yellow and white mug in the microwave and close it,-1,-1,none,-1,-1,-1,-1,4.0,0.001632927567698,0.0076397401280701,0.0069316308945417,0.0026277229189872,0.00095011171652,0.0006969885434955,0.0081795314326882,0.9454408288002014,0.0002012364857364,0.0005542635917663,0.0004517918277997,0.0008461197139695,0.4702789485454559,1.4142135381698608,12.336429595947266,0.4399572312831878,0.8660253882408142,31.72538375854492,0.006208305247128,0.0111451456323266,0.0202339962124824,0.0054783420637249,0.0097751701250672,0.0167694017291069,0.005860986188054,0.0104374093934893,0.0185493193566799,0.0080775008536875,0.00813480746001,0.0106084768194705,0.0110085792839527,0.0213568247854709,0.0221932623535394,0.0074797916458919,0.0076377838850021,0.0078378933249041,0.0079832961782813,0.007593726972118,0.0076724849641323,0.007593726972118,0.0076724849641323,first,1.0,0.0,0.9456722736358644,1.1501137018203735,0.0,0.9456722736358644,0.0,0.9456722736358644,True,0.9454408288002014,0.0002012364857364,0.0005542635917663,0.0213568247854709,0.00075909786392,0.0075937267392873,7.675780216231942e-05,160097,160097,266,10,0,False,True,1.0,0.5,0.045032114194302,0.255139827319629,3.272998887402317e-07,3.272998563286223e-07,0.0,0.0,0.0,0.0,9.0,1.0,0.0,0.8541931128225938,0.9212113694184408,0.0555555555555555,0.0814030258223469,0.0810596100672808,0.1628060516446939,0.2350790956180533,4.073915041859562,13.872517211625402,59.06279780858933,890.5580444335938,12.708267211914062,18.63418129875289,0.91052731503733,1481.3660888671875,14.033648490905762,16.424179622199617,0.8555416519614085,0.0977696403861045,0.0220160856842994,0.0830680206418037,0.0845978707075119,0.0489470399916172,0.0543277263641357,0.9456722736358644,0.0369392254934461,0.1661315975869606,5.0,,,,,0.1661315975869606,True,266,17,success,-1,True,False,False,-1,,white_yellow_mug_1,False,-1,False,-1,False,0.0,1.0,149,111,0.0745003069903761,1.678696987261568,0.2135302142424202,3.4954395296505685,97010825.61456688,0.0543277263641357,0.0,1.821898365049888e-18,,,0.0135636209577544,0.0050009089225154,,,,,,False,False
libero_10,9,14,2,2,144194,0,144194,0,0,put the yellow and white mug in the microwave and close it,-1,-1,none,-1,-1,-1,-1,4.0,0.0025577773340046,0.0185586288571357,0.0188127923756837,0.0041209966875612,0.0015912926755845,0.0007675742963328,0.0151460291817784,0.0704615339636802,0.0004042849177494,0.0010076165199279,0.0008490323089063,0.0019512957660481,0.8042736649513245,2.2776083946228027,46.69783020019531,2.288182258605957,9.575359344482422,88.1004409790039,0.0072343833744525,0.0142249222844839,0.0315242372453212,0.0055797016248106,0.0099445460364222,0.0175668653100729,0.0059423032216727,0.0106137357652187,0.0196414068341255,0.0080252913758158,0.0080870101228356,0.0110134095884859,0.0128616755828261,0.0225379718467593,0.0231077428907156,0.0073542611207813,0.0074485084041953,0.0076528915669769,0.0077287591993808,0.0077499160543084,0.0078019155189394,0.0077499160543084,0.0078019155189394,first,1.0,0.0,0.0701455175876617,-0.7816674709320068,0.0,0.0701455175876617,3.0,0.0711531341075897,False,0.0704615339636802,0.0004042849177494,0.0010076165199279,0.0225379727780818,0.0003586162056308,0.0077499160543084,5.242007682682015e-05,144194,144197,16,16,0,False,False,0.0,0.0,3.223658211481961e-07,0.2717439102963462,3.272998887402317e-07,3.272998563286223e-07,0.0,0.0,0.0,0.0,0.0,0.0,0.0,0.4891750736418806,0.6028848347989112,0.0,0.0800444361461034,0.0795430689053714,0.1000555451826293,0.1881130443916696,1.6265142017104135,5.126189196508991,161.21296948275454,675.5052490234375,11.126574516296388,19.83451632805113,0.931107619366475,991.770751953125,12.403844833374023,18.166690643867675,0.8771882051242346,0.0183602627366781,0.0048674726858735,0.0106487125158309,0.0122455973178148,0.0136358691379427,0.0701455175876617,0.0701455175876617,0.0411492929493955,0.2057457312443754,5.0,,,,,0.2057457312443754,True,269,17,success,-1,True,False,False,-1,,white_yellow_mug_1,False,-1,False,-1,False,0.0,1.0,151,112,0.07947054157244,1.6821679851242517,0.2141872939363177,3.3182462026756143,66288748.27474002,0.9298544824123384,3.447524065394838e-07,2.9453379877814294e-08,,,3.395531409381535e-07,1.9743674801436707e-08,,,,,,False,False
libero_10,9,14,2,2,144194,0,144194,1,16,put the yellow and white mug in the microwave and close it,-1,-1,none,-1,-1,-1,-1,4.0,0.001519804704003,0.0059585659764707,0.0050254818052053,0.0022764971945434,0.0010015974985435,0.0008043482666835,0.007657750044018,0.103580005466938,0.0003981601621489,0.0010249018669128,0.0004428526735864,0.0009289451991207,0.4468258619308471,1.299038052558899,12.234683990478516,0.7082586288452148,1.9202864170074463,31.86691093444824,0.0060533736832439,0.0108059663325548,0.0195540226995944,0.005500107537955,0.0098599912598729,0.017752144485712,0.005774840246886,0.0102460840716958,0.0173872653394937,0.0075991998892277,0.0076896590180695,0.0098932026885449,0.0104270325973629,0.0206494103185832,0.0219596475362777,0.007291063084267,0.0073068737983703,0.0075079874368384,0.0075545595027506,0.0074379569850862,0.0074944151565432,0.0074379569850862,0.0074944151565432,first,1.0,0.0,0.1032298505306243,-0.8794323801994324,0.0,0.1032298505306243,3.0,0.1042547523975372,False,0.103580005466938,0.0003981601621489,0.0010249018669128,0.0206494107842445,0.0008517295354977,0.0074379574507474,7.173477206379175e-05,145194,145197,32,16,0,False,False,0.0,0.0,3.223658211481961e-07,0.2231830550586201,3.272998887402317e-07,3.272998563286223e-07,0.0,0.0,0.0,0.0,0.0,0.0,0.0,0.42584648246748,0.5013951268272413,0.0444444444444444,0.0616113449144273,0.0555231293115222,0.0770141811430341,0.1763232245939522,1.3790852251272605,2.8411166114387694,141.3701772054755,758.1009521484375,12.240693092346191,19.33353318769221,0.9239851125718652,702.2987670898438,10.250517845153809,19.66558454870173,0.9190745536442064,0.0125890392810106,0.0027021642308682,0.0102640986442565,0.0065575712360441,0.0104007888585329,0.1032298505306243,0.1032298505306243,0.5607824347443712,2.803912173721856,5.0,,,,,2.803912173721856,True,269,17,success,-1,True,False,False,-1,,white_yellow_mug_1,False,-1,False,-1,False,0.0,1.0,151,112,0.07947054157244,1.6821679851242517,0.2141872939363177,3.3182462026756143,66288748.27474002,0.8967701494693756,0.0,5.780208003137146e-17,,,0.0,7.67319774264094e-18,,,,,,False,False
libero_10,9,14,2,2,144194,0,144194,2,32,put the yellow and white mug in the microwave and close it,-1,-1,none,-1,-1,-1,-1,4.0,0.0012312909821048,0.0050472947768867,0.0038844887167215,0.0015090159140527,0.00110123550985,0.0007882827194407,0.0058089816011488,0.1124235987663269,0.0002295131998835,0.00061696767807,0.0005888412124477,0.0014217427233234,0.5123520493507385,1.4790199995040894,19.170289993286133,0.7230849862098694,2.2776083946228027,25.233905792236328,0.006099680904299,0.0109060816466808,0.0232864413410425,0.0055548530071973,0.0098381312564015,0.0179236400872468,0.0057442924007773,0.0102683277800679,0.0181600954383611,0.0079201948828995,0.0080883484333753,0.009905103361234,0.0104658566415309,0.0212918543256819,0.022829633206129,0.0075221677543595,0.0076337158679962,0.0079837890807539,0.0081015098839998,0.0074070419650524,0.0075849955901503,0.0074070419650524,0.0075849955901503,first,1.0,0.0,0.1126661598682403,1.0568503141403198,0.0,0.1126661598682403,0.0,0.1126661598682403,True,0.1124235987663269,0.0002295131998835,0.00061696767807,0.0212918557226657,0.0010234945220872,0.0074070417322218,0.000136443064548,146194,146194,48,16,0,False,False,0.0,0.0,3.223658211481961e-07,0.1986505543005902,3.272998887402317e-07,3.272998563286223e-07,0.0,0.0,0.0,0.0,0.0,0.0,0.0,0.3858882854169441,0.4094630632318504,0.0444444444444444,0.0313747753066243,0.027617573676282,0.0392184691332803,0.118521044029409,1.5437021063422878,9.649789731938505,1771.5566494866075,906.9161376953124,12.696109771728516,18.5551323105151,0.9150698620719436,1068.5782470703125,12.95004940032959,17.84274031815975,0.8890947778006273,0.0120592769235372,0.0032139734830707,0.0081934928894042,0.0091110868379473,0.0067019374109804,0.1126661598682403,0.1126661598682403,0.0937615301498734,0.4688076507493672,5.0,,,,,0.4688076507493672,True,269,17,success,-1,True,False,False,-1,,white_yellow_mug_1,False,-1,False,-1,False,0.0,1.0,151,112,0.07947054157244,1.6821679851242517,0.2141872939363177,3.3182462026756143,66288748.27474002,0.8873338401317596,0.0,1.2553739262888344e-17,,,0.0,6.066661663644613e-18,,,,,,False,False
libero_10,9,14,2,2,144194,0,144194,3,48,put the yellow and white mug in the microwave and close it,-1,-1,none,-1,-1,-1,-1,4.0,0.0016945842653512,0.0048470078036189,0.006318962201476,0.002734295092523,0.0009791729971766,0.0007216843659989,0.0083331288769841,0.114833578467369,0.0002120326826116,0.0005907118320465,0.0005947843310423,0.0012283560354262,0.5073425769805908,1.5,12.09338665008545,0.6015899777412415,1.2247449159622192,25.791229248046875,0.0061353528872132,0.0108071099966764,0.0192801840603351,0.0055001694709062,0.0098008699715137,0.0174668319523334,0.0056705479510128,0.0100597236305475,0.0195969510823488,0.0078499268274754,0.0078918654471635,0.0100448420271277,0.0103282686322927,0.0211284756660461,0.0222177188843488,0.0074324931483715,0.0075328317470848,0.0076858424581587,0.0078458469361066,0.00733637297526,0.0075288512744009,0.00733637297526,0.0075288512744009,first,1.0,0.0,0.1148615479469299,0.1319111734628677,0.0,0.1148615479469299,2.0,0.115092784166336,False,0.114833578467369,0.0002120326826116,0.0005907118320465,0.0211284756660461,0.0008972337818704,0.00733637297526,0.0001196958473883,147194,147196,64,16,0,False,False,0.0,0.0,3.223658211481961e-07,0.1606856575608597,3.272998887402317e-07,3.272998563286223e-07,0.0,0.0,0.0,0.0,0.0,0.0,0.0,0.4452697853168321,0.5457012846097234,0.0,0.0734854497097733,0.0712287973188319,0.0918568121372167,0.1718142450754221,1.81009599758791,3.873144326834132,161.23714758894587,1172.6029052734375,15.014189720153809,17.43929394997761,0.8938153203711685,831.6304321289062,10.010509490966797,18.93149987635324,0.905044400744456,0.0163859669119119,0.0046389894559979,0.0099582374095916,0.0118508422747254,0.0106318211182951,0.1148615479469299,0.1148615479469299,0.0455461022971616,0.2277305114858084,5.0,,,,,0.2277305114858084,True,269,17,success,-1,True,False,False,-1,,white_yellow_mug_1,False,-1,False,-1,False,0.0,1.0,151,112,0.07947054157244,1.6821679851242517,0.2141872939363177,3.3182462026756143,66288748.27474002,0.8851384520530701,0.0,4.4745562291839285e-18,,,0.0,5.045065896154588e-18,,,,,,False,False
libero_10,9,14,2,2,144194,0,144194,4,64,put the yellow and white mug in the microwave and close it,-1,-1,none,-1,-1,-1,-1,4.0,0.0017112201312556,0.0063831293955445,0.0057772435247898,0.0032423306256532,0.0005404392140917,0.000630232039839,0.0096326656639575,0.1380408108234405,0.0004391584661789,0.0011159181594848,0.0005358696216717,0.0009923813631758,0.4933008253574371,1.5,18.389875411987305,0.4017647802829742,0.829156219959259,18.668153762817383,0.0060152616351842,0.0108017139136791,0.0201420206576585,0.005437072366476,0.0095945093780756,0.016537494957447,0.0056172185577452,0.0099775912240147,0.0175572857260704,0.0076869779732078,0.0077632595784962,0.0096811188850551,0.0099038854241371,0.0212743189185857,0.0214365813881158,0.0072844160022214,0.0073073077946901,0.0075038771610707,0.0075675519183278,0.0072090182220563,0.0073303580284118,0.0072090182220563,0.0073303580284118,first,1.0,0.0,0.1373270153999328,-1.625370979309082,0.0,0.1373270153999328,3.0,0.1384429335594177,False,0.1380408108234405,0.0004391584661789,0.0011159181594848,0.0212743189185857,0.000101263882243,0.0072090183384716,7.364861812675372e-05,148194,148197,80,16,0,False,False,0.0,0.0,3.223658211481961e-07,0.1120048172615843,3.272998887402317e-07,3.272998563286223e-07,0.0,0.0,0.0,0.0,0.0,0.0,0.0,0.3093259013494816,0.389794743399718,0.0666666666666666,0.0618374743177572,0.057306976142268,0.0772968428971965,0.1958433767370601,1.7198092814300232,2.995592927197119,218.9882879345995,963.3411865234376,13.299087524414062,18.293002324332125,0.9142783145403188,553.8812866210938,7.441061019897461,20.69663668504195,0.9334640224070792,0.0125855850055813,0.0035325139760971,0.0072312355041503,0.0063790357671678,0.010652145370841,0.1373270153999328,0.1373270153999328,0.5658754249671821,2.8293771248359105,5.0,,,,,2.8293771248359105,True,269,17,success,-1,True,False,False,-1,,white_yellow_mug_1,False,-1,False,-1,False,0.0,1.0,151,112,0.07947054157244,1.6821679851242517,0.2141872939363177,3.3182462026756143,66288748.27474002,0.8626729846000671,0.0,1.1560313608160981e-17,,,0.0,6.6163022559712364e-18,,,,,,False,False
libero_10,9,14,2,2,144194,0,144194,5,80,put the yellow and white mug in the microwave and close it,-1,-1,none,-1,-1,-1,-1,4.0,0.0056164301931858,0.4739415943622589,0.0054649268276989,0.002068082569167,0.0004574246704578,0.0317384898662567,0.0476490668952465,0.1590288281440735,0.0006955447606742,0.0016239881515502,0.0059990240260958,0.027268536388874,0.5160752534866333,1.5811388492584229,13.273564338684082,0.7434121370315552,1.0897247791290283,70.36467742919922,0.0102208852767944,0.011299904435873,0.5469242930412292,0.0098303593695163,0.0284661501646041,0.0414367131888866,0.0057455622591078,0.0101291388273239,0.0245213732123374,0.0081445497926324,0.0085388664156198,0.0314043541438877,0.0528424158692359,0.0199054274708032,0.0205552708357572,0.0079114597756415,0.0080816764384508,0.0089380899444222,0.0094308815896511,0.007257062359713,0.0073993494734168,0.007257062359713,0.0073993494734168,first,1.0,0.0,0.1599509716033935,1.3257858753204346,0.0,0.1599509716033935,0.0,0.1599509716033935,True,0.1590288281440735,0.0006955447606742,0.0016239881515502,0.0199054274708032,0.0004313621320761,0.007257062010467,8.809573773760349e-05,149194,149194,96,16,0,False,False,0.0,0.0,6.873590834233223e-05,0.0794267371311933,3.272998887402317e-07,3.272998563286223e-07,0.0,0.0,0.0,0.0,14.0,4.0,14.0,0.3163812933112533,0.4239368467594372,0.0666666666666666,0.0517687974130908,0.0418240847266747,0.0647109967663635,0.2338466702114952,4.31177887318023,17.162281902111204,3921.87092916726,1208.3482666015625,14.943625450134276,17.30888237456356,0.891727201209499,492.0783386230469,7.630859375,21.210461131342484,0.9374387536232894,0.0950091779232025,0.0183561462908983,0.089679479598999,0.0232505165040493,0.0151167064905166,0.1599509716033935,0.1599509716033935,0.5696521399952438,2.828415091428268,5.0,,,,,2.828415091428268,True,269,17,success,-1,True,False,False,-1,,white_yellow_mug_1,False,-1,False,-1,False,0.0,1.0,151,112,0.07947054157244,1.6821679851242517,0.2141872939363177,3.3182462026756143,66288748.27474002,0.8400490283966064,0.0,1.025434752194892e-17,,,0.0063846877567714,0.0134609207911799,,,,,,False,False
libero_10,9,14,2,2,144194,0,144194,6,96,put the yellow and white mug in the microwave and close it,-1,-1,none,-1,-1,-1,-1,4.0,0.0032866194378584,0.0209958795458078,0.0095708332955837,0.006498672068119,0.0008182767778635,0.0010554892942309,0.0186618585139513,0.1996807008981704,0.0006520719616673,0.001444011926651,0.0019200092647224,0.0042522777803242,1.4803290367126465,5.522680282592773,64.4844970703125,1.1074916124343872,2.9580399990081787,36.3902473449707,0.007308121304959,0.0142476232722401,0.0318471454083919,0.0058897770941257,0.0105666210874915,0.0178153160959482,0.0057660862803459,0.0103802317753434,0.0189349856227636,0.0077333621447905,0.007783920969814,0.009414994623512,0.0097343008965253,0.0207152934744954,0.0211358200758695,0.0080492454580962,0.0081488462164998,0.0086715421639382,0.0088483961299061,0.0072946026921272,0.0075033828616142,0.0072946026921272,0.0075033828616142,first,1.0,0.0,0.2002158761024475,0.8207302689552307,0.0,0.2002158761024475,3.0,0.200438916683197,False,0.1996807008981704,0.0006520719616673,0.001444011926651,0.0207152944058179,0.0003347478632349,0.0072946026921272,0.0001612644264241,150194,150197,112,16,0,False,False,0.0,0.0,0.0395594732606374,0.0772881903934354,3.272998887402317e-07,3.272998563286223e-07,0.0,0.0,0.0,0.0,127.0,9.0,127.0,0.4154485319033059,0.7200684199565893,0.0777777777777777,0.069813685244212,0.0635459011128471,0.087267106555265,0.3062024868658791,3.1242283837843603,7.56364527266308,703.3389629141192,1001.6453857421876,13.803020477294922,18.12366366156884,0.9116922287468304,803.0286865234375,8.757586479187012,19.08349301048375,0.8986445303721001,0.2222229242324829,0.034446720033884,0.2127548456192016,0.007076587062329,0.015074455179274,0.2002158761024475,0.2002158761024475,0.040800238279212,0.1028550163289195,5.0,,,,,0.1028550163289195,True,269,17,success,-1,True,False,False,-1,,white_yellow_mug_1,False,-1,False,-1,False,0.0,1.0,151,112,0.07947054157244,1.6821679851242517,0.2141872939363177,3.3182462026756143,66288748.27474002,0.7997841238975525,0.0,5.692162241911352e-18,,,0.061094845730713,0.0400513293364278,,,,,,False,False
libero_10,9,14,2,2,144194,0,144194,7,112,put the yellow and white mug in the microwave and close it,-1,-1,none,-1,-1,-1,-1,4.0,0.0015721042873337,0.0066555617377161,0.0093624126166105,0.0027935181278735,0.0005772761069238,0.0008923470159061,0.0086353151127696,0.2242496311664581,0.000143519588164,0.0003572404384613,0.0006714811897836,0.0016884617507457,0.5439000129699707,1.658312439918518,30.816999435424805,0.4574403166770935,0.8660253882408142,19.937402725219727,0.0060075125657022,0.0108291301876306,0.0213328246027231,0.005434678401798,0.0096569703891873,0.0174894072115421,0.0054894709028303,0.0097662126645445,0.0199694689363241,0.0076798872323706,0.0078218998387455,0.0094094804953783,0.0097006987780332,0.0205655610188841,0.0213749539107084,0.0076470801141113,0.0079002073034644,0.0081014344468712,0.0082320580258965,0.0071347920456901,0.0074265887960791,0.0071347920456901,0.0074265887960791,first,1.0,0.0,0.2240082025527954,-1.6821997165679932,0.0,0.2240082025527954,1.0,0.2243654429912567,False,0.2242496311664581,0.000143519588164,0.0003572404384613,0.0205655619502067,0.0004832937556784,0.007134792394936,0.0001738490391289,151194,151195,128,16,0,False,False,0.0,0.0,0.07947054157244,0.0781493372002064,3.272998887402317e-07,3.272998563286223e-07,0.0,0.0,0.0,0.0,188.0,14.0,188.0,0.5263567659526996,0.6224679854069469,0.0666666666666666,0.1123073069771394,0.1070115900327456,0.1403841337214243,0.1824097628927815,1.4080121078267622,3.7818930207314096,53.62891732884519,830.7966918945312,12.278087615966797,18.93585602295666,0.9256619712102524,678.7825317382812,8.0320405960083,19.81349703514683,0.9267945548161608,0.039366565644741,0.010945095680654,0.0258725881576538,0.0168472044169902,0.0228519197553396,0.2240082025527954,0.2240082025527954,0.0547640774840376,0.1524403675564785,5.0,,,,,0.1524403675564785,True,269,17,success,-1,True,False,False,-1,,white_yellow_mug_1,False,-1,False,-1,False,0.0,1.0,151,112,0.07947054157244,1.6821679851242517,0.2141872939363177,3.3182462026756143,66288748.27474002,0.7759917974472046,0.0,1.0911565088926353e-17,,,0.1077485191018074,0.0136315007619023,,,,,,False,False
libero_10,9,14,2,2,144194,0,144194,8,128,put the yellow and white mug in the microwave and close it,-1,-1,none,-1,-1,-1,-1,4.0,0.0011437918292358,0.0081094251945614,0.00857849791646,0.0019285538000985,0.0004638868849724,0.0008292205166071,0.006040044594556,0.2576995193958282,0.0004766179190482,0.0012257695198059,0.0006132305134087,0.0009201174834743,0.5069312453269958,1.5,14.924811363220217,0.4277887642383575,0.8660253882408142,10.034316062927246,0.0057503534480929,0.0102617368102073,0.017688887193799,0.0054275756701827,0.0096314810216426,0.0185371097177267,0.0055506406351923,0.0098340399563312,0.0176020208746194,0.0074504106305539,0.0076965140178799,0.0091756442561745,0.0094892308115959,0.0192252015694975,0.0196670182049274,0.007395526045002,0.0076082977466285,0.0079815034987404,0.0083563961088657,0.0070993384579196,0.0072388048283755,0.0070993384579196,0.0072388048283755,first,1.0,0.0,0.2581147253513336,0.871150553226471,0.0,0.2581147253513336,0.0,0.2581147253513336,True,0.2576995193958282,0.0004766179190482,0.0012257695198059,0.019225200638175,0.0003275489434599,0.0070993388071656,0.0001340067974524,152194,152194,144,16,0,False,False,0.0,0.0,0.0785451594965481,0.0788196212061172,3.272998887402317e-07,3.272998563286223e-07,0.0,0.0,0.0,0.0,193.0,13.0,193.0,0.5082717653417037,0.5808737928946655,0.0777777777777777,0.1058944330559822,0.1051846647632943,0.1323680413199778,0.1189777904159249,1.3737012814670173,6.491685754894277,83.55139826134968,1020.8483276367188,13.554694175720217,18.04119139215412,0.9055659706194288,875.712890625,10.09276008605957,18.707186182333164,0.9201624880019578,0.0544609986245632,0.014675723388791,0.0360711216926574,0.0261356178671121,0.0412034131586551,0.2581147253513336,0.2581147253513336,0.0562893473660969,0.153581322869471,5.0,,,,,0.153581322869471,True,269,17,success,-1,True,False,False,-1,,white_yellow_mug_1,False,-1,False,-1,False,0.0,1.0,151,112,0.07947054157244,1.6821679851242517,0.2141872939363177,3.3182462026756143,66288748.27474002,0.7418852746486664,0.0,1.3374161320148222e-17,,,0.1051838423693292,0.0226815715916846,,,,,,False,False
libero_10,9,14,2,2,144194,0,144194,9,144,put the yellow and white mug in the microwave and close it,-1,-1,none,-1,-1,-1,-1,4.0,0.0011676213471218,0.0083338599652051,0.0028035631403326,0.0016889438265934,0.0005297269090078,0.0015173372812569,0.0059537957422435,0.2924139201641083,0.000260990258539,0.000710517168045,0.0005450034514069,0.0009027846972458,0.4918823838233948,1.4790199995040894,14.430870056152344,0.4229693114757538,1.0897247791290283,21.954498291015625,0.0058495020493865,0.0105775371193885,0.0282139293849468,0.0054251514375209,0.0096249114722013,0.0172909144312143,0.0054430961608886,0.0096508124843239,0.0179639551788568,0.0078518248628824,0.0079912059009075,0.0163168869912624,0.0192517451941967,0.0193369686603546,0.0201860312372446,0.0074139423668384,0.0075029674917459,0.0078013412421569,0.0078837173059582,0.0070176284061744,0.0072904177941381,0.0070176284061744,0.0072904177941381,first,1.0,0.0,0.2920090556144714,-1.5512630939483645,0.0,0.2920090556144714,3.0,0.2927195727825165,False,0.2924139201641083,0.000260990258539,0.000710517168045,0.0193369686603546,0.0006691187154501,0.0070176282897591,0.0001617209054529,153194,153197,160,16,0,False,False,0.5,0.5,0.0718957474869173,0.0789356774617275,3.272998887402317e-07,3.272998563286223e-07,0.0,0.0,0.0,0.0,192.0,13.0,190.0,0.6159981341871187,0.7445309050460198,0.0888888888888888,0.1044359549920329,0.0970353284296998,0.1305449437400411,0.3542462298648408,7.714852180710365,45.79721184564646,4711.936904562497,1403.964599609375,15.327054977416992,16.657242034930206,0.8659112712605078,406.076171875,6.748644828796387,22.044728545761323,0.9586355137404772,0.0183237772434949,0.0055168699473142,0.010780781507492,0.012865163385868,0.010146708227694,0.2920090556144714,0.2920090556144714,0.0586657530804589,0.1521822323915908,5.0,,,,,0.1521822323915908,True,269,17,success,-1,True,False,False,-1,,white_yellow_mug_1,False,-1,False,-1,False,0.0,1.0,151,112,0.07947054157244,1.6821679851242517,0.2141872939363177,3.3182462026756143,66288748.27474002,0.7079909443855286,0.0,1.846097129381996e-17,,,0.0958634927145979,0.0452830402961058,,,,,,False,False
libero_10,9,14,2,2,144194,0,144194,10,160,put the yellow and white mug in the microwave and close it,-1,-1,none,-1,-1,-1,-1,4.0,0.0170174688100814,0.9542608857154846,0.0378713645040988,0.0171247590333223,0.0021247656550258,0.0613737031817436,0.1284998804330825,0.3453704416751861,0.0004386395739857,0.0011282563209533,0.0026470455341041,0.0059237792156636,0.7805041670799255,2.4494898319244385,62.56396865844727,1.0737584829330444,2.549509763717652,78.01602172851562,0.0213830880820751,0.0334547087550163,0.9799154996871948,0.0062677259556949,0.0113045824691653,0.019556762650609,0.0054330606944859,0.0096623534336686,0.0191879849880933,0.0086651009041816,0.0088302968069911,0.0170113353524357,0.027386400848627,0.0255029005929827,0.0261640362441539,0.0078853068407624,0.0079810330644249,0.0082199659664183,0.008276654407382,0.0069084907881915,0.0073146852664649,0.0069084907881915,0.0073146852664649,first,1.0,0.0,0.3454793989658355,0.2483982294797897,0.0,0.3454793989658355,1.0,0.3460380434989929,False,0.3453704416751861,0.0004386395739857,0.0011282563209533,0.0255029015243053,0.0007621102267876,0.0069084907881915,0.000249775708653,154194,154195,176,16,0,False,False,0.5,0.0,0.0561805614825741,0.0762635808756124,3.272998887402317e-07,3.272998563286223e-07,0.0,0.0,0.0,0.0,40.0,13.0,37.0,0.423123290806537,0.7782879830987688,0.0777777777777777,0.0587936529340862,0.0366089513027297,0.0734920661676078,0.4579973254827063,7.168971342048583,21.6745529998474,5656.904349627271,2002.3216552734373,18.95609474182129,15.115465165510358,0.809172110634138,1138.46484375,13.161750793457031,17.56760736897092,0.8935077564285829,0.0612639635801315,0.0149526549503207,0.0374132990837097,0.0493898317217826,0.036066148430109,0.3454793989658355,0.3454793989658355,0.05381713196376,0.1947234220328668,5.0,,,,,0.1947234220328668,True,269,17,success,-1,True,False,False,-1,,white_yellow_mug_1,False,-1,False,-1,False,0.0,1.0,151,112,0.07947054157244,1.6821679851242517,0.2141872939363177,3.3182462026756143,66288748.27474002,0.6545206010341644,0.0,3.4464279072440128e-18,,,0.0151274068289185,0.059234830957015,,,,,,False,False
libero_10,9,14,2,2,144194,0,144194,11,176,put the yellow and white mug in the microwave and close it,-1,-1,none,-1,-1,-1,-1,4.0,0.0022134932223707,0.0089854001998901,0.0079221986234188,0.0038158011157065,0.0010742121376097,0.0008244113996624,0.011651580221951,0.4215207993984222,0.0001578709780005,0.0003876090049743,0.000649596157018,0.0007782744942232,0.597070574760437,1.785357117652893,23.09085273742676,0.6256929636001587,1.4142135381698608,28.94283103942871,0.0066189169883728,0.0118683213368058,0.0205240100622177,0.0056348228827118,0.010005802847445,0.0170157440006732,0.0053540430963039,0.009621906094253,0.0174975041300058,0.0083762290887534,0.0084516387432813,0.0117109147831797,0.0129845049232244,0.0244785635732114,0.025436233729124,0.0076553381513804,0.007815939374268,0.0080341503489762,0.0083174873143434,0.006896155537106,0.0073232436552643,0.006896155537106,0.0073232436552643,first,1.0,0.0,0.421322613954544,-1.2553633451461792,0.0,0.421322613954544,3.0,0.4217102229595184,False,0.4215207993984222,0.0001578709780005,0.0003876090049743,0.0244785621762275,0.0006929220980964,0.0068961554206907,0.0002579408464953,155194,155197,192,16,0,False,False,0.5,0.0,0.0459069966140996,0.1018776672328161,3.272998887402317e-07,3.272998563286223e-07,0.0,0.0,0.0,0.0,0.0,0.0,0.0,0.755964972462966,0.8360141234691281,0.0333333333333333,0.1445604600400847,0.135041704674581,0.1807005750501058,0.4082217562841174,3.1697413951444307,5.6004429488542,128.2287285736797,1197.8587646484375,14.146231651306152,17.346747459446267,0.8890245203346334,430.2742004394531,6.6563029289245605,21.793350546242877,0.9601979303412516,0.0186320655047893,0.0050030443817377,0.0117770433425903,0.0114069515839219,0.0144095085561275,0.421322613954544,0.421322613954544,0.0488953050366535,0.221816824938092,5.0,,,,,0.221816824938092,True,269,17,success,-1,True,False,False,-1,,white_yellow_mug_1,False,-1,False,-1,False,0.0,1.0,151,112,0.07947054157244,1.6821679851242517,0.2141872939363177,3.3182462026756143,66288748.27474002,0.5786773860454559,0.0,5.622078697074786e-18,,,0.0004713320375516,0.0221883682076237,,,,,,False,False
libero_10,9,14,2,2,144194,0,144194,12,192,put the yellow and white mug in the microwave and close it,-1,-1,none,-1,-1,-1,-1,4.0,0.0019286219030618,0.0081512117758393,0.0119111565873026,0.0034157384652644,0.0008556009852327,0.0006863344460725,0.0102844191715121,0.4878475069999695,0.0001293716195505,0.0003556013107299,0.0005841688835062,0.0012901091249659,0.4850327968597412,1.299038052558899,17.85181999206543,0.8026587963104248,2.7386128902435303,32.62188720703125,0.006421111524105,0.0115961758419871,0.0216270443052053,0.0055841784924268,0.0100074931979179,0.0167424771934747,0.0053703621961176,0.0095975510776042,0.0174488648772239,0.0082891986239701,0.0084443725645542,0.0113218405749648,0.0122772725299,0.0231106341816484,0.0247847083956003,0.0076419772813096,0.0077248271554708,0.007969367550686,0.0081176254898309,0.0069041332462802,0.0070699360221624,0.0069041332462802,0.0070699360221624,first,1.0,0.0,0.487864077091217,0.1280813515186309,0.0,0.487864077091217,1.0,0.4879961609840393,False,0.4878475069999695,0.0001293716195505,0.0003556013107299,0.0231106355786323,0.0010312478989362,0.0069041331298649,0.0001591024774825,156194,156195,208,16,0,False,False,0.5,0.0,0.045037363833683,0.2396830378775733,3.272998887402317e-07,3.272998563286223e-07,0.0,0.0,0.0,0.0,0.0,0.0,0.0,0.709034414476818,0.7590406473897704,0.0666666666666666,0.1384244256932915,0.1303878875149286,0.1730305321166143,0.2949000927298317,2.108392602692745,6.401264861519817,72.36871759821744,815.3379516601562,11.89910888671875,19.0174270290181,0.919058640215849,956.7781372070312,12.521278381347656,18.322691179263607,0.908381461224186,0.021994836628437,0.0053850668482482,0.0167399942874908,0.0114949746057391,0.0187243167310953,0.487864077091217,0.487864077091217,0.0796205336245044,0.3977480422865848,5.0,,,,,0.3977480422865848,True,269,17,success,-1,True,False,False,-1,,white_yellow_mug_1,False,-1,False,-1,False,0.0,1.0,151,112,0.07947054157244,1.6821679851242517,0.2141872939363177,3.3182462026756143,66288748.27474002,0.512135922908783,0.0,2.229290306751185e-18,,,3.812983932471202e-05,0.0003164959966126,,,,,,False,False
libero_10,9,14,2,2,144194,0,144194,13,208,put the yellow and white mug in the microwave and close it,-1,-1,none,-1,-1,-1,-1,4.0,0.0013522412627935,0.0057739140465855,0.0072282799519598,0.002159108640626,0.000756440043915,0.00071904232027,0.0070244651287794,0.5856059789657593,0.0001116418206947,0.0003067255020141,0.0006353551289066,0.0013139870716258,0.4600574672222137,1.2247449159622192,15.303186416625977,1.12824547290802,3.8971142768859854,43.59185791015625,0.0059472676366567,0.010609121993184,0.0195456836372613,0.0056788506917655,0.0100824292749166,0.0170437581837177,0.0053397780284285,0.0095539363101124,0.0167094971984624,0.0082257927861064,0.0083545241504907,0.0108545522671192,0.0114671280607581,0.0237256297841668,0.024213632568717,0.0079078387934714,0.0080063994973897,0.008303880225867,0.0084133651107549,0.0069021884119138,0.0069996914826333,0.0069021884119138,0.0069996914826333,first,1.0,0.0,0.5856397151947021,0.3021827042102813,0.0,0.5856397151947021,2.0,0.5857628583908081,False,0.5856059789657593,0.0001116418206947,0.0003067255020141,0.0237256288528442,0.0003401440917514,0.0069021880626678,6.311632751021534e-05,157194,157196,224,16,0,False,False,0.5,0.0,0.045028781873452,0.3147405318318996,3.272998887402317e-07,3.272998563286223e-07,0.0,0.0,0.0,0.0,0.0,0.0,0.0,0.977814919068862,1.0355781150584658,0.0333333333333333,0.1908812177571998,0.1855687453415455,0.2386015221964997,0.2965930424776988,1.91053394384479,3.528942890388448,27.51756958581656,714.0995483398438,11.181886672973633,19.59321602479566,0.9294411979988256,1708.449951171875,19.138551712036133,15.804781001494312,0.8137305548965559,0.0340034700930118,0.0072202351875603,0.0298419594764709,0.0302129574120044,0.0150281470268964,0.5856397151947021,0.5856397151947021,0.5681122146764237,2.8404743746261287,5.0,,,,,2.8404743746261287,True,269,17,success,-1,True,False,False,-1,,white_yellow_mug_1,False,-1,False,-1,False,0.0,1.0,151,112,0.07947054157244,1.6821679851242517,0.2141872939363177,3.3182462026756143,66288748.27474002,0.4143602848052978,0.0,4.8544740341811645e-18,,,2.7748848803138333e-05,5.8949907186385055e-05,,,,,,False,False
libero_10,9,14,2,2,144194,0,144194,14,224,put the yellow and white mug in the microwave and close it,-1,-1,none,-1,-1,-1,-1,4.0,0.0020177641417831,0.0072295977734029,0.0072622946463525,0.0032080858945846,0.0012284476542845,0.0008147465996444,0.0103513868525624,0.6886820197105408,0.0004476364119909,0.0011676549911499,0.0007484925445169,0.0013538936618715,0.431134432554245,1.1180340051651,13.827056884765623,0.5452561974525452,1.1180340051651,32.25678253173828,0.0066437842324376,0.0120186172425746,0.0229724999517202,0.005523394793272,0.0097384192049503,0.0159828718751668,0.0057674730196595,0.0102755706757307,0.0188716910779476,0.0087324292398989,0.0088780559599399,0.0125935510732233,0.012876795604825,0.024934004060924,0.0255764387547969,0.0078846404794603,0.0080517940223217,0.0082561122253537,0.0083210244774818,0.0074219425441697,0.0074940780177712,0.0074219425441697,0.0074940780177712,first,1.0,0.0,0.688170313835144,-1.1431283950805664,0.0,0.688170313835144,1.0,0.689337968826294,False,0.6886820197105408,0.0004476364119909,0.0011676549911499,0.0249340049922466,0.0005193033139221,0.0074219424277544,8.906675793696195e-05,158194,158195,240,16,0,False,False,0.5,0.0,0.0450497978235553,0.3994510053885779,3.272998887402317e-07,3.272998563286223e-07,0.0,0.0,0.0,0.0,0.0,0.0,0.0,0.7258271907199811,1.0334824963481837,0.1,0.1613217176415343,0.1555203563139366,0.2016521470519179,0.4049697531781264,3.8369871586850697,10.28592733254833,182.0157595101584,712.172607421875,11.1710844039917,19.60495095649741,0.9288492719264284,1219.5958251953125,13.350227355957031,17.26864431807678,0.8657240164333861,0.0167762730270624,0.0046211630105972,0.0108628869056701,0.0117426356300711,0.0117106325924396,0.688170313835144,0.688170313835144,0.0853017350941383,0.4264661445036157,5.0,,,,,0.4264661445036157,True,269,17,success,-1,True,False,False,-1,,white_yellow_mug_1,False,-1,False,-1,False,0.0,1.0,151,112,0.07947054157244,1.6821679851242517,0.2141872939363177,3.3182462026756143,66288748.27474002,0.3118296861648559,0.0,3.431687475874213e-18,,,5.820395190577306e-06,3.671057188530582e-05,,,,,,False,False
libero_10,9,14,2,2,144194,0,144194,15,240,put the yellow and white mug in the microwave and close it,-1,-1,none,-1,-1,-1,-1,4.0,0.0013351357774809,0.0041654547676444,0.0036018891260027,0.0020861930679529,0.0008144569583237,0.0006440003635361,0.0067625134252011,0.7914369106292725,0.0002579952706582,0.0007009506225585,0.0007903727237135,0.0016858456656336,0.4718530774116516,1.4142135381698608,14.09565544128418,0.5699961185455322,1.1180340051651,42.43450927734375,0.0060986476019024,0.0108302291482687,0.018734635785222,0.0055002570152282,0.0098004890605807,0.0196749195456504,0.0055894549004733,0.0098768007010221,0.017434038221836,0.0082944815512746,0.0084195574745535,0.0110999741591513,0.0115467384457588,0.0221043275669217,0.0223406367003917,0.0076519602444022,0.0076954099349677,0.0080776358954608,0.0081413555890321,0.0072401306824758,0.0073465323075652,0.0072401306824758,0.0073465323075652,first,1.0,0.0,0.7914412021636963,0.0166341587901115,0.0,0.7914412021636963,3.0,0.7918444871902466,False,0.7914369106292725,0.0002579952706582,0.0007009506225585,0.0221043266355991,0.0001389451063005,0.0072401305660605,7.796612771926448e-05,159194,159197,256,16,0,False,False,0.5,0.0,0.0450234352031316,0.3334093412978416,3.272998887402317e-07,3.272998563286223e-07,0.0,0.0,0.0,0.0,4.0,1.0,0.0,0.7548678465956244,0.9583842877035444,0.0333333333333333,0.1259976817613296,0.1036622185159944,0.157497102201662,0.4881730966864274,5.258430237127564,18.443141147128344,703.7214492610182,998.2271728515624,13.303571701049805,18.138509731990855,0.9003287057822409,1122.48583984375,11.829347610473633,17.628994897818693,0.8724476817167495,0.0162995234131813,0.0040177917107939,0.0130757391452789,0.0147053208202123,0.0031333584338426,0.7914412021636963,0.7914412021636963,0.0711026015624398,0.3554264128610471,5.0,,,,,0.3554264128610471,True,269,17,success,-1,True,False,False,-1,,white_yellow_mug_1,False,-1,False,-1,False,0.0,1.0,151,112,0.07947054157244,1.6821679851242517,0.2141872939363177,3.3182462026756143,66288748.27474002,0.2085587978363037,0.0,3.1712062881045765e-18,,,7.040570149121592e-06,7.955438100300092e-05,,,,,,False,False
libero_10,9,14,2,2,144194,0,144194,16,256,put the yellow and white mug in the microwave and close it,-1,-1,none,-1,-1,-1,-1,4.0,0.0016857346054166,0.0064321048557758,0.0053713987581431,0.0026726089417934,0.0010412404080852,0.0006585926166735,0.0084118051454424,0.9276492595672609,0.0003660741494968,0.0009611845016479,0.0006121422629803,0.0009748116135597,0.4846079349517822,1.4790199995040894,14.840822219848633,0.4101423323154449,0.829156219959259,20.694202423095703,0.0062723336741328,0.0112116960808634,0.0225016400218009,0.0055324169807136,0.0098021402955055,0.0165260713547468,0.0057474570348858,0.0102782314643263,0.0184911992400884,0.0080262136179953,0.0081232348456978,0.0104289466980844,0.0109319481998682,0.0223515145480632,0.0233347695320844,0.0075701833702623,0.0077047371305525,0.007977947127074,0.0080456808209419,0.0074955327436327,0.0076354290358722,0.0074955327436327,0.0076354290358722,first,1.0,0.0,0.9277380108833312,0.2424408197402954,0.0,0.9277380108833312,1.0,0.9282032251358032,False,0.9276492595672609,0.0003660741494968,0.0009611845016479,0.0223515145480632,0.0006684736581519,0.0074955327436327,8.353150769835338e-05,160194,160195,269,13,0,False,True,1.0,0.5,0.0450838352486687,0.2468186660173668,3.272998887402317e-07,3.272998563286223e-07,0.0,0.0,0.0,0.0,11.0,1.0,0.0,0.8526378270919388,0.9438656721694132,0.0138888888888888,0.1096151712195824,0.108715563377676,0.1686387249532038,0.2731938198823372,3.967516063029902,21.585683268238427,256.2797583001852,836.2605590820312,11.982521057128906,18.90738746418358,0.916226821134733,819.4891967773438,9.180338859558104,18.995371281729994,0.9209894267446878,0.0488764941692352,0.0115174427628517,0.0394145175814628,0.0406329408288002,0.0269924253225326,0.0722619891166687,0.9277380108833312,0.0444018638266228,0.2167975033333322,5.0,,,,,0.2167975033333322,True,269,17,success,-1,True,False,False,-1,,white_yellow_mug_1,False,-1,False,-1,False,0.0,1.0,151,112,0.07947054157244,1.6821679851242517,0.2141872939363177,3.3182462026756143,66288748.27474002,0.0722619891166687,0.0,1.2419239014047636e-17,,,0.0045101504780623,0.0007016653217194,,,,,,False,False
libero_10,9,15,2,3,144291,0,144291,0,0,put the yellow and white mug in the microwave and close it,-1,-1,none,-1,-1,-1,-1,4.0,0.0024104979820549,0.0093239713460206,0.0076462007127702,0.003424170659855,0.0019727982580661,0.0006825780728831,0.0122898072004318,0.0708367824554443,0.0006406692555174,0.0017382502555847,0.0009605585364624,0.0019314321689307,0.6740589141845703,1.8708287477493288,33.74166488647461,2.0617616176605225,8.239394187927246,81.9969482421875,0.0071967444382607,0.0135268960148096,0.0275321546941995,0.0056528872810304,0.0099649224430322,0.0210033822804689,0.0060225143097341,0.0107080740854144,0.0192046295851469,0.0079327488783746,0.0080677242949604,0.0105899854097515,0.0112916016951203,0.0223851432092487,0.0228513311594724,0.0073918713023886,0.0074869892559945,0.007657661801204,0.0078304717317223,0.0077468110248446,0.0078657194972038,0.0077468110248446,0.0078657194972038,first,1.0,0.0,0.0697918534278869,-1.6309961080551147,0.0,0.0697918534278869,1.0,0.0715301036834716,False,0.0708367824554443,0.0006406692555174,0.0017382502555847,0.0223851427435874,0.0005607019993476,0.0077468110248446,9.389762271894142e-05,144291,144292,16,16,0,False,False,0.0,0.0,3.223658211481961e-07,0.271677549651353,3.272998887402317e-07,3.272998563286223e-07,0.0,0.0,0.0,0.0,0.0,0.0,0.0,0.493115550567997,0.6112472009202037,0.0,0.0809873470159491,0.0804304332603467,0.1012341837699364,0.1935666623438728,1.809368707436965,5.398922034940257,184.1625483094236,695.0984497070312,11.298734664916992,19.710340409734822,0.9291602158777416,1033.19677734375,12.80286693572998,17.98897317977557,0.8727196456391378,0.0169545300304889,0.0041591948829591,0.0122997537255287,0.0061195800080895,0.0157921370118856,0.0697918534278869,0.0697918534278869,0.0413367206268118,0.2066828696314569,5.0,,,,,0.2066828696314569,True,269,17,success,-1,True,False,False,-1,,white_yellow_mug_1,False,-1,False,-1,False,0.0,1.0,148,110,0.0716923375854072,1.535286566990934,0.2266331225925623,3.1133514561172704,73967963.92251259,0.930208146572113,3.447524065394838e-07,2.945337987749269e-08,,,3.395531409381535e-07,1.9743674802039943e-08,,,,,,False,False
libero_10,9,15,2,3,144291,0,144291,1,16,put the yellow and white mug in the microwave and close it,-1,-1,none,-1,-1,-1,-1,4.0,0.0015282990643754,0.0053888950496912,0.0065573812462389,0.0021777458023279,0.0011819315841421,0.0006190612912178,0.0076529830694198,0.1048275455832481,0.0007903479854576,0.0018958449363708,0.0004182505654171,0.0005989362834952,0.4603986144065857,1.299038052558899,21.981525421142575,0.6440584063529968,1.658312439918518,28.917987823486328,0.0061387186869978,0.0109585700556635,0.0198653247207403,0.0054457490332424,0.0096630109474062,0.0176219549030065,0.0059185358695685,0.0104715963825583,0.0201384723186492,0.0076134467963129,0.0076964548788964,0.0097798253409564,0.0099219037219882,0.0213999389670789,0.0219752229750156,0.0072270068340003,0.007303999736905,0.0075692553073167,0.0078557664528489,0.0074350819922983,0.0074808374047279,0.0074350819922983,0.0074808374047279,first,1.0,0.0,0.1040851771831512,-0.939293086528778,0.0,0.1040851771831512,2.0,0.1059810221195221,False,0.1048275455832481,0.0007903479854576,0.0018958449363708,0.021399937570095,0.0004695065144915,0.0074350819922983,3.8780672184657305e-05,145291,145293,32,16,0,False,False,0.0,0.0,3.223658211481961e-07,0.223006899036844,3.272998887402317e-07,3.272998563286223e-07,0.0,0.0,0.0,0.0,0.0,0.0,0.0,0.4276425619594046,0.5037341863116804,0.0444444444444444,0.063221062441571,0.0562918951518658,0.0790263280519638,0.1854233166579606,1.5055608792412227,2.9109385255763534,156.29418165890266,747.5724487304688,12.134765625,19.394270734912546,0.9252815928243272,696.7357177734375,10.286046028137209,19.700122858948525,0.9197354944249986,0.0123085733503103,0.0030861471313983,0.0083167552947998,0.0050525912083685,0.010406837798655,0.1040851771831512,0.1040851771831512,0.5608434102420026,2.804217051210013,5.0,,,,,2.804217051210013,True,269,17,success,-1,True,False,False,-1,,white_yellow_mug_1,False,-1,False,-1,False,0.0,1.0,148,110,0.0716923375854072,1.535286566990934,0.2266331225925623,3.1133514561172704,73967963.92251259,0.8959148228168488,0.0,5.979502812367993e-17,,,0.0,9.648562972804998e-18,,,,,,False,False
libero_10,9,15,2,3,144291,0,144291,2,32,put the yellow and white mug in the microwave and close it,-1,-1,none,-1,-1,-1,-1,4.0,0.0013644930440932,0.0119348801672458,0.0059981164522469,0.0019725356251001,0.0009702681563794,0.0007230401970446,0.0070079746656119,0.1142336279153823,0.0003487421781755,0.0009630322456359,0.0006208469276316,0.0008549955091439,0.5407420992851257,1.5811388492584229,22.128883361816406,1.2736577987670898,4.710361003875732,50.839820861816406,0.0060600652359426,0.0108502153307199,0.0230682995170354,0.0054955892264842,0.0097414357587695,0.0167590770870447,0.0056360475718975,0.0100361676886677,0.0181858446449041,0.0079304857645183,0.0079689789563417,0.0103706603404134,0.011480831541121,0.0215996052138507,0.0221926923841238,0.0074791876832023,0.0076207797974348,0.0081036628689616,0.0082288039848208,0.0072390775894746,0.0072989505715668,0.0072390775894746,0.0072989505715668,first,1.0,0.0,0.1143395602703094,0.3037554919719696,0.0,0.1143395602703094,2.0,0.1147159039974212,False,0.1142336279153823,0.0003487421781755,0.0009630322456359,0.021599605679512,0.000500009744428,0.0072390772402286,4.827631346415728e-05,146291,146293,48,16,0,False,False,0.0,0.0,3.223658211481961e-07,0.1973472058308741,3.272998887402317e-07,3.272998563286223e-07,0.0,0.0,0.0,0.0,0.0,0.0,0.0,0.3959259069039273,0.4602034287390518,0.0333333333333333,0.0344032973537664,0.0300145433515096,0.043004121692208,0.1411657178221164,1.8179535530942823,9.919730472377266,1692.0349356988995,937.3165283203124,12.842753410339355,18.41194085573195,0.9121092964337552,987.662841796875,12.065503120422363,18.184716459735977,0.8960167042577973,0.0147266145795583,0.0032525525894016,0.0102216005325317,0.009398290887475,0.0108999516814947,0.1143395602703094,0.1143395602703094,0.0937860487987931,0.4689302439939657,5.0,,,,,0.4689302439939657,True,269,17,success,-1,True,False,False,-1,,white_yellow_mug_1,False,-1,False,-1,False,0.0,1.0,148,110,0.0716923375854072,1.535286566990934,0.2266331225925623,3.1133514561172704,73967963.92251259,0.8856604397296906,0.0,2.2248135853755233e-18,,,0.0,8.044478059026297e-18,,,,,,False,False
libero_10,9,15,2,3,144291,0,144291,3,48,put the yellow and white mug in the microwave and close it,-1,-1,none,-1,-1,-1,-1,4.0,0.0016700627747923,0.0069728484377264,0.0096031045541167,0.0026153821963816,0.0010373324621468,0.0007322959136217,0.0083994241431355,0.1195427104830741,0.0003544474893715,0.0008887648582458,0.0005644128541462,0.0007571300375275,0.5038399696350098,1.5,17.124544143676758,0.5884221196174622,1.2247449159622192,28.69668960571289,0.0062152021564543,0.0110109914094209,0.0209266673773527,0.0055565438233315,0.0098540084436535,0.0169589146971702,0.0057160058058798,0.010096781887114,0.0185603443533182,0.0078765777871012,0.0079118106514215,0.0097636089194566,0.0100358203053474,0.0211163382045924,0.0219813287258148,0.0074706274317577,0.0076983892358839,0.0077168878633528,0.0079149063676595,0.0073724808171391,0.00744263920933,0.0073724808171391,0.00744263920933,first,1.0,0.0,0.1198215186595916,0.7865993976593018,0.0,0.1198215186595916,3.0,0.1198685467243194,False,0.1195427104830741,0.0003544474893715,0.0008887648582458,0.0211163386702537,0.0008379053906537,0.0073724808171391,8.869080920703709e-05,147291,147294,64,16,0,False,False,0.0,0.0,3.223658211481961e-07,0.1580816220380992,3.272998887402317e-07,3.272998563286223e-07,0.0,0.0,0.0,0.0,0.0,0.0,0.0,0.4480078630744183,0.5591127997741393,0.0,0.0756325742369086,0.0733550594951634,0.0945407177961358,0.1726949444497073,1.7598553077982788,3.891545974503448,146.35524057958267,1111.9071044921875,14.545692443847656,17.67011855718708,0.8994442123839368,777.4758911132812,9.434072494506836,19.22393430074249,0.9106173495202036,0.0133966132998466,0.0037824490573257,0.0071979165077209,0.0087978122755885,0.0095754479989409,0.1198215186595916,0.1198215186595916,0.0453459092878952,0.226729546439476,5.0,,,,,0.226729546439476,True,269,17,success,-1,True,False,False,-1,,white_yellow_mug_1,False,-1,False,-1,False,0.0,1.0,148,110,0.0716923375854072,1.535286566990934,0.2266331225925623,3.1133514561172704,73967963.92251259,0.8801784813404083,0.0,2.297095883922741e-18,,,0.0,7.436561059404728e-18,,,,,,False,False
libero_10,9,15,2,3,144291,0,144291,4,64,put the yellow and white mug in the microwave and close it,-1,-1,none,-1,-1,-1,-1,4.0,0.0017699159216135,0.0120842102915048,0.0057525308802723,0.0031602084636688,0.0006941452156752,0.0008263502386398,0.009897232055664,0.1409795582294464,0.0002690684050321,0.0006699562072753,0.0005841525271534,0.000864001980517,0.4976548552513122,1.5,14.747880935668944,0.4183917939662933,0.829156219959259,20.57304000854492,0.0061399484984576,0.0113421892747282,0.0218626447021961,0.005418253596872,0.0095615517348051,0.0175284724682569,0.0056519592180848,0.0101128797978162,0.0188938062638044,0.0077297817915678,0.0077991816215217,0.0097882060799747,0.009952237829566,0.021304290741682,0.0218287259340286,0.0072799315676093,0.0073176291771233,0.0076887817122042,0.0077667329460382,0.0072906957939267,0.0074117179028689,0.0072906957939267,0.0074117179028689,first,1.0,0.0,0.1411255598068237,0.5426188111305237,0.0,0.1411255598068237,2.0,0.1413441300392151,False,0.1409795582294464,0.0002690684050321,0.0006699562072753,0.021304290741682,0.0004523922980297,0.0072906957939267,7.168418233050033e-05,148291,148293,80,16,0,False,False,0.0,0.0,3.223658211481961e-07,0.1095861239310017,3.272998887402317e-07,3.272998563286223e-07,0.0,0.0,0.0,0.0,0.0,0.0,0.0,0.3173154484601382,0.3963028203392937,0.0666666666666666,0.0611849306922765,0.0548379336977369,0.0764811633653457,0.2006636719131772,2.0558944000628845,3.2859880406361595,302.0873161863517,952.4813842773438,13.183879852294922,18.34223864483121,0.915021012565878,562.5770263671875,7.7397027015686035,20.628983677093217,0.9315165250482564,0.0170848909765481,0.0049104308709502,0.0100983083248138,0.0080037666484713,0.0150126395747065,0.1411255598068237,0.1411255598068237,0.5658583275391658,2.829291637695829,5.0,,,,,2.829291637695829,True,269,17,success,-1,True,False,False,-1,,white_yellow_mug_1,False,-1,False,-1,False,0.0,1.0,148,110,0.0716923375854072,1.535286566990934,0.2266331225925623,3.1133514561172704,73967963.92251259,0.8588744401931763,0.0,1.1215861065147165e-17,,,0.0,5.351362978328085e-18,,,,,,False,False
libero_10,9,15,2,3,144291,0,144291,5,80,put the yellow and white mug in the microwave and close it,-1,-1,none,-1,-1,-1,-1,4.0,0.0013653425266966,0.0043629468418657,0.0039054537191987,0.0022147379349917,0.0005739711923524,0.0011912710033357,0.0070962463505566,0.1605086028575897,0.0002816464111674,0.0007885992527008,0.001352276885882,0.0042415028437972,0.484719306230545,1.5,11.291589736938477,0.4269444048404693,0.829156219959259,18.714967727661133,0.0058408812619745,0.0103736724704504,0.0188458729535341,0.0057013970799744,0.0102310860529541,0.0182733908295631,0.0055887261405587,0.0099063077941536,0.016846839338541,0.0076957016717642,0.0077273673377931,0.0112814323510974,0.0120903197675943,0.0203931014984846,0.020942710340023,0.0075784997316077,0.0076043880544602,0.008459081640467,0.0088249826803803,0.0072199016576632,0.0073038414120674,0.0072199016576632,0.0073038414120674,first,1.0,0.0,0.1604412794113159,-0.2390353381633758,0.0,0.1604412794113159,2.0,0.160918116569519,False,0.1605086028575897,0.0002816464111674,0.0007885992527008,0.0203931014984846,0.0005848010187037,0.0072199017740786,6.290634337347001e-05,149291,149293,96,16,0,False,False,0.0,0.0,0.0006244701534816,0.0784572626075017,3.272998887402317e-07,3.272998563286223e-07,0.0,0.0,0.0,0.0,24.0,8.0,24.0,0.3105241995232501,0.4171144365697799,0.1111111111111111,0.0503041619837874,0.03858919648006,0.0628802024797343,0.2509058128536948,5.013301779939959,18.50073271306857,5107.71049528924,1152.1224365234375,14.622455596923828,17.51581726675659,0.8966141581410118,442.5778198242188,6.280625343322754,21.67090715780336,0.9436390539982727,0.0741139650344848,0.014340715482831,0.0705350041389465,0.0107995755970478,0.0149191142991185,0.1604412794113159,0.1604412794113159,0.5706789845164628,2.8282961402429416,5.0,,,,,2.8282961402429416,True,269,17,success,-1,True,False,False,-1,,white_yellow_mug_1,False,-1,False,-1,False,0.0,1.0,148,110,0.0716923375854072,1.535286566990934,0.2266331225925623,3.1133514561172704,73967963.92251259,0.8395587205886841,0.0,1.3324622498301572e-18,,,0.0072887068310386,0.0178100755083341,,,,,,False,False
libero_10,9,15,2,3,144291,0,144291,6,96,put the yellow and white mug in the microwave and close it,-1,-1,none,-1,-1,-1,-1,4.0,0.0016173438634723,0.0069391373544931,0.0091763669624924,0.0029042779933661,0.0006399626727215,0.0006886845221742,0.0087484959512948,0.1970962882041931,0.0001882118958747,0.000487208366394,0.0011153918458148,0.0028058113530278,0.6238166689872742,2.1650636196136475,24.052026748657227,0.4936406016349792,1.0897247791290283,24.30406379699707,0.0059668542817234,0.0106924483552575,0.0176919009536504,0.0055322633124887,0.0097505189478397,0.0184460785239934,0.0055097662843763,0.0098223080858588,0.0185224991291761,0.0075558348326012,0.0075870570726692,0.0095092121046036,0.009705863893032,0.0207554148510098,0.0214782059192657,0.00803859019652,0.0081278579309582,0.0084752368275076,0.0086581353098154,0.0070907763438299,0.0071300785057246,0.0070907763438299,0.0071300785057246,first,1.0,0.0,0.1971552968025207,0.3135221600532532,0.0,0.1971552968025207,2.0,0.1972648799419403,False,0.1970962882041931,0.0001882118958747,0.000487208366394,0.0207554139196872,0.0005557853146456,0.0070907762274146,4.191085827187635e-05,150291,150293,112,16,0,False,False,0.0,0.0,0.0499367878513802,0.0780029715665201,3.272998887402317e-07,3.272998563286223e-07,0.0,0.0,0.0,0.0,128.0,8.0,128.0,0.515732906590799,0.6711887645882186,0.0777777777777777,0.0973222916371698,0.0929129653027086,0.1216528645464622,0.2526877863233068,2.7906007194295297,7.204449307884349,316.7436449093573,1164.74658203125,14.885602951049805,17.468489161903612,0.8980411532068625,752.4402465820312,8.41486644744873,19.36608343791499,0.9040437498322548,0.3227362036705017,0.0428152605891227,0.3206645250320434,0.0152889229357242,0.0116060310974717,0.1971552968025207,0.1971552968025207,0.0566363284367189,0.1445626246209659,5.0,,,,,0.1445626246209659,True,269,17,success,-1,True,False,False,-1,,white_yellow_mug_1,False,-1,False,-1,False,0.0,1.0,148,110,0.0716923375854072,1.535286566990934,0.2266331225925623,3.1133514561172704,73967963.92251259,0.8028447031974792,0.0,2.080710185880797e-18,,,0.0913305186103381,0.0472884989522908,,,,,,False,False
libero_10,9,15,2,3,144291,0,144291,7,112,put the yellow and white mug in the microwave and close it,-1,-1,none,-1,-1,-1,-1,4.0,0.0014265542849898,0.006511241197586,0.0084229977801442,0.0025671997573226,0.0005058445385657,0.0007667464087717,0.0077752782963216,0.2337604761123657,0.000139913187013,0.00035160779953,0.0008592584636062,0.0016679231775924,0.5009859204292297,1.5,14.840822219848633,0.4684043526649475,0.8660253882408142,24.869659423828125,0.0058124773204326,0.0103841451928019,0.0198677908629179,0.005477244965732,0.0096676712855696,0.0164614003151655,0.0055221305228769,0.0098027735948562,0.0172127410769462,0.0075255014235153,0.0075704813934862,0.0099869815167039,0.0108054634183645,0.0203918553888797,0.0212145242840051,0.0077277834061533,0.0078204162418842,0.0081284213811159,0.0083522265776991,0.007139429450035,0.0073486091569066,0.007139429450035,0.0073486091569066,first,1.0,0.0,0.2335371375083923,-1.5962655544281006,0.0,0.2335371375083923,3.0,0.2338887453079223,False,0.2337604761123657,0.000139913187013,0.00035160779953,0.0203918553888797,0.000615487806499,0.007139429450035,0.0001283056335523,151291,151294,128,16,0,False,False,0.0,0.0,0.0716923375854072,0.0780508345904231,3.272998887402317e-07,3.272998563286223e-07,0.0,0.0,0.0,0.0,117.0,8.0,117.0,0.4732493199664211,0.5797553443605603,0.1222222222222222,0.1004998217474338,0.0962107292985141,0.1256247771842923,0.1803432218382327,1.4165699165410837,5.361309728170668,82.37804691680678,794.2745971679688,11.934935569763184,19.13109687889455,0.928437332966382,783.1731567382812,8.763445854187012,19.19222567262085,0.9134605654293528,0.1031886264681816,0.0208216160535812,0.0872960686683654,0.0159386657178401,0.020808158442378,0.2335371375083923,0.2335371375083923,0.0557127363484911,0.1440304963337997,5.0,,,,,0.1440304963337997,True,269,17,success,-1,True,False,False,-1,,white_yellow_mug_1,False,-1,False,-1,False,0.0,1.0,148,110,0.0716923375854072,1.535286566990934,0.2266331225925623,3.1133514561172704,73967963.92251259,0.7664628624916077,0.0,6.273901624748113e-18,,,0.0970982613858186,0.0374349240228372,,,,,,False,False
libero_10,9,15,2,3,144291,0,144291,8,128,put the yellow and white mug in the microwave and close it,-1,-1,none,-1,-1,-1,-1,4.0,0.0009944578632712,0.0040967855602502,0.0048744743689894,0.001665717922151,0.000421308359364,0.0007001258200034,0.0051168082281947,0.2907988131046295,0.0003056027635466,0.0008095204830169,0.0006931193638592,0.0009310755995102,0.508982241153717,1.4790199995040894,18.096961975097656,0.4645284116268158,1.0897247791290283,17.951322555541992,0.0057216943241655,0.0101500581949949,0.0183484740555286,0.005444929935038,0.0096409684047102,0.0164465401321649,0.0054082409478724,0.0096558481454849,0.0168709140270948,0.0074369980720803,0.0074986144900321,0.0093685444444417,0.0101302620023489,0.0197768695652484,0.0205822270363569,0.0072735297726467,0.0073201647028326,0.0076409962493926,0.0079257152974605,0.0069354092702269,0.0070873922668397,0.0069354092702269,0.0070873922668397,first,1.0,0.0,0.2903690040111542,-1.4064306020736694,0.0,0.2903690040111542,3.0,0.2911785244941711,False,0.2907988131046295,0.0003056027635466,0.0008095204830169,0.0197768695652484,0.0005771141150034,0.0069354092702269,9.579113975632936e-05,152291,152294,144,16,0,False,False,0.0,0.0,0.0683729354766862,0.0788018786964558,3.272998887402317e-07,3.272998563286223e-07,0.0,0.0,0.0,0.0,78.0,5.0,78.0,0.505968043068242,0.5580126385556765,0.0555555555555555,0.1053583142285541,0.1043860353222004,0.1316978927856926,0.099439449972035,0.954465345707854,4.133139352290105,38.65524430037467,1377.7879638671875,15.625823974609377,16.73897974361562,0.8722010873680721,660.2872314453125,8.716485023498535,19.933474618479053,0.9396858603376622,0.0636422410607338,0.0174343753606081,0.0396516472101211,0.0152814434841275,0.0440042056143283,0.2903690040111542,0.2903690040111542,0.0591065491163369,0.1545395913850378,5.0,,,,,0.1545395913850378,True,269,17,success,-1,True,False,False,-1,,white_yellow_mug_1,False,-1,False,-1,False,0.0,1.0,148,110,0.0716923375854072,1.535286566990934,0.2266331225925623,3.1133514561172704,73967963.92251259,0.7096309959888458,0.0,4.890783200596392e-18,,,0.1016060825090079,0.0393870716876389,,,,,,False,False
libero_10,9,15,2,3,144291,0,144291,9,144,put the yellow and white mug in the microwave and close it,-1,-1,none,-1,-1,-1,-1,4.0,0.0080415727570652,0.6733660101890564,0.0085950754582881,0.0034848011564463,0.0005323142977431,0.0442396663129329,0.0660248771309852,0.3707534074783325,0.0001863292709458,0.0004804730415344,0.0051119299605488,0.0209361631423234,0.5144137144088745,1.4790199995040894,24.07280540466309,0.5845896601676941,1.2247449159622192,85.44589233398438,0.0124919703230261,0.0130691155791282,0.7126314640045166,0.0091108754277229,0.0230873432010412,0.0372343026101589,0.0053693712688982,0.0095641426742076,0.0193305760622024,0.0085623196791857,0.0087598077952861,0.036463470198214,0.0634815916419029,0.020599044393748,0.0208849813789129,0.0081507079303264,0.0088120736181736,0.008546361932531,0.0092226490378379,0.0069245739141479,0.0070990794338285,0.0069245739141479,0.0070990794338285,first,1.0,0.0,0.3705598711967468,-1.0386788845062256,0.0,0.3705598711967468,2.0,0.3710403442382812,False,0.3707534074783325,0.0001863292709458,0.0004804730415344,0.0205990448594093,0.000183322263183,0.0069245737977325,0.0001157026345026,153291,153293,160,16,0,False,False,0.5,0.5,0.0704877361666962,0.0783357973297087,3.272998887402317e-07,3.272998563286223e-07,0.0,0.0,0.0,0.0,89.0,8.0,85.0,0.6703081080394255,0.751480297722935,0.0555555555555555,0.0944076390776522,0.077950991560974,0.1180095488470653,0.4385761509258984,8.370282600569594,47.540855714816,6608.73201088872,1423.52978515625,15.591504096984863,16.597138023503927,0.8635519093422951,403.3266906738281,6.703822612762451,22.07423397901184,0.9593769102974448,0.0463875718414783,0.012299595400691,0.0340895242989063,0.013657764531672,0.0381555967032909,0.3705598711967468,0.3705598711967468,0.0650360004644894,0.1638951560188384,5.0,,,,,0.1638951560188384,True,269,17,success,-1,True,False,False,-1,,white_yellow_mug_1,False,-1,False,-1,False,0.0,1.0,148,110,0.0716923375854072,1.535286566990934,0.2266331225925623,3.1133514561172704,73967963.92251259,0.6294401288032532,0.0,1.2494234304565336e-17,,,0.0736175331767026,0.0876673131269061,,,,,,False,False
libero_10,9,15,2,3,144291,0,144291,10,160,put the yellow and white mug in the microwave and close it,-1,-1,none,-1,-1,-1,-1,4.0,0.0030331169255077,0.0119142802432179,0.0161962881684303,0.0053404164500534,0.0014672161778435,0.0008089203038252,0.0160479601472616,0.3663459122180938,0.0008032756159082,0.0019835829734802,0.0011760956840589,0.0019835196435451,0.7538280487060547,2.2776083946228027,33.77406692504883,1.157820463180542,2.598076105117798,65.5453109741211,0.0072752251289784,0.0134393032640218,0.0240603946149349,0.0056650028564035,0.0101450895890593,0.0195619110018014,0.0054535325616598,0.009622705169022,0.0179710835218429,0.008251225342974,0.0083521287888288,0.0112680883612483,0.0122762946411967,0.0238010915927588,0.0240492150187492,0.007928131846711,0.0079746795818209,0.0083461611066013,0.008503901772201,0.0067119817249476,0.00673294859007,0.0067119817249476,0.00673294859007,first,1.0,0.0,0.3651268482208252,-1.5176160335540771,0.0,0.3651268482208252,2.0,0.3671104311943054,False,0.3663459122180938,0.0008032756159082,0.0019835829734802,0.0238010920584201,0.0002339110797038,0.0067119812592864,2.710529588512145e-05,154291,154293,176,16,0,False,False,0.5,0.0,0.0463104615391108,0.0772579729678004,3.272998887402317e-07,3.272998563286223e-07,0.0,0.0,0.0,0.0,9.0,2.0,9.0,0.4360728834312256,0.7913818137252853,0.0333333333333333,0.0729453925644839,0.0565816355040227,0.0911817407056048,0.4117321518235408,5.227475231667451,13.381783444431177,1811.3088266872496,1202.222412109375,14.192243576049805,17.330955409412667,0.8861386660818434,830.8944702148438,10.44021701812744,18.935344922145887,0.9214446739645432,0.0224272534251213,0.0052351406775414,0.0180402994155883,0.0181051529943943,0.013113459572196,0.3651268482208252,0.3651268482208252,0.4108112579957933,2.004345372667487,5.0,,,,,2.004345372667487,True,269,17,success,-1,True,False,False,-1,,white_yellow_mug_1,False,-1,False,-1,False,0.0,1.0,148,110,0.0716923375854072,1.535286566990934,0.2266331225925623,3.1133514561172704,73967963.92251259,0.6348731517791748,0.0,8.955229065840984e-18,,,0.0062900473441395,0.0434208699673401,,,,,,False,False
libero_10,9,15,2,3,144291,0,144291,11,176,put the yellow and white mug in the microwave and close it,-1,-1,none,-1,-1,-1,-1,4.0,0.0016395387938246,0.0063082426786422,0.0062638805247843,0.0026189368218183,0.0009346206788904,0.0008160994038917,0.008294547908008,0.4946359395980835,0.0004072283336427,0.001029759645462,0.0007885347004048,0.0015231687575578,0.5311894416809082,1.4790199995040894,25.446022033691406,0.6705471277236938,2.061552762985229,26.36759376525879,0.0062476494349539,0.0110614821314811,0.0185203086584806,0.0055705462582409,0.0099037354812026,0.0176919307559728,0.0053906994871795,0.0095275184139609,0.0189503021538257,0.0081996442750096,0.0083070388063788,0.0103379592765122,0.0106432437896728,0.0220939451828598,0.0225519966334104,0.0076356860809028,0.0076527232304215,0.0079865623265504,0.0080904075875878,0.0069063045084476,0.0070518376305699,0.0069063045084476,0.0070518376305699,first,1.0,0.0,0.4950651526451111,1.0539861917495728,0.0,0.4950651526451111,0.0,0.4950651526451111,True,0.4946359395980835,0.0004072283336427,0.001029759645462,0.0220939442515373,0.000283324974589,0.0069063045084476,0.0001399455504724,155291,155291,192,16,0,False,False,0.5,0.0,0.0450258384043396,0.1474970084097904,3.272998887402317e-07,3.272998563286223e-07,0.0,0.0,0.0,0.0,0.0,0.0,0.0,0.7659411762709974,0.8091522033805336,0.0444444444444444,0.1572755386328736,0.1407959262868548,0.1965944232910921,0.4073602720119481,3.044179248535163,5.946507801275616,98.51091918401865,840.1728515625,12.078922271728516,18.88711716761733,0.922317840326964,1289.9625244140625,15.225173950195312,17.0250326737222,0.8714887182847552,0.0204782113432884,0.0054331142455339,0.012998342514038,0.0183701068162918,0.0084079094231128,0.4950651526451111,0.4950651526451111,0.4020118024710314,2.0099741608145463,5.0,,,,,2.0099741608145463,True,269,17,success,-1,True,False,False,-1,,white_yellow_mug_1,False,-1,False,-1,False,0.0,1.0,148,110,0.0716923375854072,1.535286566990934,0.2266331225925623,3.1133514561172704,73967963.92251259,0.5049348473548889,0.0,1.0674981187400069e-18,,,5.448623228523418e-05,3.0365308325274737e-05,,,,,,False,False
libero_10,9,15,2,3,144291,0,144291,12,192,put the yellow and white mug in the microwave and close it,-1,-1,none,-1,-1,-1,-1,4.0,0.0018967412179335,0.0073137320578098,0.0065018194727599,0.0031705470755696,0.0009481764864176,0.0009210192365571,0.0098835667595267,0.5314731597900391,0.0012847913894802,0.0032841563224792,0.000681510369759,0.0012046477058902,0.4387098550796509,1.2247449159622192,14.060138702392578,0.689463198184967,2.384848117828369,22.697742462158203,0.0063464762642979,0.0113226305693387,0.0209725834429264,0.0056147202849388,0.0099960714578628,0.0196680221706628,0.0058191246353089,0.0102826692163944,0.0186250414699316,0.0080901852343231,0.0081350449472665,0.0099026006646454,0.010048228316009,0.0226234514266252,0.0230972412973642,0.0077619275543838,0.0078975744545459,0.0082637225277721,0.0086022112518548,0.0071113490266725,0.0071461801417171,0.0071113490266725,0.0071461801417171,first,1.0,0.0,0.5322752594947815,0.6243034601211548,0.0,0.5322752594947815,3.0,0.5330900549888611,False,0.5314731597900391,0.0012847913894802,0.0032841563224792,0.0226234495639801,0.0003179459890816,0.0071113491430878,4.68330254079774e-05,156291,156294,208,16,0,False,False,0.5,0.0,0.0450424113269469,0.2779342664256799,3.272998887402317e-07,3.272998563286223e-07,0.0,0.0,0.0,0.0,0.0,0.0,0.0,0.6242726497171216,0.681844742557369,0.0333333333333333,0.1227810568725252,0.1210284494661201,0.1534763210906565,0.1720322050033226,1.8920723063588305,6.451544748491806,84.94807544859006,805.25439453125,11.88477897644043,19.0714725728557,0.9198626904053387,1413.7847900390625,17.037302017211914,16.62697055800119,0.8627101856353852,0.0299320463091135,0.0079659940674901,0.019235260784626,0.0262264069169759,0.0142050236463546,0.5322752594947815,0.5322752594947815,0.0765076597399142,0.3823741514332242,5.0,,,,,0.3823741514332242,True,269,17,success,-1,True,False,False,-1,,white_yellow_mug_1,False,-1,False,-1,False,0.0,1.0,148,110,0.0716923375854072,1.535286566990934,0.2266331225925623,3.1133514561172704,73967963.92251259,0.4677247405052185,0.0,2.3785674550027264e-18,,,4.961015189530351e-05,0.0001145371144516,,,,,,False,False
libero_10,9,15,2,3,144291,0,144291,13,208,put the yellow and white mug in the microwave and close it,-1,-1,none,-1,-1,-1,-1,4.0,0.0015865698223933,0.0068466435186564,0.0032642306759953,0.0022539382334798,0.0011555029777809,0.0008776650065556,0.0079491389915347,0.587944746017456,0.0010888696415349,0.0028907060623168,0.0008898816304281,0.0013363350881263,0.4316549897193908,1.1180340051651,20.54720115661621,1.004411697387695,3.8971142768859854,35.42156982421875,0.0063322721980512,0.011441096663475,0.0226192101836204,0.0056137833744287,0.0099487574771046,0.0185740888118743,0.0057218060828745,0.0101116746664047,0.0167593751102685,0.0080690367612987,0.0082311239093542,0.0104864111635833,0.0108357109129428,0.0210069017484784,0.0220157206058502,0.0076817848021164,0.0078608337789773,0.0078670799266546,0.0080380598083138,0.00694745790679,0.0071230279281735,0.00694745790679,0.0071230279281735,first,1.0,0.0,0.5876322388648987,-0.2870014309883117,0.0,0.5876322388648987,3.0,0.589225172996521,False,0.587944746017456,0.0010888696415349,0.0028907060623168,0.0210069008171558,0.0005855626077391,0.006947458256036,0.0001143564804806,157291,157294,224,16,0,False,False,0.5,0.0,0.045030937191767,0.3509742988297339,3.272998887402317e-07,3.272998563286223e-07,0.0,0.0,0.0,0.0,0.0,0.0,0.0,0.6575265623849265,0.7126225097557819,0.0444444444444444,0.1300550009452611,0.1175834088174744,0.1625687511815764,0.3046206188446795,1.8010972091747657,3.821717550688945,55.33417670690634,770.250732421875,11.51904010772705,19.26448240913496,0.9231966949059096,2193.3525390625,22.71648406982422,14.719719191290825,0.779831116189493,0.0363015159964561,0.0083294389769434,0.0309460163116455,0.0069839344359934,0.0353657826781272,0.5876322388648987,0.5876322388648987,0.073559541296843,0.3676869145054404,5.0,,,,,0.3676869145054404,True,269,17,success,-1,True,False,False,-1,,white_yellow_mug_1,False,-1,False,-1,False,0.0,1.0,148,110,0.0716923375854072,1.535286566990934,0.2266331225925623,3.1133514561172704,73967963.92251259,0.4123677611351013,0.0,5.625009007973749e-18,,,1.4108850533055712e-05,9.66831282416136e-05,,,,,,False,False
libero_10,9,15,2,3,144291,0,144291,14,224,put the yellow and white mug in the microwave and close it,-1,-1,none,-1,-1,-1,-1,4.0,0.0022555734030902,0.0099189914762973,0.005083477590233,0.0038562510162591,0.0011663057375699,0.0007213441422209,0.0118066584691405,0.6842021346092224,0.0004411777772475,0.0011972784996032,0.0006914339028298,0.0016545529942959,0.5881525874137878,1.785357117652893,15.451537132263184,1.9396742582321167,6.299801349639893,82.69371032714844,0.0066939746029675,0.0120935896411538,0.0224555358290672,0.005533333402127,0.0098630329594016,0.020319627597928,0.0055233691819012,0.0097647411748766,0.0174103919416666,0.0083219453226774,0.0083436872810125,0.0108126841951161,0.0112403705716133,0.0222951183095574,0.0226918123662471,0.0076670798007398,0.0078277867287397,0.0080620595254004,0.0081809032708406,0.0070650659035891,0.0071173543110489,0.0070650659035891,0.0071173543110489,first,1.0,0.0,0.6836708188056946,-1.2043122053146362,0.0,0.6836708188056946,1.0,0.6848680973052979,False,0.6842021346092224,0.0004411777772475,0.0011972784996032,0.02229511924088,0.0003540164616424,0.0070650656707584,5.868606240255758e-05,158291,158292,240,16,0,False,False,0.5,0.0,0.0450324928789216,0.3766503732222692,3.272998887402317e-07,3.272998563286223e-07,0.0,0.0,0.0,0.0,0.0,0.0,0.0,0.5826926008503593,0.6862486669836817,0.0333333333333333,0.1084919941199209,0.10229193171357,0.1356149926499012,0.3027874053849324,2.355120415739313,10.019624136895668,210.66462840182896,974.5364379882812,13.24411392211914,18.242822788084283,0.9009223579903806,2350.977783203125,22.474483489990234,14.418318358169302,0.7621690386161385,0.0437190942466259,0.0119501277804374,0.0285616666078567,0.015666889026761,0.039877001196146,0.6836708188056946,0.6836708188056946,0.1008061639901846,0.5039958937835178,5.0,,,,,0.5039958937835178,True,269,17,success,-1,True,False,False,-1,,white_yellow_mug_1,False,-1,False,-1,False,0.0,1.0,148,110,0.0716923375854072,1.535286566990934,0.2266331225925623,3.1133514561172704,73967963.92251259,0.3163291811943054,0.0,2.6030136964145405e-18,,,1.1692719830882988e-05,2.323344757467849e-05,,,,,,False,False
libero_10,9,15,2,3,144291,0,144291,15,240,put the yellow and white mug in the microwave and close it,-1,-1,none,-1,-1,-1,-1,4.0,0.0015281506348401,0.0064604431390762,0.0042727552354335,0.0022330132778733,0.0010478378972038,0.0008545012678951,0.0074725360609591,0.7418234348297119,0.0003451078373473,0.000853419303894,0.0007719168788753,0.0019359423313289,0.5201327800750732,1.5811388492584229,15.221284866333008,0.8781776428222656,1.5811388492584229,43.97726821899414,0.0062519456259906,0.011141444556415,0.019561193883419,0.0054783741943538,0.0097042648121714,0.0163791943341493,0.0055151460692286,0.0098185641691088,0.0197453871369361,0.0084071373566985,0.0084517141804099,0.010435706237331,0.0107155498117208,0.0231089051812887,0.0236580781638622,0.0076340780360624,0.0077151507139205,0.0081681502051651,0.0084561193361878,0.0071120364591479,0.007242274004966,0.0071120364591479,0.007242274004966,first,1.0,0.0,0.7420258522033691,0.5865336656570435,0.0,0.7420258522033691,3.0,0.7422806024551392,False,0.7418234348297119,0.0003451078373473,0.000853419303894,0.0231089070439338,0.0003891478700097,0.0071120364591479,9.805354056879878e-05,159291,159294,256,16,0,False,False,0.5,0.0,0.0450497978235553,0.3230312527185391,3.272998887402317e-07,3.272998563286223e-07,0.0,0.0,0.0,0.0,4.0,1.0,0.0,0.5677294279427769,0.6391036764728868,0.0111111111111111,0.0785183325010966,0.0752668332781641,0.0981479156263708,0.2136341235416644,2.866598013761916,11.8670057019404,585.8594381090841,992.4935302734376,13.334821701049805,18.163526764410232,0.9005512297444029,4063.943115234375,44.41520690917969,12.041327405567907,0.4817278224505492,0.0434447340667247,0.0106248492375016,0.0297436118125915,0.0196322631090879,0.0387226492166519,0.7420258522033691,0.7420258522033691,0.1034950474848121,0.5173418341745812,5.0,,,,,0.5173418341745812,True,269,17,success,-1,True,False,False,-1,,white_yellow_mug_1,False,-1,False,-1,False,0.0,1.0,148,110,0.0716923375854072,1.535286566990934,0.2266331225925623,3.1133514561172704,73967963.92251259,0.2579741477966308,0.0,3.0031770247822818e-18,,,3.595812958880555e-05,9.74451198907686e-05,,,,,,False,False
libero_10,9,15,2,3,144291,0,144291,16,256,put the yellow and white mug in the microwave and close it,-1,-1,none,-1,-1,-1,-1,4.0,0.0016247108578681,0.0075912429019808,0.0105179976671934,0.0026408620178699,0.0009128159726969,0.0007119426736608,0.0083546936511993,0.91074538230896,0.0002347881963942,0.0005494952201843,0.000720574054867,0.0014437491772696,0.5993630290031433,1.9202864170074463,23.07596206665039,0.8756788372993469,3.240370273590088,44.60591506958008,0.0062451483681797,0.0112396981567144,0.0186846256256103,0.0055416827090084,0.0099280849099159,0.020358707755804,0.0058765020221471,0.0106036337092518,0.0171213708817958,0.0081009350251406,0.0081485388800501,0.0104312221519649,0.0107547789812088,0.0231991265900433,0.0238776952028274,0.0076816315995529,0.0078295161947608,0.0080733643844723,0.0081994635984301,0.0076834358042106,0.0079835914075374,0.0076834358042106,0.0079835914075374,first,1.0,0.0,0.9110075831413268,1.1167547702789309,0.0,0.9110075831413268,0.0,0.9110075831413268,True,0.91074538230896,0.0002347881963942,0.0005494952201843,0.023199126124382,0.0006701642996631,0.0076834354549646,0.0002211889805039,160291,160291,269,13,0,False,True,1.0,0.5,0.0451622781766757,0.2372482621505313,3.272998887402317e-07,3.272998563286223e-07,0.0,0.0,0.0,0.0,13.0,1.0,0.0,0.8597315781849167,0.8902182061529209,0.1111111111111111,0.101897810939703,0.0995177401351881,0.1567658629841585,0.2735725616146653,3.3337803055544457,6.550124194761431,84.24978304658536,991.4000854492188,13.674054145812988,18.1683140886674,0.9014452127766426,1024.09619140625,12.078025817871094,18.02739609858042,0.8940844923655183,0.0616404823958873,0.0135729601606726,0.0468155182898044,0.0478793457150459,0.0387451760470867,0.0889924168586731,0.9110075831413268,0.4030544088292207,2.011109260778286,5.0,,,,,2.011109260778286,True,269,17,success,-1,True,False,False,-1,,white_yellow_mug_1,False,-1,False,-1,False,0.0,1.0,148,110,0.0716923375854072,1.535286566990934,0.2266331225925623,3.1133514561172704,73967963.92251259,0.0889924168586731,0.0,1.2418295702594844e-17,,,0.0024325094501822,0.0017302739176356,,,,,,False,False
libero_10,9,16,2,4,144388,0,144388,0,0,put the yellow and white mug in the microwave and close it,-1,-1,none,-1,-1,-1,-1,4.0,0.0028387035708874,0.0198055356740951,0.0151195526123046,0.0045175892300903,0.0018626680830493,0.0007301529403775,0.0163126345723867,0.0707371309399604,0.0009422565344721,0.0024433135986328,0.0012813793728128,0.0027176192961633,0.9067600965499878,2.586019992828369,65.64059448242188,1.9484449625015257,8.257572174072266,74.63034057617188,0.0075000789947807,0.0155776599422097,0.0329973250627517,0.0056972708553075,0.0101918075233697,0.0183735787868499,0.0061777150258421,0.0109409736469388,0.0199385583400726,0.0079800414387136,0.00810909550637,0.0114929499104619,0.0127032278105616,0.0222825985401868,0.0231741555035114,0.0074312846409156,0.0076000113040208,0.0076637963065877,0.0078842854127287,0.007768481853418,0.0079079940915107,0.007768481853418,0.0079079940915107,first,1.0,0.0,0.0693294405937194,-1.4939565658569336,0.0,0.0693294405937194,1.0,0.0717727541923523,False,0.0707371309399604,0.0009422565344721,0.0024433135986328,0.022282600402832,0.0007844627252779,0.0077684819698333,9.638521441956982e-05,144388,144389,16,16,0,False,False,0.0,0.0,3.223658211481961e-07,0.2719455020204234,3.272998887402317e-07,3.272998563286223e-07,0.0,0.0,0.0,0.0,0.0,0.0,0.0,0.4888585004279432,0.5967982432551892,0.0,0.079843594228229,0.0793439852131776,0.0998044927852863,0.1874040468285738,1.627383394597814,5.35137410327564,160.93756955776567,687.6975708007812,11.242353439331056,19.756828706100517,0.9298786409297476,1013.4496459960938,12.590867042541504,18.072781855491,0.8747888660866705,0.0163235999643802,0.0042408034205436,0.0107636675238609,0.0081431912258267,0.0141166606917977,0.0693294405937194,0.0693294405937194,0.0410648971968462,0.2053237524816288,5.0,,,,,0.2053237524816288,True,264,17,success,-1,True,False,False,-1,,white_yellow_mug_1,False,-1,False,-1,False,0.0,1.0,148,111,0.0734330557695158,1.6729956708752036,0.2110537830665245,3.468701726230273,93149493.5733166,0.9306705594062804,3.447524065394838e-07,2.945337987743688e-08,,,3.395531409381535e-07,1.974367479812306e-08,,,,,,False,False
libero_10,9,16,2,4,144388,0,144388,1,16,put the yellow and white mug in the microwave and close it,-1,-1,none,-1,-1,-1,-1,4.0,0.0014274104032665,0.0053480761125683,0.0070507824420928,0.0018161319894716,0.0012236578622832,0.0008725038496777,0.0068364809267222,0.1036455556750297,0.000523397931829,0.0013416409492492,0.0002830907760653,0.0008179886499419,0.4699923992156982,1.299038052558899,19.55121421813965,0.5103448629379272,1.299038052558899,21.760055541992188,0.0061414507217705,0.0110104065388441,0.0192047636955976,0.0054339044727385,0.0097370333969593,0.0156845729798078,0.0058081829920411,0.0102106779813766,0.0180341489613056,0.0076665368396788,0.0077894595451653,0.009851667098701,0.0102134468033909,0.0212945798411965,0.0215482432395219,0.0072463613469153,0.0073238182812929,0.0076380185782909,0.0077864839695394,0.0074413544498384,0.0074891559779644,0.0074413544498384,0.0074891559779644,first,1.0,0.0,0.1042937934398651,1.238517999649048,0.0,0.1042937934398651,0.0,0.1042937934398651,True,0.1036455556750297,0.000523397931829,0.0013416409492492,0.0212945789098739,0.0002851151803042,0.0074413539841771,3.390856727492064e-05,145388,145388,32,16,0,False,False,0.0,0.0,3.223658211481961e-07,0.2229280494749515,3.272998887402317e-07,3.272998563286223e-07,0.0,0.0,0.0,0.0,0.0,0.0,0.0,0.4268791317474601,0.5022170474528982,0.0444444444444444,0.0633669478524349,0.0565732477730392,0.0792086848155436,0.1813526170029162,1.3795514919112375,2.578481842083255,130.0893929264549,739.08447265625,12.076756477355955,19.44386282538156,0.9259575052696126,713.3798828125,10.481976509094238,19.59759502721069,0.9177326664187324,0.0103187300264835,0.002657881937921,0.0080613493919372,0.0043810363858938,0.0087323393672704,0.1042937934398651,0.1042937934398651,0.5608536320493758,2.804268160246879,5.0,,,,,2.804268160246879,True,264,17,success,-1,True,False,False,-1,,white_yellow_mug_1,False,-1,False,-1,False,0.0,1.0,148,111,0.0734330557695158,1.6729956708752036,0.2110537830665245,3.468701726230273,93149493.5733166,0.8957062065601349,0.0,5.970753334590757e-17,,,0.0,3.5738688004512026e-18,,,,,,False,False
libero_10,9,16,2,4,144388,0,144388,2,32,put the yellow and white mug in the microwave and close it,-1,-1,none,-1,-1,-1,-1,4.0,0.001102935289964,0.0063178348354995,0.0037804136518388,0.0014466216089203,0.0008167692576535,0.0009303745464421,0.0051751057617366,0.1141630634665489,0.0002738504845183,0.0007064342498779,0.0006349855684675,0.0011267468798905,0.5407986044883728,1.5,21.63763999938965,0.949709951877594,3.031088829040528,36.29996490478516,0.0058631971478462,0.0104778762906789,0.0174088310450315,0.0055189128033816,0.009741916321218,0.0232830196619033,0.0056444690562784,0.0100266812369227,0.0188954658806324,0.0078793461434543,0.0079816114157438,0.01053684996441,0.0107991574332118,0.0213598231784999,0.0220507550984621,0.0074653110932558,0.0075134062208235,0.0081724992487579,0.008244588971138,0.0072814051527529,0.0073683466762304,0.0072814051527529,0.0073683466762304,first,1.0,0.0,0.1138221025466919,-1.2450623512268066,0.0,0.1138221025466919,2.0,0.1145285367965698,False,0.1141630634665489,0.0002738504845183,0.0007064342498779,0.021359821781516,0.0005380619550123,0.0072814049199223,5.1153783715562895e-05,146388,146390,48,16,0,False,False,0.0,0.0,3.223658211481961e-07,0.1977345058311115,3.272998887402317e-07,3.272998563286223e-07,0.0,0.0,0.0,0.0,0.0,0.0,0.0,0.3938708202974587,0.4578225738619855,0.0111111111111111,0.0333703418836601,0.0291803703742277,0.0417129273545751,0.1402812755444973,1.8159098097349888,10.141672560046173,1877.303464595866,914.1032104492188,12.753068923950195,18.5208512662426,0.9142326314890176,994.57666015625,12.204878807067873,18.15442097490188,0.8951909161250527,0.0128253512084484,0.002980233868584,0.0099789500236511,0.0105434274300932,0.0065179564990103,0.1138221025466919,0.1138221025466919,0.0936951527615816,0.468475763807908,5.0,,,,,0.468475763807908,True,264,17,success,-1,True,False,False,-1,,white_yellow_mug_1,False,-1,False,-1,False,0.0,1.0,148,111,0.0734330557695158,1.6729956708752036,0.2110537830665245,3.468701726230273,93149493.5733166,0.8861778974533081,0.0,1.0737408202898549e-17,,,0.0,1.0375099080692457e-18,,,,,,False,False
libero_10,9,16,2,4,144388,0,144388,3,48,put the yellow and white mug in the microwave and close it,-1,-1,none,-1,-1,-1,-1,4.0,0.0017719556344673,0.0106565495952963,0.0119923437014222,0.0030430976767092,0.0008885408169589,0.0006087739602662,0.0094107491895556,0.1182030513882637,0.0002380445512244,0.0006433427333831,0.0005519858677871,0.0007931315340101,0.5289633870124817,1.5811388492584229,21.242645263671875,0.6038622856140137,1.2247449159622192,35.794551849365234,0.0062311962246894,0.0111866313964128,0.021183768287301,0.0054527935571968,0.0097474977374076,0.0184317752718925,0.005641121417284,0.0099889729171991,0.0168413408100605,0.0079111899249255,0.0079580768942832,0.0100237256847321,0.0102783935144543,0.0212794356048107,0.0214753244072198,0.007363595534116,0.0074233030900359,0.0075950573664158,0.0078100673854351,0.0072728042723611,0.0073765250854194,0.0072728042723611,0.0073765250854194,first,1.0,0.0,0.1182323396205902,0.1230367720127105,0.0,0.1182323396205902,1.0,0.1185705959796905,False,0.1182030513882637,0.0002380445512244,0.0006433427333831,0.0212794356048107,0.0001863976649474,0.0072728041559457,6.995419971644878e-05,147388,147389,64,16,0,False,False,0.0,0.0,3.223658211481961e-07,0.1587573848826045,3.272998887402317e-07,3.272998563286223e-07,0.0,0.0,0.0,0.0,0.0,0.0,0.0,0.4471493040982802,0.5472372764416256,0.0,0.0749753866859148,0.0728069451538678,0.0937192333573935,0.1753560683630838,1.8589029092784537,4.384908064405463,167.00638457985426,1135.9110107421875,14.73156452178955,17.577360515505116,0.897193526211843,785.0146484375,9.51953125,19.182026000765187,0.9099140557268828,0.0144136827439069,0.0037857228890061,0.0080575048923492,0.0094053391367197,0.0105815529823303,0.1182323396205902,0.1182323396205902,0.0454707869836919,0.2273539349184599,5.0,,,,,0.2273539349184599,True,264,17,success,-1,True,False,False,-1,,white_yellow_mug_1,False,-1,False,-1,False,0.0,1.0,148,111,0.0734330557695158,1.6729956708752036,0.2110537830665245,3.468701726230273,93149493.5733166,0.8817676603794098,0.0,3.0651658868453293e-18,,,0.0,2.239419275603312e-18,,,,,,False,False
libero_10,9,16,2,4,144388,0,144388,4,64,put the yellow and white mug in the microwave and close it,-1,-1,none,-1,-1,-1,-1,4.0,0.0021624821238219,0.0086011262610554,0.0059906179085373,0.0039810114540159,0.0007505636312998,0.000942648097407,0.0118321375921368,0.1405986249446869,0.0001247497275471,0.0003355145454406,0.0004682232392951,0.0007623557467013,0.5115786790847778,1.5,19.828956604003903,0.377447634935379,0.829156219959259,11.008519172668455,0.0063588279299438,0.0115803899243474,0.0241753756999969,0.0054405196569859,0.0096288081258535,0.0164625700563192,0.005644307937473,0.0100523438304662,0.0185743607580661,0.0077251406619325,0.0077631664462387,0.0094749985728412,0.0099058346822857,0.0205974099226295,0.0213399734348058,0.007312873378396,0.0073776436038315,0.0076515757245942,0.007770256139338,0.0072849100688472,0.0074823214672505,0.0072849100688472,0.0074823214672505,first,1.0,0.0,0.1406599581241607,0.4916498064994812,0.0,0.1406599581241607,2.0,0.1407333612442016,False,0.1405986249446869,0.0001247497275471,0.0003355145454406,0.0205974094569683,0.0004405842046253,0.0072849099524319,0.000172910396941,148388,148390,80,16,0,False,False,0.0,0.0,3.223658211481961e-07,0.1102019947169789,3.272998887402317e-07,3.272998563286223e-07,0.0,0.0,0.0,0.0,0.0,0.0,0.0,0.3133277044944141,0.388330105462118,0.0888888888888888,0.0611587774405908,0.0555125888577523,0.0764484718007385,0.1910491326379465,1.6844208531833809,2.720021130636064,206.33471179644957,960.8255615234376,13.225234031677246,18.304358124754444,0.9143904676362604,593.052734375,7.876694202423096,20.39987048229107,0.9280463513157172,0.0164600573480129,0.0049039465375244,0.0078619122505187,0.0087994690984487,0.0134194511920213,0.1406599581241607,0.1406599581241607,0.5658610100315964,2.829305050157982,5.0,,,,,2.829305050157982,True,264,17,success,-1,True,False,False,-1,,white_yellow_mug_1,False,-1,False,-1,False,0.0,1.0,148,111,0.0734330557695158,1.6729956708752036,0.2110537830665245,3.468701726230273,93149493.5733166,0.8593400418758392,0.0,1.1047581317633908e-17,,,0.0,7.908642801205747e-18,,,,,,False,False
libero_10,9,16,2,4,144388,0,144388,5,80,put the yellow and white mug in the microwave and close it,-1,-1,none,-1,-1,-1,-1,4.0,0.0105866203084588,0.9750275015830994,0.0072179939597845,0.0031949991825968,0.0006960085593163,0.0624333247542381,0.092030830681324,0.160914272069931,0.0002097867400152,0.0005611777305603,0.0121884029358625,0.0685715302824974,0.5400678515434265,1.658312439918518,18.03468894958496,1.1781328916549685,1.5811388492584229,99.25566864013672,0.0149095375090837,0.0121313594281673,0.9987736940383912,0.0159011427313089,0.0693766847252845,0.0866570100188255,0.005512710660696,0.0098593244329094,0.0174297168850898,0.0078477218048647,0.0080634206533432,0.0175243124831467,0.0301675777882337,0.0199365308508276,0.0203770473599433,0.0081704964395612,0.0081993965432047,0.0089463493786752,0.0091198608279228,0.0071660492103546,0.0072132479399442,0.0071660492103546,0.0072132479399442,first,1.0,0.0,0.1610307693481445,0.5553128719329834,0.0,0.1610307693481445,3.0,0.1611649990081787,False,0.160914272069931,0.0002097867400152,0.0005611777305603,0.0199365317821502,0.0003236222546547,0.0071660494431853,4.04281345254276e-05,149388,149391,96,16,0,False,False,0.0,0.0,0.0001607454235988,0.0791876371887003,3.272998887402317e-07,3.272998563286223e-07,0.0,0.0,0.0,0.0,18.0,6.0,18.0,0.3140239380019017,0.4281633851701081,0.0666666666666666,0.0506041116523185,0.0396369157657639,0.0632551395653981,0.2543008650324487,4.471356281077958,17.385999879389725,4108.978202760613,1153.4189453125,14.623140335083008,17.510932802945895,0.8965842526581788,442.7360229492188,6.520295143127441,21.669355013431066,0.9437878730634544,0.1363294869661331,0.0227755177766084,0.1334100365638733,0.0134888151660561,0.0195137970149517,0.1610307693481445,0.1610307693481445,0.5697360180513189,2.828364314993664,5.0,,,,,2.828364314993664,True,264,17,success,-1,True,False,False,-1,,white_yellow_mug_1,False,-1,False,-1,False,0.0,1.0,148,111,0.0734330557695158,1.6729956708752036,0.2110537830665245,3.468701726230273,93149493.5733166,0.8389692306518555,0.0,4.8962431612985495e-18,,,0.0070159586688104,0.0132998165941203,,,,,,False,False
libero_10,9,16,2,4,144388,0,144388,6,96,put the yellow and white mug in the microwave and close it,-1,-1,none,-1,-1,-1,-1,4.0,0.0018550258828327,0.007210127543658,0.0095251761376857,0.0033659830223768,0.0006060299347154,0.0010691420175135,0.0100093036890029,0.1965710520744323,0.0002680371690075,0.000705748796463,0.0010005752556025,0.0032122244592756,0.8108627200126648,2.692582368850708,32.26743698120117,0.5551210641860962,1.2247449159622192,24.25257682800293,0.0061020129360258,0.0109330229461193,0.0195709038525819,0.0055897296406328,0.0099414438009262,0.0174979176372289,0.0055456701666116,0.0098725678399205,0.0173186399042606,0.0075820360798388,0.0076364655978977,0.0106550094205886,0.0113137699663639,0.0209283730946481,0.0215877667069435,0.0079652534332126,0.008012349717319,0.00822937162593,0.008278826251626,0.007170800352469,0.0072608334012329,0.007170800352469,0.0072608334012329,first,1.0,0.0,0.1964355409145355,-0.5055685639381409,0.0,0.1964355409145355,1.0,0.1969210505485534,False,0.1965710520744323,0.0002680371690075,0.000705748796463,0.0209283735603094,0.0007760404841974,0.0071708001196384,5.2888219215674326e-05,150388,150389,112,16,0,False,False,0.0,0.0,0.0435927013222253,0.0780123487099511,3.272998887402317e-07,3.272998563286223e-07,0.0,0.0,0.0,0.0,131.0,11.0,131.0,0.4800298923431154,0.6891953815242188,0.0666666666666666,0.0886073496592167,0.0834817026404484,0.1107591870740208,0.2623990476209463,2.994347372677736,8.302354939639006,378.15034499242097,1331.58349609375,16.031389236450195,16.88711957080661,0.8831301962192347,967.03466796875,9.977890968322754,18.276383171492885,0.8769411743716113,0.4797036647796631,0.0593206882476806,0.478715717792511,0.0236053075641393,0.0197053458541631,0.1964355409145355,0.1964355409145355,0.0495513336366334,0.12791716437019,5.0,,,,,0.12791716437019,True,264,17,success,-1,True,False,False,-1,,white_yellow_mug_1,False,-1,False,-1,False,0.0,1.0,148,111,0.0734330557695158,1.6729956708752036,0.2110537830665245,3.468701726230273,93149493.5733166,0.8035644590854645,0.0,1.942420209749468e-17,,,0.0797561813677576,0.0400833224452197,,,,,,False,False
libero_10,9,16,2,4,144388,0,144388,7,112,put the yellow and white mug in the microwave and close it,-1,-1,none,-1,-1,-1,-1,4.0,0.0017059474484995,0.0069270879030227,0.007634971756488,0.0030904179438948,0.0006152152200229,0.0008247322402894,0.0094019332900643,0.2336386442184448,6.318746454780921e-05,0.0001627206802368,0.0008764877566136,0.0020603106822818,0.6177306175231934,2.0463380813598637,27.189151763916016,0.712777853012085,1.5,48.97639846801758,0.0061388951726257,0.0110036488622426,0.0235463250428438,0.005524558480829,0.009857852011919,0.0191950146108865,0.0056259394623339,0.0100814430043101,0.0196795221418142,0.0076520784059539,0.0079174507409334,0.009681123541668,0.0100294752046465,0.0199926984496414,0.0209807660430669,0.0076121711172163,0.0078493310138583,0.0079356605419889,0.0082332538440823,0.0072899574879556,0.0078656794503331,0.0072899574879556,0.0078656794503331,first,1.0,0.0,0.2336233854293823,-0.2414844334125518,0.0,0.2336233854293823,1.0,0.2337050139904022,False,0.2336386442184448,6.318746454780921e-05,0.0001627206802368,0.0199926998466253,0.0005947535973973,0.007289957255125,0.000337971461704,151388,151389,128,16,0,False,False,0.0,0.0,0.0734330557695158,0.0782008088490508,3.272998887402317e-07,3.272998563286223e-07,0.0,0.0,0.0,0.0,181.0,12.0,181.0,0.5067745746837906,0.5863884864945363,0.0888888888888888,0.1075011964917388,0.1024076104147794,0.1343764956146735,0.1867995928154948,1.5956837255668497,6.038516724209584,88.62957763610903,778.0716552734375,11.847942352294922,19.22060766375832,0.92996188619733,598.3090209960938,7.430112838745117,20.361548099073783,0.934571197678081,0.0426224432885646,0.0116289909929037,0.0254107117652893,0.0249444730579853,0.0186740215867757,0.2336233854293823,0.2336233854293823,0.055428182871829,0.148248388292926,5.0,,,,,0.148248388292926,True,264,17,success,-1,True,False,False,-1,,white_yellow_mug_1,False,-1,False,-1,False,0.0,1.0,148,111,0.0734330557695158,1.6729956708752036,0.2110537830665245,3.468701726230273,93149493.5733166,0.7663766145706177,0.0,1.5963279195794829e-18,,,0.1027606325979914,0.0261318934682275,,,,,,False,False
libero_10,9,16,2,4,144388,0,144388,8,128,put the yellow and white mug in the microwave and close it,-1,-1,none,-1,-1,-1,-1,4.0,0.0011751709971576,0.0067900270223617,0.0094547206535935,0.0021003305446356,0.0003894365800078,0.0007568959845229,0.006556489970535,0.2656397223472595,0.0001595754147274,0.0004040896892547,0.0004895435413345,0.0007570677553303,0.5058242082595825,1.4790199995040894,15.882380485534668,0.4184064567089081,0.8660253882408142,21.03568458557129,0.0057753445580601,0.0103995101526379,0.0186208467930555,0.0054209814406931,0.0096211368218064,0.0175815261900424,0.005434270016849,0.0096901869401335,0.0182618983089923,0.0074597331695258,0.0075222849845886,0.0091020611580461,0.0092591177672147,0.019512144383043,0.0196993425488472,0.0073283365927636,0.0073943543247878,0.007638581097126,0.0077826441265642,0.007031095214188,0.0071949455887079,0.007031095214188,0.0071949455887079,first,1.0,0.0,0.2659094929695129,1.6905525922775269,0.0,0.2659094929695129,0.0,0.2659094929695129,True,0.2656397223472595,0.0001595754147274,0.0004040896892547,0.0195121448487043,0.000138005168992,0.007031095214188,0.0001019725677906,152388,152388,144,16,0,False,False,0.0,0.0,0.072744936903038,0.0787828767149713,3.272998887402317e-07,3.272998563286223e-07,0.0,0.0,0.0,0.0,195.0,13.0,195.0,0.5091521434316499,0.5778328855149483,0.0666666666666666,0.1058719359006073,0.1050928464273579,0.1323399198757591,0.1230951023274073,1.4361053999966902,7.073378806531634,97.57163191289268,1095.09716796875,13.869187355041504,17.73627705033865,0.8983393213984414,962.6378784179688,10.837671279907228,18.296174143262245,0.9124233715516608,0.0580644905567169,0.0157826468348503,0.0354625284671783,0.0215204786509275,0.0408537723124027,0.2659094929695129,0.2659094929695129,0.0556154574348427,0.1525337989996764,5.0,,,,,0.1525337989996764,True,264,17,success,-1,True,False,False,-1,,white_yellow_mug_1,False,-1,False,-1,False,0.0,1.0,148,111,0.0734330557695158,1.6729956708752036,0.2110537830665245,3.468701726230273,93149493.5733166,0.7340905070304871,0.0,4.047040809720256e-18,,,0.1049494090295863,0.0205940791449508,,,,,,False,False
libero_10,9,16,2,4,144388,0,144388,9,144,put the yellow and white mug in the microwave and close it,-1,-1,none,-1,-1,-1,-1,4.0,0.0014241731259971,0.0055308169685304,0.004821800161153,0.0022325974423438,0.0007088914862833,0.001144744688645,0.0071862903423607,0.3018171191215515,0.0003063975018449,0.000859260559082,0.0005870744935236,0.0010632912162691,0.4921337366104126,1.4790199995040894,22.71976089477539,0.4337959587574005,1.0,15.443445205688477,0.0060400110669434,0.0107791787013411,0.0208292491734027,0.0053964611142873,0.0096181137487292,0.0183536689728498,0.0054594851098954,0.0097808921709656,0.0182862784713506,0.0081198189873248,0.0082299904897809,0.0114664379507303,0.0122985038906335,0.0199758559465408,0.0204162169247865,0.0074117532931268,0.0075595551170408,0.0076721982331946,0.0078654661774635,0.0070557601284235,0.0071513000875711,0.0070557601284235,0.0071513000875711,first,1.0,0.0,0.3018745481967926,0.1874332427978515,0.0,0.3018745481967926,1.0,0.3022456765174866,False,0.3018171191215515,0.0003063975018449,0.000859260559082,0.0199758559465408,0.0004320487787481,0.0070557598955929,5.82303837290965e-05,153388,153389,160,16,0,False,False,0.5,0.5,0.0719322077635616,0.0787969702210468,3.272998887402317e-07,3.272998563286223e-07,0.0,0.0,0.0,0.0,196.0,14.0,191.0,0.6347833354717457,0.7546194525897594,0.0888888888888888,0.0995138703701091,0.0817940838435818,0.1243923379626364,0.4219643283253269,11.218676385068855,67.09591044144203,13101.846593505805,1656.2640380859375,16.87076759338379,15.93950788598395,0.8415151145970403,787.9481201171875,10.08316707611084,19.16582737145558,0.9208197094476048,0.0509315654635429,0.0101512353867292,0.0471071898937225,0.0157161466777324,0.0107794255018234,0.3018745481967926,0.3018745481967926,0.054545547331129,0.1435245311521927,5.0,,,,,0.1435245311521927,True,264,17,success,-1,True,False,False,-1,,white_yellow_mug_1,False,-1,False,-1,False,0.0,1.0,148,111,0.0734330557695158,1.6729956708752036,0.2110537830665245,3.468701726230273,93149493.5733166,0.6981254518032074,0.0,5.249745936425225e-19,,,0.0808874089466593,0.0483157965567933,,,,,,False,False
libero_10,9,16,2,4,144388,0,144388,10,160,put the yellow and white mug in the microwave and close it,-1,-1,none,-1,-1,-1,-1,4.0,0.002426252933219,0.010482775978744,0.0143277430906891,0.0045045292936265,0.000931479036808,0.0006757442024536,0.0137417139485478,0.3515925705432892,0.0003233214665669,0.0008054971694946,0.0011647024657577,0.0023568475153297,0.6543559432029724,2.0296852588653564,32.1510124206543,0.7736992835998535,1.658312439918518,53.23062896728516,0.0067500588484108,0.0123432772234082,0.023946214467287,0.0056355698034167,0.0100551145151257,0.0193536356091499,0.005375045351684,0.0095707383006811,0.0161876175552606,0.0082096462137997,0.0083059044554829,0.0107791114132851,0.0111158406361937,0.0233468851074576,0.0252149999141693,0.0078296860447153,0.0078946761786937,0.0085465023294091,0.0087671000510454,0.0068493242142722,0.0069381883367896,0.0068493242142722,0.0069381883367896,first,1.0,0.0,0.351036787033081,-1.718981146812439,0.0,0.351036787033081,3.0,0.3518422842025757,False,0.3515925705432892,0.0003233214665669,0.0008054971694946,0.023346884176135,0.0014739595353603,0.0068493243306875,6.37428238405846e-05,154388,154391,176,16,0,False,False,0.5,0.0,0.0481174167466368,0.0770168758862346,3.272998887402317e-07,3.272998563286223e-07,0.0,0.0,0.0,0.0,12.0,2.0,12.0,0.4122037327086296,0.6978427062301816,0.0888888888888888,0.0674086211849132,0.0509731180244755,0.0842607764811415,0.4619798569496191,5.240538978779756,23.19344556999797,2787.664398033182,1782.982666015625,17.76594352722168,15.619332398408208,0.8320898614724003,898.2888793945312,10.841710090637209,18.596643376173382,0.9170928396961134,0.0459209457039833,0.0099789900705218,0.0356035232543945,0.0414665937423706,0.0196196716278791,0.351036787033081,0.351036787033081,0.0601203700813593,0.223122833136588,5.0,,,,,0.223122833136588,True,264,17,success,-1,True,False,False,-1,,white_yellow_mug_1,False,-1,False,-1,False,0.0,1.0,148,111,0.0734330557695158,1.6729956708752036,0.2110537830665245,3.468701726230273,93149493.5733166,0.648963212966919,0.0,3.0805646223819295e-18,,,0.0028430779903318,0.074635939279877,,,,,,False,False
libero_10,9,16,2,4,144388,0,144388,11,176,put the yellow and white mug in the microwave and close it,-1,-1,none,-1,-1,-1,-1,4.0,0.0018151232507079,0.0057396600022912,0.0066527966409921,0.0028750170022249,0.001072808750905,0.0008623854955658,0.0092112580314278,0.4334391355514526,0.0001759687147568,0.0004912912845611,0.0005853636539541,0.0009939991869032,0.4865099191665649,1.299038052558899,20.542638778686523,0.5741437673568726,1.4790199995040894,28.375825881958008,0.0063570416532456,0.0113605791702866,0.0218946076929569,0.0055409260094165,0.0098465960472822,0.0170892179012298,0.0052721388638019,0.0094005614519119,0.0174881499260664,0.0083654448390007,0.0084481937810778,0.0114443711936473,0.0122854113578796,0.0243210415355861,0.0248690024018287,0.0076036488171666,0.0077087613753974,0.0080404391046613,0.0082865674048662,0.0068063028156757,0.0068815480917692,0.0068063028156757,0.0068815480917692,first,1.0,0.0,0.4333918392658233,-0.2687766849994659,0.0,0.4333918392658233,1.0,0.433694839477539,False,0.4334391355514526,0.0001759687147568,0.0004912912845611,0.0243210420012474,0.0004696421965491,0.0068063028156757,6.415447569452226e-05,155388,155389,192,16,0,False,False,0.5,0.0,0.0450393745247956,0.1277322508424697,3.272998887402317e-07,3.272998563286223e-07,0.0,0.0,0.0,0.0,0.0,0.0,0.0,0.7679351734586368,0.8302485708412969,0.0444444444444444,0.1515082280896121,0.137532039197373,0.1893852851120152,0.4280833221006473,3.604718614248886,5.715534038980469,144.75090257286237,1005.1615600585938,13.118396759033203,18.10844489158324,0.9047241629774816,473.0639953613281,7.004597187042236,21.38160465474027,0.9579800661576804,0.0165712218731641,0.004043776076287,0.0122582539916038,0.0058457166887819,0.0154658956453204,0.4333918392658233,0.4333918392658233,0.0466721602598367,0.2304752576423917,5.0,,,,,0.2304752576423917,True,264,17,success,-1,True,False,False,-1,,white_yellow_mug_1,False,-1,False,-1,False,0.0,1.0,148,111,0.0734330557695158,1.6729956708752036,0.2110537830665245,3.468701726230273,93149493.5733166,0.5666081607341766,0.0,2.145179795825469e-18,,,0.0001390187544026,0.0027465249023892,,,,,,False,False
libero_10,9,16,2,4,144388,0,144388,12,192,put the yellow and white mug in the microwave and close it,-1,-1,none,-1,-1,-1,-1,4.0,0.0018056861590594,0.0072995536029338,0.0089232018217444,0.0029510734602808,0.001025325153023,0.0007106071570888,0.0093345819041132,0.5084518790245056,0.0004586897266563,0.0011869072914123,0.0006866082549095,0.0013770490186288,0.462895393371582,1.2247449159622192,18.212289810180664,0.7420952320098877,2.9474565982818604,25.44110870361328,0.0063776848837733,0.0113898580893874,0.0206644628196954,0.0055283210240304,0.0098126605153083,0.0172408930957317,0.0053419563919305,0.0095156040042638,0.0169056039303541,0.008195023285225,0.0083136809989809,0.0107411746867001,0.011150736361742,0.0234112944453954,0.0242098718881607,0.0074363524327054,0.0075393798761069,0.0078082144027575,0.0080427778884768,0.006755156442523,0.0068786637857556,0.006755156442523,0.0068786637857556,first,1.0,0.0,0.5091478228569031,1.5172431468963623,0.0,0.5091478228569031,0.0,0.5091478228569031,True,0.5084518790245056,0.0004586897266563,0.0011869072914123,0.0234112925827503,0.0007531807059422,0.006755156442523,0.0001023012664518,156388,156388,208,16,0,False,False,0.5,0.0,0.0450329001935085,0.2594987830878044,3.272998887402317e-07,3.272998563286223e-07,0.0,0.0,0.0,0.0,0.0,0.0,0.0,0.7185309451552316,0.8521038620934167,0.0333333333333333,0.1384776399304033,0.1327706984512938,0.1730970499130041,0.2696650272885096,1.8947557783503577,6.716461140224123,70.29145120348902,680.6198120117188,10.994465827941896,19.801757741420104,0.9325368839893377,1226.1536865234375,14.894817352294922,17.24535452654549,0.8815667082524646,0.0288239754736423,0.0081175584346055,0.0152546316385269,0.0196444801986217,0.021072506904602,0.5091478228569031,0.5091478228569031,0.4035875986635833,2.017674582000415,5.0,,,,,2.017674582000415,True,264,17,success,-1,True,False,False,-1,,white_yellow_mug_1,False,-1,False,-1,False,0.0,1.0,148,111,0.0734330557695158,1.6729956708752036,0.2110537830665245,3.468701726230273,93149493.5733166,0.4908521771430969,0.0,7.721182899652801e-18,,,1.5037268485023009e-05,0.0002483740490166,,,,,,False,False
libero_10,9,16,2,4,144388,0,144388,13,208,put the yellow and white mug in the microwave and close it,-1,-1,none,-1,-1,-1,-1,4.0,0.0015552330296486,0.0056351143866777,0.0081982454285025,0.0025469630490988,0.0008748249965719,0.0006212664302438,0.0078315595164895,0.6037505865097046,0.0002042207051999,0.0005501508712768,0.0007547556306235,0.0014762277714908,0.4613538384437561,1.1180340051651,26.85493469238281,0.7929438948631287,2.6809513568878174,27.878082275390625,0.0060425959527492,0.0107661085203289,0.0211355593055486,0.0056142308749258,0.0100429523736238,0.0164957325905561,0.0053376513533294,0.0094014508649706,0.0192937646061182,0.0083813762757927,0.0084693217650055,0.0134389700833708,0.0146558675915002,0.0223641786724329,0.022893963381648,0.0079527315683662,0.0081214243546128,0.0084569994360208,0.0087045691907405,0.0069002034142613,0.0070586502552032,0.0069002034142613,0.0070586502552032,first,1.0,0.0,0.6036468744277954,-0.5078431367874146,0.0,0.6036468744277954,3.0,0.6040463447570801,False,0.6037505865097046,0.0002042207051999,0.0005501508712768,0.022364180535078,0.0004553189501166,0.0069002034142613,0.0001222370192408,157388,157391,224,16,0,False,False,0.5,0.0,0.0450380215850589,0.3350940408225681,3.272998887402317e-07,3.272998563286223e-07,0.0,0.0,0.0,0.0,0.0,0.0,0.0,0.9957411113860436,1.045808910692529,0.0333333333333333,0.198526800065842,0.193750196727359,0.2481585000823025,0.3469267267865918,2.328670834524402,4.721379239855977,39.92269570787666,600.8834228515625,10.482847213745115,20.34290137988636,0.9406536092995774,2939.69384765625,27.91370391845703,13.447782573934395,0.7089545070109047,0.048496626317501,0.0121509097516536,0.0380424559116363,0.0406477227807045,0.0262635052204132,0.6036468744277954,0.6036468744277954,0.4034729310604942,2.017300497162068,5.0,,,,,2.017300497162068,True,264,17,success,-1,True,False,False,-1,,white_yellow_mug_1,False,-1,False,-1,False,0.0,1.0,148,111,0.0734330557695158,1.6729956708752036,0.2110537830665245,3.468701726230273,93149493.5733166,0.3963531255722046,0.0,8.948774448448535e-18,,,3.6583743612212993e-06,6.049976604194539e-05,,,,,,False,False
libero_10,9,16,2,4,144388,0,144388,14,224,put the yellow and white mug in the microwave and close it,-1,-1,none,-1,-1,-1,-1,4.0,0.0018354632193222,0.0088226525112986,0.0109063256531953,0.0027640804182738,0.0012261462397873,0.0008775623282417,0.0091752046719193,0.7138195037841797,0.0002328225673409,0.0005722045898437,0.0007351241656579,0.0011677542934194,0.4218634068965912,1.1180340051651,11.818946838378906,0.6439698934555054,1.2247449159622192,53.0141487121582,0.0065538580529391,0.0120389908552169,0.0244443658739328,0.0055457334965467,0.0098006837069988,0.0179196614772081,0.0056467833928763,0.0101287243887782,0.0185102373361587,0.0085864784196019,0.0086491620168089,0.0115789347328245,0.0117751881480216,0.0246901419013738,0.0256506856530904,0.007870408357121,0.0080035040155053,0.0081314125563949,0.0083015300333499,0.0072863983223214,0.0077672181650996,0.0072863983223214,0.0077672181650996,first,1.0,0.0,0.7141666412353516,1.4909957647323608,0.0,0.7141666412353516,0.0,0.7141666412353516,True,0.7138195037841797,0.0002328225673409,0.0005722045898437,0.0246901419013738,0.0007271305657923,0.0072863986715674,0.0002788714482448,158388,158388,240,16,0,False,False,0.5,0.0,0.045028602722303,0.4091840643894235,3.272998887402317e-07,3.272998563286223e-07,0.0,0.0,0.0,0.0,0.0,0.0,0.0,0.6840768275189248,0.8525041428731072,0.0666666666666666,0.1483463039675986,0.1403042002408284,0.1854328799594983,0.3591720345453642,2.681508749273438,5.890919737947234,94.08010740886344,740.1911010742188,11.486574172973633,19.43736501370089,0.9256714467054332,1135.33984375,12.630274772644045,17.579544815646962,0.871724796177052,0.0282469596713781,0.0079852435737848,0.0173443928360939,0.0114778690040111,0.0254284609109163,0.7141666412353516,0.7141666412353516,0.0935709202170634,0.4675748362123798,5.0,,,,,0.4675748362123798,True,264,17,success,-1,True,False,False,-1,,white_yellow_mug_1,False,-1,False,-1,False,0.0,1.0,148,111,0.0734330557695158,1.6729956708752036,0.2110537830665245,3.468701726230273,93149493.5733166,0.2858333587646484,0.0,3.319629213439717e-18,,,5.802510245704689e-06,0.0002739623626918,,,,,,False,False
libero_10,9,16,2,4,144388,0,144388,15,240,put the yellow and white mug in the microwave and close it,-1,-1,none,-1,-1,-1,-1,4.0,0.0016588132129982,0.0079534882679581,0.0106433127075433,0.0025272716302424,0.0011005833512172,0.0007281264988705,0.0083014564588665,0.8157424926757812,9.26219581742771e-05,0.0002554655075073,0.0007441352936439,0.0015406055608764,0.5622820854187012,1.8027756214141848,24.12856101989746,0.6965771913528442,1.299038052558899,40.83120727539063,0.0063610607758164,0.0116031803190708,0.0246529839932918,0.0055283075198531,0.0098198186606168,0.0183282773941755,0.0056330924853682,0.0100209936499595,0.0166013836860656,0.008262729505077,0.0083895130082964,0.0121801472268998,0.0123986871913075,0.0243486836552619,0.0253784786909818,0.0076430332846939,0.0078200651332736,0.0080498951720073,0.0083725983276963,0.0073920440627262,0.0075423563830554,0.0073920440627262,0.0075423563830554,first,1.0,0.0,0.8157129287719727,-0.3191889226436615,0.0,0.8157129287719727,3.0,0.8158893585205078,False,0.8157424926757812,9.26219581742771e-05,0.0002554655075073,0.0243486836552619,0.0006900847074575,0.0073920441791415,0.0001315018162131,159388,159391,256,16,0,False,False,0.5,0.0,0.0450241668436254,0.3071068394367785,3.272998887402317e-07,3.272998563286223e-07,0.0,0.0,0.0,0.0,7.0,1.0,0.0,0.8426434660869618,0.9654551276027028,0.0222222222222222,0.1384859441534612,0.1330961833786771,0.1731074301918265,0.4541784079586987,5.189598781127343,14.75998209210066,516.6391442928198,1110.940185546875,14.182065963745115,17.67389684272891,0.8893618642599337,1089.8253173828125,11.198540687561035,17.75723468226653,0.8883088910264035,0.0088227447122335,0.002486417768523,0.0056277811527252,0.0036259922198951,0.0078311515972018,0.8157129287719727,0.8157129287719727,0.0643210305350464,0.3213669989831249,5.0,,,,,0.3213669989831249,True,264,17,success,-1,True,False,False,-1,,white_yellow_mug_1,False,-1,False,-1,False,0.0,1.0,148,111,0.0734330557695158,1.6729956708752036,0.2110537830665245,3.468701726230273,93149493.5733166,0.1842870712280273,0.0,3.5951335338844895e-18,,,1.9253954567653055e-05,0.0002188997375395,,,,,,False,False
libero_10,9,16,2,4,144388,0,144388,16,256,put the yellow and white mug in the microwave and close it,-1,-1,none,-1,-1,-1,-1,4.0,0.0015589408576488,0.0062068598344922,0.0048570786602795,0.0024131040554493,0.000934766663704,0.0008689737878739,0.0076834433712065,0.9619916081428528,0.0007793396362103,0.0019655227661132,0.0005654369597323,0.0014103434514254,0.463303804397583,1.4790199995040894,14.568801879882812,0.4093105494976043,0.8660253882408142,14.008925437927246,0.0061321840621531,0.0110435020178556,0.0219572037458419,0.0055362954735755,0.0097619360312819,0.019349368289113,0.0060250745154917,0.0106902103871107,0.0207811649888753,0.0081548984162509,0.0082027139142155,0.0108121284283697,0.0111508108675479,0.0214258283376693,0.0215953476727008,0.0075030481675639,0.0075560715049505,0.0078079283703118,0.0080281561240553,0.0075643844902515,0.0077384742908179,0.0075643844902515,0.0077384742908179,first,1.0,0.0,0.9623725414276124,0.488789826631546,0.0,0.9623725414276124,2.0,0.9626221656799316,False,0.9619916081428528,0.0007793396362103,0.0019655227661132,0.0214258283376693,0.0001856464077718,0.0075643844902515,0.0001832641282817,160388,160390,264,8,0,False,True,1.0,0.5,0.0453916313584545,0.2528236792712023,3.272998887402317e-07,3.272998563286223e-07,0.0,0.0,0.0,0.0,6.0,1.0,0.0,0.8401861227160698,0.916692909424166,0.0238095238095238,0.0654286213185527,0.0653258772075882,0.1635715532963818,0.1465598047799089,2.4861807461226886,4.44072995221193,5.422666263828819,1084.5447998046875,14.109135627746582,17.77832864539722,0.8916665652399229,1564.1953125,14.694416046142578,16.187893807853367,0.8496703137827671,0.1175272315740585,0.0250646844506263,0.0994138419628143,0.1003868132829666,0.0611029118299484,0.0376274585723876,0.9623725414276124,0.0278598359698107,0.1371796549486317,5.0,,,,,0.1371796549486317,True,264,17,success,-1,True,False,False,-1,,white_yellow_mug_1,False,-1,False,-1,False,0.0,1.0,148,111,0.0734330557695158,1.6729956708752036,0.2110537830665245,3.468701726230273,93149493.5733166,0.0376274585723876,0.0,2.365161105909857e-18,,,0.0010770235809273,0.0010425013194948,,,,,,False,False
libero_10,9,17,2,5,144485,0,144485,0,0,put the yellow and white mug in the microwave and close it,-1,-1,none,-1,-1,-1,-1,4.0,0.0031516388989984,0.0223663784563541,0.0160617679357528,0.0049074529670178,0.0022326558828353,0.0006411462090909,0.0174548309296369,0.0710943043231964,0.0004072864248882,0.0009998381137847,0.0012843788135796,0.0021039398852735,0.8190996050834656,2.1650636196136475,64.71234130859375,1.63677978515625,6.356891632080078,63.88661956787109,0.0080354092642664,0.0178384892642498,0.0336003899574279,0.0057417070493102,0.0101466570049524,0.0173829905688762,0.0059981667436659,0.0105972345918416,0.0177236311137676,0.0080307777971029,0.0080744894221425,0.010841802926734,0.0124744866043329,0.0223694578744471,0.0236679073423147,0.0074435512069612,0.0074867797084152,0.0076797431102022,0.0077697341330349,0.0078187435865402,0.0079479087144136,0.0078187435865402,0.0079479087144136,first,1.0,0.0,0.0716913938522338,1.4660186767578125,0.0,0.0716913938522338,0.0,0.0716913938522338,True,0.0710943043231964,0.0004072864248882,0.0009998381137847,0.0223694592714309,0.0007639478426426,0.0078187435865402,0.0001028702972689,144485,144485,16,16,0,False,False,0.0,0.0,3.223658211481961e-07,0.2703728652112868,3.272998887402317e-07,3.272998563286223e-07,0.0,0.0,0.0,0.0,0.0,0.0,0.0,0.4963716856978374,0.594967602833545,0.0,0.0814692978187879,0.080951536663186,0.1018366222734848,0.1860610753708519,1.7325512349700207,6.117666886904201,182.21392902837871,683.5066528320312,11.191950798034668,19.78337614788972,0.9302317104707684,1006.4083862304688,12.61642360687256,18.10306113849346,0.8754899329476308,0.0176938008517026,0.0047820541076362,0.01028573513031,0.0090694911777973,0.0151751525700092,0.0716913938522338,0.0716913938522338,0.0418799615531902,0.2093990742633493,5.0,,,,,0.2093990742633493,True,267,17,success,-1,True,False,False,-1,,white_yellow_mug_1,False,-1,False,-1,False,0.0,1.0,150,112,0.0759371671019223,1.6765443614157636,0.2119379545620696,3.393443264343961,89940677.410683,0.928308606147766,3.447524065394838e-07,2.9453379878165667e-08,,,3.395531409381535e-07,1.9743674802417783e-08,,,,,,False,False
libero_10,9,17,2,5,144485,0,144485,1,16,put the yellow and white mug in the microwave and close it,-1,-1,none,-1,-1,-1,-1,4.0,0.0012635992607101,0.0046346238814294,0.0060616633854806,0.0015904813772067,0.0011540539562702,0.0006115894648246,0.0060150460340082,0.1038427874445915,0.0005455436185002,0.0013357698917388,0.000714375055395,0.000973732327111,0.4795998930931091,1.299038052558899,25.55753326416016,0.6199447512626648,1.5811388492584229,28.76086807250977,0.0060141230933368,0.0107270656153559,0.0194068700075149,0.005556849297136,0.0098947128280997,0.0178308449685573,0.0058242776431143,0.0103746484965085,0.0180214866995811,0.0076819421956315,0.0077457255683839,0.0103164457250386,0.0107976840808987,0.0209312899969518,0.021325496956706,0.0073103627655655,0.0075383665971457,0.0075845486717298,0.0077777621336281,0.0074328134069219,0.0074616628699004,0.0074328134069219,0.0074616628699004,first,1.0,0.0,0.1042566299438476,0.7585873603820801,0.0,0.1042566299438476,0.0,0.1042566299438476,True,0.1038427874445915,0.0005455436185002,0.0013357698917388,0.0209312904626131,0.0003012592787854,0.0074328132905066,2.850544478860684e-05,145485,145485,32,16,0,False,False,0.0,0.0,3.223658211481961e-07,0.2219259437961833,3.272998887402317e-07,3.272998563286223e-07,0.0,0.0,0.0,0.0,0.0,0.0,0.0,0.4261127138835396,0.4968209706604453,0.0444444444444444,0.0618750222270022,0.0552167650264838,0.0773437777837527,0.1795441060184015,1.404701425934811,2.586631934110049,140.19986437045725,741.5191040039062,12.097855567932127,19.4295801648584,0.9257011445104472,697.6375122070312,10.410435676574709,19.694505361530982,0.9195555690315836,0.0083041135221719,0.0023757880553603,0.0051795840263366,0.0060293455608189,0.0051526711322367,0.1042566299438476,0.1042566299438476,0.5607989386304931,2.803994693152465,5.0,,,,,2.803994693152465,True,267,17,success,-1,True,False,False,-1,,white_yellow_mug_1,False,-1,False,-1,False,0.0,1.0,150,112,0.0759371671019223,1.6765443614157636,0.2119379545620696,3.393443264343961,89940677.410683,0.8957433700561523,0.0,5.70251151010058e-17,,,0.0,6.252227835859786e-18,,,,,,False,False
libero_10,9,17,2,5,144485,0,144485,2,32,put the yellow and white mug in the microwave and close it,-1,-1,none,-1,-1,-1,-1,4.0,0.0013436957960948,0.0068045305088162,0.0041783289052546,0.0020342119969427,0.0009055027621798,0.000586726644542,0.006777758244425,0.1131457537412643,0.0005038449307903,0.0013985633850097,0.0008558291010558,0.0014014282496646,0.5115845799446106,1.4790199995040894,19.72783660888672,0.8504646420478821,2.9474565982818604,32.78242492675781,0.0059895794838666,0.0107296947389841,0.0203604660928249,0.0055678840726614,0.0098962057381868,0.0177062638103961,0.0057376641780138,0.0102476626634597,0.0174565371125936,0.0078623227309435,0.0079100830480456,0.0108088315464556,0.0112233664840459,0.0206171912141144,0.0216397289186716,0.0075188816990703,0.0076044746674597,0.007989847799763,0.0080695748329162,0.0073132929392158,0.0074222930707037,0.0073132929392158,0.0074222930707037,first,1.0,0.0,0.1125113368034362,-1.2591512203216553,0.0,0.1125113368034362,1.0,0.113909900188446,False,0.1131457537412643,0.0005038449307903,0.0013985633850097,0.0206171907484531,0.0006108037778176,0.0073132924735546,7.274268864421174e-05,146485,146486,48,16,0,False,False,0.0,0.0,3.223658211481961e-07,0.1975905454850449,3.272998887402317e-07,3.272998563286223e-07,0.0,0.0,0.0,0.0,0.0,0.0,0.0,0.3899105013496259,0.4277868748797305,0.0222222222222222,0.0325307256458945,0.0281328704397803,0.0406634070573681,0.1301217846347565,1.681827664904777,9.73340069948282,1743.4004702788309,934.0546264648438,12.829779624938965,18.42708084982027,0.912475059498124,1047.4041748046875,12.609673500061035,17.929660602627017,0.8908747404022463,0.0121002551168203,0.0034802043810486,0.0073228627443313,0.0072466265410184,0.0084509402513504,0.1125113368034362,0.1125113368034362,0.0937589057121895,0.4687945285609475,5.0,,,,,0.4687945285609475,True,267,17,success,-1,True,False,False,-1,,white_yellow_mug_1,False,-1,False,-1,False,0.0,1.0,150,112,0.0759371671019223,1.6765443614157636,0.2119379545620696,3.393443264343961,89940677.410683,0.8874886631965637,0.0,6.2451495074037875e-18,,,0.0,5.4989378935749186e-18,,,,,,False,False
libero_10,9,17,2,5,144485,0,144485,3,48,put the yellow and white mug in the microwave and close it,-1,-1,none,-1,-1,-1,-1,4.0,0.0015650192508473,0.008048502728343,0.0095982048660516,0.0026855813339352,0.0007532571326009,0.0006386199966073,0.0083243465051054,0.1163417622447013,0.0002189486694987,0.0006111860275268,0.0005169967189431,0.0008923505665734,0.518088698387146,1.5,14.32654857635498,0.5455692410469055,1.1180340051651,20.31471061706543,0.0060868682339787,0.0109281297773122,0.0231360308825969,0.0055075460113584,0.0098384469747543,0.0180756077170372,0.0056171813048422,0.010072867386043,0.0188348591327667,0.0079028324689716,0.0080223102122545,0.0098279525991529,0.0099750505760312,0.0210099951364099,0.0216771997511386,0.0074478853493928,0.0075897458009421,0.0076914679957553,0.0079411920160055,0.0072846777038648,0.0073892869986593,0.0072846777038648,0.0073892869986593,first,1.0,0.0,0.1163414120674133,-0.0015993579290807,0.0,0.1163414120674133,1.0,0.116618663072586,False,0.1163417622447013,0.0002189486694987,0.0006111860275268,0.0210099946707487,0.0004009463591501,0.0072846775874495,9.791792399482802e-05,147485,147486,64,16,0,False,False,0.0,0.0,3.223658211481961e-07,0.1602969574248022,3.272998887402317e-07,3.272998563286223e-07,0.0,0.0,0.0,0.0,0.0,0.0,0.0,0.4459069220704504,0.5473926698929069,0.0,0.0741072359883666,0.0717446769926595,0.0926340449854582,0.1772766700388062,1.9258954803081605,3.9479103418719657,178.02933358118997,1152.5482177734375,14.856525421142578,17.514212573703098,0.8956952366637222,821.6166381835938,9.787813186645508,18.984111354902765,0.9062737627891592,0.0159149784594774,0.0042385668493807,0.0087962746620178,0.0111221373081207,0.0112240593880414,0.1163414120674133,0.1163414120674133,0.0446232084681503,0.2231160423407518,5.0,,,,,0.2231160423407518,True,267,17,success,-1,True,False,False,-1,,white_yellow_mug_1,False,-1,False,-1,False,0.0,1.0,150,112,0.0759371671019223,1.6765443614157636,0.2119379545620696,3.393443264343961,89940677.410683,0.8836585879325867,0.0,5.173694992325543e-18,,,0.0,1.894889756070041e-18,,,,,,False,False
libero_10,9,17,2,5,144485,0,144485,4,64,put the yellow and white mug in the microwave and close it,-1,-1,none,-1,-1,-1,-1,4.0,0.0018476357217878,0.0080412877723574,0.0042504272423684,0.0034500502515584,0.0006053101387806,0.0007673677755519,0.0101883010938763,0.138632595539093,0.0002682321937754,0.0006891787052154,0.0004704712191596,0.0007969869766384,0.5025725364685059,1.5,21.57979393005371,0.4000316560268402,0.829156219959259,16.931848526000977,0.0061060045845806,0.0108933765441179,0.0193052124232053,0.0054293773137032,0.0095995534211397,0.0170357581228017,0.0056154509074985,0.0100941890850663,0.018927302211523,0.0076790585881099,0.0077223340049386,0.0097694504074752,0.0104821715503931,0.0209176396019756,0.0217279233038425,0.0072901090607047,0.0073638758622109,0.0076599962776526,0.0077443551272153,0.0072507434524595,0.007310748565942,0.0072507434524595,0.007310748565942,first,1.0,0.0,0.1388933956623077,0.972292423248291,0.0,0.1388933956623077,0.0,0.1388933956623077,True,0.138632595539093,0.0002682321937754,0.0006891787052154,0.0209176391363143,0.0006061586318537,0.0072507434524595,5.397584391175769e-05,148485,148485,80,16,0,False,False,0.0,0.0,3.223658211481961e-07,0.1118694259767474,3.272998887402317e-07,3.272998563286223e-07,0.0,0.0,0.0,0.0,0.0,0.0,0.0,0.3132082145921911,0.3939562721653314,0.0888888888888888,0.0615654942278882,0.0563525901162986,0.0769568677848603,0.2048579572445964,1.7733822335533844,2.965584454721813,226.07923657304943,959.2865600585938,13.25112247467041,18.311320009734377,0.9145637304495592,573.9381103515625,7.628952980041504,20.54215297358336,0.930882638147864,0.012722810730338,0.0035943516995757,0.0073546767234802,0.0067375535145401,0.0103830527514219,0.1388933956623077,0.1388933956623077,0.5658661580542059,2.8293307902710296,5.0,,,,,2.8293307902710296,True,267,17,success,-1,True,False,False,-1,,white_yellow_mug_1,False,-1,False,-1,False,0.0,1.0,150,112,0.0759371671019223,1.6765443614157636,0.2119379545620696,3.393443264343961,89940677.410683,0.8611066043376923,0.0,3.362885935965817e-18,,,0.0,4.633319463719757e-18,,,,,,False,False
libero_10,9,17,2,5,144485,0,144485,5,80,put the yellow and white mug in the microwave and close it,-1,-1,none,-1,-1,-1,-1,4.0,0.0014282257761806,0.0062434547580778,0.0091851046308875,0.0023626403417438,0.0005319528863765,0.0013138006906956,0.0078033818863332,0.1591847836971283,0.0004247694450896,0.0008786618709564,0.0018201757920905,0.0061998283490538,0.5144376158714294,1.6393595933914185,22.083648681640625,0.4429427683353424,0.829156219959259,16.976085662841797,0.0058703580871224,0.0104748550802469,0.0234633032232522,0.0059400126338005,0.0108342142775654,0.0190545842051506,0.0055960956960916,0.00986167229712,0.0208308733999729,0.0077038268791511,0.0077870860695838,0.0129853005055338,0.0135252401232719,0.0193608324043452,0.0201195459812879,0.0076216106535866,0.0076510226354002,0.0087217269465327,0.0089335795491933,0.0071405969792976,0.0071870777755975,0.0071405969792976,0.0071870777755975,first,1.0,0.0,0.1587664186954498,-0.9849225282669068,0.0,0.1587664186954498,1.0,0.1596329808235168,False,0.1591847836971283,0.0004247694450896,0.0008786618709564,0.0193608328700065,0.000777824956458,0.0071405968628823,3.0676259484607726e-05,149485,149486,96,16,0,False,False,0.0,0.0,0.0001542225142218,0.0794303613970412,3.272998887402317e-07,3.272998563286223e-07,0.0,0.0,0.0,0.0,17.0,7.0,17.0,0.3162547714449939,0.4203239402260703,0.0666666666666666,0.0517082989140035,0.0414128801914948,0.0646353736425044,0.2384620783259903,4.7885524581507495,19.56297244428947,4770.139158704392,1216.1920166015625,14.998445510864258,17.280782126030225,0.8909134368921019,474.1834716796875,7.423662185668945,21.3713394889636,0.9397207076191174,0.1067711487412452,0.0197152514010667,0.1024003326892852,0.0223347172141075,0.0141497207805514,0.1587664186954498,0.1587664186954498,0.5695427062791185,2.828362591042504,5.0,,,,,2.828362591042504,True,267,17,success,-1,True,False,False,-1,,white_yellow_mug_1,False,-1,False,-1,False,0.0,1.0,150,112,0.0759371671019223,1.6765443614157636,0.2119379545620696,3.393443264343961,89940677.410683,0.8412335813045502,0.0,3.515307150594283e-18,,,0.0064594679367829,0.0128914724163053,,,,,,False,False
libero_10,9,17,2,5,144485,0,144485,6,96,put the yellow and white mug in the microwave and close it,-1,-1,none,-1,-1,-1,-1,4.0,0.0018005640013143,0.0081016598269343,0.0103834616020321,0.0032915046904236,0.0006494896952062,0.0007809641538187,0.0097994450479745,0.1975452601909637,0.0005705716903321,0.001587837934494,0.0014564906014129,0.0044903787784278,0.7069277167320251,2.384848117828369,21.81026077270508,0.6782739162445068,1.658312439918518,26.405492782592773,0.0061194710433483,0.0111037204042077,0.0204645358026027,0.0056913727894425,0.0101565076038241,0.0208886656910181,0.0055523263290524,0.0098190559074282,0.0166874192655086,0.0076569691300392,0.0077367834746837,0.0097692527342587,0.0100666675716638,0.0210539824329316,0.021377021446824,0.0079239581245929,0.0080221043899655,0.0083971361164003,0.0084991380572319,0.0070629105903208,0.0072391089051961,0.0070629105903208,0.0072391089051961,first,1.0,0.0,0.1983487606048584,1.4082374572753906,0.0,0.1983487606048584,0.0,0.1983487606048584,True,0.1975452601909637,0.0005705716903321,0.001587837934494,0.0210539810359478,0.000275424477877,0.0070629105903208,0.0001066542026819,150485,150485,112,16,0,False,False,0.0,0.0,0.0405765461723424,0.0776276469435848,3.272998887402317e-07,3.272998563286223e-07,0.0,0.0,0.0,0.0,140.0,9.0,140.0,0.4404341277308988,0.7109976003411048,0.0568181818181818,0.0772343170034446,0.0712133396194206,0.0965428962543057,0.293071584246633,3.039258171662355,7.101440329999698,485.2938304774716,1135.4075927734375,14.712950706481934,17.57928566725759,0.9000758163875884,782.6923828125,8.486992835998535,19.19489253595358,0.9010291839530316,0.2198569327592849,0.0344088934361934,0.2122361809015274,0.0154668325558304,0.0197787247598171,0.1983487606048584,0.1983487606048584,0.0445083224264026,0.1129787894822917,5.0,,,,,0.1129787894822917,True,267,17,success,-1,True,False,False,-1,,white_yellow_mug_1,False,-1,False,-1,False,0.0,1.0,150,112,0.0759371671019223,1.6765443614157636,0.2119379545620696,3.393443264343961,89940677.410683,0.8016512393951416,0.0,2.6034370273984893e-18,,,0.0682360972330116,0.04132672541671,,,,,,False,False
libero_10,9,17,2,5,144485,0,144485,7,112,put the yellow and white mug in the microwave and close it,-1,-1,none,-1,-1,-1,-1,4.0,0.001405888586305,0.0052393339574337,0.0060766185633838,0.0023753405548632,0.0006889551295898,0.0006483337492682,0.0076577644795179,0.2254901677370071,0.0001388229284202,0.0003853738307952,0.0009057314018718,0.001346232718788,0.5256280303001404,1.6393595933914185,19.227258682250977,0.4908659160137176,0.8660253882408142,39.23885345458984,0.0059100403450429,0.0106638371944427,0.0200440902262926,0.005447850562632,0.0095927603542804,0.017239324748516,0.0055204113014042,0.0097986785694956,0.016491524875164,0.0074913603020831,0.0075893546454608,0.0095305982977151,0.0100685413926839,0.0202188566327095,0.0217890795320272,0.0077171493321657,0.0077916136942803,0.0081118484959006,0.0081941094249486,0.0071265725418925,0.0071982159279286,0.0071265725418925,0.0071982159279286,first,1.0,0.0,0.2254849672317505,-0.0374614298343658,0.0,0.2254849672317505,3.0,0.2256630063056945,False,0.2254901677370071,0.0001388229284202,0.0003853738307952,0.0202188566327095,0.0010054259328171,0.0071265725418925,5.337975744623691e-05,151485,151488,128,16,0,False,False,0.0,0.0,0.0759371671019223,0.0780616310814089,3.272998887402317e-07,3.272998563286223e-07,0.0,0.0,0.0,0.0,177.0,14.0,177.0,0.5108321013162194,0.6236272296991678,0.0666666666666666,0.1090529364246435,0.1035258698092684,0.1363161705308044,0.1874325230170904,1.3801826544016167,4.066570210615661,57.87497164763314,844.5843505859375,12.26872730255127,18.86437330803812,0.924338664513178,698.8856201171875,7.983597755432129,19.686742561044927,0.9241000348140288,0.0348735488951206,0.0096781020984053,0.0174286067485809,0.0147732906043529,0.0211212411522865,0.2254849672317505,0.2254849672317505,0.0535799513585566,0.1483603770214161,5.0,,,,,0.1483603770214161,True,267,17,success,-1,True,False,False,-1,,white_yellow_mug_1,False,-1,False,-1,False,0.0,1.0,150,112,0.0759371671019223,1.6765443614157636,0.2119379545620696,3.393443264343961,89940677.410683,0.7745150327682495,0.0,6.4282745049494e-18,,,0.1046950754496789,0.0148443043216883,,,,,,False,False
libero_10,9,17,2,5,144485,0,144485,8,128,put the yellow and white mug in the microwave and close it,-1,-1,none,-1,-1,-1,-1,4.0,0.0011898766970261,0.0062663382850587,0.0067109395749866,0.0021896322723478,0.0004160179232712,0.0005121859139762,0.0066887284629046,0.259913295507431,0.0003709380689542,0.0009002089500427,0.000684811908286,0.0010996103519573,0.5401971340179443,1.5811388492584229,16.560495376586914,0.4985593557357788,1.0897247791290283,15.562374114990234,0.0057543530128896,0.0102472491562366,0.0191861540079116,0.0054680062457919,0.0096101239323616,0.0164789520204067,0.0055320379324257,0.0098050460219383,0.021380728110671,0.0074261692352592,0.0075021772645413,0.0090963968541473,0.0092762494459748,0.0195033214986324,0.0199887678027153,0.0073622073978185,0.0073948088102042,0.0076493344968184,0.0077238557860255,0.0071617134381085,0.0072205965407192,0.0071617134381085,0.0072205965407192,first,1.0,0.0,0.2605514824390411,1.7204675674438477,0.0,0.2605514824390411,0.0,0.2605514824390411,True,0.259913295507431,0.0003709380689542,0.0009002089500427,0.0195033214986324,0.0005143826710991,0.0071617132052779,4.101157173863612e-05,152485,152485,144,16,0,False,False,0.0,0.0,0.0747707923820568,0.078784217773257,3.272998887402317e-07,3.272998563286223e-07,0.0,0.0,0.0,0.0,192.0,12.0,192.0,0.5050523607735172,0.5735750293049032,0.0555555555555555,0.1049271875495449,0.1041073783398078,0.1311589844369312,0.1206208295384634,1.4187148572532238,6.443289810898103,87.0450823136295,1090.4698486328125,13.994745254516602,17.75466698980171,0.8989719434933658,856.1296997070312,10.029064178466797,18.805407975924552,0.921783942722608,0.0549157634377479,0.0144505370408296,0.0383163541555404,0.0231014769524335,0.0432187728583812,0.2605514824390411,0.2605514824390411,0.0554659808630898,0.1516723352544444,5.0,,,,,0.1516723352544444,True,267,17,success,-1,True,False,False,-1,,white_yellow_mug_1,False,-1,False,-1,False,0.0,1.0,150,112,0.0759371671019223,1.6765443614157636,0.2119379545620696,3.393443264343961,89940677.410683,0.7394485175609589,0.0,6.442891400939418e-18,,,0.104134592098035,0.0215229769629695,,,,,,False,False
libero_10,9,17,2,5,144485,0,144485,9,144,put the yellow and white mug in the microwave and close it,-1,-1,none,-1,-1,-1,-1,4.0,0.0012836483074352,0.0051454086787998,0.0052407896146178,0.0020782705396413,0.0005745111266151,0.001027193502523,0.0066795577295124,0.2943362891674042,0.0003698053478728,0.0009299516677856,0.0007881563506089,0.0020205024629831,0.4846078753471374,1.4790199995040894,13.388427734375,0.364201545715332,0.8660253882408142,14.807092666625977,0.0058673559688031,0.0104048838838934,0.0187167227268219,0.0054801106452941,0.009730165824294,0.0169573854655027,0.005466429516673,0.0097344303503632,0.018091207370162,0.0077697554370388,0.0079027954488992,0.0112905215937644,0.0120544331148266,0.0194053351879119,0.0207750536501407,0.0074509268160909,0.0075578433461487,0.0077637783251702,0.0079148365184664,0.0070331613533198,0.0071286302991211,0.0070331613533198,0.0071286302991211,first,1.0,0.0,0.2946337163448334,0.8042803406715393,0.0,0.2946337163448334,0.0,0.2946337163448334,True,0.2943362891674042,0.0003698053478728,0.0009299516677856,0.0194053351879119,0.0009382046991959,0.0070331613533198,8.109336340567097e-05,153485,153485,160,16,0,False,False,0.5,0.5,0.0705999656100775,0.0789194929512796,3.272998887402317e-07,3.272998563286223e-07,0.0,0.0,0.0,0.0,193.0,13.0,190.0,0.6281879030522082,0.7459246697344,0.0444444444444444,0.1017031669641699,0.0924565388560925,0.1271289587052124,0.380298277398566,10.461561093622326,65.2873031970871,10668.975871455668,1416.4180908203125,15.420699119567873,16.618888958365808,0.8647900255898192,423.580078125,6.92669153213501,21.86144834748418,0.9568378357152116,0.0262660961598157,0.0077407043427228,0.0135906338691711,0.0143233435228466,0.0128472885116934,0.2946337163448334,0.2946337163448334,0.0591103665827012,0.1519811027142437,5.0,,,,,0.1519811027142437,True,267,17,success,-1,True,False,False,-1,,white_yellow_mug_1,False,-1,False,-1,False,0.0,1.0,150,112,0.0759371671019223,1.6765443614157636,0.2119379545620696,3.393443264343961,89940677.410683,0.7053662836551666,0.0,1.3124698959260565e-17,,,0.0912568966831965,0.0523138335160659,,,,,,False,False
libero_10,9,17,2,5,144485,0,144485,10,160,put the yellow and white mug in the microwave and close it,-1,-1,none,-1,-1,-1,-1,4.0,0.0025230566971004,0.0135421641170978,0.0181622877717018,0.0045723095536231,0.0010585780255496,0.0007687348406761,0.0137724550440907,0.3461802005767822,0.0005022629047743,0.0012300610542297,0.000866716611199,0.001854718546383,0.5962756872177124,1.8027756214141848,26.081602096557617,0.6250628232955933,1.4790199995040894,31.48412322998047,0.0068500633351504,0.0125726973637938,0.0262480899691581,0.0056336265988647,0.0100111998617649,0.0188082084059715,0.0054023154079914,0.0096698990091681,0.0181380305439233,0.0084656798280775,0.0085237855091691,0.0125028213951736,0.0130744613707065,0.0245816153474152,0.025788489729166,0.007936016190797,0.0079613914713263,0.0082854027859866,0.0084619792178273,0.0068612069590017,0.0070879496634006,0.0068612069590017,0.0070879496634006,first,1.0,0.0,0.3460696935653686,-0.2200182676315307,0.0,0.3460696935653686,2.0,0.3466336727142334,False,0.3461802005767822,0.0005022629047743,0.0012300610542297,0.0245816148817539,0.0008146907202899,0.006861207075417,0.0001366657816106,154485,154487,176,16,0,False,False,0.5,0.0,0.0525512073892526,0.0761051894722371,3.272998887402317e-07,3.272998563286223e-07,0.0,0.0,0.0,0.0,23.0,7.0,23.0,0.43119249417535,0.8434723716741642,0.0777777777777777,0.0637334999658975,0.0400556811232684,0.0796668749573719,0.4727356653222422,7.242113663171901,25.51626898759411,5744.887049190424,2001.89453125,18.931121826171875,15.116391676959942,0.8097567236603832,1140.460693359375,13.206513404846191,17.560000392090327,0.8939139533795505,0.0653238296508789,0.0154137648642063,0.0430009067058563,0.0542297847568988,0.0364045277237892,0.3460696935653686,0.3460696935653686,0.0524054708306977,0.1949549763594684,5.0,,,,,0.1949549763594684,True,267,17,success,-1,True,False,False,-1,,white_yellow_mug_1,False,-1,False,-1,False,0.0,1.0,150,112,0.0759371671019223,1.6765443614157636,0.2119379545620696,3.393443264343961,89940677.410683,0.6539303064346313,0.0,1.5070456281554768e-17,,,0.0124501478960038,0.0546222298980164,,,,,,False,False
libero_10,9,17,2,5,144485,0,144485,11,176,put the yellow and white mug in the microwave and close it,-1,-1,none,-1,-1,-1,-1,4.0,0.0020917730871587,0.0094002392143011,0.0084563177078962,0.0036816631909459,0.0009804376168176,0.0006561088957823,0.0115968445315957,0.4287960529327392,0.0006155312876217,0.0015225410461425,0.00094250991242,0.0019256377127021,0.5545225739479065,1.6393595933914185,25.341419219970703,0.5487993955612183,1.299038052558899,23.73157119750977,0.0065292106010019,0.0119384434074163,0.0246758218854665,0.0055538336746394,0.0097979046404361,0.018619492650032,0.0055082738399505,0.0098679242655634,0.0174261480569839,0.0083352222573012,0.0083813806995749,0.0113398479297757,0.0125530557706952,0.0240567093715071,0.0243239421397447,0.0075098345987498,0.0075714513659477,0.0078010356519371,0.0080128079280257,0.0069320395123213,0.0071139507927,0.0069320395123213,0.0071139507927,first,1.0,0.0,0.428468257188797,-0.5325411558151245,0.0,0.428468257188797,3.0,0.4298550486564636,False,0.4287960529327392,0.0006155312876217,0.0015225410461425,0.0240567103028297,0.0001866759121185,0.0069320392794907,0.0001229521440109,155485,155488,192,16,0,False,False,0.5,0.0,0.0457509646381656,0.1094908934268784,3.272998887402317e-07,3.272998563286223e-07,0.0,0.0,0.0,0.0,0.0,0.0,0.0,0.7585560021547267,0.8289631517706392,0.0555555555555555,0.1485985014428717,0.13807420335831,0.1857481268035896,0.384682911994284,2.981539284679291,4.785346288635235,104.80140022605735,1131.206787109375,13.715229034423828,17.59538358690805,0.8947169334054297,466.1964416503906,7.1631388664245605,21.445114065214,0.9574148446785864,0.0209161695092916,0.0050645703449845,0.0138896703720092,0.0131532754749059,0.0160643104463815,0.428468257188797,0.428468257188797,0.0490481556395391,0.2212228581202038,5.0,,,,,0.2212228581202038,True,267,17,success,-1,True,False,False,-1,,white_yellow_mug_1,False,-1,False,-1,False,0.0,1.0,150,112,0.0759371671019223,1.6765443614157636,0.2119379545620696,3.393443264343961,89940677.410683,0.571531742811203,0.0,8.745350975963689e-18,,,0.000660231281651,0.0233576887958408,,,,,,False,False
libero_10,9,17,2,5,144485,0,144485,12,192,put the yellow and white mug in the microwave and close it,-1,-1,none,-1,-1,-1,-1,4.0,0.0017066680593416,0.0076398164965212,0.0116039626300334,0.0027936343103647,0.0009522065520286,0.0007091525476425,0.0086234807968139,0.5000823140144348,2.494084037607536e-05,6.222724914550781e-05,0.0006330641335807,0.0012097945436835,0.4598415791988373,1.2247449159622192,25.202926635742188,0.6546697020530701,2.384848117828369,20.463382720947266,0.0062854839488863,0.0112997880205512,0.0219370946288108,0.0055153272114694,0.0097113642841577,0.0169779788702726,0.0052578947506845,0.0093082934617996,0.020238758996129,0.0081367169041186,0.0082273287698626,0.0106889894232153,0.0111431460827589,0.0232203076593577,0.0239698234945535,0.0075220405124127,0.0075489836744964,0.0077966742683202,0.0079447887837886,0.0067740980302914,0.0068823681212961,0.0067740980302914,0.0068823681212961,first,1.0,0.0,0.5000532269477844,-1.1662424802780151,0.0,0.5000532269477844,1.0,0.5001154541969299,False,0.5000823140144348,2.494084037607536e-05,6.222724914550781e-05,0.023220308125019,0.0007537566125392,0.0067740976810455,7.995748455869034e-05,156485,156486,208,16,0,False,False,0.5,0.0,0.0450462425445301,0.2478056950584196,3.272998887402317e-07,3.272998563286223e-07,0.0,0.0,0.0,0.0,0.0,0.0,0.0,0.7115055069024591,0.7950041149741888,0.0444444444444444,0.1376123161359903,0.1299545543477135,0.1720153951699879,0.3077853707165375,2.32098544333842,7.313494845025047,94.35626208139132,770.0960693359375,11.635828971862791,19.265354541630387,0.9235280705420292,1041.1822509765625,13.366230964660645,17.95553604781307,0.9004182072865314,0.0232878047972917,0.0062216017395257,0.0155124068260192,0.0142796197906136,0.0182983689010143,0.5000532269477844,0.5000532269477844,0.403531703713377,2.017576009184681,5.0,,,,,2.017576009184681,True,267,17,success,-1,True,False,False,-1,,white_yellow_mug_1,False,-1,False,-1,False,0.0,1.0,150,112,0.0759371671019223,1.6765443614157636,0.2119379545620696,3.393443264343961,89940677.410683,0.4999467730522156,0.0,9.59439539936485e-18,,,2.060402580062707e-05,6.190535640310687e-05,,,,,,False,False
libero_10,9,17,2,5,144485,0,144485,13,208,put the yellow and white mug in the microwave and close it,-1,-1,none,-1,-1,-1,-1,4.0,0.0014143540756776,0.0073650665581226,0.0058521255850791,0.002196067944169,0.0008375478792004,0.0007996310596354,0.0071700946427881,0.5925402045249939,0.0002375619515078,0.0005478262901306,0.0007688999758102,0.0012550376122817,0.4760541915893554,1.1180340051651,29.852764129638672,0.7250156402587891,2.1650636196136475,26.967573165893555,0.0060207224451005,0.0107631059363484,0.0202601067721843,0.0056085013784468,0.0100446613505482,0.0178257133811712,0.0053620873950421,0.0095267761498689,0.0168624725192785,0.0082302778027951,0.0082494495436549,0.0110757113434374,0.0114616053178906,0.0224402351304888,0.0233130548149347,0.0078861908987164,0.0081334868445992,0.008243839489296,0.0084231151267886,0.0068905756343156,0.0070023806765675,0.0068905756343156,0.0070023806765675,first,1.0,0.0,0.5922431945800781,-1.2502421140670776,0.0,0.5922431945800781,3.0,0.5927910208702087,False,0.5925402045249939,0.0002375619515078,0.0005478262901306,0.0224402360618114,0.0005411031306721,0.0068905754014849,7.893285510363057e-05,157485,157488,224,16,0,False,False,0.5,0.0,0.045031151517335,0.3198529755229459,3.272998887402317e-07,3.272998563286223e-07,0.0,0.0,0.0,0.0,0.0,0.0,0.0,0.9874610882909964,1.037948887376234,0.0444444444444444,0.1940891760197581,0.1891667293236268,0.2426114700246976,0.309668423662748,2.0186597881495083,4.025130596087391,31.074190326678053,660.8114624023438,10.904502868652344,19.930027932400392,0.9346893945318382,2328.953125,24.879484176635746,14.459196133202228,0.7575986055387232,0.0474452599883079,0.0111870598047971,0.0390439629554748,0.0407054983079433,0.0238920822739601,0.5922431945800781,0.5922431945800781,0.4035845076017465,2.01786326054198,5.0,,,,,2.01786326054198,True,267,17,success,-1,True,False,False,-1,,white_yellow_mug_1,False,-1,False,-1,False,0.0,1.0,150,112,0.0759371671019223,1.6765443614157636,0.2119379545620696,3.393443264343961,89940677.410683,0.4077568054199219,0.0,1.0666011613487069e-17,,,2.6863235681397717e-05,3.2414231070959274e-05,,,,,,False,False
libero_10,9,17,2,5,144485,0,144485,14,224,put the yellow and white mug in the microwave and close it,-1,-1,none,-1,-1,-1,-1,4.0,0.0018417704850435,0.0099490052089095,0.0138563746586442,0.002875210950151,0.0011246121721342,0.0008929228642955,0.0093388818204402,0.6993461847305298,0.000504216121044,0.0012751817703247,0.0008954250370152,0.0020801620557904,0.4129326343536377,1.1180340051651,12.457427978515623,0.5741440653800964,1.2247449159622192,27.31643295288086,0.0065103019587695,0.0119654489681124,0.0205606669187545,0.005581697449088,0.0099256485700607,0.0190646592527627,0.0056374813430011,0.010052022524178,0.0193111430853605,0.0087035389151424,0.0087398001924157,0.0120777145493775,0.0123571325093507,0.0250191232189536,0.0260091796517372,0.0079255634918808,0.0080761350691318,0.008290875935927,0.0084288595244288,0.0072431480512022,0.0075120334513485,0.0072431480512022,0.0075120334513485,first,1.0,0.0,0.6987327337265015,-1.21664297580719,0.0,0.6987327337265015,2.0,0.7000079154968262,False,0.6993461847305298,0.000504216121044,0.0012751817703247,0.0250191241502761,0.0008644023910164,0.0072431480512022,0.0001893622393254,158485,158487,240,16,0,False,False,0.5,0.0,0.045036025401891,0.4032188030799419,3.272998887402317e-07,3.272998563286223e-07,0.0,0.0,0.0,0.0,0.0,0.0,0.0,0.7010264386931399,0.9724599305642568,0.1,0.1547670934498238,0.1486161942444035,0.1934588668122798,0.3833120021204653,3.4993735006149222,8.856607928809163,171.21054682113382,707.2778930664062,11.168679237365724,19.634902770387008,0.9292838728753534,1190.732666015625,13.022958755493164,17.372660928413744,0.8680678967232658,0.0187279321253299,0.0049798809923231,0.0117291212081909,0.0113762635737657,0.0145370932295918,0.6987327337265015,0.6987327337265015,0.089307626482525,0.4465079874153854,5.0,,,,,0.4465079874153854,True,267,17,success,-1,True,False,False,-1,,white_yellow_mug_1,False,-1,False,-1,False,0.0,1.0,150,112,0.0759371671019223,1.6765443614157636,0.2119379545620696,3.393443264343961,89940677.410683,0.3012672662734985,0.0,2.8624179802063782e-18,,,4.853422255065958e-06,2.5291574984808412e-05,,,,,,False,False
libero_10,9,17,2,5,144485,0,144485,15,240,put the yellow and white mug in the microwave and close it,-1,-1,none,-1,-1,-1,-1,4.0,0.0014207226922735,0.0061908904463052,0.0047418628819286,0.0022585547994822,0.0007690825150348,0.000862146844156,0.0073318928480148,0.7982970476150513,0.000218826753553,0.0005419850349426,0.0006331335753202,0.0012774427887052,0.512497067451477,1.5,19.065675735473636,0.6178678870201111,1.1180340051651,59.42379760742188,0.0060685179196298,0.0108447726815938,0.0182445049285888,0.0055118640884757,0.0097476607188582,0.0173670668154954,0.0055522578768432,0.0099610034376382,0.0175026673823595,0.0082083514425903,0.0082276780158281,0.0105742856394499,0.0110116861760616,0.0216419459320604,0.0221503544598817,0.0076690531568601,0.0077644041739404,0.0080207879655063,0.0081500075757503,0.0072535864310339,0.0073050060309469,0.0072535864310339,0.0073050060309469,first,1.0,0.0,0.7981069087982178,-0.8689011335372925,0.0,0.7981069087982178,2.0,0.7986488938331604,False,0.7982970476150513,0.000218826753553,0.0005419850349426,0.0216419454663991,0.0004969334695488,0.0072535863146185,4.6338551328517497e-05,159485,159487,256,16,0,False,False,0.5,0.0,0.0450370259696507,0.3261329791131852,3.272998887402317e-07,3.272998563286223e-07,0.0,0.0,0.0,0.0,5.0,1.0,0.0,0.779124308051298,0.962329001824446,0.0222222222222222,0.1291037180905633,0.1124707957584787,0.1613796476132041,0.4841722769201408,5.552538540298919,18.16730439850347,755.2563481550042,1013.9199829101562,13.351801872253418,18.070766784068745,0.8987788759986349,921.1731567382812,10.259021759033203,18.48739086862621,0.8985368410334157,0.0106787672266364,0.0030621637124568,0.0061404705047607,0.0071777617558836,0.0055156610906124,0.7981069087982178,0.7981069087982178,0.0678956598408808,0.3393639784318518,5.0,,,,,0.3393639784318518,True,267,17,success,-1,True,False,False,-1,,white_yellow_mug_1,False,-1,False,-1,False,0.0,1.0,150,112,0.0759371671019223,1.6765443614157636,0.2119379545620696,3.393443264343961,89940677.410683,0.2018930912017822,0.0,1.836517451495211e-18,,,3.079315312512764e-05,8.352761942753855e-05,,,,,,False,False
libero_10,9,17,2,5,144485,0,144485,16,256,put the yellow and white mug in the microwave and close it,-1,-1,none,-1,-1,-1,-1,4.0,0.0015053900424391,0.0067876693792641,0.0083112781867384,0.0022352270316332,0.000998095725663,0.0008377620251849,0.0076664593070745,0.9360249042510986,0.000324590364471,0.0008038878440856,0.000646827451419,0.0011323430808261,0.4717037081718445,1.4790199995040894,17.426631927490234,0.4201879799365997,0.8660253882408142,12.53744411468506,0.0062083024531602,0.0110694468021392,0.0217447876930236,0.0055215214379131,0.0098459804430603,0.0165626313537359,0.005762203130871,0.0101625341922044,0.0171728804707527,0.0080950043629854,0.0083144130185246,0.0107466862536966,0.0112494863569736,0.0216964739374816,0.0227223448455333,0.0075151006458327,0.0075707756914198,0.0078657593112438,0.0080085238441824,0.0074926204979419,0.0075427433475852,0.0074926204979419,0.0075427433475852,first,1.0,0.0,0.93583345413208,-0.5898206830024719,0.0,0.93583345413208,1.0,0.9365814328193665,False,0.9360249042510986,0.000324590364471,0.0008038878440856,0.0216964744031429,0.000768760277424,0.0074926204979419,2.92051954602357e-05,160485,160486,267,11,0,False,True,1.0,0.5,0.0450423869311188,0.2523037420984065,3.272998887402317e-07,3.272998563286223e-07,0.0,0.0,0.0,0.0,11.0,1.0,0.0,0.8586405523393982,0.9392570671572256,0.0166666666666666,0.0924663735471124,0.0920210636109739,0.1681206791765681,0.1890028458508488,2.352712422757653,4.325205549370899,17.13257425794656,920.16015625,12.88851261138916,18.492169368678397,0.9077809843383404,1275.579345703125,12.61599826812744,17.073728823758394,0.8767680784874967,0.0836875438690185,0.0183549616485834,0.071004718542099,0.0719394534826278,0.0426531657576561,0.0641665458679199,0.93583345413208,0.0380976982287254,0.184166518697107,5.0,,,,,0.184166518697107,True,267,17,success,-1,True,False,False,-1,,white_yellow_mug_1,False,-1,False,-1,False,0.0,1.0,150,112,0.0759371671019223,1.6765443614157636,0.2119379545620696,3.393443264343961,89940677.410683,0.0641665458679199,0.0,4.462641615717478e-18,,,0.0042750195932423,0.0020469528532778,,,,,,False,False
