family,feature_count,target_variant,alpha,scheme,budget,query_rate,raw_gain,adjusted_gain,rescues,harms,rescue_vs_harm_auc,effect_spearman,worst_cell_adjusted_gain,quintile_monotonic_rho,quintile_top_minus_bottom
relative_control,80,direct_success,0.01,leave_one_task,0.1,0.1,0.00625,0.003749999999999999,6,2,0.5058510638297873,0.026810053296064614,-0.036875000000000005,0.39999999999999997,0.0078125
relative_control,80,direct_success,0.01,leave_one_task,0.2,0.2,0.0109375,0.0059375,17,10,0.5058510638297873,0.026810053296064614,-0.05625,0.39999999999999997,0.0078125
relative_control,80,direct_success,0.01,leave_one_task,0.3,0.3,0.009375,0.001875000000000003,24,18,0.5058510638297873,0.026810053296064614,-0.08874999999999998,0.39999999999999997,0.0078125
relative_control,80,direct_success,0.1,leave_one_task,0.1,0.1,0.0046875,0.0021874999999999998,6,3,0.5234042553191489,0.039989421304498424,-0.0375,0.3,0.0234375
relative_control,80,direct_success,0.1,leave_one_task,0.2,0.2,0.009375,0.004375,16,10,0.5234042553191489,0.039989421304498424,-0.05625,0.3,0.0234375
relative_control,80,direct_success,0.1,leave_one_task,0.3,0.3,0.0046875,-0.0028124999999999956,23,20,0.5234042553191489,0.039989421304498424,-0.08874999999999998,0.3,0.0234375
relative_control,80,direct_success,1.0,leave_one_task,0.1,0.1,0.0015625,-0.0009375000000000002,6,5,0.5396276595744681,0.05194624923998464,-0.038125,0.41039134083406165,0.078125
relative_control,80,direct_success,1.0,leave_one_task,0.2,0.2,0.0109375,0.0059375,17,10,0.5396276595744681,0.05194624923998464,-0.05812499999999998,0.41039134083406165,0.078125
relative_control,80,direct_success,1.0,leave_one_task,0.3,0.3,0.0078125,0.00031250000000000445,24,19,0.5396276595744681,0.05194624923998464,-0.08687499999999998,0.41039134083406165,0.078125
relative_control,80,direct_success,10.0,leave_one_task,0.1,0.1,0.0015625,-0.0009374999999999994,6,5,0.5852393617021276,0.08588867606206672,-0.05437499999999999,0.8720815992723809,0.1015625
relative_control,80,direct_success,10.0,leave_one_task,0.2,0.2,0.00625,0.0012500000000000007,17,13,0.5852393617021276,0.08588867606206672,-0.039999999999999994,0.8720815992723809,0.1015625
relative_control,80,direct_success,10.0,leave_one_task,0.3,0.3,0.0078125,0.00031250000000000445,23,18,0.5852393617021276,0.08588867606206672,-0.08687499999999998,0.8720815992723809,0.1015625
relative_control,80,direct_terminal_utility,0.01,leave_one_task,0.1,0.1,0.003125,0.0006249999999999999,7,5,0.49042553191489363,0.007347970952385451,-0.05249999999999999,-0.19999999999999998,-0.03125
relative_control,80,direct_terminal_utility,0.01,leave_one_task,0.2,0.2,0.0015625,-0.0034374999999999974,15,14,0.49042553191489363,0.007347970952385451,-0.08249999999999999,-0.19999999999999998,-0.03125
relative_control,80,direct_terminal_utility,0.01,leave_one_task,0.3,0.3,0.00625,-0.0012499999999999983,26,22,0.49042553191489363,0.007347970952385451,-0.08812499999999998,-0.19999999999999998,-0.03125
relative_control,80,direct_terminal_utility,0.1,leave_one_task,0.1,0.1,0.0015625,-0.0009375000000000002,6,5,0.5055851063829787,0.020691603666623447,-0.053749999999999985,0.15389675281277312,-0.03125
relative_control,80,direct_terminal_utility,0.1,leave_one_task,0.2,0.2,-0.0015625,-0.006562499999999999,14,15,0.5055851063829787,0.020691603666623447,-0.08249999999999998,0.15389675281277312,-0.03125
relative_control,80,direct_terminal_utility,0.1,leave_one_task,0.3,0.3,0.003125,-0.004374999999999998,24,22,0.5055851063829787,0.020691603666623447,-0.08812499999999998,0.15389675281277312,-0.03125
relative_control,80,direct_terminal_utility,1.0,leave_one_task,0.1,0.1,-0.0015625,-0.004062499999999999,5,6,0.5199468085106383,0.03263487976388081,-0.053749999999999985,0.7905694150420948,0.0234375
relative_control,80,direct_terminal_utility,1.0,leave_one_task,0.2,0.2,0.0015625,-0.0034374999999999974,15,14,0.5199468085106383,0.03263487976388081,-0.05812499999999998,0.7905694150420948,0.0234375
relative_control,80,direct_terminal_utility,1.0,leave_one_task,0.3,0.3,0.0,-0.007499999999999995,21,21,0.5199468085106383,0.03263487976388081,-0.08812499999999998,0.7905694150420948,0.0234375
relative_control,80,direct_terminal_utility,10.0,leave_one_task,0.1,0.1,-0.0046875,-0.007187499999999998,6,9,0.5602393617021276,0.06189206651466319,-0.05437499999999999,0.8999999999999998,0.0625
relative_control,80,direct_terminal_utility,10.0,leave_one_task,0.2,0.2,0.0046875,-0.0003124999999999968,15,12,0.5602393617021276,0.06189206651466319,-0.03437499999999999,0.8999999999999998,0.0625
relative_control,80,direct_terminal_utility,10.0,leave_one_task,0.3,0.3,0.003125,-0.004374999999999995,22,20,0.5602393617021276,0.06189206651466319,-0.08749999999999998,0.8999999999999998,0.0625
relative_control,80,direct_grounded,0.01,leave_one_task,0.1,0.1,0.003125,0.0006249999999999999,7,5,0.4867021276595745,0.007110197790733901,-0.05437499999999999,-0.19999999999999998,-0.0234375
relative_control,80,direct_grounded,0.01,leave_one_task,0.2,0.2,0.0,-0.004999999999999996,15,15,0.4867021276595745,0.007110197790733901,-0.13374999999999998,-0.19999999999999998,-0.0234375
relative_control,80,direct_grounded,0.01,leave_one_task,0.3,0.3,0.003125,-0.004374999999999999,24,22,0.4867021276595745,0.007110197790733901,-0.11374999999999999,-0.19999999999999998,-0.0234375
relative_control,80,direct_grounded,0.1,leave_one_task,0.1,0.1,0.003125,0.0006249999999999999,7,5,0.5022606382978724,0.01954380403481674,-0.05437499999999999,0.0,-0.0078125
relative_control,80,direct_grounded,0.1,leave_one_task,0.2,0.2,0.003125,-0.0018749999999999988,14,12,0.5022606382978724,0.01954380403481674,-0.10812499999999999,0.0,-0.0078125
relative_control,80,direct_grounded,0.1,leave_one_task,0.3,0.3,0.0,-0.0074999999999999945,23,23,0.5022606382978724,0.01954380403481674,-0.11437499999999998,0.0,-0.0078125
relative_control,80,direct_grounded,1.0,leave_one_task,0.1,0.1,0.003125,0.0006249999999999995,8,6,0.5190159574468085,0.03167721652904245,-0.05437499999999999,0.7,0.0390625
relative_control,80,direct_grounded,1.0,leave_one_task,0.2,0.2,0.00625,0.0012500000000000024,17,13,0.5190159574468085,0.03167721652904245,-0.034375,0.7,0.0390625
relative_control,80,direct_grounded,1.0,leave_one_task,0.3,0.3,0.0,-0.007499999999999995,21,21,0.5190159574468085,0.03167721652904245,-0.08749999999999998,0.7,0.0390625
relative_control,80,direct_grounded,10.0,leave_one_task,0.1,0.1,-0.0015625,-0.004062499999999998,7,8,0.5638297872340425,0.06591901577745264,-0.05437499999999999,0.7999999999999999,0.0703125
relative_control,80,direct_grounded,10.0,leave_one_task,0.2,0.2,0.003125,-0.001874999999999997,15,13,0.5638297872340425,0.06591901577745264,-0.060624999999999984,0.7999999999999999,0.0703125
relative_control,80,direct_grounded,10.0,leave_one_task,0.3,0.3,0.003125,-0.004374999999999996,21,19,0.5638297872340425,0.06591901577745264,-0.11437499999999998,0.7999999999999999,0.0703125
relative_control,80,ridge_potential_success,0.01,leave_one_task,0.1,0.1,0.00625,0.0037500000000000007,9,5,0.5184840425531915,0.03722576152816231,-0.055624999999999994,0.39999999999999997,0.0234375
relative_control,80,ridge_potential_success,0.01,leave_one_task,0.2,0.2,0.0078125,0.002812500000000004,20,15,0.5184840425531915,0.03722576152816231,-0.134375,0.39999999999999997,0.0234375
relative_control,80,ridge_potential_success,0.01,leave_one_task,0.3,0.3,0.0,-0.007499999999999991,24,24,0.5184840425531915,0.03722576152816231,-0.13624999999999998,0.39999999999999997,0.0234375
relative_control,80,ridge_potential_success,0.1,leave_one_task,0.1,0.1,0.00625,0.0037500000000000007,8,4,0.5409574468085107,0.05292070390229691,-0.055624999999999994,0.3,0.015625
relative_control,80,ridge_potential_success,0.1,leave_one_task,0.2,0.2,0.0046875,-0.0003124999999999975,18,15,0.5409574468085107,0.05292070390229691,-0.08562499999999998,0.3,0.015625
relative_control,80,ridge_potential_success,0.1,leave_one_task,0.3,0.3,0.0015625,-0.005937499999999996,26,25,0.5409574468085107,0.05292070390229691,-0.13499999999999998,0.3,0.015625
relative_control,80,ridge_potential_success,1.0,leave_one_task,0.1,0.1,0.0046875,0.0021875,8,5,0.5602393617021276,0.06668384644950187,-0.055624999999999994,0.6,0.0625
relative_control,80,ridge_potential_success,1.0,leave_one_task,0.2,0.2,0.003125,-0.0018749999999999958,16,14,0.5602393617021276,0.06668384644950187,-0.04374999999999999,0.6,0.0625
relative_control,80,ridge_potential_success,1.0,leave_one_task,0.3,0.3,0.0,-0.0074999999999999945,22,22,0.5602393617021276,0.06668384644950187,-0.08937499999999998,0.6,0.0625
relative_control,80,ridge_potential_success,10.0,leave_one_task,0.1,0.1,0.0078125,0.0053124999999999995,10,5,0.6332446808510638,0.12262519415431666,-0.05499999999999999,0.8999999999999998,0.203125
relative_control,80,ridge_potential_success,10.0,leave_one_task,0.2,0.2,0.009375,0.004375000000000001,18,12,0.6332446808510638,0.12262519415431666,-0.041249999999999995,0.8999999999999998,0.203125
relative_control,80,ridge_potential_success,10.0,leave_one_task,0.3,0.3,0.0125,0.005000000000000004,25,17,0.6332446808510638,0.12262519415431666,-0.06374999999999997,0.8999999999999998,0.203125
relative_control,80,direct_success,0.01,leave_one_level,0.1,0.1,-0.00625,-0.008749999999999997,6,10,0.39986702127659574,-0.08861382753135806,-0.053749999999999985,-0.8720815992723809,-0.1328125
relative_control,80,direct_success,0.01,leave_one_level,0.2,0.2,-0.0171875,-0.022187499999999992,13,24,0.39986702127659574,-0.08861382753135806,-0.20999999999999996,-0.8720815992723809,-0.1328125
relative_control,80,direct_success,0.01,leave_one_level,0.3,0.3,-0.021875,-0.02937499999999999,20,34,0.39986702127659574,-0.08861382753135806,-0.26374999999999993,-0.8720815992723809,-0.1328125
relative_control,80,direct_success,0.1,leave_one_level,0.1,0.1,-0.0046875,-0.007187499999999998,6,9,0.39574468085106385,-0.09261161980886727,-0.053749999999999985,-0.9999999999999999,-0.1328125
relative_control,80,direct_success,0.1,leave_one_level,0.2,0.2,-0.0171875,-0.022187499999999992,12,23,0.39574468085106385,-0.09261161980886727,-0.20999999999999996,-0.9999999999999999,-0.1328125
relative_control,80,direct_success,0.1,leave_one_level,0.3,0.3,-0.025,-0.032499999999999994,19,35,0.39574468085106385,-0.09261161980886727,-0.26374999999999993,-0.9999999999999999,-0.1328125
relative_control,80,direct_success,1.0,leave_one_level,0.1,0.1,0.0015625,-0.0009374999999999994,6,5,0.3884308510638298,-0.0947314558372702,-0.05249999999999999,-0.8720815992723809,-0.1484375
relative_control,80,direct_success,1.0,leave_one_level,0.2,0.2,-0.015625,-0.020624999999999998,12,22,0.3884308510638298,-0.0947314558372702,-0.20937499999999995,-0.8720815992723809,-0.1484375
relative_control,80,direct_success,1.0,leave_one_level,0.3,0.3,-0.0234375,-0.030937499999999996,16,31,0.3884308510638298,-0.0947314558372702,-0.2906249999999999,-0.8720815992723809,-0.1484375
relative_control,80,direct_success,10.0,leave_one_level,0.1,0.1,0.0,-0.0024999999999999988,5,5,0.3964095744680851,-0.09082688378030486,-0.05249999999999999,-0.6,-0.1875
relative_control,80,direct_success,10.0,leave_one_level,0.2,0.2,-0.01875,-0.02375,9,21,0.3964095744680851,-0.09082688378030486,-0.18499999999999997,-0.6,-0.1875
relative_control,80,direct_success,10.0,leave_one_level,0.3,0.3,-0.0265625,-0.034062499999999996,17,34,0.3964095744680851,-0.09082688378030486,-0.31562499999999993,-0.6,-0.1875
relative_control,80,direct_terminal_utility,0.01,leave_one_level,0.1,0.1,-0.0140625,-0.016562499999999997,5,14,0.37792553191489364,-0.11256978156407503,-0.11000000000000001,-0.6,-0.1484375
relative_control,80,direct_terminal_utility,0.01,leave_one_level,0.2,0.2,-0.01875,-0.023749999999999993,15,27,0.37792553191489364,-0.11256978156407503,-0.20937499999999995,-0.6,-0.1484375
relative_control,80,direct_terminal_utility,0.01,leave_one_level,0.3,0.3,-0.03125,-0.038749999999999986,18,38,0.37792553191489364,-0.11256978156407503,-0.26499999999999996,-0.6,-0.1484375
relative_control,80,direct_terminal_utility,0.1,leave_one_level,0.1,0.1,-0.0125,-0.014999999999999996,6,14,0.3706117021276596,-0.116341299209339,-0.11000000000000001,-0.8720815992723809,-0.15625
relative_control,80,direct_terminal_utility,0.1,leave_one_level,0.2,0.2,-0.0203125,-0.025312499999999995,14,27,0.3706117021276596,-0.116341299209339,-0.20937499999999995,-0.8720815992723809,-0.15625
relative_control,80,direct_terminal_utility,0.1,leave_one_level,0.3,0.3,-0.025,-0.03249999999999999,20,36,0.3706117021276596,-0.116341299209339,-0.26374999999999993,-0.8720815992723809,-0.15625
relative_control,80,direct_terminal_utility,1.0,leave_one_level,0.1,0.1,-0.0078125,-0.010312499999999999,5,10,0.36569148936170215,-0.11828619332606048,-0.109375,-0.8999999999999998,-0.21875
relative_control,80,direct_terminal_utility,1.0,leave_one_level,0.2,0.2,-0.0234375,-0.028437499999999994,10,25,0.36569148936170215,-0.11828619332606048,-0.20937499999999995,-0.8999999999999998,-0.21875
relative_control,80,direct_terminal_utility,1.0,leave_one_level,0.3,0.3,-0.025,-0.03249999999999999,19,35,0.36569148936170215,-0.11828619332606048,-0.26437499999999997,-0.8999999999999998,-0.21875
relative_control,80,direct_terminal_utility,10.0,leave_one_level,0.1,0.1,-0.0046875,-0.007187499999999998,5,8,0.36888297872340425,-0.1151068499452206,-0.05624999999999998,-0.7,-0.2421875
relative_control,80,direct_terminal_utility,10.0,leave_one_level,0.2,0.2,-0.025,-0.029999999999999992,7,23,0.36888297872340425,-0.1151068499452206,-0.236875,-0.7,-0.2421875
relative_control,80,direct_terminal_utility,10.0,leave_one_level,0.3,0.3,-0.0328125,-0.040312499999999994,16,37,0.36888297872340425,-0.1151068499452206,-0.3168749999999999,-0.7,-0.2421875
relative_control,80,direct_grounded,0.01,leave_one_level,0.1,0.1,-0.009375,-0.011874999999999998,7,13,0.37898936170212766,-0.11157926538807585,-0.05812499999999998,-0.8999999999999998,-0.1640625
relative_control,80,direct_grounded,0.01,leave_one_level,0.2,0.2,-0.0234375,-0.028437499999999994,13,28,0.37898936170212766,-0.11157926538807585,-0.20874999999999994,-0.8999999999999998,-0.1640625
relative_control,80,direct_grounded,0.01,leave_one_level,0.3,0.3,-0.0265625,-0.03406249999999998,20,37,0.37898936170212766,-0.11157926538807585,-0.26499999999999996,-0.8999999999999998,-0.1640625
relative_control,80,direct_grounded,0.1,leave_one_level,0.1,0.1,-0.0109375,-0.013437499999999996,6,13,0.3719414893617021,-0.11598443413597942,-0.05812499999999998,-0.8999999999999998,-0.1640625
relative_control,80,direct_grounded,0.1,leave_one_level,0.2,0.2,-0.0203125,-0.025312499999999995,14,27,0.3719414893617021,-0.11598443413597942,-0.20874999999999994,-0.8999999999999998,-0.1640625
relative_control,80,direct_grounded,0.1,leave_one_level,0.3,0.3,-0.025,-0.03249999999999999,20,36,0.3719414893617021,-0.11598443413597942,-0.26437499999999997,-0.8999999999999998,-0.1640625
relative_control,80,direct_grounded,1.0,leave_one_level,0.1,0.1,-0.00625,-0.008749999999999999,5,9,0.36768617021276595,-0.11590558707719342,-0.07937499999999999,-0.8999999999999998,-0.1875
relative_control,80,direct_grounded,1.0,leave_one_level,0.2,0.2,-0.0234375,-0.028437499999999994,11,26,0.36768617021276595,-0.11590558707719342,-0.20874999999999994,-0.8999999999999998,-0.1875
relative_control,80,direct_grounded,1.0,leave_one_level,0.3,0.3,-0.0234375,-0.030937499999999986,19,34,0.36768617021276595,-0.11590558707719342,-0.26499999999999996,-0.8999999999999998,-0.1875
relative_control,80,direct_grounded,10.0,leave_one_level,0.1,0.1,-0.003125,-0.005625,4,6,0.36542553191489363,-0.1160583532535913,-0.053125,-0.8999999999999998,-0.203125
relative_control,80,direct_grounded,10.0,leave_one_level,0.2,0.2,-0.0265625,-0.03156249999999999,8,25,0.36542553191489363,-0.1160583532535913,-0.23687499999999995,-0.8999999999999998,-0.203125
relative_control,80,direct_grounded,10.0,leave_one_level,0.3,0.3,-0.028125,-0.03562499999999999,16,34,0.36542553191489363,-0.1160583532535913,-0.29124999999999995,-0.8999999999999998,-0.203125
relative_control,80,ridge_potential_success,0.01,leave_one_level,0.1,0.1,-0.015625,-0.018124999999999995,5,15,0.3482712765957447,-0.13765990124343847,-0.130625,-0.7,-0.2890625
relative_control,80,ridge_potential_success,0.01,leave_one_level,0.2,0.2,-0.025,-0.029999999999999992,12,28,0.3482712765957447,-0.13765990124343847,-0.26312499999999994,-0.7,-0.2890625
relative_control,80,ridge_potential_success,0.01,leave_one_level,0.3,0.3,-0.025,-0.03249999999999999,22,38,0.3482712765957447,-0.13765990124343847,-0.31562499999999993,-0.7,-0.2890625
relative_control,80,ridge_potential_success,0.1,leave_one_level,0.1,0.1,-0.0140625,-0.016562499999999997,4,13,0.3738696808510638,-0.11138362772510034,-0.10437499999999997,-0.8207826816681233,-0.21875
relative_control,80,ridge_potential_success,0.1,leave_one_level,0.2,0.2,-0.0234375,-0.028437499999999998,12,27,0.3738696808510638,-0.11138362772510034,-0.2375,-0.8207826816681233,-0.21875
relative_control,80,ridge_potential_success,0.1,leave_one_level,0.3,0.3,-0.028125,-0.03562499999999999,21,39,0.3738696808510638,-0.11138362772510034,-0.31625,-0.8207826816681233,-0.21875
relative_control,80,ridge_potential_success,1.0,leave_one_level,0.1,0.1,-0.009375,-0.011874999999999997,5,11,0.38789893617021276,-0.09751324612365884,-0.10437499999999997,-0.49999999999999994,-0.1875
relative_control,80,ridge_potential_success,1.0,leave_one_level,0.2,0.2,-0.0234375,-0.028437499999999994,11,26,0.38789893617021276,-0.09751324612365884,-0.23687499999999995,-0.49999999999999994,-0.1875
relative_control,80,ridge_potential_success,1.0,leave_one_level,0.3,0.3,-0.03125,-0.03874999999999999,19,39,0.38789893617021276,-0.09751324612365884,-0.31625,-0.49999999999999994,-0.1875
relative_control,80,ridge_potential_success,10.0,leave_one_level,0.1,0.1,-0.003125,-0.005625,6,8,0.4014627659574468,-0.08422754657816144,-0.10437499999999997,-0.7,-0.171875
relative_control,80,ridge_potential_success,10.0,leave_one_level,0.2,0.2,-0.0203125,-0.025312499999999995,11,24,0.4014627659574468,-0.08422754657816144,-0.26374999999999993,-0.7,-0.171875
relative_control,80,ridge_potential_success,10.0,leave_one_level,0.3,0.3,-0.025,-0.03249999999999999,19,35,0.4014627659574468,-0.08422754657816144,-0.3168749999999999,-0.7,-0.171875
relative_control,80,direct_success,0.01,leave_one_cell,0.1,0.1,0.0046875,0.0021875000000000015,7,4,0.45252659574468085,-0.02843750586881952,-0.053749999999999985,-0.3,-0.03125
relative_control,80,direct_success,0.01,leave_one_cell,0.2,0.2,0.003125,-0.001874999999999997,13,11,0.45252659574468085,-0.02843750586881952,-0.105625,-0.3,-0.03125
relative_control,80,direct_success,0.01,leave_one_cell,0.3,0.3,-0.009375,-0.016874999999999994,18,24,0.45252659574468085,-0.02843750586881952,-0.18562499999999998,-0.3,-0.03125
relative_control,80,direct_success,0.1,leave_one_cell,0.1,0.1,0.0046875,0.002187500000000001,7,4,0.4550531914893617,-0.026153815796376916,-0.028125,-0.49999999999999994,-0.046875
relative_control,80,direct_success,0.1,leave_one_cell,0.2,0.2,0.0015625,-0.0034374999999999974,13,12,0.4550531914893617,-0.026153815796376916,-0.105625,-0.49999999999999994,-0.046875
relative_control,80,direct_success,0.1,leave_one_cell,0.3,0.3,-0.0078125,-0.015312499999999996,17,22,0.4550531914893617,-0.026153815796376916,-0.16062499999999996,-0.49999999999999994,-0.046875
relative_control,80,direct_success,1.0,leave_one_cell,0.1,0.1,0.0046875,0.002187500000000001,7,4,0.4613031914893617,-0.023043463591974782,-0.028124999999999994,-0.3,-0.015625
relative_control,80,direct_success,1.0,leave_one_cell,0.2,0.2,0.003125,-0.0018749999999999975,14,12,0.4613031914893617,-0.023043463591974782,-0.10499999999999998,-0.3,-0.015625
relative_control,80,direct_success,1.0,leave_one_cell,0.3,0.3,-0.0109375,-0.018437499999999996,17,24,0.4613031914893617,-0.023043463591974782,-0.13874999999999998,-0.3,-0.015625
relative_control,80,direct_success,10.0,leave_one_cell,0.1,0.1,0.0078125,0.0053125,9,4,0.49601063829787234,0.008354502937200558,-0.028124999999999994,0.20519567041703082,0.0390625
relative_control,80,direct_success,10.0,leave_one_cell,0.2,0.2,0.003125,-0.0018749999999999982,13,11,0.49601063829787234,0.008354502937200558,-0.08062499999999999,0.20519567041703082,0.0390625
relative_control,80,direct_success,10.0,leave_one_cell,0.3,0.3,-0.0125,-0.019999999999999997,17,25,0.49601063829787234,0.008354502937200558,-0.138125,0.20519567041703082,0.0390625
relative_control,80,direct_terminal_utility,0.01,leave_one_cell,0.1,0.1,0.00625,0.0037500000000000007,8,4,0.4253989361702128,-0.05682860695824936,-0.053749999999999985,-0.3,-0.0703125
relative_control,80,direct_terminal_utility,0.01,leave_one_cell,0.2,0.2,0.0,-0.004999999999999998,13,13,0.4253989361702128,-0.05682860695824936,-0.10624999999999998,-0.3,-0.0703125
relative_control,80,direct_terminal_utility,0.01,leave_one_cell,0.3,0.3,-0.0171875,-0.02468749999999999,18,29,0.4253989361702128,-0.05682860695824936,-0.21125,-0.3,-0.0703125
relative_control,80,direct_terminal_utility,0.1,leave_one_cell,0.1,0.1,0.0078125,0.0053125,8,3,0.4320478723404255,-0.053114171298252355,-0.028125,-0.49999999999999994,-0.1015625
relative_control,80,direct_terminal_utility,0.1,leave_one_cell,0.2,0.2,-0.0046875,-0.009687499999999998,13,16,0.4320478723404255,-0.053114171298252355,-0.105625,-0.49999999999999994,-0.1015625
relative_control,80,direct_terminal_utility,0.1,leave_one_cell,0.3,0.3,-0.015625,-0.02312499999999999,18,28,0.4320478723404255,-0.053114171298252355,-0.21062499999999998,-0.49999999999999994,-0.1015625
relative_control,80,direct_terminal_utility,1.0,leave_one_cell,0.1,0.1,0.00625,0.0037500000000000007,8,4,0.43470744680851064,-0.04975865402043748,-0.027499999999999997,-0.49999999999999994,-0.0703125
relative_control,80,direct_terminal_utility,1.0,leave_one_cell,0.2,0.2,-0.0046875,-0.009687499999999998,14,17,0.43470744680851064,-0.04975865402043748,-0.10499999999999998,-0.49999999999999994,-0.0703125
relative_control,80,direct_terminal_utility,1.0,leave_one_cell,0.3,0.3,-0.015625,-0.023124999999999996,18,28,0.43470744680851064,-0.04975865402043748,-0.18437499999999998,-0.49999999999999994,-0.0703125
relative_control,80,direct_terminal_utility,10.0,leave_one_cell,0.1,0.1,0.0,-0.0024999999999999988,7,7,0.4640957446808511,-0.02252192315104651,-0.05312499999999999,-0.49999999999999994,-0.03125
relative_control,80,direct_terminal_utility,10.0,leave_one_cell,0.2,0.2,-0.003125,-0.008124999999999999,12,14,0.4640957446808511,-0.02252192315104651,-0.05499999999999999,-0.49999999999999994,-0.03125
relative_control,80,direct_terminal_utility,10.0,leave_one_cell,0.3,0.3,-0.0125,-0.01999999999999999,19,27,0.4640957446808511,-0.02252192315104651,-0.18437499999999998,-0.49999999999999994,-0.03125
relative_control,80,direct_grounded,0.01,leave_one_cell,0.1,0.1,0.0046875,0.0021875000000000006,7,4,0.42792553191489363,-0.05436135107707059,-0.053749999999999985,-0.49999999999999994,-0.078125
relative_control,80,direct_grounded,0.01,leave_one_cell,0.2,0.2,-0.0015625,-0.006562499999999997,13,14,0.42792553191489363,-0.05436135107707059,-0.11312499999999999,-0.49999999999999994,-0.078125
relative_control,80,direct_grounded,0.01,leave_one_cell,0.3,0.3,-0.0203125,-0.02781249999999999,17,30,0.42792553191489363,-0.05436135107707059,-0.23749999999999996,-0.49999999999999994,-0.078125
relative_control,80,direct_grounded,0.1,leave_one_cell,0.1,0.1,0.0046875,0.0021875,7,4,0.43377659574468086,-0.0511705091668244,-0.03249999999999999,-0.49999999999999994,-0.0703125
relative_control,80,direct_grounded,0.1,leave_one_cell,0.2,0.2,-0.0015625,-0.006562499999999997,13,14,0.43377659574468086,-0.0511705091668244,-0.1125,-0.49999999999999994,-0.0703125
relative_control,80,direct_grounded,0.1,leave_one_cell,0.3,0.3,-0.01875,-0.026249999999999996,18,30,0.43377659574468086,-0.0511705091668244,-0.23687499999999995,-0.49999999999999994,-0.0703125
relative_control,80,direct_grounded,1.0,leave_one_cell,0.1,0.1,0.0046875,0.0021874999999999998,7,4,0.43922872340425534,-0.04761869556557354,-0.027499999999999997,-0.49999999999999994,-0.046875
relative_control,80,direct_grounded,1.0,leave_one_cell,0.2,0.2,-0.003125,-0.008124999999999997,14,16,0.43922872340425534,-0.04761869556557354,-0.11249999999999998,-0.49999999999999994,-0.046875
relative_control,80,direct_grounded,1.0,leave_one_cell,0.3,0.3,-0.01875,-0.026249999999999996,17,29,0.43922872340425534,-0.04761869556557354,-0.20999999999999996,-0.49999999999999994,-0.046875
relative_control,80,direct_grounded,10.0,leave_one_cell,0.1,0.1,0.0046875,0.002187500000000001,8,5,0.46808510638297873,-0.02166815734262929,-0.033124999999999995,-0.6,-0.015625
relative_control,80,direct_grounded,10.0,leave_one_cell,0.2,0.2,-0.0046875,-0.009687499999999996,13,16,0.46808510638297873,-0.02166815734262929,-0.08624999999999998,-0.6,-0.015625
relative_control,80,direct_grounded,10.0,leave_one_cell,0.3,0.3,-0.01875,-0.026249999999999996,18,30,0.46808510638297873,-0.02166815734262929,-0.20999999999999996,-0.6,-0.015625
relative_control,80,ridge_potential_success,0.01,leave_one_cell,0.1,0.1,0.0046875,0.002187500000000001,9,6,0.4509308510638298,-0.03200825262209284,-0.07874999999999999,-0.49999999999999994,-0.0390625
relative_control,80,ridge_potential_success,0.01,leave_one_cell,0.2,0.2,-0.0015625,-0.0065624999999999946,14,15,0.4509308510638298,-0.03200825262209284,-0.13249999999999998,-0.49999999999999994,-0.0390625
relative_control,80,ridge_potential_success,0.01,leave_one_cell,0.3,0.3,-0.0171875,-0.02468749999999999,19,30,0.4509308510638298,-0.03200825262209284,-0.2125,-0.49999999999999994,-0.0390625
relative_control,80,ridge_potential_success,0.1,leave_one_cell,0.1,0.1,0.00625,0.003749999999999999,8,4,0.4566489361702128,-0.02775913849733039,-0.053125,-0.41039134083406165,-0.0625
relative_control,80,ridge_potential_success,0.1,leave_one_cell,0.2,0.2,-0.0078125,-0.012812499999999996,13,18,0.4566489361702128,-0.02775913849733039,-0.13124999999999998,-0.41039134083406165,-0.0625
relative_control,80,ridge_potential_success,0.1,leave_one_cell,0.3,0.3,-0.021875,-0.029374999999999995,16,30,0.4566489361702128,-0.02775913849733039,-0.21249999999999997,-0.41039134083406165,-0.0625
relative_control,80,ridge_potential_success,1.0,leave_one_cell,0.1,0.1,0.009375,0.006874999999999999,9,3,0.46402925531914896,-0.02328247763692545,-0.028749999999999998,-0.6,-0.0390625
relative_control,80,ridge_potential_success,1.0,leave_one_cell,0.2,0.2,-0.009375,-0.014374999999999999,12,18,0.46402925531914896,-0.02328247763692545,-0.11124999999999999,-0.6,-0.0390625
relative_control,80,ridge_potential_success,1.0,leave_one_cell,0.3,0.3,-0.01875,-0.02624999999999999,17,29,0.46402925531914896,-0.02328247763692545,-0.2375,-0.6,-0.0390625
relative_control,80,ridge_potential_success,10.0,leave_one_cell,0.1,0.1,0.00625,0.0037500000000000007,8,4,0.5029920212765957,0.012838864440851068,-0.027499999999999997,0.3,0.0078125
relative_control,80,ridge_potential_success,10.0,leave_one_cell,0.2,0.2,-0.003125,-0.008124999999999997,13,15,0.5029920212765957,0.012838864440851068,-0.10624999999999998,0.3,0.0078125
relative_control,80,ridge_potential_success,10.0,leave_one_cell,0.3,0.3,-0.015625,-0.023124999999999993,18,28,0.5029920212765957,0.012838864440851068,-0.21062499999999998,0.3,0.0078125
relative_control,80,direct_success,0.01,within_cell_grouped5,0.1,0.1,0.0296875,0.027187499999999996,20,1,0.7821808510638298,0.2871248498633571,-0.028125,0.8999999999999998,0.4921875
relative_control,80,direct_success,0.01,within_cell_grouped5,0.2,0.2,0.0359375,0.0309375,28,5,0.7821808510638298,0.2871248498633571,-0.030624999999999996,0.8999999999999998,0.4921875
relative_control,80,direct_success,0.01,within_cell_grouped5,0.3,0.3,0.040625,0.033125,35,9,0.7821808510638298,0.2871248498633571,-0.057499999999999996,0.8999999999999998,0.4921875
relative_control,80,direct_success,0.1,within_cell_grouped5,0.1,0.1,0.028125,0.025625000000000002,19,1,0.7873670212765957,0.2941192410364991,-0.027499999999999997,0.8999999999999998,0.484375
relative_control,80,direct_success,0.1,within_cell_grouped5,0.2,0.2,0.0328125,0.0278125,26,5,0.7873670212765957,0.2941192410364991,-0.030624999999999996,0.8999999999999998,0.484375
relative_control,80,direct_success,0.1,within_cell_grouped5,0.3,0.3,0.0390625,0.03156250000000001,33,8,0.7873670212765957,0.2941192410364991,-0.057499999999999996,0.8999999999999998,0.484375
relative_control,80,direct_success,1.0,within_cell_grouped5,0.1,0.1,0.0265625,0.024062500000000004,19,2,0.7894946808510638,0.29500093184490306,-0.028749999999999998,0.8999999999999998,0.5
relative_control,80,direct_success,1.0,within_cell_grouped5,0.2,0.2,0.0328125,0.0278125,27,6,0.7894946808510638,0.29500093184490306,-0.05624999999999999,0.8999999999999998,0.5
relative_control,80,direct_success,1.0,within_cell_grouped5,0.3,0.3,0.0390625,0.0315625,33,8,0.7894946808510638,0.29500093184490306,-0.08312499999999999,0.8999999999999998,0.5
relative_control,80,direct_success,10.0,within_cell_grouped5,0.1,0.1,0.028125,0.025625,20,2,0.7981382978723405,0.302251986620864,-0.028124999999999994,0.9999999999999999,0.484375
relative_control,80,direct_success,10.0,within_cell_grouped5,0.2,0.2,0.0328125,0.0278125,26,5,0.7981382978723405,0.302251986620864,-0.03,0.9999999999999999,0.484375
relative_control,80,direct_success,10.0,within_cell_grouped5,0.3,0.3,0.040625,0.033125,33,7,0.7981382978723405,0.302251986620864,-0.08124999999999999,0.9999999999999999,0.484375
relative_control,80,direct_terminal_utility,0.01,within_cell_grouped5,0.1,0.1,0.0296875,0.027187499999999996,20,1,0.7756648936170213,0.2816433366306717,-0.027499999999999997,0.8207826816681233,0.4765625
relative_control,80,direct_terminal_utility,0.01,within_cell_grouped5,0.2,0.2,0.034375,0.029375000000000002,29,7,0.7756648936170213,0.2816433366306717,-0.030624999999999996,0.8207826816681233,0.4765625
relative_control,80,direct_terminal_utility,0.01,within_cell_grouped5,0.3,0.3,0.0390625,0.03156250000000001,34,9,0.7756648936170213,0.2816433366306717,-0.032499999999999994,0.8207826816681233,0.4765625
relative_control,80,direct_terminal_utility,0.1,within_cell_grouped5,0.1,0.1,0.0265625,0.024062499999999997,18,1,0.781781914893617,0.2879580825835489,-0.026874999999999993,0.7,0.515625
relative_control,80,direct_terminal_utility,0.1,within_cell_grouped5,0.2,0.2,0.0359375,0.030937499999999996,27,4,0.781781914893617,0.2879580825835489,-0.030624999999999996,0.7,0.515625
relative_control,80,direct_terminal_utility,0.1,within_cell_grouped5,0.3,0.3,0.0390625,0.0315625,33,8,0.781781914893617,0.2879580825835489,-0.0325,0.7,0.515625
relative_control,80,direct_terminal_utility,1.0,within_cell_grouped5,0.1,0.1,0.025,0.0225,17,1,0.7845744680851063,0.28793221089238474,-0.02749999999999999,0.8999999999999998,0.484375
relative_control,80,direct_terminal_utility,1.0,within_cell_grouped5,0.2,0.2,0.0328125,0.0278125,27,6,0.7845744680851063,0.28793221089238474,-0.056874999999999995,0.8999999999999998,0.484375
relative_control,80,direct_terminal_utility,1.0,within_cell_grouped5,0.3,0.3,0.040625,0.033125,33,7,0.7845744680851063,0.28793221089238474,-0.057499999999999996,0.8999999999999998,0.484375
relative_control,80,direct_terminal_utility,10.0,within_cell_grouped5,0.1,0.1,0.0265625,0.024062499999999997,19,2,0.7925531914893617,0.2928326377282879,-0.028124999999999994,0.9999999999999999,0.4921875
relative_control,80,direct_terminal_utility,10.0,within_cell_grouped5,0.2,0.2,0.034375,0.029374999999999995,27,5,0.7925531914893617,0.2928326377282879,-0.05499999999999999,0.9999999999999999,0.4921875
relative_control,80,direct_terminal_utility,10.0,within_cell_grouped5,0.3,0.3,0.034375,0.026875,30,8,0.7925531914893617,0.2928326377282879,-0.08374999999999999,0.9999999999999999,0.4921875
relative_control,80,direct_grounded,0.01,within_cell_grouped5,0.1,0.1,0.03125,0.028749999999999998,20,0,0.7761968085106383,0.2799411436167759,-0.00375,0.7,0.484375
relative_control,80,direct_grounded,0.01,within_cell_grouped5,0.2,0.2,0.0359375,0.0309375,27,4,0.7761968085106383,0.2799411436167759,-0.030624999999999996,0.7,0.484375
relative_control,80,direct_grounded,0.01,within_cell_grouped5,0.3,0.3,0.0375,0.030000000000000006,32,8,0.7761968085106383,0.2799411436167759,-0.03375,0.7,0.484375
relative_control,80,direct_grounded,0.1,within_cell_grouped5,0.1,0.1,0.0296875,0.027187499999999996,19,0,0.7804521276595745,0.2852128086877965,-0.0037500000000000007,0.8207826816681233,0.5078125
relative_control,80,direct_grounded,0.1,within_cell_grouped5,0.2,0.2,0.0375,0.0325,28,4,0.7804521276595745,0.2852128086877965,-0.030624999999999996,0.8207826816681233,0.5078125
relative_control,80,direct_grounded,0.1,within_cell_grouped5,0.3,0.3,0.0359375,0.028437499999999998,30,7,0.7804521276595745,0.2852128086877965,-0.057499999999999996,0.8207826816681233,0.5078125
relative_control,80,direct_grounded,1.0,within_cell_grouped5,0.1,0.1,0.0234375,0.020937499999999998,17,2,0.7829787234042553,0.28673964912824634,-0.029374999999999995,0.7,0.484375
relative_control,80,direct_grounded,1.0,within_cell_grouped5,0.2,0.2,0.03125,0.026250000000000002,26,6,0.7829787234042553,0.28673964912824634,-0.057499999999999996,0.7,0.484375
relative_control,80,direct_grounded,1.0,within_cell_grouped5,0.3,0.3,0.0375,0.03,31,7,0.7829787234042553,0.28673964912824634,-0.057499999999999996,0.7,0.484375
relative_control,80,direct_grounded,10.0,within_cell_grouped5,0.1,0.1,0.0265625,0.024062499999999997,19,2,0.7912234042553191,0.2928917730223774,-0.028124999999999994,0.9999999999999999,0.5
relative_control,80,direct_grounded,10.0,within_cell_grouped5,0.2,0.2,0.0328125,0.027812499999999997,25,4,0.7912234042553191,0.2928917730223774,-0.030624999999999996,0.9999999999999999,0.5
relative_control,80,direct_grounded,10.0,within_cell_grouped5,0.3,0.3,0.0375,0.03,32,8,0.7912234042553191,0.2928917730223774,-0.08374999999999999,0.9999999999999999,0.5
relative_control,80,ridge_potential_success,0.01,within_cell_grouped5,0.1,0.1,0.0328125,0.0303125,23,2,0.7763297872340426,0.28668415869130986,-0.02749999999999999,0.8999999999999998,0.4921875
relative_control,80,ridge_potential_success,0.01,within_cell_grouped5,0.2,0.2,0.0375,0.032499999999999994,30,6,0.7763297872340426,0.28668415869130986,-0.03,0.8999999999999998,0.4921875
relative_control,80,ridge_potential_success,0.01,within_cell_grouped5,0.3,0.3,0.040625,0.033125,38,12,0.7763297872340426,0.28668415869130986,-0.05874999999999999,0.8999999999999998,0.4921875
relative_control,80,ridge_potential_success,0.1,within_cell_grouped5,0.1,0.1,0.03125,0.028749999999999998,22,2,0.7829787234042553,0.29713132435119527,-0.02749999999999999,0.8999999999999998,0.515625
relative_control,80,ridge_potential_success,0.1,within_cell_grouped5,0.2,0.2,0.0375,0.03250000000000001,30,6,0.7829787234042553,0.29713132435119527,-0.05625,0.8999999999999998,0.515625
relative_control,80,ridge_potential_success,0.1,within_cell_grouped5,0.3,0.3,0.0421875,0.0346875,37,10,0.7829787234042553,0.29713132435119527,-0.08312499999999999,0.8999999999999998,0.515625
relative_control,80,ridge_potential_success,1.0,within_cell_grouped5,0.1,0.1,0.028125,0.025625000000000002,21,3,0.7882978723404256,0.30331778666460196,-0.028749999999999998,0.8207826816681233,0.5234375
relative_control,80,ridge_potential_success,1.0,within_cell_grouped5,0.2,0.2,0.0359375,0.030937499999999996,29,6,0.7882978723404256,0.30331778666460196,-0.055624999999999994,0.8207826816681233,0.5234375
relative_control,80,ridge_potential_success,1.0,within_cell_grouped5,0.3,0.3,0.040625,0.033125,35,9,0.7882978723404256,0.30331778666460196,-0.08312499999999999,0.8207826816681233,0.5234375
relative_control,80,ridge_potential_success,10.0,within_cell_grouped5,0.1,0.1,0.028125,0.025625000000000002,21,3,0.8002659574468085,0.3098090069327027,-0.028124999999999994,0.9746794344808964,0.4921875
relative_control,80,ridge_potential_success,10.0,within_cell_grouped5,0.2,0.2,0.0359375,0.030937499999999996,28,5,0.8002659574468085,0.3098090069327027,-0.03,0.9746794344808964,0.4921875
relative_control,80,ridge_potential_success,10.0,within_cell_grouped5,0.3,0.3,0.0390625,0.0315625,34,9,0.8002659574468085,0.3098090069327027,-0.05874999999999999,0.9746794344808964,0.4921875
oracle_context_only,92,direct_success,0.01,leave_one_task,0.1,0.1,-0.021875,-0.024375,2,16,0.472406914893617,-0.010145922426911508,-0.3175,0.0,0.03125
oracle_context_only,92,direct_success,0.01,leave_one_task,0.2,0.2,-0.03125,-0.03625,6,26,0.472406914893617,-0.010145922426911508,-0.3175,0.0,0.03125
oracle_context_only,92,direct_success,0.01,leave_one_task,0.3,0.3,-0.021875,-0.02937499999999999,23,37,0.472406914893617,-0.010145922426911508,-0.375,0.0,0.03125
oracle_context_only,92,direct_success,0.1,leave_one_task,0.1,0.1,-0.021875,-0.024375,2,16,0.472406914893617,-0.010145922426911508,-0.3175,0.0,0.03125
oracle_context_only,92,direct_success,0.1,leave_one_task,0.2,0.2,-0.03125,-0.03625,6,26,0.472406914893617,-0.010145922426911508,-0.3175,0.0,0.03125
oracle_context_only,92,direct_success,0.1,leave_one_task,0.3,0.3,-0.021875,-0.02937499999999999,23,37,0.472406914893617,-0.010145922426911508,-0.375,0.0,0.03125
oracle_context_only,92,direct_success,1.0,leave_one_task,0.1,0.1,-0.021875,-0.024375,2,16,0.46589095744680853,-0.013517752428867142,-0.3175,0.0,0.0078125
oracle_context_only,92,direct_success,1.0,leave_one_task,0.2,0.2,-0.0359375,-0.0409375,4,27,0.46589095744680853,-0.013517752428867142,-0.320625,0.0,0.0078125
oracle_context_only,92,direct_success,1.0,leave_one_task,0.3,0.3,-0.021875,-0.02937499999999999,23,37,0.46589095744680853,-0.013517752428867142,-0.375,0.0,0.0078125
oracle_context_only,92,direct_success,10.0,leave_one_task,0.1,0.1,-0.021875,-0.024375,2,16,0.4376994680851064,-0.04376264396000815,-0.3175,-0.3,-0.0234375
oracle_context_only,92,direct_success,10.0,leave_one_task,0.2,0.2,-0.0375,-0.042499999999999996,5,29,0.4376994680851064,-0.04376264396000815,-0.375,-0.3,-0.0234375
oracle_context_only,92,direct_success,10.0,leave_one_task,0.3,0.3,-0.04375,-0.05124999999999998,12,40,0.4376994680851064,-0.04376264396000815,-0.375,-0.3,-0.0234375
oracle_context_only,92,direct_terminal_utility,0.01,leave_one_task,0.1,0.1,-0.021875,-0.024375,2,16,0.45152925531914895,-0.02685085408680148,-0.3175,0.051298917604257706,0.0078125
oracle_context_only,92,direct_terminal_utility,0.01,leave_one_task,0.2,0.2,-0.0359375,-0.0409375,4,27,0.45152925531914895,-0.02685085408680148,-0.320625,0.051298917604257706,0.0078125
oracle_context_only,92,direct_terminal_utility,0.01,leave_one_task,0.3,0.3,-0.034375,-0.04187499999999998,19,41,0.45152925531914895,-0.02685085408680148,-0.375,0.051298917604257706,0.0078125
oracle_context_only,92,direct_terminal_utility,0.1,leave_one_task,0.1,0.1,-0.021875,-0.024375,2,16,0.45152925531914895,-0.02685085408680148,-0.3175,0.051298917604257706,0.0078125
oracle_context_only,92,direct_terminal_utility,0.1,leave_one_task,0.2,0.2,-0.0359375,-0.0409375,4,27,0.45152925531914895,-0.02685085408680148,-0.320625,0.051298917604257706,0.0078125
oracle_context_only,92,direct_terminal_utility,0.1,leave_one_task,0.3,0.3,-0.034375,-0.04187499999999998,19,41,0.45152925531914895,-0.02685085408680148,-0.375,0.051298917604257706,0.0078125
oracle_context_only,92,direct_terminal_utility,1.0,leave_one_task,0.1,0.1,-0.021875,-0.024375,2,16,0.45378989361702127,-0.027131737108064526,-0.3175,-0.15811388300841897,0.0
oracle_context_only,92,direct_terminal_utility,1.0,leave_one_task,0.2,0.2,-0.0375,-0.042499999999999996,5,29,0.45378989361702127,-0.027131737108064526,-0.375,-0.15811388300841897,0.0
oracle_context_only,92,direct_terminal_utility,1.0,leave_one_task,0.3,0.3,-0.034375,-0.04187499999999998,19,41,0.45378989361702127,-0.027131737108064526,-0.375,-0.15811388300841897,0.0
oracle_context_only,92,direct_terminal_utility,10.0,leave_one_task,0.1,0.1,-0.021875,-0.024375,2,16,0.4334441489361702,-0.05647146973759505,-0.3175,-0.3,-0.0234375
oracle_context_only,92,direct_terminal_utility,10.0,leave_one_task,0.2,0.2,-0.0375,-0.042499999999999996,5,29,0.4334441489361702,-0.05647146973759505,-0.375,-0.3,-0.0234375
oracle_context_only,92,direct_terminal_utility,10.0,leave_one_task,0.3,0.3,-0.04375,-0.05124999999999998,11,39,0.4334441489361702,-0.05647146973759505,-0.375,-0.3,-0.0234375
oracle_context_only,92,direct_grounded,0.01,leave_one_task,0.1,0.1,-0.021875,-0.024375,2,16,0.4386303191489362,-0.040464838765998865,-0.3175,-0.20519567041703082,0.0
oracle_context_only,92,direct_grounded,0.01,leave_one_task,0.2,0.2,-0.0375,-0.042499999999999996,5,29,0.4386303191489362,-0.040464838765998865,-0.375,-0.20519567041703082,0.0
oracle_context_only,92,direct_grounded,0.01,leave_one_task,0.3,0.3,-0.0421875,-0.04968749999999998,12,39,0.4386303191489362,-0.040464838765998865,-0.375,-0.20519567041703082,0.0
oracle_context_only,92,direct_grounded,0.1,leave_one_task,0.1,0.1,-0.021875,-0.024375,2,16,0.4394281914893617,-0.04044838880867745,-0.3175,-0.39999999999999997,-0.015625
oracle_context_only,92,direct_grounded,0.1,leave_one_task,0.2,0.2,-0.0375,-0.042499999999999996,5,29,0.4394281914893617,-0.04044838880867745,-0.375,-0.39999999999999997,-0.015625
oracle_context_only,92,direct_grounded,0.1,leave_one_task,0.3,0.3,-0.0421875,-0.04968749999999998,12,39,0.4394281914893617,-0.04044838880867745,-0.375,-0.39999999999999997,-0.015625
oracle_context_only,92,direct_grounded,1.0,leave_one_task,0.1,0.1,-0.021875,-0.024375,2,16,0.43929521276595745,-0.04098671366202054,-0.3175,-0.39999999999999997,-0.015625
oracle_context_only,92,direct_grounded,1.0,leave_one_task,0.2,0.2,-0.0375,-0.042499999999999996,5,29,0.43929521276595745,-0.04098671366202054,-0.375,-0.39999999999999997,-0.015625
oracle_context_only,92,direct_grounded,1.0,leave_one_task,0.3,0.3,-0.0421875,-0.04968749999999998,12,39,0.43929521276595745,-0.04098671366202054,-0.375,-0.39999999999999997,-0.015625
oracle_context_only,92,direct_grounded,10.0,leave_one_task,0.1,0.1,-0.021875,-0.024375,2,16,0.44461436170212765,-0.05280107301025587,-0.3175,0.051298917604257706,0.015625
oracle_context_only,92,direct_grounded,10.0,leave_one_task,0.2,0.2,-0.0296875,-0.034687499999999996,11,30,0.44461436170212765,-0.05280107301025587,-0.375,0.051298917604257706,0.015625
oracle_context_only,92,direct_grounded,10.0,leave_one_task,0.3,0.3,-0.0421875,-0.04968749999999998,12,39,0.44461436170212765,-0.05280107301025587,-0.375,0.051298917604257706,0.015625
oracle_context_only,92,ridge_potential_success,0.01,leave_one_task,0.1,0.1,-0.021875,-0.024375,2,16,0.47373670212765956,-0.003526459600776871,-0.3175,0.051298917604257706,0.03125
oracle_context_only,92,ridge_potential_success,0.01,leave_one_task,0.2,0.2,-0.03125,-0.03625,6,26,0.47373670212765956,-0.003526459600776871,-0.3175,0.051298917604257706,0.03125
oracle_context_only,92,ridge_potential_success,0.01,leave_one_task,0.3,0.3,-0.021875,-0.02937499999999999,23,37,0.47373670212765956,-0.003526459600776871,-0.375,0.051298917604257706,0.03125
oracle_context_only,92,ridge_potential_success,0.1,leave_one_task,0.1,0.1,-0.021875,-0.024375,2,16,0.47373670212765956,-0.003526459600776871,-0.3175,0.051298917604257706,0.03125
oracle_context_only,92,ridge_potential_success,0.1,leave_one_task,0.2,0.2,-0.03125,-0.03625,6,26,0.47373670212765956,-0.003526459600776871,-0.3175,0.051298917604257706,0.03125
oracle_context_only,92,ridge_potential_success,0.1,leave_one_task,0.3,0.3,-0.021875,-0.02937499999999999,23,37,0.47373670212765956,-0.003526459600776871,-0.375,0.051298917604257706,0.03125
oracle_context_only,92,ridge_potential_success,1.0,leave_one_task,0.1,0.1,-0.021875,-0.024375,2,16,0.46708776595744683,-0.013629612138652719,-0.3175,0.09999999999999999,0.0078125
oracle_context_only,92,ridge_potential_success,1.0,leave_one_task,0.2,0.2,-0.0359375,-0.0409375,4,27,0.46708776595744683,-0.013629612138652719,-0.320625,0.09999999999999999,0.0078125
oracle_context_only,92,ridge_potential_success,1.0,leave_one_task,0.3,0.3,-0.021875,-0.02937499999999999,23,37,0.46708776595744683,-0.013629612138652719,-0.375,0.09999999999999999,0.0078125
oracle_context_only,92,ridge_potential_success,10.0,leave_one_task,0.1,0.1,-0.021875,-0.024375,2,16,0.43783244680851063,-0.046206285120103344,-0.3175,-0.3,-0.015625
oracle_context_only,92,ridge_potential_success,10.0,leave_one_task,0.2,0.2,-0.0375,-0.042499999999999996,5,29,0.43783244680851063,-0.046206285120103344,-0.375,-0.3,-0.015625
oracle_context_only,92,ridge_potential_success,10.0,leave_one_task,0.3,0.3,-0.04375,-0.05124999999999998,12,40,0.43783244680851063,-0.046206285120103344,-0.375,-0.3,-0.015625
oracle_context_only,92,direct_success,0.01,leave_one_level,0.1,0.1,-0.0140625,-0.016562499999999994,8,17,0.3168218085106383,-0.1533440346565685,-0.3749999999999999,-0.6,-0.1875
oracle_context_only,92,direct_success,0.01,leave_one_level,0.2,0.2,-0.0203125,-0.025312499999999995,12,25,0.3168218085106383,-0.1533440346565685,-0.3749999999999999,-0.6,-0.1875
oracle_context_only,92,direct_success,0.01,leave_one_level,0.3,0.3,-0.0203125,-0.02781249999999999,16,29,0.3168218085106383,-0.1533440346565685,-0.3749999999999999,-0.6,-0.1875
oracle_context_only,92,direct_success,0.1,leave_one_level,0.1,0.1,-0.0140625,-0.016562499999999994,8,17,0.3168218085106383,-0.1533440346565685,-0.3749999999999999,-0.6,-0.1875
oracle_context_only,92,direct_success,0.1,leave_one_level,0.2,0.2,-0.0203125,-0.025312499999999995,12,25,0.3168218085106383,-0.1533440346565685,-0.3749999999999999,-0.6,-0.1875
oracle_context_only,92,direct_success,0.1,leave_one_level,0.3,0.3,-0.0203125,-0.02781249999999999,16,29,0.3168218085106383,-0.1533440346565685,-0.3749999999999999,-0.6,-0.1875
oracle_context_only,92,direct_success,1.0,leave_one_level,0.1,0.1,-0.0140625,-0.016562499999999994,8,17,0.315625,-0.15668378724174742,-0.3749999999999999,-0.7999999999999999,-0.21875
oracle_context_only,92,direct_success,1.0,leave_one_level,0.2,0.2,-0.0265625,-0.03156249999999999,11,28,0.315625,-0.15668378724174742,-0.3749999999999999,-0.7999999999999999,-0.21875
oracle_context_only,92,direct_success,1.0,leave_one_level,0.3,0.3,-0.0203125,-0.02781249999999999,16,29,0.315625,-0.15668378724174742,-0.3749999999999999,-0.7999999999999999,-0.21875
oracle_context_only,92,direct_success,10.0,leave_one_level,0.1,0.1,-0.028125,-0.030624999999999993,2,20,0.3092420212765957,-0.1602970203673947,-0.3749999999999999,-0.8720815992723809,-0.1953125
oracle_context_only,92,direct_success,10.0,leave_one_level,0.2,0.2,-0.0265625,-0.03156249999999999,11,28,0.3092420212765957,-0.1602970203673947,-0.3749999999999999,-0.8720815992723809,-0.1953125
oracle_context_only,92,direct_success,10.0,leave_one_level,0.3,0.3,-0.021875,-0.02937499999999999,16,30,0.3092420212765957,-0.1602970203673947,-0.3749999999999999,-0.8720815992723809,-0.1953125
oracle_context_only,92,direct_terminal_utility,0.01,leave_one_level,0.1,0.1,-0.015625,-0.018124999999999995,7,17,0.3157579787234043,-0.15176648374944549,-0.3749999999999999,-0.6,-0.1640625
oracle_context_only,92,direct_terminal_utility,0.01,leave_one_level,0.2,0.2,-0.0203125,-0.025312499999999995,12,25,0.3157579787234043,-0.15176648374944549,-0.3749999999999999,-0.6,-0.1640625
oracle_context_only,92,direct_terminal_utility,0.01,leave_one_level,0.3,0.3,-0.0203125,-0.02781249999999999,16,29,0.3157579787234043,-0.15176648374944549,-0.3749999999999999,-0.6,-0.1640625
oracle_context_only,92,direct_terminal_utility,0.1,leave_one_level,0.1,0.1,-0.015625,-0.018124999999999995,7,17,0.3157579787234043,-0.15176648374944549,-0.3749999999999999,-0.6,-0.1640625
oracle_context_only,92,direct_terminal_utility,0.1,leave_one_level,0.2,0.2,-0.0203125,-0.025312499999999995,12,25,0.3157579787234043,-0.15176648374944549,-0.3749999999999999,-0.6,-0.1640625
oracle_context_only,92,direct_terminal_utility,0.1,leave_one_level,0.3,0.3,-0.0203125,-0.02781249999999999,16,29,0.3157579787234043,-0.15176648374944549,-0.3749999999999999,-0.6,-0.1640625
oracle_context_only,92,direct_terminal_utility,1.0,leave_one_level,0.1,0.1,-0.015625,-0.018124999999999995,7,17,0.315625,-0.1605281422677605,-0.3749999999999999,-0.7999999999999999,-0.1953125
oracle_context_only,92,direct_terminal_utility,1.0,leave_one_level,0.2,0.2,-0.0265625,-0.03156249999999999,11,28,0.315625,-0.1605281422677605,-0.3749999999999999,-0.7999999999999999,-0.1953125
oracle_context_only,92,direct_terminal_utility,1.0,leave_one_level,0.3,0.3,-0.01875,-0.02624999999999999,19,31,0.315625,-0.1605281422677605,-0.3749999999999999,-0.7999999999999999,-0.1953125
oracle_context_only,92,direct_terminal_utility,10.0,leave_one_level,0.1,0.1,-0.028125,-0.030624999999999993,2,20,0.30871010638297874,-0.1650617505055406,-0.3749999999999999,-0.7999999999999999,-0.1953125
oracle_context_only,92,direct_terminal_utility,10.0,leave_one_level,0.2,0.2,-0.0265625,-0.03156249999999999,11,28,0.30871010638297874,-0.1650617505055406,-0.3749999999999999,-0.7999999999999999,-0.1953125
oracle_context_only,92,direct_terminal_utility,10.0,leave_one_level,0.3,0.3,-0.021875,-0.02937499999999999,16,30,0.30871010638297874,-0.1650617505055406,-0.3749999999999999,-0.7999999999999999,-0.1953125
oracle_context_only,92,direct_grounded,0.01,leave_one_level,0.1,0.1,-0.0140625,-0.016562499999999994,8,17,0.3216090425531915,-0.14672909556869726,-0.3749999999999999,-0.6,-0.171875
oracle_context_only,92,direct_grounded,0.01,leave_one_level,0.2,0.2,-0.0265625,-0.03156249999999999,11,28,0.3216090425531915,-0.14672909556869726,-0.3749999999999999,-0.6,-0.171875
oracle_context_only,92,direct_grounded,0.01,leave_one_level,0.3,0.3,-0.0203125,-0.02781249999999999,16,29,0.3216090425531915,-0.14672909556869726,-0.3749999999999999,-0.6,-0.171875
oracle_context_only,92,direct_grounded,0.1,leave_one_level,0.1,0.1,-0.0140625,-0.016562499999999994,8,17,0.3216090425531915,-0.14672909556869726,-0.3749999999999999,-0.6,-0.171875
oracle_context_only,92,direct_grounded,0.1,leave_one_level,0.2,0.2,-0.0265625,-0.03156249999999999,11,28,0.3216090425531915,-0.14672909556869726,-0.3749999999999999,-0.6,-0.171875
oracle_context_only,92,direct_grounded,0.1,leave_one_level,0.3,0.3,-0.0203125,-0.02781249999999999,16,29,0.3216090425531915,-0.14672909556869726,-0.3749999999999999,-0.6,-0.171875
oracle_context_only,92,direct_grounded,1.0,leave_one_level,0.1,0.1,-0.015625,-0.018124999999999995,7,17,0.32174202127659574,-0.14665095827142058,-0.3749999999999999,-0.6,-0.171875
oracle_context_only,92,direct_grounded,1.0,leave_one_level,0.2,0.2,-0.0265625,-0.03156249999999999,11,28,0.32174202127659574,-0.14665095827142058,-0.3749999999999999,-0.6,-0.171875
oracle_context_only,92,direct_grounded,1.0,leave_one_level,0.3,0.3,-0.0203125,-0.02781249999999999,16,29,0.32174202127659574,-0.14665095827142058,-0.3749999999999999,-0.6,-0.171875
oracle_context_only,92,direct_grounded,10.0,leave_one_level,0.1,0.1,-0.028125,-0.030624999999999993,2,20,0.3120345744680851,-0.14865744181569934,-0.3749999999999999,-0.6,-0.1796875
oracle_context_only,92,direct_grounded,10.0,leave_one_level,0.2,0.2,-0.0265625,-0.03156249999999999,11,28,0.3120345744680851,-0.14865744181569934,-0.3749999999999999,-0.6,-0.1796875
oracle_context_only,92,direct_grounded,10.0,leave_one_level,0.3,0.3,-0.0203125,-0.02781249999999999,16,29,0.3120345744680851,-0.14865744181569934,-0.3749999999999999,-0.6,-0.1796875
oracle_context_only,92,ridge_potential_success,0.01,leave_one_level,0.1,0.1,-0.021875,-0.024374999999999994,3,17,0.3269281914893617,-0.1388779421881222,-0.3474999999999999,-0.5642880936468347,-0.125
oracle_context_only,92,ridge_potential_success,0.01,leave_one_level,0.2,0.2,-0.0078125,-0.012812499999999996,14,19,0.3269281914893617,-0.1388779421881222,-0.3749999999999999,-0.5642880936468347,-0.125
oracle_context_only,92,ridge_potential_success,0.01,leave_one_level,0.3,0.3,-0.00625,-0.01374999999999999,19,23,0.3269281914893617,-0.1388779421881222,-0.3749999999999999,-0.5642880936468347,-0.125
oracle_context_only,92,ridge_potential_success,0.1,leave_one_level,0.1,0.1,-0.021875,-0.024374999999999994,3,17,0.3269281914893617,-0.13759484551705237,-0.3474999999999999,-0.49999999999999994,-0.125
oracle_context_only,92,ridge_potential_success,0.1,leave_one_level,0.2,0.2,-0.0078125,-0.012812499999999996,14,19,0.3269281914893617,-0.13759484551705237,-0.3749999999999999,-0.49999999999999994,-0.125
oracle_context_only,92,ridge_potential_success,0.1,leave_one_level,0.3,0.3,-0.00625,-0.01374999999999999,19,23,0.3269281914893617,-0.13759484551705237,-0.3749999999999999,-0.49999999999999994,-0.125
oracle_context_only,92,ridge_potential_success,1.0,leave_one_level,0.1,0.1,-0.0234375,-0.025937499999999992,3,18,0.32533244680851064,-0.14326391205894265,-0.3749999999999999,-0.49999999999999994,-0.125
oracle_context_only,92,ridge_potential_success,1.0,leave_one_level,0.2,0.2,-0.0078125,-0.012812499999999996,14,19,0.32533244680851064,-0.14326391205894265,-0.3749999999999999,-0.49999999999999994,-0.125
oracle_context_only,92,ridge_potential_success,1.0,leave_one_level,0.3,0.3,-0.00625,-0.01374999999999999,19,23,0.32533244680851064,-0.14326391205894265,-0.3749999999999999,-0.49999999999999994,-0.125
oracle_context_only,92,ridge_potential_success,10.0,leave_one_level,0.1,0.1,-0.015625,-0.018124999999999995,7,17,0.3259973404255319,-0.13816607028503824,-0.3749999999999999,-0.6,-0.1015625
oracle_context_only,92,ridge_potential_success,10.0,leave_one_level,0.2,0.2,-0.0078125,-0.012812499999999996,14,19,0.3259973404255319,-0.13816607028503824,-0.3749999999999999,-0.6,-0.1015625
oracle_context_only,92,ridge_potential_success,10.0,leave_one_level,0.3,0.3,-0.021875,-0.02937499999999999,16,30,0.3259973404255319,-0.13816607028503824,-0.3749999999999999,-0.6,-0.1015625
oracle_context_only,92,direct_success,0.01,leave_one_cell,0.1,0.1,-0.0078125,-0.010312499999999997,6,11,0.41043882978723406,-0.08272190038216513,-0.24937499999999996,-0.41039134083406165,0.0
oracle_context_only,92,direct_success,0.01,leave_one_cell,0.2,0.2,-0.00625,-0.011249999999999993,13,17,0.41043882978723406,-0.08272190038216513,-0.24937499999999996,-0.41039134083406165,0.0
oracle_context_only,92,direct_success,0.01,leave_one_cell,0.3,0.3,-0.040625,-0.048124999999999994,17,43,0.41043882978723406,-0.08272190038216513,-0.3749999999999999,-0.41039134083406165,0.0
oracle_context_only,92,direct_success,0.1,leave_one_cell,0.1,0.1,-0.0078125,-0.010312499999999997,6,11,0.41043882978723406,-0.08278934520718291,-0.24937499999999996,-0.41039134083406165,0.0
oracle_context_only,92,direct_success,0.1,leave_one_cell,0.2,0.2,-0.00625,-0.011249999999999993,13,17,0.41043882978723406,-0.08278934520718291,-0.24937499999999996,-0.41039134083406165,0.0
oracle_context_only,92,direct_success,0.1,leave_one_cell,0.3,0.3,-0.040625,-0.048124999999999994,17,43,0.41043882978723406,-0.08278934520718291,-0.3749999999999999,-0.41039134083406165,0.0
oracle_context_only,92,direct_success,1.0,leave_one_cell,0.1,0.1,-0.0078125,-0.010312499999999997,6,11,0.41043882978723406,-0.08266597052727236,-0.24937499999999996,-0.41039134083406165,0.0
oracle_context_only,92,direct_success,1.0,leave_one_cell,0.2,0.2,-0.00625,-0.011249999999999993,13,17,0.41043882978723406,-0.08266597052727236,-0.24937499999999996,-0.41039134083406165,0.0
oracle_context_only,92,direct_success,1.0,leave_one_cell,0.3,0.3,-0.040625,-0.048124999999999994,17,43,0.41043882978723406,-0.08266597052727236,-0.3749999999999999,-0.41039134083406165,0.0
oracle_context_only,92,direct_success,10.0,leave_one_cell,0.1,0.1,-0.015625,-0.018124999999999995,0,10,0.39434840425531914,-0.09762021547923146,-0.24937499999999996,-0.5642880936468347,-0.109375
oracle_context_only,92,direct_success,10.0,leave_one_cell,0.2,0.2,-0.0328125,-0.037812499999999985,6,27,0.39434840425531914,-0.09762021547923146,-0.3749999999999999,-0.5642880936468347,-0.109375
oracle_context_only,92,direct_success,10.0,leave_one_cell,0.3,0.3,-0.040625,-0.048124999999999994,17,43,0.39434840425531914,-0.09762021547923146,-0.3749999999999999,-0.5642880936468347,-0.109375
oracle_context_only,92,direct_terminal_utility,0.01,leave_one_cell,0.1,0.1,-0.00625,-0.008749999999999997,6,10,0.41668882978723404,-0.07631052951614632,-0.24937499999999996,-0.41039134083406165,0.0
oracle_context_only,92,direct_terminal_utility,0.01,leave_one_cell,0.2,0.2,-0.00625,-0.011249999999999993,13,17,0.41668882978723404,-0.07631052951614632,-0.24937499999999996,-0.41039134083406165,0.0
oracle_context_only,92,direct_terminal_utility,0.01,leave_one_cell,0.3,0.3,-0.040625,-0.048124999999999994,17,43,0.41668882978723404,-0.07631052951614632,-0.3749999999999999,-0.41039134083406165,0.0
oracle_context_only,92,direct_terminal_utility,0.1,leave_one_cell,0.1,0.1,-0.00625,-0.008749999999999997,6,10,0.41668882978723404,-0.07631052951614632,-0.24937499999999996,-0.41039134083406165,0.0
oracle_context_only,92,direct_terminal_utility,0.1,leave_one_cell,0.2,0.2,-0.00625,-0.011249999999999993,13,17,0.41668882978723404,-0.07631052951614632,-0.24937499999999996,-0.41039134083406165,0.0
oracle_context_only,92,direct_terminal_utility,0.1,leave_one_cell,0.3,0.3,-0.040625,-0.048124999999999994,17,43,0.41668882978723404,-0.07631052951614632,-0.3749999999999999,-0.41039134083406165,0.0
oracle_context_only,92,direct_terminal_utility,1.0,leave_one_cell,0.1,0.1,-0.00625,-0.008749999999999997,6,10,0.4168218085106383,-0.07707134004226145,-0.24937499999999996,-0.19999999999999998,0.015625
oracle_context_only,92,direct_terminal_utility,1.0,leave_one_cell,0.2,0.2,-0.003125,-0.008124999999999993,14,16,0.4168218085106383,-0.07707134004226145,-0.24937499999999996,-0.19999999999999998,0.015625
oracle_context_only,92,direct_terminal_utility,1.0,leave_one_cell,0.3,0.3,-0.040625,-0.048124999999999994,17,43,0.4168218085106383,-0.07707134004226145,-0.3749999999999999,-0.19999999999999998,0.015625
oracle_context_only,92,direct_terminal_utility,10.0,leave_one_cell,0.1,0.1,-0.015625,-0.018124999999999995,0,10,0.3942154255319149,-0.10067415005595089,-0.24937499999999996,-0.7,-0.1328125
oracle_context_only,92,direct_terminal_utility,10.0,leave_one_cell,0.2,0.2,-0.0328125,-0.037812499999999985,6,27,0.3942154255319149,-0.10067415005595089,-0.3749999999999999,-0.7,-0.1328125
oracle_context_only,92,direct_terminal_utility,10.0,leave_one_cell,0.3,0.3,-0.040625,-0.04812499999999999,17,43,0.3942154255319149,-0.10067415005595089,-0.3749999999999999,-0.7,-0.1328125
oracle_context_only,92,direct_grounded,0.01,leave_one_cell,0.1,0.1,-0.00625,-0.008749999999999997,6,10,0.40924202127659576,-0.08208816577635789,-0.24937499999999996,-0.19999999999999998,0.0234375
oracle_context_only,92,direct_grounded,0.01,leave_one_cell,0.2,0.2,-0.00625,-0.011249999999999993,13,17,0.40924202127659576,-0.08208816577635789,-0.24937499999999996,-0.19999999999999998,0.0234375
oracle_context_only,92,direct_grounded,0.01,leave_one_cell,0.3,0.3,-0.040625,-0.048124999999999994,17,43,0.40924202127659576,-0.08208816577635789,-0.3749999999999999,-0.19999999999999998,0.0234375
oracle_context_only,92,direct_grounded,0.1,leave_one_cell,0.1,0.1,-0.00625,-0.008749999999999997,6,10,0.4096409574468085,-0.08122125302551968,-0.24937499999999996,-0.19999999999999998,0.0234375
oracle_context_only,92,direct_grounded,0.1,leave_one_cell,0.2,0.2,-0.00625,-0.011249999999999993,13,17,0.4096409574468085,-0.08122125302551968,-0.24937499999999996,-0.19999999999999998,0.0234375
oracle_context_only,92,direct_grounded,0.1,leave_one_cell,0.3,0.3,-0.040625,-0.04812499999999999,17,43,0.4096409574468085,-0.08122125302551968,-0.3749999999999999,-0.19999999999999998,0.0234375
oracle_context_only,92,direct_grounded,1.0,leave_one_cell,0.1,0.1,-0.00625,-0.008749999999999997,6,10,0.4096409574468085,-0.08122125302551968,-0.24937499999999996,-0.19999999999999998,0.0234375
oracle_context_only,92,direct_grounded,1.0,leave_one_cell,0.2,0.2,-0.00625,-0.011249999999999993,13,17,0.4096409574468085,-0.08122125302551968,-0.24937499999999996,-0.19999999999999998,0.0234375
oracle_context_only,92,direct_grounded,1.0,leave_one_cell,0.3,0.3,-0.040625,-0.04812499999999999,17,43,0.4096409574468085,-0.08122125302551968,-0.3749999999999999,-0.19999999999999998,0.0234375
oracle_context_only,92,direct_grounded,10.0,leave_one_cell,0.1,0.1,-0.015625,-0.018124999999999995,0,10,0.39700797872340426,-0.08667729262009773,-0.24937499999999996,-0.39999999999999997,-0.109375
oracle_context_only,92,direct_grounded,10.0,leave_one_cell,0.2,0.2,-0.0328125,-0.037812499999999985,6,27,0.39700797872340426,-0.08667729262009773,-0.3749999999999999,-0.39999999999999997,-0.109375
oracle_context_only,92,direct_grounded,10.0,leave_one_cell,0.3,0.3,-0.021875,-0.02937499999999999,15,29,0.39700797872340426,-0.08667729262009773,-0.3749999999999999,-0.39999999999999997,-0.109375
oracle_context_only,92,ridge_potential_success,0.01,leave_one_cell,0.1,0.1,-0.00625,-0.008749999999999997,5,9,0.3959441489361702,-0.08675655991361811,-0.13374999999999998,-0.35909242322980395,-0.1640625
oracle_context_only,92,ridge_potential_success,0.01,leave_one_cell,0.2,0.2,-0.0390625,-0.04406249999999999,9,34,0.3959441489361702,-0.08675655991361811,-0.3749999999999999,-0.35909242322980395,-0.1640625
oracle_context_only,92,ridge_potential_success,0.01,leave_one_cell,0.3,0.3,-0.028125,-0.035625,19,37,0.3959441489361702,-0.08675655991361811,-0.3749999999999999,-0.35909242322980395,-0.1640625
oracle_context_only,92,ridge_potential_success,0.1,leave_one_cell,0.1,0.1,-0.00625,-0.008749999999999997,5,9,0.3959441489361702,-0.08682400881440709,-0.13374999999999998,-0.35909242322980395,-0.1640625
oracle_context_only,92,ridge_potential_success,0.1,leave_one_cell,0.2,0.2,-0.0390625,-0.04406249999999999,9,34,0.3959441489361702,-0.08682400881440709,-0.3749999999999999,-0.35909242322980395,-0.1640625
oracle_context_only,92,ridge_potential_success,0.1,leave_one_cell,0.3,0.3,-0.028125,-0.035625,19,37,0.3959441489361702,-0.08682400881440709,-0.3749999999999999,-0.35909242322980395,-0.1640625
oracle_context_only,92,ridge_potential_success,1.0,leave_one_cell,0.1,0.1,-0.00625,-0.008749999999999997,5,9,0.3959441489361702,-0.08682400881440709,-0.13374999999999998,-0.35909242322980395,-0.1640625
oracle_context_only,92,ridge_potential_success,1.0,leave_one_cell,0.2,0.2,-0.0390625,-0.04406249999999999,9,34,0.3959441489361702,-0.08682400881440709,-0.3749999999999999,-0.35909242322980395,-0.1640625
oracle_context_only,92,ridge_potential_success,1.0,leave_one_cell,0.3,0.3,-0.028125,-0.035625,19,37,0.3959441489361702,-0.08682400881440709,-0.3749999999999999,-0.35909242322980395,-0.1640625
oracle_context_only,92,ridge_potential_success,10.0,leave_one_cell,0.1,0.1,-0.00625,-0.008749999999999996,5,9,0.41469414893617024,-0.08674884993444584,-0.15937499999999996,-0.6,-0.0234375
oracle_context_only,92,ridge_potential_success,10.0,leave_one_cell,0.2,0.2,-0.015625,-0.02062499999999999,15,25,0.41469414893617024,-0.08674884993444584,-0.3749999999999999,-0.6,-0.0234375
oracle_context_only,92,ridge_potential_success,10.0,leave_one_cell,0.3,0.3,-0.040625,-0.04812499999999999,17,43,0.41469414893617024,-0.08674884993444584,-0.3749999999999999,-0.6,-0.0234375
oracle_context_only,92,direct_success,0.01,within_cell_grouped5,0.1,0.1,0.0109375,0.0084375,13,6,0.7476728723404256,0.25825976281057633,-0.05624999999999999,0.9999999999999999,0.40625
oracle_context_only,92,direct_success,0.01,within_cell_grouped5,0.2,0.2,0.0296875,0.0246875,26,7,0.7476728723404256,0.25825976281057633,-0.009999999999999998,0.9999999999999999,0.40625
oracle_context_only,92,direct_success,0.01,within_cell_grouped5,0.3,0.3,0.0390625,0.03156250000000001,35,10,0.7476728723404256,0.25825976281057633,-0.076875,0.9999999999999999,0.40625
oracle_context_only,92,direct_success,0.1,within_cell_grouped5,0.1,0.1,0.0109375,0.0084375,13,6,0.7476728723404256,0.25825976281057633,-0.05624999999999999,0.9999999999999999,0.40625
oracle_context_only,92,direct_success,0.1,within_cell_grouped5,0.2,0.2,0.0296875,0.0246875,26,7,0.7476728723404256,0.25825976281057633,-0.009999999999999998,0.9999999999999999,0.40625
oracle_context_only,92,direct_success,0.1,within_cell_grouped5,0.3,0.3,0.0390625,0.03156250000000001,35,10,0.7476728723404256,0.25825976281057633,-0.076875,0.9999999999999999,0.40625
oracle_context_only,92,direct_success,1.0,within_cell_grouped5,0.1,0.1,0.0109375,0.008437500000000002,13,6,0.747938829787234,0.25857270538712346,-0.05687499999999999,0.9999999999999999,0.40625
oracle_context_only,92,direct_success,1.0,within_cell_grouped5,0.2,0.2,0.0296875,0.0246875,26,7,0.747938829787234,0.25857270538712346,-0.009999999999999998,0.9999999999999999,0.40625
oracle_context_only,92,direct_success,1.0,within_cell_grouped5,0.3,0.3,0.0390625,0.03156250000000001,35,10,0.747938829787234,0.25857270538712346,-0.076875,0.9999999999999999,0.40625
oracle_context_only,92,direct_success,10.0,within_cell_grouped5,0.1,0.1,0.0109375,0.008437500000000002,13,6,0.7516622340425532,0.2611928807655627,-0.05687499999999999,0.9999999999999999,0.40625
oracle_context_only,92,direct_success,10.0,within_cell_grouped5,0.2,0.2,0.0296875,0.024687499999999998,26,7,0.7516622340425532,0.2611928807655627,-0.009999999999999998,0.9999999999999999,0.40625
oracle_context_only,92,direct_success,10.0,within_cell_grouped5,0.3,0.3,0.0421875,0.0346875,35,8,0.7516622340425532,0.2611928807655627,-0.025625,0.9999999999999999,0.40625
oracle_context_only,92,direct_terminal_utility,0.01,within_cell_grouped5,0.1,0.1,0.0109375,0.008437500000000002,13,6,0.7532579787234043,0.2619280083403912,-0.05687499999999999,0.9999999999999999,0.3984375
oracle_context_only,92,direct_terminal_utility,0.01,within_cell_grouped5,0.2,0.2,0.028125,0.023125,25,7,0.7532579787234043,0.2619280083403912,-0.04,0.9999999999999999,0.3984375
oracle_context_only,92,direct_terminal_utility,0.01,within_cell_grouped5,0.3,0.3,0.0390625,0.03156250000000001,35,10,0.7532579787234043,0.2619280083403912,-0.076875,0.9999999999999999,0.3984375
oracle_context_only,92,direct_terminal_utility,0.1,within_cell_grouped5,0.1,0.1,0.0109375,0.008437500000000002,13,6,0.7532579787234043,0.2619280083403912,-0.05687499999999999,0.9999999999999999,0.3984375
oracle_context_only,92,direct_terminal_utility,0.1,within_cell_grouped5,0.2,0.2,0.028125,0.023125,25,7,0.7532579787234043,0.2619280083403912,-0.04,0.9999999999999999,0.3984375
oracle_context_only,92,direct_terminal_utility,0.1,within_cell_grouped5,0.3,0.3,0.0390625,0.03156250000000001,35,10,0.7532579787234043,0.2619280083403912,-0.076875,0.9999999999999999,0.3984375
oracle_context_only,92,direct_terminal_utility,1.0,within_cell_grouped5,0.1,0.1,0.0109375,0.008437500000000002,13,6,0.7532579787234043,0.2619436144006389,-0.05687499999999999,0.9999999999999999,0.3984375
oracle_context_only,92,direct_terminal_utility,1.0,within_cell_grouped5,0.2,0.2,0.028125,0.023125,25,7,0.7532579787234043,0.2619436144006389,-0.04,0.9999999999999999,0.3984375
oracle_context_only,92,direct_terminal_utility,1.0,within_cell_grouped5,0.3,0.3,0.0390625,0.03156250000000001,35,10,0.7532579787234043,0.2619436144006389,-0.076875,0.9999999999999999,0.3984375
oracle_context_only,92,direct_terminal_utility,10.0,within_cell_grouped5,0.1,0.1,0.0109375,0.008437500000000002,13,6,0.7509973404255319,0.2614692723062663,-0.05687499999999999,0.8720815992723809,0.3984375
oracle_context_only,92,direct_terminal_utility,10.0,within_cell_grouped5,0.2,0.2,0.028125,0.023125,25,7,0.7509973404255319,0.2614692723062663,-0.04,0.8720815992723809,0.3984375
oracle_context_only,92,direct_terminal_utility,10.0,within_cell_grouped5,0.3,0.3,0.0421875,0.0346875,35,8,0.7509973404255319,0.2614692723062663,-0.025625,0.8720815992723809,0.3984375
oracle_context_only,92,direct_grounded,0.01,within_cell_grouped5,0.1,0.1,0.0109375,0.008437500000000002,13,6,0.7472739361702128,0.26239249397565995,-0.05687499999999999,0.9999999999999999,0.4140625
oracle_context_only,92,direct_grounded,0.01,within_cell_grouped5,0.2,0.2,0.028125,0.023125000000000003,25,7,0.7472739361702128,0.26239249397565995,-0.041874999999999996,0.9999999999999999,0.4140625
oracle_context_only,92,direct_grounded,0.01,within_cell_grouped5,0.3,0.3,0.034375,0.026875000000000003,33,11,0.7472739361702128,0.26239249397565995,-0.076875,0.9999999999999999,0.4140625
oracle_context_only,92,direct_grounded,0.1,within_cell_grouped5,0.1,0.1,0.0109375,0.008437500000000002,13,6,0.7472739361702128,0.26239249397565995,-0.05687499999999999,0.9999999999999999,0.4140625
oracle_context_only,92,direct_grounded,0.1,within_cell_grouped5,0.2,0.2,0.028125,0.023125000000000003,25,7,0.7472739361702128,0.26239249397565995,-0.041874999999999996,0.9999999999999999,0.4140625
oracle_context_only,92,direct_grounded,0.1,within_cell_grouped5,0.3,0.3,0.034375,0.026875000000000003,33,11,0.7472739361702128,0.26239249397565995,-0.076875,0.9999999999999999,0.4140625
oracle_context_only,92,direct_grounded,1.0,within_cell_grouped5,0.1,0.1,0.0109375,0.008437500000000002,13,6,0.747938829787234,0.26279907291369364,-0.05687499999999999,0.9999999999999999,0.4140625
oracle_context_only,92,direct_grounded,1.0,within_cell_grouped5,0.2,0.2,0.028125,0.023125000000000003,25,7,0.747938829787234,0.26279907291369364,-0.041874999999999996,0.9999999999999999,0.4140625
oracle_context_only,92,direct_grounded,1.0,within_cell_grouped5,0.3,0.3,0.040625,0.033125,34,8,0.747938829787234,0.26279907291369364,-0.028124999999999994,0.9999999999999999,0.4140625
oracle_context_only,92,direct_grounded,10.0,within_cell_grouped5,0.1,0.1,0.0109375,0.008437500000000002,13,6,0.7459441489361702,0.2630122188418143,-0.05687499999999999,0.9999999999999999,0.4140625
oracle_context_only,92,direct_grounded,10.0,within_cell_grouped5,0.2,0.2,0.028125,0.023125,25,7,0.7459441489361702,0.2630122188418143,-0.041249999999999995,0.9999999999999999,0.4140625
oracle_context_only,92,direct_grounded,10.0,within_cell_grouped5,0.3,0.3,0.040625,0.033125,34,8,0.7459441489361702,0.2630122188418143,-0.028124999999999994,0.9999999999999999,0.4140625
oracle_context_only,92,ridge_potential_success,0.01,within_cell_grouped5,0.1,0.1,0.0109375,0.008437500000000002,13,6,0.7478058510638298,0.259021654376983,-0.05687499999999999,0.9999999999999999,0.40625
oracle_context_only,92,ridge_potential_success,0.01,within_cell_grouped5,0.2,0.2,0.0296875,0.024687499999999998,26,7,0.7478058510638298,0.259021654376983,-0.009999999999999998,0.9999999999999999,0.40625
oracle_context_only,92,ridge_potential_success,0.01,within_cell_grouped5,0.3,0.3,0.0390625,0.03156250000000001,35,10,0.7478058510638298,0.259021654376983,-0.076875,0.9999999999999999,0.40625
oracle_context_only,92,ridge_potential_success,0.1,within_cell_grouped5,0.1,0.1,0.0109375,0.008437500000000002,13,6,0.7478058510638298,0.259021654376983,-0.05687499999999999,0.9999999999999999,0.40625
oracle_context_only,92,ridge_potential_success,0.1,within_cell_grouped5,0.2,0.2,0.0296875,0.024687499999999998,26,7,0.7478058510638298,0.259021654376983,-0.009999999999999998,0.9999999999999999,0.40625
oracle_context_only,92,ridge_potential_success,0.1,within_cell_grouped5,0.3,0.3,0.0390625,0.03156250000000001,35,10,0.7478058510638298,0.259021654376983,-0.076875,0.9999999999999999,0.40625
oracle_context_only,92,ridge_potential_success,1.0,within_cell_grouped5,0.1,0.1,0.0109375,0.008437500000000002,13,6,0.7480718085106383,0.25935102604032056,-0.05687499999999999,0.9999999999999999,0.40625
oracle_context_only,92,ridge_potential_success,1.0,within_cell_grouped5,0.2,0.2,0.0296875,0.024687499999999998,26,7,0.7480718085106383,0.25935102604032056,-0.009999999999999998,0.9999999999999999,0.40625
oracle_context_only,92,ridge_potential_success,1.0,within_cell_grouped5,0.3,0.3,0.0390625,0.03156250000000001,35,10,0.7480718085106383,0.25935102604032056,-0.076875,0.9999999999999999,0.40625
oracle_context_only,92,ridge_potential_success,10.0,within_cell_grouped5,0.1,0.1,0.0109375,0.008437500000000002,13,6,0.7519281914893617,0.26135354004335554,-0.05687499999999999,0.9999999999999999,0.40625
oracle_context_only,92,ridge_potential_success,10.0,within_cell_grouped5,0.2,0.2,0.0296875,0.024687499999999998,26,7,0.7519281914893617,0.26135354004335554,-0.009999999999999998,0.9999999999999999,0.40625
oracle_context_only,92,ridge_potential_success,10.0,within_cell_grouped5,0.3,0.3,0.040625,0.033125,35,9,0.7519281914893617,0.26135354004335554,-0.05125,0.9999999999999999,0.40625
relative_oracle_additive,97,direct_success,0.01,leave_one_task,0.1,0.1,0.0015625,-0.0009374999999999997,6,5,0.43031914893617024,-0.057366573869758054,-0.05625,-0.6155870112510925,-0.125
relative_oracle_additive,97,direct_success,0.01,leave_one_task,0.2,0.2,-0.0109375,-0.015937499999999997,13,20,0.43031914893617024,-0.057366573869758054,-0.18562499999999998,-0.6155870112510925,-0.125
relative_oracle_additive,97,direct_success,0.01,leave_one_task,0.3,0.3,-0.0171875,-0.024687499999999994,20,31,0.43031914893617024,-0.057366573869758054,-0.2906249999999999,-0.6155870112510925,-0.125
relative_oracle_additive,97,direct_success,0.1,leave_one_task,0.1,0.1,0.0015625,-0.0009374999999999994,6,5,0.4417553191489362,-0.04158484225962152,-0.05499999999999999,-0.3,-0.0703125
relative_oracle_additive,97,direct_success,0.1,leave_one_task,0.2,0.2,0.0015625,-0.0034374999999999987,14,13,0.4417553191489362,-0.04158484225962152,-0.07812499999999999,-0.3,-0.0703125
relative_oracle_additive,97,direct_success,0.1,leave_one_task,0.3,0.3,-0.0046875,-0.012187499999999995,21,24,0.4417553191489362,-0.04158484225962152,-0.08437499999999998,-0.3,-0.0703125
relative_oracle_additive,97,direct_success,1.0,leave_one_task,0.1,0.1,0.0046875,0.0021875000000000006,7,4,0.45784574468085104,-0.02159259557795937,-0.028124999999999994,-0.46169025843831935,-0.0234375
relative_oracle_additive,97,direct_success,1.0,leave_one_task,0.2,0.2,0.0015625,-0.0034374999999999983,12,11,0.45784574468085104,-0.02159259557795937,-0.07249999999999998,-0.46169025843831935,-0.0234375
relative_oracle_additive,97,direct_success,1.0,leave_one_task,0.3,0.3,0.0,-0.007499999999999995,19,19,0.45784574468085104,-0.02159259557795937,-0.07812499999999999,-0.46169025843831935,-0.0234375
relative_oracle_additive,97,direct_success,10.0,leave_one_task,0.1,0.1,0.003125,0.0006250000000000006,6,4,0.5305851063829787,0.04637603306616492,-0.04437499999999999,0.49999999999999994,0.0390625
relative_oracle_additive,97,direct_success,10.0,leave_one_task,0.2,0.2,0.003125,-0.0018749999999999975,10,8,0.5305851063829787,0.04637603306616492,-0.04687499999999999,0.49999999999999994,0.0390625
relative_oracle_additive,97,direct_success,10.0,leave_one_task,0.3,0.3,0.0078125,0.0003125000000000048,19,14,0.5305851063829787,0.04637603306616492,-0.07312499999999998,0.49999999999999994,0.0390625
relative_oracle_additive,97,direct_terminal_utility,0.01,leave_one_task,0.1,0.1,0.0,-0.0024999999999999988,7,7,0.4206117021276596,-0.06565824555698851,-0.053749999999999985,-0.6155870112510925,-0.1328125
relative_oracle_additive,97,direct_terminal_utility,0.01,leave_one_task,0.2,0.2,-0.0109375,-0.0159375,14,21,0.4206117021276596,-0.06565824555698851,-0.13624999999999998,-0.6155870112510925,-0.1328125
relative_oracle_additive,97,direct_terminal_utility,0.01,leave_one_task,0.3,0.3,-0.01875,-0.026249999999999996,21,33,0.4206117021276596,-0.06565824555698851,-0.3168749999999999,-0.6155870112510925,-0.1328125
relative_oracle_additive,97,direct_terminal_utility,0.1,leave_one_task,0.1,0.1,0.0015625,-0.0009374999999999988,7,6,0.42992021276595743,-0.04947611872645429,-0.05187499999999999,-0.39999999999999997,-0.0625
relative_oracle_additive,97,direct_terminal_utility,0.1,leave_one_task,0.2,0.2,0.00625,0.0012500000000000035,15,11,0.42992021276595743,-0.04947611872645429,-0.07312499999999998,-0.39999999999999997,-0.0625
relative_oracle_additive,97,direct_terminal_utility,0.1,leave_one_task,0.3,0.3,-0.00625,-0.013749999999999995,21,25,0.42992021276595743,-0.04947611872645429,-0.09187499999999997,-0.39999999999999997,-0.0625
relative_oracle_additive,97,direct_terminal_utility,1.0,leave_one_task,0.1,0.1,0.0046875,0.0021875000000000006,7,4,0.443218085106383,-0.031188529029275013,-0.044375,-0.3,-0.0625
relative_oracle_additive,97,direct_terminal_utility,1.0,leave_one_task,0.2,0.2,0.003125,-0.0018749999999999975,13,11,0.443218085106383,-0.031188529029275013,-0.07374999999999998,-0.3,-0.0625
relative_oracle_additive,97,direct_terminal_utility,1.0,leave_one_task,0.3,0.3,0.0015625,-0.005937499999999996,20,19,0.443218085106383,-0.031188529029275013,-0.07812499999999999,-0.3,-0.0625
relative_oracle_additive,97,direct_terminal_utility,10.0,leave_one_task,0.1,0.1,0.003125,0.0006250000000000006,6,4,0.5105053191489362,0.032420514322806356,-0.045624999999999985,0.6324555320336759,0.0390625
relative_oracle_additive,97,direct_terminal_utility,10.0,leave_one_task,0.2,0.2,0.0046875,-0.0003124999999999968,12,9,0.5105053191489362,0.032420514322806356,-0.07312499999999998,0.6324555320336759,0.0390625
relative_oracle_additive,97,direct_terminal_utility,10.0,leave_one_task,0.3,0.3,0.0015625,-0.005937499999999997,16,15,0.5105053191489362,0.032420514322806356,-0.11499999999999996,0.6324555320336759,0.0390625
relative_oracle_additive,97,direct_grounded,0.01,leave_one_task,0.1,0.1,0.0015625,-0.0009374999999999988,7,6,0.4253989361702128,-0.06342753085216775,-0.053749999999999985,-0.3,-0.1171875
relative_oracle_additive,97,direct_grounded,0.01,leave_one_task,0.2,0.2,-0.0046875,-0.009687499999999998,15,18,0.4253989361702128,-0.06342753085216775,-0.13624999999999998,-0.3,-0.1171875
relative_oracle_additive,97,direct_grounded,0.01,leave_one_task,0.3,0.3,-0.0171875,-0.02468749999999999,22,33,0.4253989361702128,-0.06342753085216775,-0.2906249999999999,-0.3,-0.1171875
relative_oracle_additive,97,direct_grounded,0.1,leave_one_task,0.1,0.1,0.003125,0.0006250000000000003,7,5,0.43111702127659574,-0.04847574666810684,-0.043125,-0.35909242322980395,-0.0625
relative_oracle_additive,97,direct_grounded,0.1,leave_one_task,0.2,0.2,0.00625,0.0012500000000000024,15,11,0.43111702127659574,-0.04847574666810684,-0.07312499999999998,-0.35909242322980395,-0.0625
relative_oracle_additive,97,direct_grounded,0.1,leave_one_task,0.3,0.3,-0.0078125,-0.015312499999999993,20,25,0.43111702127659574,-0.04847574666810684,-0.105625,-0.35909242322980395,-0.0625
relative_oracle_additive,97,direct_grounded,1.0,leave_one_task,0.1,0.1,0.0015625,-0.000937499999999998,6,5,0.4434840425531915,-0.03083987719120564,-0.06999999999999998,-0.20519567041703082,-0.0625
relative_oracle_additive,97,direct_grounded,1.0,leave_one_task,0.2,0.2,0.003125,-0.0018749999999999978,12,10,0.4434840425531915,-0.03083987719120564,-0.07374999999999998,-0.20519567041703082,-0.0625
relative_oracle_additive,97,direct_grounded,1.0,leave_one_task,0.3,0.3,0.003125,-0.004374999999999994,20,18,0.4434840425531915,-0.03083987719120564,-0.104375,-0.20519567041703082,-0.0625
relative_oracle_additive,97,direct_grounded,10.0,leave_one_task,0.1,0.1,0.00625,0.003749999999999999,8,4,0.5147606382978723,0.036148091159267697,-0.04624999999999999,0.5642880936468347,0.0390625
relative_oracle_additive,97,direct_grounded,10.0,leave_one_task,0.2,0.2,0.0015625,-0.0034374999999999974,10,9,0.5147606382978723,0.036148091159267697,-0.07312499999999998,0.5642880936468347,0.0390625
relative_oracle_additive,97,direct_grounded,10.0,leave_one_task,0.3,0.3,0.0046875,-0.0028124999999999964,17,14,0.5147606382978723,0.036148091159267697,-0.11562499999999998,0.5642880936468347,0.0390625
relative_oracle_additive,97,ridge_potential_success,0.01,leave_one_task,0.1,0.1,-0.009375,-0.011874999999999997,6,12,0.42107712765957445,-0.05855197327839914,-0.104375,-0.19999999999999998,-0.1328125
relative_oracle_additive,97,ridge_potential_success,0.01,leave_one_task,0.2,0.2,-0.0265625,-0.0315625,13,30,0.42107712765957445,-0.05855197327839914,-0.33625,-0.19999999999999998,-0.1328125
relative_oracle_additive,97,ridge_potential_success,0.01,leave_one_task,0.3,0.3,-0.0171875,-0.02468749999999999,25,36,0.42107712765957445,-0.05855197327839914,-0.3137499999999999,-0.19999999999999998,-0.1328125
relative_oracle_additive,97,ridge_potential_success,0.1,leave_one_task,0.1,0.1,-0.0015625,-0.004062499999999998,6,7,0.43450797872340424,-0.045735198176227156,-0.058124999999999996,-0.6,-0.0390625
relative_oracle_additive,97,ridge_potential_success,0.1,leave_one_task,0.2,0.2,-0.0078125,-0.012812499999999996,13,18,0.43450797872340424,-0.045735198176227156,-0.07874999999999999,-0.6,-0.0390625
relative_oracle_additive,97,ridge_potential_success,0.1,leave_one_task,0.3,0.3,-0.015625,-0.023124999999999993,19,29,0.43450797872340424,-0.045735198176227156,-0.13499999999999995,-0.6,-0.0390625
relative_oracle_additive,97,ridge_potential_success,1.0,leave_one_task,0.1,0.1,0.0,-0.0024999999999999996,6,6,0.45924202127659575,-0.015831588615953386,-0.066875,-0.09999999999999999,-0.03125
relative_oracle_additive,97,ridge_potential_success,1.0,leave_one_task,0.2,0.2,-0.003125,-0.008124999999999997,12,14,0.45924202127659575,-0.015831588615953386,-0.07812499999999999,-0.09999999999999999,-0.03125
relative_oracle_additive,97,ridge_potential_success,1.0,leave_one_task,0.3,0.3,-0.003125,-0.010624999999999997,20,22,0.45924202127659575,-0.015831588615953386,-0.133125,-0.09999999999999999,-0.03125
relative_oracle_additive,97,ridge_potential_success,10.0,leave_one_task,0.1,0.1,0.003125,0.000625000000000002,6,4,0.5319148936170213,0.04962433850300203,-0.053749999999999985,0.8999999999999998,0.09375
relative_oracle_additive,97,ridge_potential_success,10.0,leave_one_task,0.2,0.2,0.003125,-0.0018749999999999971,11,9,0.5319148936170213,0.04962433850300203,-0.07312499999999998,0.8999999999999998,0.09375
relative_oracle_additive,97,ridge_potential_success,10.0,leave_one_task,0.3,0.3,-0.0015625,-0.009062499999999996,20,21,0.5319148936170213,0.04962433850300203,-0.07312499999999998,0.8999999999999998,0.09375
relative_oracle_additive,97,direct_success,0.01,leave_one_level,0.1,0.1,0.003125,0.0006250000000000012,7,5,0.40106382978723404,-0.09320543672034937,-0.03874999999999999,-0.3,-0.1484375
relative_oracle_additive,97,direct_success,0.01,leave_one_level,0.2,0.2,0.0,-0.004999999999999999,15,15,0.40106382978723404,-0.09320543672034937,-0.105625,-0.3,-0.1484375
relative_oracle_additive,97,direct_success,0.01,leave_one_level,0.3,0.3,-0.009375,-0.01687499999999999,23,29,0.40106382978723404,-0.09320543672034937,-0.2624999999999999,-0.3,-0.1484375
relative_oracle_additive,97,direct_success,0.1,leave_one_level,0.1,0.1,0.003125,0.0006250000000000009,7,5,0.3916223404255319,-0.09696833046855861,-0.03874999999999999,-0.3,-0.1484375
relative_oracle_additive,97,direct_success,0.1,leave_one_level,0.2,0.2,0.0046875,-0.0003124999999999982,15,12,0.3916223404255319,-0.09696833046855861,-0.06812499999999999,-0.3,-0.1484375
relative_oracle_additive,97,direct_success,0.1,leave_one_level,0.3,0.3,-0.0109375,-0.01843749999999999,22,29,0.3916223404255319,-0.09696833046855861,-0.25999999999999995,-0.3,-0.1484375
relative_oracle_additive,97,direct_success,1.0,leave_one_level,0.1,0.1,0.0015625,-0.0009374999999999993,6,5,0.37486702127659577,-0.10648172090520765,-0.03874999999999999,-0.39999999999999997,-0.1171875
relative_oracle_additive,97,direct_success,1.0,leave_one_level,0.2,0.2,0.0046875,-0.00031249999999999887,14,11,0.37486702127659577,-0.10648172090520765,-0.06937499999999999,-0.39999999999999997,-0.1171875
relative_oracle_additive,97,direct_success,1.0,leave_one_level,0.3,0.3,-0.0125,-0.019999999999999997,19,27,0.37486702127659577,-0.10648172090520765,-0.259375,-0.39999999999999997,-0.1171875
relative_oracle_additive,97,direct_success,10.0,leave_one_level,0.1,0.1,0.0015625,-0.0009375000000000005,6,5,0.35651595744680853,-0.11303424001973639,-0.033749999999999995,-0.39999999999999997,-0.1796875
relative_oracle_additive,97,direct_success,10.0,leave_one_level,0.2,0.2,-0.003125,-0.008124999999999997,11,13,0.35651595744680853,-0.11303424001973639,-0.15624999999999994,-0.39999999999999997,-0.1796875
relative_oracle_additive,97,direct_success,10.0,leave_one_level,0.3,0.3,-0.0109375,-0.018437499999999992,17,24,0.35651595744680853,-0.11303424001973639,-0.28937499999999994,-0.39999999999999997,-0.1796875
relative_oracle_additive,97,direct_terminal_utility,0.01,leave_one_level,0.1,0.1,0.003125,0.0006250000000000008,7,5,0.3849734042553192,-0.10652114443460066,-0.03812499999999999,-0.39999999999999997,-0.1484375
relative_oracle_additive,97,direct_terminal_utility,0.01,leave_one_level,0.2,0.2,0.0,-0.0049999999999999975,15,15,0.3849734042553192,-0.10652114443460066,-0.079375,-0.39999999999999997,-0.1484375
relative_oracle_additive,97,direct_terminal_utility,0.01,leave_one_level,0.3,0.3,-0.0171875,-0.024687499999999994,21,32,0.3849734042553192,-0.10652114443460066,-0.23499999999999996,-0.39999999999999997,-0.1484375
relative_oracle_additive,97,direct_terminal_utility,0.1,leave_one_level,0.1,0.1,0.003125,0.0006250000000000009,7,5,0.37460106382978725,-0.10985736060948355,-0.03812499999999999,-0.39999999999999997,-0.140625
relative_oracle_additive,97,direct_terminal_utility,0.1,leave_one_level,0.2,0.2,0.0046875,-0.0003124999999999975,15,12,0.37460106382978725,-0.10985736060948355,-0.06812499999999999,-0.39999999999999997,-0.140625
relative_oracle_additive,97,direct_terminal_utility,0.1,leave_one_level,0.3,0.3,-0.0109375,-0.01843749999999999,21,28,0.37460106382978725,-0.10985736060948355,-0.23374999999999996,-0.39999999999999997,-0.140625
relative_oracle_additive,97,direct_terminal_utility,1.0,leave_one_level,0.1,0.1,0.0,-0.0024999999999999988,5,5,0.3646276595744681,-0.11546042972446408,-0.03874999999999999,-0.39999999999999997,-0.1328125
relative_oracle_additive,97,direct_terminal_utility,1.0,leave_one_level,0.2,0.2,0.00625,0.0012500000000000018,13,9,0.3646276595744681,-0.11546042972446408,-0.06937499999999999,-0.39999999999999997,-0.1328125
relative_oracle_additive,97,direct_terminal_utility,1.0,leave_one_level,0.3,0.3,-0.0109375,-0.018437499999999996,19,26,0.3646276595744681,-0.11546042972446408,-0.18249999999999997,-0.39999999999999997,-0.1328125
relative_oracle_additive,97,direct_terminal_utility,10.0,leave_one_level,0.1,0.1,0.0,-0.0024999999999999996,5,5,0.34547872340425534,-0.12354841317649738,-0.034999999999999996,-0.3,-0.1953125
relative_oracle_additive,97,direct_terminal_utility,10.0,leave_one_level,0.2,0.2,-0.0046875,-0.009687499999999996,11,14,0.34547872340425534,-0.12354841317649738,-0.15624999999999994,-0.3,-0.1953125
relative_oracle_additive,97,direct_terminal_utility,10.0,leave_one_level,0.3,0.3,-0.01875,-0.026249999999999996,16,28,0.34547872340425534,-0.12354841317649738,-0.28812499999999996,-0.3,-0.1953125
relative_oracle_additive,97,direct_grounded,0.01,leave_one_level,0.1,0.1,0.0015625,-0.0009374999999999986,7,6,0.39002659574468085,-0.10443046539147796,-0.06499999999999997,-0.39999999999999997,-0.1328125
relative_oracle_additive,97,direct_grounded,0.01,leave_one_level,0.2,0.2,0.0015625,-0.0034374999999999974,16,15,0.39002659574468085,-0.10443046539147796,-0.13124999999999998,-0.39999999999999997,-0.1328125
relative_oracle_additive,97,direct_grounded,0.01,leave_one_level,0.3,0.3,-0.0140625,-0.02156249999999999,21,30,0.39002659574468085,-0.10443046539147796,-0.260625,-0.39999999999999997,-0.1328125
relative_oracle_additive,97,direct_grounded,0.1,leave_one_level,0.1,0.1,0.0015625,-0.0009374999999999986,7,6,0.3793882978723404,-0.10805414480151816,-0.06437499999999999,-0.39999999999999997,-0.125
relative_oracle_additive,97,direct_grounded,0.1,leave_one_level,0.2,0.2,0.003125,-0.0018749999999999978,15,13,0.3793882978723404,-0.10805414480151816,-0.06812499999999999,-0.39999999999999997,-0.125
relative_oracle_additive,97,direct_grounded,0.1,leave_one_level,0.3,0.3,-0.0078125,-0.01531249999999999,22,27,0.3793882978723404,-0.10805414480151816,-0.23499999999999996,-0.39999999999999997,-0.125
relative_oracle_additive,97,direct_grounded,1.0,leave_one_level,0.1,0.1,0.0,-0.0024999999999999988,6,6,0.36476063829787236,-0.11571257604787351,-0.06437499999999999,-0.39999999999999997,-0.15625
relative_oracle_additive,97,direct_grounded,1.0,leave_one_level,0.2,0.2,0.0015625,-0.003437499999999997,13,12,0.36476063829787236,-0.11571257604787351,-0.06874999999999999,-0.39999999999999997,-0.15625
relative_oracle_additive,97,direct_grounded,1.0,leave_one_level,0.3,0.3,-0.0109375,-0.018437499999999992,20,27,0.36476063829787236,-0.11571257604787351,-0.23437499999999994,-0.39999999999999997,-0.15625
relative_oracle_additive,97,direct_grounded,10.0,leave_one_level,0.1,0.1,0.0,-0.0024999999999999988,5,5,0.34667553191489364,-0.12309545325024235,-0.034999999999999996,-0.7,-0.1875
relative_oracle_additive,97,direct_grounded,10.0,leave_one_level,0.2,0.2,-0.009375,-0.014374999999999999,11,17,0.34667553191489364,-0.12309545325024235,-0.20749999999999996,-0.7,-0.1875
relative_oracle_additive,97,direct_grounded,10.0,leave_one_level,0.3,0.3,-0.0140625,-0.02156249999999999,16,25,0.34667553191489364,-0.12309545325024235,-0.28937499999999994,-0.7,-0.1875
relative_oracle_additive,97,ridge_potential_success,0.01,leave_one_level,0.1,0.1,-0.0015625,-0.004062499999999998,8,9,0.3993351063829787,-0.09247726349203521,-0.07812499999999999,-0.9999999999999999,-0.1484375
relative_oracle_additive,97,ridge_potential_success,0.01,leave_one_level,0.2,0.2,-0.0140625,-0.019062499999999993,15,24,0.3993351063829787,-0.09247726349203521,-0.2587499999999999,-0.9999999999999999,-0.1484375
relative_oracle_additive,97,ridge_potential_success,0.01,leave_one_level,0.3,0.3,-0.0234375,-0.03093749999999999,21,36,0.3993351063829787,-0.09247726349203521,-0.2899999999999999,-0.9999999999999999,-0.1484375
relative_oracle_additive,97,ridge_potential_success,0.1,leave_one_level,0.1,0.1,0.0015625,-0.000937499999999998,8,7,0.3883643617021277,-0.1030282522095057,-0.033749999999999995,-0.8999999999999998,-0.1484375
relative_oracle_additive,97,ridge_potential_success,0.1,leave_one_level,0.2,0.2,-0.0125,-0.017499999999999995,13,21,0.3883643617021277,-0.1030282522095057,-0.20749999999999996,-0.8999999999999998,-0.1484375
relative_oracle_additive,97,ridge_potential_success,0.1,leave_one_level,0.3,0.3,-0.025,-0.03249999999999999,20,36,0.3883643617021277,-0.1030282522095057,-0.28937499999999994,-0.8999999999999998,-0.1484375
relative_oracle_additive,97,ridge_potential_success,1.0,leave_one_level,0.1,0.1,0.0046875,0.002187500000000001,8,5,0.37898936170212766,-0.11161476065340013,-0.033749999999999995,-0.5642880936468347,-0.140625
relative_oracle_additive,97,ridge_potential_success,1.0,leave_one_level,0.2,0.2,-0.0046875,-0.009687499999999996,15,18,0.37898936170212766,-0.11161476065340013,-0.18124999999999997,-0.5642880936468347,-0.140625
relative_oracle_additive,97,ridge_potential_success,1.0,leave_one_level,0.3,0.3,-0.025,-0.032499999999999994,19,35,0.37898936170212766,-0.11161476065340013,-0.28874999999999995,-0.5642880936468347,-0.140625
relative_oracle_additive,97,ridge_potential_success,10.0,leave_one_level,0.1,0.1,-0.0015625,-0.004062499999999998,7,8,0.36003989361702127,-0.12071545707550178,-0.12999999999999998,-0.3,-0.1875
relative_oracle_additive,97,ridge_potential_success,10.0,leave_one_level,0.2,0.2,-0.00625,-0.011249999999999993,13,17,0.36003989361702127,-0.12071545707550178,-0.28624999999999995,-0.3,-0.1875
relative_oracle_additive,97,ridge_potential_success,10.0,leave_one_level,0.3,0.3,-0.015625,-0.023124999999999996,19,29,0.36003989361702127,-0.12071545707550178,-0.29062499999999997,-0.3,-0.1875
relative_oracle_additive,97,direct_success,0.01,leave_one_cell,0.1,0.1,0.003125,0.0006250000000000011,7,5,0.39481382978723406,-0.07707094665449837,-0.07312499999999998,-0.7,-0.078125
relative_oracle_additive,97,direct_success,0.01,leave_one_cell,0.2,0.2,-0.0046875,-0.009687499999999996,10,13,0.39481382978723406,-0.07707094665449837,-0.16749999999999998,-0.7,-0.078125
relative_oracle_additive,97,direct_success,0.01,leave_one_cell,0.3,0.3,-0.01875,-0.026249999999999996,14,26,0.39481382978723406,-0.07707094665449837,-0.24812499999999998,-0.7,-0.078125
relative_oracle_additive,97,direct_success,0.1,leave_one_cell,0.1,0.1,0.0015625,-0.0009374999999999991,6,5,0.3901595744680851,-0.07445749518515388,-0.07249999999999998,-0.3,-0.125
relative_oracle_additive,97,direct_success,0.1,leave_one_cell,0.2,0.2,-0.00625,-0.011249999999999996,9,13,0.3901595744680851,-0.07445749518515388,-0.168125,-0.3,-0.125
relative_oracle_additive,97,direct_success,0.1,leave_one_cell,0.3,0.3,-0.021875,-0.029374999999999995,11,25,0.3901595744680851,-0.07445749518515388,-0.24937499999999996,-0.3,-0.125
relative_oracle_additive,97,direct_success,1.0,leave_one_cell,0.1,0.1,0.0015625,-0.0009374999999999991,6,5,0.3946808510638298,-0.06977430842267673,-0.07249999999999998,-0.3,-0.125
relative_oracle_additive,97,direct_success,1.0,leave_one_cell,0.2,0.2,-0.0078125,-0.012812499999999996,8,13,0.3946808510638298,-0.06977430842267673,-0.168125,-0.3,-0.125
relative_oracle_additive,97,direct_success,1.0,leave_one_cell,0.3,0.3,-0.0171875,-0.024687499999999994,11,22,0.3946808510638298,-0.06977430842267673,-0.24937499999999996,-0.3,-0.125
relative_oracle_additive,97,direct_success,10.0,leave_one_cell,0.1,0.1,0.003125,0.0006250000000000006,6,4,0.42925531914893617,-0.03821330917299074,-0.046874999999999986,-0.41039134083406165,-0.0703125
relative_oracle_additive,97,direct_success,10.0,leave_one_cell,0.2,0.2,-0.0046875,-0.009687499999999996,9,12,0.42925531914893617,-0.03821330917299074,-0.13749999999999998,-0.41039134083406165,-0.0703125
relative_oracle_additive,97,direct_success,10.0,leave_one_cell,0.3,0.3,-0.0125,-0.019999999999999997,9,17,0.42925531914893617,-0.03821330917299074,-0.221875,-0.41039134083406165,-0.0703125
relative_oracle_additive,97,direct_terminal_utility,0.01,leave_one_cell,0.1,0.1,0.003125,0.0006250000000000006,6,4,0.38430851063829785,-0.08609400694432195,-0.07312499999999998,-0.6,-0.109375
relative_oracle_additive,97,direct_terminal_utility,0.01,leave_one_cell,0.2,0.2,-0.00625,-0.011249999999999996,9,13,0.38430851063829785,-0.08609400694432195,-0.168125,-0.6,-0.109375
relative_oracle_additive,97,direct_terminal_utility,0.01,leave_one_cell,0.3,0.3,-0.0171875,-0.024687499999999998,14,25,0.38430851063829785,-0.08609400694432195,-0.24874999999999997,-0.6,-0.109375
relative_oracle_additive,97,direct_terminal_utility,0.1,leave_one_cell,0.1,0.1,0.0015625,-0.0009374999999999997,6,5,0.381781914893617,-0.08332778929857956,-0.07249999999999998,-0.6668859288553501,-0.1328125
relative_oracle_additive,97,direct_terminal_utility,0.1,leave_one_cell,0.2,0.2,-0.009375,-0.014374999999999999,8,14,0.381781914893617,-0.08332778929857956,-0.19374999999999995,-0.6668859288553501,-0.1328125
relative_oracle_additive,97,direct_terminal_utility,0.1,leave_one_cell,0.3,0.3,-0.015625,-0.023124999999999996,13,23,0.381781914893617,-0.08332778929857956,-0.24937499999999996,-0.6668859288553501,-0.1328125
relative_oracle_additive,97,direct_terminal_utility,1.0,leave_one_cell,0.1,0.1,0.0015625,-0.0009374999999999991,6,5,0.38324468085106383,-0.08094307643206737,-0.07249999999999998,-0.41039134083406165,-0.1484375
relative_oracle_additive,97,direct_terminal_utility,1.0,leave_one_cell,0.2,0.2,-0.009375,-0.014374999999999994,7,13,0.38324468085106383,-0.08094307643206737,-0.19499999999999998,-0.41039134083406165,-0.1484375
relative_oracle_additive,97,direct_terminal_utility,1.0,leave_one_cell,0.3,0.3,-0.0125,-0.019999999999999993,11,19,0.38324468085106383,-0.08094307643206737,-0.24937499999999996,-0.41039134083406165,-0.1484375
relative_oracle_additive,97,direct_terminal_utility,10.0,leave_one_cell,0.1,0.1,0.003125,0.0006250000000000006,6,4,0.4152925531914894,-0.04887983784438512,-0.071875,-0.3,-0.09375
relative_oracle_additive,97,direct_terminal_utility,10.0,leave_one_cell,0.2,0.2,-0.003125,-0.008124999999999997,9,11,0.4152925531914894,-0.04887983784438512,-0.13937499999999997,-0.3,-0.09375
relative_oracle_additive,97,direct_terminal_utility,10.0,leave_one_cell,0.3,0.3,-0.0125,-0.01999999999999999,10,18,0.4152925531914894,-0.04887983784438512,-0.24874999999999997,-0.3,-0.09375
relative_oracle_additive,97,direct_grounded,0.01,leave_one_cell,0.1,0.1,0.0015625,-0.0009374999999999997,6,5,0.38683510638297874,-0.0837573415042575,-0.07312499999999998,-0.7,-0.09375
relative_oracle_additive,97,direct_grounded,0.01,leave_one_cell,0.2,0.2,-0.00625,-0.011249999999999996,9,13,0.38683510638297874,-0.0837573415042575,-0.168125,-0.7,-0.09375
relative_oracle_additive,97,direct_grounded,0.01,leave_one_cell,0.3,0.3,-0.01875,-0.026249999999999996,14,26,0.38683510638297874,-0.0837573415042575,-0.24937499999999996,-0.7,-0.09375
relative_oracle_additive,97,direct_grounded,0.1,leave_one_cell,0.1,0.1,0.0015625,-0.0009374999999999997,6,5,0.3828457446808511,-0.08156646099059425,-0.07312499999999998,-0.35909242322980395,-0.1328125
relative_oracle_additive,97,direct_grounded,0.1,leave_one_cell,0.2,0.2,-0.0078125,-0.012812499999999996,8,13,0.3828457446808511,-0.08156646099059425,-0.168125,-0.35909242322980395,-0.1328125
relative_oracle_additive,97,direct_grounded,0.1,leave_one_cell,0.3,0.3,-0.0140625,-0.02156249999999999,13,22,0.3828457446808511,-0.08156646099059425,-0.24937499999999996,-0.35909242322980395,-0.1328125
relative_oracle_additive,97,direct_grounded,1.0,leave_one_cell,0.1,0.1,0.003125,0.0006250000000000006,6,4,0.3849734042553192,-0.07805324959520737,-0.07249999999999998,-0.3,-0.1484375
relative_oracle_additive,97,direct_grounded,1.0,leave_one_cell,0.2,0.2,-0.0109375,-0.015937499999999993,7,14,0.3849734042553192,-0.07805324959520737,-0.19499999999999998,-0.3,-0.1484375
relative_oracle_additive,97,direct_grounded,1.0,leave_one_cell,0.3,0.3,-0.015625,-0.023124999999999996,11,21,0.3849734042553192,-0.07805324959520737,-0.24937499999999996,-0.3,-0.1484375
relative_oracle_additive,97,direct_grounded,10.0,leave_one_cell,0.1,0.1,0.003125,0.0006250000000000006,6,4,0.42486702127659576,-0.04348990218518549,-0.07249999999999998,-0.3,-0.0703125
relative_oracle_additive,97,direct_grounded,10.0,leave_one_cell,0.2,0.2,-0.003125,-0.008124999999999997,9,11,0.42486702127659576,-0.04348990218518549,-0.14062499999999997,-0.3,-0.0703125
relative_oracle_additive,97,direct_grounded,10.0,leave_one_cell,0.3,0.3,-0.0125,-0.019999999999999993,10,18,0.42486702127659576,-0.04348990218518549,-0.24937499999999996,-0.3,-0.0703125
relative_oracle_additive,97,ridge_potential_success,0.01,leave_one_cell,0.1,0.1,-0.0046875,-0.007187499999999998,7,10,0.3961436170212766,-0.08731088314428863,-0.16562499999999997,-0.8720815992723809,-0.140625
relative_oracle_additive,97,ridge_potential_success,0.01,leave_one_cell,0.2,0.2,-0.0125,-0.017499999999999998,12,20,0.3961436170212766,-0.08731088314428863,-0.22249999999999998,-0.8720815992723809,-0.140625
relative_oracle_additive,97,ridge_potential_success,0.01,leave_one_cell,0.3,0.3,-0.03125,-0.03874999999999999,14,34,0.3961436170212766,-0.08731088314428863,-0.28687499999999994,-0.8720815992723809,-0.140625
relative_oracle_additive,97,ridge_potential_success,0.1,leave_one_cell,0.1,0.1,-0.003125,-0.005625,7,9,0.3928191489361702,-0.08065996090171866,-0.16624999999999998,-0.39999999999999997,-0.1875
relative_oracle_additive,97,ridge_potential_success,0.1,leave_one_cell,0.2,0.2,-0.015625,-0.020624999999999998,8,18,0.3928191489361702,-0.08065996090171866,-0.24812499999999998,-0.39999999999999997,-0.1875
relative_oracle_additive,97,ridge_potential_success,0.1,leave_one_cell,0.3,0.3,-0.0265625,-0.034062499999999996,13,30,0.3928191489361702,-0.08065996090171866,-0.260625,-0.39999999999999997,-0.1875
relative_oracle_additive,97,ridge_potential_success,1.0,leave_one_cell,0.1,0.1,-0.003125,-0.005625,7,9,0.39547872340425533,-0.07237627591689941,-0.16562499999999997,-0.3,-0.1953125
relative_oracle_additive,97,ridge_potential_success,1.0,leave_one_cell,0.2,0.2,-0.0109375,-0.0159375,9,16,0.39547872340425533,-0.07237627591689941,-0.220625,-0.3,-0.1953125
relative_oracle_additive,97,ridge_potential_success,1.0,leave_one_cell,0.3,0.3,-0.025,-0.032499999999999994,10,26,0.39547872340425533,-0.07237627591689941,-0.24999999999999994,-0.3,-0.1953125
relative_oracle_additive,97,ridge_potential_success,10.0,leave_one_cell,0.1,0.1,0.00625,0.00375,8,4,0.4348404255319149,-0.030481219441822537,-0.041249999999999995,-0.3,-0.09375
relative_oracle_additive,97,ridge_potential_success,10.0,leave_one_cell,0.2,0.2,-0.0046875,-0.009687499999999998,9,12,0.4348404255319149,-0.030481219441822537,-0.11312499999999999,-0.3,-0.09375
relative_oracle_additive,97,ridge_potential_success,10.0,leave_one_cell,0.3,0.3,-0.0140625,-0.021562499999999995,12,21,0.4348404255319149,-0.030481219441822537,-0.20937499999999995,-0.3,-0.09375
relative_oracle_additive,97,direct_success,0.01,within_cell_grouped5,0.1,0.1,0.0234375,0.020937499999999998,20,5,0.8003989361702127,0.3105145013228143,-0.05437499999999999,0.9999999999999999,0.4765625
relative_oracle_additive,97,direct_success,0.01,within_cell_grouped5,0.2,0.2,0.0328125,0.027812499999999997,27,6,0.8003989361702127,0.3105145013228143,-0.05874999999999998,0.9999999999999999,0.4765625
relative_oracle_additive,97,direct_success,0.01,within_cell_grouped5,0.3,0.3,0.040625,0.033125,37,11,0.8003989361702127,0.3105145013228143,-0.038124999999999985,0.9999999999999999,0.4765625
relative_oracle_additive,97,direct_success,0.1,within_cell_grouped5,0.1,0.1,0.0234375,0.020937499999999998,19,4,0.7996010638297872,0.3097227454408381,-0.05499999999999999,0.9999999999999999,0.453125
relative_oracle_additive,97,direct_success,0.1,within_cell_grouped5,0.2,0.2,0.028125,0.023125,25,7,0.7996010638297872,0.3097227454408381,-0.08499999999999999,0.9999999999999999,0.453125
relative_oracle_additive,97,direct_success,0.1,within_cell_grouped5,0.3,0.3,0.0390625,0.03156250000000001,35,10,0.7996010638297872,0.3097227454408381,-0.0625,0.9999999999999999,0.453125
relative_oracle_additive,97,direct_success,1.0,within_cell_grouped5,0.1,0.1,0.0203125,0.0178125,19,6,0.7958776595744681,0.3069696689715601,-0.08187499999999999,0.9999999999999999,0.4609375
relative_oracle_additive,97,direct_success,1.0,within_cell_grouped5,0.2,0.2,0.028125,0.023124999999999996,24,6,0.7958776595744681,0.3069696689715601,-0.08499999999999999,0.9999999999999999,0.4609375
relative_oracle_additive,97,direct_success,1.0,within_cell_grouped5,0.3,0.3,0.034375,0.026875,31,9,0.7958776595744681,0.3069696689715601,-0.063125,0.9999999999999999,0.4609375
relative_oracle_additive,97,direct_success,10.0,within_cell_grouped5,0.1,0.1,0.021875,0.019375,19,5,0.8025265957446809,0.3138593413947518,-0.081875,0.8999999999999998,0.4921875
relative_oracle_additive,97,direct_success,10.0,within_cell_grouped5,0.2,0.2,0.03125,0.026250000000000002,26,6,0.8025265957446809,0.3138593413947518,-0.059375,0.8999999999999998,0.4921875
relative_oracle_additive,97,direct_success,10.0,within_cell_grouped5,0.3,0.3,0.0375,0.03,33,9,0.8025265957446809,0.3138593413947518,-0.033125,0.8999999999999998,0.4921875
relative_oracle_additive,97,direct_terminal_utility,0.01,within_cell_grouped5,0.1,0.1,0.0234375,0.020937499999999998,19,4,0.7961436170212766,0.3085437355149286,-0.05625,0.9999999999999999,0.4765625
relative_oracle_additive,97,direct_terminal_utility,0.01,within_cell_grouped5,0.2,0.2,0.0328125,0.0278125,27,6,0.7961436170212766,0.3085437355149286,-0.03437499999999998,0.9999999999999999,0.4765625
relative_oracle_additive,97,direct_terminal_utility,0.01,within_cell_grouped5,0.3,0.3,0.0421875,0.0346875,37,10,0.7961436170212766,0.3085437355149286,-0.034375,0.9999999999999999,0.4765625
relative_oracle_additive,97,direct_terminal_utility,0.1,within_cell_grouped5,0.1,0.1,0.025,0.0225,20,4,0.79375,0.30595944103086437,-0.055624999999999994,0.9999999999999999,0.484375
relative_oracle_additive,97,direct_terminal_utility,0.1,within_cell_grouped5,0.2,0.2,0.0328125,0.027812499999999997,26,5,0.79375,0.30595944103086437,-0.03499999999999999,0.9999999999999999,0.484375
relative_oracle_additive,97,direct_terminal_utility,0.1,within_cell_grouped5,0.3,0.3,0.04375,0.036250000000000004,37,9,0.79375,0.30595944103086437,-0.0375,0.9999999999999999,0.484375
relative_oracle_additive,97,direct_terminal_utility,1.0,within_cell_grouped5,0.1,0.1,0.01875,0.01625,18,6,0.7912234042553191,0.3028638726499846,-0.08249999999999999,0.9999999999999999,0.4609375
relative_oracle_additive,97,direct_terminal_utility,1.0,within_cell_grouped5,0.2,0.2,0.028125,0.023125,24,6,0.7912234042553191,0.3028638726499846,-0.08562499999999999,0.9999999999999999,0.4609375
relative_oracle_additive,97,direct_terminal_utility,1.0,within_cell_grouped5,0.3,0.3,0.0328125,0.025312499999999998,31,10,0.7912234042553191,0.3028638726499846,-0.038125,0.9999999999999999,0.4609375
relative_oracle_additive,97,direct_terminal_utility,10.0,within_cell_grouped5,0.1,0.1,0.01875,0.01625,17,5,0.8,0.308321156838564,-0.081875,0.9999999999999999,0.4921875
relative_oracle_additive,97,direct_terminal_utility,10.0,within_cell_grouped5,0.2,0.2,0.03125,0.026250000000000002,26,6,0.8,0.308321156838564,-0.060625,0.9999999999999999,0.4921875
relative_oracle_additive,97,direct_terminal_utility,10.0,within_cell_grouped5,0.3,0.3,0.034375,0.026875,31,9,0.8,0.308321156838564,-0.0325,0.9999999999999999,0.4921875
relative_oracle_additive,97,direct_grounded,0.01,within_cell_grouped5,0.1,0.1,0.025,0.0225,20,4,0.7985372340425532,0.30725343625083673,-0.05625,0.9999999999999999,0.4765625
relative_oracle_additive,97,direct_grounded,0.01,within_cell_grouped5,0.2,0.2,0.0328125,0.0278125,27,6,0.7985372340425532,0.30725343625083673,-0.034374999999999996,0.9999999999999999,0.4765625
relative_oracle_additive,97,direct_grounded,0.01,within_cell_grouped5,0.3,0.3,0.0375,0.03,34,10,0.7985372340425532,0.30725343625083673,-0.034375,0.9999999999999999,0.4765625
relative_oracle_additive,97,direct_grounded,0.1,within_cell_grouped5,0.1,0.1,0.0234375,0.020937499999999998,19,4,0.7949468085106383,0.30430734875223886,-0.055624999999999994,0.9999999999999999,0.4765625
relative_oracle_additive,97,direct_grounded,0.1,within_cell_grouped5,0.2,0.2,0.03125,0.026249999999999996,26,6,0.7949468085106383,0.30430734875223886,-0.061250000000000006,0.9999999999999999,0.4765625
relative_oracle_additive,97,direct_grounded,0.1,within_cell_grouped5,0.3,0.3,0.0375,0.03,34,10,0.7949468085106383,0.30430734875223886,-0.034375,0.9999999999999999,0.4765625
relative_oracle_additive,97,direct_grounded,1.0,within_cell_grouped5,0.1,0.1,0.0171875,0.014687499999999997,17,6,0.7904255319148936,0.29945538000454786,-0.08187499999999999,0.9999999999999999,0.4609375
relative_oracle_additive,97,direct_grounded,1.0,within_cell_grouped5,0.2,0.2,0.0296875,0.0246875,25,6,0.7904255319148936,0.29945538000454786,-0.061250000000000006,0.9999999999999999,0.4609375
relative_oracle_additive,97,direct_grounded,1.0,within_cell_grouped5,0.3,0.3,0.034375,0.026875,32,10,0.7904255319148936,0.29945538000454786,-0.034375,0.9999999999999999,0.4609375
relative_oracle_additive,97,direct_grounded,10.0,within_cell_grouped5,0.1,0.1,0.01875,0.016249999999999997,17,5,0.8013297872340426,0.30869403772073944,-0.08249999999999999,0.8999999999999998,0.4765625
relative_oracle_additive,97,direct_grounded,10.0,within_cell_grouped5,0.2,0.2,0.0296875,0.0246875,25,6,0.8013297872340426,0.30869403772073944,-0.036875000000000005,0.8999999999999998,0.4765625
relative_oracle_additive,97,direct_grounded,10.0,within_cell_grouped5,0.3,0.3,0.0375,0.030000000000000006,33,9,0.8013297872340426,0.30869403772073944,-0.034375,0.8999999999999998,0.4765625
relative_oracle_additive,97,ridge_potential_success,0.01,within_cell_grouped5,0.1,0.1,0.0203125,0.017812500000000002,18,5,0.8081117021276596,0.3278769805694179,-0.05624999999999999,0.9999999999999999,0.515625
relative_oracle_additive,97,ridge_potential_success,0.01,within_cell_grouped5,0.2,0.2,0.0375,0.0325,32,8,0.8081117021276596,0.3278769805694179,-0.035625000000000004,0.9999999999999999,0.515625
relative_oracle_additive,97,ridge_potential_success,0.01,within_cell_grouped5,0.3,0.3,0.0421875,0.034687499999999996,39,12,0.8081117021276596,0.3278769805694179,-0.026249999999999996,0.9999999999999999,0.515625
relative_oracle_additive,97,ridge_potential_success,0.1,within_cell_grouped5,0.1,0.1,0.0203125,0.0178125,18,5,0.8110372340425532,0.3287482987480478,-0.08249999999999999,0.9999999999999999,0.5
relative_oracle_additive,97,ridge_potential_success,0.1,within_cell_grouped5,0.2,0.2,0.034375,0.029375000000000002,29,7,0.8110372340425532,0.3287482987480478,-0.060625,0.9999999999999999,0.5
relative_oracle_additive,97,ridge_potential_success,0.1,within_cell_grouped5,0.3,0.3,0.0421875,0.034687499999999996,37,10,0.8110372340425532,0.3287482987480478,-0.03874999999999999,0.9999999999999999,0.5
relative_oracle_additive,97,ridge_potential_success,1.0,within_cell_grouped5,0.1,0.1,0.021875,0.019374999999999996,18,4,0.8089095744680851,0.3262790268060448,-0.08187499999999999,0.9999999999999999,0.5234375
relative_oracle_additive,97,ridge_potential_success,1.0,within_cell_grouped5,0.2,0.2,0.034375,0.029374999999999995,28,6,0.8089095744680851,0.3262790268060448,-0.061250000000000006,0.9999999999999999,0.5234375
relative_oracle_additive,97,ridge_potential_success,1.0,within_cell_grouped5,0.3,0.3,0.046875,0.03937500000000001,38,8,0.8089095744680851,0.3262790268060448,-0.014375000000000004,0.9999999999999999,0.5234375
relative_oracle_additive,97,ridge_potential_success,10.0,within_cell_grouped5,0.1,0.1,0.021875,0.019374999999999996,18,4,0.8099734042553192,0.3281334191454634,-0.08249999999999999,0.9999999999999999,0.4921875
relative_oracle_additive,97,ridge_potential_success,10.0,within_cell_grouped5,0.2,0.2,0.034375,0.029374999999999995,27,5,0.8099734042553192,0.3281334191454634,-0.060625,0.9999999999999999,0.4921875
relative_oracle_additive,97,ridge_potential_success,10.0,within_cell_grouped5,0.3,0.3,0.040625,0.033125,36,10,0.8099734042553192,0.3281334191454634,-0.029999999999999992,0.9999999999999999,0.4921875
relative_oracle_interactions,172,direct_success,0.01,leave_one_task,0.1,0.1,0.0046875,0.0021874999999999993,7,4,0.4589095744680851,-0.030347493735557618,-0.031874999999999994,-0.8720815992723809,-0.03125
relative_oracle_interactions,172,direct_success,0.01,leave_one_task,0.2,0.2,-0.003125,-0.008124999999999997,12,14,0.4589095744680851,-0.030347493735557618,-0.13249999999999998,-0.8720815992723809,-0.03125
relative_oracle_interactions,172,direct_success,0.01,leave_one_task,0.3,0.3,-0.009375,-0.016874999999999998,19,25,0.4589095744680851,-0.030347493735557618,-0.26375,-0.8720815992723809,-0.03125
relative_oracle_interactions,172,direct_success,0.1,leave_one_task,0.1,0.1,0.0015625,-0.0009375,6,5,0.4740691489361702,-0.01699318381544235,-0.031874999999999994,-0.41039134083406165,-0.0234375
relative_oracle_interactions,172,direct_success,0.1,leave_one_task,0.2,0.2,-0.0015625,-0.006562499999999996,12,13,0.4740691489361702,-0.01699318381544235,-0.13249999999999998,-0.41039134083406165,-0.0234375
relative_oracle_interactions,172,direct_success,0.1,leave_one_task,0.3,0.3,-0.00625,-0.013749999999999995,19,23,0.4740691489361702,-0.01699318381544235,-0.2375,-0.41039134083406165,-0.0234375
relative_oracle_interactions,172,direct_success,1.0,leave_one_task,0.1,0.1,0.0046875,0.0021874999999999993,7,4,0.49867021276595747,0.003716078307055046,-0.026875,0.09999999999999999,0.03125
relative_oracle_interactions,172,direct_success,1.0,leave_one_task,0.2,0.2,0.0046875,-0.00031249999999999887,12,9,0.49867021276595747,0.003716078307055046,-0.05437499999999999,0.09999999999999999,0.03125
relative_oracle_interactions,172,direct_success,1.0,leave_one_task,0.3,0.3,0.0015625,-0.005937499999999996,21,20,0.49867021276595747,0.003716078307055046,-0.18624999999999997,0.09999999999999999,0.03125
relative_oracle_interactions,172,direct_success,10.0,leave_one_task,0.1,0.1,0.00625,0.0037500000000000007,8,4,0.5554521276595744,0.046745217992459814,-0.031874999999999994,0.8720815992723809,0.0859375
relative_oracle_interactions,172,direct_success,10.0,leave_one_task,0.2,0.2,0.009375,0.004375000000000002,14,8,0.5554521276595744,0.046745217992459814,-0.030624999999999993,0.8720815992723809,0.0859375
relative_oracle_interactions,172,direct_success,10.0,leave_one_task,0.3,0.3,0.009375,0.0018750000000000045,23,17,0.5554521276595744,0.046745217992459814,-0.08062499999999999,0.8720815992723809,0.0859375
relative_oracle_interactions,172,direct_terminal_utility,0.01,leave_one_task,0.1,0.1,0.00625,0.0037500000000000007,7,3,0.4444148936170213,-0.04305090475892382,-0.031249999999999993,-0.39999999999999997,-0.0390625
relative_oracle_interactions,172,direct_terminal_utility,0.01,leave_one_task,0.2,0.2,0.0015625,-0.0034374999999999983,13,12,0.4444148936170213,-0.04305090475892382,-0.09124999999999997,-0.39999999999999997,-0.0390625
relative_oracle_interactions,172,direct_terminal_utility,0.01,leave_one_task,0.3,0.3,-0.0109375,-0.018437499999999996,19,26,0.4444148936170213,-0.04305090475892382,-0.21312499999999995,-0.39999999999999997,-0.0390625
relative_oracle_interactions,172,direct_terminal_utility,0.1,leave_one_task,0.1,0.1,0.003125,0.000625,7,5,0.4566489361702128,-0.030401701088472993,-0.031249999999999993,-0.3354101966249684,0.0
relative_oracle_interactions,172,direct_terminal_utility,0.1,leave_one_task,0.2,0.2,0.003125,-0.0018749999999999982,13,11,0.4566489361702128,-0.030401701088472993,-0.06562499999999998,-0.3354101966249684,0.0
relative_oracle_interactions,172,direct_terminal_utility,0.1,leave_one_task,0.3,0.3,-0.009375,-0.016874999999999994,19,25,0.4566489361702128,-0.030401701088472993,-0.18749999999999994,-0.3354101966249684,0.0
relative_oracle_interactions,172,direct_terminal_utility,1.0,leave_one_task,0.1,0.1,0.00625,0.0037500000000000007,8,4,0.48125,-0.009839455877670338,-0.026875,0.0,0.0234375
relative_oracle_interactions,172,direct_terminal_utility,1.0,leave_one_task,0.2,0.2,0.00625,0.00125,12,8,0.48125,-0.009839455877670338,-0.029375000000000002,0.0,0.0234375
relative_oracle_interactions,172,direct_terminal_utility,1.0,leave_one_task,0.3,0.3,-0.003125,-0.010624999999999999,20,22,0.48125,-0.009839455877670338,-0.15999999999999998,0.0,0.0234375
relative_oracle_interactions,172,direct_terminal_utility,10.0,leave_one_task,0.1,0.1,0.0046875,0.0021875,7,4,0.530718085106383,0.030835770573560538,-0.031874999999999994,0.49999999999999994,0.078125
relative_oracle_interactions,172,direct_terminal_utility,10.0,leave_one_task,0.2,0.2,0.0078125,0.002812500000000001,13,8,0.530718085106383,0.030835770573560538,-0.03374999999999999,0.49999999999999994,0.078125
relative_oracle_interactions,172,direct_terminal_utility,10.0,leave_one_task,0.3,0.3,0.0125,0.005000000000000003,24,16,0.530718085106383,0.030835770573560538,-0.03625,0.49999999999999994,0.078125
relative_oracle_interactions,172,direct_grounded,0.01,leave_one_task,0.1,0.1,0.00625,0.0037500000000000007,7,3,0.44720744680851066,-0.04050521248072355,-0.031874999999999994,-0.39999999999999997,-0.0390625
relative_oracle_interactions,172,direct_grounded,0.01,leave_one_task,0.2,0.2,0.0015625,-0.0034374999999999987,13,12,0.44720744680851066,-0.04050521248072355,-0.09124999999999997,-0.39999999999999997,-0.0390625
relative_oracle_interactions,172,direct_grounded,0.01,leave_one_task,0.3,0.3,-0.0109375,-0.018437499999999996,18,25,0.44720744680851066,-0.04050521248072355,-0.16124999999999998,-0.39999999999999997,-0.0390625
relative_oracle_interactions,172,direct_grounded,0.1,leave_one_task,0.1,0.1,0.0015625,-0.0009375,6,5,0.46289893617021277,-0.028497462486438044,-0.031874999999999994,-0.39999999999999997,-0.015625
relative_oracle_interactions,172,direct_grounded,0.1,leave_one_task,0.2,0.2,0.003125,-0.0018749999999999995,13,11,0.46289893617021277,-0.028497462486438044,-0.09124999999999997,-0.39999999999999997,-0.015625
relative_oracle_interactions,172,direct_grounded,0.1,leave_one_task,0.3,0.3,-0.0109375,-0.018437499999999996,18,25,0.46289893617021277,-0.028497462486438044,-0.16124999999999998,-0.39999999999999997,-0.015625
relative_oracle_interactions,172,direct_grounded,1.0,leave_one_task,0.1,0.1,0.00625,0.003749999999999999,8,4,0.4857712765957447,-0.007357416172969191,-0.026875,0.0,0.0234375
relative_oracle_interactions,172,direct_grounded,1.0,leave_one_task,0.2,0.2,0.0046875,-0.00031249999999999854,11,8,0.4857712765957447,-0.007357416172969191,-0.029375000000000002,0.0,0.0234375
relative_oracle_interactions,172,direct_grounded,1.0,leave_one_task,0.3,0.3,-0.00625,-0.013749999999999995,18,22,0.4857712765957447,-0.007357416172969191,-0.13437499999999997,0.0,0.0234375
relative_oracle_interactions,172,direct_grounded,10.0,leave_one_task,0.1,0.1,0.0046875,0.0021875000000000006,7,4,0.54375,0.03880384079035677,-0.031874999999999994,0.7,0.046875
relative_oracle_interactions,172,direct_grounded,10.0,leave_one_task,0.2,0.2,0.00625,0.001250000000000002,12,8,0.54375,0.03880384079035677,-0.03374999999999999,0.7,0.046875
relative_oracle_interactions,172,direct_grounded,10.0,leave_one_task,0.3,0.3,0.015625,0.008125000000000002,26,16,0.54375,0.03880384079035677,-0.034999999999999996,0.7,0.046875
relative_oracle_interactions,172,ridge_potential_success,0.01,leave_one_task,0.1,0.1,-0.0015625,-0.004062499999999999,5,6,0.4271276595744681,-0.056248351029005265,-0.11187499999999999,-0.8720815992723809,-0.0625
relative_oracle_interactions,172,ridge_potential_success,0.01,leave_one_task,0.2,0.2,-0.0078125,-0.012812499999999994,11,16,0.4271276595744681,-0.056248351029005265,-0.11687499999999998,-0.8720815992723809,-0.0625
relative_oracle_interactions,172,ridge_potential_success,0.01,leave_one_task,0.3,0.3,-0.021875,-0.02937499999999999,17,31,0.4271276595744681,-0.056248351029005265,-0.18437499999999996,-0.8720815992723809,-0.0625
relative_oracle_interactions,172,ridge_potential_success,0.1,leave_one_task,0.1,0.1,-0.0015625,-0.004062499999999998,4,5,0.4466755319148936,-0.038087141403450056,-0.08437499999999998,-0.41039134083406165,-0.03125
relative_oracle_interactions,172,ridge_potential_success,0.1,leave_one_task,0.2,0.2,-0.0015625,-0.006562499999999997,12,13,0.4466755319148936,-0.038087141403450056,-0.09124999999999997,-0.41039134083406165,-0.03125
relative_oracle_interactions,172,ridge_potential_success,0.1,leave_one_task,0.3,0.3,-0.0140625,-0.021562499999999995,17,26,0.4466755319148936,-0.038087141403450056,-0.11999999999999997,-0.41039134083406165,-0.03125
relative_oracle_interactions,172,ridge_potential_success,1.0,leave_one_task,0.1,0.1,0.0,-0.002499999999999999,5,5,0.4834441489361702,-0.0074179218733416265,-0.03374999999999999,-0.09999999999999999,-0.015625
relative_oracle_interactions,172,ridge_potential_success,1.0,leave_one_task,0.2,0.2,0.0,-0.004999999999999997,13,13,0.4834441489361702,-0.0074179218733416265,-0.06624999999999998,-0.09999999999999999,-0.015625
relative_oracle_interactions,172,ridge_potential_success,1.0,leave_one_task,0.3,0.3,-0.003125,-0.010624999999999994,18,20,0.4834441489361702,-0.0074179218733416265,-0.10499999999999998,-0.09999999999999999,-0.015625
relative_oracle_interactions,172,ridge_potential_success,10.0,leave_one_task,0.1,0.1,0.0046875,0.0021875000000000006,8,5,0.5361702127659574,0.0336714204689548,-0.025625,0.3,0.0546875
relative_oracle_interactions,172,ridge_potential_success,10.0,leave_one_task,0.2,0.2,0.0109375,0.005937500000000002,16,9,0.5361702127659574,0.0336714204689548,-0.026874999999999993,0.3,0.0546875
relative_oracle_interactions,172,ridge_potential_success,10.0,leave_one_task,0.3,0.3,0.00625,-0.001249999999999997,21,17,0.5361702127659574,0.0336714204689548,-0.07937499999999999,0.3,0.0546875
relative_oracle_interactions,172,direct_success,0.01,leave_one_level,0.1,0.1,0.0,-0.0025,6,6,0.42699468085106385,-0.062424694823233234,-0.04187499999999999,-0.49999999999999994,-0.0546875
relative_oracle_interactions,172,direct_success,0.01,leave_one_level,0.2,0.2,-0.0046875,-0.009687499999999996,14,17,0.42699468085106385,-0.062424694823233234,-0.23499999999999996,-0.49999999999999994,-0.0546875
relative_oracle_interactions,172,direct_success,0.01,leave_one_level,0.3,0.3,-0.0109375,-0.01843749999999999,22,29,0.42699468085106385,-0.062424694823233234,-0.31562499999999993,-0.49999999999999994,-0.0546875
relative_oracle_interactions,172,direct_success,0.1,leave_one_level,0.1,0.1,0.0,-0.0025,6,6,0.42220744680851063,-0.0637043168814478,-0.04187499999999999,-0.6,-0.0859375
relative_oracle_interactions,172,direct_success,0.1,leave_one_level,0.2,0.2,-0.0078125,-0.012812499999999996,12,17,0.42220744680851063,-0.0637043168814478,-0.23437499999999994,-0.6,-0.0859375
relative_oracle_interactions,172,direct_success,0.1,leave_one_level,0.3,0.3,-0.0109375,-0.01843749999999999,22,29,0.42220744680851063,-0.0637043168814478,-0.31562499999999993,-0.6,-0.0859375
relative_oracle_interactions,172,direct_success,1.0,leave_one_level,0.1,0.1,-0.003125,-0.005625,4,6,0.39654255319148934,-0.08304484334283187,-0.05249999999999999,-0.7,-0.125
relative_oracle_interactions,172,direct_success,1.0,leave_one_level,0.2,0.2,-0.0109375,-0.015937499999999997,10,17,0.39654255319148934,-0.08304484334283187,-0.26249999999999996,-0.7,-0.125
relative_oracle_interactions,172,direct_success,1.0,leave_one_level,0.3,0.3,-0.0171875,-0.024687499999999994,18,29,0.39654255319148934,-0.08304484334283187,-0.31625,-0.7,-0.125
relative_oracle_interactions,172,direct_success,10.0,leave_one_level,0.1,0.1,-0.0109375,-0.013437499999999996,3,10,0.3492021276595745,-0.1309107572906407,-0.15687499999999996,-0.8999999999999998,-0.2109375
relative_oracle_interactions,172,direct_success,10.0,leave_one_level,0.2,0.2,-0.021875,-0.026875,9,23,0.3492021276595745,-0.1309107572906407,-0.31625,-0.8999999999999998,-0.2109375
relative_oracle_interactions,172,direct_success,10.0,leave_one_level,0.3,0.3,-0.01875,-0.026249999999999996,17,29,0.3492021276595745,-0.1309107572906407,-0.31812499999999994,-0.8999999999999998,-0.2109375
relative_oracle_interactions,172,direct_terminal_utility,0.01,leave_one_level,0.1,0.1,0.0,-0.0025,6,6,0.4271276595744681,-0.06306039923469542,-0.04187499999999999,-0.6,-0.03125
relative_oracle_interactions,172,direct_terminal_utility,0.01,leave_one_level,0.2,0.2,-0.0015625,-0.006562499999999999,16,17,0.4271276595744681,-0.06306039923469542,-0.18375,-0.6,-0.03125
relative_oracle_interactions,172,direct_terminal_utility,0.01,leave_one_level,0.3,0.3,-0.00625,-0.013749999999999995,24,28,0.4271276595744681,-0.06306039923469542,-0.26374999999999993,-0.6,-0.03125
relative_oracle_interactions,172,direct_terminal_utility,0.1,leave_one_level,0.1,0.1,0.0,-0.0025,6,6,0.425,-0.0626632893084138,-0.04187499999999999,-0.6,-0.0546875
relative_oracle_interactions,172,direct_terminal_utility,0.1,leave_one_level,0.2,0.2,-0.003125,-0.008124999999999999,13,15,0.425,-0.0626632893084138,-0.18375,-0.6,-0.0546875
relative_oracle_interactions,172,direct_terminal_utility,0.1,leave_one_level,0.3,0.3,-0.00625,-0.013749999999999993,24,28,0.425,-0.0626632893084138,-0.26374999999999993,-0.6,-0.0546875
relative_oracle_interactions,172,direct_terminal_utility,1.0,leave_one_level,0.1,0.1,-0.0015625,-0.0040625,5,6,0.4038563829787234,-0.08045726356465152,-0.04187499999999999,-0.6,-0.0859375
relative_oracle_interactions,172,direct_terminal_utility,1.0,leave_one_level,0.2,0.2,-0.009375,-0.014374999999999999,10,16,0.4038563829787234,-0.08045726356465152,-0.23687499999999995,-0.6,-0.0859375
relative_oracle_interactions,172,direct_terminal_utility,1.0,leave_one_level,0.3,0.3,-0.0109375,-0.018437499999999996,20,27,0.4038563829787234,-0.08045726356465152,-0.2899999999999999,-0.6,-0.0859375
relative_oracle_interactions,172,direct_terminal_utility,10.0,leave_one_level,0.1,0.1,-0.0125,-0.015,3,11,0.3377659574468085,-0.14132431831509662,-0.18312499999999998,-0.9999999999999999,-0.1953125
relative_oracle_interactions,172,direct_terminal_utility,10.0,leave_one_level,0.2,0.2,-0.021875,-0.026874999999999993,10,24,0.3377659574468085,-0.14132431831509662,-0.31499999999999995,-0.9999999999999999,-0.1953125
relative_oracle_interactions,172,direct_terminal_utility,10.0,leave_one_level,0.3,0.3,-0.025,-0.03249999999999999,17,33,0.3377659574468085,-0.14132431831509662,-0.31875,-0.9999999999999999,-0.1953125
relative_oracle_interactions,172,direct_grounded,0.01,leave_one_level,0.1,0.1,-0.0015625,-0.004062499999999999,5,6,0.4406914893617021,-0.05059435071121624,-0.04187499999999999,-0.6,-0.0390625
relative_oracle_interactions,172,direct_grounded,0.01,leave_one_level,0.2,0.2,-0.003125,-0.008124999999999997,15,17,0.4406914893617021,-0.05059435071121624,-0.15624999999999997,-0.6,-0.0390625
relative_oracle_interactions,172,direct_grounded,0.01,leave_one_level,0.3,0.3,-0.0109375,-0.0184375,23,30,0.4406914893617021,-0.05059435071121624,-0.23562499999999992,-0.6,-0.0390625
relative_oracle_interactions,172,direct_grounded,0.1,leave_one_level,0.1,0.1,-0.0046875,-0.0071874999999999994,4,7,0.43803191489361704,-0.051714225343036234,-0.06749999999999998,-0.6,-0.015625
relative_oracle_interactions,172,direct_grounded,0.1,leave_one_level,0.2,0.2,0.003125,-0.0018749999999999975,15,13,0.43803191489361704,-0.051714225343036234,-0.15624999999999997,-0.6,-0.015625
relative_oracle_interactions,172,direct_grounded,0.1,leave_one_level,0.3,0.3,-0.0078125,-0.015312499999999996,23,28,0.43803191489361704,-0.051714225343036234,-0.23687499999999995,-0.6,-0.015625
relative_oracle_interactions,172,direct_grounded,1.0,leave_one_level,0.1,0.1,-0.0046875,-0.0071874999999999994,4,7,0.41648936170212764,-0.06707872460043016,-0.06749999999999998,-0.6,-0.0390625
relative_oracle_interactions,172,direct_grounded,1.0,leave_one_level,0.2,0.2,-0.0015625,-0.006562499999999999,13,14,0.41648936170212764,-0.06707872460043016,-0.209375,-0.6,-0.0390625
relative_oracle_interactions,172,direct_grounded,1.0,leave_one_level,0.3,0.3,-0.0078125,-0.015312499999999996,19,24,0.41648936170212764,-0.06707872460043016,-0.26312499999999994,-0.6,-0.0390625
relative_oracle_interactions,172,direct_grounded,10.0,leave_one_level,0.1,0.1,-0.0140625,-0.016562499999999997,2,11,0.3493351063829787,-0.1314963609668326,-0.15687499999999996,-0.7,-0.171875
relative_oracle_interactions,172,direct_grounded,10.0,leave_one_level,0.2,0.2,-0.01875,-0.023749999999999993,11,23,0.3493351063829787,-0.1314963609668326,-0.31499999999999995,-0.7,-0.171875
relative_oracle_interactions,172,direct_grounded,10.0,leave_one_level,0.3,0.3,-0.021875,-0.029374999999999995,18,32,0.3493351063829787,-0.1314963609668326,-0.31875,-0.7,-0.171875
relative_oracle_interactions,172,ridge_potential_success,0.01,leave_one_level,0.1,0.1,0.0046875,0.0021875000000000006,8,5,0.48045212765957446,-0.026491645424714026,-0.04187499999999999,-0.39999999999999997,-0.0234375
relative_oracle_interactions,172,ridge_potential_success,0.01,leave_one_level,0.2,0.2,0.0046875,-0.00031249999999999713,20,17,0.48045212765957446,-0.026491645424714026,-0.04187499999999999,-0.39999999999999997,-0.0234375
relative_oracle_interactions,172,ridge_potential_success,0.01,leave_one_level,0.3,0.3,-0.00625,-0.013749999999999993,28,32,0.48045212765957446,-0.026491645424714026,-0.13499999999999998,-0.39999999999999997,-0.0234375
relative_oracle_interactions,172,ridge_potential_success,0.1,leave_one_level,0.1,0.1,0.0046875,0.0021875000000000006,8,5,0.4791223404255319,-0.020322619409748915,-0.04187499999999999,-0.39999999999999997,-0.0078125
relative_oracle_interactions,172,ridge_potential_success,0.1,leave_one_level,0.2,0.2,0.00625,0.0012500000000000033,20,16,0.4791223404255319,-0.020322619409748915,-0.05812499999999998,-0.39999999999999997,-0.0078125
relative_oracle_interactions,172,ridge_potential_success,0.1,leave_one_level,0.3,0.3,0.003125,-0.004374999999999995,29,27,0.4791223404255319,-0.020322619409748915,-0.13499999999999998,-0.39999999999999997,-0.0078125
relative_oracle_interactions,172,ridge_potential_success,1.0,leave_one_level,0.1,0.1,0.0,-0.0024999999999999996,4,4,0.45226063829787233,-0.04461826512063114,-0.04187499999999999,-0.39999999999999997,-0.0390625
relative_oracle_interactions,172,ridge_potential_success,1.0,leave_one_level,0.2,0.2,0.00625,0.0012500000000000005,19,15,0.45226063829787233,-0.04461826512063114,-0.08187499999999999,-0.39999999999999997,-0.0390625
relative_oracle_interactions,172,ridge_potential_success,1.0,leave_one_level,0.3,0.3,-0.0046875,-0.012187499999999993,26,29,0.45226063829787233,-0.04461826512063114,-0.21062499999999998,-0.39999999999999997,-0.0390625
relative_oracle_interactions,172,ridge_potential_success,10.0,leave_one_level,0.1,0.1,0.003125,0.0006250000000000009,6,4,0.40006648936170214,-0.0970088339376995,-0.039999999999999994,-0.7,-0.1171875
relative_oracle_interactions,172,ridge_potential_success,10.0,leave_one_level,0.2,0.2,-0.003125,-0.008124999999999999,13,15,0.40006648936170214,-0.0970088339376995,-0.184375,-0.7,-0.1171875
relative_oracle_interactions,172,ridge_potential_success,10.0,leave_one_level,0.3,0.3,-0.0078125,-0.015312499999999996,24,29,0.40006648936170214,-0.0970088339376995,-0.2875,-0.7,-0.1171875
relative_oracle_interactions,172,direct_success,0.01,leave_one_cell,0.1,0.1,0.0046875,0.0021874999999999993,7,4,0.4646276595744681,-0.022476750356950365,-0.03749999999999999,-0.3,-0.0078125
relative_oracle_interactions,172,direct_success,0.01,leave_one_cell,0.2,0.2,-0.0015625,-0.006562499999999999,13,14,0.4646276595744681,-0.022476750356950365,-0.13249999999999998,-0.3,-0.0078125
relative_oracle_interactions,172,direct_success,0.01,leave_one_cell,0.3,0.3,-0.0140625,-0.02156249999999999,16,25,0.4646276595744681,-0.022476750356950365,-0.26312499999999994,-0.3,-0.0078125
relative_oracle_interactions,172,direct_success,0.1,leave_one_cell,0.1,0.1,0.0015625,-0.0009374999999999994,6,5,0.46117021276595743,-0.025867173884748622,-0.03749999999999999,-0.39999999999999997,-0.046875
relative_oracle_interactions,172,direct_success,0.1,leave_one_cell,0.2,0.2,-0.003125,-0.008124999999999997,13,15,0.46117021276595743,-0.025867173884748622,-0.15875,-0.39999999999999997,-0.046875
relative_oracle_interactions,172,direct_success,0.1,leave_one_cell,0.3,0.3,-0.0140625,-0.021562499999999995,16,25,0.46117021276595743,-0.025867173884748622,-0.289375,-0.39999999999999997,-0.046875
relative_oracle_interactions,172,direct_success,1.0,leave_one_cell,0.1,0.1,0.0,-0.0024999999999999983,7,7,0.45611702127659576,-0.029072388956752678,-0.05312499999999999,-0.3,-0.0859375
relative_oracle_interactions,172,direct_success,1.0,leave_one_cell,0.2,0.2,-0.00625,-0.011249999999999996,11,15,0.45611702127659576,-0.029072388956752678,-0.18374999999999994,-0.3,-0.0859375
relative_oracle_interactions,172,direct_success,1.0,leave_one_cell,0.3,0.3,-0.015625,-0.023124999999999993,15,25,0.45611702127659576,-0.029072388956752678,-0.2899999999999999,-0.3,-0.0859375
relative_oracle_interactions,172,direct_success,10.0,leave_one_cell,0.1,0.1,-0.0015625,-0.0040625,5,6,0.47034574468085105,-0.01591355403654438,-0.053749999999999985,-0.3,-0.0859375
relative_oracle_interactions,172,direct_success,10.0,leave_one_cell,0.2,0.2,-0.0078125,-0.012812499999999996,11,16,0.47034574468085105,-0.01591355403654438,-0.20874999999999994,-0.3,-0.0859375
relative_oracle_interactions,172,direct_success,10.0,leave_one_cell,0.3,0.3,-0.0109375,-0.018437499999999996,18,25,0.47034574468085105,-0.01591355403654438,-0.2899999999999999,-0.3,-0.0859375
relative_oracle_interactions,172,direct_terminal_utility,0.01,leave_one_cell,0.1,0.1,0.003125,0.0006249999999999999,7,5,0.4690159574468085,-0.015415010654428693,-0.06312499999999999,-0.3,-0.0078125
relative_oracle_interactions,172,direct_terminal_utility,0.01,leave_one_cell,0.2,0.2,0.003125,-0.0018749999999999971,14,12,0.4690159574468085,-0.015415010654428693,-0.08187499999999999,-0.3,-0.0078125
relative_oracle_interactions,172,direct_terminal_utility,0.01,leave_one_cell,0.3,0.3,-0.0078125,-0.015312499999999996,18,23,0.4690159574468085,-0.015415010654428693,-0.23749999999999996,-0.3,-0.0078125
relative_oracle_interactions,172,direct_terminal_utility,0.1,leave_one_cell,0.1,0.1,-0.0015625,-0.004062499999999999,6,7,0.46954787234042555,-0.014438046316658338,-0.06312499999999999,-0.3,-0.0078125
relative_oracle_interactions,172,direct_terminal_utility,0.1,leave_one_cell,0.2,0.2,0.003125,-0.0018749999999999978,14,12,0.46954787234042555,-0.014438046316658338,-0.10749999999999997,-0.3,-0.0078125
relative_oracle_interactions,172,direct_terminal_utility,0.1,leave_one_cell,0.3,0.3,-0.009375,-0.01687499999999999,18,24,0.46954787234042555,-0.014438046316658338,-0.26374999999999993,-0.3,-0.0078125
relative_oracle_interactions,172,direct_terminal_utility,1.0,leave_one_cell,0.1,0.1,-0.0015625,-0.004062499999999999,6,7,0.467686170212766,-0.015966118742401714,-0.06312499999999999,-0.09999999999999999,-0.0546875
relative_oracle_interactions,172,direct_terminal_utility,1.0,leave_one_cell,0.2,0.2,-0.003125,-0.008124999999999997,11,13,0.467686170212766,-0.015966118742401714,-0.10749999999999997,-0.09999999999999999,-0.0546875
relative_oracle_interactions,172,direct_terminal_utility,1.0,leave_one_cell,0.3,0.3,-0.009375,-0.016874999999999994,18,24,0.467686170212766,-0.015966118742401714,-0.289375,-0.09999999999999999,-0.0546875
relative_oracle_interactions,172,direct_terminal_utility,10.0,leave_one_cell,0.1,0.1,0.0,-0.002499999999999998,5,5,0.46875,-0.01593326580124088,-0.04062499999999999,-0.09999999999999999,-0.0859375
relative_oracle_interactions,172,direct_terminal_utility,10.0,leave_one_cell,0.2,0.2,-0.003125,-0.008124999999999999,10,12,0.46875,-0.01593326580124088,-0.10687499999999998,-0.09999999999999999,-0.0859375
relative_oracle_interactions,172,direct_terminal_utility,10.0,leave_one_cell,0.3,0.3,-0.0125,-0.019999999999999997,17,25,0.46875,-0.01593326580124088,-0.2899999999999999,-0.09999999999999999,-0.0859375
relative_oracle_interactions,172,direct_grounded,0.01,leave_one_cell,0.1,0.1,0.00625,0.003750000000000001,8,4,0.49148936170212765,0.006200581982343258,-0.06499999999999997,0.3,0.015625
relative_oracle_interactions,172,direct_grounded,0.01,leave_one_cell,0.2,0.2,0.00625,0.0012500000000000022,15,11,0.49148936170212765,0.006200581982343258,-0.06749999999999999,0.3,0.015625
relative_oracle_interactions,172,direct_grounded,0.01,leave_one_cell,0.3,0.3,-0.0015625,-0.009062499999999996,19,20,0.49148936170212765,0.006200581982343258,-0.13437499999999997,0.3,0.015625
relative_oracle_interactions,172,direct_grounded,0.1,leave_one_cell,0.1,0.1,0.0015625,-0.0009374999999999991,7,6,0.4863031914893617,0.0019921202196401845,-0.06374999999999999,0.3,0.015625
relative_oracle_interactions,172,direct_grounded,0.1,leave_one_cell,0.2,0.2,0.00625,0.0012500000000000007,14,10,0.4863031914893617,0.0019921202196401845,-0.06812499999999999,0.3,0.015625
relative_oracle_interactions,172,direct_grounded,0.1,leave_one_cell,0.3,0.3,-0.009375,-0.016874999999999994,18,24,0.4863031914893617,0.0019921202196401845,-0.26312499999999994,0.3,0.015625
relative_oracle_interactions,172,direct_grounded,1.0,leave_one_cell,0.1,0.1,0.0,-0.0024999999999999983,7,7,0.4875,0.001864404410877435,-0.06374999999999999,-0.051298917604257706,-0.03125
relative_oracle_interactions,172,direct_grounded,1.0,leave_one_cell,0.2,0.2,0.0,-0.0049999999999999975,12,12,0.4875,0.001864404410877435,-0.105625,-0.051298917604257706,-0.03125
relative_oracle_interactions,172,direct_grounded,1.0,leave_one_cell,0.3,0.3,-0.009375,-0.016874999999999994,19,25,0.4875,0.001864404410877435,-0.289375,-0.051298917604257706,-0.03125
relative_oracle_interactions,172,direct_grounded,10.0,leave_one_cell,0.1,0.1,0.0015625,-0.0009374999999999989,6,5,0.48816489361702126,0.002693941175188541,-0.04124999999999999,-0.09999999999999999,-0.0703125
relative_oracle_interactions,172,direct_grounded,10.0,leave_one_cell,0.2,0.2,-0.0015625,-0.006562499999999999,11,12,0.48816489361702126,0.002693941175188541,-0.10687499999999998,-0.09999999999999999,-0.0703125
relative_oracle_interactions,172,direct_grounded,10.0,leave_one_cell,0.3,0.3,-0.0078125,-0.015312499999999998,19,24,0.48816489361702126,0.002693941175188541,-0.289375,-0.09999999999999999,-0.0703125
relative_oracle_interactions,172,ridge_potential_success,0.01,leave_one_cell,0.1,0.1,-0.0015625,-0.004062499999999998,8,9,0.5007978723404255,0.009597087427167946,-0.08499999999999999,0.0,-0.0546875
relative_oracle_interactions,172,ridge_potential_success,0.01,leave_one_cell,0.2,0.2,-0.0046875,-0.009687499999999996,13,16,0.5007978723404255,0.009597087427167946,-0.13874999999999998,0.0,-0.0546875
relative_oracle_interactions,172,ridge_potential_success,0.01,leave_one_cell,0.3,0.3,-0.003125,-0.010624999999999999,20,22,0.5007978723404255,0.009597087427167946,-0.19249999999999998,0.0,-0.0546875
relative_oracle_interactions,172,ridge_potential_success,0.1,leave_one_cell,0.1,0.1,0.0,-0.0024999999999999974,8,8,0.5013297872340425,0.010968026778113078,-0.05937499999999999,-0.09999999999999999,-0.0390625
relative_oracle_interactions,172,ridge_potential_success,0.1,leave_one_cell,0.2,0.2,-0.0015625,-0.006562499999999996,15,16,0.5013297872340425,0.010968026778113078,-0.136875,-0.09999999999999999,-0.0390625
relative_oracle_interactions,172,ridge_potential_success,0.1,leave_one_cell,0.3,0.3,-0.0015625,-0.009062499999999998,21,22,0.5013297872340425,0.010968026778113078,-0.19187499999999996,-0.09999999999999999,-0.0390625
relative_oracle_interactions,172,ridge_potential_success,1.0,leave_one_cell,0.1,0.1,0.0,-0.002499999999999999,7,7,0.4987367021276596,0.011371803598198442,-0.05874999999999999,0.0,-0.015625
relative_oracle_interactions,172,ridge_potential_success,1.0,leave_one_cell,0.2,0.2,0.003125,-0.001874999999999996,16,14,0.4987367021276596,0.011371803598198442,-0.10874999999999999,0.0,-0.015625
relative_oracle_interactions,172,ridge_potential_success,1.0,leave_one_cell,0.3,0.3,0.0,-0.007499999999999995,22,22,0.4987367021276596,0.011371803598198442,-0.19187499999999996,0.0,-0.015625
relative_oracle_interactions,172,ridge_potential_success,10.0,leave_one_cell,0.1,0.1,0.0046875,0.0021875000000000006,7,4,0.5127659574468085,0.025277852624239615,-0.02749999999999999,-0.09999999999999999,-0.015625
relative_oracle_interactions,172,ridge_potential_success,10.0,leave_one_cell,0.2,0.2,0.0109375,0.005937500000000003,17,10,0.5127659574468085,0.025277852624239615,-0.05687499999999999,-0.09999999999999999,-0.015625
relative_oracle_interactions,172,ridge_potential_success,10.0,leave_one_cell,0.3,0.3,0.009375,0.0018750000000000045,24,18,0.5127659574468085,0.025277852624239615,-0.138125,-0.09999999999999999,-0.015625
relative_oracle_interactions,172,direct_success,0.01,within_cell_grouped5,0.1,0.1,0.0234375,0.020937499999999998,20,5,0.8091755319148937,0.3302652788869443,-0.056874999999999995,0.9999999999999999,0.515625
relative_oracle_interactions,172,direct_success,0.01,within_cell_grouped5,0.2,0.2,0.0328125,0.0278125,30,9,0.8091755319148937,0.3302652788869443,-0.06124999999999999,0.9999999999999999,0.515625
relative_oracle_interactions,172,direct_success,0.01,within_cell_grouped5,0.3,0.3,0.0484375,0.0409375,44,13,0.8091755319148937,0.3302652788869443,-0.033125,0.9999999999999999,0.515625
relative_oracle_interactions,172,direct_success,0.1,within_cell_grouped5,0.1,0.1,0.021875,0.019374999999999996,20,6,0.8118351063829787,0.3330873465326601,-0.08312499999999999,0.9999999999999999,0.5234375
relative_oracle_interactions,172,direct_success,0.1,within_cell_grouped5,0.2,0.2,0.03125,0.026249999999999996,30,10,0.8118351063829787,0.3330873465326601,-0.03625,0.9999999999999999,0.5234375
relative_oracle_interactions,172,direct_success,0.1,within_cell_grouped5,0.3,0.3,0.04375,0.036250000000000004,41,13,0.8118351063829787,0.3330873465326601,-0.05187499999999999,0.9999999999999999,0.5234375
relative_oracle_interactions,172,direct_success,1.0,within_cell_grouped5,0.1,0.1,0.0234375,0.020937499999999998,21,6,0.8186170212765957,0.3404985593967801,-0.08375,0.9999999999999999,0.515625
relative_oracle_interactions,172,direct_success,1.0,within_cell_grouped5,0.2,0.2,0.03125,0.026250000000000002,30,10,0.8186170212765957,0.3404985593967801,-0.03625,0.9999999999999999,0.515625
relative_oracle_interactions,172,direct_success,1.0,within_cell_grouped5,0.3,0.3,0.0453125,0.03781249999999999,40,11,0.8186170212765957,0.3404985593967801,-0.032499999999999994,0.9999999999999999,0.515625
relative_oracle_interactions,172,direct_success,10.0,within_cell_grouped5,0.1,0.1,0.021875,0.019374999999999996,21,7,0.819813829787234,0.35090062189182974,-0.08375,0.9999999999999999,0.5234375
relative_oracle_interactions,172,direct_success,10.0,within_cell_grouped5,0.2,0.2,0.0359375,0.0309375,31,8,0.819813829787234,0.35090062189182974,-0.028124999999999994,0.9999999999999999,0.5234375
relative_oracle_interactions,172,direct_success,10.0,within_cell_grouped5,0.3,0.3,0.0546875,0.04718750000000001,46,11,0.819813829787234,0.35090062189182974,-0.032499999999999994,0.9999999999999999,0.5234375
relative_oracle_interactions,172,direct_terminal_utility,0.01,within_cell_grouped5,0.1,0.1,0.025,0.0225,21,5,0.8106382978723404,0.3295059652843644,-0.057499999999999996,0.9999999999999999,0.484375
relative_oracle_interactions,172,direct_terminal_utility,0.01,within_cell_grouped5,0.2,0.2,0.0328125,0.0278125,30,9,0.8106382978723404,0.3295059652843644,-0.035625000000000004,0.9999999999999999,0.484375
relative_oracle_interactions,172,direct_terminal_utility,0.01,within_cell_grouped5,0.3,0.3,0.046875,0.039375,42,12,0.8106382978723404,0.3295059652843644,-0.0325,0.9999999999999999,0.484375
relative_oracle_interactions,172,direct_terminal_utility,0.1,within_cell_grouped5,0.1,0.1,0.0234375,0.020937500000000005,21,6,0.8139627659574468,0.33201428734199423,-0.08312499999999999,0.9999999999999999,0.53125
relative_oracle_interactions,172,direct_terminal_utility,0.1,within_cell_grouped5,0.2,0.2,0.034375,0.029375000000000002,31,9,0.8139627659574468,0.33201428734199423,-0.036875,0.9999999999999999,0.53125
relative_oracle_interactions,172,direct_terminal_utility,0.1,within_cell_grouped5,0.3,0.3,0.04375,0.036250000000000004,40,12,0.8139627659574468,0.33201428734199423,-0.05187499999999999,0.9999999999999999,0.53125
relative_oracle_interactions,172,direct_terminal_utility,1.0,within_cell_grouped5,0.1,0.1,0.021875,0.019375,21,7,0.8212765957446808,0.340258732926306,-0.08375,0.9999999999999999,0.5078125
relative_oracle_interactions,172,direct_terminal_utility,1.0,within_cell_grouped5,0.2,0.2,0.03125,0.026250000000000002,29,9,0.8212765957446808,0.340258732926306,-0.03625,0.9999999999999999,0.5078125
relative_oracle_interactions,172,direct_terminal_utility,1.0,within_cell_grouped5,0.3,0.3,0.046875,0.039375,41,11,0.8212765957446808,0.340258732926306,-0.032499999999999994,0.9999999999999999,0.5078125
relative_oracle_interactions,172,direct_terminal_utility,10.0,within_cell_grouped5,0.1,0.1,0.0234375,0.020937500000000005,21,6,0.8226063829787233,0.35060905203902737,-0.08375,0.9999999999999999,0.53125
relative_oracle_interactions,172,direct_terminal_utility,10.0,within_cell_grouped5,0.2,0.2,0.0359375,0.0309375,32,9,0.8226063829787233,0.35060905203902737,-0.029374999999999995,0.9999999999999999,0.53125
relative_oracle_interactions,172,direct_terminal_utility,10.0,within_cell_grouped5,0.3,0.3,0.05,0.042499999999999996,42,10,0.8226063829787233,0.35060905203902737,-0.032499999999999994,0.9999999999999999,0.53125
relative_oracle_interactions,172,direct_grounded,0.01,within_cell_grouped5,0.1,0.1,0.025,0.0225,22,6,0.8090425531914893,0.3297486663871901,-0.057499999999999996,0.9999999999999999,0.5
relative_oracle_interactions,172,direct_grounded,0.01,within_cell_grouped5,0.2,0.2,0.03125,0.026250000000000002,29,9,0.8090425531914893,0.3297486663871901,-0.03624999999999999,0.9999999999999999,0.5
relative_oracle_interactions,172,direct_grounded,0.01,within_cell_grouped5,0.3,0.3,0.053125,0.045625,45,11,0.8090425531914893,0.3297486663871901,-0.0325,0.9999999999999999,0.5
relative_oracle_interactions,172,direct_grounded,0.1,within_cell_grouped5,0.1,0.1,0.0234375,0.020937499999999998,22,7,0.8118351063829787,0.3329091193268625,-0.08312499999999999,0.9999999999999999,0.515625
relative_oracle_interactions,172,direct_grounded,0.1,within_cell_grouped5,0.2,0.2,0.0328125,0.0278125,30,9,0.8118351063829787,0.3329091193268625,-0.029999999999999992,0.9999999999999999,0.515625
relative_oracle_interactions,172,direct_grounded,0.1,within_cell_grouped5,0.3,0.3,0.046875,0.03937499999999999,42,12,0.8118351063829787,0.3329091193268625,-0.05187499999999999,0.9999999999999999,0.515625
relative_oracle_interactions,172,direct_grounded,1.0,within_cell_grouped5,0.1,0.1,0.021875,0.019374999999999996,21,7,0.819281914893617,0.33998030424996795,-0.08375,0.9999999999999999,0.546875
relative_oracle_interactions,172,direct_grounded,1.0,within_cell_grouped5,0.2,0.2,0.0375,0.0325,32,8,0.819281914893617,0.33998030424996795,-0.029999999999999992,0.9999999999999999,0.546875
relative_oracle_interactions,172,direct_grounded,1.0,within_cell_grouped5,0.3,0.3,0.0453125,0.03781249999999999,40,11,0.819281914893617,0.33998030424996795,-0.033124999999999995,0.9999999999999999,0.546875
relative_oracle_interactions,172,direct_grounded,10.0,within_cell_grouped5,0.1,0.1,0.021875,0.019375000000000003,21,7,0.8199468085106383,0.3511975303475708,-0.08375,0.9999999999999999,0.5546875
relative_oracle_interactions,172,direct_grounded,10.0,within_cell_grouped5,0.2,0.2,0.0359375,0.0309375,32,9,0.8199468085106383,0.3511975303475708,-0.029374999999999995,0.9999999999999999,0.5546875
relative_oracle_interactions,172,direct_grounded,10.0,within_cell_grouped5,0.3,0.3,0.046875,0.03937500000000001,41,11,0.8199468085106383,0.3511975303475708,-0.033124999999999995,0.9999999999999999,0.5546875
relative_oracle_interactions,172,ridge_potential_success,0.01,within_cell_grouped5,0.1,0.1,0.0265625,0.024062499999999997,23,6,0.8182180851063829,0.35294246457689044,-0.08312499999999999,0.9999999999999999,0.5546875
relative_oracle_interactions,172,ridge_potential_success,0.01,within_cell_grouped5,0.2,0.2,0.04375,0.03875,37,9,0.8182180851063829,0.35294246457689044,-0.02874999999999999,0.9999999999999999,0.5546875
relative_oracle_interactions,172,ridge_potential_success,0.01,within_cell_grouped5,0.3,0.3,0.05,0.0425,45,13,0.8182180851063829,0.35294246457689044,-0.05187499999999999,0.9999999999999999,0.5546875
relative_oracle_interactions,172,ridge_potential_success,0.1,within_cell_grouped5,0.1,0.1,0.025,0.0225,22,6,0.8182180851063829,0.3556241403101147,-0.08375,0.9999999999999999,0.5234375
relative_oracle_interactions,172,ridge_potential_success,0.1,within_cell_grouped5,0.2,0.2,0.0375,0.0325,33,9,0.8182180851063829,0.3556241403101147,-0.03687499999999999,0.9999999999999999,0.5234375
relative_oracle_interactions,172,ridge_potential_success,0.1,within_cell_grouped5,0.3,0.3,0.0515625,0.0440625,46,13,0.8182180851063829,0.3556241403101147,-0.05187499999999999,0.9999999999999999,0.5234375
relative_oracle_interactions,172,ridge_potential_success,1.0,within_cell_grouped5,0.1,0.1,0.025,0.0225,22,6,0.8236037234042554,0.3619022704987978,-0.08375,0.9999999999999999,0.5546875
relative_oracle_interactions,172,ridge_potential_success,1.0,within_cell_grouped5,0.2,0.2,0.0359375,0.0309375,32,9,0.8236037234042554,0.3619022704987978,-0.029999999999999992,0.9999999999999999,0.5546875
relative_oracle_interactions,172,ridge_potential_success,1.0,within_cell_grouped5,0.3,0.3,0.053125,0.04562499999999999,45,11,0.8236037234042554,0.3619022704987978,-0.031874999999999994,0.9999999999999999,0.5546875
relative_oracle_interactions,172,ridge_potential_success,10.0,within_cell_grouped5,0.1,0.1,0.025,0.0225,22,6,0.8220744680851064,0.37003433448336737,-0.059375,0.9999999999999999,0.578125
relative_oracle_interactions,172,ridge_potential_success,10.0,within_cell_grouped5,0.2,0.2,0.040625,0.035625,35,9,0.8220744680851064,0.37003433448336737,-0.028749999999999998,0.9999999999999999,0.578125
relative_oracle_interactions,172,ridge_potential_success,10.0,within_cell_grouped5,0.3,0.3,0.0546875,0.04718750000000001,46,11,0.8220744680851064,0.37003433448336737,-0.032499999999999994,0.9999999999999999,0.578125
relative_oracle_dynamic_slopes,282,direct_success,0.01,leave_one_task,0.1,0.1,0.0015625,-0.0009374999999999994,6,5,0.475,-0.015479484551456837,-0.025625,-0.10259783520851541,0.03125
relative_oracle_dynamic_slopes,282,direct_success,0.01,leave_one_task,0.2,0.2,-0.003125,-0.008124999999999997,12,14,0.475,-0.015479484551456837,-0.11687499999999998,-0.10259783520851541,0.03125
relative_oracle_dynamic_slopes,282,direct_success,0.01,leave_one_task,0.3,0.3,-0.0109375,-0.018437499999999992,17,24,0.475,-0.015479484551456837,-0.24625,-0.10259783520851541,0.03125
relative_oracle_dynamic_slopes,282,direct_success,0.1,leave_one_task,0.1,0.1,0.0046875,0.0021875,8,5,0.4664893617021277,-0.027643286016256312,-0.025625,-0.3,-0.0625
relative_oracle_dynamic_slopes,282,direct_success,0.1,leave_one_task,0.2,0.2,-0.00625,-0.011249999999999996,15,19,0.4664893617021277,-0.027643286016256312,-0.20687499999999998,-0.3,-0.0625
relative_oracle_dynamic_slopes,282,direct_success,0.1,leave_one_task,0.3,0.3,-0.0078125,-0.015312499999999993,23,28,0.4664893617021277,-0.027643286016256312,-0.313125,-0.3,-0.0625
relative_oracle_dynamic_slopes,282,direct_success,1.0,leave_one_task,0.1,0.1,-0.0109375,-0.0134375,6,13,0.4954787234042553,-0.0016668761021479096,-0.18125,-0.09999999999999999,-0.0546875
relative_oracle_dynamic_slopes,282,direct_success,1.0,leave_one_task,0.2,0.2,-0.0171875,-0.022187499999999995,9,20,0.4954787234042553,-0.0016668761021479096,-0.286875,-0.09999999999999999,-0.0546875
relative_oracle_dynamic_slopes,282,direct_success,1.0,leave_one_task,0.3,0.3,-0.0078125,-0.015312499999999998,21,26,0.4954787234042553,-0.0016668761021479096,-0.31875,-0.09999999999999999,-0.0546875
relative_oracle_dynamic_slopes,282,direct_success,10.0,leave_one_task,0.1,0.1,0.003125,0.0006250000000000002,5,3,0.4952127659574468,0.004981327203511737,-0.025625,0.19999999999999998,0.046875
relative_oracle_dynamic_slopes,282,direct_success,10.0,leave_one_task,0.2,0.2,0.003125,-0.0018750000000000004,14,12,0.4952127659574468,0.004981327203511737,-0.130625,0.19999999999999998,0.046875
relative_oracle_dynamic_slopes,282,direct_success,10.0,leave_one_task,0.3,0.3,-0.0125,-0.019999999999999993,20,28,0.4952127659574468,0.004981327203511737,-0.26187499999999997,0.19999999999999998,0.046875
relative_oracle_dynamic_slopes,282,direct_terminal_utility,0.01,leave_one_task,0.1,0.1,0.0015625,-0.0009374999999999997,5,4,0.5264627659574468,0.041032912848119475,-0.025625,0.6668859288553501,0.0703125
relative_oracle_dynamic_slopes,282,direct_terminal_utility,0.01,leave_one_task,0.2,0.2,0.009375,0.004375000000000002,14,8,0.5264627659574468,0.041032912848119475,-0.025625,0.6668859288553501,0.0703125
relative_oracle_dynamic_slopes,282,direct_terminal_utility,0.01,leave_one_task,0.3,0.3,0.003125,-0.004374999999999996,16,14,0.5264627659574468,0.041032912848119475,-0.03937499999999998,0.6668859288553501,0.0703125
relative_oracle_dynamic_slopes,282,direct_terminal_utility,0.1,leave_one_task,0.1,0.1,0.0015625,-0.0009374999999999993,6,5,0.4819148936170213,-0.005076600732878161,-0.031249999999999993,-0.051298917604257706,-0.046875
relative_oracle_dynamic_slopes,282,direct_terminal_utility,0.1,leave_one_task,0.2,0.2,-0.0015625,-0.006562499999999996,14,15,0.4819148936170213,-0.005076600732878161,-0.20687499999999998,-0.051298917604257706,-0.046875
relative_oracle_dynamic_slopes,282,direct_terminal_utility,0.1,leave_one_task,0.3,0.3,-0.0109375,-0.018437499999999992,18,25,0.4819148936170213,-0.005076600732878161,-0.313125,-0.051298917604257706,-0.046875
relative_oracle_dynamic_slopes,282,direct_terminal_utility,1.0,leave_one_task,0.1,0.1,-0.0109375,-0.013437499999999996,5,12,0.498936170212766,-0.0007625988966959024,-0.20687499999999998,0.0,-0.0234375
relative_oracle_dynamic_slopes,282,direct_terminal_utility,1.0,leave_one_task,0.2,0.2,-0.015625,-0.020624999999999998,10,20,0.498936170212766,-0.0007625988966959024,-0.289375,0.0,-0.0234375
relative_oracle_dynamic_slopes,282,direct_terminal_utility,1.0,leave_one_task,0.3,0.3,-0.015625,-0.023125,15,25,0.498936170212766,-0.0007625988966959024,-0.31875,0.0,-0.0234375
relative_oracle_dynamic_slopes,282,direct_terminal_utility,10.0,leave_one_task,0.1,0.1,0.00625,0.0037500000000000007,7,3,0.4791223404255319,-0.008122479040252156,-0.00625,0.15389675281277312,0.0234375
relative_oracle_dynamic_slopes,282,direct_terminal_utility,10.0,leave_one_task,0.2,0.2,0.0,-0.004999999999999998,12,12,0.4791223404255319,-0.008122479040252156,-0.13124999999999998,0.15389675281277312,0.0234375
relative_oracle_dynamic_slopes,282,direct_terminal_utility,10.0,leave_one_task,0.3,0.3,-0.009375,-0.016874999999999994,20,26,0.4791223404255319,-0.008122479040252156,-0.2643749999999999,0.15389675281277312,0.0234375
relative_oracle_dynamic_slopes,282,direct_grounded,0.01,leave_one_task,0.1,0.1,0.0015625,-0.0009374999999999994,5,4,0.5252659574468085,0.03687578380598021,-0.025625,0.6668859288553501,0.0859375
relative_oracle_dynamic_slopes,282,direct_grounded,0.01,leave_one_task,0.2,0.2,0.0078125,0.002812500000000001,14,9,0.5252659574468085,0.03687578380598021,-0.026249999999999996,0.6668859288553501,0.0859375
relative_oracle_dynamic_slopes,282,direct_grounded,0.01,leave_one_task,0.3,0.3,0.0,-0.007499999999999995,17,17,0.5252659574468085,0.03687578380598021,-0.05749999999999998,0.6668859288553501,0.0859375
relative_oracle_dynamic_slopes,282,direct_grounded,0.1,leave_one_task,0.1,0.1,0.0,-0.0024999999999999996,6,6,0.482313829787234,-0.00921730330443701,-0.029374999999999995,-0.3,-0.0703125
relative_oracle_dynamic_slopes,282,direct_grounded,0.1,leave_one_task,0.2,0.2,-0.0046875,-0.009687499999999998,14,17,0.482313829787234,-0.00921730330443701,-0.20687499999999998,-0.3,-0.0703125
relative_oracle_dynamic_slopes,282,direct_grounded,0.1,leave_one_task,0.3,0.3,-0.009375,-0.016874999999999994,19,25,0.482313829787234,-0.00921730330443701,-0.313125,-0.3,-0.0703125
relative_oracle_dynamic_slopes,282,direct_grounded,1.0,leave_one_task,0.1,0.1,-0.009375,-0.011875,5,11,0.49946808510638296,0.0021489930136831753,-0.18125,0.20519567041703082,0.0
relative_oracle_dynamic_slopes,282,direct_grounded,1.0,leave_one_task,0.2,0.2,-0.0140625,-0.019062499999999993,10,19,0.49946808510638296,0.0021489930136831753,-0.26374999999999993,0.20519567041703082,0.0
relative_oracle_dynamic_slopes,282,direct_grounded,1.0,leave_one_task,0.3,0.3,-0.0140625,-0.021562499999999995,16,25,0.49946808510638296,0.0021489930136831753,-0.31875,0.20519567041703082,0.0
relative_oracle_dynamic_slopes,282,direct_grounded,10.0,leave_one_task,0.1,0.1,0.0078125,0.0053124999999999995,7,2,0.48816489361702126,-0.00032072683808266004,-0.00625,0.19999999999999998,0.046875
relative_oracle_dynamic_slopes,282,direct_grounded,10.0,leave_one_task,0.2,0.2,0.003125,-0.0018749999999999995,13,11,0.48816489361702126,-0.00032072683808266004,-0.130625,0.19999999999999998,0.046875
relative_oracle_dynamic_slopes,282,direct_grounded,10.0,leave_one_task,0.3,0.3,-0.0015625,-0.009062499999999996,22,23,0.48816489361702126,-0.00032072683808266004,-0.23812499999999998,0.19999999999999998,0.046875
relative_oracle_dynamic_slopes,282,ridge_potential_success,0.01,leave_one_task,0.1,0.1,-0.0078125,-0.010312499999999999,3,8,0.40465425531914895,-0.07818061042608082,-0.08499999999999999,-0.6,-0.046875
relative_oracle_dynamic_slopes,282,ridge_potential_success,0.01,leave_one_task,0.2,0.2,-0.003125,-0.008124999999999997,12,14,0.40465425531914895,-0.07818061042608082,-0.11062499999999997,-0.6,-0.046875
relative_oracle_dynamic_slopes,282,ridge_potential_success,0.01,leave_one_task,0.3,0.3,-0.015625,-0.02312499999999999,20,30,0.40465425531914895,-0.07818061042608082,-0.298125,-0.6,-0.046875
relative_oracle_dynamic_slopes,282,ridge_potential_success,0.1,leave_one_task,0.1,0.1,-0.0015625,-0.004062499999999998,6,7,0.42659574468085104,-0.06111624594766057,-0.03124999999999999,-0.19999999999999998,-0.125
relative_oracle_dynamic_slopes,282,ridge_potential_success,0.1,leave_one_task,0.2,0.2,-0.0078125,-0.012812499999999996,14,19,0.42659574468085104,-0.06111624594766057,-0.18249999999999997,-0.19999999999999998,-0.125
relative_oracle_dynamic_slopes,282,ridge_potential_success,0.1,leave_one_task,0.3,0.3,-0.0125,-0.019999999999999993,23,31,0.42659574468085104,-0.06111624594766057,-0.33874999999999994,-0.19999999999999998,-0.125
relative_oracle_dynamic_slopes,282,ridge_potential_success,1.0,leave_one_task,0.1,0.1,-0.00625,-0.008749999999999999,4,8,0.5200797872340426,0.02297373598491916,-0.1025,0.5642880936468347,0.03125
relative_oracle_dynamic_slopes,282,ridge_potential_success,1.0,leave_one_task,0.2,0.2,-0.00625,-0.011249999999999996,13,17,0.5200797872340426,0.02297373598491916,-0.159375,0.5642880936468347,0.03125
relative_oracle_dynamic_slopes,282,ridge_potential_success,1.0,leave_one_task,0.3,0.3,-0.0078125,-0.015312499999999996,21,26,0.5200797872340426,0.02297373598491916,-0.29312499999999997,0.5642880936468347,0.03125
relative_oracle_dynamic_slopes,282,ridge_potential_success,10.0,leave_one_task,0.1,0.1,0.0015625,-0.0009374999999999991,6,5,0.4942154255319149,-0.0011101442909618457,-0.076875,-0.28867513459481287,0.0
relative_oracle_dynamic_slopes,282,ridge_potential_success,10.0,leave_one_task,0.2,0.2,-0.009375,-0.014374999999999999,12,18,0.4942154255319149,-0.0011101442909618457,-0.231875,-0.28867513459481287,0.0
relative_oracle_dynamic_slopes,282,ridge_potential_success,10.0,leave_one_task,0.3,0.3,-0.0140625,-0.0215625,22,31,0.4942154255319149,-0.0011101442909618457,-0.23874999999999996,-0.28867513459481287,0.0
relative_oracle_dynamic_slopes,282,direct_success,0.01,leave_one_level,0.1,0.1,-0.009375,-0.011874999999999998,2,8,0.5079787234042553,0.008387766540125905,-0.21937499999999996,0.09999999999999999,-0.046875
relative_oracle_dynamic_slopes,282,direct_success,0.01,leave_one_level,0.2,0.2,-0.0125,-0.017499999999999995,9,17,0.5079787234042553,0.008387766540125905,-0.24812499999999998,0.09999999999999999,-0.046875
relative_oracle_dynamic_slopes,282,direct_success,0.01,leave_one_level,0.3,0.3,-0.009375,-0.016874999999999994,16,22,0.5079787234042553,0.008387766540125905,-0.24812499999999998,0.09999999999999999,-0.046875
relative_oracle_dynamic_slopes,282,direct_success,0.1,leave_one_level,0.1,0.1,-0.0109375,-0.013437499999999996,2,9,0.48284574468085106,-0.003882806983446288,-0.21624999999999997,-0.09999999999999999,-0.03125
relative_oracle_dynamic_slopes,282,direct_success,0.1,leave_one_level,0.2,0.2,-0.0140625,-0.0190625,8,17,0.48284574468085106,-0.003882806983446288,-0.24812499999999998,-0.09999999999999999,-0.03125
relative_oracle_dynamic_slopes,282,direct_success,0.1,leave_one_level,0.3,0.3,-0.00625,-0.013749999999999995,17,21,0.48284574468085106,-0.003882806983446288,-0.24812499999999998,-0.09999999999999999,-0.03125
relative_oracle_dynamic_slopes,282,direct_success,1.0,leave_one_level,0.1,0.1,-0.00625,-0.008749999999999997,3,7,0.5214095744680851,0.023519831238806903,-0.08062499999999999,0.10259783520851541,0.0
relative_oracle_dynamic_slopes,282,direct_success,1.0,leave_one_level,0.2,0.2,-0.009375,-0.014374999999999995,7,13,0.5214095744680851,0.023519831238806903,-0.220625,0.10259783520851541,0.0
relative_oracle_dynamic_slopes,282,direct_success,1.0,leave_one_level,0.3,0.3,-0.003125,-0.010624999999999996,16,18,0.5214095744680851,0.023519831238806903,-0.24812499999999998,0.10259783520851541,0.0
relative_oracle_dynamic_slopes,282,direct_success,10.0,leave_one_level,0.1,0.1,-0.0015625,-0.004062499999999998,4,5,0.34654255319148936,-0.1349873966269359,-0.05312499999999999,-0.8999999999999998,-0.1484375
relative_oracle_dynamic_slopes,282,direct_success,10.0,leave_one_level,0.2,0.2,-0.0171875,-0.022187499999999995,11,22,0.34654255319148936,-0.1349873966269359,-0.21125,-0.8999999999999998,-0.1484375
relative_oracle_dynamic_slopes,282,direct_success,10.0,leave_one_level,0.3,0.3,-0.03125,-0.03874999999999999,16,36,0.34654255319148936,-0.1349873966269359,-0.2643749999999999,-0.8999999999999998,-0.1484375
relative_oracle_dynamic_slopes,282,direct_terminal_utility,0.01,leave_one_level,0.1,0.1,-0.009375,-0.011874999999999997,2,8,0.5308510638297872,0.028416972780593998,-0.21812499999999996,0.09999999999999999,-0.046875
relative_oracle_dynamic_slopes,282,direct_terminal_utility,0.01,leave_one_level,0.2,0.2,-0.01875,-0.023749999999999997,6,18,0.5308510638297872,0.028416972780593998,-0.24812499999999998,0.09999999999999999,-0.046875
relative_oracle_dynamic_slopes,282,direct_terminal_utility,0.01,leave_one_level,0.3,0.3,-0.009375,-0.016874999999999994,16,22,0.5308510638297872,0.028416972780593998,-0.24812499999999998,0.09999999999999999,-0.046875
relative_oracle_dynamic_slopes,282,direct_terminal_utility,0.1,leave_one_level,0.1,0.1,-0.009375,-0.011875,2,8,0.5075797872340425,0.012399521317628474,-0.190625,0.20519567041703082,0.0
relative_oracle_dynamic_slopes,282,direct_terminal_utility,0.1,leave_one_level,0.2,0.2,-0.0125,-0.017499999999999998,8,16,0.5075797872340425,0.012399521317628474,-0.24812499999999998,0.20519567041703082,0.0
relative_oracle_dynamic_slopes,282,direct_terminal_utility,0.1,leave_one_level,0.3,0.3,-0.0125,-0.019999999999999997,12,20,0.5075797872340425,0.012399521317628474,-0.24812499999999998,0.20519567041703082,0.0
relative_oracle_dynamic_slopes,282,direct_terminal_utility,1.0,leave_one_level,0.1,0.1,-0.0015625,-0.004062499999999999,4,5,0.5375,0.04319052975885738,-0.05125,0.6,0.015625
relative_oracle_dynamic_slopes,282,direct_terminal_utility,1.0,leave_one_level,0.2,0.2,-0.0046875,-0.009687499999999996,7,10,0.5375,0.04319052975885738,-0.14062499999999997,0.6,0.015625
relative_oracle_dynamic_slopes,282,direct_terminal_utility,1.0,leave_one_level,0.3,0.3,0.0015625,-0.005937499999999992,18,17,0.5375,0.04319052975885738,-0.22124999999999995,0.6,0.015625
relative_oracle_dynamic_slopes,282,direct_terminal_utility,10.0,leave_one_level,0.1,0.1,-0.003125,-0.005624999999999998,4,6,0.3615691489361702,-0.12564935876373282,-0.054374999999999986,-0.7999999999999999,-0.1796875
relative_oracle_dynamic_slopes,282,direct_terminal_utility,10.0,leave_one_level,0.2,0.2,-0.0203125,-0.025312499999999995,9,22,0.3615691489361702,-0.12564935876373282,-0.21187499999999995,-0.7999999999999999,-0.1796875
relative_oracle_dynamic_slopes,282,direct_terminal_utility,10.0,leave_one_level,0.3,0.3,-0.0265625,-0.03406249999999999,18,35,0.3615691489361702,-0.12564935876373282,-0.26624999999999993,-0.7999999999999999,-0.1796875
relative_oracle_dynamic_slopes,282,direct_grounded,0.01,leave_one_level,0.1,0.1,-0.009375,-0.011874999999999997,2,8,0.5210106382978723,0.020721581975432706,-0.21874999999999994,0.09999999999999999,-0.0390625
relative_oracle_dynamic_slopes,282,direct_grounded,0.01,leave_one_level,0.2,0.2,-0.0171875,-0.0221875,7,18,0.5210106382978723,0.020721581975432706,-0.24812499999999998,0.09999999999999999,-0.0390625
relative_oracle_dynamic_slopes,282,direct_grounded,0.01,leave_one_level,0.3,0.3,-0.009375,-0.016874999999999994,16,22,0.5210106382978723,0.020721581975432706,-0.24812499999999998,0.09999999999999999,-0.0390625
relative_oracle_dynamic_slopes,282,direct_grounded,0.1,leave_one_level,0.1,0.1,-0.0109375,-0.0134375,2,9,0.5075797872340425,0.008048559922640275,-0.215625,0.10259783520851541,0.0
relative_oracle_dynamic_slopes,282,direct_grounded,0.1,leave_one_level,0.2,0.2,-0.0140625,-0.0190625,7,16,0.5075797872340425,0.008048559922640275,-0.24812499999999998,0.10259783520851541,0.0
relative_oracle_dynamic_slopes,282,direct_grounded,0.1,leave_one_level,0.3,0.3,-0.00625,-0.013749999999999995,16,20,0.5075797872340425,0.008048559922640275,-0.24812499999999998,0.10259783520851541,0.0
relative_oracle_dynamic_slopes,282,direct_grounded,1.0,leave_one_level,0.1,0.1,-0.00625,-0.008749999999999999,2,6,0.5621010638297872,0.0528603823277849,-0.05437499999999999,0.6,0.015625
relative_oracle_dynamic_slopes,282,direct_grounded,1.0,leave_one_level,0.2,0.2,-0.0109375,-0.015937499999999993,7,14,0.5621010638297872,0.0528603823277849,-0.21937499999999996,0.6,0.015625
relative_oracle_dynamic_slopes,282,direct_grounded,1.0,leave_one_level,0.3,0.3,-0.0046875,-0.012187499999999993,14,17,0.5621010638297872,0.0528603823277849,-0.24749999999999997,0.6,0.015625
relative_oracle_dynamic_slopes,282,direct_grounded,10.0,leave_one_level,0.1,0.1,0.0,-0.002499999999999999,5,5,0.3728723404255319,-0.11082816502078623,-0.053749999999999985,-0.8999999999999998,-0.15625
relative_oracle_dynamic_slopes,282,direct_grounded,10.0,leave_one_level,0.2,0.2,-0.0140625,-0.019062499999999993,12,21,0.3728723404255319,-0.11082816502078623,-0.21187499999999995,-0.8999999999999998,-0.15625
relative_oracle_dynamic_slopes,282,direct_grounded,10.0,leave_one_level,0.3,0.3,-0.025,-0.03249999999999999,17,33,0.3728723404255319,-0.11082816502078623,-0.26499999999999996,-0.8999999999999998,-0.15625
relative_oracle_dynamic_slopes,282,ridge_potential_success,0.01,leave_one_level,0.1,0.1,0.0,-0.0024999999999999966,14,14,0.602061170212766,0.08467554363013217,-0.09999999999999995,0.6668859288553501,0.0703125
relative_oracle_dynamic_slopes,282,ridge_potential_success,0.01,leave_one_level,0.2,0.2,-0.0015625,-0.006562499999999994,23,24,0.602061170212766,0.08467554363013217,-0.09999999999999995,0.6668859288553501,0.0703125
relative_oracle_dynamic_slopes,282,ridge_potential_success,0.01,leave_one_level,0.3,0.3,-0.0125,-0.01999999999999999,24,32,0.602061170212766,0.08467554363013217,-0.24999999999999994,0.6668859288553501,0.0703125
relative_oracle_dynamic_slopes,282,ridge_potential_success,0.1,leave_one_level,0.1,0.1,-0.0125,-0.015,1,9,0.44248670212765956,-0.04047161492400659,-0.246875,-0.6,-0.015625
relative_oracle_dynamic_slopes,282,ridge_potential_success,0.1,leave_one_level,0.2,0.2,-0.009375,-0.014374999999999999,10,16,0.44248670212765956,-0.04047161492400659,-0.24812499999999998,-0.6,-0.015625
relative_oracle_dynamic_slopes,282,ridge_potential_success,0.1,leave_one_level,0.3,0.3,-0.0078125,-0.015312499999999993,18,23,0.44248670212765956,-0.04047161492400659,-0.24874999999999997,-0.6,-0.015625
relative_oracle_dynamic_slopes,282,ridge_potential_success,1.0,leave_one_level,0.1,0.1,-0.0046875,-0.0071874999999999994,3,6,0.46702127659574466,-0.016335904471090092,-0.07874999999999999,-0.15389675281277312,-0.09375
relative_oracle_dynamic_slopes,282,ridge_potential_success,1.0,leave_one_level,0.2,0.2,-0.0125,-0.017499999999999998,6,14,0.46702127659574466,-0.016335904471090092,-0.24375,-0.15389675281277312,-0.09375
relative_oracle_dynamic_slopes,282,ridge_potential_success,1.0,leave_one_level,0.3,0.3,-0.0046875,-0.012187499999999995,15,18,0.46702127659574466,-0.016335904471090092,-0.24812499999999998,-0.15389675281277312,-0.09375
relative_oracle_dynamic_slopes,282,ridge_potential_success,10.0,leave_one_level,0.1,0.1,-0.0078125,-0.010312499999999999,4,9,0.35345744680851066,-0.12924757938477907,-0.104375,-0.9999999999999999,-0.1953125
relative_oracle_dynamic_slopes,282,ridge_potential_success,10.0,leave_one_level,0.2,0.2,-0.021875,-0.026874999999999993,9,23,0.35345744680851066,-0.12924757938477907,-0.20999999999999996,-0.9999999999999999,-0.1953125
relative_oracle_dynamic_slopes,282,ridge_potential_success,10.0,leave_one_level,0.3,0.3,-0.0265625,-0.034062499999999996,17,34,0.35345744680851066,-0.12924757938477907,-0.31625,-0.9999999999999999,-0.1953125
relative_oracle_dynamic_slopes,282,direct_success,0.01,leave_one_cell,0.1,0.1,-0.0109375,-0.013437499999999996,5,12,0.3648936170212766,-0.10553186024389498,-0.24749999999999997,-0.39999999999999997,-0.2890625
relative_oracle_dynamic_slopes,282,direct_success,0.01,leave_one_cell,0.2,0.2,-0.0203125,-0.025312499999999995,8,21,0.3648936170212766,-0.10553186024389498,-0.24999999999999994,-0.39999999999999997,-0.2890625
relative_oracle_dynamic_slopes,282,direct_success,0.01,leave_one_cell,0.3,0.3,-0.0265625,-0.03406249999999999,11,28,0.3648936170212766,-0.10553186024389498,-0.24999999999999994,-0.39999999999999997,-0.2890625
relative_oracle_dynamic_slopes,282,direct_success,0.1,leave_one_cell,0.1,0.1,-0.0125,-0.014999999999999996,4,12,0.37127659574468086,-0.10345432237723665,-0.21999999999999997,-0.7,-0.1328125
relative_oracle_dynamic_slopes,282,direct_success,0.1,leave_one_cell,0.2,0.2,-0.0140625,-0.019062499999999996,8,17,0.37127659574468086,-0.10345432237723665,-0.24812499999999998,-0.7,-0.1328125
relative_oracle_dynamic_slopes,282,direct_success,0.1,leave_one_cell,0.3,0.3,-0.025,-0.032499999999999994,11,27,0.37127659574468086,-0.10345432237723665,-0.24812499999999998,-0.7,-0.1328125
relative_oracle_dynamic_slopes,282,direct_success,1.0,leave_one_cell,0.1,0.1,0.0015625,-0.0009374999999999993,6,5,0.4139627659574468,-0.06090524629454458,-0.031875,-0.7181848464596079,-0.0546875
relative_oracle_dynamic_slopes,282,direct_success,1.0,leave_one_cell,0.2,0.2,-0.009375,-0.014374999999999995,8,14,0.4139627659574468,-0.06090524629454458,-0.13437499999999997,-0.7181848464596079,-0.0546875
relative_oracle_dynamic_slopes,282,direct_success,1.0,leave_one_cell,0.3,0.3,-0.0109375,-0.018437499999999996,17,24,0.4139627659574468,-0.06090524629454458,-0.18312499999999995,-0.7181848464596079,-0.0546875
relative_oracle_dynamic_slopes,282,direct_success,10.0,leave_one_cell,0.1,0.1,0.0015625,-0.0009374999999999988,6,5,0.43377659574468086,-0.05482457754743838,-0.08062499999999999,-0.5797509043642028,-0.015625
relative_oracle_dynamic_slopes,282,direct_success,10.0,leave_one_cell,0.2,0.2,0.0,-0.004999999999999999,13,13,0.43377659574468086,-0.05482457754743838,-0.18624999999999997,-0.5797509043642028,-0.015625
relative_oracle_dynamic_slopes,282,direct_success,10.0,leave_one_cell,0.3,0.3,-0.015625,-0.023124999999999996,19,29,0.43377659574468086,-0.05482457754743838,-0.2656249999999999,-0.5797509043642028,-0.015625
relative_oracle_dynamic_slopes,282,direct_terminal_utility,0.01,leave_one_cell,0.1,0.1,-0.0140625,-0.0165625,1,10,0.4341755319148936,-0.04642490181614166,-0.19437500000000002,-0.39999999999999997,-0.1328125
relative_oracle_dynamic_slopes,282,direct_terminal_utility,0.01,leave_one_cell,0.2,0.2,-0.0140625,-0.019062499999999996,8,17,0.4341755319148936,-0.04642490181614166,-0.24874999999999997,-0.39999999999999997,-0.1328125
relative_oracle_dynamic_slopes,282,direct_terminal_utility,0.01,leave_one_cell,0.3,0.3,-0.015625,-0.023124999999999993,12,22,0.4341755319148936,-0.04642490181614166,-0.24937499999999996,-0.39999999999999997,-0.1328125
relative_oracle_dynamic_slopes,282,direct_terminal_utility,0.1,leave_one_cell,0.1,0.1,-0.0125,-0.014999999999999996,1,9,0.3886968085106383,-0.07830005731567814,-0.14124999999999996,-0.7,-0.109375
relative_oracle_dynamic_slopes,282,direct_terminal_utility,0.1,leave_one_cell,0.2,0.2,-0.0109375,-0.015937499999999997,8,15,0.3886968085106383,-0.07830005731567814,-0.24624999999999994,-0.7,-0.109375
relative_oracle_dynamic_slopes,282,direct_terminal_utility,0.1,leave_one_cell,0.3,0.3,-0.009375,-0.016874999999999998,13,19,0.3886968085106383,-0.07830005731567814,-0.24749999999999997,-0.7,-0.109375
relative_oracle_dynamic_slopes,282,direct_terminal_utility,1.0,leave_one_cell,0.1,0.1,0.0015625,-0.0009375000000000002,6,5,0.4226063829787234,-0.05318562644527717,-0.032499999999999994,-0.6,-0.03125
relative_oracle_dynamic_slopes,282,direct_terminal_utility,1.0,leave_one_cell,0.2,0.2,-0.00625,-0.011249999999999998,9,13,0.4226063829787234,-0.05318562644527717,-0.13374999999999998,-0.6,-0.03125
relative_oracle_dynamic_slopes,282,direct_terminal_utility,1.0,leave_one_cell,0.3,0.3,-0.015625,-0.023124999999999996,15,25,0.4226063829787234,-0.05318562644527717,-0.23437499999999994,-0.6,-0.03125
relative_oracle_dynamic_slopes,282,direct_terminal_utility,10.0,leave_one_cell,0.1,0.1,0.003125,0.0006250000000000012,7,5,0.42699468085106385,-0.05718834666396051,-0.10687499999999997,-0.49999999999999994,-0.03125
relative_oracle_dynamic_slopes,282,direct_terminal_utility,10.0,leave_one_cell,0.2,0.2,0.0,-0.004999999999999999,12,12,0.42699468085106385,-0.05718834666396051,-0.18687499999999996,-0.49999999999999994,-0.03125
relative_oracle_dynamic_slopes,282,direct_terminal_utility,10.0,leave_one_cell,0.3,0.3,-0.0203125,-0.027812499999999997,17,30,0.42699468085106385,-0.05718834666396051,-0.26625,-0.49999999999999994,-0.03125
relative_oracle_dynamic_slopes,282,direct_grounded,0.01,leave_one_cell,0.1,0.1,-0.0125,-0.015,2,10,0.43497340425531916,-0.04632305769854308,-0.19499999999999998,-0.19999999999999998,-0.1328125
relative_oracle_dynamic_slopes,282,direct_grounded,0.01,leave_one_cell,0.2,0.2,-0.0171875,-0.0221875,7,18,0.43497340425531916,-0.04632305769854308,-0.24874999999999997,-0.19999999999999998,-0.1328125
relative_oracle_dynamic_slopes,282,direct_grounded,0.01,leave_one_cell,0.3,0.3,-0.01875,-0.02624999999999999,11,23,0.43497340425531916,-0.04632305769854308,-0.24999999999999994,-0.19999999999999998,-0.1328125
relative_oracle_dynamic_slopes,282,direct_grounded,0.1,leave_one_cell,0.1,0.1,-0.0140625,-0.016562499999999997,3,12,0.4015957446808511,-0.075699747022798,-0.193125,-0.8999999999999998,-0.109375
relative_oracle_dynamic_slopes,282,direct_grounded,0.1,leave_one_cell,0.2,0.2,-0.0140625,-0.019062499999999996,7,16,0.4015957446808511,-0.075699747022798,-0.24687499999999996,-0.8999999999999998,-0.109375
relative_oracle_dynamic_slopes,282,direct_grounded,0.1,leave_one_cell,0.3,0.3,-0.01875,-0.026249999999999996,11,23,0.4015957446808511,-0.075699747022798,-0.24749999999999997,-0.8999999999999998,-0.109375
relative_oracle_dynamic_slopes,282,direct_grounded,1.0,leave_one_cell,0.1,0.1,0.0046875,0.0021874999999999998,6,3,0.449468085106383,-0.03264678895505162,-0.034999999999999996,-0.7181848464596079,-0.0078125
relative_oracle_dynamic_slopes,282,direct_grounded,1.0,leave_one_cell,0.2,0.2,-0.003125,-0.008124999999999997,9,11,0.449468085106383,-0.03264678895505162,-0.08249999999999999,-0.7181848464596079,-0.0078125
relative_oracle_dynamic_slopes,282,direct_grounded,1.0,leave_one_cell,0.3,0.3,-0.0140625,-0.021562499999999995,16,25,0.449468085106383,-0.03264678895505162,-0.18312499999999995,-0.7181848464596079,-0.0078125
relative_oracle_dynamic_slopes,282,direct_grounded,10.0,leave_one_cell,0.1,0.1,0.0046875,0.002187500000000001,6,3,0.4563829787234043,-0.028816136015698154,-0.055624999999999994,-0.11180339887498947,0.0
relative_oracle_dynamic_slopes,282,direct_grounded,10.0,leave_one_cell,0.2,0.2,-0.0015625,-0.006562499999999999,13,14,0.4563829787234043,-0.028816136015698154,-0.18562499999999998,-0.11180339887498947,0.0
relative_oracle_dynamic_slopes,282,direct_grounded,10.0,leave_one_cell,0.3,0.3,-0.0078125,-0.015312499999999993,20,25,0.4563829787234043,-0.028816136015698154,-0.2656249999999999,-0.11180339887498947,0.0
relative_oracle_dynamic_slopes,282,ridge_potential_success,0.01,leave_one_cell,0.1,0.1,-0.01875,-0.021249999999999998,1,13,0.3952127659574468,-0.09016994581764678,-0.24812499999999998,-0.6,-0.1328125
relative_oracle_dynamic_slopes,282,ridge_potential_success,0.01,leave_one_cell,0.2,0.2,-0.021875,-0.026874999999999993,4,18,0.3952127659574468,-0.09016994581764678,-0.24999999999999994,-0.6,-0.1328125
relative_oracle_dynamic_slopes,282,ridge_potential_success,0.01,leave_one_cell,0.3,0.3,-0.0234375,-0.030937499999999996,8,23,0.3952127659574468,-0.09016994581764678,-0.24999999999999994,-0.6,-0.1328125
relative_oracle_dynamic_slopes,282,ridge_potential_success,0.1,leave_one_cell,0.1,0.1,-0.01875,-0.021249999999999998,2,14,0.3972074468085106,-0.0869601090999433,-0.24749999999999997,-0.7,-0.1640625
relative_oracle_dynamic_slopes,282,ridge_potential_success,0.1,leave_one_cell,0.2,0.2,-0.0234375,-0.028437499999999994,4,19,0.3972074468085106,-0.0869601090999433,-0.24812499999999998,-0.7,-0.1640625
relative_oracle_dynamic_slopes,282,ridge_potential_success,0.1,leave_one_cell,0.3,0.3,-0.0234375,-0.03093749999999999,12,27,0.3972074468085106,-0.0869601090999433,-0.24874999999999997,-0.7,-0.1640625
relative_oracle_dynamic_slopes,282,ridge_potential_success,1.0,leave_one_cell,0.1,0.1,-0.003125,-0.005624999999999999,4,6,0.47047872340425534,-0.01869934267578689,-0.053749999999999985,-0.19999999999999998,0.0390625
relative_oracle_dynamic_slopes,282,ridge_potential_success,1.0,leave_one_cell,0.2,0.2,-0.003125,-0.008124999999999997,12,14,0.47047872340425534,-0.01869934267578689,-0.13124999999999998,-0.19999999999999998,0.0390625
relative_oracle_dynamic_slopes,282,ridge_potential_success,1.0,leave_one_cell,0.3,0.3,-0.0078125,-0.015312499999999996,19,24,0.47047872340425534,-0.01869934267578689,-0.18312499999999998,-0.19999999999999998,0.0390625
relative_oracle_dynamic_slopes,282,ridge_potential_success,10.0,leave_one_cell,0.1,0.1,0.0109375,0.0084375,8,1,0.44242021276595744,-0.06098580498728951,-0.01,-0.41039134083406165,0.0
relative_oracle_dynamic_slopes,282,ridge_potential_success,10.0,leave_one_cell,0.2,0.2,0.0015625,-0.003437499999999996,17,16,0.44242021276595744,-0.06098580498728951,-0.131875,-0.41039134083406165,0.0
relative_oracle_dynamic_slopes,282,ridge_potential_success,10.0,leave_one_cell,0.3,0.3,-0.025,-0.032499999999999994,22,38,0.44242021276595744,-0.06098580498728951,-0.28624999999999995,-0.41039134083406165,0.0
relative_oracle_dynamic_slopes,282,direct_success,0.01,within_cell_grouped5,0.1,0.1,0.01875,0.016249999999999997,19,7,0.7819148936170213,0.2886557969214521,-0.057499999999999996,0.9999999999999999,0.4375
relative_oracle_dynamic_slopes,282,direct_success,0.01,within_cell_grouped5,0.2,0.2,0.028125,0.023125,28,10,0.7819148936170213,0.2886557969214521,-0.053125,0.9999999999999999,0.4375
relative_oracle_dynamic_slopes,282,direct_success,0.01,within_cell_grouped5,0.3,0.3,0.0375,0.03,37,13,0.7819148936170213,0.2886557969214521,-0.05249999999999999,0.9999999999999999,0.4375
relative_oracle_dynamic_slopes,282,direct_success,0.1,within_cell_grouped5,0.1,0.1,0.0203125,0.0178125,20,7,0.7828457446808511,0.2985995608873081,-0.081875,0.9999999999999999,0.4453125
relative_oracle_dynamic_slopes,282,direct_success,0.1,within_cell_grouped5,0.2,0.2,0.034375,0.029375000000000002,31,9,0.7828457446808511,0.2985995608873081,-0.05125,0.9999999999999999,0.4453125
relative_oracle_dynamic_slopes,282,direct_success,0.1,within_cell_grouped5,0.3,0.3,0.040625,0.033125,40,14,0.7828457446808511,0.2985995608873081,-0.05624999999999998,0.9999999999999999,0.4453125
relative_oracle_dynamic_slopes,282,direct_success,1.0,within_cell_grouped5,0.1,0.1,0.01875,0.016249999999999997,18,6,0.8019946808510638,0.3184082417602341,-0.08249999999999999,0.9999999999999999,0.4453125
relative_oracle_dynamic_slopes,282,direct_success,1.0,within_cell_grouped5,0.2,0.2,0.0328125,0.027812500000000007,30,9,0.8019946808510638,0.3184082417602341,-0.053125,0.9999999999999999,0.4453125
relative_oracle_dynamic_slopes,282,direct_success,1.0,within_cell_grouped5,0.3,0.3,0.040625,0.033125,41,15,0.8019946808510638,0.3184082417602341,-0.057499999999999996,0.9999999999999999,0.4453125
relative_oracle_dynamic_slopes,282,direct_success,10.0,within_cell_grouped5,0.1,0.1,0.01875,0.01625,17,5,0.8099734042553192,0.3369385325602391,-0.08375,0.9999999999999999,0.4765625
relative_oracle_dynamic_slopes,282,direct_success,10.0,within_cell_grouped5,0.2,0.2,0.03125,0.026249999999999996,31,11,0.8099734042553192,0.3369385325602391,-0.027499999999999997,0.9999999999999999,0.4765625
relative_oracle_dynamic_slopes,282,direct_success,10.0,within_cell_grouped5,0.3,0.3,0.0546875,0.0471875,47,12,0.8099734042553192,0.3369385325602391,-0.028749999999999998,0.9999999999999999,0.4765625
relative_oracle_dynamic_slopes,282,direct_terminal_utility,0.01,within_cell_grouped5,0.1,0.1,0.0171875,0.014687500000000001,18,7,0.7864361702127659,0.2897481572150499,-0.057499999999999996,0.9999999999999999,0.4609375
relative_oracle_dynamic_slopes,282,direct_terminal_utility,0.01,within_cell_grouped5,0.2,0.2,0.0328125,0.027812499999999997,29,8,0.7864361702127659,0.2897481572150499,-0.05187499999999999,0.9999999999999999,0.4609375
relative_oracle_dynamic_slopes,282,direct_terminal_utility,0.01,within_cell_grouped5,0.3,0.3,0.0359375,0.028437499999999998,38,15,0.7864361702127659,0.2897481572150499,-0.05249999999999999,0.9999999999999999,0.4609375
relative_oracle_dynamic_slopes,282,direct_terminal_utility,0.1,within_cell_grouped5,0.1,0.1,0.015625,0.013124999999999998,17,7,0.7886968085106383,0.3004471281658406,-0.081875,0.9999999999999999,0.4296875
relative_oracle_dynamic_slopes,282,direct_terminal_utility,0.1,within_cell_grouped5,0.2,0.2,0.0296875,0.0246875,29,10,0.7886968085106383,0.3004471281658406,-0.05125,0.9999999999999999,0.4296875
relative_oracle_dynamic_slopes,282,direct_terminal_utility,0.1,within_cell_grouped5,0.3,0.3,0.040625,0.033125,40,14,0.7886968085106383,0.3004471281658406,-0.05187499999999999,0.9999999999999999,0.4296875
relative_oracle_dynamic_slopes,282,direct_terminal_utility,1.0,within_cell_grouped5,0.1,0.1,0.015625,0.013125000000000001,16,6,0.8066489361702127,0.3201510902888164,-0.081875,0.9999999999999999,0.484375
relative_oracle_dynamic_slopes,282,direct_terminal_utility,1.0,within_cell_grouped5,0.2,0.2,0.0359375,0.030937499999999996,31,8,0.8066489361702127,0.3201510902888164,-0.037499999999999985,0.9999999999999999,0.484375
relative_oracle_dynamic_slopes,282,direct_terminal_utility,1.0,within_cell_grouped5,0.3,0.3,0.040625,0.033124999999999995,40,14,0.8066489361702127,0.3201510902888164,-0.05687499999999999,0.9999999999999999,0.484375
relative_oracle_dynamic_slopes,282,direct_terminal_utility,10.0,within_cell_grouped5,0.1,0.1,0.021875,0.019374999999999996,19,5,0.8107712765957447,0.3368642027808627,-0.08375,0.9999999999999999,0.4921875
relative_oracle_dynamic_slopes,282,direct_terminal_utility,10.0,within_cell_grouped5,0.2,0.2,0.03125,0.026249999999999996,31,11,0.8107712765957447,0.3368642027808627,-0.027499999999999997,0.9999999999999999,0.4921875
relative_oracle_dynamic_slopes,282,direct_terminal_utility,10.0,within_cell_grouped5,0.3,0.3,0.0515625,0.044062500000000004,45,12,0.8107712765957447,0.3368642027808627,-0.030624999999999993,0.9999999999999999,0.4921875
relative_oracle_dynamic_slopes,282,direct_grounded,0.01,within_cell_grouped5,0.1,0.1,0.01875,0.01625,19,7,0.7848404255319149,0.29289505831649343,-0.057499999999999996,0.9999999999999999,0.4453125
relative_oracle_dynamic_slopes,282,direct_grounded,0.01,within_cell_grouped5,0.2,0.2,0.03125,0.026249999999999996,30,10,0.7848404255319149,0.29289505831649343,-0.05187499999999999,0.9999999999999999,0.4453125
relative_oracle_dynamic_slopes,282,direct_grounded,0.01,within_cell_grouped5,0.3,0.3,0.0375,0.03,38,14,0.7848404255319149,0.29289505831649343,-0.05187499999999999,0.9999999999999999,0.4453125
relative_oracle_dynamic_slopes,282,direct_grounded,0.1,within_cell_grouped5,0.1,0.1,0.015625,0.013125000000000001,17,7,0.7860372340425532,0.30234931345905297,-0.081875,0.9999999999999999,0.4375
relative_oracle_dynamic_slopes,282,direct_grounded,0.1,within_cell_grouped5,0.2,0.2,0.028125,0.023125000000000003,28,10,0.7860372340425532,0.30234931345905297,-0.05125,0.9999999999999999,0.4375
relative_oracle_dynamic_slopes,282,direct_grounded,0.1,within_cell_grouped5,0.3,0.3,0.0375,0.030000000000000006,40,16,0.7860372340425532,0.30234931345905297,-0.05187499999999999,0.9999999999999999,0.4375
relative_oracle_dynamic_slopes,282,direct_grounded,1.0,within_cell_grouped5,0.1,0.1,0.0171875,0.014687500000000001,17,6,0.8026595744680851,0.3209518807296118,-0.081875,0.9999999999999999,0.46875
relative_oracle_dynamic_slopes,282,direct_grounded,1.0,within_cell_grouped5,0.2,0.2,0.0328125,0.0278125,31,10,0.8026595744680851,0.3209518807296118,-0.053749999999999985,0.9999999999999999,0.46875
relative_oracle_dynamic_slopes,282,direct_grounded,1.0,within_cell_grouped5,0.3,0.3,0.04375,0.036250000000000004,42,14,0.8026595744680851,0.3209518807296118,-0.05687499999999999,0.9999999999999999,0.46875
relative_oracle_dynamic_slopes,282,direct_grounded,10.0,within_cell_grouped5,0.1,0.1,0.021875,0.019374999999999996,20,6,0.8109042553191489,0.336662567854488,-0.08375,0.9999999999999999,0.5234375
relative_oracle_dynamic_slopes,282,direct_grounded,10.0,within_cell_grouped5,0.2,0.2,0.0375,0.032499999999999994,34,10,0.8109042553191489,0.336662567854488,-0.027499999999999997,0.9999999999999999,0.5234375
relative_oracle_dynamic_slopes,282,direct_grounded,10.0,within_cell_grouped5,0.3,0.3,0.0484375,0.0409375,44,13,0.8109042553191489,0.336662567854488,-0.05125,0.9999999999999999,0.5234375
relative_oracle_dynamic_slopes,282,ridge_potential_success,0.01,within_cell_grouped5,0.1,0.1,0.0203125,0.017812500000000002,19,6,0.7906914893617021,0.31480523392905746,-0.08187499999999999,0.9999999999999999,0.515625
relative_oracle_dynamic_slopes,282,ridge_potential_success,0.01,within_cell_grouped5,0.2,0.2,0.0375,0.032499999999999994,34,10,0.7906914893617021,0.31480523392905746,-0.05499999999999998,0.9999999999999999,0.515625
relative_oracle_dynamic_slopes,282,ridge_potential_success,0.01,within_cell_grouped5,0.3,0.3,0.0390625,0.03156250000000001,38,13,0.7906914893617021,0.31480523392905746,-0.05312499999999999,0.9999999999999999,0.515625
relative_oracle_dynamic_slopes,282,ridge_potential_success,0.1,within_cell_grouped5,0.1,0.1,0.021875,0.019374999999999996,21,7,0.8047872340425531,0.3337452319129782,-0.057499999999999996,0.9999999999999999,0.53125
relative_oracle_dynamic_slopes,282,ridge_potential_success,0.1,within_cell_grouped5,0.2,0.2,0.0390625,0.0340625,34,9,0.8047872340425531,0.3337452319129782,-0.05187499999999999,0.9999999999999999,0.53125
relative_oracle_dynamic_slopes,282,ridge_potential_success,0.1,within_cell_grouped5,0.3,0.3,0.04375,0.036250000000000004,42,14,0.8047872340425531,0.3337452319129782,-0.05249999999999999,0.9999999999999999,0.53125
relative_oracle_dynamic_slopes,282,ridge_potential_success,1.0,within_cell_grouped5,0.1,0.1,0.0234375,0.020937499999999998,21,6,0.8167553191489362,0.3507074546145438,-0.058124999999999996,0.9999999999999999,0.515625
relative_oracle_dynamic_slopes,282,ridge_potential_success,1.0,within_cell_grouped5,0.2,0.2,0.0390625,0.0340625,35,10,0.8167553191489362,0.3507074546145438,-0.05125,0.9999999999999999,0.515625
relative_oracle_dynamic_slopes,282,ridge_potential_success,1.0,within_cell_grouped5,0.3,0.3,0.0515625,0.0440625,46,13,0.8167553191489362,0.3507074546145438,-0.05187499999999999,0.9999999999999999,0.515625
relative_oracle_dynamic_slopes,282,ridge_potential_success,10.0,within_cell_grouped5,0.1,0.1,0.0234375,0.020937499999999998,20,5,0.8199468085106383,0.35826694962059946,-0.083125,0.9999999999999999,0.578125
relative_oracle_dynamic_slopes,282,ridge_potential_success,10.0,within_cell_grouped5,0.2,0.2,0.04375,0.03874999999999999,38,10,0.8199468085106383,0.35826694962059946,-0.028125,0.9999999999999999,0.578125
relative_oracle_dynamic_slopes,282,ridge_potential_success,10.0,within_cell_grouped5,0.3,0.3,0.0546875,0.04718750000000001,48,13,0.8199468085106383,0.35826694962059946,-0.05125,0.9999999999999999,0.578125
relative_object_oracle_dynamic_slopes,374,direct_success,0.01,leave_one_task,0.1,0.1,0.0,-0.0024999999999999983,7,7,0.4752659574468085,-0.020084234916912497,-0.03937499999999998,-0.051298917604257706,0.0078125
relative_object_oracle_dynamic_slopes,374,direct_success,0.01,leave_one_task,0.2,0.2,-0.009375,-0.014375000000000002,12,18,0.4752659574468085,-0.020084234916912497,-0.29874999999999996,-0.051298917604257706,0.0078125
relative_object_oracle_dynamic_slopes,374,direct_success,0.01,leave_one_task,0.3,0.3,-0.009375,-0.016875,20,26,0.4752659574468085,-0.020084234916912497,-0.3,-0.051298917604257706,0.0078125
relative_object_oracle_dynamic_slopes,374,direct_success,0.1,leave_one_task,0.1,0.1,0.003125,0.0006250000000000003,5,3,0.5482712765957447,0.04616084630156145,-0.025625,0.5642880936468347,0.078125
relative_object_oracle_dynamic_slopes,374,direct_success,0.1,leave_one_task,0.2,0.2,0.0046875,-0.00031249999999999925,11,8,0.5482712765957447,0.04616084630156145,-0.03874999999999999,0.5642880936468347,0.078125
relative_object_oracle_dynamic_slopes,374,direct_success,0.1,leave_one_task,0.3,0.3,-0.0015625,-0.009062499999999998,17,18,0.5482712765957447,0.04616084630156145,-0.21125,0.5642880936468347,0.078125
relative_object_oracle_dynamic_slopes,374,direct_success,1.0,leave_one_task,0.1,0.1,-0.0015625,-0.004062499999999998,5,6,0.5486702127659574,0.04926627056478946,-0.03,0.49999999999999994,0.0234375
relative_object_oracle_dynamic_slopes,374,direct_success,1.0,leave_one_task,0.2,0.2,0.0,-0.004999999999999998,11,11,0.5486702127659574,0.04926627056478946,-0.07874999999999999,0.49999999999999994,0.0234375
relative_object_oracle_dynamic_slopes,374,direct_success,1.0,leave_one_task,0.3,0.3,0.003125,-0.004374999999999999,19,17,0.5486702127659574,0.04926627056478946,-0.20874999999999994,0.49999999999999994,0.0234375
relative_object_oracle_dynamic_slopes,374,direct_success,10.0,leave_one_task,0.1,0.1,0.0015625,-0.0009374999999999988,7,6,0.5287234042553192,0.02999843123572373,-0.02874999999999999,0.8999999999999998,0.0546875
relative_object_oracle_dynamic_slopes,374,direct_success,10.0,leave_one_task,0.2,0.2,0.0015625,-0.0034374999999999974,15,14,0.5287234042553192,0.02999843123572373,-0.12937499999999996,0.8999999999999998,0.0546875
relative_object_oracle_dynamic_slopes,374,direct_success,10.0,leave_one_task,0.3,0.3,0.0015625,-0.0059375,23,22,0.5287234042553192,0.02999843123572373,-0.13249999999999998,0.8999999999999998,0.0546875
relative_object_oracle_dynamic_slopes,374,direct_terminal_utility,0.01,leave_one_task,0.1,0.1,0.003125,0.0006249999999999999,7,5,0.4968085106382979,0.0007625988966959024,-0.025625,0.0,0.078125
relative_object_oracle_dynamic_slopes,374,direct_terminal_utility,0.01,leave_one_task,0.2,0.2,0.0015625,-0.0034374999999999974,13,12,0.4968085106382979,0.0007625988966959024,-0.14187499999999995,0.0,0.078125
relative_object_oracle_dynamic_slopes,374,direct_terminal_utility,0.01,leave_one_task,0.3,0.3,-0.0109375,-0.018437499999999996,18,25,0.4968085106382979,0.0007625988966959024,-0.2975,0.0,0.078125
relative_object_oracle_dynamic_slopes,374,direct_terminal_utility,0.1,leave_one_task,0.1,0.1,0.003125,0.0006250000000000002,6,4,0.5570478723404255,0.06023052901545391,-0.028124999999999994,0.7,0.1171875
relative_object_oracle_dynamic_slopes,374,direct_terminal_utility,0.1,leave_one_task,0.2,0.2,0.0046875,-0.00031249999999999974,8,5,0.5570478723404255,0.06023052901545391,-0.03874999999999999,0.7,0.1171875
relative_object_oracle_dynamic_slopes,374,direct_terminal_utility,0.1,leave_one_task,0.3,0.3,-0.0015625,-0.009062499999999996,16,17,0.5570478723404255,0.06023052901545391,-0.21125,0.7,0.1171875
relative_object_oracle_dynamic_slopes,374,direct_terminal_utility,1.0,leave_one_task,0.1,0.1,-0.0015625,-0.004062499999999998,5,6,0.5582446808510638,0.05733988085506486,-0.02874999999999999,0.7999999999999999,0.015625
relative_object_oracle_dynamic_slopes,374,direct_terminal_utility,1.0,leave_one_task,0.2,0.2,-0.0015625,-0.006562499999999997,10,11,0.5582446808510638,0.05733988085506486,-0.053749999999999985,0.7999999999999999,0.015625
relative_object_oracle_dynamic_slopes,374,direct_terminal_utility,1.0,leave_one_task,0.3,0.3,-0.003125,-0.010624999999999997,16,18,0.5582446808510638,0.05733988085506486,-0.18437499999999996,0.7999999999999999,0.015625
relative_object_oracle_dynamic_slopes,374,direct_terminal_utility,10.0,leave_one_task,0.1,0.1,0.0015625,-0.0009374999999999991,7,6,0.5240691489361702,0.027322969839938163,-0.02874999999999999,0.15389675281277312,0.046875
relative_object_oracle_dynamic_slopes,374,direct_terminal_utility,10.0,leave_one_task,0.2,0.2,0.0015625,-0.0034374999999999974,13,12,0.5240691489361702,0.027322969839938163,-0.07937499999999999,0.15389675281277312,0.046875
relative_object_oracle_dynamic_slopes,374,direct_terminal_utility,10.0,leave_one_task,0.3,0.3,0.0046875,-0.002812499999999998,23,20,0.5240691489361702,0.027322969839938163,-0.10749999999999997,0.15389675281277312,0.046875
relative_object_oracle_dynamic_slopes,374,direct_grounded,0.01,leave_one_task,0.1,0.1,0.003125,0.0006249999999999999,7,5,0.4856382978723404,-0.013840122787531125,-0.025625,-0.09999999999999999,0.0625
relative_object_oracle_dynamic_slopes,374,direct_grounded,0.01,leave_one_task,0.2,0.2,-0.003125,-0.008124999999999997,13,15,0.4856382978723404,-0.013840122787531125,-0.11624999999999996,-0.09999999999999999,0.0625
relative_object_oracle_dynamic_slopes,374,direct_grounded,0.01,leave_one_task,0.3,0.3,-0.0171875,-0.024687499999999994,19,30,0.4856382978723404,-0.013840122787531125,-0.2925,-0.09999999999999999,0.0625
relative_object_oracle_dynamic_slopes,374,direct_grounded,0.1,leave_one_task,0.1,0.1,0.0046875,0.0021874999999999998,6,3,0.5585106382978723,0.05980590475095011,-0.025625,0.6,0.0859375
relative_object_oracle_dynamic_slopes,374,direct_grounded,0.1,leave_one_task,0.2,0.2,0.0046875,-0.00031249999999999887,9,6,0.5585106382978723,0.05980590475095011,-0.03874999999999999,0.6,0.0859375
relative_object_oracle_dynamic_slopes,374,direct_grounded,0.1,leave_one_task,0.3,0.3,-0.009375,-0.016874999999999998,13,19,0.5585106382978723,0.05980590475095011,-0.21125,0.6,0.0859375
relative_object_oracle_dynamic_slopes,374,direct_grounded,1.0,leave_one_task,0.1,0.1,-0.003125,-0.005624999999999998,4,6,0.5631648936170213,0.0621171091616149,-0.05312499999999999,0.7181848464596079,0.0234375
relative_object_oracle_dynamic_slopes,374,direct_grounded,1.0,leave_one_task,0.2,0.2,-0.0015625,-0.006562499999999999,9,10,0.5631648936170213,0.0621171091616149,-0.05249999999999999,0.7181848464596079,0.0234375
relative_object_oracle_dynamic_slopes,374,direct_grounded,1.0,leave_one_task,0.3,0.3,-0.0015625,-0.009062499999999998,17,18,0.5631648936170213,0.0621171091616149,-0.18437499999999996,0.7181848464596079,0.0234375
relative_object_oracle_dynamic_slopes,374,direct_grounded,10.0,leave_one_task,0.1,0.1,0.0015625,-0.0009374999999999988,7,6,0.5352393617021277,0.036727534908991936,-0.02874999999999999,0.41039134083406165,0.046875
relative_object_oracle_dynamic_slopes,374,direct_grounded,10.0,leave_one_task,0.2,0.2,0.003125,-0.0018749999999999988,15,13,0.5352393617021277,0.036727534908991936,-0.10374999999999998,0.41039134083406165,0.046875
relative_object_oracle_dynamic_slopes,374,direct_grounded,10.0,leave_one_task,0.3,0.3,0.0046875,-0.002812499999999998,23,20,0.5352393617021277,0.036727534908991936,-0.10687499999999997,0.41039134083406165,0.046875
relative_object_oracle_dynamic_slopes,374,ridge_potential_success,0.01,leave_one_task,0.1,0.1,-0.0078125,-0.010312499999999999,8,13,0.5144281914893617,0.013290983090331852,-0.193125,0.09999999999999999,0.015625
relative_object_oracle_dynamic_slopes,374,ridge_potential_success,0.01,leave_one_task,0.2,0.2,-0.0078125,-0.0128125,13,18,0.5144281914893617,0.013290983090331852,-0.24562499999999998,0.09999999999999999,0.015625
relative_object_oracle_dynamic_slopes,374,ridge_potential_success,0.01,leave_one_task,0.3,0.3,0.003125,-0.004374999999999995,22,20,0.5144281914893617,0.013290983090331852,-0.298125,0.09999999999999999,0.015625
relative_object_oracle_dynamic_slopes,374,ridge_potential_success,0.1,leave_one_task,0.1,0.1,0.0015625,-0.0009374999999999994,5,4,0.546875,0.04041575757326367,-0.03625,0.3,0.0625
relative_object_oracle_dynamic_slopes,374,ridge_potential_success,0.1,leave_one_task,0.2,0.2,-0.0109375,-0.015937499999999997,9,16,0.546875,0.04041575757326367,-0.18562499999999998,0.3,0.0625
relative_object_oracle_dynamic_slopes,374,ridge_potential_success,0.1,leave_one_task,0.3,0.3,-0.015625,-0.023125,13,23,0.546875,0.04041575757326367,-0.26374999999999993,0.3,0.0625
relative_object_oracle_dynamic_slopes,374,ridge_potential_success,1.0,leave_one_task,0.1,0.1,-0.0046875,-0.007187499999999998,5,8,0.5592420212765957,0.0576271014870465,-0.05187499999999999,0.3,0.0859375
relative_object_oracle_dynamic_slopes,374,ridge_potential_success,1.0,leave_one_task,0.2,0.2,-0.00625,-0.011249999999999996,11,15,0.5592420212765957,0.0576271014870465,-0.18187499999999995,0.3,0.0859375
relative_object_oracle_dynamic_slopes,374,ridge_potential_success,1.0,leave_one_task,0.3,0.3,0.0015625,-0.005937499999999998,22,21,0.5592420212765957,0.0576271014870465,-0.21062499999999998,0.3,0.0859375
relative_object_oracle_dynamic_slopes,374,ridge_potential_success,10.0,leave_one_task,0.1,0.1,0.0,-0.002499999999999998,7,7,0.5261303191489362,0.026045096599043457,-0.053749999999999985,0.15389675281277312,0.03125
relative_object_oracle_dynamic_slopes,374,ridge_potential_success,10.0,leave_one_task,0.2,0.2,-0.0015625,-0.006562499999999999,13,14,0.5261303191489362,0.026045096599043457,-0.13187499999999996,0.15389675281277312,0.03125
relative_object_oracle_dynamic_slopes,374,ridge_potential_success,10.0,leave_one_task,0.3,0.3,-0.003125,-0.010624999999999996,23,25,0.5261303191489362,0.026045096599043457,-0.21249999999999997,0.15389675281277312,0.03125
relative_object_oracle_dynamic_slopes,374,direct_success,0.01,leave_one_level,0.1,0.1,-0.01875,-0.021249999999999995,2,14,0.3449468085106383,-0.1375696378021776,-0.3193749999999999,-0.6,-0.078125
relative_object_oracle_dynamic_slopes,374,direct_success,0.01,leave_one_level,0.2,0.2,-0.025,-0.029999999999999992,9,25,0.3449468085106383,-0.1375696378021776,-0.3749999999999999,-0.6,-0.078125
relative_object_oracle_dynamic_slopes,374,direct_success,0.01,leave_one_level,0.3,0.3,-0.0546875,-0.06218749999999999,10,45,0.3449468085106383,-0.1375696378021776,-0.3749999999999999,-0.6,-0.078125
relative_object_oracle_dynamic_slopes,374,direct_success,0.1,leave_one_level,0.1,0.1,0.0109375,0.0084375,8,1,0.463031914893617,-0.009979080877603892,-0.011875,0.09999999999999999,0.0859375
relative_object_oracle_dynamic_slopes,374,direct_success,0.1,leave_one_level,0.2,0.2,0.0140625,0.009062499999999998,15,6,0.463031914893617,-0.009979080877603892,-0.057499999999999996,0.09999999999999999,0.0859375
relative_object_oracle_dynamic_slopes,374,direct_success,0.1,leave_one_level,0.3,0.3,0.0015625,-0.005937499999999999,20,19,0.463031914893617,-0.009979080877603892,-0.19374999999999995,0.09999999999999999,0.0859375
relative_object_oracle_dynamic_slopes,374,direct_success,1.0,leave_one_level,0.1,0.1,0.00625,0.0037500000000000007,7,3,0.5208776595744681,0.040597200715973884,-0.05187499999999999,0.7,0.1328125
relative_object_oracle_dynamic_slopes,374,direct_success,1.0,leave_one_level,0.2,0.2,0.0125,0.0075000000000000015,15,7,0.5208776595744681,0.040597200715973884,-0.036875,0.7,0.1328125
relative_object_oracle_dynamic_slopes,374,direct_success,1.0,leave_one_level,0.3,0.3,0.0140625,0.006562500000000003,21,12,0.5208776595744681,0.040597200715973884,-0.054374999999999986,0.7,0.1328125
relative_object_oracle_dynamic_slopes,374,direct_success,10.0,leave_one_level,0.1,0.1,-0.0125,-0.015,5,13,0.3848404255319149,-0.10372043120063941,-0.15624999999999997,-0.8999999999999998,-0.1640625
relative_object_oracle_dynamic_slopes,374,direct_success,10.0,leave_one_level,0.2,0.2,-0.0203125,-0.025312499999999995,12,25,0.3848404255319149,-0.10372043120063941,-0.26125,-0.8999999999999998,-0.1640625
relative_object_oracle_dynamic_slopes,374,direct_success,10.0,leave_one_level,0.3,0.3,-0.0296875,-0.0371875,17,36,0.3848404255319149,-0.10372043120063941,-0.3175,-0.8999999999999998,-0.1640625
relative_object_oracle_dynamic_slopes,374,direct_terminal_utility,0.01,leave_one_level,0.1,0.1,-0.009375,-0.011874999999999997,2,8,0.35638297872340424,-0.12398001869099784,-0.16312499999999996,-0.6,-0.0703125
relative_object_oracle_dynamic_slopes,374,direct_terminal_utility,0.01,leave_one_level,0.2,0.2,-0.0234375,-0.028437499999999987,9,24,0.35638297872340424,-0.12398001869099784,-0.3993749999999999,-0.6,-0.0703125
relative_object_oracle_dynamic_slopes,374,direct_terminal_utility,0.01,leave_one_level,0.3,0.3,-0.0484375,-0.055937499999999994,10,41,0.35638297872340424,-0.12398001869099784,-0.3749999999999999,-0.6,-0.0703125
relative_object_oracle_dynamic_slopes,374,direct_terminal_utility,0.1,leave_one_level,0.1,0.1,0.0125,0.009999999999999998,9,1,0.5162234042553191,0.0344031893218628,-0.011875,0.09999999999999999,0.1171875
relative_object_oracle_dynamic_slopes,374,direct_terminal_utility,0.1,leave_one_level,0.2,0.2,0.0171875,0.0121875,16,5,0.5162234042553191,0.0344031893218628,-0.03874999999999999,0.09999999999999999,0.1171875
relative_object_oracle_dynamic_slopes,374,direct_terminal_utility,0.1,leave_one_level,0.3,0.3,0.0109375,0.003437500000000003,21,14,0.5162234042553191,0.0344031893218628,-0.16812499999999997,0.09999999999999999,0.1171875
relative_object_oracle_dynamic_slopes,374,direct_terminal_utility,1.0,leave_one_level,0.1,0.1,0.00625,0.0037500000000000007,7,3,0.5204787234042553,0.052168417254584785,-0.05187499999999999,0.49999999999999994,0.1171875
relative_object_oracle_dynamic_slopes,374,direct_terminal_utility,1.0,leave_one_level,0.2,0.2,0.0171875,0.0121875,17,6,0.5204787234042553,0.052168417254584785,-0.038125,0.49999999999999994,0.1171875
relative_object_oracle_dynamic_slopes,374,direct_terminal_utility,1.0,leave_one_level,0.3,0.3,0.01875,0.011250000000000003,22,10,0.5204787234042553,0.052168417254584785,-0.053749999999999985,0.49999999999999994,0.1171875
relative_object_oracle_dynamic_slopes,374,direct_terminal_utility,10.0,leave_one_level,0.1,0.1,-0.0046875,-0.007187499999999997,7,10,0.37779255319148936,-0.1052727326704889,-0.18124999999999997,-0.8999999999999998,-0.203125
relative_object_oracle_dynamic_slopes,374,direct_terminal_utility,10.0,leave_one_level,0.2,0.2,-0.0234375,-0.028437499999999994,12,27,0.37779255319148936,-0.1052727326704889,-0.28874999999999995,-0.8999999999999998,-0.203125
relative_object_oracle_dynamic_slopes,374,direct_terminal_utility,10.0,leave_one_level,0.3,0.3,-0.0203125,-0.02781249999999999,20,33,0.37779255319148936,-0.1052727326704889,-0.31812499999999994,-0.8999999999999998,-0.203125
relative_object_oracle_dynamic_slopes,374,direct_grounded,0.01,leave_one_level,0.1,0.1,-0.00625,-0.008749999999999997,2,6,0.34747340425531914,-0.127404937807015,-0.10999999999999996,-0.6,-0.078125
relative_object_oracle_dynamic_slopes,374,direct_grounded,0.01,leave_one_level,0.2,0.2,-0.0234375,-0.028437499999999998,7,22,0.34747340425531914,-0.127404937807015,-0.3974999999999999,-0.6,-0.078125
relative_object_oracle_dynamic_slopes,374,direct_grounded,0.01,leave_one_level,0.3,0.3,-0.046875,-0.05437499999999999,10,40,0.34747340425531914,-0.127404937807015,-0.3749999999999999,-0.6,-0.078125
relative_object_oracle_dynamic_slopes,374,direct_grounded,0.1,leave_one_level,0.1,0.1,0.0109375,0.0084375,8,1,0.5110372340425532,0.03078361652946771,-0.011875,0.49999999999999994,0.0859375
relative_object_oracle_dynamic_slopes,374,direct_grounded,0.1,leave_one_level,0.2,0.2,0.0078125,0.0028125,12,7,0.5110372340425532,0.03078361652946771,-0.060624999999999984,0.49999999999999994,0.0859375
relative_object_oracle_dynamic_slopes,374,direct_grounded,0.1,leave_one_level,0.3,0.3,0.0046875,-0.0028124999999999956,19,16,0.5110372340425532,0.03078361652946771,-0.22187499999999996,0.49999999999999994,0.0859375
relative_object_oracle_dynamic_slopes,374,direct_grounded,1.0,leave_one_level,0.1,0.1,0.00625,0.003749999999999999,7,3,0.542154255319149,0.06555352680703834,-0.05187499999999999,0.6668859288553501,0.125
relative_object_oracle_dynamic_slopes,374,direct_grounded,1.0,leave_one_level,0.2,0.2,0.015625,0.010624999999999999,16,6,0.542154255319149,0.06555352680703834,-0.036250000000000004,0.6668859288553501,0.125
relative_object_oracle_dynamic_slopes,374,direct_grounded,1.0,leave_one_level,0.3,0.3,0.0203125,0.012812500000000001,21,8,0.542154255319149,0.06555352680703834,-0.041874999999999996,0.6668859288553501,0.125
relative_object_oracle_dynamic_slopes,374,direct_grounded,10.0,leave_one_level,0.1,0.1,-0.00625,-0.008749999999999999,7,11,0.3894946808510638,-0.09829230399734029,-0.18187499999999998,-0.9999999999999999,-0.1171875
relative_object_oracle_dynamic_slopes,374,direct_grounded,10.0,leave_one_level,0.2,0.2,-0.015625,-0.020624999999999994,13,23,0.3894946808510638,-0.09829230399734029,-0.26187499999999997,-0.9999999999999999,-0.1171875
relative_object_oracle_dynamic_slopes,374,direct_grounded,10.0,leave_one_level,0.3,0.3,-0.0328125,-0.04031249999999999,15,36,0.3894946808510638,-0.09829230399734029,-0.3424999999999999,-0.9999999999999999,-0.1171875
relative_object_oracle_dynamic_slopes,374,ridge_potential_success,0.01,leave_one_level,0.1,0.1,-0.0234375,-0.025937499999999992,6,21,0.3702127659574468,-0.12275596639432122,-0.19062499999999996,-0.3,-0.2109375
relative_object_oracle_dynamic_slopes,374,ridge_potential_success,0.01,leave_one_level,0.2,0.2,-0.0453125,-0.05031249999999998,9,38,0.3702127659574468,-0.12275596639432122,-0.24999999999999994,-0.3,-0.2109375
relative_object_oracle_dynamic_slopes,374,ridge_potential_success,0.01,leave_one_level,0.3,0.3,-0.0546875,-0.06218749999999999,14,49,0.3702127659574468,-0.12275596639432122,-0.3749999999999999,-0.3,-0.2109375
relative_object_oracle_dynamic_slopes,374,ridge_potential_success,0.1,leave_one_level,0.1,0.1,0.0109375,0.008437499999999997,10,3,0.411968085106383,-0.05548543039048365,-0.031875,-0.39999999999999997,-0.0625
relative_object_oracle_dynamic_slopes,374,ridge_potential_success,0.1,leave_one_level,0.2,0.2,0.0,-0.004999999999999999,11,11,0.411968085106383,-0.05548543039048365,-0.19374999999999998,-0.39999999999999997,-0.0625
relative_object_oracle_dynamic_slopes,374,ridge_potential_success,0.1,leave_one_level,0.3,0.3,-0.003125,-0.010624999999999999,16,18,0.411968085106383,-0.05548543039048365,-0.24812499999999998,-0.39999999999999997,-0.0625
relative_object_oracle_dynamic_slopes,374,ridge_potential_success,1.0,leave_one_level,0.1,0.1,0.0,-0.0024999999999999996,4,4,0.4348404255319149,-0.03575482940596185,-0.030624999999999996,-0.35909242322980395,-0.0546875
relative_object_oracle_dynamic_slopes,374,ridge_potential_success,1.0,leave_one_level,0.2,0.2,0.003125,-0.0018749999999999995,11,9,0.4348404255319149,-0.03575482940596185,-0.054374999999999986,-0.35909242322980395,-0.0546875
relative_object_oracle_dynamic_slopes,374,ridge_potential_success,1.0,leave_one_level,0.3,0.3,-0.0078125,-0.015312499999999996,16,21,0.4348404255319149,-0.03575482940596185,-0.15687499999999996,-0.35909242322980395,-0.0546875
relative_object_oracle_dynamic_slopes,374,ridge_potential_success,10.0,leave_one_level,0.1,0.1,-0.009375,-0.011875,7,13,0.35784574468085106,-0.13284781795590686,-0.20875,-0.8999999999999998,-0.1953125
relative_object_oracle_dynamic_slopes,374,ridge_potential_success,10.0,leave_one_level,0.2,0.2,-0.0203125,-0.025312499999999995,13,26,0.35784574468085106,-0.13284781795590686,-0.26187499999999997,-0.8999999999999998,-0.1953125
relative_object_oracle_dynamic_slopes,374,ridge_potential_success,10.0,leave_one_level,0.3,0.3,-0.0359375,-0.0434375,17,40,0.35784574468085106,-0.13284781795590686,-0.34312499999999996,-0.8999999999999998,-0.1953125
relative_object_oracle_dynamic_slopes,374,direct_success,0.01,leave_one_cell,0.1,0.1,-0.021875,-0.024374999999999994,7,21,0.3086436170212766,-0.17978320322326463,-0.3749999999999999,-0.9999999999999999,-0.3125
relative_object_oracle_dynamic_slopes,374,direct_success,0.01,leave_one_cell,0.2,0.2,-0.0453125,-0.050312499999999996,8,37,0.3086436170212766,-0.17978320322326463,-0.3749999999999999,-0.9999999999999999,-0.3125
relative_object_oracle_dynamic_slopes,374,direct_success,0.01,leave_one_cell,0.3,0.3,-0.0453125,-0.0528125,13,42,0.3086436170212766,-0.17978320322326463,-0.3749999999999999,-0.9999999999999999,-0.3125
relative_object_oracle_dynamic_slopes,374,direct_success,0.1,leave_one_cell,0.1,0.1,0.0,-0.0024999999999999996,4,4,0.41236702127659575,-0.06522499739542999,-0.029999999999999992,-0.35909242322980395,-0.1484375
relative_object_oracle_dynamic_slopes,374,direct_success,0.1,leave_one_cell,0.2,0.2,-0.0109375,-0.015937499999999993,8,15,0.41236702127659575,-0.06522499739542999,-0.21312499999999995,-0.35909242322980395,-0.1484375
relative_object_oracle_dynamic_slopes,374,direct_success,0.1,leave_one_cell,0.3,0.3,-0.00625,-0.013749999999999995,18,22,0.41236702127659575,-0.06522499739542999,-0.34562499999999996,-0.35909242322980395,-0.1484375
relative_object_oracle_dynamic_slopes,374,direct_success,1.0,leave_one_cell,0.1,0.1,0.0046875,0.0021874999999999998,7,4,0.44800531914893615,-0.03256424594038501,-0.030625000000000003,-0.10259783520851541,0.0
relative_object_oracle_dynamic_slopes,374,direct_success,1.0,leave_one_cell,0.2,0.2,0.0078125,0.002812500000000002,16,11,0.44800531914893615,-0.03256424594038501,-0.13124999999999998,-0.10259783520851541,0.0
relative_object_oracle_dynamic_slopes,374,direct_success,1.0,leave_one_cell,0.3,0.3,0.0,-0.007499999999999993,22,22,0.44800531914893615,-0.03256424594038501,-0.23937499999999998,-0.10259783520851541,0.0
relative_object_oracle_dynamic_slopes,374,direct_success,10.0,leave_one_cell,0.1,0.1,0.0015625,-0.0009374999999999984,7,6,0.4413563829787234,-0.05509889960613135,-0.10499999999999998,-0.39999999999999997,-0.0546875
relative_object_oracle_dynamic_slopes,374,direct_success,10.0,leave_one_cell,0.2,0.2,0.0015625,-0.0034374999999999987,15,14,0.4413563829787234,-0.05509889960613135,-0.23749999999999996,-0.39999999999999997,-0.0546875
relative_object_oracle_dynamic_slopes,374,direct_success,10.0,leave_one_cell,0.3,0.3,-0.00625,-0.013749999999999998,22,26,0.4413563829787234,-0.05509889960613135,-0.29187499999999994,-0.39999999999999997,-0.0546875
relative_object_oracle_dynamic_slopes,374,direct_terminal_utility,0.01,leave_one_cell,0.1,0.1,-0.01875,-0.021249999999999995,7,19,0.3160904255319149,-0.16655044918544445,-0.3749999999999999,-0.9999999999999999,-0.2265625
relative_object_oracle_dynamic_slopes,374,direct_terminal_utility,0.01,leave_one_cell,0.2,0.2,-0.03125,-0.03624999999999999,10,30,0.3160904255319149,-0.16655044918544445,-0.3749999999999999,-0.9999999999999999,-0.2265625
relative_object_oracle_dynamic_slopes,374,direct_terminal_utility,0.01,leave_one_cell,0.3,0.3,-0.0390625,-0.04656249999999999,14,39,0.3160904255319149,-0.16655044918544445,-0.3749999999999999,-0.9999999999999999,-0.2265625
relative_object_oracle_dynamic_slopes,374,direct_terminal_utility,0.1,leave_one_cell,0.1,0.1,0.003125,0.0006249999999999999,5,3,0.4283244680851064,-0.04784743416840586,-0.025625,-0.35909242322980395,-0.1171875
relative_object_oracle_dynamic_slopes,374,direct_terminal_utility,0.1,leave_one_cell,0.2,0.2,-0.009375,-0.014374999999999995,9,15,0.4283244680851064,-0.04784743416840586,-0.21125,-0.35909242322980395,-0.1171875
relative_object_oracle_dynamic_slopes,374,direct_terminal_utility,0.1,leave_one_cell,0.3,0.3,-0.0046875,-0.012187499999999995,17,20,0.4283244680851064,-0.04784743416840586,-0.2937499999999999,-0.35909242322980395,-0.1171875
relative_object_oracle_dynamic_slopes,374,direct_terminal_utility,1.0,leave_one_cell,0.1,0.1,0.0046875,0.0021875000000000006,8,5,0.4523936170212766,-0.026565298884416385,-0.05312499999999999,-0.3,-0.03125
relative_object_oracle_dynamic_slopes,374,direct_terminal_utility,1.0,leave_one_cell,0.2,0.2,0.003125,-0.0018749999999999978,14,12,0.4523936170212766,-0.026565298884416385,-0.15874999999999997,-0.3,-0.03125
relative_object_oracle_dynamic_slopes,374,direct_terminal_utility,1.0,leave_one_cell,0.3,0.3,-0.003125,-0.010624999999999997,21,23,0.4523936170212766,-0.026565298884416385,-0.29374999999999996,-0.3,-0.03125
relative_object_oracle_dynamic_slopes,374,direct_terminal_utility,10.0,leave_one_cell,0.1,0.1,-0.0015625,-0.004062499999999999,6,7,0.43470744680851064,-0.05646106467901251,-0.13124999999999998,-0.39999999999999997,-0.0859375
relative_object_oracle_dynamic_slopes,374,direct_terminal_utility,10.0,leave_one_cell,0.2,0.2,-0.003125,-0.008124999999999999,11,13,0.43470744680851064,-0.05646106467901251,-0.21312499999999995,-0.39999999999999997,-0.0859375
relative_object_oracle_dynamic_slopes,374,direct_terminal_utility,10.0,leave_one_cell,0.3,0.3,-0.0046875,-0.012187499999999999,21,24,0.43470744680851064,-0.05646106467901251,-0.31999999999999995,-0.39999999999999997,-0.0859375
relative_object_oracle_dynamic_slopes,374,direct_grounded,0.01,leave_one_cell,0.1,0.1,-0.0203125,-0.022812499999999993,6,19,0.31768617021276596,-0.16698328668523846,-0.3749999999999999,-0.8999999999999998,-0.1953125
relative_object_oracle_dynamic_slopes,374,direct_grounded,0.01,leave_one_cell,0.2,0.2,-0.03125,-0.03624999999999999,9,29,0.31768617021276596,-0.16698328668523846,-0.3749999999999999,-0.8999999999999998,-0.1953125
relative_object_oracle_dynamic_slopes,374,direct_grounded,0.01,leave_one_cell,0.3,0.3,-0.040625,-0.04812499999999999,13,39,0.31768617021276596,-0.16698328668523846,-0.3749999999999999,-0.8999999999999998,-0.1953125
relative_object_oracle_dynamic_slopes,374,direct_grounded,0.1,leave_one_cell,0.1,0.1,0.0015625,-0.0009374999999999996,5,4,0.4506648936170213,-0.033119460646003136,-0.02937499999999999,-0.49999999999999994,-0.0859375
relative_object_oracle_dynamic_slopes,374,direct_grounded,0.1,leave_one_cell,0.2,0.2,-0.009375,-0.014374999999999994,9,15,0.4506648936170213,-0.033119460646003136,-0.21312499999999995,-0.49999999999999994,-0.0859375
relative_object_oracle_dynamic_slopes,374,direct_grounded,0.1,leave_one_cell,0.3,0.3,-0.0125,-0.019999999999999997,14,22,0.4506648936170213,-0.033119460646003136,-0.31937499999999996,-0.49999999999999994,-0.0859375
relative_object_oracle_dynamic_slopes,374,direct_grounded,1.0,leave_one_cell,0.1,0.1,0.009375,0.006875000000000001,9,3,0.47845744680851066,-0.0032939180131383054,-0.02749999999999999,0.09999999999999999,0.015625
relative_object_oracle_dynamic_slopes,374,direct_grounded,1.0,leave_one_cell,0.2,0.2,0.0046875,-0.00031249999999999784,14,11,0.47845744680851066,-0.0032939180131383054,-0.105625,0.09999999999999999,0.015625
relative_object_oracle_dynamic_slopes,374,direct_grounded,1.0,leave_one_cell,0.3,0.3,0.003125,-0.004374999999999994,21,19,0.47845744680851066,-0.0032939180131383054,-0.24062499999999995,0.09999999999999999,0.015625
relative_object_oracle_dynamic_slopes,374,direct_grounded,10.0,leave_one_cell,0.1,0.1,0.0,-0.002499999999999999,7,7,0.4563829787234043,-0.03609963307105546,-0.12999999999999998,-0.39999999999999997,-0.0390625
relative_object_oracle_dynamic_slopes,374,direct_grounded,10.0,leave_one_cell,0.2,0.2,0.003125,-0.0018749999999999982,14,12,0.4563829787234043,-0.03609963307105546,-0.18562499999999998,-0.39999999999999997,-0.0390625
relative_object_oracle_dynamic_slopes,374,direct_grounded,10.0,leave_one_cell,0.3,0.3,-0.003125,-0.010624999999999999,21,23,0.4563829787234043,-0.03609963307105546,-0.34312499999999996,-0.39999999999999997,-0.0390625
relative_object_oracle_dynamic_slopes,374,ridge_potential_success,0.01,leave_one_cell,0.1,0.1,-0.0203125,-0.022812499999999996,6,19,0.40332446808510636,-0.09233958571174326,-0.21874999999999994,-0.49999999999999994,-0.171875
relative_object_oracle_dynamic_slopes,374,ridge_potential_success,0.01,leave_one_cell,0.2,0.2,-0.0296875,-0.034687499999999996,8,27,0.40332446808510636,-0.09233958571174326,-0.29687499999999994,-0.49999999999999994,-0.171875
relative_object_oracle_dynamic_slopes,374,ridge_potential_success,0.01,leave_one_cell,0.3,0.3,-0.0265625,-0.03406249999999999,13,30,0.40332446808510636,-0.09233958571174326,-0.29937499999999995,-0.49999999999999994,-0.171875
relative_object_oracle_dynamic_slopes,374,ridge_potential_success,0.1,leave_one_cell,0.1,0.1,-0.00625,-0.008749999999999999,3,7,0.46702127659574466,-0.023952728452863194,-0.053749999999999985,-0.19999999999999998,-0.0546875
relative_object_oracle_dynamic_slopes,374,ridge_potential_success,0.1,leave_one_cell,0.2,0.2,-0.0109375,-0.015937499999999993,10,17,0.46702127659574466,-0.023952728452863194,-0.23812499999999998,-0.19999999999999998,-0.0546875
relative_object_oracle_dynamic_slopes,374,ridge_potential_success,0.1,leave_one_cell,0.3,0.3,-0.0234375,-0.03093749999999999,14,29,0.46702127659574466,-0.023952728452863194,-0.39749999999999996,-0.19999999999999998,-0.0546875
relative_object_oracle_dynamic_slopes,374,ridge_potential_success,1.0,leave_one_cell,0.1,0.1,0.0015625,-0.0009374999999999994,7,6,0.48523936170212767,-0.005260788782301864,-0.05187499999999999,-0.44721359549995787,0.0
relative_object_oracle_dynamic_slopes,374,ridge_potential_success,1.0,leave_one_cell,0.2,0.2,-0.0046875,-0.009687499999999996,13,16,0.48523936170212767,-0.005260788782301864,-0.18437499999999998,-0.44721359549995787,0.0
relative_object_oracle_dynamic_slopes,374,ridge_potential_success,1.0,leave_one_cell,0.3,0.3,-0.0078125,-0.015312499999999996,21,26,0.48523936170212767,-0.005260788782301864,-0.26562499999999994,-0.44721359549995787,0.0
relative_object_oracle_dynamic_slopes,374,ridge_potential_success,10.0,leave_one_cell,0.1,0.1,-0.003125,-0.005624999999999997,6,8,0.419813829787234,-0.07574649826091379,-0.105625,-0.8999999999999998,-0.109375
relative_object_oracle_dynamic_slopes,374,ridge_potential_success,10.0,leave_one_cell,0.2,0.2,-0.0125,-0.017499999999999995,13,21,0.419813829787234,-0.07574649826091379,-0.21249999999999997,-0.8999999999999998,-0.109375
relative_object_oracle_dynamic_slopes,374,ridge_potential_success,10.0,leave_one_cell,0.3,0.3,-0.015625,-0.023124999999999996,25,35,0.419813829787234,-0.07574649826091379,-0.29374999999999996,-0.8999999999999998,-0.109375
relative_object_oracle_dynamic_slopes,374,direct_success,0.01,within_cell_grouped5,0.1,0.1,0.0140625,0.0115625,16,7,0.7558510638297873,0.2646267450946522,-0.05624999999999999,0.9999999999999999,0.3671875
relative_object_oracle_dynamic_slopes,374,direct_success,0.01,within_cell_grouped5,0.2,0.2,0.0296875,0.024687500000000008,29,10,0.7558510638297873,0.2646267450946522,-0.05187499999999999,0.9999999999999999,0.3671875
relative_object_oracle_dynamic_slopes,374,direct_success,0.01,within_cell_grouped5,0.3,0.3,0.040625,0.033125,39,13,0.7558510638297873,0.2646267450946522,-0.05687499999999999,0.9999999999999999,0.3671875
relative_object_oracle_dynamic_slopes,374,direct_success,0.1,within_cell_grouped5,0.1,0.1,0.0140625,0.0115625,14,5,0.7465425531914893,0.25108229877756866,-0.08249999999999999,0.9999999999999999,0.3828125
relative_object_oracle_dynamic_slopes,374,direct_success,0.1,within_cell_grouped5,0.2,0.2,0.0328125,0.0278125,29,8,0.7465425531914893,0.25108229877756866,-0.03125,0.9999999999999999,0.3828125
relative_object_oracle_dynamic_slopes,374,direct_success,0.1,within_cell_grouped5,0.3,0.3,0.034375,0.026875000000000003,37,15,0.7465425531914893,0.25108229877756866,-0.05687499999999999,0.9999999999999999,0.3828125
relative_object_oracle_dynamic_slopes,374,direct_success,1.0,within_cell_grouped5,0.1,0.1,0.0171875,0.014687499999999997,16,5,0.7603723404255319,0.2633138594335123,-0.08187499999999999,0.9746794344808964,0.390625
relative_object_oracle_dynamic_slopes,374,direct_success,1.0,within_cell_grouped5,0.2,0.2,0.0234375,0.018437500000000002,26,11,0.7603723404255319,0.2633138594335123,-0.054374999999999986,0.9746794344808964,0.390625
relative_object_oracle_dynamic_slopes,374,direct_success,1.0,within_cell_grouped5,0.3,0.3,0.0375,0.03,37,13,0.7603723404255319,0.2633138594335123,-0.057499999999999996,0.9746794344808964,0.390625
relative_object_oracle_dynamic_slopes,374,direct_success,10.0,within_cell_grouped5,0.1,0.1,0.01875,0.016249999999999997,17,5,0.777127659574468,0.2821796608951223,-0.059375,0.8999999999999998,0.4609375
relative_object_oracle_dynamic_slopes,374,direct_success,10.0,within_cell_grouped5,0.2,0.2,0.03125,0.026250000000000002,30,10,0.777127659574468,0.2821796608951223,-0.054374999999999986,0.8999999999999998,0.4609375
relative_object_oracle_dynamic_slopes,374,direct_success,10.0,within_cell_grouped5,0.3,0.3,0.0359375,0.028437499999999998,37,14,0.777127659574468,0.2821796608951223,-0.08249999999999999,0.8999999999999998,0.4609375
relative_object_oracle_dynamic_slopes,374,direct_terminal_utility,0.01,within_cell_grouped5,0.1,0.1,0.0140625,0.011562500000000003,16,7,0.7648936170212766,0.26690057928474664,-0.07999999999999999,0.9999999999999999,0.375
relative_object_oracle_dynamic_slopes,374,direct_terminal_utility,0.01,within_cell_grouped5,0.2,0.2,0.0296875,0.0246875,28,9,0.7648936170212766,0.26690057928474664,-0.034375,0.9999999999999999,0.375
relative_object_oracle_dynamic_slopes,374,direct_terminal_utility,0.01,within_cell_grouped5,0.3,0.3,0.0390625,0.03156250000000001,38,13,0.7648936170212766,0.26690057928474664,-0.05687499999999999,0.9999999999999999,0.375
relative_object_oracle_dynamic_slopes,374,direct_terminal_utility,0.1,within_cell_grouped5,0.1,0.1,0.0109375,0.0084375,13,6,0.7534574468085107,0.25445547451125744,-0.08187499999999999,0.9999999999999999,0.375
relative_object_oracle_dynamic_slopes,374,direct_terminal_utility,0.1,within_cell_grouped5,0.2,0.2,0.0296875,0.0246875,29,10,0.7534574468085107,0.25445547451125744,-0.03125,0.9999999999999999,0.375
relative_object_oracle_dynamic_slopes,374,direct_terminal_utility,0.1,within_cell_grouped5,0.3,0.3,0.0375,0.030000000000000006,37,13,0.7534574468085107,0.25445547451125744,-0.05749999999999998,0.9999999999999999,0.375
relative_object_oracle_dynamic_slopes,374,direct_terminal_utility,1.0,within_cell_grouped5,0.1,0.1,0.015625,0.013124999999999998,15,5,0.7680851063829788,0.2667104428877783,-0.08187499999999999,0.8999999999999998,0.3984375
relative_object_oracle_dynamic_slopes,374,direct_terminal_utility,1.0,within_cell_grouped5,0.2,0.2,0.025,0.020000000000000004,27,11,0.7680851063829788,0.2667104428877783,-0.054374999999999986,0.8999999999999998,0.3984375
relative_object_oracle_dynamic_slopes,374,direct_terminal_utility,1.0,within_cell_grouped5,0.3,0.3,0.034375,0.026875,34,12,0.7680851063829788,0.2667104428877783,-0.05812499999999998,0.8999999999999998,0.3984375
relative_object_oracle_dynamic_slopes,374,direct_terminal_utility,10.0,within_cell_grouped5,0.1,0.1,0.015625,0.013125000000000001,15,5,0.7811170212765958,0.2854916480258991,-0.08437499999999999,0.9999999999999999,0.4375
relative_object_oracle_dynamic_slopes,374,direct_terminal_utility,10.0,within_cell_grouped5,0.2,0.2,0.0265625,0.021562500000000002,27,10,0.7811170212765958,0.2854916480258991,-0.054374999999999986,0.9999999999999999,0.4375
relative_object_oracle_dynamic_slopes,374,direct_terminal_utility,10.0,within_cell_grouped5,0.3,0.3,0.0328125,0.025312500000000005,36,15,0.7811170212765958,0.2854916480258991,-0.08187499999999999,0.9999999999999999,0.4375
relative_object_oracle_dynamic_slopes,374,direct_grounded,0.01,within_cell_grouped5,0.1,0.1,0.015625,0.013125000000000001,17,7,0.7626329787234043,0.26635686310853474,-0.05625,0.9999999999999999,0.375
relative_object_oracle_dynamic_slopes,374,direct_grounded,0.01,within_cell_grouped5,0.2,0.2,0.028125,0.023125000000000003,27,9,0.7626329787234043,0.26635686310853474,-0.033749999999999995,0.9999999999999999,0.375
relative_object_oracle_dynamic_slopes,374,direct_grounded,0.01,within_cell_grouped5,0.3,0.3,0.0375,0.03,37,13,0.7626329787234043,0.26635686310853474,-0.05687499999999999,0.9999999999999999,0.375
relative_object_oracle_dynamic_slopes,374,direct_grounded,0.1,within_cell_grouped5,0.1,0.1,0.0109375,0.0084375,13,6,0.7492021276595745,0.25336927414412735,-0.08124999999999999,0.9999999999999999,0.359375
relative_object_oracle_dynamic_slopes,374,direct_grounded,0.1,within_cell_grouped5,0.2,0.2,0.0265625,0.021562500000000002,28,11,0.7492021276595745,0.25336927414412735,-0.05499999999999998,0.9999999999999999,0.359375
relative_object_oracle_dynamic_slopes,374,direct_grounded,0.1,within_cell_grouped5,0.3,0.3,0.034375,0.026875000000000003,36,14,0.7492021276595745,0.25336927414412735,-0.05749999999999998,0.9999999999999999,0.359375
relative_object_oracle_dynamic_slopes,374,direct_grounded,1.0,within_cell_grouped5,0.1,0.1,0.0140625,0.0115625,14,5,0.7658244680851064,0.2657490836970593,-0.08187499999999999,0.9746794344808964,0.3671875
relative_object_oracle_dynamic_slopes,374,direct_grounded,1.0,within_cell_grouped5,0.2,0.2,0.0203125,0.015312500000000001,25,12,0.7658244680851064,0.2657490836970593,-0.07999999999999999,0.9746794344808964,0.3671875
relative_object_oracle_dynamic_slopes,374,direct_grounded,1.0,within_cell_grouped5,0.3,0.3,0.034375,0.026875,36,14,0.7658244680851064,0.2657490836970593,-0.08374999999999998,0.9746794344808964,0.3671875
relative_object_oracle_dynamic_slopes,374,direct_grounded,10.0,within_cell_grouped5,0.1,0.1,0.0171875,0.014687500000000001,16,5,0.7787234042553192,0.2855335355258792,-0.06,0.8999999999999998,0.421875
relative_object_oracle_dynamic_slopes,374,direct_grounded,10.0,within_cell_grouped5,0.2,0.2,0.021875,0.016875,26,12,0.7787234042553192,0.2855335355258792,-0.08062499999999999,0.8999999999999998,0.421875
relative_object_oracle_dynamic_slopes,374,direct_grounded,10.0,within_cell_grouped5,0.3,0.3,0.03125,0.02375,35,15,0.7787234042553192,0.2855335355258792,-0.08374999999999999,0.8999999999999998,0.421875
relative_object_oracle_dynamic_slopes,374,ridge_potential_success,0.01,within_cell_grouped5,0.1,0.1,0.0140625,0.011562500000000003,17,8,0.7585771276595744,0.2768236499419434,-0.05312499999999999,0.9999999999999999,0.4609375
relative_object_oracle_dynamic_slopes,374,ridge_potential_success,0.01,within_cell_grouped5,0.2,0.2,0.0359375,0.0309375,33,10,0.7585771276595744,0.2768236499419434,-0.05312499999999999,0.9999999999999999,0.4609375
relative_object_oracle_dynamic_slopes,374,ridge_potential_success,0.01,within_cell_grouped5,0.3,0.3,0.04375,0.036250000000000004,41,13,0.7585771276595744,0.2768236499419434,-0.058124999999999996,0.9999999999999999,0.4609375
relative_object_oracle_dynamic_slopes,374,ridge_potential_success,0.1,within_cell_grouped5,0.1,0.1,0.0171875,0.014687499999999997,16,5,0.7567154255319148,0.26818192528686063,-0.033124999999999995,0.9999999999999999,0.4375
relative_object_oracle_dynamic_slopes,374,ridge_potential_success,0.1,within_cell_grouped5,0.2,0.2,0.0265625,0.021562500000000005,29,12,0.7567154255319148,0.26818192528686063,-0.055624999999999994,0.9999999999999999,0.4375
relative_object_oracle_dynamic_slopes,374,ridge_potential_success,0.1,within_cell_grouped5,0.3,0.3,0.0390625,0.0315625,39,14,0.7567154255319148,0.26818192528686063,-0.05187499999999999,0.9999999999999999,0.4375
relative_object_oracle_dynamic_slopes,374,ridge_potential_success,1.0,within_cell_grouped5,0.1,0.1,0.01875,0.01625,17,5,0.770345744680851,0.28054371350942864,-0.058124999999999996,0.8999999999999998,0.4609375
relative_object_oracle_dynamic_slopes,374,ridge_potential_success,1.0,within_cell_grouped5,0.2,0.2,0.0328125,0.0278125,31,10,0.770345744680851,0.28054371350942864,-0.05499999999999998,0.8999999999999998,0.4609375
relative_object_oracle_dynamic_slopes,374,ridge_potential_success,1.0,within_cell_grouped5,0.3,0.3,0.0375,0.03,36,12,0.770345744680851,0.28054371350942864,-0.05812499999999998,0.8999999999999998,0.4609375
relative_object_oracle_dynamic_slopes,374,ridge_potential_success,10.0,within_cell_grouped5,0.1,0.1,0.0203125,0.017812500000000002,20,7,0.7847074468085107,0.30147682890822647,-0.05312499999999999,0.9999999999999999,0.515625
relative_object_oracle_dynamic_slopes,374,ridge_potential_success,10.0,within_cell_grouped5,0.2,0.2,0.034375,0.029375000000000002,32,10,0.7847074468085107,0.30147682890822647,-0.05499999999999999,0.9999999999999999,0.515625
relative_object_oracle_dynamic_slopes,374,ridge_potential_success,10.0,within_cell_grouped5,0.3,0.3,0.0390625,0.03156250000000001,39,14,0.7847074468085107,0.30147682890822647,-0.08374999999999998,0.9999999999999999,0.515625
